id,name
1,"Milk, NFS"
2,"Milk, whole"
3,"Milk, reduced fat (2%)"
4,"Milk, low fat (1%)"
5,"Milk, fat free (skim)"
6,"Milk, lactose free, low fat (1%)"
7,"Milk, lactose free, fat free (skim)"
8,"Milk, lactose free, reduced fat (2%)"
9,"Milk, lactose free, whole"
10,Buttermilk
11,Kefir
12,Goat milk
13,"Milk, dry, reconstituted, nonfat"
14,"Milk, dry, reconstituted, whole"
15,"Milk, evaporated, NS as to fat content"
16,"Milk, evaporated, whole"
17,"Milk, evaporated, reduced fat (2%)"
18,"Milk, evaporated, fat free (skim)"
19,"Milk, condensed, sweetened"
20,"Non-dairy milk, NFS"
21,"Soy milk, sweetened"
22,"Soy milk, unsweetened"
23,"Soy milk, chocolate"
24,"Almond milk, sweetened"
25,"Almond milk, chocolate"
26,"Almond milk, unsweetened"
27,"Almond milk, NFS"
28,Rice milk
29,Oat milk
30,Coconut milk
31,"Yogurt, NFS"
32,"Yogurt, Greek, NS as to type of milk or flavor"
33,"Yogurt, NS as to type of milk or flavor"
34,"Yogurt, NS as to type of milk, plain"
35,"Yogurt, whole milk, plain"
36,"Yogurt, low fat milk, plain"
37,"Yogurt, nonfat milk, plain"
38,"Yogurt, Greek, NS as to type of milk, plain"
39,"Yogurt, Greek, whole milk, plain"
40,"Yogurt, Greek, low fat milk, plain"
41,"Yogurt, Greek, nonfat milk, plain"
42,"Yogurt, NS as to type of milk, fruit"
43,"Yogurt, whole milk, fruit"
44,"Yogurt, low fat milk, fruit"
45,"Yogurt, nonfat milk, fruit"
46,"Yogurt, Greek, NS as to type of milk, fruit"
47,"Yogurt, Greek, whole milk, fruit"
48,"Yogurt, Greek, low fat milk, fruit"
49,"Yogurt, Greek, nonfat milk, fruit"
50,"Yogurt, NS as to type of milk, flavors other than fruit"
51,"Yogurt, whole milk, flavors other than fruit"
52,"Yogurt, low fat milk, flavors other than fruit"
53,"Yogurt, nonfat milk, flavors other than fruit"
54,"Yogurt, Greek, NS as to type of milk, flavors other than fruit"
55,"Yogurt, Greek, whole milk, flavors other than fruit"
56,"Yogurt, Greek, low fat milk, flavors other than fruit"
57,"Yogurt, Greek, nonfat milk, flavors other than fruit"
58,"Yogurt, Greek, with oats"
59,"Yogurt, liquid"
60,Yogurt tube
61,"Chipotle dip, yogurt based"
62,"Onion dip, yogurt based"
63,"Ranch dip, yogurt based"
64,"Spinach dip, yogurt based"
65,Tzatziki dip
66,"Vegetable dip, yogurt based"
67,"Yogurt parfait, with fruit"
68,"Frozen yogurt, NFS"
69,"Frozen yogurt, vanilla"
70,"Frozen yogurt, chocolate"
71,"Frozen yogurt, soft serve, vanilla"
72,"Frozen yogurt, soft serve, chocolate"
73,Frozen yogurt sandwich
74,"Frozen yogurt bar, vanilla"
75,"Frozen yogurt bar, chocolate"
76,"Frozen yogurt cone, chocolate"
77,"Frozen yogurt cone, vanilla"
78,"Frozen yogurt cone, vanilla, waffle cone"
79,"Frozen yogurt cone, chocolate, waffle cone"
80,"Baby Toddler food, NFS"
81,"Baby Toddler yogurt, plain"
82,"Baby Toddler yogurt, with fruit"
83,"Chocolate milk, NFS"
84,"Chocolate milk, whole"
85,"Chocolate milk, reduced fat (2%)"
86,"Chocolate milk, fat free (skim)"
87,"Chocolate milk, low fat (1%)"
88,"Chocolate milk, reduced sugar, NFS"
89,"Hot chocolate / cocoa, NFS"
90,"Hot chocolate / cocoa, made with whole or reduced fat (2%) milk"
91,"Hot chocolate / cocoa, made with lowfat (1%) or fat free (skim) milk"
92,"Hot chocolate / cocoa, made with non-dairy milk"
93,"Hot chocolate / cocoa, with whipped cream"
94,"Chocolate milk, Nesquik, NS as to type of milk"
95,"Chocolate milk, Nesquik, made with non-dairy milk"
96,"Chocolate milk, reduced sugar, whole"
97,"Chocolate milk, reduced sugar, reduced fat (2%)"
98,"Chocolate milk, reduced sugar, low fat (1%)"
99,"Chocolate milk, reduced sugar, fat free (skim)"
100,"Hot chocolate / cocoa, dry mix, made with water"
101,"Hot chocolate / cocoa, dry mix, made with whole or reduced fat (2%) milk"
102,"Hot chocolate / cocoa, dry mix, made with lowfat (1%) or fat free (skim) milk"
103,"Hot chocolate / cocoa, dry mix , made with non-dairy milk"
104,"Hot chocolate / cocoa, dry mix, made with water, with whipped cream"
105,"Hot chocolate / cocoa, dry mix, reduced sugar, made with water"
106,"Hot chocolate / cocoa, dry mix, reduced sugar, made with whole or reduced fat (2%) milk"
107,"Hot chocolate / cocoa, reduced sugar, made with non-dairy milk"
108,"Hot chocolate / cocoa, reduced sugar, made with whole or reduced fat (2%) milk"
109,"Hot chocolate / cocoa, dry mix, reduced sugar, made with lowfat (1%) or fat free (skim) milk"
110,"Hot chocolate / cocoa, reduced sugar, made with lowfat (1%) or fat free (skim) milk"
111,"Hot chocolate / cocoa, dry mix, reduced sugar, made with non-dairy milk"
112,"Strawberry milk, NFS"
113,"Strawberry milk, whole"
114,"Strawberry milk, reduced fat (2%)"
115,"Strawberry milk, low fat (1%)"
116,"Strawberry milk, fat free  (skim)"
117,"Strawberry milk, reduced sugar"
118,"Milk, malted"
119,"Milk shake, home recipe, chocolate"
120,"Milk shake, home recipe, flavors other than chocolate"
121,"Milk shake, home recipe, chocolate, light"
122,"Milk shake, home recipe, flavors other than chocolate, light"
123,Milk shake with malt
124,"Milk shake, fast food, chocolate"
125,"Milk shake, fast food, flavors other than chocolate"
126,"Milk shake, bottled, chocolate"
127,"Milk shake, bottled, flavors other than chocolate"
128,Licuado or Batido
129,"Fruit smoothie, NFS"
130,"Fruit smoothie, with whole fruit and dairy"
131,"Fruit smoothie, with whole fruit and dairy, added protein"
132,"Fruit smoothie juice drink, with dairy"
133,Chocolate milk drink
134,"Infant formula, NFS"
135,"Infant formula, Similac, NFS"
136,"Infant formula, Similac Alimentum, ready-to-feed"
137,"Infant formula, Similac Alimentum, powder, made with water"
138,"Infant formula, Similac Advance, ready-to-feed"
139,"Infant formula, Similac Advance, powder, made with tap water"
140,"Infant formula, Similac Advance, powder, made with bottled water"
141,"Infant formula, Similac Advance, powder, made with baby water"
142,"Infant formula, Similac Sensitive, ready-to-feed"
143,"Infant formula, Similac Sensitive, powder, made with tap water"
144,"Infant formula, Similac Sensitive, powder, made with bottled water"
145,"Infant formula, Similac Sensitive, powder, made with baby water"
146,"Infant formula, Similac for Spit-Up, ready-to-feed"
147,"Infant formula, Similac for Spit-Up, powder, made with water"
148,"Toddler formula, Similac Go and Grow"
149,"Infant formula, Enfamil, NFS"
150,"Infant formula, Enfamil Infant, ready-to-feed"
151,"Infant formula, Enfamil Infant, powder, made with tap water"
152,"Infant formula, Enfamil Infant, powder, made with bottled water"
153,"Infant formula, Enfamil Infant, powder, made with baby water"
154,"Infant formula, Enfamil AR, ready-to-feed"
155,"Infant formula, Enfamil AR, powder, made with water"
156,"Infant formula, Enfamil Gentlease, ready-to-feed"
157,"Infant formula, Enfamil Gentlease, powder, made with tap water"
158,"Infant formula, Enfamil Gentlease, powder, made with bottled water"
159,"Infant formula, Enfamil Gentlease, powder, made with baby water"
160,"Toddler formula, Enfamil Enfagrow"
161,"Toddler formula, PediaSure"
162,"Toddler formula, Nido Kinder"
163,"Toddler formula, store brand, beginning or next stage"
164,"Toddler formula, store brand, pediatric shake"
165,"Infant formula, Gerber, NFS"
166,"Infant formula, Gerber Good Start Gentle, Stage 1, ready-to-feed"
167,"Infant formula, Gerber Good Start Gentle, Stage 1, powder, made with tap water"
168,"Infant formula, Gerber Good Start Gentle, Stage 1, powder, made with bottled water"
169,"Infant formula, Gerber Good Start Gentle, Stage 1, powder, made with baby water"
170,"Infant formula, Gerber Good Start Gentle, Stage 2"
171,"Toddler formula, Gerber Good Start, Stage 3"
172,"Infant formula, premature, powder, made with water"
173,"Infant formula, premature, ready-to-feed"
174,"Infant formula, organic, powder, made with water"
175,"Infant formula, organic, ready-to-feed"
176,"Infant formula, store brand, advantage or tender, powder, made with tap water"
177,"Infant formula, store brand, advantage or tender, powder, made with bottled water"
178,"Infant formula, store brand, advantage or tender, powder, made with baby water"
179,"Infant formula, store brand, gentle or sensitivity"
180,"Infant formula, store brand, added rice"
181,"Infant formula, Enfamil ProSobee, ready-to-feed"
182,"Infant formula, Enfamil ProSobee, powder, made with tap water"
183,"Infant formula, Enfamil ProSobee, powder, made with bottled water"
184,"Infant formula, Enfamil ProSobee, powder, made with baby water"
185,"Infant formula, Similac Isomil Soy, ready-to-feed"
186,"Infant formula, Similac Isomil Soy, powder, made with tap water"
187,"Infant formula, Similac Isomil Soy, powder, made with bottled water"
188,"Infant formula, Similac Isomil Soy, powder, made with baby water"
189,"Infant formula, Similac for Diarrhea"
190,"Infant formula, Gerber Good Start Soy, Stage 1, ready-to-feed"
191,"Infant formula, Gerber Good Start Soy, Stage 1, powder, made with tap water"
192,"Infant formula, Gerber Good Start Soy, Stage 1, powder, made with bottled water"
193,"Infant formula, Gerber Good Start Soy, Stage 1, powder, made with baby water"
194,"Infant formula, store brand, soy"
195,"Infant formula, Enfamil Nutramigen, ready-to-feed"
196,"Infant formula, Enfamil Nutramigen, powder, made with water"
197,"Infant formula, Enfamil Pregestimil, ready-to-feed"
198,"Infant formula, Enfamil Pregestimil, powder, made with water"
199,"Infant formula, amino acids"
200,"Infant formula, low iron"
201,"Milk, dry, not reconstituted"
202,"Whey, sweet, dry"
203,"Cocoa powder, not reconstituted"
204,"Chocolate beverage powder, dry mix, not reconstituted"
205,"Chocolate beverage powder, light, dry mix, not reconstituted"
206,"Milk, malted, dry mix, not reconstituted"
207,"Strawberry beverage powder, dry mix, not reconstituted"
208,"Cream, NS as to light, heavy, or half and half"
209,"Cream, light"
210,"Cream, half and half"
211,"Cream, half and half, flavored"
212,"Cream, heavy"
213,"Cream, whipped"
214,"Coffee creamer, NFS"
215,"Coffee creamer, liquid"
216,"Coffee creamer, liquid, flavored"
217,"Coffee creamer, liquid, fat free"
218,"Coffee creamer, liquid, fat free, flavored"
219,"Coffee creamer, liquid, fat free, sugar free, flavored"
220,"Coffee creamer, liquid, sugar free, flavored"
221,"Coffee creamer, powder"
222,"Coffee creamer, powder, flavored"
223,"Coffee creamer, powder, fat free"
224,"Coffee creamer,powder, sugar free, flavored"
225,"Coffee creamer, soy, liquid"
226,Whipped topping
227,"Whipped topping, fat free"
228,"Whipped topping, sugar free"
229,"Sour cream, regular"
230,"Sour cream, imitation"
231,"Dip, NFS"
232,"Chipotle dip, regular"
233,"Chipotle dip, light"
234,"Onion dip, regular"
235,"Onion dip, light"
236,"Ranch dip, regular"
237,"Ranch dip, light"
238,"Spinach dip, regular"
239,"Spinach dip, light"
240,"Vegetable dip, regular"
241,"Vegetable dip, light"
242,"Ice cream, NFS"
243,"Ice cream, vanilla"
244,"Ice cream, vanilla, with additional ingredients"
245,"Ice cream, chocolate"
246,"Ice cream, chocolate, with additional ingredients"
247,"Ice cream, soft serve, vanilla"
248,"Gelato, vanilla"
249,"Gelato, chocolate"
250,"Ice cream bar, vanilla"
251,"Ice cream bar, vanilla, chocolate coated"
252,Ice cream candy bar
253,"Ice cream bar, chocolate"
254,"Ice cream sandwich, vanilla"
255,"Ice cream sandwich, chocolate"
256,"Ice cream cone, scooped, vanilla"
257,"Ice cream cone, scooped, vanilla, waffle cone"
258,"Ice cream cone, NFS"
259,"Ice cream cone, scooped, chocolate"
260,"Ice cream cone, scooped, chocolate, waffle cone"
261,"Ice cream cone, soft serve, vanilla"
262,"Ice cream cone, soft serve, chocolate"
263,"Ice cream cone, soft serve, vanilla, waffle cone"
264,"Ice cream cone, soft serve, chocolate, waffle cone"
265,"Ice cream cone, vanilla, prepackaged"
266,"Ice cream cone, chocolate, prepackaged"
267,"Ice cream soda, flavors other than chocolate"
268,"Ice cream soda, chocolate"
269,"Ice cream sundae, NFS"
270,"Ice cream sundae, fruit topping"
271,Banana split
272,"Ice cream sundae, hot fudge topping"
273,"Ice cream sundae, caramel topping"
274,"Ice cream, fried"
275,"Light ice cream, NFS"
276,"Light ice cream, vanilla"
277,"Light ice cream, chocolate"
278,"Soft serve, blended with candy or cookies, from fast food"
279,"Light ice cream sandwich, vanilla"
280,"Light ice cream sandwich, chocolate"
281,"Light ice cream bar, vanilla"
282,"Light ice cream bar, vanilla, chocolate coated"
283,"Light ice cream bar, chocolate"
284,Creamsicle
285,Fudgesicle
286,"Light ice cream cone, vanilla, prepackaged"
287,"Light ice cream cone, chocolate, prepackaged"
288,"Sherbet, all flavors"
289,"Fudgesicle, light"
290,"Pudding, chocolate, NFS"
291,"Pudding, bread"
292,"Pudding, flavors other than chocolate, NFS"
293,Custard
294,Flan
295,Creme brulee
296,"Pudding, rice"
297,"Firni, Indian pudding"
298,"Pudding, tapioca, made from dry mix"
299,"Pudding, flavors other than chocolate, made from dry mix"
300,"Pudding, chocolate, made from dry mix"
301,"Pudding, flavors other than chocolate, made from dry mix, sugar free"
302,"Pudding, chocolate, made from dry mix, sugar free"
303,"Pudding, flavors other than chocolate, ready-to-eat"
304,"Pudding, flavors other than chocolate, ready-to-eat, sugar free"
305,"Pudding, chocolate, ready-to-eat"
306,"Pudding, chocolate, ready-to-eat, sugar free"
307,"Pudding, tapioca, ready-to-eat"
308,Banana pudding
309,Mousse
310,Dulce de leche
311,"Barfi or Burfi, Indian dessert"
312,Trifle
313,Tiramisu
314,White sauce or gravy
315,"Cheese, NFS"
316,"Cheese, Blue or Roquefort"
317,"Cheese, Brick"
318,"Cheese, Camembert"
319,"Cheese, Brie"
320,"Cheese, Cheddar"
321,"Cheese, Cheddar, reduced fat"
322,"Cheese, Cheddar, nonfat or fat free"
323,"Cheese, Colby"
324,"Cheese, Colby Jack"
325,"Cheese, Feta"
326,"Cheese, Fontina"
327,"Cheese, goat"
328,"Cheese, Gouda or Edam"
329,"Cheese, Gruyere"
330,"Cheese, Limburger"
331,"Cheese, Monterey"
332,"Cheese, Monterey, reduced fat"
333,"Cheese, Mozzarella, NFS"
334,"Cheese, Mozzarella, part skim"
335,"Cheese, Mozzarella, reduced sodium"
336,"Cheese, Mozzarella, nonfat or fat free"
337,"Cheese, Muenster"
338,"Cheese, Muenster, reduced fat"
339,"Cheese, Parmesan, dry grated"
340,"Cheese, Parmesan, dry grated, reduced fat"
341,"Cheese, Parmesan, hard"
342,"Cheese, Parmesan, dry grated, fat free"
343,"Cheese, Port du Salut"
344,"Cheese, Provolone"
345,"Cheese, Swiss"
346,"Cheese, Swiss, reduced sodium"
347,"Cheese, Swiss, reduced fat"
348,"Cheese, Cheddar, reduced sodium"
349,"Cheese, paneer"
350,"Cheese, Mexican blend, reduced fat"
351,"Queso Anejo, aged Mexican cheese"
352,Queso Asadero
353,Queso Fresco
354,Queso cotija
355,"Cheese, cottage, NFS"
356,"Cottage cheese, farmer's"
357,"Cheese, Ricotta"
358,"Cheese, cottage, with fruit"
359,"Cheese, cottage, dry curd"
360,"Cheese, cottage, salted, dry curd"
361,Puerto Rican white cheese
362,"Cheese, cottage, low fat"
363,"Cheese, cottage, lowfat, with fruit"
364,"Cheese, cottage, lowfat, low sodium"
365,"Cheese, cottage, lowfat, lactose reduced"
366,"Cream cheese, regular, plain"
367,"Cream cheese, regular, flavored"
368,"Cream cheese, light"
369,"Cheese, American and Swiss blends"
370,"Cheese, American"
371,"Cheese, American, reduced fat"
372,"Cheese, American, reduced sodium"
373,"Cream cheese, fat free"
374,"Cheese, processed cheese food"
375,"Cheese, processed, with vegetables"
376,"Cheese,  with wine"
377,"Cheese spread, American or Cheddar cheese base"
378,"Cheese spread, Swiss cheese base"
379,"Cheese spread, cream cheese"
380,"Cheese spread, pressurized can"
381,Imitation cheese
382,"Cheese, cottage cheese, with gelatin dessert"
383,"Cheese, cottage cheese, with gelatin dessert and fruit"
384,"Cheese, cottage cheese, with gelatin dessert and vegetables"
385,Cheese ball
386,Artichoke dip
387,Spinach and artichoke dip
388,Seafood dip
389,Cheese dip with chili pepper
390,Cheese dip
391,Topping from cheese pizza
392,Topping from vegetable pizza
393,Topping from meat pizza
394,Topping from meat and vegetable pizza
395,Cheese fondue
396,Cheese souffle
397,Welsh rarebit
398,"Cheese sandwich, NFS"
399,"Cheese sandwich, American cheese, on white bread"
400,"Cheese sandwich, American cheese, on wheat bread"
401,"Cheese sandwich, cheddar cheese, on white bread"
402,"Cheese sandwich, cheddar cheese, on wheat bread"
403,"Cheese sandwich, reduced fat cheese, on white bread"
404,"Cheese sandwich, reduced fat cheese, on wheat bread"
405,"Grilled cheese sandwich, NFS"
406,"Grilled cheese sandwich, American cheese, on white bread"
407,"Grilled cheese sandwich, American cheese, on wheat bread"
408,"Grilled cheese sandwich, cheddar cheese, on white bread"
409,"Grilled cheese sandwich, cheddar cheese, on wheat bread"
410,"Grilled cheese sandwich, reduced fat cheese, on white bread"
411,"Grilled cheese sandwich, reduced fat cheese, on wheat bread"
412,Cheese sauce
413,Alfredo sauce
414,Alfredo sauce with added vegetables
415,Alfredo sauce with meat
416,Alfredo sauce with meat and added vegetables
417,Alfredo sauce with poultry
418,Alfredo sauce with poultry and added vegetables
419,Alfredo sauce with seafood
420,Alfredo sauce with seafood and added vegetables
421,"Mozzarella sticks, breaded, baked, or fried"
422,"Mozzarella cheese, tomato, and basil, with oil and vinegar dressing"
423,"Meat, NFS"
424,"Meat, ground, NFS"
425,"Baby Toddler meat, NFS"
426,"Beef, NFS"
427,"Steak, NS as to type of meat, NS as to fat eaten"
428,"Beef, steak, NFS"
429,"Beef, steak, chuck"
430,"Beef, steak, cube"
431,"Beef, steak, flank"
432,"Beef, steak, ribeye, NS as to fat eaten"
433,"Beef, steak, ribeye, lean and fat eaten"
434,"Beef, steak, ribeye, lean only eaten"
435,"Beef, steak, round"
436,"Beef, steak, sirloin, NS as to fat eaten"
437,"Beef, steak, sirloin, lean and fat eaten"
438,"Beef, steak, sirloin, lean only eaten"
439,"Beef, steak, strip, NS as to fat eaten"
440,"Beef, steak, strip, lean and fat eaten"
441,"Beef, steak, strip, lean only eaten"
442,"Beef, steak, T-bone, NS as to fat eaten"
443,"Beef, steak, T-bone,  lean and fat eaten"
444,"Beef, steak, T-bone, lean only eaten"
445,"Beef, steak, tenderloin"
446,"Beef, steak, country fried"
447,"Beef, oxtails"
448,"Beef, neck bones"
449,"Beef, shortribs"
450,"Beef, cow head"
451,"Beef, roast"
452,"Beef, pot roast"
453,"Beef, stew meat"
454,"Beef, corned"
455,"Beef, brisket"
456,"Beef, sandwich steak"
457,"Beef, ground, raw"
458,"Beef, ground"
459,"Beef, ground, patty"
460,"Beef, bacon, cooked"
461,"Beef, bacon, reduced sodium, cooked"
462,"Beef, dried, chipped, uncooked"
463,"Beef, dried, chipped, cooked in fat"
464,Beef jerky
465,Baby Toddler beef
466,"Pork, NFS"
467,"Pork, ground"
468,"Pork, carnitas"
469,Pork jerky
470,"Pork, chop, NS as to fat eaten"
471,"Pork, chop, lean and fat eaten"
472,"Pork, chop, lean only eaten"
473,"Pork, chop, coated, NS as to fat eaten"
474,"Pork, chop, coated, lean and fat eaten"
475,"Pork, chop, coated, lean only eaten"
476,"Pork, chop, stuffed"
477,"Pork, steak, NS as to fat eaten"
478,"Pork, steak, lean and fat eaten"
479,"Pork, steak, lean only eaten"
480,"Pork, steak, coated"
481,"Pork, tenderloin"
482,Ham
483,"Ham, prosciutto"
484,"Ham, canned"
485,"Ham, ground"
486,"Pork, roast"
487,"Pork, roll"
488,"Canadian bacon, cooked"
489,"Bacon, NS as to type of meat, cooked"
490,"Bacon, NS as to type of meat, reduced sodium, cooked"
491,"Pork bacon, NS as to fresh, smoked or cured, cooked"
492,"Pork bacon, NS as to fresh, smoked or cured, reduced sodium, cooked"
493,"Pork bacon, smoked or cured, cooked"
494,"Bacon or side pork, fresh, cooked"
495,"Pork bacon, smoked or cured, reduced sodium, cooked"
496,"Fat back, cooked"
497,"Ribs, NFS"
498,"Pork, ribs"
499,"Pork, cracklings"
500,"Pork, ears"
501,"Pork, bones"
502,"Pork, pig's feet"
503,"Pork, pig's feet, pickled"
504,"Pork, ham hocks"
505,"Pork, belly"
506,Pork skin rinds
507,Baby Toddler ham
508,Baby Toddler meat stick
509,"Lamb, NS as to cut"
510,"Lamb, chop"
511,"Lamb, ground"
512,Goat
513,"Veal, chop"
514,"Veal, ground"
515,Mock chicken legs
516,Rabbit
517,"Venison, NFS"
518,"Venison, steak"
519,Venison/deer jerky
520,Venison sausage
521,Moose
522,Bear
523,Caribou
524,Bison
525,Groundhog
526,Opossum
527,Squirrel
528,Beaver
529,Raccoon
530,Armadillo
531,Wild pig
532,Ostrich
533,"Chicken, NS as to part and cooking method, NS as to skin eaten"
534,"Chicken, NS as to part and cooking method, skin eaten"
535,"Chicken, NS as to part and cooking method, skin not eaten"
536,"Chicken, NS as to part, baked, broiled, or roasted, NS as to skin eaten"
537,"Chicken, NS as to part, baked, broiled, or roasted, skin eaten"
538,"Chicken, NS as to part, baked, broiled, or roasted, skin not eaten"
539,"Chicken, NS as to part, rotisserie, NS as to skin eaten"
540,"Chicken, NS as to part, rotisserie, skin eaten"
541,"Chicken, NS as to part, rotisserie, skin not eaten"
542,"Chicken, NS as to part, stewed, NS as to skin eaten"
543,"Chicken, NS as to part, stewed, skin eaten"
544,"Chicken, NS as to part, stewed, skin not eaten"
545,"Chicken, NS as to part, grilled without sauce, NS as to skin eaten"
546,"Chicken, NS as to part, grilled without sauce, skin eaten"
547,"Chicken, NS as to part, grilled without sauce, skin not eaten"
548,"Chicken, NS as to part, grilled with sauce, NS as to skin eaten"
549,"Chicken, NS as to part, grilled with sauce, skin eaten"
550,"Chicken, NS as to part, grilled with sauce, skin not eaten"
551,"Chicken, NS as to part, sauteed, skin eaten"
552,"Chicken, NS as to part, sauteed, skin not eaten"
553,"Chicken, NS as to part, fried, coated, skin / coating eaten"
554,"Chicken, NS as to part, fried, coated, skin / coating not eaten"
555,"Chicken, NS as to part, baked, coated, skin / coating eaten"
556,"Chicken, NS as to part, baked, coated, skin / coating not eaten"
557,"Chicken breast, NS as to cooking method, skin eaten"
558,"Chicken breast, NS as to cooking method, skin not eaten"
559,"Chicken breast, baked, broiled, or roasted, skin eaten, from raw"
560,"Chicken breast, baked, broiled, or roasted, skin not eaten, from raw"
561,"Chicken breast, baked or broiled, skin eaten, from pre-cooked"
562,"Chicken breast, baked or broiled, skin not eaten, from pre-cooked"
563,"Chicken breast, baked or broiled, skin eaten, from fast food / restaurant"
564,"Chicken breast, baked or broiled, skin not eaten, from fast food / restaurant"
565,"Chicken breast, baked, broiled, or roasted with marinade, skin eaten, from raw"
566,"Chicken breast, baked, broiled, or roasted with marinade, skin not eaten, from raw"
567,"Chicken breast, rotisserie, skin eaten"
568,"Chicken breast, rotisserie, skin not eaten"
569,"Chicken breast, stewed, skin eaten"
570,"Chicken breast, stewed, skin not eaten"
571,"Chicken breast, grilled without sauce, skin eaten"
572,"Chicken breast, grilled without sauce, skin not eaten"
573,"Chicken breast, grilled with sauce, skin eaten"
574,"Chicken breast, grilled with sauce, skin not eaten"
575,"Chicken breast, sauteed, skin eaten"
576,"Chicken breast, sauteed, skin not eaten"
577,"Chicken breast, fried, coated, skin / coating eaten, from raw"
578,"Chicken breast, fried, coated, skin / coating not eaten, from raw"
579,"Chicken breast, fried, coated, prepared skinless, coating eaten, from raw"
580,"Chicken breast, fried, coated, skin / coating eaten, from pre-cooked"
581,"Chicken breast, fried, coated, skin / coating not eaten, from pre-cooked"
582,"Chicken breast, fried, coated, skin / coating eaten, from fast food / restaurant"
583,"Chicken breast, fried, coated, skin / coating not eaten, from fast food / restaurant"
584,"Chicken breast, baked, coated, skin / coating eaten"
585,"Chicken breast, baked, coated, skin / coating not eaten"
586,"Chicken leg, drumstick and thigh, NS as to cooking method, skin eaten"
587,"Chicken leg, drumstick and thigh, NS as to cooking method, skin not eaten"
588,"Chicken leg, drumstick and thigh, baked or broiled, skin eaten"
589,"Chicken leg, drumstick and thigh, baked or broiled, skin not eaten"
590,"Chicken leg, drumstick and thigh, rotisserie, skin eaten"
591,"Chicken leg, drumstick and thigh, rotisserie, skin not eaten"
592,"Chicken leg, drumstick and thigh, stewed, skin eaten"
593,"Chicken leg, drumstick and thigh, stewed, skin not eaten"
594,"Chicken leg, drumstick and thigh, grilled without sauce, skin eaten"
595,"Chicken leg, drumstick and thigh, grilled without sauce, skin not eaten"
596,"Chicken leg, drumstick and thigh, grilled with sauce, skin eaten"
597,"Chicken leg, drumstick and thigh, grilled with sauce, skin not eaten"
598,"Chicken leg, drumstick and thigh, sauteed, skin eaten"
599,"Chicken leg, drumstick and thigh, sauteed, skin not eaten"
600,"Chicken leg, drumstick and thigh, fried, coated, skin / coating eaten"
601,"Chicken leg, drumstick and thigh, fried, coated, skin / coating not eaten"
602,"Chicken leg, drumstick and thigh, baked, coated, skin / coating eaten"
603,"Chicken leg, drumstick and thigh, baked, coated, skin / coating not eaten"
604,"Chicken drumstick, NS as to cooking method, skin eaten"
605,"Chicken drumstick, NS as to cooking method, skin not eaten"
606,"Chicken drumstick, baked, broiled, or roasted, skin eaten, from raw"
607,"Chicken drumstick, baked, broiled, or roasted, skin not eaten, from raw"
608,"Chicken drumstick, baked or broiled, skin eaten, from pre-cooked"
609,"Chicken drumstick, baked or broiled, skin not eaten, from pre-cooked"
610,"Chicken drumstick, baked or broiled, skin eaten, from fast food / restaurant"
611,"Chicken drumstick, baked or broiled, skin not eaten, from fast food / restaurant"
612,"Chicken drumstick, rotisserie, skin eaten"
613,"Chicken drumstick, rotisserie, skin not eaten"
614,"Chicken drumstick, grilled without sauce, skin eaten"
615,"Chicken drumstick, grilled without sauce, skin not eaten"
616,"Chicken drumstick, grilled with sauce, skin eaten"
617,"Chicken drumstick, grilled with sauce, skin not eaten"
618,"Chicken drumstick, stewed, skin eaten"
619,"Chicken drumstick, stewed, skin not eaten"
620,"Chicken drumstick, sauteed, skin eaten"
621,"Chicken drumstick, sauteed, skin not eaten"
622,"Chicken drumstick, fried, coated, skin / coating eaten, from raw"
623,"Chicken drumstick, fried, coated, skin / coating not eaten, from raw"
624,"Chicken drumstick, fried, coated, prepared skinless, coating eaten, from raw"
625,"Chicken drumstick, fried, coated, skin / coating eaten, from pre-cooked"
626,"Chicken drumstick, fried, coated, skin / coating not eaten, from pre-cooked"
627,"Chicken drumstick, fried, coated, skin / coating eaten, from fast food / restaurant"
628,"Chicken drumstick, fried, coated, skin / coating not eaten, from fast food / restaurant"
629,"Chicken drumstick, baked, coated, skin / coating eaten"
630,"Chicken drumstick, baked, coated, skin / coating not eaten"
631,"Chicken thigh, NS as to cooking method, skin eaten"
632,"Chicken thigh, NS as to cooking method, skin not eaten"
633,"Chicken thigh, baked, broiled, or roasted, skin eaten, from raw"
634,"Chicken thigh, baked, broiled, or roasted, skin not eaten, from raw"
635,"Chicken thigh, baked or broiled, skin eaten, from pre-cooked"
636,"Chicken thigh, baked or broiled, skin not eaten, from pre-cooked"
637,"Chicken thigh, baked or broiled, skin eaten, from fast food / restaurant"
638,"Chicken thigh, baked or broiled, skin not eaten, from fast food / restaurant"
639,"Chicken thigh, rotisserie, skin eaten"
640,"Chicken thigh, rotisserie, skin not eaten"
641,"Chicken thigh, stewed, skin eaten"
642,"Chicken thigh, stewed, skin not eaten"
643,"Chicken thigh, grilled without sauce, skin eaten"
644,"Chicken thigh, grilled without sauce, skin not eaten"
645,"Chicken thigh, grilled with sauce, skin eaten"
646,"Chicken thigh, grilled with sauce, skin not eaten"
647,"Chicken thigh, sauteed, skin eaten"
648,"Chicken thigh, sauteed, skin not eaten"
649,"Chicken thigh, fried, coated, skin / coating eaten, from raw"
650,"Chicken thigh, fried, coated, skin / coating not eaten, from raw"
651,"Chicken thigh, fried, coated, prepared skinless, coating eaten, from raw"
652,"Chicken thigh, fried, coated, skin / coating eaten, from pre-cooked"
653,"Chicken thigh, fried, coated, skin / coating not eaten, from pre-cooked"
654,"Chicken thigh, fried, coated, skin / coating eaten, from fast food"
655,"Chicken thigh, fried, coated, skin / coating not eaten, from fast food"
656,"Chicken thigh, fried, coated, skin / coating eaten, from restaurant"
657,"Chicken thigh, fried, coated, skin / coating not eaten, from restaurant"
658,"Chicken thigh, baked, coated, skin / coating eaten"
659,"Chicken thigh, baked, coated, skin / coating not eaten"
660,"Chicken wing, NS as to cooking method"
661,"Chicken wing, baked, broiled, or roasted, from raw"
662,"Chicken wing, baked or broiled, from pre-cooked"
663,"Chicken wing, baked or broiled, from fast food / restaurant"
664,"Chicken wing, rotisserie"
665,"Chicken wing, stewed"
666,"Chicken wing, grilled without sauce"
667,"Chicken wing, grilled with sauce"
668,"Chicken wing, sauteed"
669,"Chicken wing, fried, coated, from raw"
670,"Chicken wing, fried, coated, from pre-cooked"
671,"Chicken wing, fried, coated, from fast food"
672,"Chicken wing, fried, coated, from restaurant"
673,"Chicken wing, baked, coated"
674,"Chicken ""wings"" with hot sauce, from fast food / restaurant"
675,"Chicken ""wings"" with other sauces or seasoning, from fast food / restaurant"
676,"Chicken ""wings"", plain, from fast food / restaurant"
677,"Chicken ""wings"" with hot sauce, from precooked"
678,"Chicken ""wings"" with other sauces or seasoning, from precooked"
679,"Chicken ""wings"", plain, from precooked"
680,"Chicken ""wings"" with hot sauce, from other sources"
681,"Chicken ""wings"" with other sauces or seasoning, from other sources"
682,"Chicken ""wings"", plain, from other sources"
683,"Chicken ""wings"", boneless, with hot sauce, from fast food / restaurant"
684,"Chicken ""wings"", boneless, with hot sauce, from other sources"
685,"Chicken, back"
686,"Chicken, neck or ribs"
687,"Chicken, tail"
688,Chicken skin
689,Chicken feet
690,"Chicken, canned, meat only"
691,"Chicken, chicken roll, roasted"
692,"Chicken patty, breaded"
693,"Chicken fillet, breaded"
694,"Chicken fillet, grilled"
695,"Chicken, ground"
696,"Chicken nuggets, NFS"
697,"Chicken nuggets, from fast food"
698,"Chicken nuggets, from restaurant"
699,"Chicken nuggets, from school lunch"
700,"Chicken nuggets, from frozen"
701,"Chicken nuggets, from other sources"
702,"Chicken tenders or strips, NFS"
703,"Chicken tenders or strips, breaded, from fast food"
704,"Chicken tenders or strips, breaded, from restaurant"
705,"Chicken tenders or strips, breaded, from school lunch"
706,"Chicken tenders or strips, breaded, from frozen"
707,"Chicken tenders or strips, breaded, from other sources"
708,"Turkey, NFS"
709,"Turkey, light meat, skin not eaten"
710,"Turkey, light meat, skin eaten"
711,"Turkey, light meat, breaded, baked or fried, skin not eaten"
712,"Turkey, light meat, breaded, baked or fried, skin eaten"
713,"Turkey, light meat, roasted, skin not eaten"
714,"Turkey, light meat, roasted, skin eaten"
715,"Turkey, dark meat, roasted, skin not eaten"
716,"Turkey, dark meat, roasted, skin eaten"
717,"Turkey, light and dark meat, roasted, skin not eaten"
718,"Turkey, light and dark meat, roasted, skin eaten"
719,"Turkey, light or dark meat, fried, coated, skin not eaten"
720,"Turkey, light or dark meat, fried, coated, skin eaten"
721,"Turkey, light or dark meat, stewed, skin not eaten"
722,"Turkey light or dark meat, stewed, skin eaten"
723,"Turkey, light or dark meat, smoked, skin eaten"
724,"Turkey, light or dark meat, smoked, skin not eaten"
725,"Turkey, drumstick, cooked, skin not eaten"
726,"Turkey, drumstick, cooked, skin eaten"
727,"Turkey, drumstick, roasted, skin not eaten"
728,"Turkey, drumstick, roasted, skin eaten"
729,"Turkey, thigh, cooked, skin eaten"
730,"Turkey, thigh, cooked, skin not eaten"
731,"Turkey, neck"
732,"Turkey, wing, cooked, skin not eaten"
733,"Turkey, wing, cooked, skin eaten"
734,"Turkey, tail"
735,"Turkey, back"
736,"Turkey, canned"
737,"Turkey, ground"
738,"Turkey, nuggets"
739,"Turkey bacon, cooked"
740,"Turkey bacon, reduced sodium, cooked"
741,"Duck, cooked, skin eaten"
742,"Duck, cooked, skin not eaten"
743,"Duck, roasted, skin eaten"
744,"Duck, roasted, skin not eaten"
745,"Duck, Peking"
746,"Goose, wild, roasted"
747,"Cornish game hen, cooked, skin eaten"
748,"Cornish game hen, cooked, skin not eaten"
749,"Cornish game hen, roasted, skin eaten"
750,"Cornish game hen, roasted, skin not eaten"
751,"Dove, cooked, NS as to cooking method"
752,"Dove, fried"
753,"Quail, cooked"
754,"Pheasant, cooked"
755,Baby Toddler chicken
756,Baby Toddler turkey
757,"Liver, beef"
758,"Liver, chicken"
759,"Liver, paste or pate"
760,Heart
761,Kidney
762,Sweetbreads
763,Brains
764,Tongue
765,"Tongue pot roast, Puerto Rican style"
766,Tripe
767,Chitterlings
768,Hog maws
769,Gizzard
770,"Hot dog, NFS"
771,"Hot dog, beef"
772,"Hot dog, meat and poultry"
773,"Hot dog, reduced fat"
774,"Hot dog, turkey"
775,Beef sausage
776,Beef sausage with cheese
777,Bratwurst
778,"Bratwurst, with cheese"
779,Bologna
780,"Bologna, reduced fat"
781,"Bologna, reduced sodium"
782,Chorizo
783,Head cheese
784,Knockwurst
785,Mortadella
786,"Pastrami, NFS"
787,"Pastrami, made from any kind of meat, reduced fat"
788,"Pepperoni, NFS"
789,"Pepperoni, reduced fat"
790,"Pepperoni, reduced sodium"
791,Polish sausage
792,Italian sausage
793,"Sausage, NFS"
794,Pork sausage
795,"Pork sausage, reduced fat"
796,"Pork sausage, reduced sodium"
797,Pork and beef sausage
798,"Salami, NFS"
799,"Salami, made from any type of meat, reduced fat"
800,"Salami, made from any type of meat, reduced sodium"
801,"Scrapple, cooked"
802,Thuringer
803,Turkey or chicken sausage
804,"Turkey or chicken sausage, reduced sodium"
805,Turkey or chicken and pork sausage
806,"Vienna sausage, canned"
807,Pickled sausage
808,"Luncheon meat, NFS"
809,"Ham, prepackaged or deli, luncheon meat"
810,"Ham, prepackaged or deli, luncheon meat, reduced sodium"
811,"Chicken, prepackaged or deli, luncheon meat"
812,"Chicken, prepackaged or deli, luncheon meat, reduced sodium"
813,"Ham luncheon meat, loaf type"
814,Spam
815,"Spam, reduced sodium"
816,Liverwurst
817,"Luncheon meat, loaf type"
818,"Turkey, prepackaged or deli, luncheon meat"
819,"Turkey, prepackaged or deli, luncheon meat, reduced sodium"
820,"Turkey ham, prepackaged or deli, luncheon meat"
821,"Beef, prepackaged or deli, luncheon meat"
822,"Beef, prepackaged or deli, luncheon meat, reduced sodium"
823,"Meat spread or potted meat, NFS"
824,Chicken salad spread
825,"Fish, raw"
826,"Fish, NFS"
827,"Fish, NS as to type, baked or broiled"
828,"Fish, NS as to type, baked or broiled, coated"
829,"Fish, NS as to type, fried"
830,"Fish, NS as to type, steamed"
831,"Fish, canned"
832,"Fish, smoked"
833,"Fish, stick"
834,"Fish, anchovy"
835,"Fish, carp"
836,"Fish, catfish, NFS"
837,"Fish, catfish, baked or broiled"
838,"Fish, catfish, grilled"
839,"Fish, catfish, baked or broiled, coated"
840,"Fish, catfish, fried"
841,"Fish, catfish, steamed"
842,"Fish, cod, NFS"
843,"Fish, cod, baked or broiled"
844,"Fish, cod, grilled"
845,"Fish, cod, baked or broiled, coated"
846,"Fish, cod, fried"
847,"Fish, cod, steamed"
848,"Fish, croaker"
849,"Fish, eel"
850,"Fish, flounder, NFS"
851,"Fish, flounder, baked or broiled"
852,"Fish, flounder, grilled"
853,"Fish, flounder, baked or broiled, coated"
854,"Fish, flounder, fried"
855,"Fish, flounder, steamed"
856,"Fish, haddock, NFS"
857,"Fish, haddock, baked or broiled"
858,"Fish, haddock, grilled"
859,"Fish, haddock, baked or broiled, coated"
860,"Fish, haddock, fried"
861,"Fish, haddock, steamed"
862,"Fish, halibut"
863,"Fish, herring"
864,"Fish, pickled"
865,"Fish, mackerel, NFS"
866,"Fish, mackerel, baked or broiled"
867,"Fish, mackerel, grilled"
868,"Fish, mackerel, baked or broiled, coated"
869,"Fish, mackerel, fried"
870,"Fish, mackerel, canned"
871,"Fish, mullet"
872,"Fish, perch, NFS"
873,"Fish, perch, baked or broiled"
874,"Fish, perch, grilled"
875,"Fish, perch, baked or broiled, coated"
876,"Fish, perch, fried"
877,"Fish, perch, steamed"
878,"Fish, pike"
879,"Fish, pompano, NFS"
880,"Fish, pompano, baked or broiled"
881,"Fish, pompano, grilled"
882,"Fish, pompano, baked or broiled, coated"
883,"Fish, pompano, fried"
884,"Fish, pompano, steamed"
885,"Fish, snapper"
886,"Fish, salmon, raw"
887,"Fish, salmon, NFS"
888,"Fish, salmon, baked or broiled"
889,"Fish, salmon, grilled"
890,"Fish, salmon, baked or broiled, coated"
891,"Fish, salmon, fried"
892,"Fish, salmon, steamed"
893,"Fish, salmon, canned"
894,"Fish, salmon, smoked"
895,"Fish, sardines, canned"
896,"Fish, bass, NFS"
897,"Fish, bass, baked or broiled"
898,"Fish, bass, grilled"
899,"Fish, bass, baked or broiled, coated"
900,"Fish, bass, fried"
901,"Fish, bass, steamed"
902,"Fish, shark"
903,"Fish, swordfish"
904,"Fish, trout, NFS"
905,"Fish, trout, baked or broiled"
906,"Fish, trout, grilled"
907,"Fish, trout, baked or broiled, coated"
908,"Fish, trout, fried"
909,"Fish, trout, steamed"
910,"Fish, tuna, raw"
911,"Fish, tuna, NFS"
912,"Fish, tuna, cooked"
913,"Fish, tuna, canned"
914,"Fish, whiting, NFS"
915,"Fish, whiting, baked or broiled"
916,"Fish, whiting, grilled"
917,"Fish, whiting, baked or broiled, coated"
918,"Fish, whiting, fried"
919,"Fish, whiting, steamed"
920,"Fish, tilapia, NFS"
921,"Fish, tilapia, baked or broiled"
922,"Fish, tilapia, grilled"
923,"Fish, tilapia, baked or broiled, coated"
924,"Fish, tilapia, fried"
925,"Fish, tilapia, steamed"
926,"Fish, white, mixed species, NFS"
927,"Fish, white, mixed species, baked or broiled"
928,"Fish, white, mixed species, baked or broiled, coated"
929,"Fish, white, mixed species, fried"
930,"Fish, white, mixed species, steamed"
931,"Fish, white, mixed species, grilled"
932,Frog legs
933,Octopus
934,Caviar
935,"Calamari, cooked"
936,"Calamari, fried"
937,Turtle
938,"Shellfish, NFS"
939,Abalone
940,"Clams, raw"
941,"Clams, NFS"
942,"Clams, baked or broiled"
943,"Clams, fried"
944,"Clams, steamed or boiled"
945,"Clams, canned"
946,Crab
947,"Crab, canned"
948,"Crab, soft shell"
949,"Crayfish, fried"
950,"Crayfish, cooked"
951,Lobster
952,Mussels
953,"Oysters, raw"
954,"Oysters, baked or broiled"
955,"Oysters, steamed"
956,"Oysters, fried"
957,"Oysters, canned"
958,"Scallops, baked or broiled"
959,"Scallops, grilled"
960,"Scallops, steamed or boiled"
961,"Scallops, fried"
962,"Shrimp, NFS"
963,"Shrimp, baked or broiled"
964,"Shrimp, grilled"
965,"Shrimp, steamed or boiled"
966,"Shrimp, fried"
967,"Shrimp, baked or broiled, coated"
968,"Shrimp, dried"
969,"Shrimp, canned"
970,Escargot
971,"Barbecue meat, NFS"
972,Beef with tomato-based sauce
973,Beef burgundy
974,"Guisada, beef"
975,"Chili, NFS"
976,"Chili with meat, from restaurant"
977,Chili with meat and beans
978,"Chili with meat, canned"
979,Chili with meat
980,"Sloppy joe, no bun"
981,Beef with gravy
982,Salisbury steak with gravy
983,Beef with cream or white sauce
984,Beef stroganoff
985,Creamed chipped or dried beef
986,Swedish meatballs with cream or white sauce
987,Beef with mushroom sauce
988,Beef with soy-based sauce
989,Steak teriyaki
990,Beef curry
991,Beef curry with rice
992,"Barbecue beef, with sauce"
993,"Barbecue beef, no sauce"
994,Beef with sweet and sour sauce
995,"Stewed seasoned ground beef, Mexican style"
996,Steak tartare
997,"Meatballs, Puerto Rican style"
998,"Stewed seasoned ground beef, Puerto Rican style"
999,"Stewed dried beef, Puerto Rican style"
1000,Ham or pork with gravy
1001,"Barbecue pork, with sauce"
1002,"Barbecue pork, no sauce"
1003,Sweet and sour pork
1004,Ham stroganoff
1005,Ham or pork with mushroom sauce
1006,Ham or pork with tomato-based sauce
1007,Sausage with tomato-based sauce
1008,Sausage gravy
1009,"Guisada, pork"
1010,Pork or ham with soy-based sauce
1011,"Chili hot dog, no bun"
1012,Frankfurters or hot dogs with tomato-based sauce
1013,Pork with chili and tomatoes
1014,"Stewed pork, Puerto Rican style"
1015,Lamb or mutton with gravy
1016,"Stewed goat, Puerto Rican style"
1017,Veal scallopini
1018,Veal Marsala
1019,Veal parmigiana
1020,Veal cordon bleu
1021,Venison or deer with tomato-based sauce
1022,Venison or deer with gravy
1023,Chicken or turkey cacciatore
1024,Spaghetti sauce with poultry
1025,Spaghetti sauce with poultry and added vegetables
1026,"Stewed chicken with tomato-based sauce, Mexican style"
1027,Chili with chicken and beans
1028,Chili with chicken
1029,"Chili, white"
1030,Chicken with gravy
1031,Chicken or turkey fricassee
1032,Turkey with gravy
1033,Chicken or turkey with cream sauce
1034,Chicken or turkey with mushroom sauce
1035,Chicken or turkey with teriyaki
1036,Barbecue chicken
1037,Sweet and sour chicken or turkey
1038,"Sweet and sour chicken or turkey, without vegetables"
1039,Chicken curry
1040,Chicken curry with rice
1041,Chicken with mole sauce
1042,Chicken or turkey with cheese sauce
1043,Chicken or turkey cordon bleu
1044,Chicken or turkey parmigiana
1045,Orange chicken
1046,Sesame chicken
1047,Chicken kiev
1048,"Stuffed chicken, drumstick or breast, Puerto Rican style"
1049,"Fish with cream or white sauce, not tuna or lobster"
1050,Fish timbale or mousse
1051,Shrimp cocktail
1052,Tuna with cream or white sauce
1053,Seafood thermidor
1054,Seafood sauce
1055,Spaghetti sauce with seafood
1056,Spaghetti sauce with seafood and added vegetables
1057,Shrimp with lobster sauce
1058,Sweet and sour shrimp
1059,Fish sauce
1060,Shrimp scampi
1061,Fish with tomato-based sauce
1062,Fish curry
1063,Fish curry with rice
1064,Shrimp teriyaki
1065,Ceviche
1066,"Crabs in tomato-based sauce, Puerto Rican style"
1067,"Shrimp in garlic sauce, Puerto Rican style"
1068,"Stew, fish"
1069,"Meatballs, NS as to type of meat, with sauce"
1070,"Meat loaf, Puerto Rican style"
1071,Meat with tomato-based sauce
1072,Spaghetti sauce with meat
1073,Spaghetti sauce with meat and added vegetables
1074,"Stewed, seasoned, ground beef and pork, Mexican style"
1075,"Meat with gravy, NS as to type of meat,"
1076,"Beef and potatoes, no sauce"
1077,"Beef and potatoes with cream sauce, white sauce or mushroom sauce"
1078,"Beef, roast, hash"
1079,Corned beef hash
1080,Beef and potatoes with cheese sauce
1081,"Stewed, seasoned, ground beef with potatoes, Mexican style"
1082,"Beef and noodles, no sauce"
1083,Beef and macaroni with cheese sauce
1084,Beef and noodles with tomato-based sauce
1085,Chili with macaroni
1086,Beef and noodles with gravy
1087,Beef and noodles with cream or white sauce
1088,Beef stroganoff with noodles
1089,Beef and noodles with mushroom sauce
1090,Beef and noodles with soy-based sauce
1091,"Beef and rice, no sauce"
1092,Biryani with meat
1093,Beef and rice with tomato-based sauce
1094,Porcupine balls with tomato-based sauce
1095,Beef and rice with gravy
1096,Beef and rice with cream sauce
1097,Beef and rice with mushroom sauce
1098,Porcupine balls with mushroom sauce
1099,Beef and rice with soy-based sauce
1100,Beef and rice with cheese sauce
1101,Meat loaf made with beef
1102,"Meat loaf made with beef, with tomato-based sauce"
1103,Beef wellington
1104,Corned beef patty
1105,"Beef stew with potatoes, Puerto Rican style"
1106,Meat loaf made with ham
1107,Ham and noodles with cream or white sauce
1108,Ham and rice with mushroom sauce
1109,Ham or pork with stuffing
1110,Ham croquette
1111,Pork and rice with tomato-based sauce
1112,Sausage and rice with tomato-based sauce
1113,Sausage and rice with mushroom sauce
1114,Sausage and rice with cheese sauce
1115,Sausage and noodles with cream or white sauce
1116,"Ham and noodles, no sauce"
1117,"Ham or pork and rice, no sauce"
1118,Ham or pork and potatoes with gravy
1119,Ham or pork and potatoes with cheese sauce
1120,"Stewed pig's feet, Puerto Rican style"
1121,"Stew, pork"
1122,"Stew, pork, with pasta"
1123,Lamb or mutton loaf
1124,Lamb or mutton and potatoes with gravy
1125,Lamb or mutton and potatoes with tomato-based sauce
1126,Lamb or mutton and noodles with gravy
1127,Meat loaf made with venison/deer
1128,Venison or deer and noodles with cream or white sauce
1129,Chicken or turkey hash
1130,Chicken or turkey and potatoes with gravy
1131,"Chicken or turkey and noodles, no sauce"
1132,Chicken or turkey and noodles with gravy
1133,Chicken or turkey and noodles with mushroom sauce
1134,Chicken or turkey and noodles with cream or white sauce
1135,Chicken or turkey and noodles with cheese sauce
1136,Chicken or turkey tetrazzini
1137,Chicken or turkey and noodles with tomato-based sauce
1138,Chicken or turkey and noodles with soy-based sauce
1139,"Chicken or turkey and rice, no sauce"
1140,Biryani with chicken
1141,Chicken or turkey and rice with cream sauce
1142,Chicken or turkey and rice with mushroom sauce
1143,Chicken or turkey and rice with tomato-based sauce
1144,Chicken or turkey and rice with soy-based sauce
1145,Chicken or turkey with dumplings
1146,Chicken or turkey with stuffing
1147,"Chicken or turkey cake, patty, or croquette"
1148,Chicken or turkey souffle
1149,Meat loaf made with chicken or turkey
1150,"Meat loaf made with chicken or turkey, with tomato-based sauce"
1151,"Crab, cake"
1152,"Fish, cake or patty"
1153,Gefilte fish
1154,"Fish, salmon cake or patty"
1155,"Shrimp and noodles, no sauce"
1156,Shrimp and noodles with gravy
1157,Shrimp and noodles with mushroom sauce
1158,Shrimp and noodles with cream or white sauce
1159,Shrimp and noodles with soy-based sauce
1160,Shrimp and noodles with cheese sauce
1161,Shrimp and noodles with tomato sauce
1162,Tuna cake or patty
1163,Clam cake or patty
1164,Flounder with crab stuffing
1165,"Lobster with bread stuffing, baked"
1166,Clams Casino
1167,"Shrimp, cake or patty"
1168,Shrimp with crab stuffing
1169,Shrimp toast
1170,Imitation crab meat
1171,Seafood souffle
1172,Tuna noodle casserole with cream or white sauce
1173,Tuna noodle casserole with mushroom sauce
1174,Tuna and rice with mushroom sauce
1175,Fish and rice with tomato-based sauce
1176,Fish and rice with cream sauce
1177,Fish and rice with mushroom sauce
1178,Fish and noodles with mushroom sauce
1179,Shellfish and noodles with tomato-based sauce
1180,"Stewed salmon, Puerto Rican style"
1181,"Meat loaf, NS as to type of meat"
1182,"Meatballs, with breading, NS as to type of meat, with gravy"
1183,Meat loaf made with beef and pork
1184,"Meat loaf made with beef, veal and pork"
1185,"Meat loaf made with beef and pork, with tomato-based sauce"
1186,"Hash, NS as to type of meat"
1187,"Vienna sausages stewed with potatoes, Puerto Rican style"
1188,"Stewed, seasoned, ground beef and pork with potatoes, Mexican style"
1189,"Beef, potatoes, and vegetables including carrots, broccoli, and/or dark-green leafy; no sauce"
1190,"Beef, potatoes, and vegetables, excluding carrots, broccoli, and dark-green leafy; no sauce"
1191,"Corned beef, potatoes, and vegetables including carrots, broccoli, and/or dark-green leafy; no sauce"
1192,"Corned beef, potatoes, and vegetables excluding carrots, broccoli, and dark-green leafy; no sauce"
1193,"Stew, beef, canned"
1194,"Stew, beef"
1195,"Stew, beef, with pasta"
1196,Shepherd's pie
1197,"Beef, potatoes, and vegetables including carrots, broccoli, and/or dark-green leafy; gravy"
1198,"Beef, potatoes, and vegetables excluding carrots, broccoli, and dark-green leafy; gravy"
1199,"Beef, potatoes, and vegetables including carrots, broccoli, and/or dark-green leafy; cream sauce, white sauce, or mushroom sauce"
1200,"Beef, potatoes, and vegetables excluding carrots, broccoli, and dark-green leafy; cream sauce, white sauce, or mushroom sauce"
1201,"Beef, potatoes, and vegetables including carrots, broccoli, and/or dark-green leafy; tomato-based sauce"
1202,"Beef, potatoes, and vegetables excluding carrots, broccoli, and dark-green leafy; tomato-based sauce"
1203,"Beef, potatoes, and vegetables including carrots, broccoli, and/or dark-green leafy; cheese sauce"
1204,"Beef, potatoes, and vegetables excluding carrots, broccoli, and dark-green leafy; cheese sauce"
1205,"Beef, potatoes, and vegetables including carrots, broccoli, and/or dark-green leafy; soy-based sauce"
1206,"Beef, potatoes, and vegetables excluding carrots, broccoli, and dark-green leafy; soy-based sauce"
1207,"Beef, noodles, and vegetables including carrots, broccoli, and/or dark-green leafy; no sauce"
1208,"Beef, noodles, and vegetables excluding carrots, broccoli, and dark-green leafy; no sauce"
1209,Beef chow mein or chop suey with noodles
1210,"Beef, noodles, and vegetables including carrots, broccoli, and/or dark-green leafy; soy-based sauce"
1211,"Beef, noodles, and vegetables excluding carrots, broccoli, and dark-green leafy; soy-based sauce"
1212,"Beef, noodles, and vegetables including carrots, broccoli, and/or dark-green leafy; tomato-based sauce"
1213,"Beef, noodles, and vegetables excluding carrots, broccoli, and dark-green leafy; tomato-based sauce"
1214,"Beef, noodles, and vegetables including carrots, broccoli, and/or dark-green leafy; mushroom sauce"
1215,"Beef, noodles, and vegetables excluding carrots, broccoli, and dark-green leafy; mushroom sauce"
1216,"Beef, noodles, and vegetables including carrots, broccoli, and/or dark-green leafy; gravy"
1217,"Beef, noodles, and vegetables excluding carrots, broccoli, and dark-green leafy; gravy"
1218,"Beef, rice, and vegetables including carrots, broccoli, and/or dark-green leafy; no sauce"
1219,"Beef, rice, and vegetables excluding carrots, broccoli, and dark-green leafy; no sauce"
1220,"Beef, rice, and vegetables including carrots, broccoli, and/or dark-green leafy; tomato-based sauce"
1221,"Beef, rice, and vegetables excluding carrots, broccoli, and/or dark-green leafy; tomato-based sauce"
1222,Stuffed cabbage rolls with beef and rice
1223,Stuffed grape leaves with beef and rice
1224,"Beef, rice, and vegetables including carrots, broccoli, and/or dark-green leafy; mushroom sauce"
1225,"Beef, rice, and vegetables excluding carrots, broccoli, and dark-green leafy; mushroom sauce"
1226,"Beef, rice, and vegetables including carrots, broccoli, and/or dark-green leafy; cheese sauce"
1227,"Beef, rice, and vegetables excluding carrots, broccoli, and dark-green leafy; cheese sauce"
1228,"Beef, rice, and vegetables including carrots, broccoli, and/or dark-green leafy; gravy"
1229,"Beef, rice, and vegetables excluding carrots, broccoli, and dark-green leafy; gravy"
1230,"Beef, rice, and vegetables including carrots, broccoli, and/or dark-green leafy; soy-based sauce"
1231,"Beef, rice, and vegetables excluding carrots, broccoli, and dark-green leafy; soy-based sauce"
1232,"Pot pie, beef"
1233,"Beef, dumplings, and vegetables including carrots, broccoli, and/or dark-green leafy; gravy"
1234,"Beef, dumplings, and vegetables excluding carrots, broccoli, and dark-green leafy; gravy"
1235,"Stuffed green pepper, Puerto Rican style"
1236,"Ham or pork, noodles and vegetables excluding carrots, broccoli, and dark-green leafy; no sauce"
1237,"Ham or pork, noodles, and vegetables including carrots, broccoli, and/or dark-green leafy; no sauce"
1238,"Ham or pork, noodles and vegetables excluding carrots, broccoli, and dark-green leafy; cheese sauce"
1239,"Pork, potatoes, and vegetables including carrots, broccoli, and/or dark-green leafy; no sauce"
1240,"Ham or pork, noodles, and vegetables including carrots, broccoli, and/or dark-green leafy; tomato-based sauce"
1241,"Sausage, noodles, and vegetables excluding carrots, broccoli, and dark-green leafy; tomato-based sauce"
1242,"Sausage, noodles, and vegetables including carrots, broccoli, and/or dark-green leafy; tomato-based sauce"
1243,"Pork, potatoes, and vegetables including carrots, broccoli, and/or dark-green leafy; tomato-based sauce"
1244,"Pork, potatoes, and vegetables excluding carrots, broccoli, and dark-green leafy; tomato-based sauce"
1245,"Sausage, potatoes, and vegetables including carrots, broccoli, and/or dark-green leafy; gravy"
1246,"Sausage, potatoes, and vegetables excluding carrots, broccoli, and dark-green leafy; gravy"
1247,"Pork, potatoes, and vegetables including carrots, broccoli, and/or dark-green leafy; gravy"
1248,"Pork, potatoes, and vegetables excluding carrots, broccoli, and dark-green leafy; gravy"
1249,"Pork, potatoes, and vegetables excluding carrots, broccoli, and dark-green leafy; no sauce"
1250,Pork chow mein or chop suey with noodles
1251,"Pork, rice, and vegetables including carrots, broccoli, and/or dark-green leafy; soy-based sauce"
1252,"Pork, rice, and vegetables excluding carrots, broccoli, and dark-green leafy; soy-based sauce"
1253,"Pork, rice, and vegetables including carrots, broccoli, and/or dark-green leafy; tomato-based sauce"
1254,"Pork, rice, and vegetables excluding carrots, broccoli, and dark-green leafy; tomato-based sauce"
1255,"Ham, potatoes, and vegetables excluding carrots, broccoli, and dark-green leafy; no sauce"
1256,"Ham, potatoes, and vegetables including carrots, broccoli, and/or dark-green leafy; no sauce"
1257,Sweet and sour pork with rice
1258,"Lamb or mutton, rice, and vegetables excluding carrots, broccoli, and dark-green leafy; gravy"
1259,"Lamb or mutton, rice, and vegetables including carrots, broccoli, and/or dark-green leafy; tomato-based sauce"
1260,"Lamb or mutton, rice, and vegetables  including carrots, broccoli, and/or dark-green leafy; gravy"
1261,Stuffed grape leaves with lamb and rice
1262,"Stew, lamb"
1263,"Stewed rabbit, Puerto Rican style,"
1264,"Venison or deer, potatoes, and vegetables including carrots, broccoli, and/or dark-green leafy; gravy"
1265,"Venison or deer, potatoes, and vegetables excluding carrots, broccoli, and dark-green leafy; gravy"
1266,"Venison or deer, noodles, and vegetables including carrots, broccoli, and/or dark-green leafy; tomato-based sauce"
1267,"Venison or deer, noodles, and vegetables excluding carrots, broccoli, and dark-green leafy; tomato-based sauce"
1268,"Chicken or turkey, potatoes, corn, and cheese, with gravy"
1269,"Chicken or turkey, potatoes, and vegetables including carrots, broccoli, and/or dark-green leafy; no sauce"
1270,"Chicken or turkey, potatoes, and vegetables excluding carrots, broccoli, and dark-green leafy; no sauce"
1271,"Chicken or turkey, potatoes, and vegetables including carrots, broccoli, and/or dark-green leafy; gravy"
1272,"Chicken or turkey, potatoes, and vegetables excluding carrots, broccoli, and dark-green leafy; gravy"
1273,"Chicken or turkey, potatoes, and vegetables including carrots, broccoli, and/or dark-green leafy; cream sauce, white sauce, or mushroom sauce"
1274,"Chicken or turkey, potatoes, and vegetables excluding carrots, broccoli, and dark-green leafy; cream sauce, white sauce, or mushroom sauce"
1275,"Chicken or turkey, potatoes, and vegetables including carrots, broccoli, and/or dark-green leafy; cheese sauce"
1276,"Chicken or turkey, potatoes, and vegetables excluding carrots, broccoli, and dark-green leafy; cheese sauce"
1277,"Chicken or turkey, potatoes, and vegetables including carrots, broccoli, and/or dark-green leafy; tomato-based sauce"
1278,"Chicken or turkey, potatoes, and vegetables excluding carrots, broccoli, and dark-green leafy; tomato-based sauce"
1279,"Stew, chicken, with pasta"
1280,"Stew, chicken"
1281,"Chicken or turkey, noodles, and vegetables including carrots, broccoli, and/or dark-green leafy; no sauce"
1282,"Chicken or turkey, noodles, and vegetables excluding carrots, broccoli, and dark-green leafy; no sauce"
1283,"Chicken or turkey, noodles, and vegetables including carrots, broccoli, and/or dark-green leafy; gravy"
1284,"Chicken or turkey, noodles, and vegetables excluding carrots, broccoli, and dark-green leafy; gravy"
1285,"Chicken or turkey, noodles, and vegetables including carrots, broccoli, and/or dark-green leafy; cream sauce, white sauce, or mushroom sauce"
1286,"Chicken or turkey, noodles, and vegetables excluding carrots, broccoli, and/or dark-green leafy; cream sauce, white sauce, or mushroom sauce"
1287,"Chicken or turkey, noodles, and vegetables including carrots, broccoli, and/or dark-green leafy; tomato-based sauce"
1288,"Chicken or turkey, noodles, and vegetables excluding carrots, broccoli, and dark-green leafy; tomato-based sauce"
1289,Chicken or turkey chow mein or chop suey with noodles
1290,"Chicken or turkey, noodles, and vegetables including carrots, broccoli, and/or dark-green leafy; cheese sauce"
1291,"Chicken or turkey, noodles, and vegetables excluding carrots, broccoli, and dark-green leafy; cheese sauce"
1292,"Chicken or turkey, rice, and vegetables including carrots, broccoli, and/or dark-green leafy; no sauce"
1293,"Chicken or turkey, rice, and vegetables excluding carrots, broccoli, and dark-green leafy; no sauce"
1294,"Chicken or turkey, rice, and vegetables including carrots, broccoli, and/or dark-green leafy; gravy"
1295,"Chicken or turkey, rice, and vegetables excluding carrots, broccoli, and dark-green leafy; gravy"
1296,"Chicken or turkey, rice, corn, and cheese, with gravy"
1297,"Chicken or turkey, rice, and vegetables including carrots, broccoli, and/or dark-green leafy; soy-based sauce"
1298,"Chicken or turkey, rice, and vegetables excluding carrots, broccoli, and dark-green leafy; soy-based sauce"
1299,"Chicken or turkey, rice, and vegetables including carrots, broccoli, and/or dark-green leafy; cream sauce, white sauce, or mushroom sauce"
1300,"Chicken or turkey, rice, and vegetables excluding carrots, broccoli, and dark-green leafy; cream sauce, white sauce, or mushroom sauce"
1301,"Chicken or turkey, rice, and vegetables including carrots, broccoli, and/or dark-green leafy; cheese sauce"
1302,"Chicken or turkey, rice, and vegetables excluding carrots, broccoli, and dark-green leafy; cheese sauce"
1303,"Chicken or turkey, rice, and vegetables including carrots, broccoli, and/or dark-green leafy; tomato-based sauce"
1304,"Chicken or turkey, rice, and vegetables excluding carrots, broccoli, and dark-green leafy; tomato-based sauce"
1305,"Pot pie, chicken"
1306,"Chicken or turkey, stuffing, and vegetables including carrots, broccoli, and/or dark-green leafy; no sauce"
1307,"Chicken or turkey,stuffing, and vegetables excluding carrots, broccoli, and dark green leafy; no sauce"
1308,"Chicken or turkey, stuffing, and vegetables including carrots, broccoli, and/or dark-green leafy; gravy"
1309,"Chicken or turkey, stuffing, and vegetables excluding carrots, broccoli, and dark-green leafy; gravy"
1310,"Chicken or turkey, dumplings, and vegetables including carrots, broccoli, and/or dark green leafy; gravy"
1311,"Chicken or turkey, dumplings, and vegetables excluding carrots, broccoli, and dark green leafy; gravy"
1312,"Chicken fricassee, Puerto Rican style"
1313,Paella with seafood
1314,Shrimp chow mein or chop suey with noodles
1315,"Shrimp creole, with rice"
1316,"Tuna noodle casserole with vegetables, cream or white sauce"
1317,"Fish, noodles, and vegetables including carrots, broccoli, and/or dark green leafy; cheese sauce"
1318,"Fish, noodles, and vegetables excluding carrots, broccoli, and dark-green leafy; cheese sauce"
1319,"Soup, bouillabaisse"
1320,Tuna noodle casserole with vegetables and mushroom sauce
1321,"Codfish with starchy vegetables, Puerto Rican style"
1322,"Biscayne codfish, Puerto Rican style"
1323,"Stew, NFS"
1324,"Chow mein or chop suey, NS as to type of meat, with noodles"
1325,"Paella, NFS"
1326,"Chow mein or chop suey, various types of meat, with noodles"
1327,"Stewed tripe, with potatoes, Puerto Rican style"
1328,Gumbo with rice
1329,Jambalaya with meat and rice
1330,"Beef and vegetables including carrots, broccoli, and/or dark-green leafy; no potatoes, no sauce"
1331,"Beef and vegetables excluding carrots, broccoli, and dark-green leafy; no potatoes, no sauce"
1332,"Beef shish kabob with vegetables, excluding potatoes"
1333,"Beef with vegetables including carrots, broccoli, and/or dark-green leafy; no potatoes, tomato-based sauce"
1334,Swiss steak
1335,"Beef rolls, stuffed with vegetables or meat mixture, tomato-based sauce"
1336,"Beef with vegetables excluding carrots, broccoli, and dark-green leafy; no potatoes, tomato-based sauce"
1337,"Beef with vegetables including carrots, broccoli, and/or dark-green leafy; no potatoes, mushroom sauce"
1338,"Beef with vegetables excluding carrots, broccoli, and dark-green leafy; no potatoes, mushroom sauce"
1339,"Beef and vegetables including carrots, broccoli, and/or dark-green leafy; no potatoes, soy-based sauce"
1340,Beef and broccoli
1341,"Beef, tofu, and vegetables including carrots, broccoli, and/or dark-green leafy; no potatoes, soy-based sauce"
1342,Szechuan beef
1343,Hunan beef
1344,"Beef chow mein or chop suey, no noodles"
1345,Kung Pao beef
1346,"Beef and vegetables excluding carrots, broccoli, and dark-green leafy; no potatoes, soy-based sauce"
1347,"Beef, tofu, and vegetables excluding carrots, broccoli,  and dark-green leafy; no potatoes, soy-based sauce"
1348,"Beef and vegetables, Hawaiian style"
1349,Pepper steak
1350,"Beef, ground, with egg and onion"
1351,Beef salad
1352,"Beef taco filling: beef, cheese, tomato, taco sauce"
1353,Stir fried beef and vegetables in soy sauce
1354,"Beef and vegetables including carrots, broccoli, and/or dark-green leafy; no potatoes, gravy"
1355,"Beef and vegetables excluding carrots, broccoli, and dark-green leafy; no potatoes, gravy"
1356,"Beef steak with onions, Puerto Rican style"
1357,Cabbage with ham hocks
1358,Ham or pork salad
1359,Frankfurters or hot dogs and sauerkraut
1360,"Pork and vegetables including carrots, broccoli, and/or dark-green leafy; no potatoes, no sauce"
1361,Greens with ham or pork
1362,"Pork, tofu, and vegetables including carrots, broccoli, and/or dark-green leafy; no potatoes, soy-base sauce"
1363,"Pork and vegetables, Hawaiian style"
1364,Pork and watercress with soy-based sauce
1365,Kung Pao pork
1366,"Moo Shu pork, without Chinese pancake"
1367,Pork and onions with soy-based sauce
1368,Pork hash
1369,"Ham and vegetables including carrots broccoli, and/or dark- green leafy; no potatoes, no sauce"
1370,"Ham and vegetables excluding carrots, broccoli, and dark-green leafy; no potatoes, no sauce"
1371,"Pork and vegetables excluding carrots, broccoli, and dark-green leafy; no potatoes, no sauce"
1372,"Pork, tofu, and vegetables, excluding carrots, broccoli, and dark-green leafy; no potatoes, soy-based sauce"
1373,"Pork chow mein or chop suey, no noodles"
1374,"Pork and vegetables including carrots, broccoli, and/or dark-green leafy; no potatoes, tomato-based sauce"
1375,"Pork and vegetables excluding  carrots, broccoli, and dark-green leafy; no potatoes, tomato-based sauce"
1376,"Sausage and vegetables including  carrots, broccoli, and/or dark-green leafy; no potatoes, tomato-based sauce"
1377,"Sausage and vegetables, excluding carrots, broccoli, and dark-green leafy; no potatoes, tomato-based sauce"
1378,"Sausage and peppers, no sauce"
1379,"Pork and vegetables including carrots, broccoli, and/or dark-green leafy; no potatoes, soy-based sauce"
1380,"Pork and vegetables excluding carrots, broccoli, and dark- green leafy; no potatoes, soy-based sauce"
1381,"Pork shish kabob with vegetables, excluding potatoes"
1382,"Lamb shish kabob with vegetables, excluding potatoes"
1383,"Chicken or turkey and vegetables including carrots, broccoli, and/or dark-green leafy; no potatoes, no sauce"
1384,"Chicken or turkey and vegetables excluding carrots, broccoli, and dark-green leafy; no potatoes, no sauce"
1385,"Chicken or turkey shish kabob with vegetables, excluding potatoes"
1386,"Chicken or turkey creole, without rice"
1387,"Chicken or turkey and vegetables including carrots, broccoli, and/or dark-green leafy; no potatoes, gravy"
1388,"Chicken or turkey and vegetables excluding carrots, broccoli, and dark-green leafy; no potatoes, gravy"
1389,"Chicken or turkey a la king with vegetables including carrots, broccoli, and/or dark-green leafy; no potatoes, cream, white, or soup-based sauce"
1390,"Chicken or turkey a la king with vegetables excluding carrorts, broccoli, and dark-green leafy; no potatoes, cream, white, or soup-based sauce"
1391,Chicken or turkey divan
1392,"Chicken or turkey and vegetables including carrots, broccoli, and/or dark-green leafy; no potatoes, soy-based sauce"
1393,"Chicken or turkey and vegetables excluding carrots, broccoli, and dark-green leafy; no potatoes, soy-based sauce"
1394,"Chicken or turkey and vegetables including carrots, broccoli, and/or dark-green leafy; no potatoes, tomato-based sauce"
1395,"Chicken or turkey and vegetables excluding carrots, broccoli, and dark-green leafy; no potatoes, tomato-based sauce"
1396,General Tso chicken
1397,Moo Goo Gai Pan
1398,Kung pao chicken
1399,Almond chicken
1400,"Chicken or turkey chow mein or chop suey, no noodles"
1401,"Chicken or turkey salad, made with mayonnaise"
1402,Chicken or turkey salad with nuts and/or fruits
1403,Chicken or turkey salad with egg
1404,"Chicken or turkey salad, made with light mayonnaise"
1405,"Chicken or turkey salad, made with mayonnaise-type salad dressing"
1406,"Chicken or turkey salad, made with light mayonnaise-type salad dressing"
1407,"Chicken or turkey salad, made with creamy dressing"
1408,"Chicken or turkey salad, made with light creamy dressing"
1409,"Chicken or turkey salad, made with Italian dressing"
1410,"Chicken or turkey salad, made with light Italian dressing"
1411,"Chicken or turkey salad, made with any type of fat free dressing"
1412,"Chicken or turkey garden salad, chicken and/or turkey, tomato and/or carrots, other vegetables, no dressing"
1413,"Chicken or turkey garden salad, chicken and/or turkey, other vegetables excluding tomato and carrots, no dressing"
1414,"Chicken or turkey garden salad with bacon and cheese, chicken and/or turkey, bacon, cheese, lettuce and/or greens, tomato and/or carrots, other vegetables, no dressing"
1415,"Chicken or turkey, breaded, fried, garden salad with bacon and cheese, chicken and/or turkey, bacon, cheese, lettuce and/or greens, tomato and/or carrots, other vegetables, no dressing"
1416,"Chicken or turkey garden salad with cheese, chicken and/or turkey, cheese, lettuce and/or greens, tomato and/or carrots, other vegetables, no dressing"
1417,"Chicken or turkey, breaded, fried, garden salad with cheese, chicken and/or turkey, cheese, lettuce and/or greens, tomato and/or carrots, other vegetables, no dressing"
1418,"Asian chicken or turkey garden salad, chicken and/or turkey, lettuce, fruit, nuts, no dressing"
1419,"Asian chicken or turkey garden salad with crispy noodles, chicken and/or turkey, lettuce, fruit, nuts, crispy noodles, no dressing"
1420,"Chicken or turkey caesar garden salad, chicken and/or turkey, lettuce, tomato, cheese, no dressing"
1421,"Chicken or turkey, breaded, fried, caesar garden salad, chicken and/or turkey, lettuce, tomatoes, cheese, no dressing"
1422,"Chicken or turkey and vegetables including carrots, broccoli, and/or dark-green leafy; no potatoes, cheese sauce"
1423,"Chicken or turkey and vegetables excluding carrots, broccoli, and dark-green leafy; no potatoes, cheese sauce"
1424,"Chicken or turkey fricassee, with sauce, no potatoes, potatoes reported separately, Puerto Rican style"
1425,"Chicken or turkey fricassee, no sauce, no potatoes, Puerto Rican style"
1426,Crab salad
1427,Lobster salad
1428,Salmon salad
1429,"Shrimp chow mein or chop suey, no noodles"
1430,"Tuna salad, made with mayonnaise"
1431,"Tuna salad, made with light mayonnaise"
1432,"Tuna salad, made with mayonnaise-type salad dressing"
1433,"Tuna salad, made with light mayonnaise-type salad dressing"
1434,"Tuna salad, made with creamy dressing"
1435,"Tuna salad, made with light creamy dressing"
1436,"Tuna salad, made with Italian dressing"
1437,"Tuna salad, made with light Italian dressing"
1438,"Tuna salad, made with any type of fat free dressing"
1439,Shrimp salad
1440,Seafood salad
1441,Tuna salad with cheese
1442,Tuna salad with egg
1443,"Shrimp garden salad, shrimp, lettuce, eggs, tomato and/or carrots, other vegetables, no dressing"
1444,"Shrimp garden salad, shrimp, lettuce, eggs, vegetables excluding tomato and carrots, no dressing"
1445,Crab salad made with imitation crab
1446,"Fish, tofu, and vegetables, tempura"
1447,"Seafood garden salad with seafood, lettuce, vegetables excluding tomato and carrots, no dressing"
1448,"Seafood garden salad with seafood, lettuce, tomato and/or carrots, other vegetables, no dressing"
1449,"Seafood garden salad with seafood, lettuce, eggs, vegetables excluding tomato and carrots, no dressing"
1450,"Seafood garden salad with seafood, lettuce, eggs, tomato and/or carrots, other vegetables, no dressing"
1451,Oysters Rockefeller
1452,Lomi salmon
1453,"Shrimp and vegetables including carrots, broccoli, and/or dark-green leafy; no potatoes, no sauce"
1454,"Shrimp and vegetables excluding carrots, broccoli, and dark-green leafy; no potatoes, no sauce"
1455,"Shrimp and vegetables including carrots, broccoli, and/or dark-green leafy; no potatoes, soy-based sauce"
1456,"Shrimp and vegetables excluding carrots, broccoli, and dark-green leafy; no potatoes, soy-based sauce"
1457,"Shrimp shish kabob with vegetables, excluding potatoes"
1458,"Shrimp creole, no rice"
1459,Kung Pao shrimp
1460,"Tuna casserole with vegetables and mushroom sauce, no noodles"
1461,"Shellfish mixture and vegetables including carrots, broccoli, and/or dark-green leafy; no potatoes, soy-based sauce"
1462,"Shellfish mixture and vegetables excluding carrots, broccoli, and dark-green leafy; no potatoes, soy-based sauce"
1463,"Shellfish mixture and vegetables including carrots, broccoli, and/or dark-green leafy; no potatoes, mushroom sauce"
1464,"Shellfish mixture and vegetables excluding carrots, broccoli, and dark-green leafy; no potatoes, mushroom sauce"
1465,"Fish and vegetables including carrots, broccoli, and/or dark-green leafy; no potatoes, tomato-based sauce"
1466,"Fish and vegetables excluding carrots, broccoli, and dark- green leafy; no potatoes, tomato-based sauce"
1467,"Fish and vegetables including carrots, broccoli, and/or dark-green leafy; no potatoes, soy-based sauce"
1468,"Fish and vegetables excluding  carrots, broccoli, and dark-green leafy; no potatoes, soy-based sauce"
1469,"Fish shish kabob with vegetables, excluding potatoes"
1470,"Fried fish with sauce, Puerto Rican style"
1471,"Lobster with sauce, Puerto Rican style"
1472,"Octopus salad, Puerto Rican style"
1473,"Codfish salad, Puerto Rican style, Serenata"
1474,"Chow mein or chop suey, NS as to type of meat, no noodles"
1475,Lau lau
1476,"Antipasto with ham, fish, cheese, vegetables"
1477,"Livers, chicken, chopped, with eggs and onion"
1478,"Liver, beef or calves, and onions"
1479,"Stewed chitterlings, Puerto Rican style"
1480,"Stewed gizzards, Puerto Rican style"
1481,"Gumbo, no rice"
1482,"Sandwich, NFS"
1483,"Sandwich wrap, NFS"
1484,"Barbecue sandwich, NFS"
1485,"Sloppy joe sandwich, on white bun"
1486,"Sloppy joe sandwich, on wheat bun"
1487,"Barbecue beef sandwich, on white bun"
1488,"Barbecue beef sandwich, on wheat bun"
1489,"Cheeseburger slider, from fast food"
1490,"Cheeseburger, NFS"
1491,"Cheeseburger, from fast food, 1 small patty"
1492,Cheeseburger (Burger King)
1493,Whopper Jr with cheese (Burger King)
1494,Cheeseburger (McDonalds)
1495,"Cheeseburger, from school cafeteria"
1496,Cheeseburger slider
1497,"Cheeseburger, on white bun, 1 small patty"
1498,"Cheeseburger, on wheat bun, 1 small patty"
1499,"Cheeseburger, from fast food, 1 medium patty"
1500,Quarter Pounder (McDonalds)
1501,Whopper with cheese (Burger King)
1502,Quarter Pounder with cheese (McDonalds)
1503,"Cheeseburger, on white bun, 1 medium patty"
1504,"Cheeseburger, on wheat bun, 1 medium patty"
1505,"Cheeseburger, on white bun, 1 large patty"
1506,"Cheeseburger, on wheat bun, 1 large patty"
1507,"Double cheeseburger, on white bun, 2 small patties"
1508,"Double cheeseburger, on wheat bun, 2 small patties"
1509,"Double cheeseburger, on white bun, 2 medium patties"
1510,"Double cheeseburger, on wheat bun, 2 medium patties"
1511,"Cheeseburger, from fast food, 1 large patty"
1512,"Double cheeseburger, on white bun, 2 large patties"
1513,"Double cheeseburger, on wheat bun, 2 large patties"
1514,"Double cheeseburger, from fast food, 2 small patties"
1515,Double cheeseburger (Burger King)
1516,Double cheeseburger (McDonalds)
1517,McDouble (McDonalds)
1518,Big Mac (McDonalds)
1519,"Double cheeseburger, from fast food, 2 medium patties"
1520,"Double cheeseburger, from fast food, 2 large patties"
1521,"Hamburger slider, from fast food"
1522,"Hamburger, NFS"
1523,"Hamburger, from fast food, 1 small patty"
1524,Hamburger (Burger King)
1525,Whopper Jr (Burger King)
1526,Hamburger (McDonalds)
1527,"Hamburger, from school cafeteria"
1528,Hamburger slider
1529,"Hamburger, on white bun, 1 small patty"
1530,"Hamburger, on wheat bun, 1 small patty"
1531,"Hamburger, from fast food, 1 medium patty"
1532,"Hamburger, from fast food, 1 large patty"
1533,Whopper (Burger King)
1534,"Hamburger, on white bun, 1 medium patty"
1535,"Hamburger, on wheat bun, 1 medium patty"
1536,"Hamburger, on white bun, 1 large patty"
1537,"Hamburger, on wheat bun, 1 large patty"
1538,"Double hamburger, on white bun, 2 small patties"
1539,"Double hamburger, on wheat bun, 2 small patties"
1540,"Double hamburger, on white bun, 2 medium patties"
1541,"Double hamburger, on wheat bun, 2 medium patties"
1542,"Double hamburger, on white bun, 2 large patties"
1543,"Double hamburger, on wheat bun, 2 large patties"
1544,"Double hamburger, from fast food, 2 small patties"
1545,"Double hamburger, from fast food, 2 medium patties"
1546,"Double hamburger, from fast food, 2 large patties"
1547,Meatball sandwich or sub
1548,Meatloaf sandwich
1549,"Chiliburger, with or without cheese, on bun"
1550,Corned beef sandwich on white
1551,"Corned beef sandwich on white, with cheese"
1552,Corned beef sandwich on wheat
1553,"Corned beef sandwich on wheat, with cheese"
1554,Reuben sandwich
1555,Roast beef sandwich on white
1556,"Roast beef sandwich on white, with cheese"
1557,Roast beef sandwich on wheat
1558,"Roast beef sandwich on wheat, with cheese"
1559,French dip sandwich
1560,Steak sandwich or sub on white
1561,Steak sandwich or sub on wheat
1562,Cheese steak sandwich or sub on white
1563,Cheese steak sandwich or sub on wheat
1564,Gyro sandwich
1565,"Hamburger wrap sandwich, from fast food"
1566,Ham sandwich on white
1567,"Ham sandwich on white, with cheese"
1568,Ham sandwich on wheat
1569,"Ham sandwich on wheat, with cheese"
1570,"Ham sandwich or sub, restaurant"
1571,"Ham sandwich or sub, with cheese, restaurant"
1572,Ham sandwich wrap
1573,Ham salad sandwich on white
1574,Ham salad sandwich on wheat
1575,Cuban sandwich
1576,Barbecue rib sandwich
1577,"Barbecue pork sandwich, on white bun"
1578,"Barbecue pork sandwich, on wheat bun"
1579,Pork sandwich
1580,"Pork sandwich, with cheese"
1581,"Bacon, lettuce, tomato sandwich on white"
1582,"Bacon, lettuce, tomato sandwich on wheat"
1583,Turkey sandwich on white
1584,"Turkey sandwich on white, with cheese"
1585,Turkey sandwich on wheat
1586,"Turkey sandwich on wheat, with cheese"
1587,"Turkey sandwich or sub, restaurant"
1588,"Turkey sandwich or sub, with cheese, restaurant"
1589,Turkey sandwich wrap
1590,"Chicken deli sandwich or sub, restaurant"
1591,"Chicken deli sandwich or sub, with cheese, restaurant"
1592,Chicken salad sandwich on white
1593,Chicken salad sandwich on wheat
1594,Chicken salad sandwich wrap
1595,Club sandwich on white
1596,"Club sandwich on white, with cheese"
1597,Club sandwich on wheat
1598,"Club sandwich on wheat, with cheese"
1599,"Club sandwich or sub, restaurant"
1600,"Barbecue chicken sandwich, on white bun"
1601,"Barbecue chicken sandwich, on wheat bun"
1602,"Chicken fillet sandwich, NFS"
1603,"Chicken fillet sandwich, from school cafeteria"
1604,"Chicken fillet biscuit, from fast food"
1605,"Chicken fillet sandwich, fried, from fast food"
1606,"Chicken fillet sandwich, fried, from fast food, with cheese"
1607,"Chicken fillet sandwich, grilled, from fast food"
1608,"Chicken fillet sandwich, grilled, from fast food, with cheese"
1609,"Chicken fillet sandwich, NS as to fried or grilled, from fast food"
1610,"Chicken fillet sandwich, fried, on white bun"
1611,"Chicken fillet sandwich, fried, on white bun; with cheese"
1612,"Chicken fillet sandwich, fried, on wheat bun"
1613,"Chicken fillet sandwich, fried, on wheat bun, with cheese"
1614,"Chicken fillet sandwich, grilled, on white bun"
1615,"Chicken fillet sandwich, grilled, on white bun, with cheese"
1616,"Chicken fillet sandwich, grilled, on wheat bun"
1617,"Chicken fillet sandwich, grilled, on wheat bun, with cheese"
1618,"Chicken fillet wrap sandwich, fried, from fast food"
1619,"Chicken fillet wrap sandwich, grilled, from fast food"
1620,"Turkey or chicken burger, on white bun"
1621,"Turkey or chicken burger, on wheat bun"
1622,"Fish sandwich, fried, from fast food"
1623,"Fish sandwich, fried, from fast food, with cheese"
1624,Crab cake sandwich
1625,Salmon cake sandwich
1626,Fried seafood sandwich
1627,"Fish sandwich, from school cafeteria"
1628,"Fish sandwich, NFS"
1629,"Fish sandwich, fried, on white bun"
1630,"Fish sandwich, fried, on white bun, with cheese"
1631,"Fish sandwich, fried, on wheat bun"
1632,"Fish sandwich, fried, on wheat bun, with cheese"
1633,"Fish sandwich, grilled"
1634,Fish wrap sandwich
1635,Sardine sandwich
1636,Tuna salad sandwich on white
1637,"Tuna salad sandwich on white, with cheese"
1638,Tuna salad sandwich on wheat
1639,"Tuna salad sandwich on wheat, with cheese"
1640,Tuna salad sandwich wrap
1641,Seafood salad sandwich
1642,Bologna sandwich on white
1643,"Bologna sandwich on white, with cheese"
1644,Bologna sandwich on wheat
1645,"Bologna sandwich on wheat, with cheese"
1646,Corn dog
1647,Pig in a blanket
1648,Salami sandwich on white
1649,"Salami sandwich on white, with cheese"
1650,Salami sandwich on wheat
1651,"Salami sandwich on wheat, with cheese"
1652,Italian sandwich on white
1653,Italian sandwich on wheat
1654,"Italian sandwich or sub, restaurant"
1655,Italian sausage sandwich on white
1656,Italian sausage sandwich on wheat
1657,Spam sandwich
1658,"Hot dog sandwich, NFS, on white bun"
1659,"Hot dog sandwich, NFS, on wheat bun"
1660,"Hot dog sandwich, NFS, on white bread"
1661,"Hot dog sandwich, NFS, on wheat bread"
1662,"Hot dog sandwich, beef, on white bun"
1663,"Hot dog sandwich, beef, on wheat bun"
1664,"Hot dog sandwich, beef, on white bread"
1665,"Hot dog sandwich, beef, on wheat bread"
1666,"Hot dog sandwich, meat and poultry, on white bun"
1667,"Hot dog sandwich, meat and poultry, on wheat bun"
1668,"Hot dog sandwich, meat and poultry, on white bread"
1669,"Hot dog sandwich, meat and poultry, on wheat bread"
1670,"Hot dog sandwich, turkey, on white bun"
1671,"Hot dog sandwich, turkey, on wheat bun"
1672,"Hot dog sandwich, turkey, on white bread"
1673,"Hot dog sandwich, turkey, on wheat bread"
1674,"Hot dog sandwich, reduced fat, on white bun"
1675,"Hot dog sandwich, reduced fat, on wheat bun"
1676,"Hot dog sandwich, reduced fat, on white bread"
1677,"Hot dog sandwich, reduced fat, on wheat bread"
1678,"Hot dog sandwich, vegetarian, on bun"
1679,"Hot dog sandwich, vegetarian, on bread"
1680,"Chili hot dog sandwich, on white bun"
1681,"Chili hot dog sandwich, on wheat bun"
1682,"Chili hot dog sandwich, on white bread"
1683,"Chili hot dog sandwich, on wheat bread"
1684,Multiple meat sandwich on white
1685,"Multiple meat sandwich on white, with cheese"
1686,Multiple meat sandwich on wheat
1687,"Multiple meat sandwich on wheat, with cheese"
1688,"Multiple meat sandwich or sub, restaurant"
1689,"Multiple meat sandwich or sub, with cheese, restaurant"
1690,Multiple meat sandwich wrap
1691,Turkey and ham sandwich on white
1692,"Turkey and ham sandwich on white, with cheese"
1693,Turkey and ham sandwich on wheat
1694,"Turkey and ham sandwich on wheat, with cheese"
1695,"Turkey and ham sandwich or sub, restaurant"
1696,"Turkey and ham sandwich or sub, with cheese, restaurant"
1697,"Frozen dinner, NFS"
1698,"Beef dinner, NFS, frozen meal"
1699,"Beef with vegetable, diet frozen meal"
1700,"Salisbury steak dinner, NFS, frozen meal"
1701,"Salisbury steak with gravy, potatoes, vegetable, frozen meal"
1702,"Salisbury steak with gravy, whipped potatoes, vegetable, dessert, frozen meal"
1703,"Salisbury steak with gravy, macaroni and cheese, frozen meal"
1704,"Beef, sliced, with gravy, potatoes, vegetable, frozen meal"
1705,"Meatballs, Swedish, in gravy, with noodles, diet frozen meal"
1706,"Beef with spaetzle or rice, vegetable, frozen meal"
1707,"Chicken dinner, NFS, frozen meal"
1708,"Chicken, fried, with potatoes, vegetable, frozen meal"
1709,"Chicken patty, or nuggets, boneless, breaded, potatoes, vegetable, frozen meal"
1710,"Chicken, fried, with potatoes, vegetable, dessert, frozen meal, large meat portion"
1711,"Teriyaki chicken with rice and vegetable, diet frozen meal"
1712,"Chicken with rice and vegetable, diet frozen meal"
1713,"Chicken and vegetables au gratin with rice, diet frozen entree"
1714,"Chicken and vegetable entree with rice, diet frozen meal"
1715,"Chicken with noodles and cheese sauce, diet frozen meal"
1716,"Chicken and vegetable entree with noodles, diet frozen meal"
1717,"Chicken in soy-based sauce, rice and vegetables, frozen meal"
1718,"Chicken and vegetable entree with noodles and cream sauce, frozen meal"
1719,"Turkey with vegetable, stuffing, diet frozen meal"
1720,"Turkey with gravy, dressing, potatoes, vegetable, frozen meal"
1721,"Fish in lemon-butter sauce with starch item, vegetable, frozen meal"
1722,"Shrimp and vegetables in sauce with noodles, diet frozen meal"
1723,"Meat loaf dinner, NFS, frozen meal"
1724,"Meat loaf with potatoes, vegetable, frozen meal"
1725,"Soup, meatball"
1726,"Soup, pho, with meat"
1727,"Soup, pho, no meat"
1728,"Soup, pepperpot"
1729,"Soup, beef, canned"
1730,"Soup, sopa or caldo de res"
1731,"Soup, pozole"
1732,"Soup, Italian wedding"
1733,"Soup, pork or ham"
1734,"Soup, broth"
1735,"Soup, chicken, canned"
1736,"Soup, chicken"
1737,"Soup, sopa or caldo de pollo"
1738,"Soup, hot and sour"
1739,"Soup, cream of chicken"
1740,"Soup, Manhattan clam chowder"
1741,"Soup, New England clam chowder"
1742,"Soup, bisque"
1743,Lobster gumbo
1744,Shrimp gumbo
1745,"Soup, fish or shrimp"
1746,"Gravy, poultry"
1747,"Gravy, beef"
1748,"Gravy, beef, fat free"
1749,"Gravy, poultry, fat free"
1750,"Gravy, made with soy sauce"
1751,"Gravy, NFS"
1752,Oyster sauce
1753,Mole sauce
1754,"Egg, whole, raw"
1755,"Egg, whole, cooked, NS as to cooking method"
1756,"Egg, whole, boiled or poached"
1757,"Egg, whole, fried, NS as to fat"
1758,"Egg, whole, fried no added fat"
1759,"Egg, whole, fried with margarine"
1760,"Egg, whole, fried with oil"
1761,"Egg, whole, fried with butter"
1762,"Egg, whole, fried with animal fat or meat drippings"
1763,"Egg, whole, fried with cooking spray"
1764,"Egg, whole, fried, NS as to fat type"
1765,"Egg, whole, fried, from fast food / restaurant"
1766,"Egg, whole, baked, NS as to fat"
1767,"Egg, whole, baked, no added fat"
1768,"Egg, whole, baked, fat added"
1769,"Egg, whole, pickled"
1770,"Egg, white only, raw"
1771,"Egg, white, cooked, NS as to fat"
1772,"Egg, white, cooked, no added fat"
1773,"Egg, white, cooked, fat added"
1774,"Egg, yolk only, raw"
1775,"Egg, yolk only, cooked, NS as to fat"
1776,"Egg, yolk only, cooked, no added fat"
1777,"Egg, yolk only, cooked, fat added"
1778,"Duck egg, cooked"
1779,"Goose egg, cooked"
1780,"Quail egg, canned"
1781,"Egg, creamed"
1782,"Egg, Benedict"
1783,"Egg, deviled"
1784,"Egg salad, made with mayonnaise"
1785,"Egg salad, made with light mayonnaise"
1786,"Egg salad, made with mayonnaise-type salad dressing"
1787,"Egg salad, made with light mayonnaise-type salad dressing"
1788,"Egg salad, made with creamy dressing"
1789,"Egg salad, made with light creamy dressing"
1790,"Egg salad, made with Italian dressing"
1791,"Egg salad, made with light Italian dressing"
1792,"Egg Salad, made with any type of fat free dressing"
1793,Huevos rancheros
1794,"Egg casserole with bread, cheese, milk and meat"
1795,"Egg foo yung, NFS"
1796,Chicken egg foo yung
1797,Pork egg foo yung
1798,Shrimp egg foo yung
1799,Beef egg foo yung
1800,"Egg omelet or scrambled egg, NS as to fat"
1801,"Egg omelet or scrambled egg, made with margarine"
1802,"Egg omelet or scrambled egg, made with oil"
1803,"Egg omelet or scrambled egg, made with butter"
1804,"Egg omelet or scrambled egg, made with animal fat or meat drippings"
1805,"Egg omelet or scrambled egg, made with cooking spray"
1806,"Egg omelet or scrambled egg, NS as to fat type"
1807,"Egg omelet or scrambled egg, no added fat"
1808,"Egg omelet or scrambled egg, from fast food / restaurant"
1809,"Egg omelet or scrambled egg, with cheese, made with margarine"
1810,"Egg omelet or scrambled egg, with cheese, made with oil"
1811,"Egg omelet or scrambled egg, with cheese, made with butter"
1812,"Egg omelet or scrambled egg, with cheese, made with animal fat or meat drippings"
1813,"Egg omelet or scrambled egg, with cheese, made with cooking spray"
1814,"Egg omelet or scrambled egg, with cheese, no added fat"
1815,"Egg omelet or scrambled egg, with meat, NS as to fat"
1816,"Egg omelet or scrambled egg, with meat, made with margarine"
1817,"Egg omelet or scrambled egg, with meat, made with oil"
1818,"Egg omelet or scrambled egg, with meat, made with butter"
1819,"Egg omelet or scrambled egg, with meat, made with animal fat or meat drippings"
1820,"Egg omelet or scrambled egg, with meat, made with cooking spray"
1821,"Egg omelet or scrambled egg, with meat, NS as to fat type"
1822,"Egg omelet or scrambled egg, with meat, no added fat"
1823,"Egg omelet or scrambled egg, with cheese and meat, NS as to fat"
1824,"Egg omelet or scrambled egg, with cheese and meat, made with margarine"
1825,"Egg omelet or scrambled egg, with cheese and meat, made with oil"
1826,"Egg omelet or scrambled egg, with cheese and meat, made with butter"
1827,"Egg omelet or scrambled egg, with cheese and meat, made with animal fat or meat drippings"
1828,"Egg omelet or scrambled egg, with cheese and meat, made with cooking spray"
1829,"Egg omelet or scrambled egg, with cheese and meat, NS as to fat type"
1830,"Egg omelet or scrambled egg, with cheese and meat, no added fat"
1831,"Egg omelet or scrambled egg, with tomatoes, fat added"
1832,"Egg omelet or scrambled egg, with tomatoes, no added fat"
1833,"Egg omelet or scrambled egg, with tomatoes, NS as to fat"
1834,"Egg omelet or scrambled egg, with dark-green vegetables, fat added"
1835,"Egg omelet or scrambled egg, with dark-green vegetables, no added fat"
1836,"Egg omelet or scrambled egg, with dark-green vegetables, NS as to fat"
1837,"Egg omelet or scrambled egg, with tomatoes and dark-green vegetables, fat added"
1838,"Egg omelet or scrambled egg, with tomatoes and dark-green vegetables, no fat added"
1839,"Egg omelet or scrambled egg, with tomatoes and dark-green vegetables, NS as to fat"
1840,"Egg omelet or scrambled egg, with vegetables other than dark green and/or tomatoes, fat added"
1841,"Egg omelet or scrambled egg, with vegetables other than dark green and/or tomatoes, no added fat"
1842,"Egg omelet or scrambled egg, with vegetables other than dark green and/or tomatoes, NS as to fat"
1843,"Egg omelet or scrambled egg, with cheese and tomatoes, fat added"
1844,"Egg omelet or scrambled egg, with cheese and tomatoes, no added fat"
1845,"Egg omelet or scrambled egg, with cheese and tomatoes, NS as to fat"
1846,"Egg omelet or scrambled egg, with cheese and dark-green vegetables, fat added"
1847,"Egg omelet or scrambled egg, with cheese and dark-green vegetables, no added fat"
1848,"Egg omelet or scrambled egg, with cheese and dark-green vegetables, NS as to fat"
1849,"Egg omelet or scrambled egg, with cheese, tomatoes, and dark-green vegetables, fat added"
1850,"Egg omelet or scrambled egg, with cheese, tomatoes, and dark-green vegetables, no added fat"
1851,"Egg omelet or scrambled egg, with cheese, tomatoes, and dark-green vegetables, NS as to fat"
1852,"Egg omelet or scrambled egg, with cheese and vegetables other than dark green and/or tomatoes, fat added"
1853,"Egg omelet or scrambled egg, with cheese and vegetables other than dark green and/or tomatoes, no added fat"
1854,"Egg omelet or scrambled egg, with cheese and vegetables other than dark green and/or tomatoes, NS as to fat"
1855,"Egg omelet or scrambled egg, with meat and tomatoes, fat added"
1856,"Egg omelet or scrambled egg, with meat and tomatoes, no added fat"
1857,"Egg omelet or scrambled egg, with meat and tomatoes, NS as to fat"
1858,"Egg omelet or scrambled egg, with meat and dark-green vegetables, fat added"
1859,"Egg omelet or scrambled egg, with meat and dark-green vegetables, no added fat"
1860,"Egg omelet or scrambled egg, with meat and dark-green vegetables, NS as to fat"
1861,"Egg omelet or scrambled egg, with meat, tomatoes, and dark-green vegetables, fat added"
1862,"Egg omelet or scrambled egg, with meat, tomatoes, and dark-green vegetables, no added fat"
1863,"Egg omelet or scrambled egg, with meat, tomatoes, and dark-green vegetables, NS as to fat"
1864,"Egg omelet or scrambled egg, with meat and vegetables other than dark-green and/or tomatoes, fat added"
1865,"Egg omelet or scrambled egg, with meat and vegetables other than dark-green and/or tomatoes, no added fat"
1866,"Egg omelet or scrambled egg, with meat and vegetables other than dark-green and/or tomatoes, NS as to fat"
1867,"Egg omelet or scrambled egg, with cheese, meat, and tomatoes, fat added"
1868,"Egg omelet or scrambled egg, with cheese, meat, and tomatoes, no added fat"
1869,"Egg omelet or scrambled egg, with cheese, meat, and tomatoes, NS as to fat"
1870,"Egg omelet or scrambled egg, with cheese, meat, and dark-green vegetables, fat added"
1871,"Egg omelet or scrambled egg, with cheese, meat, and dark-green vegetables, no added fat"
1872,"Egg omelet or scrambled egg, with cheese, meat, and dark-green vegetables, NS as to fat"
1873,"Egg omelet or scrambled egg, with cheese, meat, tomatoes, and dark-green vegetables, fat added"
1874,"Egg omelet or scrambled egg, with cheese, meat, tomatoes, and dark-green vegetables, no added fat"
1875,"Egg omelet or scrambled egg, with cheese, meat, tomatoes, and dark-green vegetables, NS as to fat"
1876,"Egg omelet or scrambled egg, with cheese, meat, and vegetables other than dark-green and/or tomatoes, fat added"
1877,"Egg omelet or scrambled egg, with cheese, meat, and vegetables other than dark-green and/or tomatoes, no added fat"
1878,"Egg omelet or scrambled egg, with cheese, meat, and vegetables other than dark-green and/or tomatoes, NS as to fat"
1879,"Egg omelet or scrambled egg, with potatoes and/or onions, fat added"
1880,"Egg omelet or scrambled egg, with potatoes and/or onions, no added fat"
1881,"Egg omelet or scrambled egg, with potatoes and/or onions, NS as to fat"
1882,Egg salad sandwich on white
1883,Egg salad sandwich on wheat
1884,"Soup, egg drop"
1885,"Egg white omelet, scrambled, or fried, NS as to fat"
1886,"Egg white omelet, scrambled, or fried, made with margarine"
1887,"Egg white omelet, scrambled, or fried, made with oil"
1888,"Egg white omelet, scrambled, or fried, made with butter"
1889,"Egg white omelet, scrambled, or fried, made with cooking spray"
1890,"Egg white omelet, scrambled, or fried, NS as to fat type"
1891,"Egg white omelet, scrambled, or fried, no added fat"
1892,"Egg white, omelet, scrambled, or fried, with cheese"
1893,"Egg white, omelet, scrambled, or fried, with meat"
1894,"Egg white, omelet, scrambled, or fried, with vegetables"
1895,"Egg white, omelet, scrambled, or fried, with cheese and meat"
1896,"Egg white, omelet, scrambled, or fried, with cheese and vegetables"
1897,"Egg white, omelet, scrambled, or fried, with meat and vegetables"
1898,"Egg white, omelet, scrambled, or fried, with cheese, meat, and vegetables"
1899,Meringues
1900,"Egg substitute, omelet, scrambled, or fried, fat added"
1901,"Egg substitute, omelet, scrambled, or fried, no added fat"
1902,"Egg substitute, omelet, scrambled, or fried, with cheese"
1903,"Egg substitute, omelet, scrambled, or fried, with meat"
1904,"Egg substitute, omelet, scrambled, or fried, with vegetables"
1905,"Egg substitute, omelet, scrambled, or fried, with cheese and meat"
1906,"Egg substitute, omelet, scrambled, or fried, with cheese and vegetables"
1907,"Egg substitute, omelet, scrambled, or fried, with meat and vegetables"
1908,"Egg substitute, omelet, scrambled, or fried, with cheese, meat, and vegetables"
1909,Egg sandwich on white bread
1910,"Egg sandwich on white bread, with cheese"
1911,"Egg sandwich on white bread, with meat"
1912,"Egg sandwich on white bread, with meat and cheese"
1913,Egg sandwich on wheat bread
1914,"Egg sandwich on wheat bread, with cheese"
1915,"Egg sandwich on wheat bread, with meat"
1916,"Egg sandwich on wheat bread, with meat and cheese"
1917,Egg sandwich on English muffin
1918,"Egg sandwich on English muffin, with sausage"
1919,"Egg sandwich on English muffin, with bacon"
1920,"Egg sandwich on English muffin, with ham"
1921,Egg sandwich on croissant
1922,"Egg sandwich on croissant, with sausage"
1923,"Egg sandwich on croissant, with bacon"
1924,"Egg sandwich on croissant, with ham"
1925,Egg sandwich on biscuit
1926,"Egg sandwich on biscuit, with sausage"
1927,"Egg sandwich on biscuit, with sausage and cheese"
1928,"Egg sandwich on biscuit, with bacon"
1929,"Egg sandwich on biscuit, with bacon and cheese"
1930,Egg sandwich on bagel
1931,"Egg sandwich on bagel, with sausage"
1932,"Egg sandwich on bagel, with bacon"
1933,"Egg sandwich on bagel, with ham"
1934,Egg sandwich on griddle/pancake
1935,"Egg sandwich on griddle/pancake, with meat"
1936,Egg white sandwich
1937,"Egg white sandwich, with cheese"
1938,"Egg white sandwich, with meat"
1939,Bacon biscuit sandwich
1940,Ham biscuit sandwich
1941,Sausage biscuit sandwich
1942,"Sausage biscuit sandwich, with cheese"
1943,Sausage English muffin sandwich
1944,Sausage griddle/pancake sandwich
1945,Egg burrito
1946,"Egg burrito, with sausage"
1947,"Egg burrito, with bacon"
1948,"Egg burrito, with ham"
1949,"Beans, NFS"
1950,"Beans, from dried, NS as to type, fat added"
1951,"Beans, from dried, NS as to type, no added fat"
1952,"Beans, from canned, NS as to type, fat added"
1953,"Beans, from canned, NS as to type, no added fat"
1954,"Beans, from fast food / restaurant, NS as to type"
1955,"White beans, NFS"
1956,"White beans, from dried, fat added"
1957,"White beans, from dried, no added fat"
1958,"White beans, from canned, fat added"
1959,"White beans, from canned, no added fat"
1960,"White beans, from canned, reduced sodium"
1961,"Black beans, NFS"
1962,"Black beans, from dried, fat added"
1963,"Black beans, from dried, no added fat"
1964,"Black beans, from canned, fat added"
1965,"Black beans, from canned, no added fat"
1966,"Black beans, from canned, reduced sodium"
1967,"Black beans, from fast food / restaurant"
1968,Black beans with meat
1969,"Fava beans, cooked"
1970,"Lima beans, NFS"
1971,"Lima beans, from dried"
1972,"Pink beans, cooked"
1973,"Pinto beans, NFS"
1974,"Pinto beans, from dried, fat added"
1975,"Pinto beans, from dried, no added fat"
1976,"Pinto beans, from canned, fat added"
1977,"Pinto beans, from canned, no added fat"
1978,"Pinto beans, from canned, reduced sodium"
1979,"Pinto beans, from fast food / restaurant"
1980,Pinto beans with meat
1981,"Kidney beans, NFS"
1982,"Kidney beans, from dried, fat added"
1983,"Kidney beans, from dried, no added fat"
1984,"Kidney beans, from canned, fat added"
1985,"Kidney beans, from canned, no added fat"
1986,"Kidney beans, from canned, reduced sodium"
1987,"Kidney beans, from fast food / restaurant"
1988,Kidney beans with meat
1989,"Peruvian beans, from dried"
1990,"Soybeans, cooked"
1991,"Mung beans, cooked"
1992,Baked beans
1993,"Baked beans, vegetarian"
1994,Baked beans from fast food / restaurant
1995,"Beans and tomatoes, no added fat"
1996,"Beans and tomatoes, fat added"
1997,Black bean salad
1998,Refried beans
1999,"Refried beans, from fast food / restaurant"
2000,Refried beans with meat
2001,"Refried beans, from canned, reduced sodium"
2002,"Bean dip, made with refried beans"
2003,Layer dip
2004,"Hummus, plain"
2005,"Hummus, flavored"
2006,Black bean sauce
2007,Beans and franks
2008,Pork and beans
2009,"Beans with meat, NS as to type"
2010,Falafel
2011,Bean cake
2012,"Baked beans, reduced sodium"
2013,"Chili, vegetarian"
2014,"Blackeyed peas, NFS"
2015,"Blackeyed peas, from dried"
2016,"Chickpeas, NFS"
2017,"Chickpeas, from dried, fat added"
2018,"Chickpeas, from dried, no added fat"
2019,"Chickpeas, from canned, fat added"
2020,"Chickpeas, from canned, no added fat"
2021,"Chickpeas, from canned, reduced sodium"
2022,"Split peas, from dried, no added fat"
2023,"Split peas, from dried, fat added"
2024,Wasabi peas
2025,"Lentils, NFS"
2026,"Lentils, from dried, fat added"
2027,"Lentils, from dried, no added fat"
2028,"Lentils, from canned"
2029,Dal
2030,Bean chips
2031,"Papad, grilled or broiled"
2032,"Sambar, vegetable stew"
2033,Lentil curry
2034,Lentil curry with rice
2035,Soy nuts
2036,Soy chips
2037,Soybean curd
2038,"Edamame, cooked"
2039,Soybean curd cheese
2040,Miso sauce
2041,Hoisin sauce
2042,Soy sauce
2043,"Soy sauce, reduced sodium"
2044,"Yogurt, soy"
2045,Teriyaki sauce
2046,"Teriyaki sauce, reduced sodium"
2047,Worcestershire sauce
2048,"Soybean curd, deep fried"
2049,"Soybean curd, breaded, fried"
2050,"Vermicelli, made from soybeans"
2051,"Textured vegetable protein, dry"
2052,"Frozen dessert, non-dairy"
2053,"Soup, bean"
2054,"Soup, bean, canned"
2055,"Soup, miso or tofu"
2056,"Soup, bean, canned, reduced sodium"
2057,"Soup, bean, with meat"
2058,"Soup, split pea, with meat"
2059,"Soup, split pea"
2060,"Soup, lentil, canned"
2061,"Soup, lentil, canned, reduced sodium"
2062,"Soup, lentil"
2063,"Soup, lentil, with meat"
2064,"Soup, mulligatawany"
2065,"Bacon strip, meatless"
2066,Bacon bits
2067,"Breakfast link, pattie, or slice, meatless"
2068,"Chicken, meatless, NFS"
2069,"Hot dog, vegetarian"
2070,"Luncheon slice, meatless-beef, chicken, salami or turkey"
2071,"Meatball, meatless"
2072,"Veggie burger patty, no bun"
2073,"Swiss steak, with gravy, meatless"
2074,"Pot pie, no meat"
2075,"Tofu and vegetables including carrots, broccoli, and/or dark-green leafy; no potatoes, with soy-based sauce"
2076,"Tofu and vegetables excluding carrots, broccoli, and dark-green leafy; no potatoes, with soy-based sauce"
2077,"Vegetarian, fillet"
2078,Vegetarian stew
2079,Vegetarian stroganoff
2080,"Veggie burger, on bun"
2081,"Veggie burger, on bun, with cheese"
2082,Falafel sandwich
2083,"Nuts, NFS"
2084,"Almonds, NFS"
2085,"Almonds, unroasted"
2086,"Almonds, salted"
2087,"Almonds, lightly salted"
2088,"Almonds, unsalted"
2089,"Almonds, flavored"
2090,"Almonds, honey roasted"
2091,Brazil nuts
2092,"Cashews, NFS"
2093,"Cashews, unroasted"
2094,"Cashews, salted"
2095,"Cashews, lightly salted"
2096,"Cashews, unsalted"
2097,"Cashews, honey roasted"
2098,Chestnuts
2099,"Coconut, fresh"
2100,"Coconut, packaged"
2101,Hazelnuts
2102,Macadamia nuts
2103,"Mixed nuts, NFS"
2104,"Mixed nuts, unroasted"
2105,"Mixed nuts, with peanuts, salted"
2106,"Mixed nuts, with peanuts, lightly salted"
2107,"Mixed nuts, with peanuts, unsalted"
2108,"Mixed nuts, without peanuts, salted"
2109,"Mixed nuts, without peanuts, unsalted"
2110,"Mixed nuts, honey roasted"
2111,"Peanuts, NFS"
2112,"Peanuts, boiled"
2113,"Peanuts, unroasted"
2114,"Peanuts, roasted, salted"
2115,"Peanuts, roasted, unsalted"
2116,"Peanuts, dry roasted, salted"
2117,"Peanuts, dry roasted, lightly salted"
2118,"Peanuts, dry roasted, unsalted"
2119,"Peanuts, honey roasted"
2120,"Pecans, NFS"
2121,"Pecans, unroasted"
2122,"Pecans, salted"
2123,"Pecans, unsalted"
2124,"Pecans, honey roasted"
2125,Pine nuts
2126,"Pistachio nuts, NFS"
2127,"Pistachio nuts, salted"
2128,"Pistachio nuts, lightly salted"
2129,"Pistachio nuts, unsalted"
2130,"Walnuts, excluding honey roasted"
2131,"Walnuts, honey roasted"
2132,Almond butter
2133,"Almond butter, lower sodium"
2134,Almond paste
2135,Cashew butter
2136,Peanut butter
2137,"Peanut butter, lower sodium"
2138,"Peanut butter, lower sodium and lower sugar"
2139,"Peanut butter, lower sugar"
2140,"Peanut butter, reduced fat"
2141,"Peanut butter, vitamin and mineral fortified"
2142,Peanut butter and jelly
2143,Peanut butter and chocolate spread
2144,Soy nut butter
2145,Peanut sauce
2146,"Soup, peanut"
2147,"Gravy, vegetarian"
2148,"Peanut butter sandwich, NFS"
2149,"Peanut butter sandwich, with regular peanut butter, on white bread"
2150,"Peanut butter sandwich, with regular peanut butter, on wheat bread"
2151,"Peanut butter sandwich, with reduced fat peanut butter, on white bread"
2152,"Peanut butter sandwich, with reduced fat peanut butter, on wheat bread"
2153,"Peanut butter and jelly sandwich, NFS"
2154,"Peanut butter and jelly sandwich, with regular peanut butter, regular jelly, on white bread"
2155,"Peanut butter and jelly sandwich, with regular peanut butter, regular jelly, on wheat bread"
2156,"Peanut butter and jelly sandwich, with reduced fat peanut butter, on white bread"
2157,"Peanut butter and jelly sandwich, with reduced fat peanut butter, on wheat bread"
2158,"Peanut butter and jelly sandwich, with regular peanut butter, reduced sugar jelly, on white bread"
2159,"Peanut butter and jelly sandwich, with regular peanut butter, reduced sugar jelly, on wheat bread"
2160,"Peanut butter and jelly sandwich, frozen commercial product without crusts"
2161,"Almond butter sandwich, on white bread"
2162,"Almond butter sandwich, on wheat bread"
2163,"Almond butter and jelly sandwich, on white bread"
2164,"Almond butter and jelly sandwich, on wheat bread"
2165,Nutella sandwich on white bread
2166,Nutella sandwich on wheat bread
2167,"Coconut milk, used in cooking"
2168,"Yogurt, coconut milk"
2169,"Yogurt, almond milk"
2170,"Coconut cream, canned, sweetened"
2171,"Coconut water, unsweetened"
2172,"Coconut water, sweetened"
2173,"Trail mix, NFS"
2174,Trail mix with nuts
2175,Trail mix with nuts and fruit
2176,Trail mix with chocolate
2177,"Trail mix with pretzels, cereal, or granola"
2178,"Pumpkin seeds, NFS"
2179,"Pumpkin seeds, salted"
2180,"Pumpkin seeds, unsalted"
2181,"Sunflower seeds, plain, unsalted"
2182,"Sunflower seeds, plain, salted"
2183,"Sunflower seeds, flavored"
2184,"Sunflower seeds, NFS"
2185,Sesame seeds
2186,Tahini
2187,Flax seeds
2188,Mixed seeds
2189,Chia seeds
2190,"Bread, NS as to major flour"
2191,"Bread, NS as to major flour, toasted"
2192,"Bread, made from home recipe or purchased at a bakery, NS as to major flour"
2193,"Bread, made from home recipe or purchased at a bakery, toasted, NS as to major flour"
2194,"Roll, NS as to major flour"
2195,"Roll, hard, NS as to major flour"
2196,"Roll, bran, NS as to type of bran"
2197,"Bread, white"
2198,"Bread, white, toasted"
2199,"Bread, white, made from home recipe or purchased at a bakery"
2200,"Bread, white, made from home recipe or purchased at a bakery, toasted"
2201,"Bread, white with whole wheat swirl"
2202,"Bread, white with whole wheat swirl, toasted"
2203,"Bread, Cuban"
2204,"Bread, Cuban, toasted"
2205,"Bread, native, water, Puerto Rican style"
2206,"Bread, native, water, toasted, Puerto Rican style"
2207,"Bread, lard, Puerto Rican style"
2208,"Bread, lard, toasted, Puerto Rican style"
2209,"Bread, French or Vienna"
2210,"Bread, French or Vienna, toasted"
2211,"Focaccia, Italian, plain"
2212,"Bread, naan"
2213,"Bread, Italian, Grecian, Armenian"
2214,"Bread, Italian, Grecian, Armenian, toasted"
2215,"Bread, pita"
2216,"Bread, pita with fruit"
2217,"Bread, cheese, toasted"
2218,"Bread, cinnamon, toasted"
2219,"Bread, cornmeal and molasses"
2220,"Bread, cornmeal and molasses, toasted"
2221,"Bread, egg, Challah"
2222,"Bread, egg, Challah, toasted"
2223,"Garlic bread, NFS"
2224,"Garlic bread, from fast food / restaurant"
2225,"Garlic bread, from frozen"
2226,"Garlic bread, with parmesan cheese, from fast food / restaurant"
2227,"Garlic bread, with parmesan cheese, from frozen"
2228,"Garlic bread, with melted cheese, from fast food / restaurant"
2229,"Garlic bread, with melted cheese, from frozen"
2230,"Bread, onion"
2231,"Bread, onion, toasted"
2232,"Bread, reduced calorie and/or high fiber, white or NFS"
2233,"Bread, reduced calorie and/or high fiber, white or NFS, toasted"
2234,"Bread, reduced calorie and/or high fiber, white or NFS, with fruit and/or nuts"
2235,"Bread, reduced calorie and/or high fiber, white or NFS, with fruit and/or nuts, toasted"
2236,"Bread, white, special formula, added fiber"
2237,"Bread, white, special formula, added fiber, toasted"
2238,"Bread, high protein, toasted"
2239,"Bread, potato, toasted"
2240,"Bread, raisin"
2241,"Bread, raisin, toasted"
2242,"Bread, sour dough"
2243,"Bread, sour dough, toasted"
2244,"Bread, sweet potato"
2245,"Bread, sweet potato, toasted"
2246,"Bread, vegetable"
2247,"Bread, vegetable, toasted"
2248,Bruschetta
2249,"Bread, dough, fried"
2250,"Roll, white, soft"
2251,"Roll, white, hard"
2252,"Roll, white, hot dog bun"
2253,"Roll, white, hamburger bun"
2254,"Roll, diet"
2255,"Roll, egg bread"
2256,"Roll, cheese"
2257,"Roll, French or Vienna"
2258,"Roll, garlic"
2259,"Roll, white, hoagie, submarine"
2260,"Roll, Mexican, bolillo"
2261,"Roll, sour dough"
2262,"Roll, sweet, no frosting"
2263,"Roll, sweet, cinnamon bun, no frosting"
2264,"Roll, sweet, cinnamon bun, frosted"
2265,"Pan dulce, NFS"
2266,"Pan Dulce, with fruit, no frosting"
2267,"Roll, sweet, with fruit, frosted"
2268,"Roll, sweet, with fruit, frosted, diet"
2269,"Roll, sweet, frosted"
2270,"Pan Dulce, no topping"
2271,"Pan Dulce, with sugar topping"
2272,"Pan Dulce, with raisins and icing"
2273,"Coffee cake, yeast type"
2274,Croissant
2275,"Croissant, cheese"
2276,"Croissant, chocolate"
2277,"Croissant, fruit"
2278,Brioche
2279,"Bread, Spanish coffee"
2280,Bagel
2281,"Bagel, with raisins"
2282,"Bagel, with fruit other than raisins"
2283,Bread stuffing
2284,Bread stuffing made with egg
2285,"Breadsticks, NFS"
2286,"Breadsticks, hard, NFS"
2287,"Breadsticks, hard, reduced sodium"
2288,"Breadsticks, soft, NFS"
2289,"Breadsticks, soft, fast food / restaurant"
2290,"Breadsticks, soft, frozen"
2291,"Breadsticks, soft, with parmesan cheese, fast food / restaurant"
2292,"Breadsticks, soft, stuffed or topped with melted cheese"
2293,Croutons
2294,"Muffin, English"
2295,"Muffin, English, with raisins"
2296,"Muffin, English, cheese"
2297,"Muffin, English, with fruit other than raisins"
2298,Melba toast
2299,Anisette toast
2300,Pannetone
2301,Zwieback toast
2302,"Bread, whole grain white"
2303,"Bread, whole grain white, toasted"
2304,"Bagel, whole grain white"
2305,"Bread, whole wheat"
2306,"Bread, whole wheat, toasted"
2307,"Bread, whole wheat, made from home recipe or purchased at bakery"
2308,"Bread, whole wheat, made from home recipe or purchased at bakery, toasted"
2309,"Bread, chappatti or roti"
2310,"Bread, puri"
2311,"Bread, paratha"
2312,"Bread, whole wheat, with raisins"
2313,"Bread, whole wheat, with raisins, toasted"
2314,"Bread, sprouted wheat"
2315,"Bread, sprouted wheat, toasted"
2316,"Bread, wheat or cracked wheat"
2317,"Bread, wheat or cracked wheat, toasted"
2318,"Bread, wheat or cracked wheat, made from home recipe or purchased at bakery"
2319,"Bread, wheat or cracked wheat, made from home recipe or purchased at bakery, toasted"
2320,"Bread, wheat or cracked wheat, with raisins"
2321,"Bread, wheat or cracked wheat, with raisins, toasted"
2322,"Bread, wheat or cracked wheat, reduced calorie and/or high fiber"
2323,"Bread, wheat or cracked wheat, reduced calorie and/or high fiber, toasted"
2324,"Bread, French or Vienna, whole wheat"
2325,"Bread, French or Vienna, whole wheat, toasted"
2326,"Bread, pita, whole wheat"
2327,"Bread, pita, wheat or cracked wheat"
2328,"Bagel, wheat"
2329,"Bagel, whole wheat"
2330,"Bagel, wheat, with raisins"
2331,"Bagel, whole wheat, with raisins"
2332,"Bagel, wheat, with fruit and nuts"
2333,"Bagel, wheat bran"
2334,"Muffin, English, wheat bran"
2335,"Muffin, English, wheat bran, with raisins"
2336,"Muffin, English, wheat or cracked wheat"
2337,"Muffin, English, whole wheat"
2338,"Muffin, English, wheat or cracked wheat, with raisins"
2339,"Muffin, English, whole wheat, with raisins"
2340,"Muffin, English, whole grain white"
2341,"Breadsticks, hard, whole wheat"
2342,"Roll, wheat or cracked wheat"
2343,"Roll, wheat or cracked wheat, hot dog bun"
2344,"Roll, wheat or cracked wheat, hamburger bun"
2345,"Roll, whole wheat"
2346,"Roll, whole wheat, hot dog bun"
2347,"Roll, whole wheat, hamburger bun"
2348,"Roll, whole grain white"
2349,"Roll, whole grain white, hot dog bun"
2350,"Roll, whole grain white, hamburger bun"
2351,"Bread, marble rye and pumpernickel"
2352,"Bread, marble rye and pumpernickel, toasted"
2353,"Muffin, English, rye"
2354,"Bread, pumpernickel, toasted"
2355,"Bagel, pumpernickel"
2356,"Muffin, English, pumpernickel"
2357,"Bread, black"
2358,"Bread, black, toasted"
2359,"Roll, rye"
2360,"Roll, pumpernickel"
2361,"Bagel, oat bran"
2362,"Roll, oatmeal"
2363,"Muffin, English, oat bran"
2364,"Muffin, English, oat bran, with raisins"
2365,"Bread, multigrain, toasted"
2366,"Bread, multigrain"
2367,"Bread, multigrain, with raisins"
2368,"Bread, multigrain, with raisins, toasted"
2369,"Bread, multigrain, reduced calorie and/or high fiber"
2370,"Bread, multigrain, reduced calorie and/or high fiber, toasted"
2371,"Roll, multigrain"
2372,"Roll, multigrain, hot dog bun"
2373,"Roll, multigrain, hamburger bun"
2374,"Bagel, multigrain"
2375,"Bagel, multigrain, with raisins"
2376,"Muffin, English, multigrain"
2377,"Bread, barley"
2378,"Bread, barley, toasted"
2379,"Bread, soy"
2380,"Bread, soy, toasted"
2381,"Bread, sunflower meal"
2382,"Bread, sunflower meal, toasted"
2383,"Bread, rice"
2384,"Bread, rice, toasted"
2385,"Injera, Ethiopian bread"
2386,"Bread, gluten free"
2387,"Bread, gluten free, toasted"
2388,"Breadsticks, hard, gluten free"
2389,"Roll, gluten free"
2390,"Biscuit, NFS"
2391,"Biscuit, from refrigerated dough"
2392,"Biscuit, from fast food / restaurant"
2393,"Biscuit, home recipe"
2394,"Biscuit, wheat"
2395,"Biscuit, cheese"
2396,Biscuit with fruit
2397,Scone
2398,"Scone, with fruit"
2399,"Cornbread, prepared from mix"
2400,"Cornbread, made from home recipe"
2401,Cornbread stuffing
2402,"Cornbread muffin, stick, round"
2403,"Cornbread muffin, stick, round, made from home recipe"
2404,"Corn flour patty or tart, fried"
2405,"Corn pone, baked"
2406,"Corn pone, fried"
2407,"Gordita/sope shell, plain, no filling"
2408,Hush puppy
2409,Johnnycake
2410,Spoonbread
2411,"Tortilla, NFS"
2412,"Tortilla, corn"
2413,"Tortilla, flour"
2414,"Tortilla, whole wheat"
2415,"Taco shell, corn"
2416,"Taco shell, flour"
2417,Arepa Dominicana
2418,"Muffin, NFS"
2419,"Muffin, fruit"
2420,"Muffin, fruit, low fat"
2421,"Muffin, chocolate chip"
2422,"Muffin, chocolate"
2423,"Muffin, whole wheat"
2424,"Muffin, wheat"
2425,"Muffin, whole grain"
2426,"Muffin, wheat bran"
2427,"Muffin, bran with fruit, lowfat"
2428,"Muffin, oatmeal"
2429,"Muffin, oat bran"
2430,"Muffin, plain"
2431,"Muffin, cheese"
2432,"Muffin, pumpkin"
2433,"Muffin, zucchini"
2434,"Muffin, carrot"
2435,Popover
2436,"Bread, Boston Brown"
2437,"Bread, nut"
2438,"Bread, pumpkin"
2439,"Bread, fruit"
2440,"Bread, zucchini"
2441,"Bread, Irish soda"
2442,"Cake or cupcake, NFS"
2443,"Cake, angel food"
2444,"Cake or cupcake, apple"
2445,"Cake or cupcake, banana"
2446,"Cake or cupcake, Black Forest"
2447,"Cake, Boston cream pie"
2448,"Cake or cupcake, carrot"
2449,"Cake or cupcake, coconut"
2450,"Cheesecake, plain"
2451,"Cheesecake, fruit"
2452,"Cheesecake, chocolate"
2453,"Cake or cupcake, chocolate with white icing, bakery"
2454,"Cake or cupcake, chocolate with white icing, from mix"
2455,"Cake or cupcake, chocolate with chocolate icing, bakery"
2456,"Cake or cupcake, chocolate with chocolate icing, from mix"
2457,"Cake or cupcake, chocolate, no icing"
2458,"Cake or cupcake, German chocolate"
2459,"Cake or cupcake, gluten free"
2460,"Cake, chocolate, flourless"
2461,"Cake, cream"
2462,"Snack cake, chocolate"
2463,"Snack cake, white"
2464,"Cake, fruit cake"
2465,"Cake or cupcake, gingerbread"
2466,Ice cream cake
2467,"Cake, jelly roll"
2468,"Cake or cupcake, lemon"
2469,"Cake or cupcake, marble"
2470,"Cake or cupcake, peanut butter"
2471,"Cake, pound"
2472,"Cake or cupcake, pumpkin"
2473,"Cake or cupcake, red velvet"
2474,"Cake or cupcake, spice"
2475,"Cake, sponge"
2476,"Cake or cupcake, strawberry"
2477,"Cake, torte"
2478,"Cake, tres leche"
2479,"Cake, pineapple, upside down"
2480,"Cake or cupcake, white with white icing, bakery"
2481,"Cake or cupcake, white with white icing, from mix"
2482,"Cake or cupcake, white with chocolate icing, bakery"
2483,"Cake or cupcake, white with chocolate icing, from mix"
2484,"Cake or cupcake, white, no icing"
2485,"Cake, strawberry shortcake"
2486,"Cake or cupcake, zucchini"
2487,"Cookie, batter or dough, raw"
2488,"Cookie, NFS"
2489,"Cookie, almond"
2490,"Cookie, applesauce"
2491,"Cookie, biscotti"
2492,"Cookie, brownie, NS as to icing"
2493,"Cookie, brownie, without icing"
2494,"Cookie, brownie, with icing or filling"
2495,"Cookie, brownie, reduced fat, NS as to icing"
2496,"Cookie, butterscotch, brownie"
2497,"Cookie, bar, with chocolate"
2498,"Cookie, chocolate chip"
2499,"Cookie, chocolate chip, made from home recipe or purchased at a bakery"
2500,"Cookie, chocolate chip, reduced fat"
2501,"Cookie, chocolate chip sandwich"
2502,"Cookie, chocolate, made with rice cereal"
2503,"Cookie, chocolate, made with oatmeal and coconut, no bake"
2504,"Cookie, chocolate or fudge"
2505,"Cookie, marshmallow, chocolate-covered"
2506,"Cookie, marshmallow pie, chocolate covered"
2507,"Cookie, sugar wafer, chocolate-covered"
2508,"Cookie, chocolate sandwich"
2509,"Cookie, chocolate sandwich, reduced fat"
2510,"Cookie, chocolate, sandwich, with extra filling"
2511,"Cookie, chocolate and vanilla sandwich"
2512,"Cookie, chocolate wafer"
2513,"Cookie, graham cracker with chocolate and marshmallow"
2514,"Cookie bar, with chocolate, nuts, and graham crackers"
2515,"Cookie, coconut"
2516,"Cookie, fruit-filled bar"
2517,"Cookie, fig bar"
2518,"Cookie, fortune"
2519,"Cookie, cone shell, ice cream type, wafer or cake"
2520,"Cookie, gingersnaps"
2521,"Cookie, granola"
2522,"Cookie, ladyfinger"
2523,"Cookie, lemon bar"
2524,"Cookie, macaroon"
2525,"Cookie, marshmallow, with coconut"
2526,"Cookie, marshmallow, with rice cereal, no bake"
2527,"Cookie, marshmallow, with rice cereal and chocolate chips"
2528,"Cookie, marshmallow and peanut butter, with oat cereal, no bake"
2529,"Cookie, meringue"
2530,"Cookie, molasses"
2531,"Cookie, Lebkuchen"
2532,"Cookie, multigrain, high fiber"
2533,"Cookie, oatmeal"
2534,"Cookie, oatmeal, with raisins"
2535,"Cookie, oatmeal, reduced fat, NS as to raisins"
2536,"Cookie, oatmeal sandwich, with creme filling"
2537,"Cookie, oatmeal, with chocolate chips"
2538,"Cookie, oatmeal sandwich, with peanut butter and jelly filling"
2539,"Cookie, oatmeal, with chocolate and peanut butter, no bake"
2540,"Cookie, peanut butter"
2541,"Cookie, peanut butter, with chocolate"
2542,"Cookie, peanut butter with rice cereal, no bake"
2543,"Cookie, peanut butter sandwich"
2544,"Cookie, Pfeffernusse"
2545,"Cookie, Pizzelle"
2546,"Cookie, pumpkin"
2547,"Cookie, raisin"
2548,"Cookie, raisin sandwich, cream-filled"
2549,"Cookie, rum ball, no bake"
2550,"Cookie, sandwich-type, not chocolate or vanilla"
2551,"Cookie, shortbread"
2552,"Cookie, shortbread, reduced fat"
2553,"Cookie, shortbread, with icing or filling"
2554,Pocky
2555,"Cookie, animal"
2556,"Cookie, animal, with frosting or icing"
2557,"Cookie, butter or sugar"
2558,Marie biscuit
2559,"Cookie, butter or sugar, with fruit and/or nuts"
2560,"Cookie, sugar wafer"
2561,"Cookie, toffee bar"
2562,"Cookie, vanilla sandwich"
2563,"Cookie, vanilla sandwich, extra filling"
2564,"Cookie, vanilla sandwich, reduced fat"
2565,"Cookie, butter or sugar, with icing or filling other than chocolate"
2566,"Cookie, tea, Japanese"
2567,"Cookie, vanilla wafer"
2568,"Cookie, vanilla wafer, reduced fat"
2569,"Cookie, rugelach"
2570,"Cookie, chocolate chip, reduced sugar"
2571,"Cookie, oatmeal, reduced sugar"
2572,"Cookie, sandwich, reduced sugar"
2573,"Cookie, sugar or plain, sugar free"
2574,"Cookie, sugar wafer, sugar free"
2575,"Cookie, peanut butter, sugar free"
2576,"Cookie, gluten free"
2577,"Cookies, Puerto Rican style"
2578,"Pie, NFS"
2579,"Tart, all types"
2580,"Pie, apple"
2581,"Pie, apple, fast food"
2582,"Pie, berry"
2583,"Pie, blueberry"
2584,"Pie, cherry"
2585,"Pie, lemon"
2586,"Pie, key lime"
2587,"Pie, strawberry"
2588,"Pie, banana cream"
2589,"Pie, chocolate cream"
2590,"Pie, coconut cream"
2591,"Pie, custard"
2592,Dessert pizza
2593,"Pie, peanut butter cream"
2594,"Pie, pineapple cream"
2595,"Pie, pumpkin"
2596,"Pie, sweet potato"
2597,"Pie, vanilla cream"
2598,"Pie, lemon meringue"
2599,"Pie, pecan"
2600,"Pie, oatmeal"
2601,Pie shell
2602,"Pie shell, graham cracker"
2603,"Cobbler, apple"
2604,"Cobbler, berry"
2605,"Cobbler, cherry"
2606,"Cobbler, peach"
2607,"Crisp, apple"
2608,"Fritter, plain"
2609,"Fritter, fruit"
2610,"Crisp, berry"
2611,"Crisp, cherry"
2612,"Crisp, peach"
2613,"Cream puff, eclair, custard or cream filled, NS as to icing"
2614,"Cream puff, eclair, custard or cream filled, not iced"
2615,"Cream puff, eclair, custard or cream filled, iced, reduced fat"
2616,"Cream puff, no filling or icing"
2617,"Sopaipilla, without syrup or honey"
2618,Sopaipilla with syrup or honey
2619,"Crepe, chocolate filled"
2620,"Crepe, fruit filled"
2621,"Tamale, sweet"
2622,"Strudel, berry"
2623,"Strudel, cherry"
2624,"Strudel, cheese"
2625,"Strudel, peach"
2626,Baklava
2627,Basbousa
2628,"Turnover, fruit"
2629,"Pastry, fruit-filled"
2630,"Pastry, made with bean or lotus seed paste filling, baked"
2631,"Pastry, made with bean paste and salted egg yolk filling, baked"
2632,"Pastry, Chinese, made with rice flour"
2633,"Pastry, cookie type, fried"
2634,"Pastry, Italian, with cheese"
2635,"Pastry, puff"
2636,"Pastry, puff, custard or cream filled, iced or not iced"
2637,Cheese pastry puffs
2638,"Pastry, mainly flour and water, fried"
2639,"Empanada, fruit"
2640,"Breakfast pastry, NFS"
2641,"Danish pastry, plain or spice"
2642,"Danish pastry, with fruit"
2643,"Danish pastry, with cheese"
2644,"Doughnut, NFS"
2645,"Doughnut, cake type, plain"
2646,"Doughnut, chocolate"
2647,"Doughnut, cake type, powdered sugar"
2648,"Doughnut, cake type, with icing"
2649,"Doughnut, cake type, chocolate icing"
2650,"Doughnut, chocolate, with chocolate icing"
2651,Doughnut holes
2652,Churros
2653,Beignet
2654,"Doughnut, yeast type"
2655,"Doughnut, yeast type, with chocolate icing"
2656,"Doughnut, jelly"
2657,"Doughnut, custard-filled"
2658,"Doughnut, custard-filled, with icing"
2659,Breakfast tart
2660,"Breakfast tart, lowfat"
2661,"Coffee cake, crumb or quick-bread type"
2662,"Coffee cake, crumb or quick-bread type, with fruit"
2663,"Coffee cake, crumb or quick-bread type, cheese-filled"
2664,Cereal or granola bar (General Mills Fiber One Chewy Bar)
2665,Cereal or granola bar (Kellogg's Nutri-Grain Cereal Bar)
2666,Cereal or granola bar (Kellogg's Nutri-Grain Yogurt Bar)
2667,Cereal or granola bar (Kellogg's Nutri-Grain Fruit and Nut Bar)
2668,Milk 'n Cereal bar
2669,Cereal or granola bar (Kellogg's Special K bar)
2670,Cereal or granola bar (Kashi Chewy)
2671,Cereal or granola bar (Kashi Crunchy)
2672,Cereal or granola bar (KIND Fruit and Nut Bar)
2673,Cereal or granola bar (General Mills Nature Valley Chewy Trail Mix)
2674,"Cereal or granola bar, with yogurt coating (General Mills Nature Valley Chewy Granola Bar)"
2675,Cereal or granola bar (General Mills Nature Valley Sweet and Salty Granola Bar)
2676,Cereal or granola bar (General Mills Nature Valley Crunchy Granola Bar)
2677,Cereal or granola bar (Quaker Chewy Granola Bar)
2678,Cereal or granola bar (Quaker Chewy 90 Calorie Granola Bar)
2679,Cereal or granola bar (Quaker Chewy 25% Less Sugar Granola Bar)
2680,Cereal or granola bar (Quaker Chewy Dipps Granola Bar)
2681,Cereal or granola bar (Quaker Granola Bites)
2682,"Snack bar, oatmeal"
2683,"Cereal or Granola bar, NFS"
2684,"Cereal or granola bar, lowfat, NFS"
2685,"Cereal or granola bar, nonfat"
2686,"Cereal or granola bar, reduced sugar, NFS"
2687,"Cereal or granola bar, fruit and nut"
2688,"Cereal or granola bar, peanuts , oats, sugar, wheat germ"
2689,"Cereal or granola bar, chocolate coated, NFS"
2690,"Cereal or granola bar, with coconut, chocolate coated"
2691,"Cereal or granola bar with nuts, chocolate coated"
2692,"Cereal or granola bar, oats, nuts, coated with non-chocolate coating"
2693,"Cereal or granola bar, coated with non-chocolate coating"
2694,"Cereal or granola bar, high fiber, coated with non-chocolate yogurt coating"
2695,"Cereal or granola bar, with rice cereal"
2696,"Breakfast bar, NFS"
2697,"Breakfast bar, date, with yogurt coating"
2698,"Breakfast bar, cereal crust with fruit filling, lowfat"
2699,Nutrition bar (Balance Original Bar)
2700,Nutrition bar (Clif Bar)
2701,Nutrition bar (Clif Kids Organic Zbar)
2702,Nutrition bar (PowerBar)
2703,Nutrition bar (Slim Fast Original Meal Bar)
2704,Nutrition bar (Snickers Marathon Protein Bar)
2705,Nutrition bar (South Beach Living Meal Bar)
2706,Nutrition bar (South Beach Living High Protein Bar)
2707,Nutrition bar (Tiger's Milk)
2708,Nutrition bar (Zone Perfect Classic Crunch)
2709,"Nutrition bar or meal replacement bar, NFS"
2710,"Baby Toddler snack, NFS"
2711,Baby Toddler bar
2712,Baby Toddler cookie
2713,Baby Toddler biscuit
2714,"Crackers, NFS"
2715,Graham crackers
2716,Graham crackers (Teddy Grahams)
2717,"Graham crackers, chocolate covered"
2718,"Crackers, oatmeal"
2719,"Crackers, Cuban"
2720,"Graham crackers, reduced fat"
2721,"Graham crackers, sandwich, with filling"
2722,"Crackers, breakfast biscuit"
2723,"Crackers, butter, reduced sodium"
2724,"Crackers, matzo, reduced sodium"
2725,"Crackers, saltine, reduced sodium"
2726,"Crackers, wheat, reduced sodium"
2727,"Crackers, woven wheat, reduced sodium"
2728,"Crackers, butter, plain"
2729,"Crackers, butter, flavored"
2730,"Crackers, butter (Ritz)"
2731,"Crackers, butter, reduced fat"
2732,"Crackers, cheese"
2733,"Crackers, cheese (Cheez-It)"
2734,"Crackers, cheese (Goldfish)"
2735,"Crackers, cheese, reduced sodium"
2736,"Crackers, crispbread"
2737,"Crackers, flatbread"
2738,"Crackers, matzo"
2739,"Crackers, oyster"
2740,"Chips, rice"
2741,Rice cake
2742,"Crackers, rice"
2743,"Crackers, rice and nuts"
2744,Popcorn cake
2745,Rice paper
2746,"Crackers, saltine"
2747,"Crackers, saltine, reduced fat"
2748,"Crackers, saltine, multigrain"
2749,"Crackers, sandwich"
2750,"Crackers, sandwich, peanut butter filled"
2751,"Crackers, sandwich, peanut butter filled (Ritz)"
2752,"Crackers, sandwich, reduced fat, peanut butter filled"
2753,"Crackers, whole grain, sandwich, peanut butter filled"
2754,"Crackers, sandwich, cheese filled"
2755,"Crackers, sandwich, cheese filled (Ritz)"
2756,"Crackers, water"
2757,"Crackers, wonton"
2758,"Crackers, woven wheat"
2759,"Crackers, woven wheat, plain (Triscuit)"
2760,"Crackers, woven wheat, flavored (Triscuit)"
2761,"Crackers, woven wheat, reduced fat"
2762,"Crackers, wheat"
2763,"Crackers, wheat, plain (Wheat Thins)"
2764,"Crackers, wheat, flavored (Wheat Thins)"
2765,"Crackers, gluten free, plain"
2766,"Crackers, gluten free, flavored"
2767,Baby Toddler crackers
2768,"Baby Toddler puffs, fruit"
2769,"Baby Toddler puffs, vegetable"
2770,Baby Toddler crunchies
2771,Baby Toddler wheels
2772,Corn nuts
2773,"Corn chips, plain"
2774,"Corn chips, flavored"
2775,"Corn chips, plain (Fritos)"
2776,"Corn chips, flavored (Fritos)"
2777,Cheese flavored corn snacks
2778,"Cheese flavored corn snacks, reduced fat"
2779,"Tortilla chips, plain"
2780,Cheese flavored corn snacks (Cheetos)
2781,"Tortilla chips, flavored"
2782,"Corn chips, reduced sodium"
2783,"Tortilla chips, nacho cheese flavor (Doritos)"
2784,"Tortilla chips, cool ranch flavor (Doritos)"
2785,"Tortilla chips, other flavors (Doritos)"
2786,"Tortilla chips, reduced fat, plain"
2787,"Tortilla chips, reduced fat, flavored"
2788,"Tortilla chips, low fat, unsalted"
2789,"Tortilla chips, reduced sodium"
2790,Snack mix
2791,"Potato chips, restructured, multigrain"
2792,Pita chips
2793,"Popcorn, NFS"
2794,"Popcorn, movie theater, with added butter"
2795,"Popcorn, movie theater, no butter added"
2796,"Popcorn, air-popped, no butter added"
2797,"Popcorn, air-popped, with added butter"
2798,"Popcorn, popped in oil, no butter added"
2799,"Popcorn, popped in oil, with added butter"
2800,"Popcorn, microwave, NFS"
2801,"Popcorn, microwave, plain"
2802,"Popcorn, microwave, plain, light"
2803,"Popcorn, microwave, low sodium"
2804,"Popcorn, microwave, butter flavored"
2805,"Popcorn, microwave, flavored, light"
2806,"Popcorn, microwave, cheese flavored"
2807,"Popcorn, microwave, kettle"
2808,"Popcorn, ready-to-eat, NFS"
2809,"Popcorn, ready-to-eat, plain"
2810,"Popcorn, ready-to-eat, plain, light"
2811,"Popcorn, ready-to-eat, low sodium"
2812,"Popcorn, ready-to-eat, butter flavored"
2813,"Popcorn, ready-to-eat, cheese flavored"
2814,"Popcorn, ready-to-eat, flavored, light"
2815,"Popcorn, ready-to-eat, kettle"
2816,"Popcorn, caramel coated"
2817,"Popcorn, caramel coated, with nuts"
2818,"Popcorn, chocolate coated"
2819,"Popcorn chips, plain"
2820,"Popcorn chips, other flavors"
2821,"Popcorn chips, sweet flavors"
2822,Onion flavored rings
2823,Shrimp chips
2824,"Pretzels, NFS"
2825,"Pretzels, hard, NFS"
2826,"Pretzels, hard, plain, salted"
2827,"Pretzels, hard, plain, lightly salted"
2828,"Pretzels, hard, plain, unsalted"
2829,"Pretzels, hard, flavored"
2830,"Pretzels, hard, multigrain"
2831,"Pretzels, hard, plain, gluten free"
2832,"Pretzels, hard, flavored, gluten free"
2833,"Pretzel chips, hard, plain"
2834,"Pretzel chips, hard, flavored"
2835,"Pretzel chips, hard, gluten free"
2836,"Pretzels, hard, coated, NFS"
2837,"Pretzels, hard, chocolate coated"
2838,"Pretzels, hard, white chocolate coated"
2839,"Pretzels, hard, yogurt coated"
2840,"Pretzels, hard, coated, gluten free"
2841,"Pretzels, hard, filled, NFS"
2842,"Pretzels, hard, cheese filled"
2843,"Pretzels, hard, peanut butter filled"
2844,"Pretzels, soft, NFS"
2845,"Pretzels, soft, ready-to-eat, NFS"
2846,"Pretzels, soft, ready-to-eat, salted, buttered"
2847,"Pretzels, soft, ready-to-eat, unsalted, buttered"
2848,"Pretzels, soft, ready-to-eat, salted, no butter"
2849,"Pretzels, soft, ready-to-eat, unsalted, no butter"
2850,"Pretzels, soft, ready-to-eat, cinnamon sugar coated"
2851,"Pretzels, soft, ready-to-eat, coated or flavored"
2852,"Pretzels, soft, ready-to-eat, topped with meat"
2853,"Pretzels, soft, ready-to-eat, topped with cheese"
2854,"Pretzels, soft, from frozen, NFS"
2855,"Pretzels, soft, from frozen, salted"
2856,"Pretzels, soft, from frozen, unsalted"
2857,"Pretzels, soft, from frozen, cinnamon sugar coated"
2858,"Pretzels, soft, from frozen, coated or flavored"
2859,"Pretzels, soft, from frozen, topped with meat"
2860,"Pretzels, soft, from frozen, topped with cheese"
2861,"Pretzels, soft, filled with cheese"
2862,"Pretzels, soft, from school lunch"
2863,"Pretzels, soft, multigrain"
2864,"Pretzels, soft, gluten free"
2865,"Pretzels, soft, gluten free, cinnamon sugar coated"
2866,"Pretzels, soft, gluten free, coated or flavored"
2867,Multigrain chips (Sun Chips)
2868,"Snack mix, plain (Chex Mix)"
2869,Bagel chips
2870,Cracker chips
2871,"Pancakes, NFS"
2872,"Pancakes, plain, frozen"
2873,"Pancakes, fruit, frozen"
2874,"Pancakes, chocolate, frozen"
2875,"Pancakes, whole grain, frozen"
2876,"Pancakes, plain, fast food / restaurant"
2877,"Pancakes, fruit, fast food / restaurant"
2878,"Pancakes, chocolate, fast food / restaurant"
2879,"Pancakes, whole grain, fast food / restaurant"
2880,"Pancakes, school"
2881,"Pancakes, plain"
2882,"Pancakes, fruit"
2883,"Pancakes, pumpkin"
2884,"Pancakes, chocolate"
2885,"Pancakes, whole grain"
2886,"Pancakes, whole grain, reduced fat"
2887,"Pancakes, gluten free"
2888,"Waffle, NFS"
2889,"Waffle, plain, frozen"
2890,"Waffle, plain, reduced fat"
2891,"Waffle, fruit, frozen"
2892,"Waffle, chocolate, frozen"
2893,"Waffle, whole grain, frozen"
2894,"Waffle, whole grain, reduced fat"
2895,"Waffle, whole grain, fruit, frozen"
2896,"Waffle, plain, fast food / restaurant"
2897,"Waffle, chocolate, fast food / restaurant"
2898,"Waffle, fruit, fast food / restaurant"
2899,"Waffle, whole grain, fast food / restaurant"
2900,"Waffle, school"
2901,"Waffle, plain"
2902,"Waffle, fruit"
2903,"Waffle, chocolate"
2904,"Waffle, cinnamon"
2905,"Waffle, whole grain"
2906,"Waffle, gluten free"
2907,"French toast, NFS"
2908,"French toast, frozen"
2909,"French toast, fast food / restaurant"
2910,"French toast, school"
2911,"French toast, plain"
2912,"French toast, whole grain"
2913,"French toast, gluten free"
2914,French toast sticks
2915,"French toast sticks, fast food / restaurant"
2916,"French toast sticks, school"
2917,"Crepe, NFS"
2918,"Crepe, plain"
2919,Chinese pancake
2920,"Dumpling, no meat"
2921,Cake made with glutinous rice
2922,Idli
2923,"Dosa, plain"
2924,Cake made with glutinous rice and dried beans
2925,Funnel cake with sugar
2926,Funnel cake with sugar and fruit
2927,"Pasta, vegetable, cooked"
2928,"Noodles, cooked"
2929,"Noodles, whole grain, cooked"
2930,"Noodles, chow mein"
2931,"Long rice noodles, made from mung beans, cooked"
2932,"Pasta, cooked"
2933,"Pasta, whole grain, cooked"
2934,"Pasta, gluten free"
2935,"Cereal, cooked, NFS"
2936,Barley
2937,Buckwheat groats
2938,"Grits, NFS"
2939,"Grits, regular or quick, made with water, NS as to fat"
2940,"Grits, regular or quick, made with water, no added fat"
2941,"Grits, regular or quick, made with water, fat added"
2942,"Grits, with cheese, NS as to fat"
2943,"Grits, with cheese, no added fat"
2944,"Grits, with cheese, fat added"
2945,"Grits, instant, made with water, no added fat"
2946,"Grits, instant, made with water, fat added"
2947,"Grits, instant, made with water, NS as to fat"
2948,"Cornmeal mush, NS as to fat"
2949,"Cornmeal mush, no added fat"
2950,"Cornmeal mush, fat added"
2951,"Masa harina, cooked"
2952,Millet
2953,"Oatmeal, fast food, plain"
2954,"Oatmeal, fast food, flavored"
2955,"Oatmeal, NFS"
2956,"Oatmeal, regular or quick, made with water, no added fat"
2957,"Oatmeal, regular or quick, made with water, fat added"
2958,"Oatmeal, regular or quick, made with milk, no added fat"
2959,"Oatmeal, regular or quick, made with milk, fat added"
2960,"Oatmeal, regular or quick, made with non-dairy milk, no added fat"
2961,"Oatmeal, regular or quick, made with non-dairy milk, fat added"
2962,"Oatmeal, instant, plain, made with water, no added fat"
2963,"Oatmeal, instant, plain, made with water, fat added"
2964,"Oatmeal, instant, plain, made with milk, no added fat"
2965,"Oatmeal, instant, plain, made with milk, fat added"
2966,"Oatmeal, instant, plain, made with non-dairy milk, no added fat"
2967,"Oatmeal, instant, plain, made with non-dairy milk, fat added"
2968,"Oatmeal, instant, maple flavored, no added fat"
2969,"Oatmeal, instant, maple flavored, fat added"
2970,"Oatmeal, instant, fruit flavored, no added fat"
2971,"Oatmeal, instant, fruit flavored, fat added"
2972,"Oatmeal, reduced sugar"
2973,"Oatmeal, multigrain"
2974,"Quinoa, NS as to fat"
2975,"Quinoa, no added fat"
2976,"Quinoa, fat added"
2977,"Rice, cooked, NFS"
2978,"Rice, white, cooked, NS as to fat"
2979,"Rice, white, cooked, made with oil"
2980,"Rice, white, cooked, made with butter"
2981,"Rice, white, cooked, made with margarine"
2982,"Rice, white, cooked, fat added, NS as to fat type"
2983,"Rice, white, cooked, no added fat"
2984,"Rice, brown, cooked, NS as to fat"
2985,"Rice, brown, cooked, fat added, made with oil"
2986,"Rice, brown, cooked, made with butter"
2987,"Rice, brown, cooked, made with margarine"
2988,"Rice, brown, cooked, fat added, NS as to fat type"
2989,"Rice, brown, cooked, no added fat"
2990,Cream of rice
2991,"Rice, cooked, with milk"
2992,"Rice, sweet, cooked with honey"
2993,Congee
2994,"Yellow rice, cooked, NS as to fat"
2995,"Yellow rice, cooked, no added fat"
2996,"Yellow rice, cooked, fat added"
2997,"Rice, white, cooked, glutinous"
2998,"Rice, wild, 100%, cooked, NS as to fat"
2999,"Rice, wild, 100%, cooked, no added fat"
3000,"Rice, wild, 100%, cooked, fat added"
3001,"Rice, white and wild, cooked, no added fat"
3002,"Rice, brown and wild, cooked, no added fat"
3003,"Rice, white and wild, cooked, fat added"
3004,"Rice, white and wild, cooked, NS as to fat"
3005,"Rice, brown and wild, cooked, fat added"
3006,"Rice, brown and wild, cooked, NS as to fat"
3007,"Rice, white, cooked with fat, Puerto Rican style"
3008,"Cream of wheat, NFS"
3009,"Cream of wheat, regular or quick, made with water, no added fat"
3010,"Cream of wheat, regular or quick, made with water, fat added"
3011,"Cream of wheat, instant, made with water, no added fat"
3012,"Cream of wheat, instant, made with water, fat added"
3013,"Bulgur, no added fat"
3014,"Bulgur, fat added"
3015,"Bulgur, NS as to fat"
3016,"Couscous, plain, cooked"
3017,"Whole wheat cereal, cooked"
3018,"Wheat cereal, chocolate flavored, cooked"
3019,"Oat bran cereal, cooked"
3020,"Cereal, ready-to-eat, NFS"
3021,"Cereal, O's, flavored"
3022,"Cereal, crunch"
3023,"Cereal, O's, plain"
3024,"Cereal, chocolate puffs"
3025,"Cereal, cinnamon toast"
3026,"Cereal, chocolate crispy"
3027,"Cereal, corn squares"
3028,"Cereal, corn flakes, plain"
3029,"Cereal, corn puffs"
3030,"Cereal, rice crispy, plain"
3031,"Cereal, bran flakes, plain"
3032,"Cereal, shredded wheat, flavored"
3033,"Cereal, rice crispy, flavored"
3034,"Cereal, fruit rings"
3035,"Cereal, fruit crispy"
3036,"Cereal, granola"
3037,"Cereal, oat bunches"
3038,"Cereal, corn squares, flavored"
3039,"Cereal, O's, honey nut"
3040,"Cereal, multigrain"
3041,"Cereal, oat squares"
3042,"Cereal, frosted oats with marshmallows"
3043,"Cereal, O's, multigrain"
3044,"Cereal, bran flakes, flavored"
3045,"Cereal, rice squares"
3046,"Cereal, K's, plain"
3047,"Cereal, K's, flavored"
3048,"Cereal, flavored puffs"
3049,"Cereal, corn flakes, flavored"
3050,"Cereal, O's, NFS"
3051,"Cereal, wheat squares"
3052,Wheat germ
3053,"Cereal, plain puffs"
3054,"Cereal, shredded wheat, plain"
3055,"Cereal, wheat flakes"
3056,"Cereal, other, NFS"
3057,"Cereal, other, plain"
3058,"Cereal, other, fruit flavored"
3059,"Cereal, other, chocolate"
3060,"Cereal, other, peanut butter"
3061,"Cereal, other, honey"
3062,"Cereal, reduced sugar"
3063,Wheat bran
3064,"Oats, raw"
3065,"Cereal, oat bran, ready-to-eat"
3066,"Baby Toddler cereal, barley, dry"
3067,"Baby Toddler cereal, oatmeal, dry"
3068,"Baby Toddler cereal, rice, dry"
3069,"Baby Toddler cereal, rice with fruit, dry"
3070,"Baby Toddler cereal, multigrain with fruit, dry"
3071,"Baby Toddler cereal, multigrain, dry"
3072,"Baby Toddler cereal, oatmeal with fruit, dry"
3073,"Baby Toddler cereal, NFS"
3074,"Baby Toddler cereal, rice, ready-to-eat"
3075,"Baby Toddler cereal, oatmeal, ready-to-eat"
3076,"Baby Toddler cereal, multigrain, ready-to-eat"
3077,"Baby Toddler cereal, multigrain with fruit, ready-to-eat"
3078,"Baby Toddler cereal, oatmeal with fruit, ready-to-eat"
3079,"Baby Toddler cereal, rice with fruit, ready-to-eat"
3080,Chilaquiles
3081,Frito pie
3082,Mexican pizza
3083,Taco or tostada salad with meat
3084,Taco or tostada salad with chicken
3085,"Taco or tostada salad, meatless"
3086,Taco or tostada salad with meat and sour cream
3087,Taco or tostada salad with chicken and sour cream
3088,"Taco or tostada salad, meatless with sour cream"
3089,"Taco, NFS"
3090,"Taco, corn tortilla, beef, cheese"
3091,"Taco, corn tortilla, beef, with beans, cheese"
3092,"Taco, corn tortilla, pork, cheese"
3093,"Taco, corn tortilla, pork, with beans, cheese"
3094,"Taco, corn tortilla, chicken, cheese"
3095,"Taco, corn tortilla, chicken, with beans, cheese"
3096,"Taco, corn tortilla, with beans, cheese"
3097,"Taco, flour tortilla, beef, cheese"
3098,"Taco, flour tortilla, beef, with beans, cheese"
3099,"Taco, flour tortilla, pork, cheese"
3100,"Taco, flour tortilla, pork, with beans, cheese"
3101,"Taco, flour tortilla, chicken, cheese"
3102,"Taco, flour tortilla, chicken, with beans, cheese"
3103,"Taco, flour tortilla, with beans, cheese"
3104,"Taco, fish"
3105,"Taco, meat, no cheese"
3106,"Taco, meat, with beans, no cheese"
3107,"Taco, with beans, no cheese"
3108,"Taco, cheese only"
3109,"Burrito, NFS"
3110,"Burrito, beef, cheese"
3111,"Burrito, beef, with rice, cheese"
3112,"Burrito, beef, with beans, cheese"
3113,"Burrito, beef, with beans and rice, cheese"
3114,"Burrito, pork, cheese"
3115,"Burrito, pork, with rice, cheese"
3116,"Burrito, pork, with beans, cheese"
3117,"Burrito, pork, with beans and rice, cheese"
3118,"Burrito, chicken, cheese"
3119,"Burrito, chicken, with rice, cheese"
3120,"Burrito, chicken, with beans, cheese"
3121,"Burrito, chicken, with beans and rice, cheese"
3122,"Burrito, with beans, no cheese"
3123,"Burrito, with beans, cheese"
3124,"Burrito, with beans and rice, cheese"
3125,"Burrito, meat, no cheese"
3126,"Burrito, meat, with rice, no cheese"
3127,"Burrito, meat, with beans, no cheese"
3128,"Burrito, meat, with beans and rice, no cheese"
3129,"Burrito, cheese only"
3130,"Burrito bowl, NFS"
3131,"Burrito bowl, beef or pork"
3132,"Burrito bowl, beef or pork, with rice"
3133,"Burrito bowl, beef or pork, with beans"
3134,"Burrito bowl, beef or pork, with beans and rice"
3135,"Burrito bowl, chicken"
3136,"Burrito bowl, chicken, with rice"
3137,"Burrito bowl, chicken, with beans"
3138,"Burrito bowl, chicken, with beans and rice"
3139,"Burrito bowl, with beans"
3140,"Enchilada, NFS"
3141,"Enchilada, beef"
3142,"Enchilada, pork"
3143,"Enchilada, chicken"
3144,"Enchilada, no meat"
3145,"Tamale, NFS"
3146,"Tamale, beef"
3147,"Tamale, pork"
3148,"Tamale, chicken"
3149,"Tamale, no meat"
3150,Tamale casserole with meat
3151,"Nachos, NFS"
3152,"Nachos, cheese only"
3153,"Nachos, beef or pork"
3154,"Nachos, beef or pork, with beans"
3155,"Nachos, chicken"
3156,"Nachos, chicken, with beans"
3157,"Nachos, with beans"
3158,"Gordita, cheese only"
3159,"Gordita, with beans"
3160,"Gordita, meat"
3161,"Gordita, meat, with beans"
3162,"Chimichanga, meat"
3163,"Chimichanga, with beans"
3164,"Chimichanga, chicken"
3165,"Quesadilla, NFS"
3166,"Quesadilla, cheese only"
3167,"Quesadilla, beef or pork"
3168,"Quesadilla, chicken"
3169,"Quesadilla, with vegetables"
3170,"Quesadilla, beef or pork, with vegetables"
3171,"Quesadilla, chicken, with vegetables"
3172,"Quesadilla, egg"
3173,"Quesadilla, egg, with meat"
3174,"Taquito, cheese only"
3175,"Taquito, beef or pork"
3176,"Taquito, chicken"
3177,"Taquito, egg"
3178,"Fajita, NFS"
3179,"Fajita, chicken"
3180,"Fajita, beef or pork"
3181,"Fajita, shrimp"
3182,"Fajita, vegetable"
3183,"Pupusa, cheese only"
3184,"Pupusa, with beans"
3185,"Pupusa, meat"
3186,"Pupusa, meat, with beans"
3187,"Pizza, cheese, from frozen, thin crust"
3188,"Pizza, cheese, from frozen, thick crust"
3189,"Pizza, cheese, from restaurant or fast food, NS as to type of crust"
3190,"Pizza, cheese, from restaurant or fast food, thin crust"
3191,"Pizza, cheese, from restaurant or fast food, medium crust"
3192,"Pizza, cheese, from restaurant or fast food, thick crust"
3193,"Pizza, cheese, stuffed crust"
3194,"Pizza, cheese, from school lunch, medium crust"
3195,"Pizza, cheese, from school lunch, thin crust"
3196,"Pizza, cheese, from school lunch, thick crust"
3197,"Pizza, extra cheese, thin crust"
3198,"Pizza, extra cheese, thick crust"
3199,"Pizza, cheese, with vegetables, from frozen, thin crust"
3200,"Pizza, cheese with vegetables, from frozen, thick crust"
3201,"Pizza, cheese, with vegetables, from restaurant or fast food, thin crust"
3202,"Pizza, cheese, with vegetables, from restaurant or fast food, medium crust"
3203,"Pizza, cheese, with vegetables, from restaurant or fast food, thick crust"
3204,"Pizza with cheese and extra vegetables, thin crust"
3205,"Pizza with cheese and extra vegetables, medium crust"
3206,"Pizza with cheese and extra vegetables, thick crust"
3207,"Pizza, cheese, with fruit, thin crust"
3208,"Pizza, cheese, with fruit, medium crust"
3209,"Pizza, cheese, with fruit, thick crust"
3210,"Pizza with pepperoni, from frozen, thin crust"
3211,"Pizza with pepperoni, from frozen, medium crust"
3212,"Pizza with pepperoni, from frozen, thick crust"
3213,"Pizza with pepperoni, from restaurant or fast food, NS as to type of crust"
3214,"Pizza with pepperoni, from restaurant or fast food, thin crust"
3215,"Pizza with pepperoni, from restaurant or fast food,  medium crust"
3216,"Pizza with pepperoni, from restaurant or fast food, thick crust"
3217,"Pizza with pepperoni, stuffed crust"
3218,"Pizza with pepperoni, from school lunch, thin crust"
3219,"Pizza, with pepperoni, from school lunch, medium crust"
3220,"Pizza with pepperoni, from school lunch, thick crust"
3221,"Pizza with meat other than pepperoni, from frozen, thin crust"
3222,"Pizza with meat other than pepperoni, from frozen, medium crust"
3223,"Pizza with meat other than pepperoni, from frozen, thick crust"
3224,"Pizza with meat other than pepperoni, from restaurant or fast food, NS as to type of crust"
3225,"Pizza with meat other than pepperoni, from restaurant or fast food, thin crust"
3226,"Pizza with meat other than pepperoni, from restaurant or fast food, medium crust"
3227,"Pizza with meat other than pepperoni, from restaurant or fast food, thick crust"
3228,"Pizza, with meat other than pepperoni, stuffed crust"
3229,"Pizza, with meat other than pepperoni, from school lunch, medium crust"
3230,"Pizza, with meat other than pepperoni, from school lunch, thin crust"
3231,"Pizza, with meat other than pepperoni, from school lunch, thick crust"
3232,"Pizza with extra meat, thin crust"
3233,"Pizza with extra meat, medium crust"
3234,"Pizza with extra meat, thick crust"
3235,"Pizza with meat and vegetables, from frozen, thin crust"
3236,"Pizza with meat and vegetables, from frozen, medium crust"
3237,"Pizza with meat and vegetables, from frozen, thick crust"
3238,"Pizza with meat and vegetables, from restaurant or fast food, thin crust"
3239,"Pizza with meat and vegetables, from restaurant or fast food, medium crust"
3240,"Pizza with meat and vegetables, from restaurant or fast food, thick crust"
3241,"Pizza with extra meat and extra vegetables, thin crust"
3242,"Pizza with extra meat and extra vegetables, thick crust"
3243,"Pizza with extra meat and extra vegetables, medium crust"
3244,"Pizza with meat and fruit, thin crust"
3245,"Pizza with meat and fruit, medium crust"
3246,"Pizza with meat and fruit, thick crust"
3247,"Pizza with beans and vegetables, thin crust"
3248,"Pizza with beans and vegetables, thick crust"
3249,"Pizza, no cheese, thin crust"
3250,"Pizza, no cheese, thick crust"
3251,"White pizza, cheese, thin crust"
3252,"White pizza, cheese, thick crust"
3253,"White pizza, cheese, with vegetables, thin crust"
3254,"White pizza, cheese, with vegetables, thick crust"
3255,"White pizza, cheese, with meat, thin crust"
3256,"White pizza, cheese, with meat, thick crust"
3257,"White pizza, cheese, with meat and vegetables, thin crust"
3258,"White pizza, cheese, with meat and vegetables, thick crust"
3259,"Calzone, with cheese, meatless"
3260,"Calzone, with meat and cheese"
3261,Pizza rolls
3262,"Pizza, cheese, whole wheat thin crust"
3263,"Pizza, cheese, whole wheat thick crust"
3264,"Pizza, with meat, whole wheat thin crust"
3265,"Pizza, with meat, whole wheat thick crust"
3266,"Pizza, cheese and vegetables, whole wheat thin crust"
3267,"Pizza, cheese and vegetables, whole wheat thick crust"
3268,"Pizza, cheese, gluten-free thin crust"
3269,"Pizza, cheese, gluten-free thick crust"
3270,"Pizza, with meat, gluten-free thin crust"
3271,"Pizza, with meat, gluten-free thick crust"
3272,"Pizza, cheese and vegetables, gluten-free thin crust"
3273,"Pizza, cheese and vegetables, gluten-free thick crust"
3274,Breakfast pizza with egg
3275,"Egg roll, meatless"
3276,"Egg roll, with shrimp"
3277,"Egg roll, with beef and/or pork"
3278,"Egg roll, with chicken or turkey"
3279,"Roll with meat and/or shrimp, vegetables and rice paper, not fried"
3280,"Wonton, dumpling or pot sticker, fried"
3281,"Wonton, dumpling or pot sticker, fried, no meat"
3282,"Puffs, fried, crab meat and cream cheese filled"
3283,"Wonton, dumpling or pot sticker, steamed"
3284,"Empanada, NFS"
3285,"Empanada, no meat"
3286,"Empanada, beef"
3287,"Empanada, beef, with vegetables"
3288,"Empanada, chicken"
3289,"Empanada, chicken, with vegetables"
3290,"Cornmeal stick, Puerto Rican style"
3291,"Kibby, Puerto Rican style"
3292,Bacalaitos fritos
3293,"Hayacas, Puerto Rican style"
3294,"Crepe, with meat"
3295,Pierogi
3296,"Gnocchi, cheese"
3297,"Gnocchi, potato"
3298,Knish
3299,Bao bun
3300,"Bao bun, no meat"
3301,"Pastry, cheese-filled"
3302,"Pastry, egg and cheese filled"
3303,"Pastry, meat / poultry-filled"
3304,Spanakopita
3305,Samosa
3306,"Quiche with meat, poultry or fish"
3307,"Spinach quiche, meatless"
3308,"Cheese quiche, meatless"
3309,"Turnover or hot pocket, NFS"
3310,"Turnover or hot pocket, meatless"
3311,"Turnover or hot pocket, beef"
3312,"Turnover or hot pocket, ham"
3313,"Turnover or hot pocket, pizza pocket, meat"
3314,"Turnover or hot pocket, pizza pocket"
3315,"Turnover or hot pocket, chicken"
3316,"Turnover, seafood"
3317,Turnover or lean pocket
3318,"Turnover or breakfast pocket, egg"
3319,Biscuit with gravy
3320,Chicken cornbread
3321,Cornmeal dressing with chicken or turkey and vegetables
3322,Dressing with oysters
3323,Dressing with chicken or turkey and vegetables
3324,Dressing with meat and vegetables
3325,Lasagna with meat
3326,"Lasagna with meat, canned"
3327,"Lasagna with meat, from restaurant"
3328,"Lasagna with meat, home recipe"
3329,"Lasagna with meat, frozen"
3330,Lasagna with meat and spinach
3331,Lasagna with chicken or turkey
3332,"Lasagna, with chicken or turkey, and spinach"
3333,"Lasagna, meatless"
3334,"Lasagna, meatless, with vegetables"
3335,"Ravioli, NS as to filling, no sauce"
3336,"Ravioli, NS as to filling, with tomato sauce"
3337,"Ravioli, NS as to filling, with cream sauce"
3338,"Ravioli, meat-filled, no sauce"
3339,"Ravioli, meat-filled, with tomato sauce or meat sauce"
3340,"Ravioli, meat-filled, with cream sauce"
3341,"Ravioli, cheese-filled, no sauce"
3342,"Ravioli, cheese-filled, with tomato sauce"
3343,"Ravioli, cheese-filled, with tomato sauce, canned"
3344,"Ravioli, cheese-filled, with meat sauce"
3345,"Ravioli, cheese-filled, with cream sauce"
3346,"Ravioli, cheese and spinach-filled, no sauce"
3347,"Ravioli, cheese and spinach-filled, with cream sauce"
3348,"Ravioli, cheese and spinach filled, with tomato sauce"
3349,"Manicotti, cheese-filled, no sauce"
3350,"Manicotti, cheese-filled, with tomato sauce, meatless"
3351,"Manicotti, cheese-filled, with meat sauce"
3352,"Manicotti, vegetable- and cheese-filled, with tomato sauce, meatless"
3353,"Stuffed shells, cheese-filled, no sauce"
3354,"Stuffed shells, cheese-filled, with tomato sauce, meatless"
3355,"Stuffed shells, cheese-filled, with meat sauce"
3356,"Stuffed shells, cheese- and spinach- filled, no sauce"
3357,"Stuffed shells, with chicken, with tomato sauce"
3358,"Stuffed shells, with fish and/or shellfish, with tomato sauce"
3359,"Tortellini, meat-filled, with tomato sauce"
3360,"Tortellini, meat-filled, with tomato sauce, canned"
3361,"Tortellini, cheese-filled, meatless, with tomato sauce"
3362,"Tortellini, cheese-filled, meatless, with tomato sauce, canned"
3363,"Tortellini, cheese-filled, meatless, with vinaigrette dressing"
3364,"Tortellini, meat-filled, no sauce"
3365,"Tortellini, cheese-filled, with cream sauce"
3366,"Tortellini, cheese-filled, no sauce"
3367,"Tortellini, spinach-filled, with tomato sauce"
3368,"Tortellini, spinach-filled, no sauce"
3369,"Cannelloni, cheese- and spinach-filled, no sauce"
3370,Chow fun noodles with meat and vegetables
3371,"Chow fun noodles with vegetables, meatless"
3372,"Lo mein, NFS"
3373,"Lo mein, meatless"
3374,"Lo mein, with shrimp"
3375,"Lo mein, with pork"
3376,"Lo mein, with beef"
3377,"Lo mein, with chicken"
3378,"Pad Thai, NFS"
3379,"Pad Thai, meatless"
3380,Pad Thai with chicken
3381,Pad Thai with seafood
3382,Pad Thai with meat
3383,"Adobo, with noodles"
3384,"Macaroni with tuna, Puerto Rican style"
3385,Macaroni or noodles with cheese
3386,"Macaroni or noodles with cheese, from restaurant"
3387,"Macaroni or noodles with cheese, made from packaged mix"
3388,"Macaroni or noodles with cheese, canned"
3389,"Macaroni or noodles with cheese, Easy Mac type"
3390,"Macaroni or noodles with cheese, made from reduced fat packaged mix"
3391,Macaroni or noodles with cheese and tuna
3392,Macaroni or noodles with cheese and meat
3393,"Macaroni or noodles with cheese and meat, prepared from Hamburger Helper mix"
3394,Macaroni or noodles with cheese and tomato
3395,Macaroni or noodles with cheese and frankfurters or hot dogs
3396,Macaroni or noodles with cheese and egg
3397,Macaroni or noodles with cheese and chicken or turkey
3398,"Macaroni or noodles with cheese, whole grain"
3399,"Pasta with tomato-based sauce, cheese and meat"
3400,Pasta with tomato-based sauce and cheese
3401,"Pasta with vegetables, no sauce or dressing"
3402,"Pasta with sauce, NFS"
3403,"Pasta with sauce, meatless, school lunch"
3404,"Pasta with tomato-based sauce, restaurant"
3405,"Pasta with tomato-based sauce, home recipe"
3406,"Pasta with tomato-based sauce, ready-to-heat"
3407,"Pasta with tomato-based sauce, and added vegetables, restaurant"
3408,"Pasta with tomato-based sauce, and added vegetables, home recipe"
3409,"Pasta with tomato-based sauce, and added vegetables, ready-to-heat"
3410,"Pasta with sauce and meat, from school lunch"
3411,"Pasta with tomato-based sauce and meat, restaurant"
3412,"Pasta with tomato-based sauce and meat, home recipe"
3413,"Pasta with tomato-based sauce and meat, ready-to-heat"
3414,"Pasta with tomato-based sauce, meat, and added vegetables, restaurant"
3415,"Pasta with tomato-based sauce, meat, and added vegetables, home recipe"
3416,"Pasta with tomato-based sauce, meat, and added vegetables, ready-to-heat"
3417,"Pasta with tomato-based sauce and poultry, restaurant"
3418,"Pasta with tomato-based sauce and poultry, home recipe"
3419,"Pasta with tomato-based sauce and poultry, ready-to-heat"
3420,"Pasta with tomato-based sauce, poultry, and added vegetables, restaurant"
3421,"Pasta with tomato-based sauce, poultry, and added vegetables, home recipe"
3422,"Pasta with tomato-based sauce, poultry, and added vegetables, ready-to-heat"
3423,"Pasta with tomato-based sauce and seafood, restaurant"
3424,"Pasta with tomato-based sauce and seafood, home recipe"
3425,"Pasta with tomato-based sauce and seafood, ready-to-heat"
3426,"Pasta with tomato-based sauce, seafood, and added vegetables, restaurant"
3427,"Pasta with tomato-based sauce, seafood, and added vegetables, home recipe"
3428,"Pasta with tomato-based sauce, seafood, and added vegetables, ready-to-heat"
3429,"Pasta with cream sauce, restaurant"
3430,"Pasta with cream sauce, home recipe"
3431,"Pasta with cream sauce, ready-to-heat"
3432,"Pasta with cream sauce and added vegetables, restaurant"
3433,"Pasta with cream sauce and added vegetables, from home recipe"
3434,"Pasta with cream sauce and added vegetables, ready-to-heat"
3435,"Pasta with cream sauce and meat, restaurant"
3436,"Pasta with cream sauce and meat, home recipe"
3437,"Pasta with cream sauce and meat, ready-to-heat"
3438,"Pasta with cream sauce, meat, and added vegetables, restaurant"
3439,"Pasta with cream sauce, meat, and added vegetables, home recipe"
3440,"Pasta with cream sauce, meat, and added vegetables, ready-to-heat"
3441,"Pasta with cream sauce and poultry, restaurant"
3442,"Pasta with cream sauce and poultry, home recipe"
3443,"Pasta with cream sauce and poultry, ready-to-heat"
3444,"Pasta with cream sauce, poultry, and added vegetables, restaurant"
3445,"Pasta with cream sauce, poultry, and added vegetables, home recipe"
3446,"Pasta with cream sauce, poultry, and added vegetables, ready-to-heat"
3447,"Pasta with cream sauce and seafood, restaurant"
3448,"Pasta with cream sauce and seafood, home recipe"
3449,"Pasta with cream sauce and seafood, ready-to-heat"
3450,"Pasta with cream sauce, seafood, and added vegetables, restaurant"
3451,"Pasta with cream sauce, seafood, and added vegetables, home recipe"
3452,"Pasta with cream sauce, seafood, and added vegetables, ready-to-heat"
3453,"Pasta, whole grain, with tomato-based sauce, restaurant"
3454,"Pasta, whole grain, with tomato-based sauce, home recipe"
3455,"Pasta, whole grain, with tomato-based sauce, ready-to-heat"
3456,"Pasta, whole grain, with tomato-based sauce and added vegetables, restaurant"
3457,"Pasta, whole grain, with tomato-based sauce and added vegetables, home recipe"
3458,"Pasta, whole grain, with tomato-based sauce and added vegetables, ready-to-heat"
3459,"Pasta, whole grain, with tomato-based sauce and meat, restaurant"
3460,"Pasta, whole grain, with tomato-based sauce and meat, home recipe"
3461,"Pasta, whole grain, with tomato-based sauce and meat, ready-to-heat"
3462,"Pasta, whole grain, with tomato-based sauce, meat, and added vegetables, restaurant"
3463,"Pasta, whole grain, with tomato-based sauce, meat, and added vegetables, home recipe"
3464,"Pasta, whole grain, with tomato-based sauce, meat, and added vegetables, ready-to-heat"
3465,"Pasta, whole grain, with tomato-based sauce and poultry, restaurant"
3466,"Pasta, whole grain, with tomato-based sauce and poultry, home recipe"
3467,"Pasta, whole grain, with tomato-based sauce and poultry, ready-to-heat"
3468,"Pasta, whole grain, with tomato-based sauce, poultry, and added vegetables, restaurant"
3469,"Pasta, whole grain, with tomato-based sauce, poultry, and added vegetables, home recipe"
3470,"Pasta, whole grain, with tomato-based sauce, poultry, and added vegetables, ready-to-heat"
3471,"Pasta, whole grain, with tomato-based sauce and seafood, restaurant"
3472,"Pasta, whole grain, with tomato-based sauce and seafood, home recipe"
3473,"Pasta, whole grain, with tomato-based sauce and seafood, ready-to-heat"
3474,"Pasta, whole grain, with tomato-based sauce, seafood, and added vegetables, restaurant"
3475,"Pasta, whole grain, with tomato-based sauce, seafood, and added vegetables, home recipe"
3476,"Pasta, whole grain, with tomato-based sauce, seafood, and added vegetables, ready-to-heat"
3477,"Pasta, whole grain, with cream sauce, restaurant"
3478,"Pasta, whole grain, with cream sauce, home recipe"
3479,"Pasta, whole grain, with cream sauce, ready-to-heat"
3480,"Pasta, whole grain, with cream sauce, and added vegetables, restaurant"
3481,"Pasta, whole grain, with cream sauce, and added vegetables, home recipe"
3482,"Pasta, whole grain, with cream sauce, and added vegetables, ready-to-heat"
3483,"Pasta, whole grain, with cream sauce and meat, restaurant"
3484,"Pasta, whole grain, with cream sauce and meat, home recipe"
3485,"Pasta, whole grain, with cream sauce and meat, ready-to-heat"
3486,"Pasta, whole grain, with cream sauce, meat, and added vegetables, restaurant"
3487,"Pasta, whole grain, with cream sauce, meat, and added vegetables, home recipe"
3488,"Pasta, whole grain, with cream sauce, meat, and added vegetables, ready-to-heat"
3489,"Pasta, whole grain, with cream sauce and poultry, restaurant"
3490,"Pasta, whole grain, with cream sauce and poultry, home recipe"
3491,"Pasta, whole grain, with cream sauce and poultry, ready-to-heat"
3492,"Pasta, whole grain, with cream sauce, poultry, and added vegetables, restaurant"
3493,"Pasta, whole grain, with cream sauce, poultry, and added vegetables, home recipe"
3494,"Pasta, whole grain, with cream sauce, poultry, and added vegetables, ready-to-heat"
3495,"Pasta, whole grain, with cream sauce and seafood, restaurant"
3496,"Pasta, whole grain, with cream sauce and seafood, home recipe"
3497,"Pasta, whole grain, with cream sauce and seafood, ready-to-heat"
3498,"Pasta, whole grain, with cream sauce, seafood, and added vegetables, restaurant"
3499,"Pasta, whole grain, with cream sauce, seafood, and added vegetables, home recipe"
3500,"Pasta, whole grain, with cream sauce, seafood, and added vegetables, ready-to-heat"
3501,Pasta with tomato-based sauce and beans or lentils
3502,"Macaroni or noodles, creamed, with cheese"
3503,"Macaroni or noodles, creamed, with cheese and tuna"
3504,Flavored pasta
3505,"Yat Ga Mein with meat, fish, or poultry"
3506,"Macaroni or pasta salad, made with mayonnaise"
3507,"Macaroni or pasta salad, made with light mayonnaise"
3508,"Macaroni or pasta salad, made with mayonnaise-type salad dressing"
3509,"Macaroni or pasta salad, made with light mayonnaise-type salad dressing"
3510,"Macaroni or pasta salad, made with Italian dressing"
3511,"Macaroni or pasta salad, made with light Italian dressing"
3512,"Macaroni or pasta salad, made with creamy dressing"
3513,"Macaroni or pasta salad, made with light creamy dressing"
3514,"Macaroni or pasta salad, made with any type of fat free dressing"
3515,Macaroni or pasta salad with egg
3516,Macaroni or pasta salad with tuna
3517,Macaroni or pasta salad with crab meat
3518,Macaroni or pasta salad with shrimp
3519,Macaroni or pasta salad with tuna and egg
3520,Macaroni or pasta salad with chicken
3521,Macaroni or pasta salad with cheese
3522,Macaroni or pasta salad with meat
3523,Noodle pudding
3524,"Bibimbap, Korean"
3525,"Rice, fried, meatless"
3526,"Rice, fried, NFS"
3527,"Rice, fried, with chicken"
3528,"Rice, fried, with pork"
3529,"Rice, fried, with beef"
3530,"Rice, fried, with shrimp"
3531,"Dukboki or Tteokbokki, Korean"
3532,"Adobo, with rice"
3533,"Sushi, NFS"
3534,"Sushi roll, avocado"
3535,"Sushi roll, California"
3536,"Sushi roll, eel"
3537,"Sushi roll, salmon"
3538,"Sushi roll, shrimp"
3539,Sushi roll tuna
3540,"Sushi roll, vegetable"
3541,"Sushi, topped with crab"
3542,"Sushi, topped with eel"
3543,"Sushi, topped with salmon"
3544,"Sushi, topped with shrimp"
3545,"Sushi, topped with tuna"
3546,"Sushi, topped with egg"
3547,"Seafood paella, Puerto Rican style"
3548,"Soupy rice with chicken, Puerto Rican style"
3549,"Soupy rice mixture with chicken and potatoes, Puerto Rican style"
3550,"Stewed rice, Puerto Rican style"
3551,"Rice with squid, Puerto Rican style"
3552,"Rice with vienna sausage, Puerto Rican style"
3553,"Rice with Spanish sausage, Puerto Rican style"
3554,"Rice with stewed beans, Puerto Rican style"
3555,"Congee, with meat, poultry, and/or seafood"
3556,"Congee, with meat, poultry, and/or seafood, and vegetables"
3557,"Congee, with vegetables"
3558,"Congee, with egg"
3559,Biryani with vegetables
3560,"Beans and rice, from fast food / restaurant"
3561,"Kidney beans and rice, from fast food / restaurant"
3562,"Black beans and rice, from fast food / restaurant"
3563,"Pinto beans and rice, from fast food / restaurant"
3564,Beans and white rice
3565,"Beans and rice, with tomatoes"
3566,"Beans and rice, with meat"
3567,Kidney beans and white rice
3568,Black beans and white rice
3569,Pinto beans and white rice
3570,"Rice, white, with corn, NS as to fat"
3571,"Rice, white, with corn, no added fat"
3572,"Rice, white, with corn, fat added"
3573,"Rice, white, with peas, NS as to fat"
3574,"Rice, white, with peas, no added fat"
3575,"Rice, white, with peas, fat added"
3576,"Rice, white, with carrots, NS as to fat"
3577,"Rice, white, with carrots, no added fat"
3578,"Rice, white, with carrots, fat added"
3579,"Rice, white, with peas and carrots, NS as to fat"
3580,"Rice, white, with peas and carrots, no added fat"
3581,"Rice, white, with peas and carrots, fat added"
3582,"Rice, white, with tomatoes and/or tomato-based sauce, NS as to fat"
3583,"Rice, white, with tomatoes and/or tomato-based sauce, no added fat"
3584,"Rice, white, with tomatoes and/or tomato-based sauce, fat added"
3585,"Rice, white, with dark green vegetables, NS as to fat"
3586,"Rice, white, with dark green vegetables, no added fat"
3587,"Rice, white, with dark green vegetables, fat added"
3588,"Rice, white, with carrots and tomatoes and/or tomato-based sauce, NS as to fat"
3589,"Rice, white, with carrots and tomatoes and/or tomato-based sauce, no added fat"
3590,"Rice, white, with carrots and tomatoes and/or tomato-based sauce, fat added"
3591,"Rice, white, with dark green vegetables and tomatoes and/or tomato-based sauce, NS as to fat"
3592,"Rice, white, with dark green vegetables and tomatoes and/or tomato-based sauce, no added fat"
3593,"Rice, white, with dark green vegetables and tomatoes and/or tomato-based sauce, fat added"
3594,"Rice, white, with carrots and dark green vegetables, NS as to fat"
3595,"Rice, white, with carrots and dark green vegetables, no added fat"
3596,"Rice, white, with carrots and dark green vegetables, fat added"
3597,"Rice, white, with carrots, dark green vegetables, and tomatoes and/or tomato-based sauce, NS as to fat"
3598,"Rice, white, with carrots, dark green vegetables, and tomatoes and/or tomato-based sauce, no added fat"
3599,"Rice, white, with carrots, dark green vegetables, and tomatoes and/or tomato-based sauce, fat added"
3600,"Rice, white, with other vegetables, NS as to fat"
3601,"Rice, white, with other vegetables, no added fat"
3602,"Rice, white, with other vegetables, fat added"
3603,"Rice, white, with lentils, NS as to fat"
3604,"Rice, white, with lentils, fat added"
3605,"Rice, white, with lentils, no added fat"
3606,"Rice, cooked with coconut milk"
3607,Beans and brown rice
3608,Kidney beans and brown rice
3609,Black beans and brown rice
3610,Pinto beans and brown rice
3611,"Rice, brown, with corn, NS as to fat"
3612,"Rice, brown, with corn, no added fat"
3613,"Rice, brown, with corn, fat added"
3614,"Rice, brown, with peas, NS as to fat"
3615,"Rice, brown, with peas, no added fat"
3616,"Rice, brown, with peas, fat added"
3617,"Rice, brown, with carrots, NS as to fat"
3618,"Rice, brown, with carrots, no added fat"
3619,"Rice, brown, with carrots, fat added"
3620,"Rice, brown, with peas and carrots, NS as to fat"
3621,"Rice, brown, with peas and carrots, no added fat"
3622,"Rice, brown, with peas and carrots, fat added"
3623,"Rice, brown, with tomatoes and/or tomato based sauce, NS as to fat"
3624,"Rice, brown, with tomatoes and/or tomato based sauce, no added fat"
3625,"Rice, brown, with tomatoes and/or tomato based sauce, fat added"
3626,"Rice, brown, with dark green vegetables, NS as to fat"
3627,"Rice, brown, with dark green vegetables, no added fat"
3628,"Rice, brown, with dark green vegetables, fat added"
3629,"Rice, brown, with carrots and tomatoes and/or tomato-based sauce, NS as to fat"
3630,"Rice, brown, with carrots and tomatoes and/or tomato-based sauce, no added fat"
3631,"Rice, brown, with carrots and tomatoes and/or tomato-based sauce, fat added"
3632,"Rice, brown, with dark green vegetables and tomatoes and/or tomato-based sauce, NS as to fat"
3633,"Rice, brown, with dark green vegetables and tomatoes and/or tomato-based sauce, no added fat"
3634,"Rice, brown, with dark green vegetables and tomatoes and/or tomato-based sauce, fat added"
3635,"Rice, brown, with carrots and dark green vegetables, NS as to fat"
3636,"Rice, brown, with carrots and dark green vegetables, no added fat"
3637,"Rice, brown, with carrots and dark green vegetables, fat added"
3638,Grape leaves stuffed with rice
3639,"Rice, brown, with carrots, dark green vegetables, and tomatoes and/or tomato-based sauce, NS as to fat"
3640,"Rice, brown, with carrots, dark green vegetables, and tomatoes and/or tomato-based sauce, no added fat"
3641,"Rice, brown, with carrots, dark green vegetables, and tomatoes and/or tomato-based sauce, fat added"
3642,"Rice, brown, with other vegetables, NS as to fat"
3643,"Rice, brown, with other vegetables, no added fat"
3644,"Rice, brown, with other vegetables, fat added"
3645,Rice croquette
3646,"Stuffed pepper, with meat"
3647,"Stuffed pepper, with rice and meat"
3648,"Stuffed pepper, with rice, meatless"
3649,"Stuffed tomato, with rice and meat"
3650,"Stuffed tomato, with rice, meatless"
3651,Rice pilaf
3652,Dirty rice
3653,Flavored rice mixture
3654,Flavored rice mixture with cheese
3655,"Flavored rice, brown and wild"
3656,Flavored rice and pasta mixture
3657,"Flavored rice and pasta mixture, reduced sodium"
3658,"Spanish rice, from restaurant"
3659,"Spanish rice, fat added"
3660,"Spanish rice, no added fat"
3661,"Spanish rice, NS as to fat"
3662,Spanish rice with ground beef
3663,Rice dressing
3664,Rice with raisins
3665,Rice dessert or salad with fruit
3666,"Rice, white, with cheese and/or cream based sauce, NS as to fat"
3667,"Rice, white, with cheese and/or cream based sauce, no added fat"
3668,"Rice, white, with cheese and/or cream based sauce, fat added"
3669,"Rice, white, with gravy, NS as to fat"
3670,"Rice, white, with gravy, no added fat"
3671,"Rice, white, with gravy, fat added"
3672,"Rice, white, with soy-based sauce, NS as to fat"
3673,"Rice, white, with soy-based sauce, no added fat"
3674,"Rice, white, with soy-based sauce, fat added"
3675,"Rice, brown, with cheese and/or cream based sauce, NS as to fat"
3676,"Rice, brown, with cheese and/or cream based sauce, no added fat"
3677,"Rice, brown, with cheese and/or cream based sauce, fat added"
3678,"Rice, brown, with gravy, NS as to fat"
3679,"Rice, brown, with gravy, no added fat"
3680,"Rice, brown, with gravy, fat added"
3681,"Rice, brown, with soy-based sauce, NS as to fat"
3682,"Rice, brown, with soy-based sauce, no added fat"
3683,"Rice, brown, with soy-based sauce, fat added"
3684,"Rice, white, with vegetables, cheese and/or cream based sauce, NS as to fat"
3685,"Rice, white, with vegetables, cheese and/or cream based sauce, no added fat"
3686,"Rice, white, with vegetables, cheese and/or cream based sauce, fat added"
3687,"Rice, white, with vegetables and gravy, NS as to fat"
3688,"Rice, white, with vegetables and gravy, no added fat"
3689,"Rice, white, with vegetables and gravy, fat added"
3690,"Rice, white, with vegetables, soy-based sauce, NS as to fat"
3691,"Rice, white, with vegetables, soy-based sauce, no added fat"
3692,"Rice, white, with vegetables, soy-based sauce, fat added"
3693,"Rice, brown, with vegetables, cheese and/or cream based sauce, NS as to fat"
3694,"Rice, brown, with vegetables, cheese and/or cream based sauce, no added fat"
3695,"Rice, brown, with vegetables, cheese and/or cream based sauce, fat added"
3696,"Rice, brown, with vegetables and gravy, NS as to fat"
3697,"Rice, brown, with vegetables and gravy, no added fat"
3698,"Rice, brown, with vegetables and gravy, fat added"
3699,"Rice, brown, with vegetables, soy-based sauce, NS as to fat"
3700,"Rice, brown, with vegetables, soy-based sauce, no added fat"
3701,"Rice, brown, with vegetables, soy-based sauce, fat added"
3702,Upma
3703,"Dosa, with filling"
3704,Vada
3705,Tabbouleh
3706,Vegetable sandwich on white
3707,"Vegetable sandwich on white, with cheese"
3708,Vegetable sandwich on wheat
3709,"Vegetable sandwich on wheat, with cheese"
3710,Vegetable sandwich wrap
3711,"Jelly sandwich, NFS"
3712,"Jelly sandwich, on white bread"
3713,"Jelly sandwich, on wheat bread"
3714,"Noodles with vegetables in tomato-based sauce, diet frozen meal"
3715,"Spaghetti and meatballs dinner, NFS, frozen meal"
3716,"Spaghetti with meat sauce, diet frozen meal"
3717,"Pancakes and sausage, frozen meal"
3718,"Soup, NFS"
3719,"Soup, noodle, NFS"
3720,"Soup, rice"
3721,"Soup, barley"
3722,"Soup, chicken noodle, canned"
3723,"Soup, chicken noodle"
3724,"Soup, chicken, canned, reduced sodium"
3725,"Soup, Matzo ball"
3726,"Soup, ramen noodles, water added"
3727,"Ramen bowl, NFS"
3728,Ramen bowl with beef
3729,Ramen bowl with chicken
3730,Ramen bowl with fish
3731,"Ramen bowl, vegetarian"
3732,Ramen bowl with meat and egg
3733,"Ramen bowl, vegetarian with egg"
3734,"Soup, wonton"
3735,"Soup, sopa de fideo aguada"
3736,"Soup, tortilla"
3737,"Meat substitute, cereal- and vegetable protein-based, fried"
3738,"Clementine, raw"
3739,"Grapefruit, raw"
3740,"Grapefruit, canned"
3741,"Kumquat, raw"
3742,"Lemon, raw"
3743,Lemon pie filling
3744,"Lime, raw"
3745,"Orange, raw"
3746,"Orange, canned, NFS"
3747,"Orange, canned, juice pack"
3748,"Orange, canned, in syrup"
3749,"Tangerine, raw"
3750,"Grapefruit juice, 100%, freshly squeezed"
3751,"Grapefruit juice, 100%, NS as to form"
3752,"Grapefruit juice, 100%, canned, bottled or in a carton"
3753,"Grapefruit juice, 100%, with calcium added"
3754,"Lemon juice, 100%, NS as to form"
3755,"Lemon juice, 100%, freshly squeezed"
3756,"Lemon juice, 100%, canned or bottled"
3757,"Lime juice, 100%, NS as to form"
3758,"Lime juice, 100%, freshly squeezed"
3759,"Lime juice, 100%, canned or bottled"
3760,"Orange juice, 100%, NFS"
3761,"Orange juice, 100%,  freshly squeezed"
3762,"Orange juice, 100%, canned, bottled or in a carton"
3763,"Orange juice, 100%, with calcium added, canned, bottled or in a carton"
3764,"Orange juice, 100%, frozen, reconstituted"
3765,"Orange juice, 100%, frozen, not reconstituted"
3766,"Orange juice, 100%, with calcium added, frozen, reconstituted"
3767,"Tangerine juice, 100%"
3768,"Fruit juice blend, citrus, 100% juice"
3769,"Dried, fruit, NFS"
3770,"Apple, dried"
3771,"Apricot, dried"
3772,"Blueberries, dried"
3773,"Cherries, dried"
3774,Banana chips
3775,"Currants, dried"
3776,"Cranberries, dried"
3777,Date
3778,"Fig, dried"
3779,"Mango, dried"
3780,"Papaya, dried"
3781,"Peach, dried"
3782,"Pear, dried"
3783,"Persimmon, dried"
3784,"Pineapple, dried"
3785,"Prune, dried"
3786,Raisins
3787,"Fruit, NFS"
3788,"Fruit, pickled"
3789,"Apple, raw"
3790,"Applesauce, regular"
3791,"Applesauce, unsweetened"
3792,"Applesauce, flavored"
3793,Apple pie filling
3794,"Apple, baked"
3795,"Apricot, raw"
3796,"Apricot, canned"
3797,"Avocado, raw"
3798,"Banana, raw"
3799,"Banana, baked"
3800,"Cantaloupe, raw"
3801,"Melon, frozen"
3802,"Starfruit, raw"
3803,"Cherries, maraschino"
3804,Cherry pie filling
3805,"Cherries, raw"
3806,"Cherries, canned"
3807,"Cherries, frozen"
3808,Dragon fruit
3809,"Fig, raw"
3810,"Fig, canned"
3811,"Grapes, raw"
3812,"Guava, raw"
3813,"Kiwi fruit, raw"
3814,Lychee
3815,"Honeydew melon, raw"
3816,"Mango, raw"
3817,"Mango, canned"
3818,"Mango, frozen"
3819,"Nectarine, raw"
3820,"Papaya, raw"
3821,"Papaya, canned"
3822,"Passion fruit, raw"
3823,"Peach, raw"
3824,"Peach, canned, NFS"
3825,"Peach, canned, in syrup"
3826,"Peach, canned, juice pack"
3827,"Peach, frozen"
3828,"Pear, raw"
3829,"Pear, Asian, raw"
3830,"Pear, canned, NFS"
3831,"Pear, canned, in syrup"
3832,"Pear, canned, juice pack"
3833,"Persimmon, raw"
3834,"Pineapple, raw"
3835,"Pineapple, canned, NFS"
3836,"Pineapple, canned, in syrup"
3837,"Pineapple, canned, juice pack"
3838,"Pineapple, frozen"
3839,"Plum, raw"
3840,"Plum, canned"
3841,"Pomegranate, raw"
3842,Rhubarb
3843,Tamarind
3844,"Berries, NFS"
3845,"Berries, frozen"
3846,"Blackberries, frozen"
3847,"Bluberries, canned"
3848,"Blueberries, frozen"
3849,Blueberry pie filling
3850,Cranberry sauce
3851,"Raspberries, frozen"
3852,"Strawberries, canned"
3853,"Strawberries, frozen"
3854,Ambrosia
3855,"Fruit salad, fresh or raw, excluding citrus fruits, no dressing"
3856,"Fruit salad, fresh or raw, including citrus fruits, no dressing"
3857,"Fruit cocktail, canned, NFS"
3858,"Fruit cocktail, canned, in syrup"
3859,"Fruit cocktail, canned, juice pack"
3860,"Fruit mixture, frozen"
3861,Apple salad with dressing
3862,"Apple, candied"
3863,"Fruit, chocolate covered"
3864,"Fruit salad, excluding citrus fruits, with salad dressing or mayonnaise"
3865,"Fruit salad, excluding citrus fruits, with whipped cream"
3866,"Fruit salad, excluding citrus fruits, with nondairy whipped topping"
3867,"Fruit salad, excluding citrus fruits, with marshmallows"
3868,"Fruit salad, including citrus fruits, with pudding"
3869,"Fruit salad, excluding citrus fruits, with pudding"
3870,"Fruit salad, including citrus fruits, with salad dressing or mayonnaise"
3871,"Fruit salad, including citrus fruit, with whipped cream"
3872,"Fruit salad, including citrus fruits, with nondairy whipped topping"
3873,"Fruit salad, including citrus fruits, with marshmallows"
3874,Lime souffle
3875,"Guacamole, NFS"
3876,Guacamole with tomatoes
3877,Chutney
3878,Pineapple salad with dressing
3879,"Soup, fruit"
3880,Frozen fruit juice bar
3881,"Frozen fruit juice bar, no sugar added"
3882,Sorbet
3883,"Fruit juice, NFS"
3884,"Fruit juice blend, 100% juice"
3885,"Cranberry juice blend, 100% juice"
3886,"Cranberry juice blend, 100% juice, with calcium added"
3887,Apple cider
3888,"Apple juice, 100%"
3889,"Apple juice, 100%, with calcium added"
3890,"Blackberry juice, 100%"
3891,Blueberry juice
3892,"Cranberry juice, 100%, not a blend"
3893,"Grape juice, 100%"
3894,"Grape juice, 100%, with calcium added"
3895,"Papaya juice, 100%"
3896,"Passion fruit juice, 100%"
3897,"Pineapple juice, 100%"
3898,"Pomegranate juice, 100%"
3899,"Prune juice, 100%"
3900,"Strawberry juice, 100%"
3901,"Watermelon juice, 100%"
3902,"Fruit smoothie, with whole fruit, no dairy"
3903,"Fruit smoothie, with whole fruit, no dairy, added protein"
3904,"Fruit smoothie, with whole fruit, non-dairy"
3905,"Fruit smoothie juice drink, no dairy"
3906,"Fruit smoothie, light"
3907,"Fruit smoothie, bottled"
3908,"Fruit nectar, NFS"
3909,Apricot nectar
3910,Banana nectar
3911,Cantaloupe nectar
3912,Guava nectar
3913,Mango nectar
3914,Peach nectar
3915,Papaya nectar
3916,Passion fruit nectar
3917,Pear nectar
3918,"Soursop, nectar"
3919,Vinegar
3920,"Baby Toddler fruit, NFS"
3921,"Baby Toddler multiple fruit, Stage 2"
3922,"Baby Toddler multiple fruit, Stage 3"
3923,"Baby Toddler fruit, with grain"
3924,"Baby Toddler fruit, with yogurt"
3925,"Baby Toddler fruit and vegetables, Stage 2"
3926,"Baby Toddler fruit and vegetables, Stage 3"
3927,"Baby Toddler fruit and vegetables, with grain"
3928,"Baby Toddler fruit and vegetables, with yogurt"
3929,"Baby Toddler fruit, vegetables, and meat"
3930,Baby Toddler fruit and meat
3931,"Baby Toddler apples, Stage 1"
3932,"Baby Toddler apples, Stage 2"
3933,"Baby Toddler bananas, Stage 1"
3934,"Baby Toddler bananas, Stage 2"
3935,"Baby Toddler peaches, Stage 1"
3936,"Baby Toddler peaches, Stage 2"
3937,"Baby Toddler pears, Stage 1"
3938,"Baby Toddler pears, Stage 2"
3939,Baby Toddler prunes
3940,Baby Toddler mangoes
3941,"Baby Toddler juice, NFS"
3942,"Baby Toddler juice, apple"
3943,"Baby Toddler juice, grape"
3944,"Baby Toddler juice, mixed fruit"
3945,"Baby Toddler juice, pear"
3946,"Baby Toddler juice, fruit and vegetable"
3947,"Baby Toddler juice, fruit and yogurt blend"
3948,Baby Toddler pudding
3949,Baby Toddler yogurt melts
3950,"Potato, NFS"
3951,"Potato, baked, NFS"
3952,"Potato, baked, peel not eaten"
3953,"Potato, boiled, NFS"
3954,"Potato, boiled, ready-to-heat"
3955,"Potato, boiled, from fresh, peel not eaten, NS as to fat"
3956,"Potato, boiled, from fresh, peel not eaten, no added fat"
3957,"Potato, boiled, from fresh, peel not eaten, fat added, NS as to fat type"
3958,"Potato, boiled, from fresh, peel not eaten, made with oil"
3959,"Potato, boiled, from fresh, peel not eaten, made with butter"
3960,"Potato, boiled, from fresh, peel not eaten, made with margarine"
3961,"Potato, boiled, from fresh, peel eaten, NS as to fat"
3962,"Potato, boiled, from fresh, peel eaten, fat added, NS as to fat type"
3963,"Potato, boiled, from fresh,  peel eaten, no added fat"
3964,"Potato, boiled, from fresh, peel eaten, made with oil"
3965,"Potato, boiled, from fresh, peel eaten, made with butter"
3966,"Potato, boiled, from fresh, peel eaten, made with margarine"
3967,"Potato, canned, NS as to fat"
3968,"Potato, canned, fat added, NS as to fat type"
3969,"Potato, canned, no added fat"
3970,"Potato, roasted, NFS"
3971,"Potato, roasted, from fresh, peel eaten, NS as to fat"
3972,"Potato, roasted, from fresh, peel eaten, no added fat"
3973,"Potato, roasted, from fresh, peel eaten, fat added, NS as to fat type"
3974,"Potato, roasted, from fresh, peel eaten, made with oil"
3975,"Potato, roasted, from fresh, peel eaten, made with butter"
3976,"Potato, roasted, from fresh, peel eaten, made with margarine"
3977,"Potato, roasted, from fresh, peel not eaten, NS as to fat"
3978,"Potato, roasted, from fresh, peel not eaten, fat added, NS as to fat type"
3979,"Potato, roasted, from fresh, peel not eaten, no added fat"
3980,"Potato, roasted, from fresh, peel not eaten, made with oil"
3981,"Potato, roasted, from fresh, peel not eaten, made with butter"
3982,"Potato, roasted, from fresh, peel not eaten, made with margarine"
3983,"Potato, roasted, ready-to-heat"
3984,"Stewed potatoes, Puerto Rican style"
3985,"Potato only from Puerto Rican mixed dishes, gravy and other components reported separately"
3986,"Potato from Puerto Rican style stuffed pot roast, with gravy"
3987,"Potato from Puerto Rican beef stew, with gravy"
3988,"Potato from Puerto Rican chicken fricassee, with sauce"
3989,"Potato chips, NFS"
3990,"Potato chips, plain"
3991,"Potato chips, barbecue flavored"
3992,"Potato chips, sour cream and onion flavored"
3993,"Potato chips, cheese flavored"
3994,"Potato chips, other flavored"
3995,"Potato chips, ruffled, plain"
3996,"Potato chips, ruffled, barbecue flavored"
3997,"Potato chips, ruffled, sour cream and onion flavored"
3998,"Potato chips, ruffled, cheese flavored"
3999,"Potato chips, ruffled, other flavored"
4000,"Potato chips, restructured, plain"
4001,"Potato chips, restructured, flavored"
4002,"Potato chips, baked, plain"
4003,"Potato chips, baked, flavored"
4004,"Potato chips, reduced fat"
4005,"Potato chips, restructured, reduced fat, lightly salted"
4006,"Potato chips, unsalted"
4007,"Potato chips, lightly salted"
4008,"Potato chips, restructured, lightly salted"
4009,"Potato chips, popped, plain"
4010,"Potato chips, popped, flavored"
4011,"Potato chips, popped, NFS"
4012,"Potato sticks, plain"
4013,"Potato sticks, flavored"
4014,"Potato sticks, fry shaped"
4015,Vegetable chips
4016,"Potato, scalloped, NFS"
4017,"Potato, scalloped, from fast food or restaurant"
4018,"Potato, scalloped, from fresh"
4019,"Potato, scalloped, from fresh, with meat"
4020,"Potato, scalloped, from dry mix"
4021,"Potato, scalloped, from dry mix, with meat"
4022,"Potato, scalloped, ready-to-heat"
4023,"Potato, scalloped, ready-to-heat, with meat"
4024,"Potato, french fries, NFS"
4025,"Potato, french fries, NS as to fresh or frozen"
4026,"Potato, french fries, from fresh, fried"
4027,"Potato, french fries, from fresh, baked"
4028,"Potato, french fries, from frozen, baked"
4029,"Potato, french fries, fast food"
4030,"Potato, french fries, restaurant"
4031,"Potato, french fries, from frozen, fried"
4032,"Potato, french fries, school"
4033,"Potato, french fries, with cheese, fast food / restaurant"
4034,"Potato, french fries, with cheese, school"
4035,"Potato, french fries, with chili, fast food / restaurant"
4036,"Potato, french fries, with chili and cheese, fast food / restaurant"
4037,"Potato, french fries, with cheese"
4038,"Potato, french fries, with chili and cheese"
4039,"Potato, french fries, with chili"
4040,"Potato, home fries, NFS"
4041,"Potato, home fries, from restaurant / fast food"
4042,"Potato, home fries, from fresh"
4043,"Potato, home fries, ready-to-heat"
4044,"Potato, home fries, with vegetables"
4045,"Potato, hash brown, NFS"
4046,"Potato, hash brown, from fast food"
4047,"Potato, hash brown, from fast food, with cheese"
4048,"Potato, hash brown, from restaurant"
4049,"Potato, hash brown, from restaurant, with cheese"
4050,"Potato, hash brown, from school lunch"
4051,"Potato, hash brown, from fresh"
4052,"Potato, hash brown, from fresh, with cheese"
4053,"Potato, hash brown, from dry mix"
4054,"Potato, hash brown, ready-to-heat"
4055,"Potato, hash brown, ready-to-heat, with cheese"
4056,Potato skins without topping
4057,"Potato skins, with cheese"
4058,"Potato skins, with cheese and bacon"
4059,"Potato skins, NFS"
4060,"Potato, mashed, NFS"
4061,"Potato, mashed, from fast food"
4062,"Potato, mashed, from fast food, with gravy"
4063,"Potato, mashed, ready-to-heat"
4064,"Potato, mashed, from fresh, made with milk"
4065,"Potato, mashed, from fresh, made with milk, with cheese"
4066,"Potato, mashed, from fresh, made with milk, with gravy"
4067,"Potato, mashed, from fresh, NFS"
4068,"Potato, mashed, from restaurant"
4069,"Potato, mashed, from restaurant, with gravy"
4070,"Potato, mashed, from school lunch"
4071,"Potato, mashed, from dry mix, NFS"
4072,"Potato, mashed, from dry mix, made with milk"
4073,"Potato, mashed, from dry mix, made with milk, with cheese"
4074,"Potato, mashed, from dry mix, made with milk, with gravy"
4075,"Potato, mashed, ready-to-heat, NFS"
4076,"Potato, mashed, ready-to-heat, with cheese"
4077,"Potato, mashed, ready-to-heat, with gravy"
4078,Potato patty
4079,"Potato tots, NFS"
4080,"Potato tots, fast food / restaurant"
4081,"Potato tots, school"
4082,"Potato tots, from fresh, fried or baked"
4083,"Potato tots, frozen, baked"
4084,"Potato tots, frozen, fried"
4085,"Potato tots, frozen, NS as to fried or baked"
4086,"Potato, baked, peel not eaten, with butter"
4087,"Potato, baked, peel not eaten, with sour cream"
4088,"Potato, baked, peel not eaten, with cheese"
4089,"Potato, baked, peel not eaten, with meat"
4090,"Potato, baked, peel not eaten, with chili"
4091,"Potato, baked, peel not eaten, with vegetables"
4092,"Potato, baked, peel eaten"
4093,"Potato, baked, peel eaten, with butter"
4094,"Potato, baked, peel eaten, with sour cream"
4095,"Potato, baked, peel eaten, with cheese"
4096,"Potato, baked, peel eaten, with meat"
4097,"Potato, baked, peel eaten, with chili"
4098,"Potato, baked, peel eaten, with vegetables"
4099,"Potato salad with egg, from restaurant"
4100,"Potato salad with egg, made with mayonnaise"
4101,"Potato salad with egg, made with light mayonnaise"
4102,"Potato salad with egg, made with mayonnaise-type salad dressing"
4103,"Potato salad with egg, made with light mayonnaise-type salad dressing"
4104,"Potato salad with egg, made with creamy dressing"
4105,"Potato salad with egg, made with light creamy dressing"
4106,"Potato salad with egg, made with Italian dressing"
4107,"Potato salad with egg, made with light Italian dressing"
4108,"Potato salad with egg, made with any type of fat free dressing"
4109,"Potato salad, German style"
4110,"Potato salad, from restaurant"
4111,"Potato salad, made with mayonnaise"
4112,"Potato salad, made with light mayonnaise"
4113,"Potato salad, made with mayonnaise-type salad dressing"
4114,"Potato salad, made with light mayonnaise-type salad dressing"
4115,"Potato salad, made with creamy dressing"
4116,"Potato salad, made with light creamy dressing"
4117,"Potato salad, made with Italian dressing"
4118,"Potato salad, made with light Italian dressing"
4119,"Potato salad, made with any type of fat free dressing"
4120,Potato pancake
4121,Lefse
4122,Stewed potatoes
4123,Stewed potatoes with tomatoes
4124,"Soup, potato"
4125,"Soup, potato with meat"
4126,"Plantain, cooked, no added fat"
4127,"Plantain, cooked with oil"
4128,"Plantain, raw"
4129,"Plantain, cooked, fat added, NS as to fat type"
4130,"Plantain, cooked with butter or margarine"
4131,Plantain chips
4132,"Cassava, cooked"
4133,Yuca fries
4134,"Casabe, cassava bread"
4135,"Taro, cooked"
4136,Fufu
4137,Taro chips
4138,"Beet greens, cooked"
4139,"Chard, raw"
4140,"Chard, cooked"
4141,"Collards, fresh, cooked, no added fat"
4142,"Collards, frozen, cooked, no added fat"
4143,"Collards, NS as to form, cooked"
4144,"Collards, fresh, cooked, fat added, NS as to fat type"
4145,"Collards, frozen, cooked, fat added, NS as to fat type"
4146,"Collards, fresh, cooked with oil"
4147,"Collards, fresh, cooked with butter or margarine"
4148,"Collards, frozen, cooked with oil"
4149,"Collards, frozen, cooked with butter or margarine"
4150,"Cress, raw"
4151,"Cress, cooked"
4152,"Dandelion greens, cooked"
4153,"Romaine lettuce, raw"
4154,"Caesar salad, with romaine, no dressing"
4155,"Escarole, cooked"
4156,"Greens, fresh, cooked, no added fat"
4157,"Greens, frozen, cooked, no added fat"
4158,"Greens, NS as to form, cooked"
4159,"Greens, fresh, cooked, fat added"
4160,"Greens, frozen, cooked, fat added"
4161,"Greens, canned, cooked"
4162,"Kale, fresh, cooked, no added fat"
4163,"Kale, frozen, cooked, no added fat"
4164,"Kale, NS as to form, cooked"
4165,"Kale, fresh, cooked, fat added"
4166,"Kale, frozen, cooked, fat added"
4167,"Lambsquarter, cooked"
4168,"Mustard greens, fresh, cooked, no added fat"
4169,"Mustard greens, frozen, cooked, no added fat"
4170,"Mustard greens, NS as to form, cooked"
4171,"Mustard greens, fresh, cooked, fat added"
4172,"Mustard greens, frozen, cooked, fat added"
4173,"Poke greens, cooked"
4174,"Spinach, fresh, cooked, no added fat"
4175,"Spinach, frozen, cooked, no added fat"
4176,"Spinach, canned, cooked, no added fat"
4177,"Spinach, fresh, cooked with oil"
4178,"Spinach, fresh, cooked with butter or margarine"
4179,"Spinach, NS as to form, cooked"
4180,"Spinach, fresh, cooked, fat added, NS as to fat type"
4181,"Spinach, frozen, cooked, fat added, NS as to fat type"
4182,"Spinach, canned, cooked, fat added, NS as to fat type"
4183,"Spinach, frozen, cooked with oil"
4184,"Spinach, frozen, cooked with butter or margarine"
4185,"Spinach, canned, cooked with oil"
4186,"Spinach, canned, cooked with butter or margarine"
4187,"Spinach, creamed"
4188,Spinach and cheese casserole
4189,Palak Paneer
4190,Channa Saag
4191,"Taro leaves, cooked"
4192,"Turnip greens, fresh, cooked, no added fat"
4193,"Turnip greens, frozen, cooked, no added fat"
4194,"Turrnip greens, NS as to form, cooked"
4195,"Turnip greens, fresh, cooked, fat added"
4196,"Turnip greens, frozen, cooked, fat added"
4197,"Watercress, cooked"
4198,"Bitter melon, horseradish, jute, or radish leaves, cooked"
4199,"Sweet potato, squash, pumpkin, chrysanthemum, or bean leaves, cooked"
4200,"Broccoli, cooked, from restaurant"
4201,"Broccoli, fresh, cooked, no added fat"
4202,"Broccoli, frozen, cooked, no added fat"
4203,"Broccoli, NS as to form, cooked"
4204,"Broccoli, fresh, cooked, fat added, NS as to fat type"
4205,"Broccoli, frozen, cooked, fat added, NS as to fat type"
4206,"Broccoli, fresh, cooked with oil"
4207,"Broccoli, fresh, cooked with butter or margarine"
4208,"Broccoli, frozen, cooked with oil"
4209,"Broccoli, frozen, cooked with butter or margarine"
4210,Broccoli casserole with noodles
4211,Broccoli casserole with rice
4212,Fried broccoli
4213,"Broccoli, Chinese, cooked"
4214,"Soup, broccoli cheese"
4215,"Carrots, raw, salad"
4216,"Carrots, raw, salad with apples"
4217,"Carrots, cooked, from restaurant"
4218,"Carrots, fresh, cooked, no added fat"
4219,"Carrots, frozen, cooked, no added fat"
4220,"Carrots, canned, cooked, no added fat"
4221,"Carrots, fresh, cooked with oil"
4222,"Carrots, fresh, cooked with butter or margarine"
4223,"Carrots, NS as to form, cooked"
4224,"Carrots, fresh, cooked, fat added, NS as to fat type"
4225,"Carrots, frozen, cooked, fat added, NS as to fat type"
4226,"Carrots, canned, cooked, fat added, NS as to fat type"
4227,"Carrots, frozen, cooked with oil"
4228,"Carrots, frozen, cooked with butter or margarine"
4229,"Carrots, canned, cooked with oil"
4230,"Carrots, canned, cooked with butter or margarine"
4231,"Carrots, glazed, cooked"
4232,"Carrots, canned, reduced sodium, cooked, no added fat"
4233,"Carrots, canned, reduced sodium, cooked, fat added, NS as to fat type"
4234,"Carrots, canned, reduced sodium, cooked with oil"
4235,"Carrots, canned, reduced sodium, cooked with butter or margarine"
4236,Beet juice
4237,"Carrot juice, 100%"
4238,"Peas and carrots, fresh, cooked, no added fat"
4239,"Peas and carrots, frozen, cooked, no added fat"
4240,"Peas and carrots, canned, cooked, no added fat"
4241,"Peas and carrots, cooked, NS as to form"
4242,"Peas and carrots, fresh, cooked, fat added"
4243,"Peas and carrots, frozen, cooked, fat added"
4244,"Peas and carrots, canned, cooked, fat added"
4245,"Pumpkin, canned, cooked"
4246,"Pumpkin, cooked"
4247,"Winter squash, raw"
4248,"Winter squash, cooked, no added fat"
4249,"Winter squash, cooked, fat added"
4250,"Squash, winter, souffle"
4251,"Sweet potato, NFS"
4252,"Sweet potato, baked, NS as to fat"
4253,"Sweet potato, baked, no added fat"
4254,"Sweet potato, baked, fat added"
4255,"Sweet potato, boiled, NS as to fat"
4256,"Sweet potato, boiled, no added fat"
4257,"Sweet potato, boiled, fat added"
4258,"Sweet potato, candied"
4259,"Sweet potato, canned, NS as to fat"
4260,"Sweet potato, canned, no added fat"
4261,"Sweet potato, canned, fat added"
4262,"Sweet potato, casserole or mashed"
4263,"Sweet potato fries, NFS"
4264,Sweet potato chips
4265,"Sweet potato fries, frozen"
4266,"Sweet potato fries, from fresh"
4267,"Sweet potato fries, fast food / restaurant"
4268,"Sweet potato fries, school"
4269,Sweet potato tots
4270,"Sweet potato tots, fast food / restaurant"
4271,"Sweet potato tots, school"
4272,"Soup, pumpkin"
4273,"Tomatoes, raw"
4274,"Tomatoes, NS as to form, cooked"
4275,"Tomatoes, fresh, cooked"
4276,"Tomatoes, canned, cooked"
4277,"Tomatoes, scalloped"
4278,"Tomatoes, canned, reduced sodium, cooked"
4279,Fried green tomatoes
4280,"Tomato, green, pickled"
4281,Sun-dried tomatoes
4282,"Tomato juice, 100%"
4283,"Tomato juice, 100%, low sodium"
4284,Tomato juice cocktail
4285,"Tomato and vegetable juice, 100%"
4286,"Tomato and vegetable juice, 100%, low sodium"
4287,Ketchup
4288,"Ketchup, reduced sodium"
4289,Tomato chili sauce
4290,"Salsa, NFS"
4291,"Salsa, pico de gallo"
4292,"Salsa, red"
4293,"Salsa, red, homemade"
4294,Taco sauce
4295,"Enchilada sauce, red"
4296,"Enchilada sauce, green"
4297,"Salsa verde or salsa, green"
4298,Hot Thai sauce
4299,Spaghetti sauce
4300,Spaghetti sauce with added vegetables
4301,"Spaghetti sauce, reduced sodium"
4302,"Spaghetti sauce, fat free"
4303,Vodka sauce with tomatoes and cream
4304,Barbecue sauce
4305,Buffalo sauce
4306,Steak sauce
4307,Cocktail sauce
4308,Puerto Rican seasoning with ham
4309,Puerto Rican seasoning without ham and tomato sauce
4310,"Tomato and cucumber salad made with tomato, cucumber, oil, and vinegar"
4311,"Soup, tomato"
4312,"Soup, cream of tomato"
4313,"Soup, tomato, canned"
4314,"Soup, tomato, canned / carton, reduced sodium"
4315,Tomato sandwich on white
4316,Tomato sandwich on wheat
4317,"Raw vegetable, NFS"
4318,"Sprouts, NFS"
4319,"Alfalfa sprouts, raw"
4320,Artichoke
4321,"Bean sprouts, raw"
4322,"Green beans, raw"
4323,"Broccoflower, raw"
4324,"Cabbage, green, raw"
4325,"Cabbage, Chinese, raw"
4326,"Cactus, raw"
4327,"Fennel bulb, raw"
4328,"Basil, raw"
4329,"Cilantro, raw"
4330,"Corn, raw"
4331,"Cucumber, raw"
4332,"Jicama, raw"
4333,"Lettuce, raw"
4334,"Lettuce, Boston, raw"
4335,"Lettuce, arugula, raw"
4336,"Mixed salad greens, raw"
4337,"Mushrooms, raw"
4338,"Onions, green, raw"
4339,"Parsley, raw"
4340,"Green peas, raw"
4341,"Peppers, hot, raw"
4342,"Peppers, raw, NFS"
4343,"Peppers, banana, raw"
4344,Radish
4345,"Rutabaga, raw"
4346,"Seaweed, raw"
4347,"Snowpeas, raw"
4348,"Summer squash, yellow, raw"
4349,"Summer squash, green, raw"
4350,"Turnip, raw"
4351,Mixed vegetable juice
4352,Celery juice
4353,"Broccoli salad with cauliflower, cheese, bacon bits, and dressing"
4354,Broccoli slaw salad
4355,"Coleslaw, fast food / restaurant"
4356,Coleslaw
4357,"Cabbage salad, NFS"
4358,"Coleslaw, with fruit"
4359,Cucumber and vegetable namasu
4360,"Cucumber salad, made with sour cream dressing"
4361,"Cucumber salad, made with Italian dressing"
4362,Cucumber salad made with cucumber and vinegar
4363,"Lettuce, salad with assorted vegetables including tomatoes and/or carrots, no dressing"
4364,"Lettuce, salad with assorted vegetables excluding tomatoes and carrots, no dressing"
4365,"Lettuce, salad with avocado, tomato, and/or carrots, with or without other vegetables, no dressing"
4366,"Lettuce, salad with cheese, tomato and/or carrots, with or without other vegetables, no dressing"
4367,"Lettuce, salad with egg, tomato, and/or carrots, with or without other vegetables, no dressing"
4368,"Lettuce, salad with egg, cheese, tomato, and/or carrots, with or without other vegetables, no dressing"
4369,"Lettuce, wilted, with bacon dressing"
4370,"Seven-layer salad, lettuce salad made with a combination of onion, celery, green pepper, peas, mayonnaise, cheese, eggs, and/or bacon"
4371,"Greek Salad, no dressing"
4372,"Spinach salad, no dressing"
4373,"Cobb salad, no dressing"
4374,Aloe vera juice drink
4375,"Asparagus, fresh, cooked, no added fat"
4376,"Asparagus, frozen, cooked, no added fat"
4377,"Asparagus, canned, cooked, no added fat"
4378,"Asparagus, NS as to form, cooked"
4379,"Asparagus, fresh, cooked, fat added, NS as to fat type"
4380,"Asparagus, frozen, cooked, fat added, NS as to fat type"
4381,"Asparagus, canned, cooked, fat added, NS as to fat type"
4382,"Asparagus, fresh, cooked with oil"
4383,"Asparagus, fresh, cooked with butter or margarine"
4384,"Asparagus, frozen, cooked with oil"
4385,"Asparagus, frozen, cooked with butter or margarine"
4386,"Asparagus, canned, cooked with oil"
4387,"Asparagus, canned, cooked with butter or margarine"
4388,"Bamboo shoots, cooked"
4389,"Lima beans, from frozen, no added fat"
4390,"Lima beans, from frozen, fat added"
4391,"Lima beans, from canned"
4392,"Green beans, cooked, from restaurant"
4393,"Green beans, fresh, cooked, no added fat"
4394,"Green beans, frozen, cooked, no added fat"
4395,"Green beans, canned, cooked, no added fat"
4396,"Green beans, NS as to form, cooked"
4397,"Green beans, fresh, cooked, fat added, NS as to fat type"
4398,"Green beans, frozen, cooked, fat added, NS as to fat type"
4399,"Green beans, canned, cooked, fat added, NS as to fat type"
4400,"Green beans, fresh, cooked with oil"
4401,"Green beans, fresh, cooked with butter or margarine"
4402,"Green beans, frozen, cooked with oil"
4403,"Green beans, frozen, cooked with butter or margarine"
4404,"Green beans, canned, cooked with oil"
4405,"Green beans, canned, cooked with butter or margarine"
4406,"Green beans, canned, reduced sodium, cooked, no added fat"
4407,"Green beans, canned, reduced sodium, cooked, fat added, NS as to fat type"
4408,"Green beans, canned, reduced sodium, cooked with oil"
4409,"Green beans, canned, reduced sodium, cooked with butter or margarine"
4410,Fried green beans
4411,"Yellow string beans, cooked"
4412,"Bean sprouts, cooked"
4413,"Beets, fresh, cooked, no added fat"
4414,"Beets, canned, cooked, no added fat"
4415,"Beets, NS as to form, cooked"
4416,"Beets, fresh, cooked, fat added"
4417,"Beets, canned, cooked, fat added"
4418,"Beets, canned, reduced sodium, cooked"
4419,"Bitter melon, cooked"
4420,"Breadfruit, cooked"
4421,"Broccoflower, cooked"
4422,"Brussels sprouts, fresh, cooked, no added fat"
4423,"Brussels sprouts, frozen, cooked, no added fat"
4424,"Brussels sprouts, NS as to form, cooked"
4425,"Brussels sprouts, fresh, cooked, fat added"
4426,"Brussels sprouts, frozen, cooked, fat added"
4427,"Burdock, cooked"
4428,"Cabbage, Chinese, cooked, no added fat"
4429,"Cabbage, Chinese, cooked, fat added"
4430,"Cabbage, green, cooked, no added fat"
4431,"Cabbage, green, cooked, fat added, NS as to fat type"
4432,"Cabbage, green, cooked with oil"
4433,"Cabbage, green, cooked with butter or margarine"
4434,"Cabbage, red, cooked"
4435,"Cabbage, savoy, cooked"
4436,"Cactus, cooked, no added fat"
4437,"Cactus, cooked, fat added"
4438,"Cauliflower, fresh, cooked, no added fat"
4439,"Cauliflower, frozen, cooked, no added fat"
4440,"Cauliflower, NS as to form, cooked"
4441,"Cauliflower, fresh, cooked, fat added, NS as to fat type"
4442,"Cauliflower, frozen, cooked, fat added, NS as to fat type"
4443,"Cauliflower, fresh, cooked with oil"
4444,"Cauliflower, fresh, cooked with butter or margarine"
4445,"Cauliflower, frozen, cooked with oil"
4446,"Cauliflower, frozen, cooked with butter or margarine"
4447,"Celery, cooked"
4448,"Fennel bulb, cooked"
4449,"Christophine, cooked"
4450,"Corn, cooked, from restaurant"
4451,"Corn, fresh, cooked, no added fat"
4452,"Corn, frozen, cooked, no added fat"
4453,"Corn, canned, cooked, no added fat"
4454,"Corn, NS as to form, cooked"
4455,"Corn, fresh, cooked, fat added, NS as to fat type"
4456,"Corn, frozen, cooked, fat added, NS as to fat type"
4457,"Corn, canned, cooked, fat added, NS as to fat type"
4458,"Corn, fresh, cooked with oil"
4459,"Corn, fresh, cooked with butter or margarine"
4460,"Corn, frozen, cooked with oil"
4461,"Corn, frozen, cooked with butter or margarine"
4462,"Corn, canned, cooked with oil"
4463,"Corn, canned, cooked with butter or margarine"
4464,"Corn, creamed"
4465,"Corn, canned, reduced sodium, cooked, no added fat"
4466,"Corn, canned, reduced sodium, cooked, fat added, NS as to fat type"
4467,"Corn, canned, reduced sodium, cooked with oil"
4468,"Corn, canned, reduced sodium, cooked with butter or margarine"
4469,"Cucumber, cooked"
4470,"Eggplant, cooked, no added fat"
4471,"Eggplant, cooked, fat added"
4472,"Flowers or blossoms of sesbania, squash, or lily, cooked"
4473,"Garlic, cooked"
4474,"Hominy, cooked"
4475,"Kohlrabi, cooked"
4476,Leeks
4477,"Lotus root, cooked"
4478,"Mushrooms, fresh, cooked, no added fat"
4479,"Mushrooms, NS as to form, cooked"
4480,"Mushrooms, fresh, cooked, fat added, NS as to fat type"
4481,"Mushrooms, canned, cooked"
4482,"Mushrooms, fresh, cooked with oil"
4483,"Mushrooms, fresh, cooked with butter or margarine"
4484,"Mushroom, Asian, cooked, from dried"
4485,"Okra, fresh, cooked, no added fat"
4486,"Okra, frozen, cooked, no added fat"
4487,"Okra, NS as to form, cooked"
4488,"Okra, fresh, cooked, fat added"
4489,"Okra, frozen, cooked, fat added"
4490,"Lettuce, cooked"
4491,"Onions, cooked, no added fat"
4492,"Onions, cooked, fat added"
4493,"Onions, pearl, cooked"
4494,"Onions, green, cooked"
4495,"Palm hearts, cooked"
4496,"Parsnips, cooked"
4497,"Blackeyed peas, from frozen"
4498,"Blackeyed peas, from canned"
4499,"Green peas, cooked, from restaurant"
4500,"Green peas, fresh, cooked, no added fat"
4501,"Green peas, frozen, cooked, no added fat"
4502,"Green peas, canned, cooked, no added fat"
4503,"Green peas, NS as to form, cooked"
4504,"Green peas, fresh, cooked, fat added, NS as to fat type"
4505,"Green peas, frozen, cooked, fat added, NS as to fat type"
4506,"Green peas, canned, cooked, fat added, NS as to fat type"
4507,"Green peas, fresh, cooked with oil"
4508,"Green peas, fresh, cooked with butter or margarine"
4509,"Green peas, frozen, cooked with oil"
4510,"Green peas, frozen, cooked with butter or margarine"
4511,"Green peas, canned, cooked with oil"
4512,"Green peas, canned, cooked with butter or margarine"
4513,"Green peas, canned, reduced sodium, cooked, no added fat"
4514,"Green peas, canned, reduced sodium, cooked, fat added, NS as to fat type"
4515,"Green peas, canned, reduced sodium, cooked with oil"
4516,"Green peas, canned, reduced sodium, cooked with butter or margarine"
4517,"Peppers, green, cooked"
4518,"Peppers, red, cooked"
4519,"Peppers, hot, cooked"
4520,Pimiento
4521,"Rutabaga, cooked"
4522,"Salsify, cooked"
4523,Sauerkraut
4524,"Snowpeas, fresh, cooked, no added fat"
4525,"Snowpeas, frozen, cooked, no added fat"
4526,"Snowpeas, NS as to form, cooked"
4527,"Snowpeas, fresh, cooked, fat added"
4528,"Snowpeas, frozen, cooked, fat added"
4529,"Seaweed, dried"
4530,"Seaweed, cooked, no added fat"
4531,"Seaweed, cooked, fat added"
4532,"Summer squash, yellow or green, fresh, cooked, no added fat"
4533,"Summer squash, yellow or green, frozen, cooked, no added fat"
4534,"Summer squash, yellow or green, NS as to form, cooked"
4535,"Summer squash, yellow or green, fresh, cooked, fat added, NS as to fat type"
4536,"Summer squash, yellow or green, frozen, cooked, fat added, NS as to fat type"
4537,"Summer squash, yellow or green, canned, cooked, fat added, NS as to fat type"
4538,"Summer squash, yellow or green, fresh, cooked with oil"
4539,"Summer squash, yellow or green, fresh, cooked with butter or margarine"
4540,"Summer squash, yellow or green, frozen, cooked with oil"
4541,"Summer squash, yellow or green, frozen, cooked with butter or margarine"
4542,"Spaghetti squash, cooked"
4543,"Turnip, cooked"
4544,Water Chesnut
4545,"Winter melon, cooked"
4546,Yeast
4547,"Lima beans and corn, cooked, no added fat"
4548,"Lima beans and corn, cooked, fat added"
4549,"Bean salad, yellow and/or green string beans"
4550,"Peppers and onions, cooked, no added fat"
4551,"Peppers and onions, cooked, fat added"
4552,"Classic mixed vegetables, cooked, from restaurant"
4553,"Classic mixed vegetables, frozen, cooked, no added fat"
4554,"Classic mixed vegetables, canned, cooked, no added fat"
4555,"Classic mixed vegetables, NS as to form, cooked"
4556,"Classic mixed vegetables, frozen, cooked, fat added, NS as to fat type"
4557,"Classic mixed vegetables, canned, cooked, fat added, NS as to fat type"
4558,"Classic mixed vegetables, frozen, cooked with oil"
4559,"Classic mixed vegetables, frozen, cooked with butter or margarine"
4560,"Classic mixed vegetables, canned, cooked with oil"
4561,"Classic mixed vegetables, canned, cooked with butter or margarine"
4562,"Classic mixed vegetables, canned, reduced sodium, cooked, no added fat"
4563,"Classic mixed vegetables, canned, reduced sodium, cooked, fat added, NS as to fat type"
4564,"Classic mixed vegetables, canned, reduced sodium, cooked with oil"
4565,"Classic mixed vegetables, canned, reduced sodium, cooked with butter or margarine"
4566,"Peas and corn, cooked, no added fat"
4567,"Peas and corn, cooked, fat added"
4568,Ratatouille
4569,"Vegetables, stew type, cooked, fat added"
4570,"Vegetables, stew type, cooked, no added fat"
4571,"Broccoli and cauliflower, cooked, no added fat"
4572,"Broccoli and cauliflower, cooked, fat added"
4573,"Broccoli, cauliflower and carrots, cooked, no added fat"
4574,"Broccoli, cauliflower and carrots, cooked, fat added"
4575,"Asian stir fry vegetables, cooked, no added fat"
4576,"Asian stir fry vegetables, cooked, fat added"
4577,"Jai, Monk's Food"
4578,"Vegetable mixture, dried"
4579,"Artichokes, stuffed"
4580,Green bean casserole
4581,"Green beans, cooked, Szechuan-style"
4582,Fried cauliflower
4583,"Chiles rellenos, cheese-filled"
4584,"Chiles rellenos, filled with meat and cheese"
4585,Stuffed jalapeno pepper
4586,"Corn, scalloped or pudding"
4587,"Fritter, corn"
4588,Fried eggplant
4589,Eggplant dip
4590,"Eggplant parmesan casserole, regular"
4591,Eggplant with cheese and tomato sauce
4592,"Mushrooms, stuffed"
4593,Fried mushrooms
4594,Fried okra
4595,Fried onion rings
4596,Pea salad
4597,Pea salad with cheese
4598,"Fried summer squash, yellow or green"
4599,"Squash, summer, casserole with tomato and cheese"
4600,"Squash, summer, casserole, with rice and tomato sauce"
4601,"Squash, summer, casserole, with cheese sauce"
4602,"Squash, summer, souffle"
4603,"Stew, vegetable"
4604,"Chow mein or chop suey, meatless, no noodles"
4605,Vegetable tempura
4606,Pakora
4607,Vegetable curry
4608,Vegetable curry with rice
4609,"Chow mein or chop suey, meatless, with noodles"
4610,"Green beans, pickled"
4611,"Beets, pickled"
4612,"Celery, pickled"
4613,"Relish, corn"
4614,"Cauliflower, pickled"
4615,"Cabbage, green, pickled"
4616,"Cabbage, red, pickled"
4617,Kimchi
4618,"Pickles, dill"
4619,"Relish, pickle"
4620,"Pickles, sweet"
4621,"Ginger root, pickled"
4622,Horseradish
4623,"Mushrooms, pickled"
4624,Mustard
4625,Honey mustard dip
4626,"Okra, pickled"
4627,"Olives, NFS"
4628,"Olives, green"
4629,"Olives, black"
4630,"Olives, stuffed"
4631,Olive tapenade
4632,Hot pepper sauce
4633,"Peppers, sweet, pickled"
4634,"Peppers, hot, pickled"
4635,"Peppers, jalapenos"
4636,"Pickles, NFS"
4637,"Pickles, fried"
4638,"Radishes, pickled"
4639,"Seaweed, pickled"
4640,"Vegetables, pickled"
4641,"Turnip, pickled"
4642,Wasabi paste
4643,"Zucchini, pickled"
4644,"Soup, borscht"
4645,"Soup, gazpacho"
4646,"Soup, cream of mushroom"
4647,"Soup, French onion"
4648,"Soup, cream of vegetable"
4649,"Soup, seaweed"
4650,"Soup, vegetable, canned"
4651,"Soup, vegetable, canned, reduced sodium"
4652,"Soup, vegetable"
4653,"Soup, minestrone"
4654,"Soup, beef"
4655,"Soup, vegetable, with meat"
4656,"Baby Toddler vegetable, NFS"
4657,"Baby Toddler carrots, Stage 1"
4658,"Baby Toddler carrots, Stage 2"
4659,"Baby Toddler squash, Stage 1"
4660,"Baby Toddler squash, Stage 2"
4661,"Baby Toddler sweet potatoes, Stage 1"
4662,"Baby Toddler sweet potatoes, Stage 2"
4663,"Baby Toddler green beans, Stage 1"
4664,"Baby Toddler green beans, Stage 2"
4665,Baby Toddler beets
4666,"Baby Toddler multiple vegetables, Stage 2"
4667,"Baby Toddler multiple vegetables, Stage 3"
4668,"Baby Toddler vegetables, with grain"
4669,Baby Toddler vegetables and meat
4670,"Baby Toddler peas, Stage 1"
4671,"Baby Toddler peas, Stage 2"
4672,"Toddler meal, NFS"
4673,"Toddler meal, meat and vegetables"
4674,"Toddler meal, rice and vegetables"
4675,"Toddler meal, pasta"
4676,"Toddler meal, pasta and vegetables"
4677,"Fried stuffed potatoes, Puerto Rican style"
4678,"Green plantain with cracklings, Puerto Rican style"
4679,"Ripe plantain meat pie, Puerto Rican style"
4680,Puerto Rican pasteles
4681,"Stuffed cabbage, with meat, Puerto Rican style"
4682,"Stuffed cabbage, with meat and rice, Syrian dish, Puerto Rican style"
4683,Eggplant and meat casserole
4684,"Vegetable and fruit juice, 100% juice, with high vitamin C"
4685,"Fruit and vegetable smoothie, with dairy"
4686,"Fruit and vegetable smoothie, added protein"
4687,"Fruit and vegetable smoothie, non-dairy"
4688,"Fruit and vegetable smoothie, non-dairy, added protein"
4689,"Fruit and vegetable smoothie, bottled"
4690,"Fruit and vegetable smoothie, no dairy"
4691,Vegetable smoothie
4692,"Table fat, NFS"
4693,"Butter, NFS"
4694,"Butter, stick"
4695,"Butter, tub"
4696,"Butter, light"
4697,"Margarine, NFS"
4698,"Margarine, stick"
4699,"Margarine, tub"
4700,"Butter replacement, liquid"
4701,"Margarine, light"
4702,"Butter replacement, powder"
4703,"Oil or table fat, NFS"
4704,Animal fat or drippings
4705,"Shortening, NS as to vegetable or animal"
4706,"Ghee, clarified butter"
4707,Garlic sauce
4708,Lemon-butter sauce
4709,Hollandaise sauce
4710,Sandwich spread
4711,Tartar sauce
4712,Horseradish sauce
4713,Pesto sauce
4714,Fry sauce
4715,"Sauce, NFS"
4716,Curry sauce
4717,Honey butter
4718,"Vegetable oil, NFS"
4719,Almond oil
4720,Coconut oil
4721,Corn oil
4722,Cottonseed oil
4723,Flaxseed oil
4724,Olive oil
4725,Peanut oil
4726,Canola oil
4727,Safflower oil
4728,Sesame oil
4729,Soybean oil
4730,Sunflower oil
4731,Walnut oil
4732,Wheat germ oil
4733,"Salad dressing, NFS, for salads"
4734,"Salad dressing, NFS, for sandwiches"
4735,Blue or roquefort cheese dressing
4736,Bacon and tomato dressing
4737,Caesar dressing
4738,Coleslaw dressing
4739,French or Catalina dressing
4740,Honey mustard dressing
4741,"Italian dressing, made with vinegar and oil"
4742,"Mayonnaise, regular"
4743,Vegan mayonnaise
4744,Russian dressing
4745,Mayonnaise-type salad dressing
4746,Avocado dressing
4747,Creamy Italian dressing
4748,Poppy seed dressing
4749,Sesame dressing
4750,Ranch dressing
4751,Thousand Island dressing
4752,Fruit dressing
4753,"Salad dressing, light, NFS"
4754,"Blue or roquefort cheese dressing, light"
4755,"Creamy Italian dressing, light"
4756,"French or Catalina dressing, light"
4757,"Caesar dressing, light"
4758,"Mayonnaise, light"
4759,"Mayonnaise, reduced fat,  with olive oil"
4760,"Mayonnaise-type salad dressing, light"
4761,"Honey mustard dressing, light"
4762,"Italian dressing, light"
4763,"Ranch dressing, light"
4764,"Sesame dressing, light"
4765,"Thousand Island dressing, light"
4766,Korean dressing or marinade
4767,"Blue or roquefort cheese dressing, fat free"
4768,"Caesar dressing, fat free"
4769,"Creamy Italian dressing, fat free"
4770,"French or Catalina dressing, fat free"
4771,"Honey mustard dressing, fat free"
4772,"Italian dressing, fat free"
4773,"Mayonnaise, fat free"
4774,"Ranch dressing, fat free"
4775,"Salad dressing, fat free, NFS"
4776,"Thousand Island dressing, fat free"
4777,"Bacon, for use with vegetables"
4778,"Ham, for use with vegetables"
4779,"Beef, for use with vegetables"
4780,"Chicken, for use with vegetables"
4781,"Cream sauce, for use with vegetables"
4782,"Cheese sauce, for use with vegetables"
4783,"Gravy, for use with vegetables"
4784,"Soy based sauce, for use with vegetables"
4785,"Tomato sauce, for use with vegetables"
4786,"Avocado, for use on a sandwich"
4787,"Cucumber, for use on a sandwich"
4788,"Lettuce, for use on a sandwich"
4789,"Mushrooms, for use on a sandwich"
4790,"Onions, for use on a sandwich"
4791,"Pepper, for use on a sandwich"
4792,"Spinach, for use on a sandwich"
4793,"Tomatoes, for use on a sandwich"
4794,"Bacon, for use on a sandwich"
4795,"Sugar, NFS"
4796,"Sugar, white, granulated or lump"
4797,"Sugar, white, confectioner's, powdered"
4798,"Sugar, brown"
4799,"Sugar, cinnamon"
4800,Sugar substitute and sugar blend
4801,"Sugar substitute, sucralose, powder"
4802,"Sugar substitute, stevia, powder"
4803,"Sugar substitute, stevia, liquid"
4804,"Sugar substitute, monk fruit, powder"
4805,"Sugar substitute, powder, NFS"
4806,"Sugar substitute, liquid, NFS"
4807,"Sugar substitute, saccharin, powder"
4808,"Sugar substitute, saccharin, liquid"
4809,"Sugar substitute, aspartame, powder"
4810,"Syrup, NFS"
4811,Pancake syrup
4812,Corn syrup
4813,Blueberry syrup
4814,Chocolate syrup
4815,"Chocolate syrup, light"
4816,Simple syrup
4817,Strawberry drink syrup
4818,"Pancake syrup, light"
4819,Agave liquid sweetener
4820,"Topping, butterscotch or caramel"
4821,"Topping, chocolate"
4822,"Topping, fruit"
4823,"Topping, marshmallow"
4824,"Topping, nuts and syrup"
4825,Chocolate hazelnut spread
4826,"Icing, chocolate"
4827,"Icing, white"
4828,"Caramel dip, regular"
4829,"Caramel dip, light"
4830,Chocolate dip
4831,Dessert dip
4832,Sweet and sour sauce
4833,Dessert sauce
4834,Duck sauce
4835,"Jam or jelly, NFS"
4836,Jelly
4837,Jam
4838,Fruit butter
4839,Marmalade
4840,"Jam or jelly, sugar free"
4841,"Jam or jelly, reduced sugar"
4842,"Jam or jelly, fruit juice sweetened"
4843,Guava paste
4844,Sweet potato paste
4845,"Bean paste, sweetened"
4846,Gelatin dessert
4847,Gelatin dessert with fruit
4848,Gelatin salad with vegetables
4849,"Gelatin dessert, sugar free"
4850,"Gelatin dessert, sugar free, with fruit"
4851,Yokan
4852,Haupia
4853,Italian Ice
4854,"Italian Ice, no sugar added"
4855,"Popsicle, NFS"
4856,Popsicle
4857,"Popsicle, no sugar added"
4858,Freezer pop
4859,Snow cone
4860,"Snow cone, no sugar added"
4861,"Candy, NFS"
4862,"Almonds, chocolate covered candy"
4863,"Chocolate candy, other, NFS"
4864,Chocolate candy
4865,"Chocolate candy with nuts, other, NFS"
4866,Chocolate candy with nuts
4867,Chocolate candy with cereal
4868,"Chocolate candy, cookie filled"
4869,Chocolate chips
4870,"Candy, sprinkles"
4871,"Dark chocolate candy, other, NFS"
4872,Dark chocolate candy
4873,"Dark chocolate candy with nuts, other, NFS"
4874,Dark chocolate candy with nuts
4875,White chocolate candy
4876,"Chocolate candy, fudge"
4877,"Chocolate candy, caramel filled"
4878,"Chocolate candy, caramel filled with nuts"
4879,"Chocolate candy, coconut filled"
4880,"Chocolate candy, cream filled"
4881,"Chocolate candy, nougat filled"
4882,"Chocolate candy, nougat filled with nuts"
4883,"Chocolate candy, peanut butter filled"
4884,Chocolate candy with dried fruit
4885,"Chocolate candy, sugar free"
4886,"Candy, non chocolate, other, NFS"
4887,"Ladoo, round ball"
4888,"Candy, licorice"
4889,"Candy, marshmallow"
4890,"Candy, caramel"
4891,"Candy, nougat with nuts"
4892,"Peanuts, chocolate covered candy"
4893,"Candy, peanut brittle"
4894,"Candy, mint"
4895,"Candy, gummy"
4896,"Candy, hard"
4897,"Candy, lollipop"
4898,Cough drops
4899,"Candy, cotton"
4900,"Candy, fruit flavored pieces"
4901,"Chocolate candy, candy shell"
4902,"Chocolate candy, candy shell with nuts"
4903,"Candy, fruit snacks"
4904,"Candy, fruit leather"
4905,"Candy, taffy"
4906,"Candy, non chocolate, sugar free"
4907,"Chewing gum, sugar free"
4908,"Coffee, NS as to type"
4909,"Coffee, NS as to brewed or instant"
4910,"Coffee, brewed"
4911,"Coffee, brewed, blend of regular and decaffeinated"
4912,"Coffee, Turkish"
4913,"Coffee, espresso"
4914,"Coffee, espresso, decaffeinated"
4915,"Coffee, brewed, flavored"
4916,"Coffee, Cuban"
4917,"Coffee, macchiato"
4918,"Coffee, macchiato, sweetened"
4919,"Coffee, cafe con leche"
4920,"Coffee, cafe con leche, decaffeinated"
4921,"Coffee, Latte"
4922,"Coffee, Latte, nonfat"
4923,"Coffee, Latte, with non-dairy milk"
4924,"Coffee, Latte, flavored"
4925,"Coffee, Latte, nonfat, flavored"
4926,"Coffee, Latte, with non-dairy milk, flavored"
4927,"Coffee, Latte, decaffeinated"
4928,"Coffee, Latte, decaffeinated, nonfat"
4929,"Coffee, Latte, decaffeinated, with non-dairy milk"
4930,"Coffee, Latte, decaffeinated, flavored"
4931,"Coffee, Latte, decaffeinated, nonfat, flavored"
4932,"Coffee, Latte, decaffeinated, with non-dairy milk, flavored"
4933,Frozen coffee drink
4934,"Frozen coffee drink, nonfat"
4935,"Frozen coffee drink, with non-dairy milk"
4936,"Frozen coffee drink, with whipped cream"
4937,"Frozen coffee drink, nonfat, with whipped cream"
4938,"Frozen coffee drink, with non-dairy milk and whipped cream"
4939,"Frozen coffee drink, decaffeinated"
4940,"Frozen coffee drink, decaffeinated, nonfat"
4941,"Frozen coffee drink, decaffeinated, with non-dairy milk"
4942,"Frozen coffee drink, decaffeinated, with whipped cream"
4943,"Frozen coffee drink, decaffeinated, nonfat, with whipped cream"
4944,"Frozen coffee drink, decaffeinated, with non-dairy milk and whipped cream"
4945,"Coffee, Cafe Mocha"
4946,"Coffee, Cafe Mocha, nonfat"
4947,"Coffee, Cafe Mocha, with non-dairy milk"
4948,"Coffee, Cafe Mocha, decaffeinated"
4949,"Coffee, Cafe Mocha, decaffeinated, nonfat"
4950,"Coffee, Cafe Mocha, decaffeinated, with non-dairy milk"
4951,Frozen mocha coffee drink
4952,"Frozen mocha coffee drink, nonfat"
4953,"Frozen mocha coffee drink, with non-dairy milk"
4954,"Frozen mocha coffee drink, with whipped cream"
4955,"Frozen mocha coffee drink, nonfat, with whipped cream"
4956,"Frozen mocha coffee drink, with non-dairy milk and whipped cream"
4957,"Frozen mocha coffee drink, decaffeinated"
4958,"Frozen mocha coffee drink, decaffeinated, nonfat"
4959,"Frozen mocha coffee drink, decaffeinated, with non-dairy milk"
4960,"Frozen mocha coffee drink, decaffeinated, with whipped cream"
4961,"Frozen mocha coffee drink, decaffeinated, nonfat, with whipped cream"
4962,"Frozen mocha coffee drink, decaffeinated, with non-dairy milk and whipped cream"
4963,"Iced Coffee, brewed"
4964,"Iced Coffee, brewed, decaffeinated"
4965,"Iced Coffee, pre-lightened and pre-sweetened"
4966,"Coffee, Iced Latte"
4967,"Coffee, Iced Latte, nonfat"
4968,"Coffee, Iced Latte, with non-dairy milk"
4969,"Coffee, Iced Latte, flavored"
4970,"Coffee, Iced Latte, nonfat, flavored"
4971,"Coffee, Iced Latte, with non-dairy milk, flavored"
4972,"Coffee, Iced Latte, decaffeinated"
4973,"Coffee, Iced Latte, decaffeinated, nonfat"
4974,"Coffee, Iced Latte, decaffeinated, with non-dairy milk"
4975,"Coffee, Iced Latte, decaffeinated, flavored"
4976,"Coffee, Iced Latte, decaffeinated, nonfat, flavored"
4977,"Coffee, Iced Latte, decaffeinated, with non-dairy milk, flavored"
4978,"Coffee, Iced Cafe Mocha"
4979,"Coffee, Iced Cafe Mocha, nonfat"
4980,"Coffee, Iced Cafe Mocha, with non-dairy milk"
4981,"Coffee, Iced Cafe Mocha, decaffeinated"
4982,"Coffee, Iced Cafe Mocha, decaffeinated, nonfat"
4983,"Coffee, Iced Cafe Mocha, decaffeinated, with non-dairy milk"
4984,"Coffee, instant, reconstituted"
4985,"Coffee, instant, 50% less caffeine, reconstituted"
4986,"Coffee, NS as to brewed or instant, decaffeinated"
4987,"Coffee, brewed, decaffeinated"
4988,"Coffee, instant, decaffeinated, reconstituted"
4989,"Coffee, instant, pre-lightened and pre-sweetened with sugar, reconstituted"
4990,"Coffee, instant, decaffeinated, pre-lightened and pre-sweetened with sugar, reconsitituted"
4991,"Coffee, instant, pre-sweetened with sugar, reconstituted"
4992,"Coffee, mocha, instant, pre-lightened and pre-sweetened with low calorie sweetener, reconstituted"
4993,"Coffee, instant, pre-lightened and pre-sweetened with low calorie sweetener, reconstituted"
4994,"Coffee, instant, decaffeinated, pre-lightened and pre-sweetened with low calorie sweetener, reconstituted"
4995,"Coffee, pre-lightened and pre-sweetened with sugar"
4996,"Coffee, decaffeinated, pre-lightened and pre-sweetened with sugar"
4997,"Coffee, pre-lightened and pre-sweetened with low calorie sweetener"
4998,"Coffee, decaffeinated, pre-lightened and pre-sweetened with low calorie sweetener"
4999,"Coffee, pre-lightened"
5000,"Coffee, decaffeinated, pre-lightened"
5001,"Coffee, pre-sweetened with sugar"
5002,"Coffee, decaffeinated, pre-sweetened with sugar"
5003,"Coffee, pre-sweetened with low calorie sweetener"
5004,"Coffee, decaffeinated, pre-sweetened with low calorie sweetener"
5005,"Coffee and chicory, brewed"
5006,"Coffee and chicory, brewed, decaffeinated"
5007,"Coffee, Cappuccino"
5008,"Coffee, Cappuccino, nonfat"
5009,"Coffee, Cappuccino, with non-dairy milk"
5010,"Coffee, Cappuccino, decaffeinated"
5011,"Coffee, Cappuccino, decaffeinated, nonfat"
5012,"Coffee, Cappuccino, decaffeinated, with non-dairy milk"
5013,"Coffee, bottled/canned"
5014,"Coffee, bottled/canned, light"
5015,"Coffee, instant, not reconstituted"
5016,"Coffee, instant, decaffeinated, not reconstituted"
5017,"Coffee, instant, pre-sweetened with sugar, not reconstituted"
5018,"Coffee, instant, pre-lightened and pre-sweetened with sugar, not reconstituted"
5019,"Coffee, instant, decaffeinated, pre-lightened and pre-sweetened with sugar, not reconstituted"
5020,"Coffee, instant, decaffeinated, pre-lightened and pre-sweetened with low calorie sweetener, not reconstituted"
5021,Coffee substitute
5022,Chicory beverage
5023,"Tea, hot, leaf, black"
5024,"Tea, hot, leaf, black, decaffeinated"
5025,"Tea, hot, leaf, green"
5026,"Tea, hot, leaf, green, decaffeinated"
5027,"Tea, hot, leaf, oolong"
5028,"Tea, iced, instant, black, unsweetened"
5029,"Tea, iced, instant, black, pre-sweetened with sugar"
5030,"Tea, iced, instant, black, decaffeinated, pre-sweetened with sugar"
5031,"Tea, iced, instant, black, pre-sweetened with low calorie sweetener"
5032,"Tea, iced, instant, black, decaffeinated, pre-sweetened with low calorie sweetener"
5033,"Tea, iced, instant, black, decaffeinated, unsweetened"
5034,"Tea, iced, instant, green, unsweetened"
5035,"Tea, iced, instant, green, pre-sweetened with sugar"
5036,"Tea, iced, instant, green, pre-sweetened with low calorie sweetener"
5037,"Tea, hot, herbal"
5038,"Tea, hot, hibiscus"
5039,Corn beverage
5040,"Tea, hot, chamomile"
5041,"Tea, hot, with milk"
5042,"Tea, ginger"
5043,"Tea, bubble"
5044,"Tea, kombucha"
5045,"Tea, iced, instant, black, unsweetened, dry"
5046,"Tea, iced, instant, black, pre-sweetened, dry"
5047,Iced Tea / Lemonade juice drink
5048,"Iced Tea / Lemonade juice drink, light"
5049,"Iced Tea / Lemonade juice drink, diet"
5050,"Tea, iced, brewed, black, pre-sweetened with sugar"
5051,"Tea, iced, brewed, black, pre-sweetened with low calorie sweetener"
5052,"Tea, iced, brewed, black, unsweetened"
5053,"Tea, iced, brewed, black, decaffeinated, pre-sweetened with sugar"
5054,"Tea, iced, brewed, black, decaffeinated, pre-sweetened with low calorie sweetener"
5055,"Tea, iced, brewed, black, decaffeinated, unsweetened"
5056,"Tea, iced, brewed, green, pre-sweetened with sugar"
5057,"Tea, iced, brewed, green, pre-sweetened with low calorie sweetener"
5058,"Tea, iced, brewed, green, unsweetened"
5059,"Tea, iced, brewed, green, decaffeinated, pre-sweetened with sugar"
5060,"Tea, iced, brewed, green, decaffeinated, pre-sweetened with low calorie sweetener"
5061,"Tea, iced, brewed, green, decaffeinated, unsweetened"
5062,"Tea, iced, bottled, black"
5063,"Tea, iced, bottled, black, decaffeinated"
5064,"Tea, iced, bottled, black, diet"
5065,"Tea, iced, bottled, black, decaffeinated, diet"
5066,"Tea, iced, bottled, black, unsweetened"
5067,"Tea, iced, bottled, black, decaffeinated, unsweetened"
5068,"Tea, iced, bottled, green"
5069,"Tea, iced, bottled, green, diet"
5070,"Tea, iced, bottled, green, unsweetened"
5071,"Soft drink, NFS"
5072,"Soft drink, NFS, diet"
5073,"Water, tonic"
5074,"Water, carbonated, plain"
5075,"Water, carbonated, flavored"
5076,"Soft drink, cola"
5077,"Soft drink, cola, diet"
5078,"Soft drink, cola, decaffeinated"
5079,"Soft drink, cola, decaffeinated, diet"
5080,"Soft drink, pepper type"
5081,"Soft drink, pepper type, diet"
5082,"Soft drink, pepper type, decaffeinated"
5083,"Soft drink, pepper type, decaffeinated, diet"
5084,"Soft drink, cream soda"
5085,"Soft drink, cream soda, diet"
5086,"Soft drink, fruit flavored, caffeine free"
5087,"Soft drink, fruit flavored, diet, caffeine free"
5088,"Soft drink, fruit flavored, caffeine containing"
5089,"Soft drink, fruit flavored, caffeine containing, diet"
5090,"Soft drink, ginger ale"
5091,"Soft drink, ginger ale, diet"
5092,"Soft drink, root beer"
5093,"Soft drink, root beer, diet"
5094,"Soft drink, chocolate flavored"
5095,"Soft drink, chocolate flavored, diet"
5096,"Soft drink, cola, fruit or vanilla flavored"
5097,"Soft drink, cola, chocolate flavored"
5098,"Soft drink, cola, fruit or vanilla flavored, diet"
5099,"Soft drink, cola, chocolate flavored, diet"
5100,"Fruit juice drink, citrus, carbonated"
5101,"Fruit juice drink, noncitrus, carbonated"
5102,Fruit juice drink
5103,Tamarind drink
5104,"Fruit punch, made with fruit juice and soda"
5105,"Lemonade, fruit juice drink"
5106,"Lemonade, fruit flavored drink"
5107,"Lemonade, frozen concentrate, not reconstituted"
5108,Fruit flavored drink
5109,"Pina Colada, nonalcoholic"
5110,"Margarita mix, nonalcoholic"
5111,Slush frozen drink
5112,"Slush frozen drink, no sugar added"
5113,"Fruit flavored drink, with high vitamin C"
5114,"Cranberry juice drink, with high vitamin C"
5115,"Fruit juice drink, with high vitamin C"
5116,"Vegetable and fruit juice drink, with high vitamin C"
5117,Fruit juice drink (Sunny D)
5118,"Fruit flavored drink, powdered, reconstituted"
5119,"Fruit flavored drink, with high vitamin C, powdered, reconstituted"
5120,"Fruit juice drink, with high vitamin C, light"
5121,"Fruit juice drink, light"
5122,"Fruit juice drink, diet"
5123,"Cranberry juice drink, with high vitamin C, light"
5124,"Grape juice drink, light"
5125,"Orange juice beverage, 40-50% juice, light"
5126,"Apple juice beverage, 40-50% juice, light"
5127,"Lemonade, fruit juice drink, light"
5128,"Pomegranate juice beverage, 40-50% juice, light"
5129,"Vegetable and fruit juice drink, with high vitamin C, diet"
5130,"Vegetable and fruit juice drink, with high vitamin C, light"
5131,"Fruit flavored drink, with high vitamin C, diet"
5132,"Fruit flavored drink, diet"
5133,"Fruit flavored drink, with high vitamin C, powdered, reconstituted, diet"
5134,"Fruit flavored drink, powdered, reconstituted, diet"
5135,Fruit juice drink (Capri Sun)
5136,"Fruit juice drink, added calcium (Sunny D)"
5137,"Horchata, made with water"
5138,"Horchata, made with milk"
5139,Frescavena
5140,Atole de avena
5141,Sugar cane beverage
5142,Atole
5143,Atole de chocolate
5144,"Wine, nonalcoholic"
5145,"Beer, nonalcoholic"
5146,Shirley Temple
5147,"Fruit flavored drink, with high vitamin C, powdered, not reconstituted"
5148,"Fruit flavored drink, powdered, not reconstituted"
5149,"Fruit flavored drink, powdered, not reconstituted, diet"
5150,"Sports drink, dry concentrate, not reconstituted"
5151,Beer
5152,"Beer, light"
5153,"Beer, higher alcohol"
5154,"Alcoholic malt beverage, sweetened"
5155,Alcoholic malt beverage
5156,Hard cider
5157,Hard seltzer
5158,Liqueur
5159,"Liqueur, cream"
5160,"Liqueur, coffee flavored"
5161,"Cocktail, NFS"
5162,Brandy Alexander
5163,Bloody Mary
5164,Cape Cod
5165,Daiquiri
5166,"Gelatin shot, alcoholic"
5167,Gimlet
5168,Gin and tonic
5169,Greyhound
5170,Jagerbomb
5171,Kamikaze
5172,Manhattan
5173,Margarita
5174,Martini
5175,"Martini, flavored"
5176,Michelada
5177,Mimosa
5178,Mint julep
5179,Mojito
5180,Moscow mule
5181,Old fashioned
5182,Orange Blossom
5183,Rob Roy
5184,Rusty Nail
5185,Screwdriver
5186,Seabreeze
5187,Seven and Seven
5188,Tom Collins
5189,Whiskey sour
5190,Whiskey and soda
5191,Whiskey and water
5192,Whiskey and cola
5193,Whiskey and diet cola
5194,Whiskey and ginger ale
5195,Rum and cola
5196,Rum and diet cola
5197,Pina Colada
5198,Brandy and cola
5199,Vodka and soda
5200,Vodka and lemonade
5201,Vodka and cola
5202,Vodka and diet cola
5203,Vodka and energy drink
5204,Vodka and water
5205,Vodka and tonic
5206,Sloe gin fizz
5207,Black Russian
5208,White Russian
5209,"Fruit punch, alcoholic"
5210,Champagne punch
5211,Singapore Sling
5212,Mai Tai
5213,Tequila Sunrise
5214,Long Island iced tea
5215,Fuzzy Navel
5216,Alcoholic coffee drink
5217,Frozen daiquiri
5218,Frozen margarita
5219,"Eggnog, alcoholic"
5220,Gin fizz
5221,"Rum, hot buttered"
5222,"Wine, sparkling"
5223,"Wine, red"
5224,"Wine, white"
5225,"Wine, rose"
5226,"Wine, rice"
5227,"Wine, dessert, sweet"
5228,"Wine, light"
5229,Wine cooler
5230,"Sangria, red"
5231,"Sangria, white"
5232,Wine spritzer
5233,Glug
5234,Brandy
5235,Whiskey
5236,Scotch
5237,Gin
5238,Rum
5239,Vodka
5240,Tequila
5241,"Water, NFS"
5242,"Water, tap"
5243,"Water, bottled, plain"
5244,"Water, non-carbonated, flavored"
5245,"Water beverage, fruit flavored"
5246,"Water, enhanced, regular"
5247,"Water, enhanced, diet"
5248,"Water, baby"
5249,"Nutritional drink or shake, ready-to-drink (Boost)"
5250,"Nutritional drink or shake, ready-to-drink (Boost Plus)"
5251,"Nutritional drink or shake, ready-to-drink (Carnation Instant Breakfast)"
5252,"Nutritional drink or shake, ready-to-drink (Ensure)"
5253,"Nutritional drink or shake, ready-to-drink (Ensure Plus)"
5254,"Nutritional drink or shake, ready-to-drink, sugar free (Glucerna)"
5255,"Nutritional drink or shake, ready-to-drink (Muscle Milk)"
5256,"Nutritional drink or shake, ready-to-drink, light (Muscle Milk)"
5257,"Nutritional drink or shake, ready-to-drink (Slim Fast)"
5258,"Nutritional drink or shake, ready-to-drink, sugar free (Slim Fast)"
5259,"Nutritional drink or shake, high protein, ready-to-drink (Slim Fast)"
5260,"Nutritional drink or shake, ready-to-drink, NFS"
5261,"Nutritional drink or shake, high protein, ready-to-drink, NFS"
5262,"Nutritional drink or shake, high protein, light, ready-to-drink, NFS"
5263,"Nutritional drink or shake, liquid, soy-based"
5264,Nutritional powder mix (Carnation Instant Breakfast)
5265,"Nutritional powder mix, sugar free (Carnation Instant Breakfast)"
5266,Nutritional powder mix (EAS Whey Protein Powder)
5267,Nutritional powder mix (EAS Soy Protein Powder)
5268,"Nutritional powder mix, high protein (Herbalife)"
5269,Nutritional powder mix (Isopure)
5270,Nutritional powder mix (Muscle Milk)
5271,"Nutritional powder mix, light (Muscle Milk)"
5272,Nutritional powder mix (Slim Fast)
5273,"Nutritional powder mix, sugar free (Slim Fast)"
5274,"Nutritional powder mix, high protein (Slim Fast)"
5275,"Nutritional powder mix, NFS"
5276,"Nutritional powder mix, high protein, NFS"
5277,"Nutritional powder mix, whey based, NFS"
5278,"Nutritional powder mix, protein, soy based, NFS"
5279,"Nutritional powder mix, protein, light, NFS"
5280,"Nutritional powder mix, protein, NFS"
5281,Energy drink (Full Throttle)
5282,Energy drink (Monster)
5283,Energy drink (Mountain Dew AMP)
5284,Energy drink (No Fear)
5285,Energy drink (No Fear Motherload)
5286,Energy drink (NOS)
5287,Energy drink (Red Bull)
5288,Energy drink (Rockstar)
5289,Energy drink (SoBe Energize Energy Juice Drink)
5290,Energy drink (Vault)
5291,Energy Drink
5292,"Energy drink, low calorie (Monster)"
5293,"Energy drink, sugar free (Monster)"
5294,"Energy drink, sugar free (Mountain Dew AMP)"
5295,"Energy drink, sugar free (No Fear)"
5296,"Energy drink, sugar-free (NOS)"
5297,Energy drink (Ocean Spray Cran-Energy Juice Drink)
5298,"Energy drink, sugar-free (Red Bull)"
5299,"Energy drink, sugar free (Rockstar)"
5300,"Energy drink, sugar free (Vault)"
5301,Energy drink (XS)
5302,Energy drink (XS Gold Plus)
5303,"Energy drink, sugar free"
5304,Sports drink (Gatorade G)
5305,Sports drink (Powerade)
5306,"Sports drink, NFS"
5307,"Sports drink, low calorie (Gatorade G2)"
5308,"Sports drink, low calorie (Powerade Zero)"
5309,"Sports drink, low calorie"
5310,"Fluid replacement, electrolyte solution"
5311,"Fluid replacement, 5% glucose in water"
5312,"Fruit juice, acai blend"
5313,Cheese as ingredient in sandwiches
5314,Cheese and Queso as ingredient
5315,Beef as ingredient in recipes
5316,Breakfast meat as ingredient in omelet
5317,Chicken as ingredient in recipes
5318,"Fish, cooked, as ingredient"
5319,"Fish fillet, fried as ingredient in sandwiches"
5320,Breading or batter as ingredient in food
5321,Wheat bread as ingredient in sandwiches
5322,Wheat bun as ingredient in sandwiches
5323,"Rice, white, cooked, as ingredient"
5324,"Rice, brown, cooked, as ingredient"
5325,"Potato, cooked, as ingredient"
5326,"Spinach, cooked, as ingredient"
5327,"Broccoli, cooked, as ingredient"
5328,"Carrots, cooked, as ingredient"
5329,"Sweet potato, cooked, as ingredient"
5330,"Tomatoes, cooked, as ingredient"
5331,"Onions, cooked, as ingredient"
5332,"Mushrooms, cooked, as ingredient"
5333,"Green pepper, cooked, as ingredient"
5334,"Red pepper, cooked, as ingredient"
5335,"Cabbage, cooked, as ingredient"
5336,"Cauliflower, cooked, as ingredient"
5337,"Eggplant, cooked, as ingredient"
5338,"Green beans, cooked, as ingredient"
5339,"Summer squash, cooked, as ingredient"
5340,"Celery, cooked, as ingredient"
5341,Dark green vegetables as ingredient in omelet
5342,Tomatoes as ingredient in omelet
5343,Other vegetables as ingredient in omelet
5344,"Mirepoix, cooked, as ingredient"
5345,Vegetables as ingredient in curry
5346,Vegetables as ingredient in soups
5347,Vegetables as ingredient in stews
5348,Sauce as ingredient in hamburgers
5349,Industrial oil as ingredient in food
5350,"Pillsbury Golden Layer Buttermilk Biscuits, Artificial Flavor, refrigerated dough"
5351,"Pillsbury, Cinnamon Rolls with Icing, refrigerated dough"
5352,"Kraft Foods, Shake N Bake Original Recipe, Coating for Pork, dry"
5353,"George Weston Bakeries, Thomas English Muffins"
5354,"Waffles, buttermilk, frozen, ready-to-heat"
5355,"Waffle, buttermilk, frozen, ready-to-heat, toasted"
5356,"Waffle, buttermilk, frozen, ready-to-heat, microwaved"
5357,"Waffle, plain, frozen, ready-to-heat, microwave"
5358,"Pie Crust, Cookie-type, Graham Cracker, Ready Crust"
5359,"Pie Crust, Cookie-type, Chocolate, Ready Crust"
5360,"Pie, Dutch Apple, Commercially Prepared"
5361,"Waffles, chocolate chip, frozen, ready-to-heat"
5362,"Tostada shells, corn"
5363,"Bread, salvadoran sweet cheese (quesadilla salvadorena)"
5364,"Bread, pound cake type, pan de torta salvadoran"
5365,"Pastry, Pastelitos de Guava (guava pastries)"
5366,"Crackers, snack, Goya Crackers"
5367,"Crackers, cream, Gamesa Sabrosas"
5368,"Crackers, cream, La Moderna Rikis Cream Crackers"
5369,"Bread, white wheat"
5370,"Bagels, wheat"
5371,"Cream puff, eclair, custard or cream filled, iced"
5372,"Tortillas, ready-to-bake or -fry, flour, shelf stable"
5373,"Snacks, beef jerky, chopped and formed"
5374,"Snacks, corn-based, extruded, chips, plain"
5375,"Snacks, corn-based, extruded, chips, barbecue-flavor"
5376,"Snacks, corn-based, extruded, cones, plain"
5377,"Snacks, fruit leather, pieces"
5378,"Snacks, fruit leather, rolls"
5379,"Snacks, granola bars, hard, plain"
5380,"Snacks, granola bars, hard, almond"
5381,"Snacks, granola bars, soft, uncoated, raisin"
5382,"Snacks, granola bars, soft, coated, milk chocolate coating, chocolate chip"
5383,"Candies, honey-combed, with peanut butter"
5384,"Snacks, granola bars, soft, coated, milk chocolate coating, peanut butter"
5385,"Snacks, granola bars, soft, uncoated, peanut butter and chocolate chip"
5386,"Snacks, popcorn, oil-popped, microwave, regular flavor, no trans fat"
5387,"Snacks, popcorn, cakes"
5388,"Snacks, popcorn, caramel-coated, with peanuts"
5389,"Snacks, popcorn, caramel-coated, without peanuts"
5390,"Snacks, potato chips, made from dried potatoes, reduced fat"
5391,"Snacks, potato chips, made from dried potatoes, sour-cream and onion-flavor"
5392,"Snacks, pretzels, hard, plain, salted"
5393,"Snacks, pretzels, hard, confectioner's coating, chocolate-flavor"
5394,"Snacks, rice cakes, brown rice, sesame seed"
5395,"Snacks, tortilla chips, plain, white corn, salted"
5396,"Snacks, tortilla chips, nacho cheese"
5397,"Snacks, tortilla chips, ranch-flavor"
5398,"Snacks, trail mix, regular"
5399,"Candies, ALMOND JOY Candy Bar"
5400,"Candies, TWIZZLERS CHERRY BITES"
5401,"Candies, NESTLE, BIT-O'-HONEY Candy Chews"
5402,"Candies, NESTLE, BUTTERFINGER Bar"
5403,"Candies, caramels, chocolate-flavor roll"
5404,"Baking chocolate, unsweetened, liquid"
5405,"Baking chocolate, unsweetened, squares"
5406,"Candies, confectioner's coating, yogurt"
5407,"Candies, confectioner's coating, peanut butter"
5408,"Candies, white chocolate"
5409,"Ice creams, vanilla, light"
5410,"Ice creams, vanilla, rich"
5411,"Desserts, flan, caramel custard, prepared-from-recipe"
5412,"Ice creams, vanilla"
5413,"Ice creams, vanilla, light, soft-serve"
5414,"Sherbet, orange"
5415,"Candies, fudge, peanut butter, prepared-from-recipe"
5416,"Candies, fudge, vanilla, prepared-from-recipe"
5417,"Candies, fudge, vanilla with nuts"
5418,"Candies, NESTLE, GOOBERS Chocolate Covered Peanuts"
5419,"Candies, NESTLE, BABY RUTH Bar"
5420,"Candies, TWIZZLERS Strawberry Twists Candy"
5421,"Syrups, table blends, pancake, with butter"
5422,"Ice creams, chocolate, light"
5423,"Candies, NESTLE, CHUNKY Bar"
5424,"Candies, milk chocolate"
5425,"Puddings, banana, dry mix, instant, prepared with 2% milk"
5426,"Puddings, banana, dry mix, regular, prepared with 2% milk"
5427,"Andrea's, Gluten Free Soft Dinner Roll"
5428,"Crunchmaster, Multi-Grain Crisps, Snack Crackers, Gluten-Free"
5429,"Glutino, Gluten Free Cookies, Chocolate Vanilla Creme"
5430,"Glutino, Gluten Free Cookies, Vanilla Creme"
5431,"Pepperidge Farm, Goldfish, Baked Snack Crackers, Original"
5432,"Pepperidge Farm, Goldfish, Baked Snack Crackers, Parmesan"
5433,"Pepperidge Farm, Goldfish, Baked Snack Crackers, Pizza"
5434,"Rudi's, Gluten-Free Bakery, Original Sandwich Bread"
5435,"Udi's, Gluten Free, Soft & Delicious White Sandwich Bread"
5436,"Udi's, Gluten Free, Soft & Hearty Whole Grain Bread"
5437,"Udi's, Gluten Free, Whole Grain Dinner Rolls"
5438,"Van's, Gluten Free, Totally Original Pancakes"
5439,"Seaweed, Canadian Cultivated EMI-TSUNOMATA, dry"
5440,"Seaweed, Canadian Cultivated EMI-TSUNOMATA, rehydrated"
5441,"Potatoes, hash brown, refrigerated, unprepared"
5442,"Potatoes, hash brown, refrigerated, prepared, pan-fried in canola oil"
5443,"Sweet Potatoes, french fried, frozen as packaged, salt added in processing"
5444,"Moose, meat, raw (Alaska Native)"
5445,"Mashu roots, raw (Alaska Native)"
5446,"Moose, liver, braised (Alaska Native)"
5447,"Seal, bearded (Oogruk), meat, raw (Alaska Native)"
5448,"Oil, bearded seal (Oogruk) (Alaska Native)"
5449,"Oopah (tunicate), whole animal (Alaska Native)"
5450,"Owl, horned, flesh, raw (Alaska Native)"
5451,"Fish, salmon, king, chinook, smoked and canned (Alaska Native)"
5452,"Fish, salmon, king, chinook, smoked, brined (Alaska Native)"
5453,"Fish, salmon, king, chinook, liver (Alaska Native)"
5454,"Duck, scoter, white-winged, meat (Alaska Native)"
5455,"Sea cucumber, yane (Alaska Native)"
5456,"Squirrel, ground, meat (Alaska Native)"
5457,"Tea, tundra, herb and laborador combination (Alaska Native)"
5458,"Walrus, meat, dried (Alaska Native)"
5459,"Deer (venison), sitka, raw (Alaska Native)"
5460,"Whale, bowhead, subcutaneous fat (blubber) (Alaska Native)"
5461,"Whale, bowhead, skin and subcutaneous fat (muktuk) (Alaska Native)"
5462,"Oil, whale, bowhead (Alaska Native)"
5463,"Fish, whitefish, broad, liver (Alaska Native)"
5464,"Mush, blue corn with ash (Navajo)"
5465,"Cornmeal, blue (Navajo)"
5466,"Melon, banana (Navajo)"
5467,Chilchen (Red Berry Beverage) (Navajo)
5468,"Corn, dried (Navajo)"
5469,"Squash, Indian, cooked, boiled (Navajo)"
5470,"Bread, kneel down (Navajo)"
5471,"Mutton, cooked, roasted (Navajo)"
5472,"Frybread, made with lard (Navajo)"
5473,Tamales (Navajo)
5474,"Stew, steamed corn (Navajo)"
5475,"Fish, halibut, raw, with skin (Alaska Native)"
5476,"Fish, salmon, coho (silver), raw (Alaska Native)"
5477,"Blueberries, wild, raw (Alaska Native)"
5478,"Oil, spotted seal (Alaska Native)"
5479,"Fish, salmon, red, canned, bones removed (Alaska Native)"
5480,"Fish, whitefish, eggs (Alaska Native)"
5481,"Caribou, rump meat, half dried (Alaska Native)"
5482,"Fish, salmon, red, (sockeye), canned, smoked (Alaska Native)"
5483,"Fish, salmon, red, (sockeye), kippered (Alaska Native)"
5484,"Fish, salmon, king, with skin, kippered, (Alaska Native)"
5485,"Fish, sheefish, raw (Alaska Native)"
5486,"Buffalo, free range, top round steak, raw (Shoshone Bannock)"
5487,"Seal, bearded (Oogruk), meat, partially dried (Alaska Native)"
5488,"Buffalo, free range, top round steak, cooked (Shoshone Bannock)"
5489,"Elk, free range, roast, eye of round, raw (Shoshone Bannock)"
5490,"Corn, dried, yellow (Northern Plains Indians)"
5491,"Smelt, dried (Alaska Native)"
5492,"Frybread, made with lard (Apache)"
5493,Corned beef and potatoes in tortilla (Apache)
5494,"ON THE BORDER, soft taco with ground beef, cheese and lettuce"
5495,"Restaurant, Mexican, soft taco with ground beef, cheese and lettuce"
5496,"Restaurant, Latino, chicken and rice, entree, prepared"
5497,"Restaurant, Latino, empanadas, beef, prepared"
5498,"Restaurant, Latino, pupusas con frijoles (pupusas, bean)"
5499,"Restaurant, Latino, pupusas con queso (pupusas, cheese)"
5500,"Restaurant, Latino, pupusas del cerdo (pupusas, pork)"
5501,"Restaurant, Latino, tamale, corn"
5502,"Restaurant, Mexican, spanish rice"
5503,"Restaurant, Mexican, refried beans"
5504,"Restaurant, Chinese, egg rolls, assorted"
5505,"Restaurant, Chinese, fried rice, without meat"
5506,"CRACKER BARREL, steak fries"
5507,"CRACKER BARREL, grilled sirloin steak"
5508,"CRACKER BARREL, macaroni n' cheese plate, from kid's menu"
5509,"DENNY'S, french fries"
5510,"DENNY'S, top sirloin steak"
5511,"Restaurant, Chinese, lemon chicken"
5512,"Restaurant, Chinese, general tso's chicken"
5513,"Restaurant, Chinese, kung pao chicken"
5514,"Restaurant, Chinese, vegetable lo mein, without meat"
5515,"Restaurant, Chinese, chicken and vegetables"
5516,"Restaurant, Chinese, orange chicken"
5517,"Restaurant, Italian, spaghetti with meat sauce"
5518,"Beverages, fruit-flavored drink, dry powdered mix, low calorie, with aspartame"
5519,"Pectin, liquid"
5520,"Frozen novelties, ice cream type, vanilla ice cream, light, no sugar added, chocolate coated"
5521,"Creamy dressing, made with sour cream and/or buttermilk and oil, reduced calorie"
5522,"Bologna, beef and pork, low fat"
5523,"Milk dessert, frozen, milk-fat free, chocolate"
5524,"Whipped topping, frozen, low fat"
5525,"Cream substitute, powdered, light"
5526,"Candies, MARS SNACKFOOD US, M&M's Peanut Butter Chocolate Candies"
5527,"Babyfood, apple yogurt dessert, strained"
5528,"Vegetable oil-butter spread, reduced calorie"
5529,"Salad dressing, blue or roquefort cheese dressing, light"
5530,"Salad dressing, french dressing, reduced calorie"
5531,"Sausage, turkey and pork, fresh, bulk, patty or link, cooked"
5532,"Mayonnaise, made with tofu"
5533,"Frankfurter, beef, low fat"
5534,"Milk, buttermilk, fluid, cultured, reduced fat"
5535,"Pork sausage rice links, brown and serve, cooked"
5536,"Salad dressing, blue or roquefort cheese dressing, fat-free"
5537,"Salad Dressing, mayonnaise-like, fat-free"
5538,"Candies, MARS SNACKFOOD US, MILKY WAY Midnight Bar"
5539,"Oil, flaxseed, cold pressed"
5540,"Cheese, cottage, lowfat, 1% milkfat, lactose reduced"
5541,"Salad dressing, bacon and tomato"
5542,"Cheese, parmesan, low sodium"
5543,"Jams, preserves, marmalade, reduced sugar"
5544,"Beverages, fruit-flavored drink, powder, with high vitamin C with other added vitamins, low calorie"
5545,"Tomato and vegetable juice, low sodium"
5546,"Turkey, wing, smoked, cooked, with skin, bone removed"
5547,"Turkey, drumstick, smoked, cooked, with skin, bone removed"
5548,"Beverages, Chocolate-flavored drink, whey and milk based"
5549,"Pork, cured, bacon, cooked, broiled, pan-fried or roasted, reduced sodium"
5550,"Turkey, light or dark meat, smoked, cooked, skin and bone removed"
5551,"Hearts of palm, raw"
5552,"Cereals ready-to-eat, POST, Shredded Wheat n' Bran, spoon-size"
5553,"Cheese, cottage, lowfat, 1% milkfat, with vegetables"
5554,Yeast extract spread
5555,"Babyfood, juice, pear"
5556,"Chicken, meatless, breaded, fried"
5557,"Babyfood, meat, beef with vegetables, toddler"
5558,"Frozen novelties, juice type, juice with cream"
5559,Tofu yogurt
5560,"Alcoholic beverage, rice (sake)"
5561,"Millet, puffed"
5562,"Cereals ready-to-eat, OAT BRAN FLAKES, HEALTH VALLEY"
5563,"Babyfood, mixed fruit yogurt, strained"
5564,"Beverages, ABBOTT, ENSURE PLUS, ready-to-drink"
5565,"Babyfood, rice and apples, dry"
5566,"Babyfood, juice, apple - cherry"
5567,"Milk, imitation, non-soy"
5568,"Babyfood, cereal, rice with pears and apple, dry, instant fortified"
5569,"Babyfood, banana no tapioca, strained"
5570,"Babyfood, banana apple dessert, strained"
5571,"Breakfast bar, corn flake crust with fruit"
5572,"Cheese, mozzarella, low sodium"
5573,"Mayonnaise dressing, no cholesterol"
5574,"Oil, corn, peanut, and olive"
5575,"Pie fillings, blueberry, canned"
5576,"Beverages, Cocktail mix, non-alcoholic, concentrated, frozen"
5577,"Puddings, chocolate flavor, low calorie, regular, dry mix"
5578,"Puddings, all flavors except chocolate, low calorie, regular, dry mix"
5579,"Mollusks, scallop, (bay and sea), cooked, steamed"
5580,"Syrup, Cane"
5581,"Mollusks, snail, raw"
5582,"Turtle, green, raw"
5583,"Lemons, raw, without peel"
5584,"Lemon juice, raw"
5585,"Lemon juice from concentrate, canned or bottled"
5586,"Lemon peel, raw"
5587,"Prickly pears, raw"
5588,"Plums, dried (prunes), stewed, without added sugar"
5589,"Plums, dried (prunes), stewed, with added sugar"
5590,"Prune juice, canned"
5591,"Pummelo, raw"
5592,"Raspberries, raw"
5593,"Raspberries, canned, red, heavy syrup pack, solids and liquids"
5594,"Raspberries, frozen, red, sweetened"
5595,"Rhubarb, raw"
5596,"Sapodilla, raw"
5597,"Sapote, mamey, raw"
5598,"Soursop, raw"
5599,"Strawberries, raw"
5600,"Tamarinds, raw"
5601,"Fruit salad, (pineapple and papaya and banana and guava), tropical, canned, heavy syrup, solids and liquids"
5602,"Watermelon, raw"
5603,"Maraschino cherries, canned, drained"
5604,"Pineapple, canned, juice pack, drained"
5605,"Apricots, canned, heavy syrup, drained"
5606,"Cherries, sour, canned, water pack, drained"
5607,"Cherries, sweet, canned, pitted, heavy syrup, drained"
5608,"Apple juice, canned or bottled, unsweetened, with added ascorbic acid"
5609,"Applesauce, canned, unsweetened, with added ascorbic acid"
5610,"Applesauce, canned, sweetened, with salt"
5611,"Grapefruit juice, pink, raw"
5612,"Apple juice, frozen concentrate, unsweetened, diluted with 3 volume water, with added ascorbic acid"
5613,"Pears, raw, bartlett (Includes foods for USDA's Food Distribution Program)"
5614,"Pears, raw, red anjou"
5615,"Pears, raw, bosc (Includes foods for USDA's Food Distribution Program)"
5616,"Pears, raw, green anjou (Includes foods for USDA's Food Distribution Program)"
5617,Prune puree
5618,Candied fruit
5619,"Abiyuch, raw"
5620,"Rowal, raw"
5621,"Guava nectar, canned, with added ascorbic acid"
5622,"Mango nectar, canned"
5623,"Tamarind nectar, canned"
5624,"Pomegranate juice, bottled"
5625,"Nance, canned, syrup, drained"
5626,"Nance, frozen, unsweetened"
5627,"Naranjilla (lulo) pulp, frozen, unsweetened"
5628,Horned melon (Kiwano)
5629,Orange Pineapple Juice Blend
5630,"Apples, raw, fuji, with skin (Includes foods for USDA's Food Distribution Program)"
5631,"Orange juice, chilled, includes from concentrate, with added calcium and vitamins A, D, E"
5632,"Fruit juice smoothie, NAKED JUICE, MIGHTY MANGO"
5633,"Fruit juice smoothie, NAKED JUICE, GREEN MACHINE"
5634,"Fruit juice smoothie, BOLTHOUSE FARMS, BERRY BOOST"
5635,"Fruit juice smoothie, BOLTHOUSE FARMS, GREEN GOODNESS"
5636,"Fruit juice smoothie, BOLTHOUSE FARMS, strawberry banana"
5637,"Apple juice, canned or bottled, unsweetened, with added ascorbic acid, calcium, and potassium"
5638,"Lemon juice from concentrate, bottled, CONCORD"
5639,"Lemon juice from concentrate, bottled, REAL LEMON"
5640,"Cranberry sauce, whole, canned, OCEAN SPRAY"
5641,"Cranberry sauce, jellied, canned, OCEAN SPRAY"
5642,"Ruby Red grapefruit juice blend (grapefruit, grape, apple), OCEAN SPRAY, bottled, with added vitamin C"
5643,Baobab powder
5644,"Cherry juice, tart"
5645,"Raspberries, puree, seedless"
5646,"Raspberries, puree, with seeds"
5647,"Pork, fresh, composite of trimmed leg, loin, shoulder, and spareribs, (includes cuts to be cured), separable lean and fat, raw"
5648,"Pork, fresh, backfat, raw"
5649,"Pork, fresh, belly, raw"
5650,"Pork, fresh, separable fat, raw"
5651,"Pork, fresh, leg (ham), rump half, separable lean and fat, raw"
5652,"Pork, fresh, leg (ham), rump half, separable lean and fat, cooked, roasted"
5653,"Pork, fresh, leg (ham), rump half, separable lean only, raw (Includes foods for USDA's Food Distribution Program)"
5654,"Pork, fresh, leg (ham), rump half, separable lean only, cooked, roasted"
5655,"Pork, fresh, loin, whole, separable lean and fat, raw"
5656,"Pork, fresh, loin, whole, separable lean and fat, cooked, braised"
5657,"Pork, fresh, loin, whole, separable lean and fat, cooked, broiled"
5658,"Pork, fresh, loin, whole, separable lean and fat, cooked, roasted"
5659,"Pork, fresh, loin, blade (chops or roasts), bone-in, separable lean and fat, raw"
5660,"Pork, fresh, loin, blade (chops), bone-in, separable lean and fat, cooked, braised"
5661,"Pork, fresh, loin, blade (chops), bone-in, separable lean and fat, cooked, broiled"
5662,"Pork, fresh, loin, blade (roasts), bone-in, separable lean and fat, cooked, roasted"
5663,"Pork, fresh, loin, center loin (chops), bone-in, separable lean and fat, cooked, braised"
5664,"Pork, fresh, loin, center loin (chops), bone-in, separable lean and fat, cooked, broiled"
5665,"Pork, fresh, loin, center loin (roasts), bone-in, separable lean and fat, cooked, roasted"
5666,"Pork, fresh, loin, center loin (chops), bone-in, separable lean only, raw"
5667,"Pork, fresh, loin, center rib (chops), bone-in, separable lean and fat, cooked, braised"
5668,"Pork, fresh, loin, center rib (chops), bone-in, separable lean and fat, cooked, broiled"
5669,"Pork, fresh, loin, center rib (roasts), bone-in, separable lean and fat, cooked, roasted"
5670,"Pork, fresh, loin, center rib (chops or roasts), bone-in, separable lean only, raw"
5671,"Pork, fresh, loin, sirloin (chops), bone-in, separable lean and fat, cooked, braised"
5672,"Pork, fresh, loin, sirloin (chops), bone-in, separable lean and fat, cooked, broiled"
5673,"Pork, fresh, loin, sirloin (roasts), bone-in, separable lean and fat, cooked, roasted"
5674,"Pork, fresh, loin, sirloin (chops or roasts), bone-in, separable lean only, raw"
5675,"Pork, fresh, loin, sirloin (chops), bone-in, separable lean only, cooked, braised"
5676,"Pork, fresh, loin, top loin (chops), boneless, separable lean and fat, raw"
5677,"Pork, fresh, loin, top loin (chops), boneless, separable lean and fat, cooked, braised"
5678,"Pork, fresh, loin, top loin (chops), boneless, separable lean and fat, cooked, broiled"
5679,"Pork, fresh, loin, top loin (roasts), boneless, separable lean and fat, cooked, roasted"
5680,"Pork, fresh, shoulder, whole, separable lean and fat, raw"
5681,"Pork, fresh, shoulder, whole, separable lean and fat, cooked, roasted"
5682,"Pork, fresh, shoulder, whole, separable lean only, raw"
5683,"Pork, fresh, shoulder, whole, separable lean only, cooked, roasted"
5684,"Pork, fresh, shoulder, arm picnic, separable lean only, cooked, braised"
5685,"Pork, fresh, shoulder, arm picnic, separable lean only, cooked, roasted"
5686,"Pork, fresh, shoulder, (Boston butt), blade (steaks), separable lean and fat, raw"
5687,"Pork, fresh, shoulder, (Boston butt), blade (steaks), separable lean and fat, cooked, braised"
5688,"Pork, fresh, shoulder, blade, boston (steaks), separable lean and fat, cooked, broiled"
5689,"Pork, fresh, shoulder, blade, boston (roasts), separable lean only, cooked, roasted"
5690,"Pork, fresh, spareribs, separable lean and fat, raw"
5691,"Pork, fresh, spareribs, separable lean and fat, cooked, braised"
5692,"Pork, fresh, composite of trimmed retail cuts (leg, loin, and shoulder), separable lean only, cooked"
5693,"Pork, fresh, variety meats and by-products, chitterlings, cooked, simmered"
5694,"Pork, fresh, variety meats and by-products, ears, frozen, raw"
5695,"Pork, fresh, variety meats and by-products, ears, frozen, cooked, simmered"
5696,"Pork, fresh, variety meats and by-products, feet, raw"
5697,"Pork, fresh, variety meats and by-products, kidneys, cooked, braised"
5698,"Pork, fresh, variety meats and by-products, leaf fat, raw"
5699,"Pork, fresh, variety meats and by-products, liver, raw"
5700,"Pork, fresh, variety meats and by-products, liver, cooked, braised"
5701,"Pork, fresh, variety meats and by-products, lungs, raw"
5702,"Pork, fresh, variety meats and by-products, spleen, raw"
5703,"Pork, fresh, variety meats and by-products, spleen, cooked, braised"
5704,"Pork, fresh, variety meats and by-products, stomach, raw"
5705,"Pork, fresh, loin, blade (chops), bone-in, separable lean only, cooked, pan-fried"
5706,"Canadian bacon, unprepared"
5707,"Pork, cured, feet, pickled"
5708,"Pork, cured, ham, boneless, extra lean (approximately 5% fat), roasted"
5709,"Pork, cured, ham, boneless, regular (approximately 11% fat), roasted"
5710,"Pork, cured, ham, patties, unheated"
5711,"Pork, cured, ham, steak, boneless, extra lean, unheated"
5712,"Pork, cured, ham, whole, separable lean and fat, unheated"
5713,"Pork, cured, ham, whole, separable lean only, unheated"
5714,"Pork, cured, separable fat (from ham and arm picnic), unheated"
5715,"Pork, cured, separable fat (from ham and arm picnic), roasted"
5716,"Pork, cured, shoulder, arm picnic, separable lean and fat, roasted"
5717,"Pork, cured, shoulder, arm picnic, separable lean only, roasted"
5718,"Pork, fresh, variety meats and by-products, tail, cooked, simmered"
5719,"Pork, fresh, loin, center loin (chops), bone-in, separable lean only, cooked, pan-fried"
5720,"Pork, fresh, loin, center rib (chops), bone-in, separable lean only, cooked, pan-fried"
5721,"Pork, fresh, loin, blade (chops), bone-in, separable lean and fat, cooked, pan-fried"
5722,"Pork, cured, ham, extra lean and regular, canned, unheated"
5723,"Pork, cured, ham, extra lean and regular, canned, roasted"
5724,"Pork, fresh, loin, top loin (chops), boneless, separable lean and fat, cooked, pan-fried"
5725,"Pork, fresh, composite of trimmed retail cuts (leg, loin, shoulder, and spareribs), separable lean and fat, raw"
5726,"Pork, fresh, loin, center rib (chops or roasts), boneless, separable lean and fat, raw"
5727,"Pork, fresh, loin, center rib (chops), boneless, separable lean and fat, cooked, braised"
5728,"Pork, fresh, loin, center rib (chops), boneless, separable lean and fat, cooked, broiled"
5729,"Pork, fresh, loin, center rib (chops), boneless, separable lean and fat, cooked, pan-fried"
5730,"Pork, fresh, loin, center rib (chops), boneless, separable lean only, cooked, pan-fried"
5731,"Pork, fresh, loin, center rib (roasts), boneless, separable lean only, cooked, roasted"
5732,"Pork, fresh, loin, country-style ribs, separable lean and fat, raw"
5733,"Pork, fresh, loin, country-style ribs, separable lean and fat, cooked, braised"
5734,"Pork, fresh, loin, country-style ribs, separable lean and fat, bone-in, cooked, roasted"
5735,"Pork, fresh, loin, sirloin (chops), boneless, separable lean and fat, cooked, braised"
5736,"Pork, fresh, loin, sirloin (chops), boneless, separable lean and fat, cooked, broiled"
5737,"Pork, fresh, loin, sirloin (roasts), boneless, separable lean and fat, cooked, roasted"
5738,"Pork, fresh, loin, sirloin (chops or roasts), boneless, separable lean only, raw"
5739,"Pork, fresh, ground, raw"
5740,"Pork, fresh, ground, cooked"
5741,"Pork, fresh, loin, tenderloin, separable lean and fat, cooked, broiled"
5742,"Pork, fresh, loin, tenderloin, separable lean and fat, cooked, roasted"
5743,"Pork, fresh, composite of trimmed retail cuts (loin and shoulder blade), separable lean and fat, cooked"
5744,"Pork, fresh, composite of trimmed retail cuts (loin and shoulder blade), separable lean only, raw"
5745,"Pork, fresh, composite of trimmed retail cuts (loin and shoulder blade), separable lean only, cooked"
5746,"HORMEL, Cure 81 Ham"
5747,"HORMEL ALWAYS TENDER, Pork Tenderloin, Teriyaki-Flavored"
5748,HORMEL Canadian Style Bacon
5749,"Pork, fresh, loin, top loin (chops), boneless, separable lean only, with added solution, cooked, pan-broiled"
5750,"Pork, fresh, loin, top loin (chops), boneless, separable lean and fat, with added solution, cooked, pan-broiled"
5751,"Pork, cured, bacon, cooked, baked"
5752,"Pork, cured, ham -- water added, rump, bone-in, separable lean only, heated, roasted"
5753,"Pork, cured, ham -- water added, rump, bone-in, separable lean only, unheated"
5754,"Pork, cured, ham -- water added, shank, bone-in, separable lean only, heated, roasted"
5755,"Pork, cured, ham -- water added, slice, bone-in, separable lean only, heated, pan-broil"
5756,"Pork, cured, ham with natural juices, rump, bone-in, separable lean only, heated, roasted"
5757,"Pork, cured, ham with natural juices, shank, bone-in, separable lean only, heated, roasted"
5758,"Pillsbury Grands, Buttermilk Biscuits, refrigerated dough"
5759,"Heinz, Weight Watcher, Chocolate Eclair, frozen"
5760,"Interstate Brands Corp, Wonder Hamburger Rolls"
5761,"Nabisco, Nabisco Snackwell's Fat Free Devil's Food Cookie Cakes"
5762,"Crackers, cheese, sandwich-type with cheese filling"
5763,"Pancakes, plain, frozen, ready-to-heat, microwave (includes buttermilk)"
5764,"Toaster Pastries, fruit, frosted (include apples, blueberry, cherry, strawberry)"
5765,"Toaster pastries, fruit, toasted (include apple, blueberry, cherry, strawberry)"
5766,"Muffin, blueberry, commercially prepared, low-fat"
5767,"Pie crust, refrigerated, regular, baked"
5768,"Pie crust, refrigerated, regular, unbaked"
5769,"Crackers, whole-wheat, reduced fat"
5770,"Crackers, wheat, reduced fat"
5771,"Bread, pan dulce, sweet yeast bread"
5772,"Keikitos (muffins), Latino bakery item"
5773,"Cake, pound, Bimbo Bakeries USA, Panque Casero, home baked style"
5774,"Pan Dulce, La Ricura, Salpora de Arroz con Azucar, cookie-like, contains wheat flour and rice flour"
5775,"Garlic bread, frozen"
5776,"Cinnamon buns, frosted (includes honey buns)"
5777,"Crackers, cheese, reduced fat"
5778,"Crackers, saltines, whole wheat (includes multi-grain)"
5779,"Bread, potato"
5780,"Bread, cheese"
5781,"Focaccia, Italian flatbread, plain"
5782,"SCHIFF,TIGER'S MILK BAR"
5783,"Candies, TOBLERONE, milk chocolate with honey and almond nougat"
5784,"Snacks, corn-based, extruded, onion-flavor"
5785,"Snacks, corn-based, extruded, puffs or twists, cheese-flavor"
5786,"Snacks, KRAFT, CORNNUTS, plain"
5787,"Snacks, crisped rice bar, chocolate chip"
5788,"Snacks, granola bars, hard, chocolate chip"
5789,Fruit syrup
5790,"Snacks, granola bars, soft, uncoated, plain"
5791,"Snacks, granola bars, soft, uncoated, peanut butter"
5792,"Topping, SMUCKER'S MAGIC SHELL"
5793,"Syrup, fruit flavored"
5794,"Snacks, oriental mix, rice-based"
5795,"Snacks, popcorn, air-popped"
5796,"Snacks, popcorn, cheese-flavor"
5797,"Snacks, pork skins, plain"
5798,"Snacks, potato chips, barbecue-flavor"
5799,"Snacks, potato chips, sour-cream-and-onion-flavor"
5800,"Snacks, M&M MARS, COMBOS Snacks Cheddar Cheese Pretzel"
5801,"Snacks, pretzels, hard, whole-wheat including both salted and unsalted"
5802,"Snacks, rice cracker brown rice, plain"
5803,"Snacks, rice cakes, brown rice, buckwheat"
5804,"Snacks, trail mix, tropical"
5805,"Snacks, trail mix, regular, with chocolate chips, salted nuts and seeds"
5806,"Snacks, tortilla chips, taco-flavor"
5807,"Candies, TOOTSIE ROLL, chocolate-flavor roll"
5808,"Candies, butterscotch"
5809,"Candies, carob, unsweetened"
5810,"Candies, caramels"
5811,"Candies, CARAMELLO Candy Bar"
5812,"Candies, semisweet chocolate"
5813,"Candies, sweet chocolate"
5814,"Candies, sweet chocolate coated fondant"
5815,"Candies, HERSHEY'S GOLDEN ALMOND SOLITAIRES"
5816,"Candies, confectioner's coating, butterscotch"
5817,"Ice creams, french vanilla, soft-serve"
5818,"Candies, YORK Peppermint Pattie"
5819,"Candies, TWIZZLERS NIBS CHERRY BITS"
5820,"Candies, SYMPHONY Milk Chocolate Bar"
5821,"Candies, 5TH AVENUE Candy Bar"
5822,"Candies, fondant, prepared-from-recipe"
5823,"Candies, fudge, chocolate, prepared-from-recipe"
5824,"Candies, fudge, chocolate, with nuts, prepared-from-recipe"
5825,"Candies, gumdrops, starch jelly pieces"
5826,"Candies, hard"
5827,"Candies, jellybeans"
5828,"Candies, KIT KAT Wafer Bar"
5829,"Candies, KRACKEL Chocolate Bar"
5830,"Candies, MARS SNACKFOOD US, MARS Almond Bar"
5831,"Candies, marshmallows"
5832,"Candies, halavah, plain"
5833,"Candies, NESTLE, OH HENRY! Bar"
5834,"Puddings, chocolate, dry mix, instant, prepared with 2% milk"
5835,"Baking chocolate, mexican, squares"
5836,Chocolate-flavored hazelnut spread
5837,"Candies, milk chocolate coated peanuts"
5838,"Glutino, Gluten Free Wafers, Lemon Flavored"
5839,"Glutino, Gluten Free Wafers, Milk Chocolate"
5840,"Mary's Gone Crackers, Original Crackers, Organic Gluten Free"
5841,"Pepperidge Farm, Goldfish, Baked Snack Crackers, Cheddar"
5842,"Pepperidge Farm, Goldfish, Baked Snack Crackers, Explosive Pizza"
5843,"Sage Valley, Gluten Free Vanilla Sandwich Cookies"
5844,"Schar, Gluten-Free, Classic White Rolls"
5845,"Schar, Gluten-Free, Wheat-Free, Classic White Bread"
5846,"Udi's, Gluten Free, Classic French Dinner Rolls"
5847,"Van's, Gluten Free, Totally Original Waffles"
5848,"Van's, The Perfect 10, Crispy Six Whole Grain + Four Seed Baked Crackers, Gluten Free"
5849,"Bread, multi-grain (includes whole-grain)"
5850,"Cookies, animal crackers (includes arrowroot, tea biscuits)"
5851,"Sweet Potatoes, french fried, crosscut, frozen, unprepared"
5852,"Sweet Potato puffs, frozen, unprepared"
5853,"Mouse nuts, roots (Alaska Native)"
5854,"Mouse nuts, seedlings (Alaska Native)"
5855,Octopus (Alaska Native)
5856,"Seal, bearded (Oogruk), meat, dried (Alaska Native)"
5857,"Fish, pike, northern, liver (Alaska Native)"
5858,"Rhubarb, wild, leaves (Alaska Native)"
5859,"Fish, salmon, tipnuk, fermented (Alaska Native)"
5860,"Fish, salmon, king, chinook, kippered, canned (Alaska Native)"
5861,"Seal, ringed, meat (Alaska Native)"
5862,"Seal, ringed, liver (Alaska Native)"
5863,"Soup, fish, homemade (Alaska Native)"
5864,"Sourdock, young leaves (Alaska Native)"
5865,"Walrus, meat, raw (Alaska Native)"
5866,"Walrus, meat and subcutaneous fat raw (Alaska Native)"
5867,"Walrus, liver, raw (Alaska Native)"
5868,"Oil, walrus (Alaska Native)"
5869,"Fish, whitefish, mixed species, raw (Alaska Native)"
5870,"Fish, whitefish, broad, head, eyes, cheeks and soft bones (Alaska Native)"
5871,"Willow, leaves in oil (Alaska Native)"
5872,"Willow, young leaves, chopped (Alaska Native)"
5873,"Corn, white, steamed (Navajo)"
5874,"Cornmeal, white (Navajo)"
5875,"Cornmeal, yellow (Navajo)"
5876,"Squash, Indian, raw (Navajo)"
5877,"Tortilla, includes plain and from mutton sandwich (Navajo)"
5878,"Stew, dumpling with mutton (Navajo)"
5879,"Stew, hominy with mutton (Navajo)"
5880,"Stew, mutton, corn, squash (Navajo)"
5881,"Fish, salmon, sockeye (red), raw (Alaska Native)"
5882,"Fish, Salmon, Chum, raw (Alaska Native)"
5883,"Fish, salmon, king (chinook), raw (Alaska Native)"
5884,"Salmonberries, raw (Alaska Native)"
5885,"Caribou, shoulder meat, dried (Alaska Native)"
5886,"Caribou, hind quarter meat, raw (Alaska Native)"
5887,"Seal, bearded (Oogruk), meat, dried, in oil (Alaska Native)"
5888,"Fish, whitefish, dried (Alaska Native)"
5889,"Seal, bearded (Oogruk), meat, low quadrant, raw (Alaska Native)"
5890,"Fish, salmon, chum, dried (Alaska Native)"
5891,"Elk, free range, ground, cooked patties (Shoshone Bannock)"
5892,"Elk, free range, ground, raw (Shoshone Bannock)"
5893,"Elk, free range, roast, eye of round, cooked (Shoshone Bannock)"
5894,"Chokecherries, raw, pitted (Shoshone Bannock)"
5895,"Steelhead trout, dried, flesh (Shoshone Bannock)"
5896,"Steelhead trout, boiled, canned (Alaska Native)"
5897,Acorn stew (Apache)
5898,"Restaurant, Italian, chicken parmesan without pasta"
5899,"Restaurant, Latino, arroz con leche (rice pudding)"
5900,"Restaurant, Latino, Arroz con frijoles negros (rice and black beans)"
5901,"Restaurant, Latino, Arroz con habichuelas colorados (Rice And Red Beans)"
5902,"Restaurant, Latino, Arroz con grandules (rice and pigeonpeas)"
5903,"Restaurant, Latino, tamale, pork"
5904,"Restaurant, Latino, black bean soup"
5905,"Restaurant, Latino, tripe soup"
5906,"Restaurant, Latino, arepa (unleavened cornmeal bread)"
5907,"Restaurant, Latino, bunuelos (fried yeast bread)"
5908,"Restaurant, Chinese, beef and vegetables"
5909,"CRACKER BARREL, chicken tenderloin platter, fried, from kid's menu"
5910,"CRACKER BARREL, country fried shrimp platter"
5911,"CRACKER BARREL, farm raised catfish platter"
5912,"DENNY'S, mozzarella cheese sticks"
5913,"DENNY'S, golden fried shrimp"
5914,"DENNY'S, macaroni & cheese, from kid's menu"
5915,"DENNY'S, chicken nuggets, star shaped, from kid's menu"
5916,"Restaurant, Chinese, shrimp and vegetables"
5917,"Restaurant, Chinese, sweet and sour chicken"
5918,"Restaurant, Chinese, sweet and sour pork"
5919,"Restaurant, Chinese, chicken chow mein"
5920,"Restaurant, Chinese, vegetable chow mein, without meat or noodles"
5921,"OLIVE GARDEN, spaghetti with meat sauce"
5922,"CARRABBA'S ITALIAN GRILL, spaghetti with meat sauce"
5923,"Restaurant, Chinese, sesame chicken"
5924,"Syrups, grenadine"
5925,"Imitation cheese, american or cheddar, low cholesterol"
5926,"Babyfood, banana juice with low fat yogurt"
5927,"Babyfood, mixed fruit juice with low fat yogurt"
5928,"Ham, turkey, sliced, extra lean, prepackaged or deli"
5929,"Salad dressing, peppercorn dressing, commercial, regular"
5930,"Mayonnaise, reduced-calorie or diet, cholesterol-free"
5931,"Granola bar, soft, milk chocolate coated, peanut butter"
5932,"Salad dressing, italian dressing, reduced calorie"
5933,"Cream substitute, liquid, light"
5934,"Cheese, monterey, low fat"
5935,"Creamy dressing, made with sour cream and/or buttermilk and oil, reduced calorie, fat-free"
5936,"Creamy dressing, made with sour cream and/or buttermilk and oil, reduced calorie, cholesterol-free"
5937,"Bologna, beef, low fat"
5938,"Candies, MARS SNACKFOOD US, TWIX chocolate fudge cookie bars"
5939,"Frozen yogurts, chocolate, nonfat milk, sweetened without sugar"
5940,"Frozen yogurts, chocolate"
5941,"Frozen yogurts, flavors other than chocolate"
5942,Papad
5943,"Rice cake, cracker (include hain mini rice cakes)"
5944,"Candies, MARS SNACKFOOD US, M&M's Almond Chocolate Candies"
5945,"Salad Dressing, coleslaw, reduced fat"
5946,"Pork, cured, ham, low sodium, lean and fat, cooked"
5947,"Pork, cured, ham, boneless, low sodium, extra lean (approximately 5% fat), roasted"
5948,"Salad dressing, mayonnaise and mayonnaise-type, low calorie"
5949,"Frozen novelties, juice type, orange"
5950,"Cheese, cottage, lowfat, 1% milkfat, no sodium added"
5951,"Mayonnaise, low sodium, low calorie or diet"
5952,"Snacks, tortilla chips, unsalted, white corn"
5953,"Cranberry juice, unsweetened"
5954,"Beef, bologna, reduced sodium"
5955,"Turnip greens, canned, no salt added"
5956,"Turkey, light or dark meat, smoked, cooked, with skin, bone removed"
5957,"Cheese, pasteurized process, cheddar or American, low sodium"
5958,"Beverages, coffee, instant, with whitener, reduced calorie"
5959,"Beverages, cranberry-apple juice drink, low calorie, with vitamin C added"
5960,"Cheese, swiss, low sodium"
5961,"Babyfood, dinner, macaroni, beef and tomato sauce, toddler"
5962,"Rolls, pumpernickel"
5963,"Snacks, corn-based, extruded, chips, unsalted"
5964,"Beans, baked, canned, no salt added"
5965,"Jellyfish, dried, salted"
5966,"Frozen novelties, ice cream type, chocolate or caramel covered, with nuts"
5967,"Frankfurter, low sodium"
5968,"Frozen novelties, ice type, pop, with low calorie sweetener"
5969,"Babyfood, dessert, peach yogurt"
5970,"Babyfood, dessert, blueberry yogurt, strained"
5971,"Babyfood, dessert, banana yogurt, strained"
5972,"Ice creams, chocolate, rich"
5973,"Snacks, tortilla chips, light (baked with less oil)"
5974,"Cereals ready-to-eat, POST, HONEY BUNCHES OF OATS, honey roasted"
5975,"Popcorn, microwave, low fat and sodium"
5976,"Babyfood, fruit supreme dessert"
5977,"Cheese, swiss, low fat"
5978,"Sweeteners, tabletop, fructose, liquid"
5979,"Puddings, chocolate flavor, low calorie, instant, dry mix"
5980,"Babyfood, grape juice, no sugar, canned"
5981,"Jellies, reduced sugar, home preserved"
5982,"Puddings, all flavors except chocolate, low calorie, instant, dry mix"
5983,Vital wheat gluten
5984,"Frog legs, raw"
5985,"Fish, mackerel, salted"
5986,"Java-plum, (jambolan), raw"
5987,"Jujube, raw"
5988,"Jujube, Chinese, fresh, dried"
5989,"Kiwifruit, green, raw"
5990,"Kumquats, raw"
5991,"Limes, raw"
5992,"Lime juice, raw"
5993,"Lime juice, canned or bottled, unsweetened"
5994,"Blueberries, dried, sweetened"
5995,"Prunes, canned, heavy syrup pack, solids and liquids"
5996,"Prunes, dehydrated (low-moisture), uncooked"
5997,"Prunes, dehydrated (low-moisture), stewed"
5998,"Plums, dried (prunes), uncooked"
5999,"Quinces, raw"
6000,"Raisins, golden, seedless"
6001,"Raisins, dark, seedless (Includes foods for USDA's Food Distribution Program)"
6002,"Raisins, seeded"
6003,"Rambutan, canned, syrup pack"
6004,"Rhubarb, frozen, uncooked"
6005,"Rhubarb, frozen, cooked, with sugar"
6006,"Roselle, raw"
6007,"Rose-apples, raw"
6008,"Strawberries, canned, heavy syrup pack, solids and liquids"
6009,"Strawberries, frozen, unsweetened (Includes foods for USDA's Food Distribution Program)"
6010,"Strawberries, frozen, sweetened, sliced"
6011,"Sugar-apples, (sweetsop), raw"
6012,"Feijoa, raw"
6013,"Pears, asian, raw"
6014,"Fruit cocktail, canned, heavy syrup, drained"
6015,"Blueberries, canned, light syrup, drained"
6016,"Blueberries, wild, canned, heavy syrup, drained"
6017,"Peaches, canned, heavy syrup, drained"
6018,"Pears, canned, heavy syrup, drained"
6019,"Plums, canned, heavy syrup, drained"
6020,"Tangerines, (mandarin oranges), canned, juice pack, drained"
6021,"Peach nectar, canned, with added ascorbic acid"
6022,"Pear nectar, canned, with added ascorbic acid"
6023,"Pineapple juice, canned or bottled, unsweetened, with added ascorbic acid"
6024,"Apple juice, frozen concentrate, unsweetened, undiluted, with added ascorbic acid"
6025,"Grapefruit juice, white, bottled, unsweetened, OCEAN SPRAY"
6026,"Jackfruit, canned, syrup pack"
6027,"Dates, medjool"
6028,"Durian, raw or frozen"
6029,"Pineapple, raw, traditional varieties"
6030,"Pineapple, raw, extra sweet variety"
6031,"Clementines, raw"
6032,"Guanabana nectar, canned"
6033,"Juice, apple and grape blend, with added ascorbic acid"
6034,"Juice, apple, grape and pear blend, with added ascorbic acid and calcium"
6035,"Plantains, green, fried"
6036,"Plantains, yellow, fried, Latino restaurant"
6037,"Apples, raw, red delicious, with skin (Includes foods for USDA's Food Distribution Program)"
6038,"Apples, raw, golden delicious, with skin"
6039,"Apples, raw, granny smith, with skin (Includes foods for USDA's Food Distribution Program)"
6040,"Apples, raw, gala, with skin (Includes foods for USDA's Food Distribution Program)"
6041,"Pineapple juice, canned, not from concentrate, unsweetened, with added vitamins A, C and E"
6042,"Fruit juice smoothie, NAKED JUICE, BLUE MACHINE"
6043,"Grape juice, canned or bottled, unsweetened, with added ascorbic acid and calcium"
6044,"Fruit juice smoothie, ODWALLA, ORIGINAL SUPERFOOD"
6045,"Raspberries, frozen, red, unsweetened"
6046,"Guava nectar, with sucralose, canned"
6047,"Kiwifruit, ZESPRI SunGold, raw"
6048,"Cranberry juice blend, 100% juice, bottled, with added vitamin C and calcium"
6049,"Fruit juice smoothie, ODWALLA, strawberry banana"
6050,"Fruit juice smoothie, NAKED JUICE, strawberry banana"
6051,"Plantains, green, raw"
6052,"Plantains, green, boiled"
6053,Raspberry juice concentrate
6054,"Pork, fresh, composite of separable fat, with added solution, cooked"
6055,"Pork, fresh, carcass, separable lean and fat, raw"
6056,"Pork, fresh, composite of trimmed retail cuts (leg, loin, shoulder), separable lean only, raw"
6057,"Pork, fresh, separable fat, cooked"
6058,"Pork, fresh, leg (ham), whole, separable lean and fat, raw"
6059,"Pork, fresh, leg (ham), whole, separable lean and fat, cooked, roasted"
6060,"Pork, fresh, leg (ham), whole, separable lean only, raw"
6061,"Pork, fresh, leg (ham), whole, separable lean only, cooked, roasted"
6062,"Pork, fresh, leg (ham), shank half, separable lean and fat, raw"
6063,"Pork, fresh, leg (ham), shank half, separable lean and fat, cooked, roasted"
6064,"Pork, fresh, leg (ham), shank half, separable lean only, raw"
6065,"Pork, fresh, leg (ham), shank half, separable lean only, cooked, roasted"
6066,"Pork, fresh, loin, whole, separable lean only, raw"
6067,"Pork, fresh, loin, whole, separable lean only, cooked, braised"
6068,"Pork, fresh, loin, whole, separable lean only, cooked, broiled"
6069,"Pork, fresh, loin, whole, separable lean only, cooked, roasted"
6070,"Pork, fresh, loin, blade (chops or roasts), bone-in, separable lean only, raw"
6071,"Pork, fresh, loin, blade (chops), bone-in, separable lean only, cooked, braised"
6072,"Pork, fresh, loin, blade (chops), bone-in, separable lean only, cooked, broiled"
6073,"Pork, fresh, loin, blade (roasts), bone-in, separable lean only, cooked, roasted"
6074,"Pork, fresh, loin, center loin (chops), bone-in, separable lean and fat, raw"
6075,"Pork, fresh, loin, center loin (chops), bone-in, separable lean only, cooked, braised"
6076,"Pork, fresh, loin, center loin (chops), bone-in, separable lean only, cooked, broiled"
6077,"Pork, fresh, loin, center loin (roasts), bone-in, separable lean only, cooked, roasted"
6078,"Pork, fresh, loin, center rib (chops or roasts), bone-in, separable lean and fat, raw"
6079,"Pork, fresh, loin, center rib (chops), bone-in, separable lean only, cooked, braised"
6080,"Pork, fresh, loin, center rib (chops), bone-in, separable lean only, cooked, broiled"
6081,"Pork, fresh, loin, center rib (roasts), bone-in, separable lean only, cooked, roasted"
6082,"Pork, fresh, loin, sirloin (chops or roasts), bone-in, separable lean and fat, raw"
6083,"Pork, fresh, loin, sirloin (chops), bone-in, separable lean only, cooked, broiled"
6084,"Pork, fresh, loin, sirloin (roasts), bone-in, separable lean only, cooked, roasted"
6085,"Pork, fresh, loin, tenderloin, separable lean only, raw"
6086,"Pork, fresh, loin, tenderloin, separable lean only, cooked, roasted"
6087,"Pork, fresh, loin, top loin (chops), boneless, separable lean only, raw"
6088,"Pork, fresh, loin, top loin (chops), boneless, separable lean only, cooked, braised"
6089,"Pork, fresh, loin, top loin (chops), boneless, separable lean only, cooked, broiled"
6090,"Pork, fresh, loin, top loin (roasts), boneless, separable lean only, cooked, roasted"
6091,"Pork, fresh, shoulder, arm picnic, separable lean and fat, raw"
6092,"Pork, fresh, shoulder, arm picnic, separable lean and fat, cooked, braised"
6093,"Pork, fresh, shoulder, arm picnic, separable lean and fat, cooked, roasted"
6094,"Pork, fresh, shoulder, arm picnic, separable lean only, raw"
6095,"Pork, fresh, shoulder, blade, boston (roasts), separable lean and fat, cooked, roasted"
6096,"Pork, fresh, shoulder, (Boston butt), blade (steaks), separable lean only, raw"
6097,"Pork, fresh, shoulder, (Boston butt), blade (steaks), separable lean only, cooked, braised"
6098,"Pork, fresh, shoulder, blade, boston (steaks), separable lean only, cooked, broiled"
6099,"Pork, fresh, loin, center loin (chops), boneless, separable lean only, raw"
6100,"Pork, fresh, variety meats and by-products, brain, raw"
6101,"Pork, fresh, variety meats and by-products, brain, cooked, braised"
6102,"Pork, fresh, variety meats and by-products, chitterlings, raw"
6103,"Pork, fresh, variety meats and by-products, heart, raw"
6104,"Pork, fresh, variety meats and by-products, heart, cooked, braised"
6105,"Pork, fresh, variety meats and by-products, jowl, raw"
6106,"Pork, fresh, variety meats and by-products, kidneys, raw"
6107,"Pork, fresh, variety meats and by-products, lungs, cooked, braised"
6108,"Pork, fresh, variety meats and by-products, mechanically separated, raw"
6109,"Pork, fresh, variety meats and by-products, pancreas, raw"
6110,"Pork, fresh, variety meats and by-products, pancreas, cooked, braised"
6111,"Pork, fresh, variety meats and by-products, tongue, raw"
6112,"Pork, fresh, variety meats and by-products, tongue, cooked, braised"
6113,"Pork, cured, bacon, unprepared"
6114,"Pork, cured, breakfast strips, raw or unheated"
6115,"Pork, cured, ham, extra lean (approximately 4% fat), canned, unheated"
6116,"Pork, cured, ham, extra lean (approximately 4% fat), canned, roasted"
6117,"Pork, cured, ham, regular (approximately 13% fat), canned, roasted"
6118,"Pork, cured, ham, center slice, country-style, separable lean only, raw"
6119,"Pork, cured, ham, center slice, separable lean and fat, unheated"
6120,"Pork, cured, ham, whole, separable lean only, roasted"
6121,"Pork, fresh, loin, center loin (chops), boneless, separable lean only, cooked, pan-broiled"
6122,"Pork, fresh, loin, center loin (chops), boneless, separable lean and fat, raw"
6123,"Pork, cured, salt pork, raw"
6124,"Pork, cured, shoulder, blade roll, separable lean and fat, unheated"
6125,"Pork, cured, shoulder, blade roll, separable lean and fat, roasted"
6126,"Pork, fresh, variety meats and by-products, feet, cooked, simmered"
6127,"Pork, fresh, variety meats and by-products, tail, raw"
6128,"Pork, fresh, loin, center loin (chops), bone-in, separable lean and fat, cooked, pan-fried"
6129,"Pork, fresh, loin, center rib (chops), bone-in, separable lean and fat, cooked, pan-fried"
6130,"Pork, fresh, loin, top loin (chops), boneless, separable lean only, cooked, pan-fried"
6131,"Pork, cured, ham, boneless, extra lean and regular, unheated"
6132,"Pork, cured, ham, boneless, extra lean and regular, roasted"
6133,"Pork, fresh, composite of trimmed retail cuts (leg, loin, shoulder, and spareribs), separable lean and fat, cooked"
6134,"Pork, fresh, loin, center loin (chops), boneless, separable lean and fat, cooked, pan-broiled"
6135,"Pork, fresh, backribs, separable lean and fat, raw"
6136,"Pork, fresh, backribs, separable lean and fat, cooked, roasted"
6137,"Pork, fresh, loin, center rib (roasts), boneless, separable lean and fat, cooked, roasted"
6138,"Pork, fresh, loin, center rib (chops or roasts), boneless, separable lean only, raw"
6139,"Pork, fresh, loin, center rib (chops), boneless, separable lean only, cooked, braised"
6140,"Pork, fresh, loin, center rib (chops), boneless, separable lean only, cooked, broiled"
6141,"Pork, fresh, loin, country-style ribs, separable lean only, raw"
6142,"Pork, fresh, loin, country-style ribs, separable lean only, cooked, braised"
6143,"Pork, fresh, loin, country-style ribs, separable lean only, bone-in, cooked, roasted"
6144,"Pork, fresh, loin, sirloin (chops or roasts), boneless, separable lean and fat, raw"
6145,"Pork, fresh, loin, sirloin (chops), boneless, separable lean only, cooked, braised"
6146,"Pork, fresh, loin, sirloin (chops), boneless, separable lean only, cooked, broiled"
6147,"Pork, fresh, loin, sirloin (roasts), boneless, separable lean only, cooked, roasted"
6148,"Pork, fresh, loin, tenderloin, separable lean and fat, raw"
6149,"Pork, fresh, loin, tenderloin, separable lean only, cooked, broiled"
6150,"Pork, fresh, loin, top loin (roasts), boneless, separable lean and fat, raw"
6151,"Pork, fresh, loin, top loin (roasts), boneless, separable lean only, raw"
6152,"Pork, fresh, composite of trimmed retail cuts (loin and shoulder blade), separable lean and fat, raw"
6153,"HORMEL ALWAYS TENDER, Pork Tenderloin, Peppercorn-Flavored"
6154,"HORMEL ALWAYS TENDER, Pork Loin Filets, Lemon Garlic-Flavored"
6155,"HORMEL ALWAYS TENDER, Center Cut Chops, Fresh Pork"
6156,"HORMEL ALWAYS TENDER, Boneless Pork Loin, Fresh Pork"
6157,"Pork, cured, bacon, cooked, microwaved"
6158,"Pork, cured, bacon, pre-sliced, cooked, pan-fried"
6159,"Pork, fresh, variety meats and by-products, stomach, cooked, simmered"
6160,"Pork, bacon, rendered fat, cooked"
6161,"Pork, cured, ham and water product, slice, bone-in, separable lean only, heated, pan-broil"
6162,"Pork, cured, ham and water product, slice, boneless, separable lean only, heated, pan-broil"
6163,"Pork, cured, ham and water product, whole, boneless, separable lean only, heated, roasted"
6164,"Pork, cured, ham and water product, whole, boneless, separable lean only, unheated"
6165,"Pork, cured, ham -- water added, slice, boneless, separable lean only, heated, pan-broil"
6166,"Pork, cured, ham with natural juices, slice, bone-in, separable lean only, heated, pan-broil"
6167,"Pork, cured, ham with natural juices, spiral slice, meat only, boneless, separable lean only, heated, roasted"
6168,"Pork, cured, ham and water product, rump, bone-in, separable lean only, heated, roasted"
6169,"Pork, cured, ham with natural juices, slice, boneless, separable lean only, heated, pan-broil"
6170,"Pork, cured, ham with natural juices, whole, boneless, separable lean only, heated, roasted"
6171,"Pork, cured, ham with natural juices, whole, boneless, separable lean only, unheated"
6172,"Pork, cured, ham -- water added, shank, bone-in, separable lean only, unheated"
6173,"Pork, cured, ham with natural juices, rump, bone-in, separable lean only, unheated"
6174,"Pork, cured, ham with natural juices, shank, bone-in, separable lean only, unheated"
6175,"Pork, cured, ham with natural juices, slice, bone-in, separable lean only, unheated"
6176,"Pork, cured, ham with natural juices, spiral slice, boneless, separable lean only, unheated"
6177,"Pork, cured, ham with natural juices, spiral slice, boneless, separable lean and fat, unheated"
6178,"Pork, cured, ham with natural juices, slice, bone-in, separable lean and fat, unheated"
6179,"Pork, cured, ham with natural juices, shank, bone-in, separable lean and fat, unheated"
6180,"Pork, cured, ham with natural juices, rump, bone-in, separable lean and fat, unheated"
6181,"Pork, cured, ham -- water added, whole, boneless, separable lean and fat, unheated"
6182,"Pork, cured, ham -- water added, slice, bone-in, separable lean and fat, unheated"
6183,"Pork, cured, ham -- water added, shank, bone-in, separable lean and fat, unheated"
6184,"Pork, cured, ham -- water added, rump, bone-in, separable lean and fat, unheated"
6185,"Pork, cured, ham -- water added, whole, boneless, separable lean and fat, heated, roasted"
6186,"Pork, cured, ham and water product, rump, bone-in, separable lean and fat, heated, roasted"
6187,"Pork, cured, ham and water product, shank, bone-in, separable lean and fat, heated, roasted"
6188,"Pork, cured, ham and water product, slice, bone-in, separable lean and fat, heated, pan-broil"
6189,"Pork, cured, ham with natural juices, slice, boneless, separable lean and fat, heated, pan-broil"
6190,"Pork, cured, ham with natural juices, spiral slice, boneless, separable lean and fat, heated, roasted"
6191,"Pork, cured, ham with natural juices, whole, boneless, separable lean and fat, heated, roasted"
6192,"Pork, cured, ham, rump, bone-in, separable lean and fat, heated, roasted"
6193,"Pork, cured, ham, shank, bone-in, separable lean and fat, heated, roasted"
6194,"Pork, cured, ham, shank, bone-in, separable lean and fat, unheated"
6195,"Pork, cured, ham, slice, bone-in, separable lean and fat, heated, pan-broil"
6196,"Pork, cured, ham, slice, bone-in, separable lean only, unheated"
6197,"Pork, fresh, enhanced, loin, tenderloin, separable lean only, raw"
6198,"Pork, fresh, shoulder, (Boston butt), blade (steaks), separable lean only, with added solution cooked, braised"
6199,"Pork, fresh, shoulder, (Boston butt), blade (steaks), separable lean only, with added solution, raw"
6200,"Pork, fresh, loin, top loin (chops), boneless, separable lean only, with added solution, cooked, broiled"
6201,"Pork, fresh, shoulder, (Boston butt), blade (steaks), separable lean and fat,with added solution, raw"
6202,"Pork, fresh, shoulder, (Boston butt), blade (steaks), separable lean and fat, with added solution, cooked, braised"
6203,"Pork, cured, ham, rump, bone-in, separable lean and fat, unheated"
6204,"Pork, loin, leg cap steak, boneless, separable lean and fat, cooked, broiled"
6205,"Pork, Shoulder petite tender, boneless, separable lean and fat, raw"
6206,"Pork, Leg sirloin tip roast, boneless, separable lean and fat, cooked, braised"
6207,"Pork, Leg sirloin tip roast, boneless, separable lean and fat, raw"
6208,"Pork, ground, 84% lean / 16% fat, raw"
6209,"Pork, ground, 72% lean / 28% fat, cooked, pan-broiled"
6210,"Pork, ground, 84% lean / 16% fat, cooked, pan-broiled"
6211,"Pork, ground, 96% lean / 4% fat, cooked, pan-broiled"
6212,"Pork loin, fresh, backribs, bone-in, raw, lean only"
6213,"Pork loin, fresh, backribs, bone-in, cooked-roasted, lean only"
6214,"Pork, fresh, loin, country-style ribs, separable lean only, bone-in, cooked, broiled"
6215,"Pork, fresh, loin, country-style ribs, separable lean only, boneless, cooked, roasted"
6216,"Pork, fresh, blade, (chops), boneless, separable lean and fat, cooked, broiled"
6217,"Pork, fresh, loin, blade (chops or roasts), boneless, separable lean and fat only, raw"
6218,"Bacon, pre-sliced, reduced/low sodium, unprepared"
6219,"Canadian bacon, cooked, pan-fried"
6220,"Alfalfa seeds, sprouted, raw"
6221,"Amaranth leaves, raw"
6222,"Artichokes, (globe or french), cooked, boiled, drained, without salt"
6223,"Artichokes, (globe or french), frozen, unprepared"
6224,"Artichokes, (globe or french), frozen, cooked, boiled, drained, without salt"
6225,"Asparagus, raw"
6226,"Asparagus, cooked, boiled, drained"
6227,"Balsam-pear (bitter gourd), leafy tips, raw"
6228,"Balsam-pear (bitter gourd), leafy tips, cooked, boiled, drained, without salt"
6229,"Balsam-pear (bitter gourd), pods, raw"
6230,"Balsam-pear (bitter gourd), pods, cooked, boiled, drained, without salt"
6231,"Beans, kidney, mature seeds, sprouted, cooked, boiled, drained, without salt"
6232,"Lima beans, immature seeds, raw"
6233,"Corn, sweet, yellow, canned, drained solids, rinsed with tap water"
6234,"Corn, sweet, yellow, frozen, kernels cut off cob, unprepared (Includes foods for USDA's Food Distribution Program)"
6235,"Corn, sweet, yellow, frozen, kernels cut off cob, boiled, drained, without salt"
6236,"Corn, sweet, yellow, frozen, kernels on cob, unprepared"
6237,"Corn, sweet, yellow, frozen, kernels on cob, cooked, boiled, drained, without salt"
6238,"Cowpeas (blackeyes), immature seeds, cooked, boiled, drained, without salt"
6239,"Cowpeas (blackeyes), immature seeds, frozen, unprepared"
6240,"Cowpeas (blackeyes), immature seeds, frozen, cooked, boiled, drained, without salt"
6241,"Cowpeas, young pods with seeds, raw"
6242,"Cowpeas, leafy tips, cooked, boiled, drained, without salt"
6243,"Cress, garden, raw"
6244,"Cress, garden, cooked, boiled, drained, without salt"
6245,"Cucumber, with peel, raw"
6246,"Edamame, frozen, unprepared"
6247,"Edamame, frozen, prepared"
6248,"Endive, raw"
6249,"Escarole, cooked, boiled, drained, no salt added"
6250,"Gourd, dishcloth (towelgourd), raw"
6251,"Gourd, dishcloth (towelgourd), cooked, boiled, drained, without salt"
6252,"Drumstick leaves, raw"
6253,"Drumstick leaves, cooked, boiled, drained, without salt"
6254,"Pepeao, dried"
6255,"Jute, potherb, raw"
6256,"Jute, potherb, cooked, boiled, drained, without salt"
6257,"Kale, raw"
6258,"Mushrooms, Chanterelle, raw"
6259,"Mushrooms, morel, raw"
6260,"Kohlrabi, raw"
6261,"Kohlrabi, cooked, boiled, drained, without salt"
6262,"Leeks, (bulb and lower leaf-portion), cooked, boiled, drained, without salt"
6263,"Lentils, sprouted, raw"
6264,"Lentils, sprouted, cooked, stir-fried, without salt"
6265,"Lettuce, butterhead (includes boston and bibb types), raw"
6266,"Lotus root, cooked, boiled, drained, without salt"
6267,"Lettuce, red leaf, raw"
6268,"Mountain yam, hawaii, raw"
6269,"Mountain yam, hawaii, cooked, steamed, without salt"
6270,"Mushrooms, brown, italian, or crimini, raw"
6271,"Mushrooms, shiitake, stir-fried"
6272,"Mushrooms, shiitake, dried"
6273,"Mushrooms, shiitake, cooked, without salt"
6274,"Mustard spinach, (tendergreen), raw"
6275,"Mustard spinach, (tendergreen), cooked, boiled, drained, without salt"
6276,"New Zealand spinach, raw"
6277,"New Zealand spinach, cooked, boiled, drained, without salt"
6278,"Potatoes, french fried, all types, salt added in processing, frozen, unprepared"
6279,"Potato wedges, frozen (Includes foods for USDA's Food Distribution Program)"
6280,"Potatoes, french fried, steak fries, salt added in processing, frozen, as purchased"
6281,"Potatoes, french fried, steak fries, salt added in processing, frozen, oven-heated"
6282,Potato flour
6283,"Pumpkin leaves, cooked, boiled, drained, without salt"
6284,"Pumpkin, raw"
6285,"Pumpkin, cooked, boiled, drained, without salt"
6286,"Pumpkin, canned, without salt"
6287,"Radishes, oriental, raw"
6288,"Radishes, oriental, cooked, boiled, drained, without salt"
6289,"Radishes, oriental, dried"
6290,"Rutabagas, raw"
6291,"Rutabagas, cooked, boiled, drained, without salt"
6292,"Seaweed, irishmoss, raw"
6293,"Seaweed, kelp, raw"
6294,"Seaweed, laver, raw"
6295,"Sesbania flower, raw"
6296,"Soybeans, mature seeds, sprouted, cooked, steamed"
6297,"Soybeans, mature seeds, sprouted, cooked, stir-fried"
6298,"Spinach, raw"
6299,"Spinach, cooked, boiled, drained, without salt"
6300,"Squash, summer, crookneck and straightneck, raw"
6301,"Squash, summer, crookneck and straightneck, cooked, boiled, drained, without salt"
6302,"Squash, summer, crookneck and straightneck, canned, drained, solid, without salt"
6303,"Squash, summer, crookneck and straightneck, frozen, unprepared"
6304,"Squash, summer, crookneck and straightneck, frozen, cooked, boiled, drained, without salt"
6305,"Squash, summer, zucchini, includes skin, frozen, unprepared"
6306,"Squash, summer, zucchini, includes skin, frozen, cooked, boiled, drained, without salt"
6307,"Squash, summer, zucchini, italian style, canned"
6308,"Squash, winter, acorn, raw"
6309,"Squash, winter, butternut, frozen, unprepared"
6310,"Squash, winter, butternut, frozen, cooked, boiled, without salt"
6311,"Squash, winter, hubbard, raw"
6312,"Squash, winter, hubbard, baked, without salt"
6313,"Succotash, (corn and limas), cooked, boiled, drained, without salt"
6314,"Succotash, (corn and limas), canned, with cream style corn"
6315,"Succotash, (corn and limas), canned, with whole kernel corn, solids and liquids"
6316,"Succotash, (corn and limas), frozen, unprepared"
6317,"Succotash, (corn and limas), frozen, cooked, boiled, drained, without salt"
6318,"Sweet potato, raw, unprepared (Includes foods for USDA's Food Distribution Program)"
6319,"Sweet potato, cooked, baked in skin, flesh, without salt"
6320,"Sweet potato, cooked, boiled, without skin"
6321,"Sweet potato, canned, vacuum pack"
6322,"Taro, cooked, without salt"
6323,"Taro leaves, raw"
6324,"Taro leaves, cooked, steamed, without salt"
6325,"Taro shoots, raw"
6326,"Arrowroot, raw"
6327,"Chrysanthemum leaves, raw"
6328,"Amaranth leaves, cooked, boiled, drained, with salt"
6329,"Arrowhead, cooked, boiled, drained, with salt"
6330,"Asparagus, frozen, cooked, boiled, drained, with salt"
6331,"Balsam-pear (bitter gourd), leafy tips, cooked, boiled, drained, with salt"
6332,"Balsam-pear (bitter gourd), pods, cooked, boiled, drained, with salt"
6333,"Bamboo shoots, cooked, boiled, drained, with salt"
6334,"Lima beans, immature seeds, frozen, fordhook, cooked, boiled, drained, with salt"
6335,"Mung beans, mature seeds, sprouted, cooked, boiled, drained, with salt"
6336,"Beans, navy, mature seeds, sprouted, cooked, boiled, drained, with salt"
6337,"Beans, pinto, immature seeds, frozen, cooked, boiled, drained, with salt"
6338,"Beans, snap, green, canned, no salt added, solids and liquids"
6339,"Beans, snap, yellow, canned, regular pack, solids and liquids"
6340,"Beans, snap, yellow, canned, no salt added, solids and liquids"
6341,"Beans, snap, green, canned, no salt added, drained solids"
6342,"Beets, cooked, boiled. drained, with salt"
6343,"Beets, canned, no salt added, solids and liquids"
6344,"Beet greens, cooked, boiled, drained, with salt"
6345,"Borage, cooked, boiled, drained, with salt"
6346,"Broccoli, cooked, boiled, drained, with salt"
6347,"Broccoli, frozen, chopped, cooked, boiled, drained, with salt"
6348,"Broccoli, frozen, spears, cooked, boiled, drained, with salt"
6349,"Brussels sprouts, cooked, boiled, drained, with salt"
6350,"Cabbage, common, cooked, boiled, drained, with salt"
6351,"Cabbage, red, cooked, boiled, drained, with salt"
6352,"Cabbage, savoy, cooked, boiled, drained, with salt"
6353,"Cabbage, chinese (pak-choi), cooked, boiled, drained, with salt"
6354,"Carrots, canned, no salt added, drained solids"
6355,"Carrots, frozen, cooked, boiled, drained, with salt"
6356,"Cauliflower, cooked, boiled, drained, with salt"
6357,"Cauliflower, frozen, cooked, boiled, drained, with salt"
6358,"Chrysanthemum, garland, cooked, boiled, drained, with salt"
6359,"Collards, cooked, boiled, drained, with salt"
6360,"Collards, frozen, chopped, cooked, boiled, drained, with salt"
6361,"Corn, sweet, yellow, cooked, boiled, drained, with salt"
6362,"Cowpeas (blackeyes), immature seeds, cooked, boiled, drained, with salt"
6363,"Cowpeas (blackeyes), immature seeds, frozen, cooked, boiled, drained, with salt"
6364,"Cowpeas, young pods with seeds, cooked, boiled, drained, with salt"
6365,"Cowpeas, leafy tips, cooked, boiled, drained, with salt"
6366,"Gourd, dishcloth (towelgourd), cooked, boiled, drained, with salt"
6367,"Drumstick leaves, cooked, boiled, drained, with salt"
6368,"Drumstick pods, cooked, boiled, drained, with salt"
6369,"Hyacinth-beans, immature seeds, cooked, boiled, drained, with salt"
6370,"Lambsquarters, cooked, boiled, drained, with salt"
6371,"Leeks, (bulb and lower leaf-portion), cooked, boiled, drained, with salt"
6372,"Lotus root, cooked, boiled, drained, with salt"
6373,"Mushrooms, white, cooked, boiled, drained, with salt"
6374,"Corn, sweet, white, raw"
6375,"Corn, sweet, white, cooked, boiled, drained, without salt"
6376,"Corn, sweet, white, cooked, boiled, drained, with salt"
6377,"Corn, sweet, white, canned, whole kernel, regular pack, solids and liquids"
6378,"Corn, sweet, white, canned, vacuum pack, regular pack"
6379,"Corn, sweet, white, canned, vacuum pack, no salt added"
6380,"Corn, sweet, white, frozen, kernels cut off cob, unprepared"
6381,"Corn, sweet, white, frozen, kernels cut off cob, boiled, drained, without salt"
6382,"Peppers, sweet, red, canned, solids and liquids"
6383,"Peppers, sweet, red, frozen, chopped, unprepared"
6384,"Peppers, sweet, red, frozen, chopped, boiled, drained, without salt"
6385,"Peppers, sweet, red, frozen, chopped, boiled, drained, with salt"
6386,"Peppers, sweet, red, sauteed"
6387,"Lentils, sprouted, cooked, stir-fried, with salt"
6388,"Mountain yam, hawaii, cooked, steamed, with salt"
6389,"Tree fern, cooked, with salt"
6390,"Potatoes, mashed, prepared from granules, without milk, whole milk and margarine"
6391,"Potatoes, mashed, home-prepared, whole milk and butter added"
6392,Catsup
6393,"Mushrooms, brown, italian, or crimini, exposed to ultraviolet light, raw"
6394,"Pickles, cucumber, dill or kosher dill"
6395,"Pimento, canned"
6396,"Pickle relish, hot dog"
6397,"Pickle relish, sweet"
6398,"Pickles, cucumber, sour, low sodium"
6399,"Pickles, cucumber, dill, reduced sodium"
6400,"Radicchio, raw"
6401,"Squash, zucchini, baby, raw"
6402,"Tomatillos, raw"
6403,"Tomatoes, sun-dried"
6404,"Carrots, baby, raw"
6405,"Hearts of palm, canned"
6406,"Peppers, hot chile, sun-dried"
6407,"Nopales, raw"
6408,"Cabbage, napa, cooked"
6409,"Lemon grass (citronella), raw"
6410,"Beans, fava, in pod, raw"
6411,"Grape leaves, raw"
6412,"Peppers, jalapeno, raw"
6413,"Peppers, chili, green, canned"
6414,"Peppers, hungarian, raw"
6415,"Peppers, pasilla, dried"
6416,"Mushrooms, oyster, raw"
6417,"Fungi, Cloud ears, dried"
6418,"Mushrooms, straw, canned, drained solids"
6419,"Wasabi, root, raw"
6420,"Fiddlehead ferns, frozen, unprepared"
6421,"Nuts, coconut meat, dried (desiccated), creamed"
6422,"Nuts, coconut meat, dried (desiccated), sweetened, shredded"
6423,"Seeds, sisymbrium sp. seeds, whole, dried"
6424,"Nuts, almond butter, plain, without salt added"
6425,"Nuts, chestnuts, japanese, boiled and steamed"
6426,"Nuts, chestnuts, japanese, roasted"
6427,"Seeds, lotus seeds, raw"
6428,"Nuts, almonds, honey roasted, unblanched"
6429,"Seeds, sunflower seed kernels, oil roasted, with salt added"
6430,"Seeds, sunflower seed kernels, toasted, with salt added"
6431,"Seeds, sunflower seed butter, with salt added (Includes foods for USDA's Food Distribution Program)"
6432,"Nuts, almonds, dry roasted, with salt added"
6433,"Nuts, cashew butter, plain, with salt added"
6434,"Nuts, macadamia nuts, dry roasted, with salt added"
6435,"Nuts, mixed nuts, dry roasted, with peanuts, with salt added"
6436,"Nuts, mixed nuts, oil roasted, with peanuts, with salt added"
6437,"Seeds, pumpkin and squash seeds, whole, roasted, with salt added"
6438,"Nuts, almonds, oil roasted, lightly salted"
6439,"Nuts, almond butter, plain, with salt added"
6440,"Seeds, sesame butter, tahini, type of kernels unspecified"
6441,"Beef, retail cuts, separable fat, raw"
6442,"Beef, retail cuts, separable fat, cooked"
6443,"Beef, brisket, whole, separable lean only, all grades, raw"
6444,"Beef, grass-fed, ground, raw"
6445,"Beef, flank, steak, separable lean only, trimmed to 0"" fat, choice, raw"
6446,"Beef, flank, steak, separable lean only, trimmed to 0"" fat, choice, cooked, braised"
6447,"Beef, flank, steak, separable lean only, trimmed to 0"" fat, choice, cooked, broiled"
6448,"Beef, rib, eye, small end (ribs 10-12), separable lean and fat, trimmed to 0"" fat, choice, raw"
6449,"Beef, rib, shortribs, separable lean and fat, choice, cooked, braised"
6450,"Beef, rib, shortribs, separable lean only, choice, raw"
6451,"Beef, rib, shortribs, separable lean only, choice, cooked, braised"
6452,"Beef, round, full cut, separable lean only, trimmed to 1/4"" fat, choice, cooked, broiled"
6453,"Beef, round, full cut, separable lean only, trimmed to 1/4"" fat, select, cooked, broiled"
6454,"Beef, short loin, porterhouse steak, separable lean only, trimmed to 1/8"" fat, choice, cooked, grilled"
6455,"Beef, short loin, t-bone steak, bone-in, separable lean only, trimmed to 1/8"" fat, choice, raw"
6456,"Beef, short loin, t-bone steak, bone-in, separable lean only, trimmed to 1/8"" fat, choice, cooked, grilled"
6457,"Beef, rib eye, small end (ribs 10-12), separable lean only, trimmed to 0"" fat, select, raw"
6458,"Beef, variety meats and by-products, brain, raw"
6459,"Beef, variety meats and by-products, brain, cooked, pan-fried"
6460,"Beef, variety meats and by-products, brain, cooked, simmered"
6461,"Beef, variety meats and by-products, heart, raw"
6462,"Beef, variety meats and by-products, liver, cooked, braised"
6463,"Beef, variety meats and by-products, liver, cooked, pan-fried"
6464,"Beef, variety meats and by-products, lungs, raw"
6465,"Beef, variety meats and by-products, lungs, cooked, braised"
6466,"Beef, variety meats and by-products, mechanically separated beef, raw"
6467,"Beef, loin, top loin steak, boneless, lip off, separable lean and fat, trimmed to 0"" fat, select, cooked, grilled"
6468,"Beef, loin, top loin steak, boneless, lip off, separable lean only, trimmed to 0"" fat, all grades, cooked, grilled"
6469,"Beef, top sirloin, steak, separable lean and fat, trimmed to 0"" fat, select, cooked, broiled"
6470,"Beef, top sirloin, steak, separable lean only, trimmed to 0"" fat, all grades, cooked, broiled"
6471,"Beef, top sirloin, steak, separable lean only, trimmed to 0"" fat, choice, cooked, broiled"
6472,"Beef, top sirloin, steak, separable lean only, trimmed to 0"" fat, select, cooked, broiled"
6473,"Beef, short loin, porterhouse steak, separable lean only,  trimmed to 1/8"" fat, all grades, cooked, grilled"
6474,"Beef, short loin, porterhouse steak, separable lean only, trimmed to 0"" fat, all grades, cooked, broiled"
6475,"Beef, short loin, porterhouse steak, separable lean only, trimmed to 0"" fat, choice, cooked, broiled"
6476,"Beef, short loin, porterhouse steak, separable lean only, trimmed to 1/8"" fat, select, raw"
6477,"Beef, short loin, porterhouse steak, separable lean only, trimmed to 1/8"" fat, select, cooked, grilled"
6478,"Beef, short loin, t-bone steak, bone-in, separable lean only, trimmed to 1/8"" fat, all grades, raw"
6479,"Beef, short loin, t-bone steak, bone-in, separable lean only, trimmed to 1/8"" fat, all grades, cooked, grilled"
6480,"Beef, short loin, t-bone steak, separable lean only, trimmed to 0"" fat, choice, cooked, broiled"
6481,"Beef, short loin, t-bone steak, bone-in, separable lean only, trimmed to 1/8"" fat, select, raw"
6482,"Beef, round, tip round, roast, separable lean and fat, trimmed to 0"" fat, choice, raw"
6483,"Beef, round, tip round, roast, separable lean and fat, trimmed to 0"" fat, select, raw"
6484,"Beef, rib, eye, small end (ribs 10- 12) separable lean only, trimmed to 0"" fat, select, cooked, broiled"
6485,"Beef, round, top round steak, boneless, separable lean only, trimmed to 0"" fat, all grades, cooked, grilled"
6486,"Beef, ground, 70% lean meat / 30% fat, patty cooked, pan-broiled"
6487,"Beef, ground, 70% lean meat / 30% fat, patty, cooked, broiled"
6488,"Beef, ground, 70% lean meat / 30% fat, raw"
6489,"Beef, chuck, under blade center steak, boneless, Denver Cut, separable lean only, trimmed to 0"" fat, select, raw"
6490,"Beef, shoulder top blade steak, boneless, separable lean only, trimmed to 0"" fat, all grades, cooked, grilled"
6491,"Beef, shoulder top blade steak, boneless, separable lean only, trimmed to 0"" fat, select, raw"
6492,"Beef, brisket, flat half, boneless separable lean only, trimmed to 0"" fat, all grades, raw"
6493,"Beef, brisket, flat half, boneless, separable lean only, trimmed to 0"" fat, choice, raw"
6494,"Beef, brisket, flat half, boneless, separable lean only, trimmed to 0"" fat, select, raw"
6495,"Beef, shoulder top blade steak, boneless, separable lean and fat, trimmed to 0"" fat, choice, cooked, grilled"
6496,"Beef, chuck eye roast, boneless, America's Beef Roast, separable lean and fat, trimmed to 0"" fat, all grades, raw"
6497,"Beef, chuck eye roast, boneless, America's Beef Roast, separable lean and fat, trimmed to 0"" fat, choice, raw"
6498,"Beef, chuck eye roast, boneless, America's Beef Roast, separable lean and fat, trimmed to 0"" fat, select, raw"
6499,"Beef, composite of trimmed retail cuts, separable lean and fat, trimmed to 1/8"" fat, select, cooked"
6500,"Beef, brisket, whole, separable lean and fat, trimmed to 1/8"" fat, all grades, raw"
6501,"Beef, brisket, whole, separable lean and fat, trimmed to 1/8"" fat, all grades, cooked, braised"
6502,"Beef, brisket, flat half, separable lean and fat, trimmed to 1/8"" fat, all grades, raw"
6503,"Beef, chuck, arm pot roast, separable lean and fat, trimmed to 1/8"" fat, all grades, cooked, braised"
6504,"Beef, chuck, arm pot roast, separable lean and fat, trimmed to 1/8"" fat, choice, raw"
6505,"Beef, chuck, arm pot roast, separable lean and fat, trimmed to 1/8"" fat, choice, cooked, braised"
6506,"Beef, chuck, arm pot roast, separable lean and fat, trimmed to 1/8"" fat, select, raw"
6507,"Beef, chuck, blade roast, separable lean and fat, trimmed to 1/8"" fat, choice, cooked, braised"
6508,"Beef, chuck, blade roast, separable lean and fat, trimmed to 1/8"" fat, select, raw"
6509,"Beef, chuck, blade roast, separable lean and fat, trimmed to 1/8"" fat, select, cooked, braised"
6510,"Beef, chuck eye roast, boneless, America's Beef Roast, separable lean only, trimmed to 0"" fat, all grades, cooked, roasted"
6511,"Beef, rib, whole (ribs 6-12), separable lean and fat, trimmed to 1/8"" fat, choice, raw"
6512,"Beef, rib, whole (ribs 6-12), separable lean and fat, trimmed to 1/8"" fat, choice, cooked, broiled"
6513,"Beef, rib, whole (ribs 6-12), separable lean and fat, trimmed to 1/8"" fat, choice, cooked, roasted"
6514,"Beef, rib, whole (ribs 6-12), separable lean and fat, trimmed to 1/8"" fat, select, raw"
6515,"Beef, rib, whole (ribs 6-12), separable lean and fat, trimmed to 1/8"" fat, prime, cooked, roasted"
6516,"Beef, rib, large end (ribs 6-9), separable lean and fat, trimmed to 1/8"" fat, all grades, raw"
6517,"Beef, rib, large end (ribs 6-9), separable lean and fat, trimmed to 1/8"" fat, all grades, cooked, broiled"
6518,"Beef, rib, large end (ribs 6-9), separable lean and fat, trimmed to 1/8"" fat, all grades, cooked, roasted"
6519,"Beef, rib, large end (ribs 6-9), separable lean and fat, trimmed to 1/8"" fat, select, cooked, broiled"
6520,"Beef, rib, large end (ribs 6-9), separable lean and fat, trimmed to 1/8"" fat, select, cooked, roasted"
6521,"Beef, rib, large end (ribs 6-9), separable lean and fat, trimmed to 1/8"" fat, prime, raw"
6522,"Beef, rib, large end (ribs 6-9), separable lean and fat, trimmed to 1/8"" fat, prime, cooked, broiled"
6523,"Beef, rib, large end (ribs 6-9), separable lean and fat, trimmed to 1/8"" fat, prime, cooked, roasted"
6524,"Beef, rib, small end (ribs 10-12), separable lean and fat, trimmed to 1/8"" fat, choice, cooked, broiled"
6525,"Beef, rib, small end (ribs 10-12), separable lean and fat, trimmed to 1/8"" fat, choice, cooked, roasted"
6526,"Beef, rib, small end (ribs 10-12), separable lean and fat, trimmed to 1/8"" fat, select, raw"
6527,"Beef, rib, small end (ribs 10-12), separable lean and fat, trimmed to 1/8"" fat, select, cooked, broiled"
6528,"Beef, shoulder top blade steak, boneless, separable lean and fat, trimmed to 0"" fat, select, cooked, grilled"
6529,"Beef, shoulder top blade steak, boneless, separable lean and fat, trimmed to 0"" fat, all grades, raw"
6530,"Beef, round, full cut, separable lean and fat, trimmed to 1/8"" fat, choice, raw"
6531,"Beef, round, full cut, separable lean and fat, trimmed to 1/8"" fat, choice, cooked, broiled"
6532,"Beef, round, bottom round, roast, separable lean and fat, trimmed to 1/8"" fat, all grades, cooked, roasted"
6533,"Beef, round, bottom round, steak, separable lean and fat, trimmed to 1/8"" fat, choice, raw"
6534,"Beef, round, bottom round, steak, separable lean and fat, trimmed to 1/8"" fat, choice, cooked, braised"
6535,"Beef, round, bottom round, roast, separable lean and fat, trimmed to 1/8"" fat, choice, cooked, roasted"
6536,"Beef, round, bottom round, steak, separable lean and fat, trimmed to 1/8"" fat, select, raw"
6537,"Beef, round, eye of round, roast, separable lean and fat, trimmed to 1/8"" fat, choice, raw"
6538,"Beef, round, eye of round, roast, separable lean and fat, trimmed to 1/8"" fat, choice, cooked, roasted"
6539,"Beef, round, eye of round, roast, separable lean and fat, trimmed to 1/8"" fat, select, raw"
6540,"Beef, round, eye of round, roast, separable lean and fat, trimmed to 1/8"" fat, select, cooked, roasted"
6541,"Beef, round, tip round, separable lean and fat, trimmed to 1/8"" fat, select, raw"
6542,"Beef, round, tip round, roast, separable lean and fat, trimmed to 1/8"" fat, select, cooked, roasted"
6543,"Beef, shoulder top blade steak, boneless, separable lean and fat, trimmed to 0"" fat, choice, raw"
6544,"Beef, round, top round, separable lean only, trimmed to 1/8"" fat, choice, cooked, pan-fried"
6545,"Beef, round, top round, separable lean and fat, trimmed to 1/8"" fat, choice, cooked, braised"
6546,"Beef, round, top round, steak, separable lean and fat, trimmed to 1/8"" fat, choice, cooked, broiled"
6547,"Beef, round, top round, separable lean and fat, trimmed to 1/8"" fat, choice, cooked, pan-fried"
6548,"Beef, round, top round, steak, separable lean and fat, trimmed to 1/8"" fat, select, raw"
6549,"Beef, round, top round, separable lean and fat, trimmed to 1/8"" fat, select, cooked, braised"
6550,"Beef, brisket, flat half, boneless, separable lean and fat, trimmed to 0"" fat, all grades, raw"
6551,"Beef, short loin, porterhouse steak, separable lean and fat, trimmed to 1/8"" fat, choice, raw"
6552,"Beef, short loin, porterhouse steak, separable lean and fat, trimmed to 1/8"" fat, choice, cooked, grilled"
6553,"Beef, short loin, t-bone steak, separable lean and fat, trimmed to 1/8"" fat, choice, raw"
6554,"Beef, short loin, top loin, steak, separable lean and fat, trimmed to 1/8"" fat, choice, cooked, grilled"
6555,"Beef, loin, top loin, separable lean and fat, trimmed to 1/8"" fat, select, raw"
6556,"Beef, loin, top loin, separable lean and fat, trimmed to 1/8"" fat, select, cooked, grilled"
6557,"Beef, short loin, top loin, steak, separable lean and fat, trimmed to 1/8"" fat, prime, raw"
6558,"Beef, tenderloin, steak, separable lean and fat, trimmed to 1/8"" fat, choice, cooked, broiled"
6559,"Beef, tenderloin, roast, separable lean and fat, trimmed to 1/8"" fat, choice, cooked, roasted"
6560,"Beef, tenderloin, steak, separable lean and fat, trimmed to 1/8"" fat, select, raw"
6561,"Beef, tenderloin, steak, separable lean and fat, trimmed to 1/8"" fat, select, cooked, broiled"
6562,"Beef, top sirloin, steak, separable lean and fat, trimmed to 1/8"" fat, all grades, raw"
6563,"Beef, top sirloin, steak, separable lean and fat, trimmed to 1/8"" fat, all grades, cooked, broiled"
6564,"Beef, top sirloin, steak, separable lean and fat, trimmed to 1/8"" fat, choice, raw"
6565,"Beef, top sirloin, steak, separable lean and fat, trimmed to 1/8"" fat, choice, cooked, broiled"
6566,"Beef, chuck, clod roast, separable lean only, trimmed to 0"" fat, select, cooked, roasted"
6567,"Beef, shoulder steak, boneless, separable lean only, trimmed to 0"" fat, choice, cooked, grilled"
6568,"Beef, shoulder steak, boneless, separable lean only, trimmed to 0"" fat, select, cooked, grilled"
6569,"Beef, flank, steak, separable lean and fat, trimmed to 0"" fat, all grades, cooked, broiled"
6570,"Beef, bottom sirloin, tri-tip roast, separable lean and fat, trimmed to 0"" fat, all grades, raw"
6571,"Beef, bottom sirloin, tri-tip roast, separable lean and fat, trimmed to 0"" fat, choice, cooked, roasted"
6572,"Beef, bottom sirloin, tri-tip roast, separable lean and fat, trimmed to 0"" fat, choice, raw"
6573,"Beef, bottom sirloin, tri-tip roast, separable lean and fat, trimmed to 0"" fat, select, cooked, roasted"
6574,"Beef, chuck, top blade, separable lean only, trimmed to 0"" fat, choice, cooked, broiled"
6575,"Beef, chuck, top blade, separable lean only, trimmed to 0"" fat, select, cooked, broiled"
6576,"Beef, round, top round steak, boneless, separable lean and fat, trimmed to 0"" fat, choice, cooked, grilled"
6577,"Beef, round, top round steak, boneless, separable lean and fat, trimmed to 0"" fat, select, cooked, grilled"
6578,"Beef, chuck eye roast, boneless, America's Beef Roast, separable lean only, trimmed to 0"" fat, select, raw"
6579,"Beef, brisket, flat half, boneless, separable lean and fat, trimmed to 0"" fat, choice, raw"
6580,"Beef, plate, inside skirt steak, separable lean only, trimmed to 0"" fat, all grades, cooked, broiled"
6581,"Beef, plate, outside skirt steak, separable lean only, trimmed to 0"" fat, all grades, cooked, broiled"
6582,"Alcoholic beverage, beer, regular, all"
6583,"Alcoholic beverage, beer, regular, BUDWEISER"
6584,"Alcoholic beverage, beer, light, BUDWEISER SELECT"
6585,"Alcoholic beverage, beer, light"
6586,"Alcoholic beverage, pina colada, canned"
6587,"Beverages, almond milk, sweetened, vanilla flavor, ready-to-drink"
6588,"Alcoholic beverage, pina colada, prepared-from-recipe"
6589,"Alcoholic beverage, tequila sunrise, canned"
6590,"Candies, milk chocolate, with almonds"
6591,"Candies, milk chocolate, with rice cereal"
6592,"Candies, MARS SNACKFOOD US, MILKY WAY Bar"
6593,"Candies, HERSHEY'S SKOR Toffee Bar"
6594,"Toppings, strawberry"
6595,"Candies, MOUNDS Candy Bar"
6596,"Candies, MR. GOODBAR Chocolate Bar"
6597,"Candies, NESTLE, 100 GRAND Bar"
6598,"Candies, NESTLE, CRUNCH Bar and Dessert Topping"
6599,"Candies, REESE'S Peanut Butter Cups"
6600,"Candies, REESE'S PIECES Candy"
6601,"Candies, ROLO Caramels in Milk Chocolate"
6602,"Candies, NESTLE, AFTER EIGHT Mints"
6603,"Candies, MARS SNACKFOOD US, 3 MUSKETEERS Bar"
6604,"Candies, MARS SNACKFOOD US, TWIX Caramel Cookie Bars"
6605,"Candies, MARS SNACKFOOD US, TWIX Peanut Butter Cookie Bars"
6606,"Candies, WHATCHAMACALLIT Candy Bar"
6607,Chewing gum
6608,"Egg custards, dry mix"
6609,"Egg custards, dry mix, prepared with whole milk"
6610,"Cocoa, dry powder, unsweetened, HERSHEY'S European Style Cocoa"
6611,"Gelatin desserts, dry mix"
6612,"Candies, YORK BITES"
6613,"Desserts, mousse, chocolate, prepared-from-recipe"
6614,"Puddings, chocolate, ready-to-eat"
6615,"Puddings, chocolate, dry mix, instant"
6616,"Puddings, chocolate, dry mix, regular, prepared with 2% milk"
6617,"Puddings, coconut cream, dry mix, instant, prepared with 2% milk"
6618,"Puddings, rice, ready-to-eat"
6619,"Puddings, rice, dry mix"
6620,"Puddings, vanilla, dry mix, instant"
6621,"Puddings, vanilla, dry mix, instant, prepared with whole milk"
6622,"Puddings, lemon, dry mix, instant, prepared with 2% milk"
6623,"Egg custards, dry mix, prepared with 2% milk"
6624,"Puddings, vanilla, dry mix, regular, prepared with 2% milk"
6625,"Rennin, chocolate, dry mix, prepared with 2% milk"
6626,"Rennin, vanilla, dry mix, prepared with 2% milk"
6627,"Candies, praline, prepared-from-recipe"
6628,"Desserts, rennin, vanilla, dry mix"
6629,"Rennin, vanilla, dry mix, prepared with whole milk"
6630,"Desserts, rennin, tablets, unsweetened"
6631,"Frostings, chocolate, creamy, ready-to-eat"
6632,"Flan, caramel custard, dry mix, prepared with whole milk"
6633,"Puddings, vanilla, ready-to-eat, fat free"
6634,"Puddings, tapioca, ready-to-eat, fat free"
6635,"Puddings, chocolate, ready-to-eat, fat free"
6636,"Frostings, chocolate, creamy, dry mix, prepared with butter"
6637,"Candies, HEATH BITES"
6638,"Frostings, vanilla, creamy, dry mix"
6639,"Frostings, white, fluffy, dry mix"
6640,"Candies, MARS SNACKFOOD US, DOVE Milk Chocolate"
6641,"Candies, MARS SNACKFOOD US, DOVE Dark Chocolate"
6642,"Candies, MARS SNACKFOOD US, MILKY WAY Caramels, milk chocolate covered"
6643,"Candies, MARS SNACKFOOD US, MILKY WAY Caramels. dark chocolate covered"
6644,"Snacks, GENERAL MILLS, BETTY CROCKER Fruit Roll Ups, berry flavored, with vitamin C"
6645,"Ice creams, chocolate"
6646,"Ice creams, strawberry"
6647,"Snacks, FARLEY CANDY, FARLEY Fruit Snacks, with vitamins A, C, and E"
6648,"Frozen novelties, ice type, italian, restaurant-prepared"
6649,"Frozen novelties, ice type, pop"
6650,"Candies, MARS SNACKFOOD US, M&M's Crispy Chocolate Candies"
6651,"Frozen yogurts, vanilla, soft-serve"
6652,"Fruit butters, apple"
6653,"Candies, fudge, chocolate marshmallow, with nuts, prepared-by-recipe"
6654,"Candies, MARS SNACKFOOD US, SNICKERS Almond bar"
6655,"Marmalade, orange"
6656,Molasses
6657,"Pectin, unsweetened, dry mix"
6658,"Pie fillings, apple, canned"
6659,"Candies, MARS SNACKFOOD US, STARBURST Fruit Chews, Tropical fruits"
6660,"Pie fillings, canned, cherry"
6661,"Puddings, banana, dry mix, regular, prepared with whole milk"
6662,"Puddings, coconut cream, dry mix, instant"
6663,"Puddings, coconut cream, dry mix, instant, prepared with whole milk"
6664,"Puddings, coconut cream, dry mix, regular"
6665,"Puddings, coconut cream, dry mix, regular, prepared with whole milk"
6666,"Puddings, lemon, dry mix, instant, prepared with whole milk"
6667,"Puddings, lemon, dry mix, regular"
6668,"Pudding, lemon, dry mix, regular, prepared with sugar, egg yolk and water"
6669,"Sugars, brown"
6670,"Syrups, chocolate, HERSHEY'S Genuine Chocolate Flavored Lite Syrup"
6671,"Syrups, chocolate, fudge-type"
6672,"Syrups, corn, dark"
6673,"Syrups, corn, light"
6674,"Syrups, table blends, pancake, with 2% maple"
6675,"Syrups, table blends, corn, refiner, and sugar"
6676,"Candies, MARS SNACKFOOD US, SKITTLES Wild Berry Bite Size Candies"
6677,"Toppings, butterscotch or caramel"
6678,"Candies, MARS SNACKFOOD US, SKITTLES Sours Original"
6679,"Candies, MARS SNACKFOOD US, SKITTLES Original Bite Size Candies"
6680,"Frostings, vanilla, creamy, dry mix, prepared with margarine"
6681,"Frostings, chocolate, creamy, dry mix, prepared with margarine"
6682,"Candies, divinity, prepared-from-recipe"
6683,"Frozen novelties, ice type, pineapple-coconut"
6684,"Frozen yogurts, chocolate, soft-serve"
6685,"Snacks, banana chips"
6686,"Snacks, beef sticks, smoked"
6687,"Snacks, pork skins, barbecue-flavor"
6688,"Frostings, glaze, chocolate, prepared-from-recipe, with butter, NFSMI Recipe No. C-32"
6689,"Snack, potato chips, made from dried potatoes, plain"
6690,"Snacks, potato sticks"
6691,"Snacks, rice cakes, brown rice, rye"
6692,"Snacks, sesame sticks, wheat-based, salted"
6693,"Snacks, corn cakes"
6694,"Snacks, tortilla chips, nacho-flavor, reduced fat"
6695,"Tortilla chips, low fat, baked without fat"
6696,"Cheese puffs and twists, corn based, baked, low fat"
6697,"Snacks, granola bar, fruit-filled, nonfat"
6698,"Snacks, KELLOGG, KELLOGG'S, NUTRI-GRAIN Cereal Bars, fruit"
6699,"Snacks, tortilla chips, low fat, made with olestra, nacho cheese"
6700,"Snacks, potato chips, made from dried potatoes, fat-free, made with olestra"
6701,"Snacks, taro chips"
6702,"Puddings, banana, dry mix, instant, with added oil"
6703,"Cornmeal, degermed, enriched, yellow"
6704,"Cornmeal, yellow, self-rising, bolted, plain, enriched"
6705,"Cornmeal, yellow, self-rising, bolted, with wheat flour added, enriched"
6706,"Cornmeal, yellow, self-rising, degermed, enriched"
6707,"Millet, cooked"
6708,"Oat bran, raw"
6709,"Oat bran, cooked"
6710,"Quinoa, uncooked"
6711,"Rice, brown, medium-grain, cooked (Includes foods for USDA's Food Distribution Program)"
6712,"Rice, brown, parboiled, dry, UNCLE BEN'S"
6713,"Rice, white, long-grain, regular, raw, enriched"
6714,"Rice, white, long-grain, regular, enriched, cooked"
6715,"Rice, white, medium-grain, raw, enriched"
6716,"Rice, white, medium-grain, enriched, cooked"
6717,"Rice, white, short-grain, enriched, uncooked"
6718,"Rice, white, short-grain, enriched, cooked"
6719,"Rice, white, glutinous, unenriched, uncooked"
6720,Rye grain
6721,"Rye flour, dark"
6722,"Rye flour, medium"
6723,"Rye flour, light"
6724,"Triticale flour, whole-grain"
6725,"Wheat, hard red spring"
6726,"Wheat, hard red winter"
6727,"Wheat, soft red winter"
6728,"Wheat germ, crude"
6729,"Wheat flour, whole-grain (Includes foods for USDA's Food Distribution Program)"
6730,"Wheat flour, white, all-purpose, enriched, bleached"
6731,"Wheat flour, white, all-purpose, self-rising, enriched"
6732,"Wheat flour, white, bread, enriched"
6733,"Wild rice, cooked"
6734,"Rice flour, brown"
6735,"Pasta, gluten-free, corn, dry"
6736,"Pasta, gluten-free, corn, cooked"
6737,"Pasta, homemade, made with egg, cooked"
6738,"Pasta, homemade, made without egg, cooked"
6739,"Macaroni, vegetable, enriched, dry"
6740,"Macaroni, vegetable, enriched, cooked"
6741,"Noodles, chinese, chow mein"
6742,"Noodles, japanese, soba, dry"
6743,"Noodles, japanese, soba, cooked"
6744,"Noodles, japanese, somen, dry"
6745,"Noodles, japanese, somen, cooked"
6746,"Pasta, whole-wheat, cooked (Includes foods for USDA's Food Distribution Program)"
6747,"Spaghetti, spinach, dry"
6748,"Spaghetti, spinach, cooked"
6749,"Wheat flours, bread, unenriched"
6750,"Rice noodles, cooked"
6751,"Pasta, whole grain, 51% whole wheat, remaining unenriched semolina, dry"
6752,"Pasta, whole grain, 51% whole wheat, remaining unenriched semolina, cooked"
6753,"Quinoa, cooked"
6754,"Teff, cooked"
6755,"Noodles, egg, cooked, enriched, with added salt"
6756,"Corn grain, white"
6757,"Corn flour, whole-grain, blue (harina de maiz morado)"
6758,"Cornmeal, degermed, enriched, white"
6759,"Cornmeal, white, self-rising, bolted, plain, enriched"
6760,"Cornmeal, white, self-rising, bolted, with wheat flour added, enriched"
6761,"Cornmeal, white, self-rising, degermed, enriched"
6762,"Noodles, egg, unenriched, cooked, without added salt"
6763,"Pasta, dry, unenriched"
6764,"Pasta, cooked, unenriched, without added salt"
6765,"Cornmeal, degermed, unenriched, yellow"
6766,"Rice, white, medium-grain, cooked, unenriched"
6767,"Rice, white, short-grain, raw, unenriched"
6768,"Rice, white, short-grain, cooked, unenriched"
6769,"Semolina, unenriched"
6770,"Spaghetti, protein-fortified, cooked, enriched (n x 6.25)"
6771,"Rice, white, long-grain, regular, cooked, unenriched, with salt"
6772,"Wheat flour, white, all-purpose, enriched, unbleached"
6773,"Spaghetti, protein-fortified, dry, enriched (n x 6.25)"
6774,"Wheat flour, white (industrial), 10% protein, unbleached, enriched"
6775,"Wheat flour, white (industrial), 11.5% protein, bleached, enriched"
6776,"Wheat flour, white (industrial), 11.5% protein, bleached, unenriched"
6777,"Wheat flour, white (industrial), 11.5% protein, unbleached, enriched"
6778,"Wheat flour, white (industrial), 13% protein, bleached, enriched"
6779,"Sorghum flour, whole-grain"
6780,"Wheat flour, whole-grain, soft wheat"
6781,"Potatoes, yellow fleshed, hash brown, shredded, salt added in processing, frozen, unprepared"
6782,"Potatoes, french fried, wedge cut, frozen, unprepared"
6783,"Potatoes, french fried, steak cut, salt not added in processing, frozen, unprepared"
6784,"Potatoes, french fried, cross cut, frozen, unprepared"
6785,"Rice and vermicelli mix, beef flavor, unprepared"
6786,"Rice and vermicelli mix, beef flavor, prepared with 80% margarine"
6787,"Rice and vermicelli mix, rice pilaf flavor, unprepared"
6788,"Rice and vermicelli mix, rice pilaf flavor, prepared with 80% margarine"
6789,"Pasta mix, classic cheeseburger macaroni, unprepared"
6790,"Pasta mix, classic beef, unprepared"
6791,"Pasta mix, Italian lasagna, unprepared"
6792,"Yellow rice with seasoning, dry packet mix, unprepared"
6793,"Pizza rolls, frozen, unprepared"
6794,"Pasta mix, Italian four cheese lasagna, unprepared"
6795,"Spanish rice mix, dry mix, unprepared"
6796,"Lasagna, cheese, frozen, unprepared"
6797,"Chicken, thighs, frozen, breaded, reheated"
6798,"Turnover, meat- and cheese-filled, tomato-based sauce, reduced fat, frozen"
6799,"Turnover, filled with egg, meat and cheese, frozen"
6800,"Rice mix, white and wild, flavored, unprepared"
6801,"Salisbury steak with gravy, frozen"
6802,"Infant Formula, MEAD JOHNSON, ENFAMIL, Newborn, with ARA and DHA, powder"
6803,"Infant Formula, MEAD JOHNSON, ENFAMIL, Premium LIPIL, Infant, powder"
6804,"Infant Formula, MEAD JOHNSON, ENFAMIL, Premium LIPIL, Infant, Liquid concentrate, not reconstituted"
6805,"Infant Formula, MEAD JOHNSON, ENFAMIL, Premium, Infant, Liquid concentrate, not reconstituted"
6806,"Infant formula, MEAD JOHNSON, ENFAMIL, ENFAGROW, GENTLEASE, Toddler transitions, with ARA and DHA, powder"
6807,"Infant formula, ABBOTT NUTRITION, SIMILAC, GO AND GROW, powder, with ARA and DHA"
6808,"Infant formula, GERBER, GOOD START 2 SOY, with iron, powder"
6809,"Infant formula, MEAD JOHNSON, ENFAMIL, NUTRAMIGEN, PurAmino, powder, not reconstituted"
6810,"Infant formula, MEAD JOHNSON, ENFAMIL, Premature, 20 calories ready-to-feed Low iron"
6811,"Babyfood, rice cereal, dry, EARTHS BEST ORGANIC WHOLE GRAIN, fortified only with iron"
6812,"Agutuk, fish/berry with seal oil (Alaskan ice cream) (Alaska Native)"
6813,"Agutuk, meat-caribou (Alaskan ice cream) (Alaska Native)"
6814,Ascidians (tunughnak) (Alaska Native)
6815,"Whale, beluga, flipper, raw (Alaska Native)"
6816,"Whale, beluga, liver, raw (Alaska Native)"
6817,"Oil, beluga, whale (Alaska Native)"
6818,"Blackberries, wild, raw (Alaska Native)"
6819,"Caribou, liver, raw (Alaska Native)"
6820,"Stew/soup, caribou (Alaska Native)"
6821,"Caribou, tongue, raw (Alaska Native)"
6822,"Chiton, leathery, gumboots (Alaska Native)"
6823,"Fish, devilfish, meat (Alaska Native)"
6824,"Fireweed, young leaves, raw (Alaska Native)"
6825,"Fish, herring eggs on giant kelp, Pacific (Alaska Native)"
6826,"Fish, herring eggs, Pacific, dry (Alaska Native)"
6827,"Stew, moose (Alaska Native)"
6828,"Agave, cooked (Southwest)"
6829,"Agave, dried (Southwest)"
6830,"Cattail, Narrow Leaf Shoots (Northern Plains Indians)"
6831,"Lambsquarters, raw (Northern Plains Indians)"
6832,"Prairie Turnips, boiled (Northern Plains Indians)"
6833,"Raspberries, wild (Northern Plains Indians)"
6834,"Rose Hips, wild (Northern Plains Indians)"
6835,"Chokecherries, raw, pitted (Northern Plains Indians)"
6836,"Sea lion, Steller, liver (Alaska Native)"
6837,"Sea lion, Steller, kidney (Alaska Native)"
6838,"Sea lion, Steller, heart (Alaska Native)"
6839,"Sea lion, Steller, meat (Alaska Native)"
6840,"Piki bread, made from blue cornmeal (Hopi)"
6841,"Wocas, tuber, cooked, Oregon, yellow pond lily (Klamath)"
6842,"Stew, pinto bean and hominy, badufsuki (Hopi)"
6843,"Tamales, masa and pork filling (Hopi)"
6844,"APPLEBEE'S, Double Crunch Shrimp"
6845,"APPLEBEE'S, french fries"
6846,"APPLEBEE'S, KRAFT, Macaroni & Cheese, from kid's menu"
6847,"APPLEBEE'S, mozzarella sticks"
6848,"APPLEBEE'S, chicken tenders, from kids' menu"
6849,"T.G.I. FRIDAY'S, chicken fingers, from kids' menu"
6850,"T.G.I. FRIDAY'S, classic sirloin steak (10 oz)"
6851,"Restaurant, family style, fried mozzarella sticks"
6852,"Restaurant, family style, sirloin steak"
6853,"APPLEBEE'S, fish, hand battered"
6854,"APPLEBEE'S, chili"
6855,"T.G.I. FRIDAY'S, chicken fingers"
6856,"APPLEBEE'S, coleslaw"
6857,"CRACKER BARREL, onion rings, thick-cut"
6858,"DENNY'S, chicken strips"
6859,"DENNY'S, coleslaw"
6860,"DENNY'S, fish fillet, battered or breaded, fried"
6861,"DENNY'S, hash browns"
6862,"Restaurant, family style, coleslaw"
6863,"Restaurant, family style, onion rings"
6864,"Restaurant, family style, chili with meat and beans"
6865,"Restaurant, family style, spaghetti and meatballs"
6866,"CARRABBA'S ITALIAN GRILL, lasagne"
6867,"ON THE BORDER, Mexican rice"
6868,"ON THE BORDER, refried beans"
6869,"Restaurant, Italian, spaghetti with pomodoro sauce (no meat)"
6870,"ON THE BORDER, cheese quesadilla"
6871,"Restaurant, Mexican, cheese quesadilla"
6872,"CARRABBA'S ITALIAN GRILL, cheese ravioli with marinara sauce"
6873,"OLIVE GARDEN, cheese ravioli with marinara sauce"
6874,"Restaurant, Italian, cheese ravioli with marinara sauce"
6875,"Cereals ready-to-eat, frosted oat cereal with marshmallows"
6876,"Cereals ready-to-eat, WEETABIX whole grain cereal"
6877,"Cereals ready-to-eat, POST, GREAT GRAINS, Raisin, Date & Pecan"
6878,"Babyfood, juice, apple-sweet potato"
6879,"Babyfood, juice, orange-carrot"
6880,"Beverages, Orange juice drink"
6881,"Gums, seed gums (includes locust bean, guar)"
6882,"Snacks, potato chips, white, restructured, baked"
6883,"Babyfood, baked product, finger snacks cereal fortified"
6884,"Babyfood, cereal, brown rice, dry, instant"
6885,"Babyfood, green beans and turkey, strained"
6886,"Cheese, muenster, low fat"
6887,"Cheese, mozzarella, nonfat"
6888,"Margarine-like, butter-margarine blend, 80% fat, stick, without salt"
6889,"Margarine-like, vegetable oil-butter spread, reduced calorie, tub, with salt"
6890,"Babyfood, dinner, chicken and rice"
6891,"Salad dressing, caesar dressing, regular"
6892,"Salad dressing, coleslaw"
6893,"Salad dressing, green goddess, regular"
6894,"Jams and preserves, no sugar (with sodium saccharin), any flavor"
6895,"Candies, chocolate covered, caramel with nuts"
6896,"Candies, nougat, with almonds"
6897,"Candies, gum drops, no sugar or low calorie (sorbitol)"
6898,"Pie fillings, cherry, low calorie"
6899,"Breakfast bars, oats, sugar, raisins, coconut (include granola bar)"
6900,"Pretzels, soft"
6901,"Beans, chili, barbecue, ranch style, cooked"
6902,"Luncheon slices, meatless"
6903,"Meatballs, meatless"
6904,Vegetarian fillets
6905,"Sandwich spread, meatless"
6906,"Alcoholic beverage, wine, cooking"
6907,"Alcoholic beverage, wine, light"
6908,"Sweeteners, tabletop, saccharin (sodium saccharin)"
6909,"Beverage, instant breakfast powder, chocolate, not reconstituted"
6910,"Tomato sauce, canned, no salt added"
6911,"Cereals ready-to-eat, ALPEN"
6912,"Cereals ready-to-eat, FAMILIA"
6913,"Cereals ready-to-eat, wheat and bran, presweetened with nuts and fruits"
6914,"Cheese, cottage, with vegetables"
6915,"Cheese, cream, low fat"
6916,"Cheese, pasteurized process, American, low fat"
6917,"Cheese spread, cream cheese base"
6918,"Pork, oriental style, dehydrated"
6919,"Soybean, curd cheese"
6920,"Potatoes, canned, drained solids, no salt added"
6921,"Vegetables, mixed (corn, lima beans, peas, green beans, carrots) canned, no salt added"
6922,"Litchis, raw"
6923,"Litchis, dried"
6924,"Loganberries, frozen"
6925,"Longans, raw"
6926,"Mangosteen, canned, syrup pack"
6927,"Mango, dried, sweetened"
6928,"Melons, cantaloupe, raw"
6929,"Melons, casaba, raw"
6930,"Olives, ripe, canned (small-extra large)"
6931,"Olives, ripe, canned (jumbo-super colossal)"
6932,"Olives, pickled, canned or bottled, green"
6933,"Oranges, raw, all commercial varieties"
6934,"Orange juice, raw (Includes foods for USDA's Food Distribution Program)"
6935,"Orange juice, canned, unsweetened"
6936,"Orange juice, chilled, includes from concentrate"
6937,"Orange juice, chilled, includes from concentrate, with added calcium and vitamin D"
6938,"Orange juice, frozen concentrate, unsweetened, diluted with 3 volume water"
6939,"Orange peel, raw"
6940,"Orange-grapefruit juice, canned or bottled, unsweetened"
6941,"Tangerines, (mandarin oranges), raw"
6942,"Tangerines, (mandarin oranges), canned, juice pack"
6943,"Papaya nectar, canned"
6944,"Passion-fruit, (granadilla), purple, raw"
6945,"Passion-fruit juice, purple, raw"
6946,"Passion-fruit juice, yellow, raw"
6947,"Peaches, canned, light syrup pack, solids and liquids"
6948,"Peaches, canned, heavy syrup pack, solids and liquids"
6949,"Peaches, canned, extra heavy syrup pack, solids and liquids"
6950,"Peaches, spiced, canned, heavy syrup pack, solids and liquids"
6951,"Peaches, dried, sulfured, stewed, with added sugar"
6952,"Peaches, frozen, sliced, sweetened"
6953,"Peach nectar, canned, with sucralose, without added ascorbic acid"
6954,"Pears, raw"
6955,"Pears, canned, water pack, solids and liquids"
6956,"Pears, canned, extra heavy syrup pack, solids and liquids"
6957,"Pears, dried, sulfured, uncooked"
6958,"Pears, dried, sulfured, stewed, without added sugar"
6959,"Pears, dried, sulfured, stewed, with added sugar"
6960,"Pineapple, raw, all varieties"
6961,"Pineapple, canned, water pack, solids and liquids"
6962,"Pineapple, canned, juice pack, solids and liquids"
6963,"Pineapple, canned, light syrup pack, solids and liquids"
6964,"Pineapple juice, frozen concentrate, unsweetened, diluted with 3 volume water"
6965,"Pitanga, (surinam-cherry), raw"
6966,"Plantains, yellow, raw"
6967,"Plantains, yellow, baked"
6968,"Plums, canned, purple, heavy syrup pack, solids and liquids"
6969,"Plums, canned, purple, extra heavy syrup pack, solids and liquids"
6970,"Pomegranates, raw"
6971,"Lima beans, immature seeds, cooked, boiled, drained, without salt"
6972,"Lima beans, immature seeds, canned, regular pack, solids and liquids"
6973,"Mung beans, mature seeds, sprouted, cooked, boiled, drained, without salt"
6974,"Mung beans, mature seeds, sprouted, cooked, stir-fried"
6975,"Beans, navy, mature seeds, sprouted, raw"
6976,"Beans, navy, mature seeds, sprouted, cooked, boiled, drained, without salt"
6977,"Beans, snap, green, cooked, boiled, drained, without salt"
6978,"Beans, snap, green, canned, regular pack, solids and liquids"
6979,"Beans, snap, green, canned, regular pack, drained solids"
6980,"Beans, snap, canned, all styles, seasoned, solids and liquids"
6981,"Beets, raw"
6982,"Beets, cooked, boiled, drained"
6983,"Beets, canned, regular pack, solids and liquids"
6984,"Pork, cured, ham -- water added, whole, boneless, separable lean only, heated, roasted"
6985,"Pork, cured, ham -- water added, whole, boneless, separable lean only, unheated"
6986,"Pork, cured, ham and water product, shank, bone-in, separable lean only, heated, roasted"
6987,"Pork, cured, ham -- water added, slice, bone-in, separable lean only, unheated"
6988,"Pork, cured, ham and water product, rump, bone-in, separable lean only, unheated"
6989,"Pork, cured, ham and water product, slice, bone-in, separable lean only, unheated"
6990,"Pork, cured, ham and water product, shank, bone-in, unheated, separable lean only"
6991,"Pork, cured, ham, separable fat, boneless, heated"
6992,"Pork, cured, ham, separable fat, boneless, unheated"
6993,"Pork, pickled pork hocks"
6994,"Pork, cured, ham, slice, bone-in, separable lean only, heated, pan-broil"
6995,"Pork, cured, ham with natural juices, whole, boneless, separable lean and fat, unheated"
6996,"Pork, cured, ham and water product, whole, boneless, separable lean and fat, unheated"
6997,"Pork, cured, ham and water product, slice, bone-in, separable lean and fat, unheated"
6998,"Pork, cured, ham and water product, shank, bone-in, separable lean and fat, unheated"
6999,"Pork, cured, ham and water product, rump, bone-in, separable lean and fat, unheated"
7000,"Pork, cured, ham -- water added, rump, bone-in, separable lean and fat, heated, roasted"
7001,"Pork, cured, ham -- water added, shank, bone-in, separable lean and fat, heated, roasted"
7002,"Pork, cured, ham -- water added, slice, bone-in, separable lean and fat, heated, pan-broil"
7003,"Pork, cured, ham -- water added, slice, boneless, separable lean and fat, heated, pan-broil"
7004,"Pork, cured, ham and water product, slice, boneless, separable lean and fat, heated, pan-broil"
7005,"Pork, cured, ham and water product, whole, boneless, separable lean and fat, heated, roasted"
7006,"Pork, cured, ham with natural juices, rump, bone-in, separable lean and fat, heated, roasted"
7007,"Pork, cured, ham with natural juices, shank, bone-in, separable lean and fat, heated, roasted"
7008,"Pork, cured, ham with natural juices, slice, bone-in, separable lean and fat, heated, pan-broil"
7009,"Pork, cured, ham, rump, bone-in, separable lean only, heated, roasted"
7010,"Pork, cured, ham, rump, bone-in, separable lean only, unheated"
7011,"Pork, cured, ham, shank, bone-in, separable lean only, heated, roasted"
7012,"Pork, cured, ham, shank, bone-in, separable lean only, unheated"
7013,"Pork, cured, ham, slice, bone-in, separable lean and fat, unheated"
7014,"Pork, fresh, spareribs, separable lean and fat, cooked, roasted"
7015,"Pork, fresh, composite of separable fat, with added solution, raw"
7016,"Pork, fresh, loin, tenderloin, separable lean only, with added solution, cooked, roasted"
7017,"Pork, fresh, loin, top loin (chops), boneless, separable lean only, with added solution, raw"
7018,"Pork, fresh, loin, top loin (chops), boneless, separable lean and fat, with added solution, raw"
7019,"Pork, fresh, loin, top loin (chops), boneless, separable lean and fat, with added solution, cooked, broiled"
7020,"Pork, fresh, loin, tenderloin, separable lean and fat, with added solution, raw"
7021,"Pork, fresh, loin, tenderloin, separable lean and fat, with added solution, cooked, roasted"
7022,"Pork, Leg Cap Steak, boneless, separable lean and fat, raw"
7023,"Pork, Shoulder breast, boneless, separable lean and fat, raw"
7024,"Pork, Shoulder breast, boneless, separable lean and fat, cooked, broiled"
7025,"Pork, shoulder, petite tender, boneless, separable lean and fat, cooked, broiled"
7026,"Pork, ground, 96% lean / 4% fat, raw"
7027,"Pork, ground, 72% lean / 28% fat, cooked, crumbles"
7028,"Pork, ground, 84% lean / 16% fat, cooked, crumbles"
7029,"Pork, ground, 96% lean / 4% fat, cooked, crumbles"
7030,"Pork, fresh, loin, blade (chops or roasts), boneless, separable lean only, raw"
7031,"Pork, fresh, loin, blade (roasts), boneless, separable lean only, cooked, roasted"
7032,"Pork, fresh, loin, blade (chops), boneless, separable lean only, boneless, cooked, broiled"
7033,"Pork, fresh, loin, country-style ribs, separable lean only, boneless, cooked, broiled"
7034,"Pork, fresh, loin, blade (roasts), boneless, separable lean and fat, cooked, roasted"
7035,"Pork, fresh, loin, country-style ribs, separable lean and fat, boneless, cooked, broiled"
7036,"Pork, fresh, loin, country-style ribs, separable lean and fat, bone-in, cooked, broiled"
7037,"Pork, fresh, loin, country-style ribs, separable lean and fat, boneless, cooked, roasted"
7038,"Amaranth leaves, cooked, boiled, drained, without salt"
7039,"Arrowhead, raw"
7040,"Arrowhead, cooked, boiled, drained, without salt"
7041,"Artichokes, (globe or french), raw"
7042,"Asparagus, canned, regular pack, solids and liquids"
7043,"Asparagus, canned, drained solids"
7044,"Asparagus, frozen, unprepared"
7045,"Asparagus, frozen, cooked, boiled, drained, without salt"
7046,"Bamboo shoots, raw"
7047,"Bamboo shoots, cooked, boiled, drained, without salt"
7048,"Bamboo shoots, canned, drained solids"
7049,"Beans, kidney, mature seeds, sprouted, raw"
7050,"Corn, sweet, yellow, canned, whole kernel, drained solids"
7051,"Corn, sweet, yellow, canned, cream style, regular pack"
7052,"Corn, sweet, yellow, canned, vacuum pack, regular pack"
7053,"Corn, yellow, whole kernel, frozen, microwaved"
7054,"Corn with red and green peppers, canned, solids and liquids"
7055,"Cornsalad, raw"
7056,"Cowpeas (blackeyes), immature seeds, raw"
7057,"Cowpeas, young pods with seeds, cooked, boiled, drained, without salt"
7058,"Yardlong bean, raw"
7059,"Yardlong bean, cooked, boiled, drained, without salt"
7060,"Cowpeas, leafy tips, raw"
7061,"Cucumber, peeled, raw"
7062,"Dandelion greens, raw"
7063,"Dandelion greens, cooked, boiled, drained, without salt"
7064,"Eggplant, raw"
7065,"Eggplant, cooked, boiled, drained, without salt"
7066,"Garlic, raw"
7067,"Ginger root, raw"
7068,"Gourd, white-flowered (calabash), raw"
7069,"Gourd, white-flowered (calabash), cooked, boiled, drained, without salt"
7070,"Hyacinth-beans, immature seeds, raw"
7071,"Hyacinth-beans, immature seeds, cooked, boiled, drained, without salt"
7072,"Jerusalem-artichokes, raw"
7073,"Jew's ear, (pepeao), raw"
7074,"Kale, cooked, boiled, drained, without salt"
7075,"Kale, frozen, unprepared"
7076,"Kale, frozen, cooked, boiled, drained, without salt"
7077,"Kanpyo, (dried gourd strips)"
7078,"Mushrooms, shiitake, raw"
7079,"Mushrooms, portabella, grilled"
7080,"Lambsquarters, raw"
7081,"Lambsquarters, cooked, boiled, drained, without salt"
7082,"Leeks, (bulb and lower leaf-portion), raw"
7083,"Lettuce, cos or romaine, raw"
7084,"Lettuce, iceberg (includes crisphead types), raw"
7085,"Lettuce, green leaf, raw"
7086,"Lotus root, raw"
7087,"Mushrooms, white, raw"
7088,"Mushrooms, white, cooked, boiled, drained, without salt"
7089,"Mushrooms, white, stir-fried"
7090,"Mushrooms, canned, drained solids"
7091,"Mushrooms, portabella, raw"
7092,"Mustard greens, raw"
7093,"Mustard greens, cooked, boiled, drained, without salt"
7094,"Mustard greens, frozen, unprepared"
7095,"Mustard greens, frozen, cooked, boiled, drained, without salt"
7096,"Okra, raw"
7097,"Okra, cooked, boiled, drained, without salt"
7098,"Okra, frozen, unprepared"
7099,"Okra, frozen, cooked, boiled, drained, without salt"
7100,"Potatoes, french fried, all types, salt added in processing, frozen, home-prepared, oven heated"
7101,"Potatoes, french fried, cottage-cut, salt not added in processing, frozen, as purchased"
7102,"Potatoes, french fried, cottage-cut, salt not added in processing, frozen, oven-heated"
7103,"Potatoes, frozen, french fried, par fried, extruded, unprepared"
7104,"Potatoes, frozen, french fried, par fried, extruded, prepared, heated in oven, without salt"
7105,"Potato salad, home-prepared"
7106,"Pumpkin flowers, raw"
7107,"Pumpkin flowers, cooked, boiled, drained, without salt"
7108,"Pumpkin leaves, raw"
7109,"Pumpkin pie mix, canned"
7110,"Purslane, raw"
7111,"Purslane, cooked, boiled, drained, without salt"
7112,"Radishes, raw"
7113,"Salsify, (vegetable oyster), raw"
7114,"Salsify, cooked, boiled, drained, without salt"
7115,"Sauerkraut, canned, solids and liquids"
7116,"Seaweed, agar, raw"
7117,"Sesbania flower, cooked, steamed, without salt"
7118,"Soybeans, green, raw"
7119,"Soybeans, green, cooked, boiled, drained, without salt"
7120,"Soybeans, mature seeds, sprouted, raw"
7121,"Spinach, canned, regular pack, solids and liquids"
7122,"Spinach, canned, regular pack, drained solids"
7123,"Spinach, frozen, chopped or leaf, unprepared (Includes foods for USDA's Food Distribution Program)"
7124,"Spinach, frozen, chopped or leaf, cooked, boiled, drained, without salt"
7125,"Squash, summer, scallop, raw"
7126,"Squash, summer, scallop, cooked, boiled, drained, without salt"
7127,"Squash, summer, zucchini, includes skin, raw"
7128,"Squash, summer, zucchini, includes skin, cooked, boiled, drained, without salt"
7129,"Squash, winter, acorn, cooked, baked, without salt"
7130,"Squash, winter, acorn, cooked, boiled, mashed, without salt"
7131,"Squash, winter, butternut, raw"
7132,"Squash, winter, butternut, cooked, baked, without salt"
7133,"Squash, winter, hubbard, cooked, boiled, mashed, without salt"
7134,"Squash, winter, spaghetti, raw"
7135,"Squash, winter, spaghetti, cooked, boiled, drained, or baked, without salt"
7136,"Succotash, (corn and limas), raw"
7137,"Water convolvulus,raw"
7138,"Water convolvulus, cooked, boiled, drained, without salt"
7139,"Sweet potato leaves, raw"
7140,"Sweet potato leaves, cooked, steamed, without salt"
7141,"Sweet potato, canned, mashed"
7142,"Sweet potato, frozen, unprepared (Includes foods for USDA's Food Distribution Program)"
7143,"Sweet potato, frozen, cooked, baked, without salt"
7144,"Taro, raw"
7145,"Taro shoots, cooked, without salt"
7146,"Taro, tahitian, raw"
7147,"Artichokes, (globe or french), cooked, boiled, drained, with salt"
7148,"Artichokes, (globe or french), frozen, cooked, boiled, drained, with salt"
7149,"Asparagus, cooked, boiled, drained, with salt"
7150,"Asparagus, canned, no salt added, solids and liquids"
7151,"Beans, kidney, mature seeds, sprouted, cooked, boiled, drained, with salt"
7152,"Lima beans, immature seeds, cooked, boiled, drained, with salt"
7153,"Lima beans, immature seeds, canned, no salt added, solids and liquids"
7154,"Lima beans, immature seeds, frozen, baby, cooked, boiled, drained, with salt"
7155,"Beans, pinto, mature seeds, sprouted, cooked, boiled, drained, with salt"
7156,"Beans, snap, yellow, raw"
7157,"Beans, snap, green, cooked, boiled, drained, with salt"
7158,"Beans, snap, yellow, cooked, boiled, drained, without salt"
7159,"Beans, snap, yellow, cooked, boiled, drained, with salt"
7160,"Beans, snap, yellow, frozen, all styles, unprepared"
7161,"Beans, snap, green, frozen, cooked, boiled, drained, with salt"
7162,"Beans, snap, yellow, frozen, cooked, boiled, drained, without salt"
7163,"Beans, snap, yellow, frozen, cooked, boiled, drained, with salt"
7164,"Broadbeans, immature seeds, cooked, boiled, drained, with salt"
7165,"Broccoli, leaves, raw"
7166,"Broccoli, flower clusters, raw"
7167,"Broccoli, stalks, raw"
7168,"Brussels sprouts, frozen, cooked, boiled, drained, with salt"
7169,"Burdock root, cooked, boiled, drained, with salt"
7170,"Butterbur, cooked, boiled, drained, with salt"
7171,"Cabbage, common (danish, domestic, and pointed types), freshly harvest, raw"
7172,"Cabbage, common (danish, domestic, and pointed types), stored, raw"
7173,"Cabbage, chinese (pe-tsai), cooked, boiled, drained, with salt"
7174,"Cardoon, cooked, boiled, drained, with salt"
7175,"Carrots, cooked, boiled, drained, with salt"
7176,"Carrots, canned, no salt added, solids and liquids"
7177,"Celeriac, cooked, boiled, drained, with salt"
7178,"Celery, cooked, boiled, drained, with salt"
7179,"Chard, swiss, cooked, boiled, drained, with salt"
7180,"Chayote, fruit, cooked, boiled, drained, with salt"
7181,"Corn, sweet, yellow, canned, no salt added, solids and liquids (Includes foods for USDA's Food Distribution Program)"
7182,"Corn, sweet, yellow, canned, cream style, no salt added"
7183,"Corn, sweet, yellow, canned, vacuum pack, no salt added"
7184,"Corn, sweet, yellow, frozen, kernels, cut off cob, boiled, drained, with salt"
7185,"Corn, sweet, yellow, frozen, kernels on cob, cooked, boiled, drained, with salt"
7186,"Cress, garden, cooked, boiled, drained, with salt"
7187,"Dandelion greens, cooked, boiled, drained, with salt"
7188,"Eggplant, cooked, boiled, drained, with salt"
7189,"Gourd, white-flowered (calabash), cooked, boiled, drained, with salt"
7190,"Jute, potherb, cooked, boiled, drained, with salt"
7191,"Kale, cooked, boiled, drained, with salt"
7192,"Kale, frozen, cooked, boiled, drained, with salt"
7193,"Kohlrabi, cooked, boiled, drained, with salt"
7194,"Yambean (jicama), cooked, boiled, drained, with salt"
7195,"Yardlong bean, cooked, boiled, drained, with salt"
7196,"Corn, sweet, white, canned, whole kernel, no salt added, solids and liquids"
7197,"Corn, sweet, white, canned, whole kernel, drained solids"
7198,"Corn, sweet, white, canned, cream style, regular pack"
7199,"Corn, sweet, white, canned, cream style, no salt added"
7200,"Corn, sweet, white, frozen, kernels cut off cob, boiled, drained, with salt"
7201,"Corn, sweet, white, frozen, kernels on cob, unprepared"
7202,"Corn, sweet, white, frozen, kernels on cob, cooked, boiled, drained, without salt"
7203,"Corn, sweet, white, frozen, kernels on cob, cooked, boiled, drained, with salt"
7204,"Sesbania flower, cooked, steamed, with salt"
7205,"Soybeans, mature seeds, sprouted, cooked, steamed, with salt"
7206,"Soybeans, mature seeds, sprouted, cooked, stir-fried, with salt"
7207,"Dock, cooked, boiled, drained, with salt"
7208,"Potatoes, mashed, dehydrated, prepared from flakes without milk, whole milk and margarine added"
7209,"Peppers, sweet, red, freeze-dried"
7210,"Beans, snap, yellow, canned, regular pack, drained solids"
7211,"Beans, snap, yellow, canned, no salt added, drained solids"
7212,"Mushroom, white, exposed to ultraviolet light, raw"
7213,"Mushrooms, portabella, exposed to ultraviolet light, grilled"
7214,"Pickles, cucumber, sweet (includes bread and butter pickles)"
7215,"Pickles, cucumber, sour"
7216,"Pickles, cucumber, sweet, low sodium (includes bread and butter pickles)"
7217,"Catsup, low sodium"
7218,"Mushrooms, enoki, raw"
7219,"Peppers, sweet, yellow, raw"
7220,"Tomatoes, sun-dried, packed in oil, drained"
7221,"Fennel, bulb, raw"
7222,"Pickle relish, hamburger"
7223,"Arugula, raw"
7224,"Nopales, cooked, without salt"
7225,"Cauliflower, green, raw"
7226,"Cauliflower, green, cooked, no salt added"
7227,"Cauliflower, green, cooked, with salt"
7228,"Broccoli, chinese, cooked"
7229,"Grape leaves, canned"
7230,"Pepper, banana, raw"
7231,"Peppers, serrano, raw"
7232,"Peppers, ancho, dried"
7233,"Pickles, chowchow, with cauliflower onion mustard, sweet"
7234,"Epazote, raw"
7235,"Fireweed, leaves, raw"
7236,"Malabar spinach, cooked"
7237,"Yautia (tannier), raw"
7238,"Mushrooms, white, microwaved"
7239,"Mushrooms, maitake, raw"
7240,"Broccoli, chinese, raw"
7241,"Fiddlehead ferns, raw"
7242,"Seeds, sesame butter, tahini, from unroasted kernels (non-chemically removed seed coat)"
7243,"Seeds, watermelon seed kernels, dried"
7244,"Nuts, chestnuts, japanese, dried"
7245,"Nuts, coconut milk, frozen (liquid expressed from grated meat and water)"
7246,"Seeds, sesame butter, tahini, from raw and stone ground kernels"
7247,"Nuts, formulated, wheat-based, all flavors except macadamia, without salt"
7248,"Seeds, sesame seed kernels, dried (decorticated)"
7249,"Nuts, chestnuts, japanese, raw"
7250,"Seeds, flaxseed"
7251,"Seeds, pumpkin and squash seed kernels, roasted, with salt added"
7252,"Seeds, sesame seed kernels, toasted, with salt added (decorticated)"
7253,"Seeds, sunflower seed kernels from shell, dry roasted, with salt added"
7254,"Seeds, sunflower seed kernels, dry roasted, with salt added"
7255,"Nuts, almonds, oil roasted, with salt added"
7256,"Nuts, almonds, oil roasted, with salt added, smoke flavor"
7257,"Nuts, cashew nuts, dry roasted, with salt added"
7258,"Nuts, cashew nuts, oil roasted, with salt added"
7259,"Nuts, mixed nuts, oil roasted, without peanuts, with salt added"
7260,"Nuts, pecans, dry roasted, with salt added"
7261,"Nuts, pecans, oil roasted, with salt added"
7262,"Nuts, pistachio nuts, dry roasted, with salt added"
7263,"Nuts, mixed nuts, oil roasted, with peanuts, lightly salted"
7264,"Nuts, mixed nuts, oil roasted, without peanuts, lightly salted"
7265,"Beef, grass-fed, strip steaks, lean only, raw"
7266,"Beef, carcass, separable lean and fat, choice, raw"
7267,"Beef, carcass, separable lean and fat, select, raw"
7268,"Beef, brisket, flat half, separable lean and fat, trimmed to 1/8"" fat, select, cooked, braised"
7269,"Beef, flank, steak, separable lean and fat, trimmed to 0"" fat, choice, raw"
7270,"Beef, flank, steak, separable lean and fat, trimmed to 0"" fat, choice, cooked, braised"
7271,"Beef, flank, steak, separable lean and fat, trimmed to 0"" fat, choice, cooked, broiled"
7272,"Beef, rib, eye, small end (ribs 10-12), separable lean and fat, trimmed to 0"" fat, choice, cooked, broiled"
7273,"Beef, rib, eye, small end (ribs 10-12), separable lean only, trimmed to 0"" fat, choice, raw"
7274,"Beef, rib, eye, small end (ribs 10-12), separable lean only, trimmed to 0"" fat, choice, cooked, broiled"
7275,"Beef, rib, shortribs, separable lean and fat, choice, raw"
7276,"Beef, brisket, flat half, separable lean and fat, trimmed to 0"" fat, choice, cooked, braised"
7277,"Beef, shank crosscuts, separable lean only, trimmed to 1/4"" fat, choice, raw"
7278,"Beef, shank crosscuts, separable lean only, trimmed to 1/4"" fat, choice, cooked, simmered"
7279,"Beef, short loin, porterhouse steak, separable lean only, trimmed to 1/8"" fat, choice, raw"
7280,"Beef, chuck, under blade pot roast, boneless, separable lean only, trimmed to 0"" fat, all grades, cooked, braised"
7281,"Beef, chuck, under blade pot roast or steak, boneless, separable lean only, trimmed to 0"" fat, all grades, raw"
7282,"Beef, chuck, under blade pot roast or steak, boneless, separable lean only, trimmed to 0"" fat, choice, raw"
7283,"Beef, ground, patties, frozen, cooked, broiled"
7284,"Beef, variety meats and by-products, heart, cooked, simmered"
7285,"Beef, variety meats and by-products, kidneys, raw"
7286,"Beef, variety meats and by-products, kidneys, cooked, simmered"
7287,"Beef, variety meats and by-products, liver, raw"
7288,"Beef, variety meats and by-products, pancreas, raw"
7289,"Beef, variety meats and by-products, pancreas, cooked, braised"
7290,"Beef, variety meats and by-products, spleen, raw"
7291,"Beef, loin, top loin steak, boneless, lip off, separable lean only, trimmed to 0"" fat, choice, cooked, grilled"
7292,"Beef, loin, top loin steak, boneless, lip off, separable lean only, trimmed to 0"" fat, select, cooked, grilled"
7293,"Beef, top sirloin, steak, separable lean and fat, trimmed to 0"" fat, all grades, cooked, broiled"
7294,"Beef, top sirloin, steak, separable lean and fat, trimmed to 0"" fat, choice, cooked, broiled"
7295,"Beef, short loin, porterhouse steak, separable lean and fat, trimmed to 0"" fat, all grades, cooked, broiled"
7296,"Beef, short loin, porterhouse steak, separable lean and fat, trimmed to 0"" fat, USDA choice, cooked, broiled"
7297,"Beef, short loin, porterhouse steak, separable lean and fat, trimmed to 0"" fat, USDA select, cooked, broiled"
7298,"Beef, short loin, porterhouse steak, separable lean only, trimmed to 1/8"" fat, all grades, raw"
7299,"Beef, short loin, porterhouse steak, separable lean only, trimmed to 0"" fat, select, cooked, broiled"
7300,"Beef, short loin, t-bone steak, separable lean and fat, trimmed to 0"" fat, all grades, cooked, broiled"
7301,"Beef, short loin, t-bone steak, separable lean and fat, trimmed to 0"" fat, USDA choice, cooked, broiled"
7302,"Beef, short loin, t-bone steak, separable lean and fat, trimmed to 0"" fat, USDA select, cooked, broiled"
7303,"Beef, short loin, t-bone steak, bone-in, separable lean only, trimmed to 1/8"" fat, select, cooked, grilled"
7304,"Beef, short loin, t-bone steak, separable lean only, trimmed to 0"" fat, select, cooked, broiled"
7305,"Beef, brisket, flat half, separable lean only, trimmed to 0"" fat, select, cooked, braised"
7306,"Beef, round, tip round, roast, separable lean and fat, trimmed to 0"" fat, all grades, raw"
7307,"Beef, round, top round steak, boneless, separable lean only, trimmed to 0"" fat, choice, cooked, grilled"
7308,"Beef, round, top round steak, boneless, separable lean only, trimmed to 0"" fat, select, cooked, grilled"
7309,"Beef, ground, 70% lean meat / 30% fat, crumbles, cooked, pan-browned"
7310,"Beef, ground, 70% lean meat / 30% fat, loaf, cooked, baked"
7311,"Beef, shoulder top blade steak, boneless, separable lean only, trimmed to 0"" fat, choice, cooked, grilled"
7312,"Beef, shoulder top blade steak, boneless, separable lean only, trimmed to 0"" fat, select, cooked, grilled"
7313,"Beef, shoulder top blade steak, boneless, separable lean only, trimmed to 0"" fat, all grades, raw"
7314,"Beef, shoulder top blade steak, boneless, separable lean only, trimmed to 0"" fat, choice, raw"
7315,"Beef, shoulder top blade steak, boneless, separable lean and fat, trimmed to 0"" fat, all grades, cooked, grilled"
7316,"Beef, shoulder pot roast or steak, boneless, separable lean only, trimmed to 0"" fat, all grades, raw"
7317,"Beef, shoulder pot roast or steak, boneless, separable lean only, trimmed to 0"" fat, choice, raw"
7318,"Beef, shoulder pot roast or steak, boneless, separable lean only, trimmed to 0"" fat, select, raw"
7319,"Beef, composite of trimmed retail cuts, separable lean and fat, trimmed to 1/8"" fat, all grades, raw"
7320,"Beef, composite of trimmed retail cuts, separable lean and fat, trimmed to 1/8"" fat, all grades, cooked"
7321,"Beef, composite of trimmed retail cuts, separable lean and fat, trimmed to 1/8"" fat, choice, raw"
7322,"Beef, composite of trimmed retail cuts, separable lean and fat, trimmed to 1/8"" fat, choice, cooked"
7323,"Beef, composite of trimmed retail cuts, separable lean and fat, trimmed to 1/8"" fat, select, raw"
7324,"Beef, brisket, flat half, separable lean and fat, trimmed to 1/8"" fat, all grades, cooked, braised"
7325,"Beef, brisket, point half, separable lean and fat, trimmed to 1/8"" fat, all grades, raw"
7326,"Beef, brisket, point half, separable lean and fat, trimmed to 1/8"" fat, all grades, cooked, braised"
7327,"Beef, chuck, arm pot roast, separable lean and fat, trimmed to 1/8"" fat, all grades, raw"
7328,"Beef, chuck, arm pot roast, separable lean and fat, trimmed to 1/8"" fat, select, cooked, braised"
7329,"Beef, chuck, blade roast, separable lean and fat, trimmed to 1/8"" fat, all grades, raw"
7330,"Beef, chuck, blade roast, separable lean and fat, trimmed to 1/8"" fat, all grades, cooked, braised"
7331,"Beef, chuck, blade roast, separable lean and fat, trimmed to 1/8"" fat, choice, raw"
7332,"Beef, chuck eye roast, boneless, America's Beef Roast, separable lean only, trimmed to 0"" fat, choice, cooked, roasted"
7333,"Beef, chuck eye roast, boneless, America's Beef Roast, separable lean only, trimmed to 0"" fat, select, cooked, roasted"
7334,"Beef, rib, whole (ribs 6-12), separable lean and fat, trimmed to 1/8"" fat, all grades, raw"
7335,"Beef, rib, whole (ribs 6-12), separable lean and fat, trimmed to 1/8"" fat, all grades, cooked, broiled"
7336,"Beef, rib, whole (ribs 6-12), separable lean and fat, trimmed to 1/8"" fat, all grades, cooked, roasted"
7337,"Beef, rib, whole (ribs 6-12), separable lean and fat, trimmed to 1/8"" fat, select, cooked, broiled"
7338,"Beef, rib, whole (ribs 6-12), separable lean and fat, trimmed to 1/8"" fat, select, cooked, roasted"
7339,"Beef, rib, whole (ribs 6-12), separable lean and fat, trimmed to 1/8"" fat, prime, raw"
7340,"Beef, rib, whole (ribs 6-12), separable lean and fat, trimmed to 1/8"" fat, prime, cooked, broiled"
7341,"Beef, rib, large end (ribs 6-9), separable lean and fat, trimmed to 1/8"" fat, choice, raw"
7342,"Beef, rib, large end (ribs 6-9), separable lean and fat, trimmed to 1/8"" fat, choice, cooked, broiled"
7343,"Beef, rib, large end (ribs 6-9), separable lean and fat, trimmed to 1/8"" fat, choice, cooked, roasted"
7344,"Beef, rib, large end (ribs 6-9), separable lean and fat, trimmed to 1/8"" fat, select, raw"
7345,"Beef, rib, small end (ribs 10-12), separable lean and fat, trimmed to 1/8"" fat, all grades, raw"
7346,"Beef, rib, small end (ribs 10-12), separable lean and fat, trimmed to 1/8"" fat, all grades, cooked, broiled"
7347,"Beef, rib, small end (ribs 10-12), separable lean and fat, trimmed to 1/8"" fat, all grades, cooked, roasted"
7348,"Beef, rib, small end (ribs 10-12), separable lean and fat, trimmed to 1/8"" fat, choice, raw"
7349,"Beef, rib, small end (ribs 10-12), separable lean and fat, trimmed to 1/8"" fat, select, cooked, roasted"
7350,"Beef, rib, small end (ribs 10-12), separable lean and fat, trimmed to 1/8"" fat, prime, raw"
7351,"Beef, rib, small end (ribs 10-12), separable lean and fat, trimmed to 1/8"" fat, prime, cooked, broiled"
7352,"Beef, rib, small end (ribs 10-12), separable lean and fat, trimmed to 1/8"" fat, prime, cooked, roasted"
7353,"Beef, round, full cut, separable lean and fat, trimmed to 1/8"" fat, select, raw"
7354,"Beef, round, full cut, separable lean and fat, trimmed to 1/8"" fat, select, cooked, broiled"
7355,"Beef, round, bottom round, steak, separable lean and fat, trimmed to 1/8"" fat, all grades, raw"
7356,"Beef, round, bottom round, steak, separable lean and fat, trimmed to 1/8"" fat, all grades, cooked, braised"
7357,"Beef, round, bottom round, steak, separable lean and fat, trimmed to 1/8"" fat, select, cooked, braised"
7358,"Beef, round, bottom round, roast, separable lean and fat, trimmed to 1/8"" fat, select, cooked, roasted"
7359,"Beef, round, eye of round, roast, separable lean and fat, trimmed to 1/8"" fat, all grades, raw"
7360,"Beef, round, eye of round, roast, separable lean and fat, trimmed to 1/8"" fat, all grades, cooked, roasted"
7361,"Beef, round, tip round, separable lean and fat, trimmed to 1/8"" fat, all grades, raw"
7362,"Beef, round, tip round, roast, separable lean and fat, trimmed to 1/8"" fat, all grades, cooked, roasted"
7363,"Beef, round, tip round, separable lean and fat, trimmed to 1/8"" fat, choice, raw"
7364,"Beef, round, tip round, roast, separable lean and fat, trimmed to 1/8"" fat, choice, cooked, roasted"
7365,"Beef, round, top round, steak, separable lean and fat, trimmed to 1/8"" fat, all grades, raw"
7366,"Beef, round, top round, separable lean and fat, trimmed to 1/8"" fat, all grades, cooked, braised"
7367,"Beef, round, top round steak, separable lean and fat, trimmed to 1/8"" fat, all grades, cooked, broiled"
7368,"Beef, round, top round, steak, separable lean and fat, trimmed to 1/8"" fat, choice, raw"
7369,"Beef, round, top round, steak, separable lean and fat, trimmed to 1/8"" fat, select, cooked, broiled"
7370,"Beef, round, top round, separable lean and fat, trimmed to 1/8"" fat, prime, raw"
7371,"Beef, round, top round, steak, separable lean and fat, trimmed to 1/8"" fat, prime, cooked, broiled"
7372,"Beef, shoulder top blade steak, boneless, separable lean and fat, trimmed to 0"" fat, select, raw"
7373,"Beef, short loin, t-bone steak, separable lean and fat, trimmed to 1/8"" fat, choice, cooked, grilled"
7374,"Beef, short loin, top loin, steak, separable lean and fat, trimmed to 1/8"" fat, all grades, raw"
7375,"Beef, loin, top loin, separable lean and fat, trimmed to 1/8"" fat, all grades, cooked, grilled"
7376,"Beef, loin, top loin, separable lean and fat, trimmed to 1/8"" fat, choice, raw"
7377,"Beef, short loin, top loin, separable lean and fat, trimmed to 1/8"" fat, prime, cooked, broiled"
7378,"Beef, tenderloin, steak, separable lean and fat, trimmed to 1/8"" fat, all grades, raw"
7379,"Beef, tenderloin, steak, separable lean and fat, trimmed to 1/8"" fat, all grades, cooked, broiled"
7380,"Beef, tenderloin, roast, separable lean and fat, trimmed to 1/8"" fat, all grades, cooked, roasted"
7381,"Beef, tenderloin, steak, separable lean and fat, trimmed to 1/8"" fat, choice, raw"
7382,"Beef, tenderloin, roast, separable lean and fat, trimmed to 1/8"" fat, select, cooked, roasted"
7383,"Beef, tenderloin, separable lean and fat, trimmed to 1/8"" fat, prime, raw"
7384,"Beef, tenderloin, steak, separable lean and fat, trimmed to 1/8"" fat, prime, cooked, broiled"
7385,"Beef, tenderloin, roast, separable lean and fat, trimmed to 1/8"" fat, prime, cooked, roasted"
7386,"Beef, top sirloin, steak, separable lean and fat, trimmed to 1/8"" fat, choice, cooked, pan-fried"
7387,"Beef, top sirloin, steak, separable lean and fat, trimmed to 1/8"" fat, select, raw"
7388,"Beef, top sirloin, steak, separable lean and fat, trimmed to 1/8"" fat, select, cooked, broiled"
7389,"Beef, chuck, clod roast, separable lean only, trimmed to 0"" fat, choice, cooked, roasted"
7390,"Beef, flank, steak, separable lean and fat, trimmed to 0"" fat, select, cooked, broiled"
7391,"Beef, brisket, flat half, separable lean and fat, trimmed to 0"" fat, select, cooked, braised"
7392,"Beef, rib eye, small end (ribs 10-12), separable lean and fat, trimmed to 0"" fat, select, cooked, broiled"
7393,"Beef, rib eye, small end (ribs 10-12), separable lean and fat, trimmed to 0"" fat, all grades, cooked, broiled"
7394,"Beef, bottom sirloin, tri-tip roast, separable lean and fat, trimmed to 0"" fat, all grades, cooked, roasted"
7395,"Beef, bottom sirloin, tri-tip roast, separable lean and fat, trimmed to 0"" fat, select, raw"
7396,"Beef, round, top round steak, boneless, separable lean and fat, trimmed to 0"" fat, all grades, cooked, grilled"
7397,"Beef, chuck, mock tender steak, separable lean only, trimmed to 0"" fat, choice, cooked, broiled"
7398,"Beef, chuck, mock tender steak, separable lean only, trimmed to 0"" fat, select, cooked, broiled"
7399,"Beef, flank, steak, separable lean and fat, trimmed to 0"" fat, all grades, raw"
7400,"Beef, flank, steak, separable lean and fat, trimmed to 0"" fat, select, raw"
7401,"Beef, chuck eye roast, boneless, America's Beef Roast, separable lean only, trimmed to 0"" fat, all grades, raw"
7402,"Beef, chuck eye roast, boneless, America's Beef Roast, separable lean only, trimmed to 0"" fat, choice, raw"
7403,"Beef, chuck, short ribs, boneless, separable lean only, trimmed to 0"" fat, choice, cooked, braised"
7404,"Beef, chuck, short ribs, boneless, separable lean only, trimmed to 0"" fat, select, cooked, braised"
7405,"Beef, chuck, short ribs, boneless, separable lean only, trimmed to 0"" fat, all grades, cooked, braised"
7406,"Beef, brisket, flat half, boneless, separable lean and fat, trimmed to 0"" fat, select, raw"
7407,"Beef, loin, bottom sirloin butt, tri-tip roast, separable lean only, trimmed to 0"" fat, all grades, cooked, roasted"
7408,"Alcoholic beverage, beer, light, BUD LIGHT"
7409,"Alcoholic beverage, daiquiri, canned"
7410,"Alcoholic beverage, daiquiri, prepared-from-recipe"
7411,"Alcoholic beverage, beer, light, low carb"
7412,"Candies, milk chocolate coated raisins"
7413,"Syrups, table blends, pancake, reduced-calorie"
7414,"Syrups, table blends, pancake"
7415,"Candies, HERSHEY'S POT OF GOLD Almond Bar"
7416,"Candies, truffles, prepared-from-recipe"
7417,"Baking chocolate, MARS SNACKFOOD US, M&M's Semisweet Chocolate Mini Baking Bits"
7418,"Candies, MARS SNACKFOOD US, M&M's Peanut Chocolate Candies"
7419,"Candies, MARS SNACKFOOD US, M&M's Milk Chocolate Candies"
7420,"Baking chocolate, MARS SNACKFOOD US, M&M's Milk Chocolate Mini Baking Bits"
7421,"Candies, peanut bar"
7422,"Candies, peanut brittle, prepared-from-recipe"
7423,"Candies, NESTLE, RAISINETS Chocolate Covered Raisins"
7424,"Candies, sesame crunch"
7425,"Candies, MARS SNACKFOOD US, SNICKERS Bar"
7426,"Candies, MARS SNACKFOOD US, STARBURST Fruit Chews, Original fruits"
7427,"Candies, MARS SNACKFOOD US, M&M's MINIs Milk Chocolate Candies"
7428,"Candies, SPECIAL DARK Chocolate Bar"
7429,"Cocoa, dry powder, unsweetened"
7430,"Cocoa, dry powder, unsweetened, processed with alkali"
7431,"Desserts, egg custard, baked, prepared-from-recipe"
7432,"Gelatin desserts, dry mix, prepared with water"
7433,"Gelatin desserts, dry mix, reduced calorie, with aspartame"
7434,"Gelatin desserts, dry mix, reduced calorie, with aspartame, prepared with water"
7435,"Gelatins, dry powder, unsweetened"
7436,"Puddings, chocolate, dry mix, instant, prepared with whole milk"
7437,"Desserts, apple crisp, prepared-from-recipe"
7438,"Flan, caramel custard, dry mix"
7439,"Puddings, chocolate, dry mix, regular"
7440,"Puddings, chocolate, dry mix, regular, prepared with whole milk"
7441,"Puddings, rice, dry mix, prepared with whole milk"
7442,"Puddings, tapioca, dry mix"
7443,"Puddings, tapioca, dry mix, prepared with whole milk"
7444,"Puddings, vanilla, ready-to-eat"
7445,"Puddings, vanilla, dry mix, regular"
7446,"Puddings, vanilla, dry mix, regular, prepared with whole milk"
7447,"Puddings, rice, dry mix, prepared with 2% milk"
7448,"Puddings, tapioca, dry mix, prepared with 2% milk"
7449,"Frozen novelties, ice type, fruit, no sugar added"
7450,"Puddings, tapioca, ready-to-eat"
7451,"Puddings, coconut cream, dry mix, regular, prepared with 2% milk"
7452,"Desserts, rennin, chocolate, dry mix"
7453,"Rennin, chocolate, dry mix, prepared with whole milk"
7454,"Frostings, coconut-nut, ready-to-eat"
7455,"Frostings, cream cheese-flavor, ready-to-eat"
7456,"Frostings, vanilla, creamy, ready-to-eat"
7457,"Flan, caramel custard, dry mix, prepared with 2% milk"
7458,"Candies, HERSHEY'S MILK CHOCOLATE WITH ALMOND BITES"
7459,"Candies, REESE'S BITES"
7460,"Candies, REESE'S NUTRAGEOUS Candy Bar"
7461,"Frostings, chocolate, creamy, dry mix"
7462,"Frostings, white, fluffy, dry mix, prepared with water"
7463,"Candies, HERSHEY'S, ALMOND JOY BITES"
7464,"Candies, HERSHEY, REESESTICKS crispy wafers, peanut butter, milk chocolate"
7465,"Candies, HERSHEY, KIT KAT BIG KAT Bar"
7466,"Candies, REESE'S, FAST BREAK, milk chocolate peanut butter and soft nougats"
7467,"Ice creams, vanilla, light, no sugar added"
7468,"Frozen novelties, fruit and juice bars"
7469,"Ice creams, chocolate, light, no sugar added"
7470,"Candies, dark chocolate coated coffee beans"
7471,"Snacks, SUNKIST, SUNKIST Fruit Roll, strawberry, with vitamins A, C, and E"
7472,"Snacks, fruit leather, pieces, with vitamin C"
7473,"Candies, milk chocolate coated coffee beans"
7474,"Frozen novelties, ice type, lime"
7475,"Candies, MARS SNACKFOOD US, SNICKERS MUNCH bar"
7476,Honey
7477,Jams and preserves
7478,Jellies
7479,"Candies, MARS SNACKFOOD US, POP'ABLES SNICKERS Brand Bite Size Candies"
7480,"Candies, MARS SNACKFOOD US, POP'ABLES MILKY WAY Brand Bite Size Candies"
7481,"Candies, MARS SNACKFOOD US, POP'ABLES 3 MUSKETEERS Brand Bite Size Candies"
7482,"Candies, MARS SNACKFOOD US, STARBURST Fruit Chews, Fruit and Creme"
7483,"Candies, MARS SNACKFOOD US, STARBURST Sour Fruit Chews"
7484,"Puddings, banana, dry mix, instant"
7485,"Puddings, banana, dry mix, instant, prepared with whole milk"
7486,"Puddings, banana, dry mix, regular"
7487,"Candies, MARS SNACKFOOD US, COCOAVIA Chocolate Bar"
7488,"Candies, MARS SNACKFOOD US, COCOAVIA Blueberry and Almond Chocolate Bar"
7489,"Candies, MARS SNACKFOOD US, COCOAVIA Crispy Chocolate Bar"
7490,"Puddings, lemon, dry mix, instant"
7491,"Sugars, granulated"
7492,"Sugars, powdered"
7493,"Sweeteners, tabletop, aspartame, EQUAL, packets"
7494,"Sugars, maple"
7495,"Syrups, corn, high-fructose"
7496,"Syrups, malt"
7497,"Syrups, maple"
7498,"Syrups, sorghum"
7499,"Candies, MARS SNACKFOOD US, SNICKERS CRUNCHER"
7500,"Toppings, marshmallow cream"
7501,"Toppings, pineapple"
7502,"Toppings, nuts in syrup"
7503,"Candies, MARS SNACKFOOD US, SKITTLES Tropical Bite Size Candies"
7504,"Frostings, glaze, prepared-from-recipe"
7505,"Candies, fudge, chocolate marshmallow, prepared-from-recipe"
7506,"Candies, taffy, prepared-from-recipe"
7507,"Candies, toffee, prepared-from-recipe"
7508,"Snacks, cornnuts, barbecue-flavor"
7509,"Snacks, crisped rice bar, almond"
7510,"Snacks, granola bars, soft, uncoated, chocolate chip"
7511,"Snacks, granola bars, soft, uncoated, chocolate chip, graham and marshmallow"
7512,"Snacks, granola bars, soft, uncoated, nut and raisin"
7513,"Snacks, potato chips, plain, salted"
7514,"Snacks, potato chips, made from dried potatoes, cheese-flavor"
7515,"Snacks, rice cakes, brown rice, corn"
7516,"Snacks, rice cakes, brown rice, multigrain"
7517,"Snacks, granola bars, hard, peanut butter"
7518,"Snacks, potato chips, cheese-flavor"
7519,"Snacks, potato chips, reduced fat"
7520,"Snacks, potato chips, fat-free, made with olestra"
7521,"Popcorn, sugar syrup/caramel, fat-free"
7522,"Snacks, potato chips, fat free, salted"
7523,"Snacks, KELLOGG, KELLOGG'S RICE KRISPIES TREATS Squares"
7524,"Snacks, KELLOGG, KELLOGG'S Low Fat Granola Bar, Crunchy Almond/Brown Sugar"
7525,"Snacks, M&M MARS, KUDOS Whole Grain Bar, chocolate chip"
7526,"Candies, semisweet chocolate, made with butter"
7527,"Gelatin desserts, dry mix, with added ascorbic acid, sodium-citrate and salt"
7528,"Gelatin desserts, dry mix, reduced calorie, with aspartame, added phosphorus, potassium, sodium, vitamin C"
7529,"Gelatin desserts, dry mix, reduced calorie, with aspartame, no added sodium"
7530,"Corn flour, masa, enriched, white"
7531,"Corn flour, yellow, degermed, unenriched"
7532,"Corn flour, masa, unenriched, white"
7533,"Cornmeal, whole-grain, yellow"
7534,Cornstarch
7535,"Couscous, dry"
7536,"Couscous, cooked"
7537,"Hominy, canned, white"
7538,"Millet, raw"
7539,"Rice, brown, long-grain, raw (Includes foods for USDA's Food Distribution Program)"
7540,"Rice, brown, long-grain, cooked (Includes foods for USDA's Food Distribution Program)"
7541,Oats (Includes foods for USDA's Food Distribution Program)
7542,"Rice, brown, medium-grain, raw (Includes foods for USDA's Food Distribution Program)"
7543,"Rice, white, long-grain, parboiled, enriched, dry"
7544,"Rice, white, long-grain, parboiled, enriched, cooked"
7545,"Rice, white, long-grain, precooked or instant, enriched, dry"
7546,"Rice, white, long-grain, precooked or instant, enriched, prepared"
7547,"Rice, white, glutinous, unenriched, cooked"
7548,"Rice, white, steamed, Chinese restaurant"
7549,"Rice bran, crude"
7550,"Rice flour, white, unenriched"
7551,"Semolina, enriched"
7552,Sorghum grain
7553,"Tapioca, pearl, dry"
7554,Triticale
7555,"Wheat, hard white"
7556,"Wheat, soft white"
7557,"Wheat, durum"
7558,"Wheat bran, crude"
7559,"Wheat flour, white, cake, enriched"
7560,"Wheat flour, white, tortilla mix, enriched"
7561,"Wheat, sprouted"
7562,"Wild rice, raw"
7563,"Pasta, fresh-refrigerated, plain, as purchased"
7564,"Pasta, fresh-refrigerated, plain, cooked"
7565,"Pasta, fresh-refrigerated, spinach, as purchased"
7566,"Pasta, fresh-refrigerated, spinach, cooked"
7567,"Noodles, egg, dry, enriched"
7568,"Noodles, egg, enriched, cooked"
7569,"Noodles, egg, spinach, enriched, dry"
7570,"Noodles, egg, spinach, enriched, cooked"
7571,"Noodles, flat, crunchy, Chinese restaurant"
7572,"Pasta, dry, enriched"
7573,"Pasta, cooked, enriched, without added salt"
7574,"Pasta, whole-wheat, dry (Includes foods for USDA's Food Distribution Program)"
7575,Barley flour or meal
7576,Barley malt flour
7577,"Oat flour, partially debranned"
7578,"Rice noodles, dry"
7579,"Wheat, KAMUT khorasan, uncooked"
7580,"Wheat, KAMUT khorasan, cooked"
7581,"Spelt, uncooked"
7582,"Spelt, cooked"
7583,"Teff, uncooked"
7584,"Corn flour, whole-grain, white"
7585,"Corn flour, yellow, masa, enriched"
7586,"Cornmeal, whole-grain, white"
7587,"Pasta, cooked, enriched, with added salt"
7588,"Hominy, canned, yellow"
7589,"Rice, white, long-grain, regular, cooked, enriched, with salt"
7590,"Wheat flour, white, all-purpose, enriched, calcium-fortified"
7591,"Noodles, egg, dry, unenriched"
7592,"Rice, white, long-grain, regular, raw, unenriched"
7593,"Rice, white, long-grain, regular, unenriched, cooked without salt"
7594,"Rice, white, long-grain, parboiled, unenriched, dry"
7595,"Rice, white, long-grain, parboiled, unenriched, cooked"
7596,"Rice, white, medium-grain, raw, unenriched"
7597,"Wheat flour, white, all-purpose, unenriched"
7598,"Noodles, egg, cooked, unenriched, with added salt"
7599,"Potatoes, yellow fleshed, roasted, salt added in processing, frozen, unprepared"
7600,"Potatoes, yellow fleshed, french fried, frozen, unprepared"
7601,"Ginger root, pickled, canned, with artificial sweetener"
7602,"Peppers, hot pickled, canned"
7603,"Vegetable juice, BOLTHOUSE FARMS, DAILY GREENS"
7604,"Potatoes, mashed, ready-to-eat"
7605,"Macaroni and cheese, box mix with cheese sauce, unprepared"
7606,"Macaroni and cheese, box mix with cheese sauce, prepared"
7607,"Taquitos, frozen, chicken and cheese, oven-heated"
7608,"Taquitos, frozen, beef and cheese, oven-heated"
7609,"Potsticker or wonton, pork and vegetable, frozen, unprepared"
7610,"Macaroni or noodles with cheese, made from reduced fat packaged mix, unprepared"
7611,"Turnover, cheese-filled, tomato-based sauce, frozen, unprepared"
7612,"Macaroni or noodles with cheese, microwaveable, unprepared"
7613,"Spanish rice mix, dry mix, prepared (with canola/vegetable oil blend or diced tomatoes and margarine)"
7614,"Rice mix, cheese flavor, dry mix, unprepared"
7615,"Dumpling, potato- or cheese-filled, frozen"
7616,"Turnover, chicken- or turkey-, and vegetable-filled, reduced fat, frozen"
7617,"Sausage, egg and cheese breakfast biscuit"
7618,"HUNGRY MAN, Salisbury Steak With Gravy, frozen, unprepared"
7619,"BANQUET, Salisbury Steak With Gravy, family size, frozen, unprepared"
7620,"JIMMY DEAN, Sausage, Egg, and Cheese Breakfast Biscuit, frozen, unprepared"
7621,"Infant formula, GERBER, GOOD START, PROTECT PLUS, powder"
7622,"Infant Formula, GERBER GOOD START 2, GENTLE PLUS, powder"
7623,"Infant formula, GERBER, GOOD START 2, PROTECT PLUS, powder"
7624,"Infant formula, MEAD JOHNSON, ENFAMIL, ENFAGROW, Soy, Toddler transitions, with ARA and DHA,  powder"
7625,"Infant formula, MEAD JOHNSON, ENFAMIL, Premature, 24 calories ready-to-feed Low iron"
7626,"Infant Formula, MEAD JOHNSON, ENFAMIL, Premium, Infant, ready-to-feed"
7627,"Infant Formula, MEAD JOHNSON, ENFAMIL, Premium, Infant, powder"
7628,"Babyfood, GERBER, Banana with orange medley"
7629,"Bear, black, meat (Alaska Native)"
7630,"Bear, polar, meat, raw (Alaska Native)"
7631,"Whale, beluga, meat, dried (Alaska Native)"
7632,"Whale, beluga, eyes (Alaska Native)"
7633,"Whale, beluga, meat, raw (Alaska Native)"
7634,"Fish, blackfish, whole (Alaska Native)"
7635,"Blueberries, wild, frozen (Alaska Native)"
7636,"Caribou, bone marrow, raw (Alaska Native)"
7637,"Caribou, eye, raw (Alaska Native)"
7638,"Cloudberries, raw (Alaska Native)"
7639,"Cockles, raw (Alaska Native)"
7640,"Cranberries, wild, bush, raw (Alaska Native)"
7641,"Cranberry, low bush or lingenberry, raw (Alaska Native)"
7642,"Fish, herring eggs, Pacific, plain (Alaska Native)"
7643,"Fish, herring, Pacific, flesh, air-dried, packed in oil (Alaska Native)"
7644,"Huckleberries, raw (Alaska Native)"
7645,"Fish, lingcod, meat, raw (Alaska Native)"
7646,"Fish, lingcod, liver (Alaska Native)"
7647,"Tennis Bread, plain (Apache)"
7648,"Fish, halibut, cooked, with skin (Alaska Native)"
7649,"Salmon, red (sockeye), filets with skin, smoked (Alaska Native)"
7650,"Agave, raw (Southwest)"
7651,"Lambsquarters, steamed (Northern Plains Indians)"
7652,"Prickly pears, raw (Northern Plains Indians)"
7653,"Prickly pears, broiled (Northern Plains Indians)"
7654,"Prairie Turnips, raw (Northern Plains Indians)"
7655,"Stinging Nettles, blanched (Northern Plains Indians)"
7656,"Plums, wild (Northern Plains Indians)"
7657,"Pinon Nuts, roasted (Navajo)"
7658,"Caribou, hind quarter, meat, cooked (Alaska Native)"
7659,"Agutuk, fish with shortening (Alaskan ice cream) (Alaska Native)"
7660,"Sea lion, Steller, meat with fat (Alaska Native)"
7661,"Sea lion, Steller, fat (Alaska Native)"
7662,"Wocas, dried seeds, Oregon, yellow pond lily (Klamath)"
7663,"Hazelnuts, beaked (Northern Plains Indians)"
7664,"Tea, herbal, brewed, Hohoysi (Hopi)"
7665,"Tortilla, blue corn, Sakwavikaviki (Hopi)"
7666,"Bread, blue corn, somiviki (Hopi)"
7667,"APPLEBEE'S, 9 oz house sirloin steak"
7668,"T.G.I. FRIDAY'S, FRIDAY'S Shrimp, breaded"
7669,"T.G.I. FRIDAY'S, french fries"
7670,"T.G.I. FRIDAY'S, fried mozzarella"
7671,"T.G.I. FRIDAY'S, macaroni & cheese, from kid's menu"
7672,"Restaurant, family style, french fries"
7673,"Restaurant, family style, chicken fingers, from kid's menu"
7674,"Restaurant, family style, shrimp, breaded and fried"
7675,"Restaurant, family style, macaroni & cheese, from kids' menu"
7676,"APPLEBEE'S, crunchy onion rings"
7677,"APPLEBEE'S, chicken tenders platter"
7678,"CRACKER BARREL, chicken tenderloin platter, fried"
7679,"CRACKER BARREL, coleslaw"
7680,"DENNY'S, onion rings"
7681,"DENNY'S, spaghetti and meatballs"
7682,"Restaurant, family style, fish fillet, battered or breaded, fried"
7683,"Restaurant, family style, chicken tenders"
7684,"Restaurant, family style, hash browns"
7685,"CRACKER BARREL, macaroni n' cheese"
7686,"Restaurant, Italian, lasagna with meat"
7687,"OLIVE GARDEN, lasagna classico"
7688,"OLIVE GARDEN, spaghetti with pomodoro sauce"
7689,"CARRABBA'S ITALIAN GRILL, spaghetti with pomodoro sauce"
7690,"ON THE BORDER, cheese enchilada"
7691,"Restaurant, Mexican, cheese enchilada"
7692,"Restaurant, Mexican, cheese tamales"
7693,"CARRABBA'S ITALIAN GRILL, chicken parmesan without cavatappi pasta"
7694,"OLIVE GARDEN, chicken parmigiana without pasta"
7695,"Cereals ready-to-eat, POST, HONEY BUNCHES OF OATS, with almonds"
7696,"Margarine-like, vegetable oil spread, stick or tub, sweetened"
7697,"Snacks, popcorn, home-prepared, oil-popped, unsalted"
7698,"Cereals ready-to-eat, POST, GREAT GRAINS Crunchy Pecan Cereal"
7699,"Snacks, granola bar, with coconut, chocolate coated"
7700,"Babyfood, vegetable and brown rice, strained"
7701,"Babyfood, peas and brown rice"
7702,"Frankfurter, meat and poultry, low fat"
7703,"Oil, corn and canola"
7704,"Milk, fluid, nonfat, calcium fortified (fat free or skim)"
7705,"Peanut butter, reduced sodium"
7706,"Cereals ready-to-eat, POST GREAT GRAINS Banana Nut Crunch"
7707,"Babyfood, carrots, toddler"
7708,"Babyfood, dessert, banana pudding, strained"
7709,"Babyfood, fruit, tutti frutti, strained"
7710,"Babyfood, fruit, tutti frutti, junior"
7711,"Salad dressing, sweet and sour"
7712,"Salad dressing, blue or roquefort cheese, low calorie"
7713,"Salad dressing, caesar, low calorie"
7714,"Syrups, sugar free"
7715,"Jellies, no sugar (with sodium saccharin), any flavors"
7716,"Candies, hard, dietetic or low calorie (sorbitol)"
7717,"Candies, chocolate covered, low sugar or low calorie"
7718,"Chewing gum, sugarless"
7719,"Fluid replacement, electrolyte solution (include PEDIALYTE)"
7720,"Vermicelli, made from soy"
7721,"Beans, liquid from stewed kidney beans"
7722,"Chicken, meatless"
7723,"Frankfurter, meatless"
7724,Vegetarian meatloaf or patties
7725,"Radishes, hawaiian style, pickled"
7726,"Cabbage, japanese style, fresh, pickled"
7727,"Cabbage, mustard, salted"
7728,"Eggplant, pickled"
7729,"Bacon bits, meatless"
7730,"Butter replacement, without fat, powder"
7731,"Salad dressing, buttermilk, lite"
7732,"Sweeteners, tabletop, fructose, dry, powder"
7733,"Beverage, instant breakfast powder, chocolate, sugar-free, not reconstituted"
7734,"Yogurt, fruit variety, nonfat"
7735,"Whipped cream substitute, dietetic, made from powdered mix"
7736,"Frozen novelties, ice cream type, sundae, prepackaged"
7737,"Cheese, american cheddar, imitation"
7738,"Quail, cooked, total edible"
7739,"Pheasant, cooked, total edible"
7740,"Eggs, scrambled, frozen mixture"
7741,"Dove, cooked (includes squab)"
7742,"Pork, cured, ham, boneless, low sodium, extra lean and regular, roasted"
7743,"Longans, dried"
7744,"Loquats, raw"
7745,"Mammy-apple, (mamey), raw"
7746,"Mangos, raw"
7747,"Melons, honeydew, raw"
7748,"Melon balls, frozen"
7749,"Mulberries, raw"
7750,"Nectarines, raw"
7751,"Oheloberries, raw"
7752,"Oranges, raw, California, valencias"
7753,"Oranges, raw, navels (Includes foods for USDA's Food Distribution Program)"
7754,"Oranges, raw, Florida"
7755,"Oranges, raw, with peel"
7756,"Orange juice, chilled, includes from concentrate, with added calcium"
7757,"Orange juice, frozen concentrate, unsweetened, diluted with 3 volume water, with added calcium"
7758,"Orange juice, frozen concentrate, unsweetened, undiluted, with added calcium"
7759,"Orange juice, frozen concentrate, unsweetened, undiluted"
7760,"Tangerines, (mandarin oranges), canned, light syrup pack"
7761,"Tangerine juice, raw"
7762,"Papayas, raw"
7763,"Papaya, canned, heavy syrup, drained"
7764,"Peaches, yellow, raw"
7765,"Peaches, canned, water pack, solids and liquids"
7766,"Peaches, canned, juice pack, solids and liquids"
7767,"Peaches, canned, extra light syrup, solids and liquids (Includes foods for USDA's Food Distribution Program)"
7768,"Peaches, dehydrated (low-moisture), sulfured, uncooked"
7769,"Peaches, dehydrated (low-moisture), sulfured, stewed"
7770,"Peaches, dried, sulfured, uncooked"
7771,"Peaches, dried, sulfured, stewed, without added sugar"
7772,"Pears, canned, juice pack, solids and liquids"
7773,"Pears, canned, extra light syrup pack, solids and liquids (Includes foods for USDA's Food Distribution Program)"
7774,"Pears, canned, light syrup pack, solids and liquids"
7775,"Pears, canned, heavy syrup pack, solids and liquids"
7776,"Pear nectar, canned, without added ascorbic acid"
7777,"Persimmons, japanese, raw"
7778,"Persimmons, japanese, dried"
7779,"Persimmons, native, raw"
7780,"Pineapple, canned, heavy syrup pack, solids and liquids"
7781,"Pineapple, canned, extra heavy syrup pack, solids and liquids"
7782,"Pineapple, frozen, chunks, sweetened"
7783,"Pineapple juice, canned or bottled, unsweetened, without added ascorbic acid"
7784,"Pineapple juice, frozen concentrate, unsweetened, undiluted"
7785,"Plums, raw"
7786,"Plums, canned, purple, water pack, solids and liquids"
7787,"Plums, canned, purple, juice pack, solids and liquids"
7788,"Plums, canned, purple, light syrup pack, solids and liquids"
7789,"Lima beans, immature seeds, frozen, fordhook, unprepared"
7790,"Lima beans, immature seeds, frozen, fordhook, cooked, boiled, drained, without salt"
7791,"Lima beans, immature seeds, frozen, baby, unprepared"
7792,"Lima beans, immature seeds, frozen, baby, cooked, boiled, drained, without salt"
7793,"Mung beans, mature seeds, sprouted, raw"
7794,"Beans, pinto, immature seeds, frozen, unprepared"
7795,"Beans, pinto, immature seeds, frozen, cooked, boiled, drained, without salt"
7796,"Beans, shellie, canned, solids and liquids"
7797,"Beans, snap, green, raw"
7798,"Beans, snap, green, frozen, all styles, unprepared (Includes foods for USDA's Food Distribution Program)"
7799,"Beans, snap, green, frozen, cooked, boiled, drained without salt"
7800,"Beans, snap, green, frozen, all styles, microwaved"
7801,"Beans, snap, green, microwaved"
7802,"Beets, canned, drained solids"
7803,"Broccoli, cooked, boiled, drained, without salt"
7804,"Broccoli, frozen, chopped, unprepared"
7805,"Broccoli, frozen, chopped, cooked, boiled, drained, without salt"
7806,"Broccoli, frozen, spears, unprepared (Includes foods for USDA's Food Distribution Program)"
7807,"Brussels sprouts, cooked, boiled, drained, without salt"
7808,"Brussels sprouts, frozen, unprepared"
7809,"Brussels sprouts, frozen, cooked, boiled, drained, without salt"
7810,"Burdock root, raw"
7811,"Cabbage, raw"
7812,"Cabbage, cooked, boiled, drained, without salt"
7813,"Cabbage, red, raw"
7814,"Cabbage, red, cooked, boiled, drained, without salt"
7815,"Cabbage, chinese (pe-tsai), raw"
7816,"Cabbage, chinese (pe-tsai), cooked, boiled, drained, without salt"
7817,"Cardoon, raw"
7818,"Cardoon, cooked, boiled, drained, without salt"
7819,"Carrots, frozen, unprepared (Includes foods for USDA's Food Distribution Program)"
7820,"Carrots, frozen, cooked, boiled, drained, without salt"
7821,"Cassava, raw"
7822,"Cauliflower, raw"
7823,"Celeriac, cooked, boiled, drained, without salt"
7824,"Celery, raw"
7825,"Celery, cooked, boiled, drained, without salt"
7826,"Celtuce, raw"
7827,"Chard, swiss, raw"
7828,"Chicory greens, raw"
7829,"Chicory roots, raw"
7830,"Chives, raw"
7831,"Chrysanthemum, garland, raw"
7832,"Collards, frozen, chopped, cooked, boiled, drained, without salt"
7833,"Coriander (cilantro) leaves, raw"
7834,"Corn, sweet, yellow, raw"
7835,"Corn, sweet, yellow, cooked, boiled, drained, without salt"
7836,"Onions, raw"
7837,"Onions, cooked, boiled, drained, without salt"
7838,"Onions, dehydrated flakes"
7839,"Onions, canned, solids and liquids"
7840,"Onions, yellow, sauteed"
7841,"Onions, spring or scallions (includes tops and bulb), raw"
7842,"Onions, young green, tops only"
7843,"Onions, welsh, raw"
7844,"Onions, sweet, raw"
7845,"Parsnips, cooked, boiled, drained, without salt"
7846,"Peas, edible-podded, raw"
7847,"Peas, edible-podded, boiled, drained, without salt"
7848,"Peas, edible-podded, frozen, unprepared"
7849,"Peas, green (includes baby and lesuer types), canned, drained solids, unprepared"
7850,"Peas, green, canned, seasoned, solids and liquids"
7851,"Peas, green, canned, drained solids, rinsed in tap water"
7852,"Peas, green, frozen, unprepared (Includes foods for USDA's Food Distribution Program)"
7853,"Peas, green, frozen, cooked, boiled, drained, without salt"
7854,"Peas and carrots, frozen, cooked, boiled, drained, without salt"
7855,"Peas and onions, canned, solids and liquids"
7856,"Peas and onions, frozen, unprepared"
7857,"Peas and onions, frozen, cooked, boiled, drained, without salt"
7858,"Peppers, sweet, green, frozen, chopped, unprepared"
7859,"Peppers, sweet, green, frozen, chopped, boiled, drained, without salt"
7860,"Peppers, sweet, green, sauteed"
7861,"Pigeonpeas, immature seeds, raw"
7862,"Potatoes, flesh and skin, raw"
7863,"Potatoes, russet, flesh and skin, raw (Includes foods for USDA's Food Distribution Program)"
7864,"Potatoes, white, flesh and skin, raw"
7865,"Potatoes, red, flesh and skin, raw"
7866,"Potatoes, Russet, flesh and skin, baked"
7867,"Potatoes, roasted, salt added in processing, frozen, unprepared"
7868,"Potatoes, raw, skin"
7869,"Potatoes, baked, flesh, without salt"
7870,"Potatoes, baked, skin, without salt"
7871,"Potatoes, microwaved, cooked in skin, skin, without salt"
7872,"Potatoes, hash brown, home-prepared"
7873,"Potatoes, mashed, home-prepared, whole milk and margarine added"
7874,"Potatoes, scalloped, home-prepared with butter"
7875,"Potatoes, mashed, dehydrated, granules without milk, dry form"
7876,"Potatoes, mashed, dehydrated, prepared from granules without milk, whole milk and butter added"
7877,"Potatoes, mashed, dehydrated, granules with milk, dry form"
7878,"Potatoes, mashed, dehydrated, prepared from granules with milk, water and margarine added"
7879,"Potatoes, hash brown, frozen, plain, unprepared"
7880,"Potatoes, hash brown, frozen, plain, prepared, pan fried in canola oil"
7881,"Potatoes, hash brown, frozen, with butter sauce, unprepared"
7882,"Potatoes, hash brown, frozen, with butter sauce, prepared"
7883,"Potato puffs, frozen, unprepared"
7884,"Potato puffs, frozen, oven-heated"
7885,"Potatoes, frozen, whole, cooked, boiled, drained, without salt"
7886,"Tomatoes, red, ripe, cooked"
7887,"Tomatoes, red, ripe, canned, packed in tomato juice"
7888,"Tomatoes, red, ripe, canned, stewed"
7889,"Tomatoes, red, ripe, canned, with green chilies"
7890,"Tomato products, canned, sauce"
7891,"Tomato products, canned, sauce, with mushrooms"
7892,"Tomato products, canned, sauce, with onions"
7893,"Tomato products, canned, sauce, with herbs and cheese"
7894,"Turnips, cooked, boiled, drained, without salt"
7895,"Turnips, frozen, unprepared"
7896,"Turnips, frozen, cooked, boiled, drained, without salt"
7897,"Turnip greens, raw"
7898,"Turnip greens and turnips, frozen, cooked, boiled, drained, without salt"
7899,"Vegetable juice cocktail, canned"
7900,"Vegetables, mixed, canned, solids and liquids"
7901,"Vegetables, mixed, canned, drained solids"
7902,"Waterchestnuts, chinese, (matai), raw"
7903,"Waterchestnuts, chinese, canned, solids and liquids"
7904,"Watercress, raw"
7905,"Waxgourd, (chinese preserving melon), raw"
7906,"Winged bean tuber, raw"
7907,"Yam, raw"
7908,"Yam, cooked, boiled, drained, or baked, without salt"
7909,"Yambean (jicama), raw"
7910,"Yambean (jicama), cooked, boiled, drained, without salt"
7911,"Chives, freeze-dried"
7912,"Dock, raw"
7913,"Dock, cooked, boiled, drained, without salt"
7914,"Eppaw, raw"
7915,"Beans, mung, mature seeds, sprouted, canned, drained solids"
7916,"Peppers, jalapeno, canned, solids and liquids"
7917,"Radishes, white icicle, raw"
7918,"Shallots, freeze-dried"
7919,"Sweet potato, canned, syrup pack, solids and liquids"
7920,"Sweet potato, canned, syrup pack, drained solids"
7921,"Tomato products, canned, sauce, spanish style"
7922,"Beans, pinto, mature seeds, sprouted, raw"
7923,"Beans, pinto, mature seeds, sprouted, cooked, boiled, drained, without salt"
7924,"Sweet potato, cooked, candied, home-prepared"
7925,"Tomatoes, red, ripe, cooked, stewed"
7926,"Seaweed, agar, dried"
7927,"Seaweed, spirulina, raw"
7928,Potato pancakes
7929,"Potatoes, baked, flesh and skin, without salt"
7930,"Potatoes, microwaved, cooked in skin, flesh and skin, without salt"
7931,"Radish seeds, sprouted, raw"
7932,"Tomatoes, yellow, raw"
7933,"Mushrooms, shiitake, cooked, with salt"
7934,"Okra, cooked, boiled, drained, with salt"
7935,"Okra, frozen, cooked, boiled, drained, with salt"
7936,"Onions, cooked, boiled, drained, with salt"
7937,"Onions, frozen, chopped, cooked, boiled, drained, with salt"
7938,"Peas, green, cooked, boiled, drained, with salt"
7939,"Peas, green, canned, no salt added, solids and liquids"
7940,"Peas, green, canned, no salt added, drained solids"
7941,"Peas, green, frozen, cooked, boiled, drained, with salt"
7942,"Peppers, hot chili, red, raw"
7943,"Peppers, hot chili, red, canned, excluding seeds, solids and liquids"
7944,"Peppers, sweet, red, raw"
7945,"Peppers, sweet, green, cooked, boiled, drained, with salt"
7946,"Peppers, sweet, red, cooked, boiled, drained, without salt"
7947,"Potatoes, baked, flesh and skin, with salt"
7948,"Potatoes, baked, flesh, with salt"
7949,"Potatoes, baked, skin only, with salt"
7950,"Potatoes, boiled, cooked in skin, flesh, with salt"
7951,"Potatoes, microwaved, cooked, in skin, skin with salt"
7952,"Potatoes, frozen, whole, cooked, boiled, drained, with salt"
7953,"Potatoes, frozen, french fried, par fried, cottage-cut, prepared, heated in oven, with salt"
7954,"Potatoes, french fried, all types, salt not added in processing, frozen, oven-heated"
7955,"Pumpkin, flowers, cooked, boiled, drained, with salt"
7956,"Pumpkin leaves, cooked, boiled, drained, with salt"
7957,"Purslane, cooked, boiled, drained, with salt"
7958,"Radishes, oriental, cooked, boiled, drained, with salt"
7959,"Spinach, canned, no salt added, solids and liquids"
7960,"Spinach, frozen, chopped or leaf, cooked, boiled, drained, with salt"
7961,"Squash, summer, all varieties, cooked, boiled, drained, with salt"
7962,"Squash, summer, crookneck and straightneck, cooked, boiled, drained, with salt"
7963,"Squash, winter, all varieties, cooked, baked, with salt"
7964,"Squash, winter, acorn, cooked, baked, with salt"
7965,"Squash, winter, acorn, cooked, boiled, mashed, with salt"
7966,"Squash, winter, butternut, cooked, baked, with salt"
7967,"Succotash, (corn and limas), frozen, cooked, boiled, drained, with salt"
7968,"Water convolvulus, cooked, boiled, drained, with salt"
7969,"Sweet potato leaves, cooked, steamed, with salt"
7970,"Sweet potato, cooked, baked in skin, flesh, with salt"
7971,"Taro, shoots, cooked, with salt"
7972,"Taro, tahitian, cooked, with salt"
7973,"Tomatoes, red, ripe, cooked, with salt"
7974,"Tomatoes, red, ripe, canned, packed in tomato juice, no salt added"
7975,"Turnip greens, cooked, boiled, drained, with salt"
7976,"Turnip greens, frozen, cooked, boiled, drained, with salt"
7977,"Turnip greens and turnips, frozen, cooked, boiled, drained, with salt"
7978,"Vegetables, mixed, frozen, cooked, boiled, drained, with salt"
7979,"Mushrooms, portabella, exposed to ultraviolet light, raw"
7980,"Seeds, breadfruit seeds, raw"
7981,"Seeds, breadfruit seeds, boiled"
7982,"Seeds, cottonseed flour, low fat (glandless)"
7983,"Seeds, cottonseed meal, partially defatted (glandless)"
7984,"Seeds, hemp seed, hulled"
7985,"Seeds, lotus seeds, dried"
7986,"Seeds, sesame seeds, whole, dried"
7987,"Seeds, sesame seeds, whole, roasted and toasted"
7988,"Seeds, sesame seed kernels, toasted, without salt added (decorticated)"
7989,"Seeds, sesame flour, partially defatted"
7990,"Seeds, sunflower seed kernels, toasted, without salt"
7991,"Seeds, sunflower seed butter, without salt"
7992,"Seeds, sunflower seed flour, partially defatted"
7993,"Nuts, acorns, raw"
7994,"Nuts, almonds, dry roasted, without salt added"
7995,"Nuts, almonds, oil roasted, without salt added"
7996,"Nuts, almond paste"
7997,"Nuts, beechnuts, dried"
7998,"Nuts, cashew nuts, raw"
7999,"Nuts, cashew butter, plain, without salt added"
8000,"Nuts, chestnuts, chinese, raw"
8001,"Nuts, chestnuts, chinese, dried"
8002,"Nuts, chestnuts, chinese, boiled and steamed"
8003,"Nuts, chestnuts, european, dried, peeled"
8004,"Nuts, chestnuts, european, boiled and steamed"
8005,"Nuts, coconut meat, raw"
8006,"Nuts, coconut meat, dried (desiccated), not sweetened"
8007,"Nuts, coconut cream, canned, sweetened"
8008,"Nuts, coconut milk, raw (liquid expressed from grated meat and water)"
8009,"Nuts, coconut milk, canned (liquid expressed from grated meat and water)"
8010,"Nuts, coconut water (liquid from coconuts)"
8011,"Nuts, ginkgo nuts, dried"
8012,"Nuts, ginkgo nuts, canned"
8013,"Nuts, hickorynuts, dried"
8014,"Nuts, macadamia nuts, raw"
8015,"Nuts, macadamia nuts, dry roasted, without salt added"
8016,"Nuts, formulated, wheat-based, unflavored, with salt added"
8017,"Nuts, mixed nuts, dry roasted, with peanuts, salt added, CHOSEN ROASTER"
8018,"Nuts, pecans"
8019,"Nuts, pecans, dry roasted, without salt added"
8020,"Nuts, pistachio nuts, raw"
8021,"Nuts, pistachio nuts, dry roasted, without salt added"
8022,"Nuts, walnuts, black, dried"
8023,"Nuts, walnuts, english"
8024,"Seeds, pumpkin and squash seeds, whole, roasted, without salt"
8025,"Seeds, sesame butter, tahini, from roasted and toasted kernels (most common type)"
8026,"Nuts, chestnuts, european, roasted"
8027,"Seeds, sesame butter, paste"
8028,"Seeds, sesame flour, high-fat"
8029,"Beef, variety meats and by-products, suet, raw"
8030,"Beef, variety meats and by-products, thymus, raw"
8031,"Beef, variety meats and by-products, thymus, cooked, braised"
8032,"Beef, variety meats and by-products, tongue, raw"
8033,"Beef, cured, breakfast strips, raw or unheated"
8034,"Beef, cured, breakfast strips, cooked"
8035,"Beef, cured, corned beef, brisket, raw"
8036,"Beef, cured, corned beef, brisket, cooked"
8037,"Beef, chuck, under blade center steak, boneless, Denver Cut, separable lean only, trimmed to 0"" fat, choice, cooked, grilled"
8038,"Beef, cured, luncheon meat, jellied"
8039,"Beef, chuck, under blade center steak, boneless, Denver Cut, separable lean only, trimmed to 0"" fat, select, cooked, grilled"
8040,"Beef, cured, pastrami"
8041,"Beef, chuck, under blade center steak, boneless, Denver Cut, separable lean only, trimmed to 0"" fat, all grades, raw"
8042,"Beef, composite of trimmed retail cuts, separable lean and fat, trimmed to 0"" fat, choice, cooked"
8043,"Beef, composite of trimmed retail cuts, separable lean and fat, trimmed to 0"" fat, select, cooked"
8044,"Beef, composite of trimmed retail cuts, separable lean only, trimmed to 0"" fat, all grades, cooked"
8045,"Beef, composite of trimmed retail cuts, separable lean only, trimmed to 0"" fat, choice, cooked"
8046,"Beef, brisket, flat half, separable lean only, trimmed to 0"" fat, all grades, cooked, braised"
8047,"Beef, brisket, point half, separable lean and fat, trimmed to 0"" fat, all grades, cooked, braised"
8048,"Beef, brisket, point half, separable lean only, trimmed to 0"" fat, all grades, cooked, braised"
8049,"Beef, chuck, arm pot roast, separable lean and fat, trimmed to 0"" fat, all grades, cooked, braised"
8050,"Beef, chuck, under blade pot roast, boneless, separable lean and fat, trimmed to 0"" fat, select, cooked, braised"
8051,"Beef, chuck, blade roast, separable lean only, trimmed to 0"" fat, all grades, cooked, braised"
8052,"Beef, chuck, under blade pot roast, boneless, separable lean only, trimmed to 0"" fat, choice, cooked, braised"
8053,"Beef, chuck, under blade pot roast, boneless, separable lean only, trimmed to 0"" fat, select, cooked, braised"
8054,"Beef, rib, large end (ribs 6-9), separable lean only, trimmed to 0"" fat, select, cooked, roasted"
8055,"Beef, rib, small end (ribs 10-12), separable lean and fat, trimmed to 0"" fat, all grades, cooked, broiled"
8056,"Beef, rib, small end (ribs 10-12), separable lean and fat, trimmed to 0"" fat, choice, cooked, broiled"
8057,"Beef, rib, small end (ribs 10-12), separable lean and fat, trimmed to 0"" fat, select, cooked, broiled"
8058,"Beef, round, bottom round, roast, separable lean and fat, trimmed to 0"" fat, all grades, cooked, roasted"
8059,"Beef, round, bottom round, steak, separable lean and fat, trimmed to 0"" fat, choice, cooked, braised"
8060,"Beef, round, bottom round, roast, separable lean and fat, trimmed to 0"" fat, choice, cooked, roasted"
8061,"Beef, round, bottom round, steak, separable lean and fat, trimmed to 0"" fat, select, cooked, braised"
8062,"Beef, round, bottom round, steak, separable lean only, trimmed to 0"" fat, select, cooked, braised"
8063,"Beef, round, bottom round roast, separable lean only, trimmed to 0"" fat, select, cooked, roasted"
8064,"Beef, round, eye of round roast, boneless, separable lean and fat, trimmed to 0"" fat, all grades, cooked, roasted"
8065,"Beef, round, eye of round roast, boneless, separable lean and fat, trimmed to 0"" fat, choice, cooked, roasted"
8066,"Beef, round, tip round, roast, separable lean and fat, trimmed to 0"" fat, all grades, cooked, roasted"
8067,"Beef, round, tip round, roast, separable lean and fat, trimmed to 0"" fat, choice, cooked, roasted"
8068,"Beef, round, tip round, roast, separable lean and fat, trimmed to 0"" fat, select, cooked, roasted"
8069,"Beef, round, tip round, roast, separable lean only, trimmed to 0"" fat, all grades, cooked, roasted"
8070,"Beef, round, top round, separable lean and fat, trimmed to 0"" fat, select, cooked, braised"
8071,"Beef, round, top round, separable lean only, trimmed to 0"" fat, choice, cooked, braised"
8072,"Beef, round, top round, separable lean only, trimmed to 0"" fat, select, cooked, braised"
8073,"Beef, loin, tenderloin steak, boneless, separable lean and fat, trimmed to 0"" fat, all grades, cooked, grilled"
8074,"Beef, loin, tenderloin steak, boneless, separable lean and fat, trimmed to 0"" fat, choice, cooked, grilled"
8075,"Beef, loin, top loin steak, boneless, lip off, separable lean and fat, trimmed to 0"" fat, all grades, cooked, grilled"
8076,"Beef, loin, top loin steak, boneless, lip off, separable lean and fat, trimmed to 0"" fat, choice, cooked, grilled"
8077,"Puddings, banana, dry mix, regular, with added oil"
8078,"Puddings, lemon, dry mix, regular, with added oil, potassium, sodium"
8079,"Puddings, tapioca, dry mix, with no added salt"
8080,"Snacks, corn-based, extruded, puffs or twists, cheese-flavor, unenriched"
8081,"Snacks, corn-based, extruded, chips, barbecue-flavor, made with enriched masa flour"
8082,"Snacks, popcorn, air-popped (Unsalted)"
8083,"Snacks, popcorn, oil-popped, white popcorn, salt added"
8084,"Snacks, potato chips, plain, made with partially hydrogenated soybean oil, salted"
8085,"Snacks, pretzels, hard, plain, made with enriched flour, unsalted"
8086,"Snacks, rice cakes, brown rice, plain, unsalted"
8087,"Snacks, rice cakes, brown rice, buckwheat, unsalted"
8088,"Snacks, rice cakes, brown rice, multigrain, unsalted"
8089,"Potato chips, without salt, reduced fat"
8090,"Snacks, tortilla chips, low fat, unsalted"
8091,"Frozen novelties, juice type, POPSICLE SCRIBBLERS"
8092,"Snacks, tortilla chips, nacho-flavor, made with enriched masa flour"
8093,"Sweeteners, tabletop, sucralose, SPLENDA packets"
8094,"Frozen novelties, No Sugar Added, FUDGSICLE pops"
8095,"Frozen novelties, ice type, sugar free, orange, cherry, and grape POPSICLE pops"
8096,"Frozen novelties, KLONDIKE, SLIM-A-BEAR Fudge Bar, 98% fat free, no sugar added"
8097,"Ice creams, BREYERS, All Natural Light Vanilla"
8098,"Ice creams, BREYERS, No Sugar Added, Butter Pecan"
8099,"Ice creams, BREYERS, No Sugar Added, French Vanilla"
8100,"Ice creams, BREYERS, No Sugar Added, Vanilla"
8101,"Ice creams, BREYERS, No Sugar Added, Vanilla Fudge Twirl"
8102,"Frozen novelties, No Sugar Added CREAMSICLE Pops"
8103,"Frozen novelties, Sugar Free, CREAMSICLE Pops"
8104,"Ice creams, BREYERS, All Natural Light French Chocolate"
8105,"Ice creams, BREYERS, 98% Fat Free Chocolate"
8106,"Ice creams, regular, low carbohydrate, chocolate"
8107,"Chocolate, dark, 45- 59% cacao solids"
8108,"Chocolate, dark, 60-69% cacao solids"
8109,"Chocolate, dark, 70-85% cacao solids"
8110,"Candies, chocolate, dark, NFS (45-59% cacao solids 90%; 60-69% cacao solids 5%; 70-85% cacao solids 5%)"
8111,"Candies, crispy bar with peanut butter filling"
8112,"Syrup, maple, Canadian"
8113,"Sweetener, syrup, agave"
8114,"Candies, NESTLE, BUTTERFINGER Crisp"
8115,"Candies, fruit snacks, with high vitamin C"
8116,"Jams, preserves, marmalades, sweetened with fruit juice"
8117,"Candies, Tamarind"
8118,"Candies, coconut bar, not chocolate covered"
8119,"Barley, hulled"
8120,"Barley, pearled, raw"
8121,"Barley, pearled, cooked"
8122,Buckwheat
8123,"Bulgur, cooked"
8124,"Corn grain, yellow"
8125,"Corn bran, crude"
8126,"Corn flour, whole-grain, yellow"
8127,"Fast foods, nachos, with cheese"
8128,"Fast foods, nachos, with cheese, beans, ground beef, and tomatoes"
8129,"Fast foods, cheeseburger, double, regular patty and bun, with condiments"
8130,"Fast foods, cheeseburger; single, large patty; plain"
8131,"Fast foods, chicken fillet sandwich, plain with pickles"
8132,"Fast foods, fish sandwich, with tartar sauce"
8133,"Fast foods, fish sandwich, with tartar sauce and cheese"
8134,"Fast foods, submarine sandwich, roast beef on white bread with lettuce and tomato"
8135,"Fast foods, submarine sandwich, tuna on white bread with lettuce and tomato"
8136,"Fast foods, coleslaw"
8137,"Fast foods, hush puppies"
8138,"Fast food, biscuit"
8139,"CHICK-FIL-A, Chick-n-Strips"
8140,"CHICK-FIL-A, hash browns"
8141,"School Lunch, pizza, BIG DADDY'S LS 16"" 51% Whole Grain Rolled Edge Cheese Pizza, frozen"
8142,"Fast foods, submarine sandwich, sweet onion chicken teriyaki on white bread with lettuce, tomato and sweet onion sauce"
8143,"SUBWAY, SUBWAY CLUB sub on white bread with lettuce and tomato"
8144,"Fast foods, submarine sandwich, turkey, roast beef and ham on white bread with lettuce and tomato"
8145,"Fast foods, submarine sandwich, oven roasted chicken on white bread with lettuce and tomato"
8146,"SUBWAY, steak & cheese sub on white bread with American cheese, lettuce and tomato"
8147,"Fast foods, submarine sandwich, steak and cheese on white bread with cheese, lettuce and tomato"
8148,"SUBWAY, B.L.T. sub on white bread with bacon, lettuce and tomato"
8149,"Fast foods, submarine sandwich, bacon, lettuce, and tomato on white bread"
8150,"SUBWAY, oven roasted chicken sub on white bread with lettuce and tomato"
8151,"SUBWAY, cold cut sub on white bread with lettuce and tomato"
8152,"SUBWAY, tuna sub on white bread with lettuce and tomato"
8153,"Pizza, cheese topping, regular crust, frozen, cooked"
8154,"Fast Foods, crispy chicken filet sandwich, with lettuce and mayonnaise"
8155,"McDONALD'S, FILET-O-FISH"
8156,"McDONALD'S, Cheeseburger"
8157,"McDONALD'S, QUARTER POUNDER"
8158,"WENDY'S, CLASSIC SINGLE Hamburger, with cheese"
8159,"WENDY'S, Jr. Hamburger, without cheese"
8160,"WENDY'S, Jr. Hamburger, with cheese"
8161,"WENDY'S, CLASSIC DOUBLE, with cheese"
8162,"WENDY'S, Frosty Dairy Dessert"
8163,"BURGER KING, french fries"
8164,"BURGER KING, Hamburger"
8165,"BURGER KING, Cheeseburger"
8166,"BURGER KING, Premium Fish Sandwich"
8167,"BURGER KING, Original Chicken Sandwich"
8168,"TACO BELL, Original Taco with beef, cheese and lettuce"
8169,"TACO BELL, Soft Taco with beef, cheese and lettuce"
8170,"TACO BELL, BURRITO SUPREME with chicken"
8171,"TACO BELL, BURRITO SUPREME with steak"
8172,"TACO BELL, Nachos"
8173,"TACO BELL, Nachos Supreme"
8174,"POPEYES, Spicy Chicken Strips, analyzed 2006"
8175,"KFC, biscuit"
8176,"KFC, Coleslaw"
8177,"KFC, Crispy Chicken Strips"
8178,"KFC, Fried Chicken, ORIGINAL RECIPE, Wing, meat only, skin and breading removed"
8179,"KFC, Fried Chicken, EXTRA CRISPY, Skin and Breading"
8180,"KFC, Fried Chicken, EXTRA CRISPY, Breast, meat only, skin and breading removed"
8181,"KFC, Fried Chicken, EXTRA CRISPY, Drumstick, meat only, skin and breading removed"
8182,"KFC, Fried Chicken, ORIGINAL RECIPE, Thigh, meat and skin with breading"
8183,"KFC, Fried Chicken, ORIGINAL RECIPE, Wing, meat and skin with breading"
8184,"KFC, Fried Chicken, EXTRA CRISPY, Breast, meat and skin with breading"
8185,"KFC, Fried Chicken, EXTRA CRISPY, Drumstick, meat and skin with breading"
8186,"POPEYES, Fried Chicken, Mild, Skin and Breading"
8187,"POPEYES, Fried Chicken, Mild, Thigh, meat only, skin and breading removed"
8188,"POPEYES, Fried Chicken, Mild, Wing, meat only, skin and breading removed"
8189,"POPEYES, Fried Chicken, Mild, Breast, meat and skin with breading"
8190,"POPEYES, Fried Chicken, Mild, Drumstick, meat and skin with breading"
8191,"Yogurt parfait, lowfat, with fruit and granola"
8192,"Fast Foods, Fried Chicken, Breast, meat only, skin and breading removed"
8193,"Fast Foods, Fried Chicken, Drumstick, meat only, skin and breading removed"
8194,"Fast Foods, Fried Chicken, Thigh, meat only, skin and breading removed"
8195,"Fast Foods, Fried Chicken, Thigh, meat and skin and breading"
8196,"Fast Foods, Fried Chicken, Wing, meat and skin and breading"
8197,"DIGIORNO Pizza, cheese topping, cheese stuffed crust, frozen, baked"
8198,"DIGIORNO Pizza, cheese topping, rising crust, frozen, baked"
8199,"DIGIORNO Pizza, supreme topping, rising crust, frozen, baked"
8200,"DIGIORNO Pizza, supreme topping, thin crispy crust, frozen, baked"
8201,"Fast Food, Pizza Chain, 14"" pizza, sausage topping, thick crust"
8202,"Fast Food, Pizza Chain, 14"" pizza, sausage topping, thin crust"
8203,"Fast Food, Pizza Chain, 14"" pizza, sausage topping, regular crust"
8204,"Fast Foods, grilled chicken filet sandwich, with lettuce, tomato and spread"
8205,"PIZZA HUT 14"" Pepperoni Pizza, THIN 'N CRISPY Crust"
8206,"DOMINO'S 14"" Pepperoni Pizza, Crunchy Thin Crust"
8207,"DOMINO'S 14"" Sausage Pizza, Crunchy Thin Crust"
8208,"PIZZA HUT 14"" Sausage Pizza, Pan Crust"
8209,"Pizza, cheese topping, thin crust, frozen, cooked"
8210,"BURGER KING, Double Cheeseburger"
8211,"Beet greens, raw"
8212,"Beet greens, cooked, boiled, drained, without salt"
8213,"Broadbeans, immature seeds, raw"
8214,"Broadbeans, immature seeds, cooked, boiled, drained, without salt"
8215,"Broccoli, raw"
8216,"Broccoli, frozen, spears, cooked, boiled, drained, without salt"
8217,"Broccoli raab, raw"
8218,"Broccoli raab, cooked"
8219,"Brussels sprouts, raw"
8220,"Burdock root, cooked, boiled, drained, without salt"
8221,"Butterbur, (fuki), raw"
8222,"Butterbur, cooked, boiled, drained, without salt"
8223,"Butterbur, canned"
8224,"Cabbage, savoy, raw"
8225,"Cabbage, savoy, cooked, boiled, drained, without salt"
8226,"Cabbage, chinese (pak-choi), raw"
8227,"Cabbage, chinese (pak-choi), cooked, boiled, drained, without salt"
8228,"Cabbage, kimchi"
8229,"Carrots, raw"
8230,"Carrots, cooked, boiled, drained, without salt"
8231,"Carrots, canned, regular pack, solids and liquids"
8232,"Carrots, canned, regular pack, drained solids"
8233,"Cauliflower, cooked, boiled, drained, without salt"
8234,"Cauliflower, frozen, unprepared"
8235,"Cauliflower, frozen, cooked, boiled, drained, without salt"
8236,"Celeriac, raw"
8237,"Chard, swiss, cooked, boiled, drained, without salt"
8238,"Chayote, fruit, raw"
8239,"Chayote, fruit, cooked, boiled, drained, without salt"
8240,"Chicory, witloof, raw"
8241,"Chrysanthemum, garland, cooked, boiled, drained, without salt"
8242,"Collards, raw"
8243,"Collards, cooked, boiled, drained, without salt"
8244,"Collards, frozen, chopped, unprepared"
8245,"Corn, sweet, yellow, canned, brine pack, regular pack, solids and liquids"
8246,"Onions, frozen, chopped, unprepared"
8247,"Onions, frozen, chopped, cooked, boiled, drained, without salt"
8248,"Onions, frozen, whole, unprepared"
8249,"Onions, frozen, whole, cooked, boiled, drained, without salt"
8250,"Onion rings, breaded, par fried, frozen, unprepared"
8251,"Onion rings, breaded, par fried, frozen, prepared, heated in oven"
8252,"Parsley, fresh"
8253,"Parsnips, raw"
8254,"Peas, edible-podded, frozen, cooked, boiled, drained, without salt"
8255,"Peas, green, raw"
8256,"Peas, green, cooked, boiled, drained, without salt"
8257,"Peas, green, canned, regular pack, solids and liquids"
8258,"Peas, mature seeds, sprouted, raw"
8259,"Peas, mature seeds, sprouted, cooked, boiled, drained, without salt"
8260,"Peas and carrots, canned, regular pack, solids and liquids"
8261,"Peas and carrots, frozen, unprepared"
8262,"Peppers, hot chili, green, canned, pods, excluding seeds, solids and liquids"
8263,"Peppers, sweet, green, raw"
8264,"Peppers, sweet, green, cooked, boiled, drained, without salt"
8265,"Peppers, sweet, green, canned, solids and liquids"
8266,"Pigeonpeas, immature seeds, cooked, boiled, drained, without salt"
8267,Poi
8268,"Pokeberry shoots, (poke), raw"
8269,"Pokeberry shoots, (poke), cooked, boiled, drained, without salt"
8270,"Potatoes, white, flesh and skin, baked"
8271,"Potatoes, red, flesh and skin, baked"
8272,"Potatoes, french fried, crinkle or regular cut, salt added in processing, frozen, as purchased"
8273,"Potatoes, french fried, crinkle or regular cut, salt added in processing, frozen, oven-heated"
8274,"Potatoes, boiled, cooked in skin, flesh, without salt"
8275,"Potatoes, boiled, cooked in skin, skin, without salt"
8276,"Potatoes, boiled, cooked without skin, flesh, without salt"
8277,"Potatoes, microwaved, cooked in skin, flesh, without salt"
8278,"Potatoes, au gratin, home-prepared from recipe using butter"
8279,"Potatoes, canned, solids and liquids"
8280,"Potatoes, canned, drained solids"
8281,"Potatoes, mashed, dehydrated, flakes without milk, dry form"
8282,"Potatoes, mashed, dehydrated, prepared from flakes without milk, whole milk and butter added"
8283,"Potatoes, au gratin, dry mix, unprepared"
8284,"Potatoes, au gratin, dry mix, prepared with water, whole milk and butter"
8285,"Potatoes, scalloped, dry mix, unprepared"
8286,"Potatoes, scalloped, dry mix, prepared with water, whole milk and butter"
8287,"Potatoes, french fried, shoestring, salt added in processing, frozen, as purchased"
8288,"Potatoes, french fried, shoestring, salt added in processing, frozen, oven-heated"
8289,"Potatoes, o'brien, frozen, unprepared"
8290,"Potatoes, o'brien, frozen, prepared"
8291,"Taro, tahitian, cooked, without salt"
8292,"Tomatoes, green, raw"
8293,"Tomatoes, red, ripe, raw, year round average"
8294,"Tomato juice, canned, with salt added"
8295,"Tomato products, canned, paste, without salt added (Includes foods for USDA's Food Distribution Program)"
8296,"Tomato products, canned, puree, without salt added"
8297,Tomato powder
8298,"Tomato products, canned, sauce, with onions, green peppers, and celery"
8299,"Tomato products, canned, sauce, with tomato tidbits"
8300,"Tree fern, cooked, without salt"
8301,"Turnips, raw"
8302,"Turnip greens, cooked, boiled, drained, without salt"
8303,"Turnip greens, canned, solids and liquids"
8304,"Turnip greens, frozen, unprepared"
8305,"Turnip greens, frozen, cooked, boiled, drained, without salt"
8306,"Turnip greens and turnips, frozen, unprepared"
8307,"Vegetables, mixed, frozen, unprepared"
8308,"Vegetables, mixed, frozen, cooked, boiled, drained, without salt"
8309,"Vegetable juice cocktail, low sodium, canned"
8310,"Vinespinach, (basella), raw"
8311,"Waxgourd, (chinese preserving melon), cooked, boiled, drained, without salt"
8312,"Winged beans, immature seeds, raw"
8313,"Winged beans, immature seeds, cooked, boiled, drained, without salt"
8314,"Winged bean leaves, raw"
8315,"Beets, harvard, canned, solids and liquids"
8316,"Beets, pickled, canned, solids and liquids"
8317,"Borage, raw"
8318,"Borage, cooked, boiled, drained, without salt"
8319,"Drumstick pods, raw"
8320,"Drumstick pods, cooked, boiled, drained, without salt"
8321,"Leeks, (bulb and lower-leaf portion), freeze-dried"
8322,"Parsley, freeze-dried"
8323,"Squash, summer, all varieties, raw"
8324,"Squash, summer, all varieties, cooked, boiled, drained, without salt"
8325,"Squash, winter, all varieties, raw"
8326,"Squash, winter, all varieties, cooked, baked, without salt"
8327,"Carrot juice, canned"
8328,"Corn pudding, home prepared"
8329,"Potatoes, mashed, home-prepared, whole milk added"
8330,Spinach souffle
8331,"Seaweed, spirulina, dried"
8332,"Seaweed, wakame, raw"
8333,"Peppers, hot chili, green, raw"
8334,"Potatoes, o'brien, home-prepared"
8335,"Shallots, raw"
8336,"Carrot, dehydrated"
8337,"Tomatoes, crushed, canned"
8338,"Tomatoes, orange, raw"
8339,"Mustard greens, cooked, boiled, drained, with salt"
8340,"Mustard greens, frozen, cooked, boiled, drained, with salt"
8341,"Mustard spinach, (tendergreen), cooked, boiled, drained, with salt"
8342,"New zealand spinach, cooked, boiled, drained, with salt"
8343,"Onions, frozen, whole, cooked, boiled, drained, with salt"
8344,"Parsnips, cooked, boiled, drained, with salt"
8345,"Peas, edible-podded, cooked, boiled, drained, with salt"
8346,"Peas, edible-podded, frozen, cooked, boiled, drained, with salt"
8347,"Peas, mature seeds, sprouted, cooked, boiled, drained, with salt"
8348,"Peas and carrots, canned, no salt added, solids and liquids"
8349,"Peas and carrots, frozen, cooked, boiled, drained, with salt"
8350,"Peas and onions, frozen, cooked, boiled, drained, with salt"
8351,"Peppers, sweet, red, cooked, boiled, drained, with salt"
8352,"Peppers, sweet, green, frozen, chopped, cooked, boiled, drained, with salt"
8353,"Pigeonpeas, immature seeds, cooked, boiled, drained, with salt"
8354,"Pokeberry shoots, (poke), cooked, boiled, drained, with salt"
8355,"Potatoes, boiled, cooked in skin, skin, with salt"
8356,"Potatoes, boiled, cooked without skin, flesh, with salt"
8357,"Potatoes, microwaved, cooked, in skin, flesh and skin, with salt"
8358,"Potatoes, microwaved, cooked in skin, flesh, with salt"
8359,"Potatoes, french fried, all types, salt not added in processing, frozen, as purchased"
8360,"Potatoes, au gratin, home-prepared from recipe using margarine"
8361,"Potatoes, scalloped, home-prepared with margarine"
8362,"Pumpkin, cooked, boiled, drained, with salt"
8363,"Pumpkin, canned, with salt"
8364,"Rutabagas, cooked, boiled, drained, with salt"
8365,"Salsify, cooked, boiled, drained, with salt"
8366,"Soybeans, green, cooked, boiled, drained, with salt"
8367,"Spinach, cooked, boiled, drained, with salt"
8368,"Squash, summer, crookneck and straightneck, frozen, cooked, boiled, drained, with salt"
8369,"Squash, summer, scallop, cooked, boiled, drained, with salt"
8370,"Squash, summer, zucchini, includes skin, cooked, boiled, drained, with salt"
8371,"Squash, summer, zucchini, includes skin, frozen, cooked, boiled, drained, with salt"
8372,"Squash, winter, butternut, frozen, cooked, boiled, with salt"
8373,"Squash, winter, hubbard, baked, with salt"
8374,"Squash, winter, hubbard, cooked, boiled, mashed, with salt"
8375,"Squash, winter, spaghetti, cooked, boiled, drained, or baked, with salt"
8376,"Succotash, (corn and limas), cooked, boiled, drained, with salt"
8377,"Sweet potato, cooked, boiled, without skin, with salt"
8378,"Sweet potato, frozen, cooked, baked, with salt"
8379,"Taro, cooked, with salt"
8380,"Taro, leaves, cooked, steamed, with salt"
8381,"Tomato juice, canned, without salt added"
8382,"Tomato products, canned, puree, with salt added"
8383,"Turnips, cooked, boiled, drained, with salt"
8384,"Turnips, frozen, cooked, boiled, drained, with salt"
8385,"Waxgourd, (chinese preserving melon), cooked, boiled, drained, with salt"
8386,"Winged bean, immature seeds, cooked, boiled, drained, with salt"
8387,"Yam, cooked, boiled, drained, or baked, with salt"
8388,"Seeds, breadnut tree seeds, raw"
8389,"Seeds, breadnut tree seeds, dried"
8390,"Seeds, chia seeds, dried"
8391,"Seeds, cottonseed flour, partially defatted (glandless)"
8392,"Seeds, pumpkin and squash seed kernels, dried"
8393,"Seeds, pumpkin and squash seed kernels, roasted, without salt"
8394,"Seeds, safflower seed kernels, dried"
8395,"Seeds, safflower seed meal, partially defatted"
8396,"Seeds, sesame flour, low-fat"
8397,"Seeds, sesame meal, partially defatted"
8398,"Seeds, sunflower seed kernels, dried"
8399,"Seeds, sunflower seed kernels, dry roasted, without salt"
8400,"Seeds, sunflower seed kernels, oil roasted, without salt"
8401,"Nuts, acorns, dried"
8402,"Nuts, acorn flour, full fat"
8403,"Nuts, almonds"
8404,"Nuts, almonds, blanched"
8405,"Nuts, brazilnuts, dried, unblanched"
8406,"Nuts, butternuts, dried"
8407,"Nuts, cashew nuts, dry roasted, without salt added"
8408,"Nuts, cashew nuts, oil roasted, without salt added"
8409,"Nuts, chestnuts, chinese, roasted"
8410,"Nuts, chestnuts, european, raw, unpeeled"
8411,"Nuts, chestnuts, european, raw, peeled"
8412,"Nuts, chestnuts, european, dried, unpeeled"
8413,"Nuts, coconut meat, dried (desiccated), sweetened, flaked, packaged"
8414,"Nuts, coconut meat, dried (desiccated), sweetened, flaked, canned"
8415,"Nuts, coconut meat, dried (desiccated), toasted"
8416,"Nuts, coconut cream, raw (liquid expressed from grated meat)"
8417,"Nuts, hazelnuts or filberts"
8418,"Nuts, hazelnuts or filberts, blanched"
8419,"Nuts, hazelnuts or filberts, dry roasted, without salt added"
8420,"Nuts, ginkgo nuts, raw"
8421,"Nuts, mixed nuts, dry roasted, with peanuts, without salt added"
8422,"Nuts, mixed nuts, dry roasted, with peanuts, salt added, PLANTERS pistachio blend"
8423,"Nuts, mixed nuts, oil roasted, with peanuts, without salt added"
8424,"Nuts, mixed nuts, oil roasted, without peanuts, without salt added"
8425,"Nuts, pecans, oil roasted, without salt added"
8426,"Nuts, pilinuts, dried"
8427,"Nuts, pine nuts, dried"
8428,"Nuts, pine nuts, pinyon, dried"
8429,"Nuts, walnuts, glazed"
8430,"Nuts, walnuts, dry roasted, with salt added"
8431,"Seeds, breadfruit seeds, roasted"
8432,"Seeds, cottonseed kernels, roasted (glandless)"
8433,"Beef, variety meats and by-products, spleen, cooked, braised"
8434,"Beef, variety meats and by-products, tongue, cooked, simmered"
8435,"Beef, variety meats and by-products, tripe, raw"
8436,"Beef, sandwich steaks, flaked, chopped, formed and thinly sliced, raw"
8437,"Beef, brisket, flat half, separable lean only, trimmed to 0"" fat, choice, cooked, braised"
8438,"Beef, cured, corned beef, canned"
8439,"Beef, chuck, under blade pot roast or steak, boneless, separable lean only, trimmed to 0"" fat, select, raw"
8440,"Beef, cured, dried"
8441,"Beef, chuck, under blade center steak, boneless, Denver Cut, separable lean only, trimmed to 0"" fat, all grades, cooked, grilled"
8442,"Sausage, beef, cured, cooked, smoked"
8443,"Beef, chopped, cured, smoked"
8444,"Beef, chuck, under blade center steak, boneless, Denver Cut, separable lean only, trimmed to 0"" fat, choice, raw"
8445,"Beef, composite of trimmed retail cuts, separable lean and fat, trimmed to 0"" fat, all grades, cooked"
8446,"Beef, composite of trimmed retail cuts, separable lean only, trimmed to 0"" fat, select, cooked"
8447,"Beef, brisket, whole, separable lean and fat, trimmed to 0"" fat, all grades, cooked, braised"
8448,"Beef, brisket, whole, separable lean only, trimmed to 0"" fat, all grades, cooked, braised"
8449,"Beef, brisket, flat half, separable lean and fat, trimmed to 0"" fat, all grades, cooked, braised"
8450,"Beef, chuck, arm pot roast, separable lean and fat, trimmed to 0"" fat, select, cooked, braised"
8451,"Beef, chuck, arm pot roast, separable lean only, trimmed to 0"" fat, choice, cooked, braised"
8452,"Beef, chuck, arm pot roast, separable lean only, trimmed to 0"" fat, select, cooked, braised"
8453,"Beef, chuck, blade roast, separable lean and fat, trimmed to 0"" fat, all grades, cooked, braised"
8454,"Beef, chuck, under blade pot roast, boneless, separable lean and fat, trimmed to 0"" fat, choice, cooked, braised"
8455,"Beef, rib, large end (ribs 6-9), separable lean and fat, trimmed to 0"" fat, choice, cooked, roasted"
8456,"Beef, rib, large end (ribs 6-9), separable lean and fat, trimmed to 0"" fat, select, cooked, roasted"
8457,"Beef, rib, large end (ribs 6-9), separable lean only, trimmed to 0"" fat, all grades, cooked, roasted"
8458,"Beef, rib, large end (ribs 6-9), separable lean only, trimmed to 0"" fat, choice, cooked, roasted"
8459,"Beef, rib, small end (ribs 10-12), separable lean only, trimmed to 0"" fat, all grades, cooked, broiled"
8460,"Beef, rib, small end (ribs 10-12), separable lean only, trimmed to 0"" fat, choice, cooked, broiled"
8461,"Beef, rib, small end (ribs 10-12), separable lean only, trimmed to 0"" fat, select, cooked, broiled"
8462,"Beef, round, bottom round, steak, separable lean and fat, trimmed to 0"" fat, all grades, cooked, braised"
8463,"Beef, round, bottom round, roast, separable lean and fat, trimmed to 0"" fat, select, cooked, roasted"
8464,"Beef, round, bottom round, steak, separable lean only, trimmed to 0"" fat, all grades, cooked, braised"
8465,"Beef, round, bottom round, roast, separable lean only, trimmed to 0"" fat, all grades, cooked, roasted"
8466,"Beef, round, bottom round, steak, separable lean only, trimmed to 0"" fat, choice, cooked, braised"
8467,"Beef, round, bottom round, roast, separable lean only, trimmed to 0"" fat, choice, cooked, roasted"
8468,"Beef, round, eye of round roast, boneless, separable lean and fat, trimmed to 0"" fat, select, cooked, roasted"
8469,"Beef, round, eye of round roast, boneless, separable lean only, trimmed to 0"" fat, all grades, cooked, roasted"
8470,"Beef, round, eye of round roast, boneless, separable lean only, trimmed to 0"" fat, choice, cooked, roasted"
8471,"Beef, round, eye of round roast, boneless, separable lean only, trimmed to 0"" fat, select, cooked, roasted"
8472,"Beef, round, tip round, roast, separable lean only, trimmed to 0"" fat, choice, cooked, roasted"
8473,"Beef, round, tip round, roast, separable lean only, trimmed to 0"" fat, select, cooked, roasted"
8474,"Beef, round, top round, separable lean and fat, trimmed to 0"" fat, all grades, cooked, braised"
8475,"Beef, round, top round, separable lean and fat, trimmed to 0"" fat, choice, cooked, braised"
8476,"Beef, loin, tenderloin steak, boneless, separable lean and fat, trimmed to 0"" fat, select, cooked, grilled"
8477,"Beef, loin, tenderloin steak, boneless, separable lean only, trimmed to 0"" fat, all grades, cooked, grilled"
8478,"Beef, loin, tenderloin steak, boneless, separable lean only, trimmed to 0"" fat, choice, cooked, grilled"
8479,"Beef, loin, tenderloin steak, boneless, separable lean only, trimmed to 0"" fat, select, cooked, grilled"
8480,"Puddings, vanilla, dry mix, regular, with added oil"
8481,"Jams and preserves, apricot"
8482,"Syrups, table blends, pancake, with 2% maple, with added potassium"
8483,"Snacks, corn cakes, very low sodium"
8484,"Snacks, potato chips, plain, made with partially hydrogenated soybean oil, unsalted"
8485,"Snacks, potato chips, plain, unsalted"
8486,"Snacks, pretzels, hard, plain, made with unenriched flour, salted"
8487,"Snacks, pretzels, hard, plain, made with unenriched flour, unsalted"
8488,"Snacks, rice cakes, brown rice, sesame seed, unsalted"
8489,"Snacks, sesame sticks, wheat-based, unsalted"
8490,"Snacks, trail mix, regular, unsalted"
8491,"Snacks, trail mix, regular, with chocolate chips, unsalted nuts and seeds"
8492,"Candies, sugar-coated almonds"
8493,"Cocoa, dry powder, hi-fat or breakfast, processed with alkali"
8494,"Candies, soft fruit and nut squares"
8495,"Ice creams, vanilla, fat free"
8496,"Ice creams, BREYERS, All Natural Light French Vanilla"
8497,"Ice creams, BREYERS, 98% Fat Free Vanilla"
8498,"Ice creams, BREYERS, All Natural Light Vanilla Chocolate Strawberry"
8499,"Ice creams, BREYERS, All Natural Light Mint Chocolate Chip"
8500,"Ice creams, BREYERS, No Sugar Added, Vanilla Chocolate Strawberry"
8501,"Frozen novelties, KLONDIKE, SLIM-A-BEAR Chocolate Cone"
8502,"Frozen novelties, KLONDIKE, SLIM-A-BEAR Vanilla Sandwich"
8503,"Frozen novelties, KLONDIKE, SLIM-A-BEAR, No Sugar Added, Stickless Bar"
8504,"Ice creams, BREYERS, No Sugar Added, Chocolate Caramel"
8505,"Candies, REESE's Fast Break, milk chocolate, peanut butter, soft nougats, candy bar"
8506,"Candies, MARS SNACKFOOD US, COCOAVIA Chocolate Covered Almonds"
8507,"Ice creams, regular, low carbohydrate, vanilla"
8508,"Sweeteners, for baking, brown, contains sugar and sucralose"
8509,"Sweeteners, for baking, contains sugar and sucralose"
8510,"Sugar, turbinado"
8511,"Sweeteners, sugar substitute, granulated, brown"
8512,"Candies, M&M MARS 3 MUSKETEERS Truffle Crisp"
8513,"Syrups, chocolate, HERSHEY'S Sugar free, Genuine Chocolate Flavored, Lite Syrup"
8514,"Candies, M&M MARS Pretzel Chocolate Candies"
8515,"Sweetener, herbal extract powder from Stevia leaf"
8516,"Candies, HERSHEYS, PAYDAY Bar"
8517,"Syrup, NESTLE, chocolate"
8518,"Amaranth grain, uncooked"
8519,"Amaranth grain, cooked"
8520,Arrowroot flour
8521,"Buckwheat groats, roasted, dry"
8522,"Buckwheat groats, roasted, cooked"
8523,"Buckwheat flour, whole-groat"
8524,"Bulgur, dry"
8525,"Fast foods, taco with beef, cheese and lettuce, hard shell"
8526,"Fast foods, cheeseburger; single, regular patty; plain"
8527,"Fast foods, cheeseburger; single, regular patty, with condiments"
8528,"Fast foods, cheeseburger; single, regular patty, with condiments and vegetables"
8529,"Fast foods, hamburger; single, regular patty; plain"
8530,"Fast foods, hamburger; single, regular patty; with condiments"
8531,"Fast foods, roast beef sandwich, plain"
8532,"Fast foods, submarine sandwich, cold cut on white bread with lettuce and tomato"
8533,"Fast foods, onion rings, breaded and fried"
8534,"Fast foods, potato, french fried in vegetable oil"
8535,"Fast foods, potato, mashed"
8536,"BURGER KING, Vanilla Shake"
8537,"School Lunch, pizza, BIG DADDY'S LS 16"" 51% Whole Grain Rolled Edge Turkey Pepperoni Pizza, frozen"
8538,"School Lunch, pizza, TONY'S SMARTPIZZA Whole Grain 4x6 Cheese Pizza 50/50 Cheese, frozen"
8539,"School Lunch, pizza, TONY'S SMARTPIZZA Whole Grain 4x6 Pepperoni Pizza 50/50 Cheese, frozen"
8540,"School Lunch, pizza, TONY'S Breakfast Pizza Sausage, frozen"
8541,"SUBWAY, sweet onion chicken teriyaki sub on white bread with lettuce, tomato and sweet onion sauce"
8542,"Fast foods, submarine sandwich, turkey breast on white bread with lettuce and tomato"
8543,"Fast foods, submarine sandwich, ham on white bread with lettuce and tomato"
8544,"SUBWAY, meatball marinara sub on white bread (no toppings)"
8545,"Fast foods, submarine sandwich, meatball marinara on white bread"
8546,"Fast foods, hamburger, large, single patty, with condiments"
8547,"SUBWAY, turkey breast sub on white bread with lettuce and tomato"
8548,"SUBWAY, black forest ham sub on white bread with lettuce and tomato"
8549,"SUBWAY, roast beef sub on white bread with lettuce and tomato"
8550,"Pizza, cheese topping, rising crust, frozen, cooked"
8551,"Pizza, meat and vegetable topping, regular crust, frozen, cooked"
8552,"Pizza, meat and vegetable topping, rising crust, frozen, cooked"
8553,"McDONALD'S, Hamburger"
8554,"Fast foods, chicken, breaded and fried, boneless pieces, plain"
8555,"McDONALD'S, QUARTER POUNDER with Cheese"
8556,"McDONALD'S, BIG MAC"
8557,"McDONALD'S, french fries"
8558,"WENDY'S, CLASSIC SINGLE Hamburger, no cheese"
8559,"WENDY'S, Homestyle Chicken Fillet Sandwich"
8560,"WENDY'S, Ultimate Chicken Grill Sandwich"
8561,"WENDY'S, Chicken Nuggets"
8562,"WENDY'S, french fries"
8563,"BURGER KING, WHOPPER, no cheese"
8564,"BURGER KING, WHOPPER, with cheese"
8565,"BURGER KING, DOUBLE WHOPPER, no cheese"
8566,"BURGER KING, DOUBLE WHOPPER, with cheese"
8567,"BURGER KING, Chicken Strips"
8568,"TACO BELL, Soft Taco with chicken, cheese and lettuce"
8569,"TACO BELL, Soft Taco with steak"
8570,"TACO BELL, Bean Burrito"
8571,"TACO BELL, BURRITO SUPREME with beef"
8572,"TACO BELL, Taco Salad"
8573,"KFC, Popcorn Chicken"
8574,"KFC, Fried Chicken, ORIGINAL RECIPE, Skin and Breading"
8575,"KFC, Fried Chicken, ORIGINAL RECIPE, Breast, meat only, skin and breading removed"
8576,"KFC, Fried Chicken, ORIGINAL RECIPE, Drumstick, meat only, skin and breading removed"
8577,"KFC, Fried Chicken, ORIGINAL RECIPE, Thigh, meat only, skin and breading removed"
8578,"KFC, Fried Chicken, EXTRA CRISPY, Thigh, meat only, skin and breading removed"
8579,"KFC, Fried Chicken, EXTRA CRISPY, Wing, meat only, skin and breading removed"
8580,"KFC, Fried Chicken, ORIGINAL RECIPE, Breast, meat and skin with breading"
8581,"KFC, Fried Chicken, ORIGINAL RECIPE, Drumstick, meat and skin with breading"
8582,"KFC, Fried Chicken, EXTRA CRISPY, Thigh, meat and skin with breading"
8583,"KFC, Fried Chicken, EXTRA CRISPY, Wing, meat and skin with breading"
8584,"POPEYES, Fried Chicken, Mild, Breast, meat only, skin and breading removed"
8585,"POPEYES, Fried Chicken, Mild, Drumstick, meat only, skin and breading removed"
8586,"POPEYES, Fried Chicken, Mild, Thigh, meat and skin with breading"
8587,"POPEYES, Fried Chicken, Mild, Wing, meat and skin with breading"
8588,"Fast foods, grilled chicken, bacon and tomato club sandwich, with cheese, lettuce, and mayonnaise"
8589,"Fast foods, crispy chicken, bacon, and tomato club sandwich, with cheese, lettuce, and mayonnaise"
8590,"Fast Foods, Fried Chicken, Wing, meat only, skin and breading removed"
8591,"Fast Foods, Fried Chicken, Skin and breading from all pieces"
8592,"Fast Foods, Fried Chicken, Breast, meat and skin and breading"
8593,"Fast Foods, Fried Chicken, Drumstick, meat and skin with breading"
8594,"DIGIORNO Pizza, cheese topping, thin crispy crust, frozen, baked"
8595,"DIGIORNO Pizza, pepperoni topping, cheese stuffed crust, frozen, baked"
8596,"DIGIORNO Pizza, pepperoni topping, rising crust, frozen, baked"
8597,"DIGIORNO Pizza, pepperoni topping, thin crispy crust, frozen, baked"
8598,"Fast Food, Pizza Chain, 14"" pizza, pepperoni topping, thin crust"
8599,"Fast foods, taco with beef, cheese and lettuce, soft"
8600,"Fast foods, taco with chicken, lettuce and cheese, soft"
8601,"Fast foods, quesadilla, with chicken"
8602,"DOMINO'S 14"" Sausage Pizza, Classic Hand-Tossed Crust"
8603,"DOMINO'S 14"" Sausage Pizza, Ultimate Deep Dish Crust"
8604,"PIZZA HUT 14"" Sausage Pizza, THIN 'N CRISPY Crust"
8605,"PIZZA HUT 14"" Sausage Pizza, Hand-Tossed Crust"
8606,"WEND'YS, Crispy Chicken Sandwich"
8607,"BURGER KING, Onion Rings"
8608,"WENDY'S, DAVE'S Hot 'N Juicy 1/4 LB, single"
8609,"Fast Food, Pizza Chain, 14"" pizza, cheese topping, stuffed crust"
8610,"PIZZA HUT 14"" Cheese Pizza, Stuffed Crust"
8611,"Fast foods, strawberry banana smoothie made with ice and low-fat yogurt"
8612,"McDONALD'S, Southern Style Chicken Biscuit"
8613,"McDONALD'S, RANCH SNACK WRAP, Crispy"
8614,"McDONALD'S, RANCH SNACK WRAP, Grilled"
8615,"School Lunch, pizza, cheese topping, thick crust, whole grain, frozen, cooked"
8616,"School Lunch, pizza, pepperoni topping, thin crust, whole grain, frozen, cooked"
8617,"School Lunch, pizza, pepperoni topping, thick crust, whole grain, frozen, cooked"
8618,"School Lunch, pizza, sausage topping, thin crust, whole grain, frozen, cooked"
8619,"Beef, chuck, short ribs, boneless, separable lean only, trimmed to 0"" fat, choice, raw"
8620,"WENDY'S, Double Stack, with cheese"
8621,"Fast foods, crispy chicken in tortilla, with lettuce, cheese, and ranch sauce"
8622,"Fast foods, grilled chicken in tortilla, with lettuce, cheese, and ranch sauce"
8623,"Fast foods, breakfast burrito, with egg, cheese, and sausage"
8624,"Fast foods, breadstick, soft, prepared with garlic and parmesan cheese"
8625,"PIZZA HUT, breadstick, parmesan garlic"
8626,"CHICK-FIL-A, chicken sandwich"
8627,"ARBY'S, roast beef sandwich, classic"
8628,"School Lunch, pizza, cheese topping, thin crust, whole grain, frozen, cooked"
8629,"School Lunch, pizza, sausage topping, thick crust, whole grain, frozen, cooked"
8630,"School Lunch, chicken patty, whole grain breaded"
8631,"School Lunch, chicken nuggets, whole grain breaded"
8632,"Beef, chuck, short ribs, boneless, separable lean only, trimmed to 0"" fat, all grades, raw"
8633,"Beef, chuck eye Country-Style ribs, boneless, separable lean only, trimmed to 0"" fat, choice, cooked, braised"
8634,"Beef, chuck eye Country-Style ribs, boneless, separable lean only, trimmed to 0"" fat, select, cooked, braised"
8635,"Beef, chuck eye Country-Style ribs, boneless, separable lean only, trimmed to 0"" fat, all grades, cooked, braised"
8636,"Beef, chuck eye Country-Style ribs, boneless, separable lean only, trimmed to 0"" fat, choice, raw"
8637,"Beef, chuck eye steak, boneless, separable lean only, trimmed to 0"" fat, all grades, cooked, grilled"
8638,"Beef, chuck eye steak, boneless, separable lean only, trimmed to 0"" fat, choice, raw"
8639,"Beef, chuck eye steak, boneless, separable lean only, trimmed to 0"" fat, select, raw"
8640,"Beef, chuck eye steak, boneless, separable lean only, trimmed to 0"" fat, all grades, raw"
8641,"Beef, chuck, mock tender steak, boneless, separable lean only, trimmed to 0"" fat, select, cooked, braised"
8642,"Beef, chuck, mock tender steak, boneless, separable lean only, trimmed to 0"" fat, all grades, cooked, braised"
8643,"Beef, chuck, mock tender steak, boneless, separable lean only, trimmed to 0"" fat, choice, raw"
8644,"Beef, chuck, mock tender steak, boneless, separable lean only, trimmed to 0"" fat, select, raw"
8645,"Beef, chuck for stew, separable lean and fat, select, raw"
8646,"Beef, chuck for stew, separable lean and fat, choice, raw"
8647,"Beef, chuck, under blade steak, boneless, separable lean only, trimmed to 0"" fat, choice, cooked, braised"
8648,"Beef, chuck, under blade steak, boneless, separable lean only, trimmed to 0"" fat, select, cooked, braised"
8649,"Beef, chuck, under blade pot roast or steak, boneless, separable lean and fat, trimmed to 0"" fat, all grades, raw"
8650,"Beef, chuck, under blade pot roast or steak, boneless, separable lean and fat, trimmed to 0"" fat, choice, raw"
8651,"Beef, chuck, under blade pot roast or steak, boneless, separable lean and fat, trimmed to 0"" fat, select, raw"
8652,"Beef, chuck, under blade center steak, boneless, Denver Cut, separable lean and fat, trimmed to 0"" fat, all grades, cooked, grilled"
8653,"Beef, chuck, under blade center steak, boneless, Denver Cut, separable lean and fat, trimmed to 0"" fat, select, raw"
8654,"Beef, shoulder pot roast or steak, boneless, separable lean and fat, trimmed to 0"" fat, choice, raw"
8655,"Beef, shoulder pot roast or steak, boneless, separable lean and fat, trimmed to 0"" fat, select, raw"
8656,"Beef, chuck eye roast, boneless, America's Beef Roast, separable lean and fat, trimmed to 0"" fat, all grades, cooked, roasted"
8657,"Beef, chuck, mock tender steak, boneless, separable lean and fat, trimmed to 0"" fat, all grades, cooked, braised"
8658,"Beef, chuck, mock tender steak, boneless, separable lean and fat, trimmed to 0"" fat, choice, cooked, braised"
8659,"Beef, chuck, mock tender steak, boneless, separable lean and fat, trimmed to 0"" fat, select, cooked, braised"
8660,"Beef, chuck, mock tender steak, boneless, separable lean and fat, trimmed to 0"" fat, all grades, raw"
8661,"Beef, chuck, short ribs, boneless, separable lean and fat, trimmed to 0"" fat, select, cooked, braised"
8662,"Beef, chuck, short ribs, boneless, separable lean and fat, trimmed to 0"" fat, all grades, raw"
8663,"Beef, chuck, short ribs, boneless, separable lean and fat, trimmed to 0"" fat, choice, raw"
8664,"Beef, chuck, short ribs, boneless, separable lean and fat, trimmed to 0"" fat, select, raw"
8665,"Beef, chuck eye Country-Style ribs, boneless, separable lean and fat, trimmed to 0"" fat, choice, cooked, braised"
8666,"Beef, chuck eye Country-Style ribs, boneless, separable lean and fat, trimmed to 0"" fat, select, cooked, braised"
8667,"Beef, chuck eye Country-Style ribs, boneless, separable lean and fat, trimmed to 0"" fat, all grades, raw"
8668,"Beef, chuck eye Country-Style ribs, boneless, separable lean and fat, trimmed to 0"" fat, choice, raw"
8669,"Beef, chuck eye Country-Style ribs, boneless, separable lean and fat, trimmed to 0"" fat, select, raw"
8670,"Beef, chuck eye steak, boneless, separable lean and fat, trimmed to 0"" fat, choice, raw"
8671,"Beef, chuck eye steak, boneless, separable lean and fat, trimmed to 0"" fat, select, raw"
8672,"Beef, rib eye roast, bone-in, lip-on, separable lean only, trimmed to 1/8"" fat, all grades, cooked, roasted"
8673,"Beef, rib eye roast, bone-in, lip-on, separable lean only, trimmed to 1/8"" fat, select, cooked, roasted"
8674,"Beef, rib eye steak/roast, bone-in, lip-on, separable lean only, trimmed to 1/8"" fat, select, raw"
8675,"Beef, rib eye steak/roast, boneless, lip-on, separable lean only, trimmed to 1/8"" fat, all grades, raw"
8676,"Beef, rib eye steak/roast, boneless, lip-on, separable lean only, trimmed to 1/8"" fat, choice, raw"
8677,"Beef, rib eye steak/roast, boneless, lip-on, separable lean only, trimmed to 1/8"" fat, select, raw"
8678,"Beef, rib eye roast, boneless, lip-on, separable lean only, trimmed to 1/8"" fat, choice, cooked, roasted"
8679,"Cheese, fontina"
8680,"Cheese, monterey"
8681,"Cheese, mozzarella, whole milk"
8682,"Cheese, mozzarella, whole milk, low moisture"
8683,"Cheese, mozzarella, part skim milk"
8684,"Cheese, parmesan, hard"
8685,"Cheese, port de salut"
8686,"Cheese, provolone"
8687,"Cheese, ricotta, whole milk"
8688,"Cheese, tilsit"
8689,"Cheese, pasteurized process, American, fortified with vitamin D"
8690,"Cheese, pasteurized process, pimento"
8691,"Cheese, pasteurized process, swiss"
8692,"Cheese food, cold pack, American"
8693,"Cream, fluid, light (coffee cream or table cream)"
8694,"Cream, fluid, light whipping"
8695,"Cream, fluid, heavy whipping"
8696,"Cream, whipped, cream topping, pressurized"
8697,"Milk, filled, fluid, with blend of hydrogenated vegetable oils"
8698,"Milk, filled, fluid, with lauric acid oil"
8699,"Cheese, American, nonfat or fat free"
8700,"Yogurt, Greek, 2% fat, apricot, CHOBANI"
8701,"Dessert topping, powdered"
8702,"Dessert topping, powdered, 1.5 ounce prepared with 1/2 cup milk"
8703,"Dessert topping, pressurized"
8704,"Dessert topping, semi solid, frozen"
8705,"Sour cream, imitation, cultured"
8706,"Milk, reduced fat, fluid, 2% milkfat, with added nonfat milk solids and vitamin A and vitamin D"
8707,"Milk, reduced fat, fluid, 2% milkfat, protein fortified, with added vitamin A and vitamin D"
8708,"Milk, lowfat, fluid, 1% milkfat, with added vitamin A and vitamin D"
8709,"Milk, lowfat, fluid, 1% milkfat, with added nonfat milk solids, vitamin A and vitamin D"
8710,"Milk, buttermilk, fluid, cultured, lowfat"
8711,"Milk, low sodium, fluid"
8712,"Milk, dry, whole, with added vitamin D"
8713,"Milk, dry, nonfat, regular, without added vitamin A and vitamin D"
8714,"Milk, canned, evaporated, nonfat, with added vitamin A and vitamin D"
8715,"Milk, chocolate, fluid, commercial, whole, with added vitamin A and vitamin D"
8716,"Milk, chocolate, fluid, commercial, reduced fat, with added vitamin A and vitamin D"
8717,"Milk, chocolate, lowfat, with added vitamin A and vitamin D"
8718,"Milk, sheep, fluid"
8719,"Milk shakes, thick chocolate"
8720,"Milk shakes, thick vanilla"
8721,"Whey, acid, fluid"
8722,"Yogurt, plain, low fat"
8723,"Yogurt, plain, skim milk"
8724,"Yogurt, vanilla, low fat."
8725,"Yogurt, fruit, low fat,9 g protein/8 oz"
8726,"Milk dessert bar, frozen, made from lowfat milk"
8727,"Yogurt, Greek, 2% fat,mixed berry blend, CHOBANI"
8728,"Nutritional supplement for people with diabetes, liquid"
8729,"Egg, whole, raw, frozen, salted, pasteurized"
8730,"Yogurt, Greek, plain, nonfat (Includes foods for USDA's Food Distribution Program)"
8731,"Egg, white, dried, stabilized, glucose reduced"
8732,"Cheese spread, American or Cheddar cheese base, reduced fat"
8733,"Cheese, Swiss, nonfat or fat free"
8734,"Cheese, mexican, queso cotija"
8735,"Cheese, cheddar, sharp, sliced"
8736,"Cheese, mozzarella, low moisture, part-skim, shredded"
8737,"Yogurt, Greek, strawberry, nonfat"
8738,"Yogurt, Greek, vanilla, nonfat"
8739,"Yogurt, Greek, plain, lowfat"
8740,"Kefir, lowfat, plain, LIFEWAY"
8741,"Yogurt, Greek, fruit, whole milk"
8742,"Yogurt, vanilla, non-fat"
8743,"Yogurt, Greek, vanilla, lowfat"
8744,"Yogurt, frozen, flavors other than chocolate, lowfat"
8745,"Yogurt, Greek, 2% fat, pineapple, CHOBANI"
8746,"Milk, chocolate, lowfat, reduced sugar"
8747,"Ice cream, lowfat, no sugar added, cone, added peanuts and chocolate sauce"
8748,"Yogurt, Greek, 2% fat, strawberry banana, CHOBANI"
8749,"Yogurt, Greek, nonfat, Fruit on Bottom, Pomegranate, CHOBANI"
8750,"Yogurt, Greek, Blueberry, CHOBANI"
8751,"Yogurt, Greek, nonfat, Fruit on Bottom, Strawberry, CHOBANI"
8752,"Yogurt, Greek, nonfat, Fruit on Bottom, Blackberry, CHOBANI"
8753,"Spices, bay leaf"
8754,"Spices, caraway seed"
8755,"Spices, cardamom"
8756,"Spices, celery seed"
8757,"Spices, coriander leaf, dried"
8758,"Spices, coriander seed"
8759,"Spices, cumin seed"
8760,"Spices, curry powder"
8761,"Spices, dill seed"
8762,"Spices, ginger, ground"
8763,"Spices, mace, ground"
8764,"Spices, marjoram, dried"
8765,"Spices, mustard seed, ground"
8766,"Spices, parsley, dried"
8767,"Spices, pepper, black"
8768,"Spices, pepper, red or cayenne"
8769,"Spices, pepper, white"
8770,"Spices, saffron"
8771,"Spices, sage, ground"
8772,"Spices, savory, ground"
8773,"Spices, tarragon, dried"
8774,"Spices, thyme, dried"
8775,"Babyfood, vegetables, peas, strained"
8776,"Babyfood, peas, dices, toddler"
8777,"Babyfood, vegetables, spinach, creamed, strained"
8778,"Babyfood, fruit, apricot with tapioca, junior"
8779,"Babyfood, fruit, pears, junior"
8780,"Babyfood, fruit, plums with tapioca, without ascorbic acid, strained"
8781,"Babyfood, fruit, plums with tapioca, without ascorbic acid, junior"
8782,"Babyfood, fruit, prunes with tapioca, without ascorbic acid, strained"
8783,"Babyfood, fruit, applesauce and apricots, strained"
8784,"Babyfood, fruit, applesauce and apricots, junior"
8785,"Babyfood, fruit, applesauce and cherries, strained"
8786,"Babyfood, fruit, applesauce and cherries, junior"
8787,"Babyfood, fruit, applesauce with banana, junior"
8788,"Babyfood, fruit and vegetable, apple and sweet potato"
8789,"Babyfood, fruit, bananas and pineapple with tapioca, junior"
8790,"Babyfood, fruit, bananas and pineapple with tapioca, strained"
8791,"Babyfood, fruit, pears and pineapple, strained"
8792,"Babyfood, fruit, bananas with apples and pears, strained"
8793,"Babyfood, fruit, apple and blueberry, strained"
8794,"Babyfood, fruit, apple and blueberry, junior"
8795,"Babyfood, juice, apple"
8796,"Babyfood, juice, orange and apple and banana"
8797,"Babyfood, juice, orange and apricot"
8798,"Babyfood, juice, orange and banana"
8799,"Babyfood, juice, orange and pineapple"
8800,"Babyfood, cereal, mixed, dry fortified"
8801,"Babyfood, cereal, mixed, with bananas, dry"
8802,"Babyfood, cereal, mixed, with applesauce and bananas, strained"
8803,"Babyfood, cereal, mixed, with applesauce and bananas, junior, fortified"
8804,"Babyfood, cereal, oatmeal, with honey, dry"
8805,"Babyfood, cereal, rice, dry fortified"
8806,"Babyfood, cereal, rice, with applesauce and bananas, strained"
8807,"Babyfood, cereal, with egg yolks, strained"
8808,"Babyfood, crackers, vegetable"
8809,"Babyfood, cereal, high protein, with apple and orange, dry"
8810,"Babyfood, cereal, rice, with bananas, dry"
8811,"Babyfood, cookies"
8812,"Babyfood, dessert, dutch apple, strained"
8813,"Babyfood, dessert, dutch apple, junior"
8814,"Babyfood, cherry cobbler, junior"
8815,"Babyfood, dessert, cherry vanilla pudding, strained"
8816,"Babyfood, dessert, peach melba, strained"
8817,"Babyfood, dessert, peach melba, junior"
8818,"Babyfood, dessert, fruit pudding, pineapple, strained"
8819,"Babyfood, dessert, fruit dessert, without ascorbic acid, strained"
8820,"Babyfood, juice, fruit punch, with calcium"
8821,"Babyfood, juice, apple, with calcium"
8822,"Infant Formula, MEAD JOHNSON, ENFAMIL, ENFACARE, ready-to-feed, with ARA and DHA"
8823,"Babyfood, yogurt, whole milk, with fruit, multigrain cereal and added DHA fortified"
8824,"Infant formula, ABBOTT NUTRITION, ALIMENTUM ADVANCE, with iron, powder, not reconstituted, with DHA and ARA"
8825,"Babyfood, mashed cheddar potatoes and broccoli, toddlers"
8826,"Babyfood, yogurt, whole milk, with fruit, multigrain cereal and added iron fortified"
8827,"Infant formula, NESTLE, GOOD START SOY, with DHA and ARA, liquid concentrate"
8828,"Toddler formula, MEAD JOHNSON, ENFAGROW, Toddler Transitions, with ARA and DHA, powder"
8829,"Toddler formula, MEAD JOHNSON, ENFAGROW PREMIUM (formerly ENFAMIL, LIPIL, NEXT STEP), ready-to-feed"
8830,"Infant Formula, MEAD JOHNSON, ENFAMIL, Newborn, with DHA and ARA, ready-to-feed"
8831,"Infant formula, GERBER, GOOD START 2 Soy, with iron, ready-to-feed"
8832,"Infant formula, GERBER, GOOD START, PROTECT PLUS, ready-to-feed"
8833,"Infant Formula, GERBER GOOD START 2, GENTLE PLUS, ready-to-feed"
8834,"Babyfood, fruit, banana and strawberry, junior"
8835,"Babyfood, banana with mixed berries, strained"
8836,"Babyfood, Multigrain whole grain cereal, dry fortified"
8837,"Babyfood, Baby MUM MUM Rice Biscuits"
8838,"Salad dressing, KRAFT Mayo Light Mayonnaise"
8839,"Salad dressing, KRAFT Mayo Fat Free Mayonnaise Dressing"
8840,"Salad dressing, KRAFT MIRACLE WHIP FREE Nonfat Dressing"
8841,"Salad dressing, russian dressing"
8842,"Salad dressing, sesame seed dressing, regular"
8843,"Salad dressing, russian dressing, low calorie"
8844,"Salad dressing, thousand island dressing, reduced fat"
8845,"Salad dressing, mayonnaise, regular"
8846,"Salad dressing, mayonnaise, soybean and safflower oil, with salt"
8847,"Shortening, household, soybean (partially hydrogenated)-cottonseed (partially hydrogenated)"
8848,"Oil, soybean, salad or cooking, (partially hydrogenated)"
8849,"Oil, rice bran"
8850,"Oil, wheat germ"
8851,"Oil, palm"
8852,"Oil, sesame, salad or cooking"
8853,"Oil, sunflower, linoleic (less than 60%)"
8854,"Margarine, regular, hard, soybean (hydrogenated)"
8855,"Salad dressing, italian dressing, commercial, regular"
8856,"Salad dressing, french dressing, commercial, regular, without salt"
8857,"Salad dressing, french dressing, reduced fat, without salt"
8858,"Salad dressing, italian dressing, commercial, regular, without salt"
8859,"Salad dressing, italian dressing, reduced fat, without salt"
8860,"Oil, cottonseed, salad or cooking"
8861,"Oil, sunflower, linoleic, (approx. 65%)"
8862,"Oil, safflower, salad or cooking, linoleic, (over 70%)"
8863,"Oil, safflower, salad or cooking, high oleic (primary safflower oil of commerce)"
8864,"Oil, grapeseed"
8865,"Oil, corn, industrial and retail, all purpose salad or cooking"
8866,"Oil, walnut"
8867,"Oil, almond"
8868,"Oil, apricot kernel"
8869,"Oil, vegetable, Natreon canola, high stability, non trans, high oleic (70%)"
8870,"Salad dressing, honey mustard dressing, reduced calorie"
8871,"Margarine-like spread, BENECOL Light Spread"
8872,"Salad dressing, spray-style dressing, assorted flavors"
8873,"Salad Dressing, mayonnaise, light, SMART BALANCE, Omega Plus light"
8874,"Margarine-like, vegetable oil spread, 60% fat, tub, with salt, with added vitamin D"
8875,"Margarine-like vegetable-oil spread, stick/tub/bottle, 60% fat, with added vitamin D"
8876,"Margarine, regular, 80% fat, composite, stick, without salt, with added vitamin D"
8877,"Margarine-like, vegetable oil spread, 60% fat, stick/tub/bottle, without salt, with added vitamin D"
8878,"Oil, industrial, canola, high oleic"
8879,"Salad dressing, honey mustard, regular"
8880,"Salad dressing, poppyseed, creamy"
8881,"Salad dressing, caesar, fat-free"
8882,"Dressing, honey mustard, fat-free"
8883,"Chicken, broilers or fryers, meat and skin and giblets and neck, raw"
8884,"Chicken, broilers or fryers, meat and skin and giblets and neck, cooked, fried, batter"
8885,"Chicken, broilers or fryers, meat and skin and giblets and neck, cooked, fried, flour"
8886,"Chicken, broilers or fryers, meat and skin and giblets and neck, roasted"
8887,"Chicken, broilers or fryers, meat and skin, cooked, stewed"
8888,"Chicken, broilers or fryers, meat only, raw"
8889,"Chicken, broilers or fryers, meat only, cooked, fried"
8890,"Chicken, broilers or fryers, meat only, cooked, roasted"
8891,"Chicken, broilers or fryers, skin only, cooked, roasted"
8892,"Chicken, broilers or fryers, skin only, cooked, stewed"
8893,"Chicken, broilers or fryers, giblets, raw"
8894,"Chicken, broilers or fryers, giblets, cooked, fried"
8895,"Chicken, heart, all classes, cooked, simmered"
8896,"Chicken, liver, all classes, raw"
8897,"Chicken, liver, all classes, cooked, simmered"
8898,"Chicken, broilers or fryers, light meat, meat and skin, raw"
8899,"Chicken, broilers or fryers, dark meat, meat and skin, cooked, fried, batter"
8900,"Chicken, broilers or fryers, dark meat, meat and skin, cooked, fried, flour"
8901,"Chicken, broilers or fryers, dark meat, meat and skin, cooked, roasted"
8902,"Chicken, broilers or fryers, dark meat, meat and skin, cooked, stewed"
8903,"Chicken, broilers or fryers, dark meat, meat only, raw"
8904,"Chicken, broilers or fryers, dark meat, meat only, cooked, fried"
8905,"Chicken, broilers or fryers, dark meat, meat only, cooked, roasted"
8906,"Chicken, broilers or fryers, dark meat, meat only, cooked, stewed"
8907,"Chicken, broilers or fryers, back, meat and skin, cooked, roasted"
8908,"Chicken, broilers or fryers, back, meat and skin, cooked, stewed"
8909,"Chicken, broilers or fryers, back, meat only, raw"
8910,"Chicken, broilers or fryers, back, meat only, cooked, fried"
8911,"Chicken, broilers or fryers, breast, meat and skin, cooked, roasted"
8912,"Chicken, broilers or fryers, breast, meat and skin, cooked, stewed"
8913,"Chicken, broiler or fryers, breast, skinless, boneless, meat only, raw"
8914,"Chicken, broilers or fryers, breast, meat only, cooked, fried"
8915,"Squab, (pigeon), meat only, raw"
8916,"Squab, (pigeon), light meat without skin, raw"
8917,"Turkey, whole, meat and skin, raw"
8918,"Turkey, whole, skin (light and dark), roasted"
8919,"Turkey, whole, giblets, raw"
8920,"Turkey, whole, giblets, cooked, simmered"
8921,"Turkey, gizzard, all classes, raw"
8922,"Turkey, whole, neck, meat only, raw"
8923,"Turkey, whole, neck, meat only, cooked, simmered"
8924,"Turkey, whole, light meat, meat and skin, raw"
8925,"Turkey, whole, light meat, meat and skin, cooked, roasted"
8926,"Turkey, whole, dark meat, meat only, raw"
8927,"Turkey, whole, dark meat, cooked, roasted"
8928,"Turkey, all classes, back, meat and skin, cooked, roasted"
8929,"Turkey, all classes, breast, meat and skin, raw"
8930,"Turkey, all classes, wing, meat and skin, cooked, roasted"
8931,"Turkey, fryer-roasters, meat and skin, cooked, roasted"
8932,"Turkey, whole, back, meat only, raw"
8933,"Turkey, whole, back, meat only, cooked, roasted"
8934,"Turkey, whole, breast, meat only, raw"
8935,"Chicken, canned, meat only, with broth"
8936,"Pate de foie gras, canned (goose liver pate), smoked"
8937,"Turkey, canned, meat only, with broth"
8938,"Turkey, diced, light and dark meat, seasoned"
8939,"Turkey sticks, breaded, battered, fried"
8940,"Poultry, mechanically deboned, from backs and necks with skin, raw"
8941,"Poultry, mechanically deboned, from backs and necks without skin, raw"
8942,"Poultry, mechanically deboned, from mature hens, raw"
8943,"Chicken, cornish game hens, meat and skin, cooked, roasted"
8944,"Chicken, cornish game hens, meat only, raw"
8945,"Chicken, cornish game hens, meat only, cooked, roasted"
8946,"Chicken, canned, no broth"
8947,"Chicken, wing, frozen, glazed, barbecue flavored"
8948,"Duck, young duckling, domesticated, White Pekin, leg, meat and skin, bone in, cooked, roasted"
8949,"Duck, young duckling, domesticated, White Pekin, leg, meat only, bone in, cooked without skin, braised"
8950,"Chicken, broiler, rotisserie, BBQ, drumstick, meat only"
8951,"Chicken, wing, frozen, glazed, barbecue flavored, heated (conventional oven)"
8952,"Chicken, ground, raw"
8953,"Chicken, ground, crumbles, cooked, pan-browned"
8954,"Chicken, broiler, rotisserie, BBQ, thigh, meat only"
8955,"Chicken, feet, boiled"
8956,"Chicken, broilers or fryers, rotisserie, original seasoning, thigh, meat only, cooked"
8957,"Chicken, broilers or fryers, rotisserie, original seasoning, wing, meat only, cooked"
8958,"Chicken, broilers or fryers, rotisserie, original seasoning, back, meat and skin, cooked"
8959,"Chicken, broilers or fryers, rotisserie, original seasoning, breast, meat and skin, cooked"
8960,"Chicken, broiler, rotisserie, BBQ, back, meat and skin"
8961,"Chicken, broiler, rotisserie, BBQ, breast, meat and skin"
8962,"Chicken, broiler, rotisserie, BBQ, drumstick, meat and skin"
8963,"Chicken, broiler, rotisserie, BBQ, thigh, meat and skin"
8964,"Turkey, drumstick, from whole bird, meat only, with added solution, roasted"
8965,"Turkey, thigh, from whole bird, meat only, with added solution, raw"
8966,"Turkey, retail parts, breast, meat and skin, with added solution, raw"
8967,"Turkey, thigh, from whole bird, meat only, with added solution, roasted"
8968,"Turkey, retail parts, wing, meat and skin, raw"
8969,"Turkey, retail parts, wing, meat and skin, cooked, roasted"
8970,"Turkey, retail parts, drumstick, meat and skin, raw"
8971,"Turkey, retail parts, drumstick, meat and skin, cooked, roasted"
8972,"Turkey, drumstick, from whole bird, meat only, raw"
8973,"Turkey, retail parts, thigh, meat and skin, cooked, roasted"
8974,"Turkey, back, from whole bird, meat and skin, with added solution, raw"
8975,"Turkey, back, from whole bird, meat and skin, with added solution, roasted"
8976,"Chicken, broiler or fryers, breast, skinless, boneless, meat only, cooked, braised"
8977,"Soup, black bean, canned, condensed"
8978,"Soup, bean with pork, canned, condensed"
8979,"Soup, bean with frankfurters, canned, condensed"
8980,"Soup, bean with ham, canned, chunky, ready-to-serve"
8981,"Soup, chicken, canned, chunky, ready-to-serve"
8982,"Soup, cream of chicken, canned, condensed"
8983,"Soup, chicken gumbo, canned, condensed"
8984,"Soup, chunky chicken noodle, canned, ready-to-serve"
8985,"Soup, chicken vegetable, canned, condensed"
8986,"Soup, chili beef, canned, condensed"
8987,"Soup, clam chowder, manhattan style, canned, chunky, ready-to-serve"
8988,"Soup, clam chowder, manhattan, canned, condensed"
8989,"Soup, minestrone, canned, condensed"
8990,"Soup, mushroom barley, canned, condensed"
8991,"Soup, cream of mushroom, canned, condensed"
8992,"Soup, mushroom with beef stock, canned, condensed"
8993,"Soup, pea, split with ham, canned, condensed"
8994,"Soup, cream of potato, canned, condensed"
8995,"Soup, cream of shrimp, canned, condensed"
8996,"Soup, tomato beef with noodle, canned, condensed"
8997,"Soup, vegetarian vegetable, canned, condensed"
8998,"Soup, chunky beef, canned, ready-to-serve"
8999,"Soup, vegetable beef, canned, condensed"
9000,"Soup, vegetable with beef broth, canned, condensed"
9001,"Soup, onion, dry, mix"
9002,"Soup, cream of vegetable, dry, powder"
9003,"Sauce, teriyaki, ready-to-serve"
9004,"Gravy, au jus, canned"
9005,"Gravy, au jus, dry"
9006,"Gravy, mushroom, canned"
9007,"Gravy, mushroom, dry, powder"
9008,"Gravy, onion, dry, mix"
9009,"Gravy, pork, dry, powder"
9010,"Sauce, sofrito, prepared from recipe"
9011,"Soup, beef mushroom, canned, condensed"
9012,"Soup, tomato, canned, prepared with equal volume water, commercial"
9013,"Soup, ramen noodle, any flavor, dry"
9014,"Soup, broccoli cheese, canned, condensed, commercial"
9015,"Soup, SWANSON, beef broth, lower sodium"
9016,"Soup, SWANSON, vegetable broth"
9017,"SMART SOUP, Indian Bean Masala"
9018,"SMART SOUP, Moroccan Chick Pea"
9019,"SMART SOUP, Thai Coconut Curry"
9020,"SMART SOUP, Vietnamese Carrot Lemongrass"
9021,"Sauce, pesto, MEZZETTA, NAPA VALLEY BISTRO, basil pesto, ready-to-serve"
9022,"Sauce, hot chile, sriracha"
9023,"Sauce, hot chile, sriracha, CHA! BY TEXAS PETE"
9024,"Sauce, hot chile, sriracha, TUONG OT SRIRACHA"
9025,"Soup, vegetable beef, microwavable, ready-to-serve, single brand"
9026,"Soup, beef and vegetables, canned, ready-to-serve"
9027,"Sauce, cheese, ready-to-serve"
9028,"Sauce, pasta, spaghetti/marinara, ready-to-serve"
9029,"Beef, chuck, short ribs, boneless, separable lean only, trimmed to 0"" fat, select, raw"
9030,"Beef, chuck eye Country-Style ribs, boneless, separable lean only, trimmed to 0"" fat, select, raw"
9031,"Beef, chuck eye Country-Style ribs, boneless, separable lean only, trimmed to 0"" fat, all grades, raw"
9032,"Beef, chuck eye steak, boneless, separable lean only, trimmed to 0"" fat, choice, cooked, grilled"
9033,"Beef, chuck eye steak, boneless, separable lean only, trimmed to 0"" fat, select, cooked, grilled"
9034,"Beef, shoulder pot roast, boneless, separable lean only, trimmed to 0"" fat, choice, cooked, braised"
9035,"Beef, shoulder pot roast, boneless, separable lean only, trimmed to 0"" fat, select, cooked, braised"
9036,"Beef, shoulder pot roast, boneless, separable lean only, trimmed to 0"" fat, all grades, cooked, braised"
9037,"Beef, chuck, mock tender steak, boneless, separable lean only, trimmed to 0"" fat, choice, cooked, braised"
9038,"Beef, chuck, mock tender steak, boneless, separable lean only, trimmed to 0"" fat, all grades, raw"
9039,"Beef, chuck for stew, separable lean and fat, all grades, cooked, braised"
9040,"Beef, chuck for stew, separable lean and fat, select, cooked, braised"
9041,"Beef, chuck for stew, separable lean and fat, choice, cooked, braised"
9042,"Beef, chuck for stew, separable lean and fat, all grades, raw"
9043,"Beef, chuck, under blade steak, boneless, separable lean only, trimmed to 0"" fat, all grades, cooked, braised"
9044,"Beef, chuck, under blade pot roast, boneless, separable lean and fat, trimmed to 0"" fat, all grades, cooked, braised"
9045,"Beef, rib eye steak, boneless, lip-on, separable lean only, trimmed to 1/8"" fat, all grades, cooked, grilled"
9046,"Beef, rib eye roast, bone-in, lip-on, separable lean only, trimmed to 1/8"" fat, choice, cooked, roasted"
9047,"Beef, chuck, under blade center steak, boneless, Denver Cut, separable lean and fat, trimmed to 0"" fat, choice, cooked, grilled"
9048,"Beef, chuck, under blade center steak, boneless, Denver Cut, separable lean and fat, trimmed to 0"" fat, select, cooked, grilled"
9049,"Beef, chuck, under blade center steak, boneless, Denver Cut, separable lean and fat, trimmed to 0"" fat, all grades, raw"
9050,"Beef, chuck, under blade center steak, boneless, Denver Cut, separable lean and fat, trimmed to 0"" fat, choice, raw"
9051,"Beef, chuck eye roast, boneless, America's Beef Roast, separable lean and fat, trimmed to 0"" fat, choice, cooked, roasted"
9052,"Beef, chuck eye roast, boneless, America's Beef Roast, separable lean and fat, trimmed to 0"" fat, select, cooked, roasted"
9053,"Beef, chuck, under blade steak, boneless, separable lean and fat, trimmed to 0"" fat, all grades, cooked, braised"
9054,"Beef, chuck, under blade steak, boneless, separable lean and fat, trimmed to 0"" fat, choice, cooked, braised"
9055,"Beef, chuck, under blade steak, boneless, separable lean and fat, trimmed to 0"" fat, select, cooked, braised"
9056,"Beef, chuck, mock tender steak, boneless, separable lean and fat, trimmed to 0"" fat, choice, raw"
9057,"Beef, chuck, mock tender steak, boneless, separable lean and fat, trimmed to 0"" fat, select, raw"
9058,"Beef, chuck, short ribs, boneless, separable lean and fat, trimmed to 0"" fat, all grades, cooked, braised"
9059,"Beef, chuck, short ribs, boneless, separable lean and fat, trimmed to 0"" fat, choice, cooked, braised"
9060,"Beef, shoulder pot roast, boneless, separable lean and fat, trimmed to 0"" fat, all grades, cooked, braised"
9061,"Beef, shoulder pot roast, boneless, separable lean and fat, trimmed to 0"" fat, choice, cooked, braised"
9062,"Beef, shoulder pot roast, boneless, separable lean and fat, trimmed to 0"" fat, select, cooked, braised"
9063,"Beef, chuck eye Country-Style ribs, boneless, separable lean and fat, trimmed to 0"" fat, all grades, cooked, braised"
9064,"Beef, chuck eye steak, boneless, separable lean and fat, trimmed to 0"" fat, all grades, cooked, grilled"
9065,"Beef, chuck eye steak, boneless, separable lean and fat, trimmed to 0"" fat, choice, cooked, grilled"
9066,"Beef, chuck eye steak, boneless, separable lean and fat, trimmed to 0"" fat, select, cooked, grilled"
9067,"Beef, chuck eye steak, boneless, separable lean and fat, trimmed to 0"" fat, all grades, raw"
9068,"Beef, rib eye steak, boneless, lip-on, separable lean only, trimmed to 1/8"" fat, choice, cooked, grilled"
9069,"Beef, rib eye steak, boneless, lip-on, separable lean only, trimmed to 1/8"" fat, select, cooked, grilled"
9070,"Beef, rib eye steak/roast, bone-in, lip-on, separable lean only, trimmed to 1/8"" fat, all grades, raw"
9071,"Beef, rib eye steak/roast, bone-in, lip-on, separable lean only, trimmed to 1/8"" fat, choice, raw"
9072,"Beef, rib eye steak, bone-in, lip-on, separable lean only, trimmed to 1/8"" fat, all grades, cooked, grilled"
9073,"Beef, rib eye steak, bone-in, lip-on, separable lean only, trimmed to 1/8"" fat, choice, cooked, grilled"
9074,"Beef, rib eye steak, bone-in, lip-on, separable lean only, trimmed to 1/8"" fat, select, cooked, grilled"
9075,"Beef, rib eye roast, boneless, lip-on, separable lean only, trimmed to 1/8"" fat, all grades, cooked, roasted"
9076,"Cheese, gjetost"
9077,"Cheese, gouda"
9078,"Cheese, gruyere"
9079,"Cheese, limburger"
9080,"Cheese, mozzarella, low moisture, part-skim"
9081,"Cheese, muenster"
9082,"Cheese, neufchatel"
9083,"Cheese, parmesan, grated"
9084,"Cheese, ricotta, part skim milk"
9085,"Cheese, romano"
9086,"Cheese, roquefort"
9087,"Cheese, swiss"
9088,"Cheese food, pasteurized process, American, vitamin D fortified"
9089,"Cheese food, pasteurized process, swiss"
9090,"Cheese spread, pasteurized process, American"
9091,"Cream, fluid, half and half"
9092,"Cream, sour, reduced fat, cultured"
9093,"Cream, sour, cultured"
9094,Eggnog
9095,"Sour dressing, non-butterfat, cultured, filled cream-type"
9096,"Yogurt, Greek, 2%fat, coconut blend, CHOBANI"
9097,"Cream substitute, liquid, with hydrogenated vegetable oil and soy protein"
9098,"Cream substitute, liquid, with lauric acid oil and sodium caseinate"
9099,"Cream substitute, powdered"
9100,"Milk substitutes, fluid, with lauric acid oil"
9101,"Milk, whole, 3.25% milkfat, with added vitamin D"
9102,"Milk, producer, fluid, 3.7% milkfat"
9103,"Milk, reduced fat, fluid, 2% milkfat, with added vitamin A and vitamin D"
9104,"Milk, lowfat, fluid, 1% milkfat, protein fortified, with added vitamin A and vitamin D"
9105,"Milk, nonfat, fluid, with added vitamin A and vitamin D (fat free or skim)"
9106,"Milk, nonfat, fluid, with added nonfat milk solids, vitamin A and vitamin D (fat free or skim)"
9107,"Milk, nonfat, fluid, protein fortified, with added vitamin A and vitamin D (fat free and skim)"
9108,"Milk, dry, nonfat, instant, with added vitamin A and vitamin D"
9109,"Milk, dry, nonfat, calcium reduced"
9110,"Milk, buttermilk, dried"
9111,"Milk, canned, condensed, sweetened"
9112,"Milk, canned, evaporated, with added vitamin D and without added vitamin A"
9113,"Milk, chocolate beverage, hot cocoa, homemade"
9114,"Milk, goat, fluid, with added vitamin D"
9115,"Milk, human, mature, fluid"
9116,"Milk, indian buffalo, fluid"
9117,"Whey, acid, dried"
9118,"Whey, sweet, fluid"
9119,"Whey, sweet, dried"
9120,"Yogurt, plain, whole milk"
9121,"Yogurt, fruit, low fat, 10 grams protein per 8 ounce"
9122,"Yogurt, fruit, low fat, 11g protein/8 oz"
9123,"Egg, whole, raw, fresh"
9124,"Cheese, Mexican blend"
9125,"Cheese product, pasteurized process, American, vitamin D fortified"
9126,"Cheese, pasteurized process, American, without added vitamin D"
9127,"Cheese food, pasteurized process, American, without added vitamin D"
9128,"Cheese, cheddar, reduced fat (Includes foods for USDA's Food Distribution Program)"
9129,"Ice cream, light, soft serve, chocolate"
9130,"Ice cream bar, stick or nugget, with crunch coating"
9131,"Cheese, cheddar, nonfat or fat free"
9132,"Yogurt, Greek, nonfat, vanilla, CHOBANI"
9133,"Yogurt, Greek, strawberry, DANNON OIKOS"
9134,"Yogurt, Greek, nonfat, vanilla, DANNON OIKOS"
9135,"Yogurt, Greek, nonfat, strawberry, DANNON OIKOS"
9136,"Yogurt, Greek, strawberry, lowfat"
9137,"Kefir, lowfat, strawberry, LIFEWAY"
9138,"Milk, evaporated, 2% fat, with added vitamin A and vitamin D"
9139,"Milk, chocolate, fat free, with added vitamin A and vitamin D"
9140,"Yogurt, Greek, plain, whole milk"
9141,"Ice cream bar, covered with chocolate and nuts"
9142,Ice cream sundae cone
9143,"Cream, half and half, lowfat"
9144,"Yogurt, Greek, whole, plain, CHOBANI"
9145,"Yogurt, Greek, nonfat, lemon blend, CHOBANI"
9146,"Yogurt, Greek, nonfat, peach, CHOBANI"
9147,"Yogurt, Greek, nonfat, plain, CHOBANI"
9148,"Yogurt, Greek, nonfat, raspberry, CHOBANI"
9149,"Butter, Clarified butter (ghee)"
9150,"Spices, allspice, ground"
9151,"Spices, anise seed"
9152,"Spices, basil, dried"
9153,"Spices, chervil, dried"
9154,"Spices, chili powder"
9155,"Spices, cinnamon, ground"
9156,"Spices, cloves, ground"
9157,"Spices, dill weed, dried"
9158,"Spices, fennel seed"
9159,"Spices, fenugreek seed"
9160,"Spices, garlic powder"
9161,"Spices, nutmeg, ground"
9162,"Spices, onion powder"
9163,"Spices, oregano, dried"
9164,"Spices, paprika"
9165,"Spices, poppy seed"
9166,"Spices, poultry seasoning"
9167,"Spices, pumpkin pie spice"
9168,"Spices, rosemary, dried"
9169,"Babyfood, vegetables, corn, creamed, junior"
9170,"Babyfood, fruit, bananas with tapioca, strained"
9171,"Babyfood, fruit, peaches, strained"
9172,"Babyfood, fruit, peaches, junior"
9173,"Babyfood, fruit, pears, strained"
9174,"Babyfood, fruit, prunes with tapioca, without ascorbic acid, junior"
9175,"Babyfood, prunes, without vitamin c, strained"
9176,"Babyfood, fruit dessert, mango with tapioca"
9177,"Babyfood, pears, dices, toddler"
9178,"Babyfood, fruit, applesauce and pineapple, strained"
9179,"Babyfood, fruit, applesauce and pineapple, junior"
9180,"Babyfood, fruit, apple and raspberry, strained"
9181,"Babyfood, fruit, apple and raspberry, junior"
9182,"Babyfood, fruit, pears and pineapple, junior"
9183,"Babyfood, fruit, guava and papaya with tapioca, strained"
9184,"Babyfood, peaches, dices, toddler"
9185,"Babyfood, fruit, papaya and applesauce with tapioca, strained"
9186,"Babyfood, apple-banana juice"
9187,"Babyfood, juice, apple and peach"
9188,"Babyfood, juice, apple and prune"
9189,"Babyfood, juice, orange"
9190,"Babyfood, juice, orange and apple"
9191,"Babyfood, juice, prune and orange"
9192,"Babyfood, juice, mixed fruit"
9193,"Babyfood, cereal, barley, dry fortified"
9194,"Babyfood, cereal, whole wheat, with apples, dry fortified"
9195,"Babyfood, cereal, oatmeal, dry fortified"
9196,"Babyfood, cereal, oatmeal, with bananas, dry"
9197,"Babyfood, cereal, oatmeal, with applesauce and bananas, strained"
9198,"Babyfood, cereal, oatmeal, with applesauce and bananas, junior, fortified"
9199,"Babyfood, cereal, with egg yolks, junior"
9200,"Babyfood, cereal, with eggs, strained"
9201,"Babyfood, cereal, egg yolks and bacon, junior"
9202,"Babyfood, oatmeal cereal with fruit, dry, instant, toddler fortified"
9203,"Babyfood, cookie, baby, fruit"
9204,"Babyfood, cookies, arrowroot"
9205,"Babyfood, pretzels"
9206,"Babyfood, GERBER, GRADUATES Lil Biscuits Vanilla Wheat"
9207,Zwieback
9208,"Babyfood, dessert, cherry vanilla pudding, junior"
9209,"Babyfood, dessert, fruit pudding, orange, strained"
9210,"Babyfood, dessert, peach cobbler, strained"
9211,"Babyfood, dessert, peach cobbler, junior"
9212,"Babyfood, dessert, fruit dessert, without ascorbic acid, junior"
9213,"Babyfood, dessert, tropical fruit, junior"
9214,"Babyfood, dessert, custard pudding, vanilla, strained"
9215,"Babyfood, dessert, custard pudding, vanilla, junior"
9216,"Babyfood, juice, apple and grape"
9217,"Infant formula, ABBOTT NUTRITION, SIMILAC, ISOMIL, ADVANCE with iron, liquid concentrate"
9218,"Infant formula, ABBOTT NUTRITION, SIMILAC, ISOMIL, ADVANCE with iron, ready-to-feed"
9219,"Infant formula, ABBOTT NUTRITION, SIMILAC, ISOMIL, ADVANCE with iron, powder, not reconstituted"
9220,"Infant formula, NESTLE, GOOD START SUPREME, with iron, DHA and ARA, ready-to-feed"
9221,"Infant formula, NESTLE, GOOD START SUPREME, with iron, DHA and ARA, prepared from liquid concentrate"
9222,"Infant Formula, MEAD JOHNSON, ENFAMIL GENTLEASE, with iron, prepared from powder"
9223,"Babyfood, fortified cereal bar, fruit filling"
9224,"Infant Formula, MEAD JOHNSON, ENFAMIL, GENTLEASE, with ARA and DHA powder not reconstituted"
9225,"Infant formula, MEAD JOHNSON, ENFAMIL, Enfagrow, Soy, Toddler ready-to-feed"
9226,"Infant formula, MEAD JOHNSON, ENFAMIL, NUTRAMIGEN AA, ready-to-feed"
9227,"Infant formula, MEAD JOHNSON, ENFAMIL, Premature, with iron, 20 calories, ready-to-feed"
9228,"Infant formula, MEAD JOHNSON, ENFAMIL, Premature, with iron, 24 calories, ready-to-feed"
9229,"Infant formula, GERBER, GOOD START 2, PROTECT PLUS, ready-to-feed"
9230,"Infant formula, ABBOTT NUTRITION, SIMILAC, GO AND GROW, ready-to-feed, with ARA and DHA"
9231,"Infant formula, ABBOTT NUTRITION, SIMILAC, Expert Care, Diarrhea, ready- to- feed with ARA and DHA"
9232,"Infant formula, ABBOTT NUTRITION, SIMILAC, For Spit Up, ready-to-feed, with ARA and DHA"
9233,"Babyfood, Snack, GERBER, GRADUATES, LIL CRUNCHIES, baked whole grain corn snack"
9234,"Infant formula, ABBOTT NUTRITION, SIMILAC, For Spit Up, powder, with ARA and DHA"
9235,"Fat, beef tallow"
9236,Lard
9237,"Salad dressing, thousand island, commercial, regular"
9238,"Salad dressing, mayonnaise type, regular, with salt"
9239,"Salad dressing, french dressing, reduced fat"
9240,"Salad dressing, italian dressing, commercial, reduced fat"
9241,"Salad dressing, mayonnaise, imitation, soybean"
9242,"Salad dressing, mayonnaise, imitation, milk cream"
9243,"Salad dressing, mayonnaise, imitation, soybean without cholesterol"
9244,"Sandwich spread, with chopped pickle, regular, unspecified oils"
9245,"Oil, peanut, salad or cooking"
9246,"Oil, soybean, salad or cooking"
9247,"Oil, coconut"
9248,"Oil, olive, salad or cooking"
9249,"Salad dressing, french dressing, commercial, regular"
9250,"Margarine,spread, 35-39% fat, tub"
9251,"Salad dressing, french, home recipe"
9252,"Salad dressing, home recipe, vinegar and oil"
9253,"Salad dressing, mayonnaise, soybean oil, without salt"
9254,"Salad dressing, french, cottonseed, oil, home recipe"
9255,"Salad dressing, french dressing, fat-free"
9256,"Oil, cocoa butter"
9257,"Vegetable oil, palm kernel"
9258,"Oil, poppyseed"
9259,"Oil, tomatoseed"
9260,"Oil, teaseed"
9261,"Oil, soybean lecithin"
9262,"Oil, hazelnut"
9263,"Oil, babassu"
9264,"Oil, sheanut"
9265,"Oil, PAM cooking spray, original"
9266,"Margarine, margarine-like vegetable oil spread, 67-70% fat, tub"
9267,"Margarine, 80% fat, tub, CANOLA HARVEST Soft Spread (canola, palm and palm kernel oils)"
9268,"Oil, cooking and salad, ENOVA, 80% diglycerides"
9269,"Margarine-like, vegetable oil spread, approximately 37% fat, unspecified oils, with salt, with added vitamin D"
9270,"Margarine, regular, 80% fat, composite, stick, with salt, with added vitamin D"
9271,"Margarine, regular, 80% fat, composite, tub, with salt, with added vitamin D"
9272,"Margarine-like, vegetable oil spread, 60% fat, stick, with salt, with added vitamin D"
9273,"Oil, industrial, soy, low linolenic"
9274,"Oil, industrial, soy, ultra low linolenic"
9275,"Oil, industrial, soy, fully hydrogenated"
9276,"Oil, industrial, cottonseed, fully hydrogenated"
9277,"Oil, flaxseed, contains added sliced flaxseed"
9278,"Mayonnaise, reduced fat, with olive oil"
9279,"Salad dressing, mayonnaise-type, light"
9280,"Chicken, broiler, rotisserie, BBQ, breast, meat only"
9281,"Chicken, broilers or fryers, meat and skin and giblets and neck, stewed"
9282,"Chicken, broilers or fryers, meat and skin, raw"
9283,"Chicken, broilers or fryers, meat and skin, cooked, fried, batter"
9284,"Chicken, broilers or fryers, meat and skin, cooked, fried, flour"
9285,"Chicken, broilers or fryers, meat and skin, cooked, roasted"
9286,"Chicken, broilers or fryers, meat only, cooked, stewed"
9287,"Chicken, broilers or fryers, skin only, raw"
9288,"Chicken, broilers or fryers, skin only, cooked, fried, batter"
9289,"Chicken, broilers or fryers, skin only, cooked, fried, flour"
9290,"Chicken, broilers or fryers, giblets, cooked, simmered"
9291,"Chicken, gizzard, all classes, raw"
9292,"Chicken, gizzard, all classes, cooked, simmered"
9293,"Chicken, heart, all classes, raw"
9294,"Chicken, broilers or fryers, light meat, meat and skin, cooked, fried, batter"
9295,"Chicken, broilers or fryers, light meat, meat and skin, cooked, fried, flour"
9296,"Chicken, broilers or fryers, light meat, meat and skin, cooked, roasted"
9297,"Chicken, broilers or fryers, light meat, meat and skin, cooked, stewed"
9298,"Chicken, broilers or fryers, dark meat, meat and skin, raw"
9299,"Chicken, broilers or fryers, light meat, meat only, raw"
9300,"Chicken, broilers or fryers, light meat, meat only, cooked, fried"
9301,"Chicken, broilers or fryers, light meat, meat only, cooked, roasted"
9302,"Chicken, broilers or fryers, light meat, meat only, cooked, stewed"
9303,"Chicken, broilers or fryers, separable fat, raw"
9304,"Chicken, broilers or fryers, back, meat and skin, raw"
9305,"Chicken, broilers or fryers, back, meat and skin, cooked, fried, batter"
9306,"Chicken, broilers or fryers, back, meat and skin, cooked, fried, flour"
9307,"Chicken, broilers or fryers, back, meat only, cooked, roasted"
9308,"Chicken, broilers or fryers, back, meat only, cooked, stewed"
9309,"Chicken, broilers or fryers, breast, meat and skin, raw"
9310,"Chicken, broilers or fryers, breast, meat and skin, cooked, fried, batter"
9311,"Chicken, broilers or fryers, breast, meat and skin, cooked, fried, flour"
9312,"Chicken, broilers or fryers, breast, meat only, cooked, roasted"
9313,"Chicken, broilers or fryers, breast, meat only, cooked, stewed"
9314,"Turkey, whole, meat and skin, cooked, roasted"
9315,"Turkey, whole, meat only, raw"
9316,"Turkey, whole, meat only, cooked, roasted"
9317,"Turkey, whole, skin (light and dark), raw"
9318,"Turkey, all classes, gizzard, cooked, simmered"
9319,"Turkey, all classes, heart, raw"
9320,"Turkey, all classes, heart, cooked, simmered"
9321,"Turkey, all classes, liver, raw"
9322,"Turkey, all classes, liver, cooked, simmered"
9323,"Turkey, dark meat, meat and skin, raw"
9324,"Turkey, whole, dark meat, meat and skin, cooked, roasted"
9325,"Turkey, whole, light meat, raw"
9326,"Turkey, all classes, light meat, cooked, roasted"
9327,"Turkey, all classes, breast, meat and skin, cooked, roasted"
9328,"Turkey, all classes, leg, meat and skin, raw"
9329,"Turkey, all classes, leg, meat and skin, cooked, roasted"
9330,"Turkey, all classes, wing, meat and skin, raw"
9331,"Turkey, whole, breast, meat only, cooked, roasted"
9332,"Turkey, whole, wing, meat only, raw"
9333,"Turkey, whole, wing, meat only, cooked, roasted"
9334,"Turkey, young hen, skin only, cooked, roasted"
9335,"Turkey and gravy, frozen"
9336,"Turkey breast, pre-basted, meat and skin, cooked, roasted"
9337,"Turkey thigh, pre-basted, meat and skin, cooked, roasted"
9338,"Turkey roast, boneless, frozen, seasoned, light and dark meat, raw"
9339,"Turkey, mechanically deboned, from turkey frames, raw"
9340,"Turkey, Ground, raw"
9341,"Turkey, Ground, cooked"
9342,"Chicken, cornish game hens, meat and skin, raw"
9343,"Chicken, wing, frozen, glazed, barbecue flavored, heated (microwave)"
9344,"Chicken, broilers or fryers, breast, skinless, boneless, meat only, with added solution, raw"
9345,"Duck, young duckling, domesticated, White Pekin, breast, meat and skin, boneless, cooked, roasted"
9346,"Duck, young duckling, domesticated, White Pekin, breast, meat only, boneless, cooked without skin, broiled"
9347,"Chicken patty, frozen, uncooked"
9348,"Chicken patty, frozen, cooked"
9349,"Chicken breast tenders, breaded, cooked, microwaved"
9350,"Chicken breast tenders, breaded, uncooked"
9351,"Chicken, broiler, rotisserie, BBQ, wing, meat only"
9352,"Chicken, broilers or fryers, rotisserie, original seasoning, back, meat only, cooked"
9353,"Chicken, broilers or fryers, rotisserie, original seasoning, breast, meat only, cooked"
9354,"Chicken, broilers or fryers, drumstick, rotisserie, original seasoning, meat only, cooked"
9355,"Chicken, broilers or fryers, rotisserie, original seasoning, skin only, cooked"
9356,"Chicken, broilers or fryers,  rotisserie, original seasoning, drumstick, meat and skin, cooked"
9357,"Chicken, broilers or fryers, rotisserie, original seasoning, thigh, meat and skin, cooked"
9358,"Chicken, broilers or fryers, rotisserie, original seasoning, wing, meat and skin, cooked"
9359,"Chicken, broiler, rotisserie, BBQ, skin"
9360,"Turkey, drumstick, from whole bird, meat only, with added solution, raw"
9361,"Turkey, wing, from whole bird, meat only, with added solution, raw"
9362,"Turkey, wing, from whole bird, meat only, with added solution, roasted"
9363,"Turkey, retail parts, breast, meat and skin, raw"
9364,"Turkey, retail parts, breast, meat and skin, cooked, roasted"
9365,"Turkey, drumstick, from whole bird, meat only, roasted"
9366,"Turkey, thigh, from whole bird, meat only, raw"
9367,"Turkey, thigh, from whole bird, meat only, roasted"
9368,"Turkey, retail parts, thigh, meat and skin, raw"
9369,"Chicken, broiler or fryers, breast, skinless, boneless, meat only, cooked, grilled"
9370,"Chicken, broiler or fryers, breast, skinless, boneless, meat only, with added solution, cooked, braised"
9371,"Chicken, broiler or fryers, breast, skinless, boneless, meat only, with added solution, cooked, grilled"
9372,"Soup, cream of asparagus, canned, condensed"
9373,"Soup, beef broth or bouillon canned, ready-to-serve"
9374,"Soup, beef noodle, canned, condensed"
9375,"Soup, cream of celery, canned, condensed"
9376,"Soup, cheese, canned, condensed"
9377,"Soup, chicken broth, canned, condensed"
9378,"Soup, chicken noodle, canned, condensed"
9379,"Soup, chicken rice, canned, chunky, ready-to-serve"
9380,"Soup, chicken with rice, canned, condensed"
9381,"Soup, chicken and vegetable, canned, ready-to-serve"
9382,"Soup, clam chowder, new england, canned, condensed"
9383,"Soup, beef broth bouillon and consomme, canned, condensed"
9384,"Soup, lentil with ham, canned, ready-to-serve"
9385,"Soup, minestrone, canned, chunky, ready-to-serve"
9386,"Soup, onion, canned, condensed"
9387,"Soup, cream of onion, canned, condensed"
9388,"Soup, oyster stew, canned, condensed"
9389,"Soup, pea, green, canned, condensed"
9390,"Soup, pea, split with ham, canned, chunky, ready-to-serve"
9391,"CAMPBELL'S, Chicken Noodle Soup, condensed"
9392,"Soup, tomato rice, canned, condensed"
9393,"Soup, turkey, chunky, canned, ready-to-serve"
9394,"Soup, chunky vegetable, canned, ready-to-serve"
9395,"Soup, beef broth or bouillon, powder, dry"
9396,"Soup, beef broth, cubed, dry"
9397,"Soup, chicken broth or bouillon, dry"
9398,"Soup, chicken broth cubes, dry"
9399,"Gravy, beef, canned, ready-to-serve"
9400,"Gravy, brown, dry"
9401,"Gravy, chicken, canned or bottled, ready-to-serve"
9402,"Gravy, chicken, dry"
9403,"Gravy, turkey, canned, ready-to-serve"
9404,"Gravy, turkey, dry"
9405,"Gravy, unspecified type, dry"
9406,"Soup, chicken noodle, dry, mix"
9407,"Soup, beef mushroom, canned, prepared with equal volume water"
9408,"Soup, chicken mushroom, canned, prepared with equal volume water"
9409,"Soup, tomato bisque, canned, prepared with equal volume water"
9410,"Sauce, peanut, made from coconut, water, sugar, peanuts"
9411,"SMART SOUP, Santa Fe Corn Chowder"
9412,"SMART SOUP, French Lentil"
9413,"SMART SOUP, Greek Minestrone"
9414,"Sauce, pesto, ready-to-serve, refrigerated"
9415,"Sauce, pesto, ready-to-serve, shelf stable"
9416,"Sauce, pesto, BUITONI, pesto with basil, ready-to-serve, refrigerated"
9417,"Sauce, pesto, CLASSICO, basil pesto, ready-to-serve"
9418,"Soup, vegetable broth, ready to serve"
9419,"Sauce, cheese sauce mix, dry"
9420,"Soup, chicken corn chowder, chunky, ready-to-serve, single brand"
9421,"Soup, bean with bacon, condensed, single brand"
9422,"Soup, tomato, canned, condensed, reduced sodium"
9423,"Gravy, brown instant, dry"
9424,"Gravy, instant beef, dry"
9425,"Gravy, instant turkey, dry"
9426,"Soup, tomato, low sodium, with water"
9427,"Soup, pea, low sodium, prepared with equal volume water"
9428,"Soup, chicken noodle, low sodium, canned, prepared with equal volume water"
9429,"Soup, vegetable soup, condensed, low sodium, prepared with equal volume water"
9430,"Sauce, tomato chili sauce, bottled, with salt"
9431,"Soup, vegetable chicken, canned, prepared with water, low sodium"
9432,"Sauce, pasta, spaghetti/marinara, ready-to-serve, low sodium"
9433,"Gravy, meat or poultry, low sodium, prepared"
9434,"Gravy, HEINZ Home Style, savory beef"
9435,"Gravy, CAMPBELL'S, chicken"
9436,"Barbecue loaf, pork, beef"
9437,"Soup, cream of chicken, canned, condensed, reduced sodium"
9438,"Sauce, alfredo mix, dry"
9439,"Sauce, peppers, hot, chili, mature red, canned"
9440,"Sauce, chili, peppers, hot, immature green, canned"
9441,Fish broth
9442,"Soup, cream of mushroom, low sodium, ready-to-serve, canned"
9443,"Potato soup, instant, dry mix"
9444,"Soup, chicken broth, low sodium, canned"
9445,"Sauce, worcestershire"
9446,"Soup, beef and mushroom, low sodium, chunk style"
9447,"Soup, beef stroganoff, canned, chunky style, ready-to-serve"
9448,"Soup, bouillon cubes and granules, low sodium, dry"
9449,"Soup, ramen noodle, beef flavor, dry"
9450,"Soup, ramen noodle, chicken flavor, dry"
9451,"Beerwurst, beer salami, pork"
9452,"Sausage, Berliner, pork, beef"
9453,Blood sausage
9454,"Bockwurst, pork, veal, raw"
9455,"Bratwurst, pork, cooked"
9456,"Braunschweiger (a liver sausage), pork"
9457,"Bratwurst, pork, beef, link"
9458,"Cheesefurter, cheese smokie, pork, beef"
9459,"Frankfurter, chicken"
9460,"Frankfurter, turkey"
9461,"Ham, chopped, canned"
9462,"Ham, chopped, not canned"
9463,Ham and cheese loaf or roll
9464,Ham and cheese spread
9465,"Headcheese, pork"
9466,"Sausage, Italian, pork, mild, raw"
9467,"Sausage, pork and turkey, pre-cooked"
9468,"Frankfurter, meat and poultry, cooked, boiled"
9469,"Frankfurter, meat and poultry, cooked, grilled"
9470,"Pork sausage, link/patty, reduced fat, unprepared"
9471,"Pork sausage, link/patty, reduced fat, cooked, pan-fried"
9472,"Bologna, meat and poultry"
9473,"Meatballs, frozen, Italian style"
9474,"Bacon, turkey, microwaved"
9475,"Bacon, turkey, low sodium"
9476,"Cereals ready-to-eat, POST, ALPHA-BITS"
9477,"Cereals ready-to-eat, QUAKER, CAP'N CRUNCH"
9478,"Cereals ready-to-eat, QUAKER, CAP'N CRUNCH with CRUNCHBERRIES"
9479,"Cereals ready-to-eat, QUAKER, CAP'N CRUNCH'S PEANUT BUTTER CRUNCH"
9480,"Cereals ready-to-eat, POST, FRUITY PEBBLES"
9481,"Cereals ready-to-eat, granola, homemade"
9482,"Cereals ready-to-eat, POST, GRAPE-NUTS Cereal"
9483,"Cereals ready-to-eat, POST, GRAPE-NUTS Flakes"
9484,"Cereals ready-to-eat, QUAKER, SWEET CRUNCH/QUISP"
9485,"Cereals ready-to-eat, POST Raisin Bran Cereal"
9486,"Cereals ready-to-eat, QUAKER, QUAKER Puffed Rice"
9487,"Cereals ready-to-eat, POST, GOLDEN CRISP"
9488,"Cereals ready-to-eat, SUN COUNTRY, KRETSCHMER Honey Crunch Wheat Germ"
9489,"Cereals, corn grits, white, regular and quick, enriched, dry"
9490,"Cereals, corn grits, white, regular and quick, enriched, cooked with water, without salt"
9491,"Cereals, QUAKER, corn grits, instant, plain, dry"
9492,"Cereals, CREAM OF WHEAT, regular (10 minute), cooked with water, without salt"
9493,"Cereals, farina, enriched, assorted brands including CREAM OF WHEAT, quick (1-3 minutes), dry"
9494,"Cereals, farina, enriched, assorted brands including CREAM OF WHEAT, quick (1-3 minutes), cooked with water, without salt"
9495,"Cereals, CREAM OF WHEAT, instant, dry"
9496,"Cereals, oats, instant, fortified, plain, dry"
9497,"Cereals, oats, instant, fortified, plain, prepared with water (boiling water added or microwaved)"
9498,"Cereals, QUAKER, Instant Oatmeal, apples and cinnamon, dry"
9499,"Cereals, oats, instant, fortified, with cinnamon and spice, dry"
9500,"Cereals, WHEATENA, dry"
9501,"Cereals, WHEATENA, cooked with water"
9502,"Cereals, whole wheat hot natural cereal, dry"
9503,"Cereals, whole wheat hot natural cereal, cooked with water, without salt"
9504,"Cereals ready-to-eat, QUAKER, QUAKER Puffed Wheat"
9505,"Cereals, corn grits, yellow, regular and quick, unenriched, dry"
9506,"Cereals, corn grits, white, regular and quick, enriched, cooked with water, with salt"
9507,"Cereals, corn grits, yellow, regular and quick, enriched, cooked with water, without salt"
9508,"Cereals, corn grits, yellow, regular, quick, enriched, cooked with water, with salt"
9509,"Cereals, MALT-O-MEAL, chocolate, dry"
9510,"Cereals, oats, regular and quick and instant, unenriched, cooked with water (includes boiling and microwaving), with salt"
9511,"Cereals, WHEATENA, cooked with water, with salt"
9512,"Cereals, whole wheat hot natural cereal, cooked with water, with salt"
9513,"Cereals, ready-to-eat, MALT-O-MEAL, Blueberry Mini SPOONERS"
9514,"Cereals ready-to-eat, MALT-O-MEAL, OAT BLENDERS with honey"
9515,"Cereals ready-to-eat, MALT-O-MEAL, OAT BLENDERS with honey & almonds"
9516,"Cereals ready-to-eat, MALT-O-MEAL, Honey Nut SCOOTERS"
9517,"Cereals, QUAKER, Instant Oatmeal, Cinnamon Swirl, high fiber"
9518,"Cereals, QUAKER, oatmeal, REAL MEDLEYS, blueberry hazelnut, dry"
9519,"Cereals, QUAKER, oatmeal, REAL MEDLEYS, apple walnut, dry"
9520,"Cereals, QUAKER, oatmeal, REAL MEDLEYS, summer berry, dry"
9521,"Acerola, (west indian cherry), raw"
9522,"Acerola juice, raw"
9523,"Apples, raw, with skin (Includes foods for USDA's Food Distribution Program)"
9524,"Apples, raw, without skin"
9525,"Apples, dehydrated (low moisture), sulfured, stewed"
9526,"Apples, dried, sulfured, uncooked"
9527,"Apples, dried, sulfured, stewed, without added sugar"
9528,"Apples, dried, sulfured, stewed, with added sugar"
9529,"Apples, frozen, unsweetened, unheated (Includes foods for USDA's Food Distribution Program)"
9530,"Applesauce, canned, unsweetened, without added ascorbic acid (Includes foods for USDA's Food Distribution Program)"
9531,"Applesauce, canned, sweetened, without salt"
9532,"Apricots, raw"
9533,"Apricots, canned, water pack, with skin, solids and liquids"
9534,"Apricots, canned, heavy syrup pack, with skin, solids and liquids"
9535,"Apricots, canned, heavy syrup pack, without skin, solids and liquids"
9536,"Apricots, canned, extra heavy syrup pack, without skin, solids and liquids"
9537,"Apricots, dehydrated (low-moisture), sulfured, uncooked"
9538,"Apricots, frozen, sweetened"
9539,"Apricot nectar, canned, with added ascorbic acid"
9540,"Avocados, raw, all commercial varieties"
9541,"Avocados, raw, California"
9542,"Avocados, raw, Florida"
9543,"Cherries, tart, dried, sweetened (Includes foods for USDA's Food Distribution Program)"
9544,"Blackberries, canned, heavy syrup, solids and liquids"
9545,"Blackberries, frozen, unsweetened"
9546,"Blueberries, raw"
9547,"Boysenberries, canned, heavy syrup"
9548,"Boysenberries, frozen, unsweetened"
9549,"Breadfruit, raw"
9550,"Carambola, (starfruit), raw"
9551,"Cherries, sour, red, canned, heavy syrup pack, solids and liquids"
9552,"Cherries, sour, red, canned, extra heavy syrup pack, solids and liquids"
9553,"Cherries, sour, red, frozen, unsweetened (Includes foods for USDA's Food Distribution Program)"
9554,"Cherries, sweet, raw"
9555,"Cherries, sweet, canned, extra heavy syrup pack, solids and liquids"
9556,"Crabapples, raw"
9557,"Cranberries, raw"
9558,"Cranberries, dried, sweetened (Includes foods for USDA's Food Distribution Program)"
9559,"Currants, zante, dried"
9560,"Custard-apple, (bullock's-heart), raw"
9561,"Dates, deglet noor"
9562,"Elderberries, raw"
9563,"Beef, Australian, imported, grass-fed,  external fat, raw"
9564,"Beef, Australian, imported, grass-fed, seam fat, raw"
9565,"Beef, Australian, imported, Wagyu, external fat, Aust. marble score 4/5, raw"
9566,"Beef, Australian, imported, Wagyu, seam fat, Aust. marble score 4/5, raw"
9567,"Beef, Australian, imported, Wagyu, loin, tenderloin steak/roast, boneless, separable lean and fat, Aust. marble score 4/5, raw"
9568,"Beef, Australian, imported, grass-fed, loin, top loin steak/roast, boneless, separable lean and fat, raw"
9569,"Beef, Australian, imported, grass-fed, loin, top sirloin cap-off steak/roast, boneless, separable lean only, raw"
9570,"Beef, Australian, imported, grass-fed, rib, ribeye steak/roast lip-on, boneless, separable lean only, raw"
9571,"Beef, Australian, imported, Wagyu, loin, top loin steak/roast, boneless, separable lean only, Aust. marble score 9, raw"
9572,"Beef, Australian, imported, Wagyu, rib, small end rib steak/roast, boneless, separable lean only, Aust. marble score 4/5, raw"
9573,"Beef, Australian, imported, Wagyu, rib, small end rib steak/roast, boneless, separable lean only, Aust. marble score 9, raw"
9574,"Beef, Australian, imported, grass-fed, loin, top sirloin cap-off steak/roast, boneless, separable lean and fat, raw"
9575,"Beef, Australian, imported, Wagyu, rib, small end rib steak/roast, boneless, separable lean and fat, Aust. marble score 4/5, raw"
9576,"Beef, Australian, imported, Wagyu, rib, small end rib steak/roast, boneless, separable lean and fat, Aust. marble score 9, raw"
9577,"Beef, Australian, imported, Wagyu, loin, tenderloin steak/roast, boneless, separable lean and fat, Aust. marble score 9, raw"
9578,"Beef, round, top round steak, boneless, separable lean and fat, trimmed to 0"" fat, all grades, raw"
9579,"Beef, round, top round roast, boneless, separable lean and fat, trimmed to 0"" fat, select, raw"
9580,"Beef, round, eye of round roast, boneless, separable lean and fat, trimmed to 0"" fat, all grades, raw"
9581,"Beef, round, eye of round roast, boneless, separable lean and fat, trimmed to 0"" fat, choice, raw"
9582,"Beef, round, eye of round roast, boneless, separable lean and fat, trimmed to 0"" fat, select, raw"
9583,"Beef, loin, tenderloin roast, boneless, separable lean and fat, trimmed to 0"" fat, choice, raw"
9584,"Beef, loin, tenderloin roast, boneless, separable lean and fat, trimmed to 0"" fat, select, raw"
9585,"Beef, loin, top loin steak, boneless, lip off, separable lean and fat, trimmed to 0"" fat, all grades, raw"
9586,"Beef, loin, top loin steak, boneless, lip off, separable lean and fat, trimmed to 0"" fat, choice, raw"
9587,"Beef, loin, top loin steak, boneless, lip off, separable lean and fat, trimmed to 0"" fat, select, raw"
9588,"Beef, loin, tenderloin roast, boneless, separable lean and fat, trimmed to 0"" fat, choice, cooked, roasted"
9589,"Beef, loin, tenderloin roast, boneless, separable lean and fat, trimmed to 0"" fat, select, cooked, roasted"
9590,"Beef, round, top round roast, boneless, separable lean and fat, trimmed to 0"" fat, all grades, cooked, roasted"
9591,"Beef, round, top round roast, boneless, separable lean and fat, trimmed to 0"" fat, choice, cooked, roasted"
9592,"Beef, round, top round steak, boneless, separable lean only, trimmed to 0"" fat, all grades, raw"
9593,"Beef, round, top round steak, boneless, separable lean only, trimmed to 0"" fat, choice, raw"
9594,"Beef, round, top round steak, boneless, separable lean only, trimmed to 0"" fat, select, raw"
9595,"Beef, round, top round roast, boneless, separable lean only, trimmed to 0"" fat, all grades, raw"
9596,"Beef, round, eye of round roast, boneless, separable lean only, trimmed to 0"" fat, select, raw"
9597,"Beef, round, eye of round steak, boneless, separable lean only, trimmed to 0"" fat, all grades, raw"
9598,"Beef, round, eye of round steak, boneless, separable lean only, trimmed to 0"" fat, choice, raw"
9599,"Beef, round, eye of round steak, boneless, separable lean only, trimmed to 0"" fat, select, raw"
9600,"Beef, loin, tenderloin roast, boneless, separable lean only, trimmed to 0"" fat, all grades, raw"
9601,"Beef, loin, top loin steak, boneless, lip off, separable lean only, trimmed to 0"" fat, select, raw"
9602,"Beef, loin, tenderloin steak, boneless, separable lean only, trimmed to 0"" fat, all grades, raw"
9603,"Beef, loin, tenderloin steak, boneless, separable lean only, trimmed to 0"" fat, choice, raw"
9604,"Beef, loin, tenderloin steak, boneless, separable lean only, trimmed to 0"" fat, select, raw"
9605,"Beef, round, top round roast, boneless, separable lean only, trimmed to 0"" fat, choice, cooked, roasted"
9606,"Beef, round, top round roast, boneless, separable lean only, trimmed to 0"" fat, select, cooked, roasted"
9607,"Beef, round, eye of round steak, boneless, separable lean only, trimmed to 0"" fat, all grades, cooked, grilled"
9608,"Beef, round, eye of round steak, boneless, separable lean only, trimmed to 0"" fat, choice, cooked, grilled"
9609,"Beef, loin, top loin steak, boneless, lip-on, separable lean and fat, trimmed to 1/8"" fat, select, raw"
9610,"Beef, loin, top loin steak, boneless, lip-on, separable lean and fat, trimmed to 1/8"" fat, all grades, raw"
9611,"Beef, composite of trimmed retail cuts, separable lean only, trimmed to 0"" fat, select, raw"
9612,"Beef, composite of trimmed retail cuts, separable lean and fat, trimmed to 0"" fat, select, raw"
9613,"Beef, composite of trimmed retail cuts, separable lean only, trimmed to 1/8"" fat, select, cooked"
9614,"Beef, composite of trimmed retail cuts, separable lean only, trimmed to 1/8"" fat, select, raw"
9615,"Beef, chuck, clod roast, separable lean only, trimmed to 1/4"" fat, all grades, cooked, roasted"
9616,"Beef, shoulder steak, boneless, separable lean only, trimmed to 0"" fat, all grades, cooked, grilled"
9617,"Beef, chuck, clod steak, separable lean only, trimmed to 1/4"" fat, all grades, cooked, braised"
9618,"Beef, chuck, mock tender steak, separable lean and fat, trimmed to 0"" fat, USDA choice, cooked, broiled"
9619,"Beef, chuck, clod roast, separable lean and fat, trimmed to 0"" fat, select, cooked, roasted"
9620,"Beef, shoulder steak, boneless, separable lean and fat, trimmed to 0"" fat, choice, cooked, grilled"
9621,"Beef, shoulder steak, boneless, separable lean and fat, trimmed to 0"" fat, select, cooked, grilled"
9622,"Beef, plate, inside skirt steak, separable lean and fat, trimmed to 0"" fat, all grades, cooked, broiled"
9623,"Beef, plate, outside skirt steak, separable lean and fat, trimmed to 0"" fat, all grades, cooked, broiled"
9624,"Beef, shoulder steak, boneless, separable lean and fat, trimmed to 0"" fat, all grades, cooked, grilled"
9625,"Beef, ground, 95% lean meat / 5% fat, raw"
9626,"Beef, ground, 95% lean meat / 5% fat, patty, cooked, broiled"
9627,"Beef, ground, 95% lean meat / 5% fat, patty, cooked, pan-broiled"
9628,"Beef, ground, 90% lean meat / 10% fat, patty, cooked, pan-broiled"
9629,"Beef, ground, 90% lean meat / 10% fat, crumbles, cooked, pan-browned"
9630,"Beef, ground, 90% lean meat / 10% fat, loaf, cooked, baked"
9631,"Beef, ground, 85% lean meat / 15% fat, raw (Includes foods for USDA's Food Distribution Program)"
9632,"Beef, ground, 80% lean meat / 20% fat, patty, cooked, broiled"
9633,"Beef, ground, 80% lean meat / 20% fat, patty, cooked, pan-broiled"
9634,"Beef, ground, 80% lean meat / 20% fat, crumbles, cooked, pan-browned"
9635,"Beef, ground, 80% lean meat / 20% fat, loaf, cooked, baked"
9636,"Beef, ground, 75% lean meat / 25% fat, loaf, cooked, baked"
9637,"Beef, rib, small end (ribs 10-12), separable lean only, trimmed to 1/8"" fat, select, raw"
9638,"Beef, tenderloin, steak, separable lean only, trimmed to 1/8"" fat, select, raw"
9639,"Beef, top sirloin, steak, separable lean only, trimmed to 1/8"" fat, select, raw"
9640,"Beef, short loin, top loin, steak, separable lean only, trimmed to 1/8"" fat, select, cooked, grilled"
9641,"Beef, round, bottom round , roast, separable lean only, trimmed to 1/8"" fat, select, cooked, roasted"
9642,"Beef, round, eye of round, roast, separable lean only, trimmed to 1/8"" fat, select, cooked, roasted"
9643,"Beef, round, top round, steak, separable lean only, trimmed to 1/8"" fat, select, cooked, broiled"
9644,"Beef, round, eye of round, roast, separable lean only, trimmed to 1/8"" fat, all grades, cooked, roasted"
9645,"Beef, rib, small end (ribs 10-12), separable lean only, trimmed to 1/8"" fat, all grades, raw"
9646,"Beef, tenderloin, steak, separable lean only, trimmed to 1/8"" fat, all grades, cooked, broiled"
9647,"Beef, tenderloin, steak, separable lean only, trimmed to 1/8"" fat, all grades, raw"
9648,"Beef, short loin, top loin, steak, separable lean only, trimmed to 1/8"" fat, all grades, cooked, broiled"
9649,"Beef, short loin, top loin steak, separable lean only, trimmed to 1/8"" fat, all grades, raw"
9650,"Beef, round, top round, steak, separable lean only, trimmed to 1/8"" fat, all grades, cooked, broiled"
9651,"Beef, round, top round, steak, separable lean only, trimmed to 1/8"" fat, all grades, raw"
9652,"Beef, chuck, arm pot roast, separable lean only, trimmed to 1/8"" fat, choice, cooked, braised"
9653,"Beef, brisket, flat half, separable lean only, trimmed to 1/8"" fat, choice, cooked, braised"
9654,"Beef, round, eye of round, roast, separable lean only, trimmed to 1/8"" fat, choice, raw"
9655,"Beef, round, top round, steak, separable lean only, trimmed to 1/8"" fat, choice, raw"
9656,"Soup, wonton, Chinese restaurant"
9657,"Soup, ramen noodle, dry, any flavor, reduced fat, reduced sodium"
9658,"Sauce, duck, ready-to-serve"
9659,"Sauce, salsa, verde, ready-to-serve"
9660,"Sauce, steak, tomato based"
9661,"Sauce, tartar, ready-to-serve"
9662,"Sauce, barbecue, SWEET BABY RAY'S, original"
9663,"Sauce, barbecue, BULL'S-EYE, original"
9664,"Sauce, barbecue, KC MASTERPIECE, original"
9665,"Sauce, barbecue, OPEN PIT, original"
9666,Wasabi
9667,"Dip, bean, original flavor"
9668,"Sauce, horseradish"
9669,"Dip, FRITO'S, bean, original flavor"
9670,"Cookie, vanilla with caramel, coconut, and chocolate coating"
9671,"Cookie, with peanut butter filling, chocolate-coated"
9672,"Cookies, animal, with frosting or icing"
9673,"Crackers, multigrain"
9674,"Cake, snack cakes, not chocolate, with icing or filling, low-fat, with added fiber"
9675,"Cookies, brownies, commercially prepared, reduced fat, with added fiber"
9676,"Cookies, chocolate sandwich, with creme filling, reduced fat"
9677,"Cookies, oatmeal sandwich, with creme filling"
9678,"Cookies, peanut butter, commercially prepared, sugar free"
9679,"Bread, chapati or roti, plain, commercially prepared"
9680,"Bread, naan, plain, commercially prepared, refrigerated"
9681,"Crackers, standard snack-type, with whole wheat"
9682,"Cookies, coconut macaroon"
9683,"Crackers, sandwich-type, peanut butter filled, reduced fat"
9684,"Bread, cinnamon"
9685,"Bread, wheat, sprouted"
9686,"Bread, wheat, sprouted, toasted"
9687,"Bagels, multigrain"
9688,"Pancakes, whole wheat, dry mix, incomplete"
9689,"Crackers, toast thins, low sodium"
9690,"Crackers, whole grain, sandwich-type, with peanut butter filling"
9691,"Crackers, water biscuits"
9692,"Cookies, gluten-free, chocolate sandwich, with creme filling"
9693,"Cookies, gluten-free, chocolate wafer"
9694,"Cookies, gluten-free, lemon wafer"
9695,"Cookies, gluten-free, vanilla sandwich, with creme filling"
9696,"Rolls, gluten-free, white, made with brown rice flour, tapioca starch, and potato starch"
9697,"Rolls, gluten-free, white, made with rice flour, rice starch, and corn starch"
9698,"Rolls, gluten-free, white, made with brown rice flour, tapioca starch, and sorghum flour"
9699,"Rolls, gluten-free, whole grain, made with tapioca starch and brown rice flour"
9700,"Cookies, oatmeal, reduced fat"
9701,"Cookies, chocolate cream covered biscuit sticks"
9702,"Cookies, Marie biscuit"
9703,"Cookies, vanilla sandwich with creme filling, reduced fat"
9704,"Beverages, carbonated, tonic water"
9705,"Beverages, Energy drink, RED BULL, sugar free, with added caffeine, niacin, pantothenic acid, vitamins B6 and B12"
9706,"Beverages, carbonated, root beer"
9707,"Alcoholic Beverage, wine, table, red, Gamay"
9708,"Beverages, chocolate drink, milk and soy based, ready to drink, fortified"
9709,"Beverages, chocolate malt powder, prepared with 1% milk, fortified"
9710,"Beverages, carbonated, limeade, high caffeine"
9711,"Beverages, carbonated, low calorie, cola or pepper-types, with sodium saccharin, contains caffeine"
9712,"Beverages, coffee, ready to drink, vanilla, light, milk based, sweetened"
9713,"Beverages, Lemonade fruit juice drink light, fortified with vitamin E and C"
9714,"Beverages, chocolate-flavor beverage mix, powder, prepared with whole milk"
9715,"Beverages, coffee, ready to drink, milk based, sweetened"
9716,"Beverages, coffee, brewed, breakfast blend"
9717,"Beverages, Clam and tomato juice, canned"
9718,"Beverages, tea, green, ready to drink, ginseng and honey, sweetened"
9719,"Beverages, The COCA-COLA company, Minute Maid, Lemonade"
9720,"Beverages, tea, green, ready-to-drink, diet"
9721,"Beverages, Cocoa mix, no sugar added, powder"
9722,"Cocoa mix, NESTLE, Rich Chocolate Hot Cocoa Mix"
9723,"Beverages, tea, black, ready-to-drink, lemon, sweetened"
9724,"Beverages, coffee, brewed, prepared with tap water, decaffeinated"
9725,"Beverages, coffee, brewed, prepared with tap water"
9726,"Beverages, coffee, brewed, espresso, restaurant-prepared"
9727,"Beverages, tea, black, ready-to-drink, lemon, diet"
9728,"Beverages, coffee, instant, regular, powder"
9729,"Beverages, coffee, instant, decaffeinated, prepared with water"
9730,"Beverages, OCEAN SPRAY, Cranberry-Apple Juice Drink, bottled"
9731,"Beverages, OCEAN SPRAY, Diet Cranberry Juice"
9732,"Beverages, coffee, instant, with chicory"
9733,"Beverages, KRAFT, coffee, instant, French Vanilla Cafe"
9734,"Beverages, OCEAN SPRAY, Cran Raspberry Juice Drink"
9735,"Beverages, OCEAN SPRAY, Cran Lemonade"
9736,"Beverages, OCEAN SPRAY, Diet Cran Cherry"
9737,"Beverages, cranberry-grape juice drink, bottled"
9738,"Cranberry juice cocktail, bottled"
9739,"Cranberry juice cocktail, bottled, low calorie, with calcium, saccharin and corn sweetener"
9740,"Beverages, Eggnog-flavor mix, powder, prepared with whole milk"
9741,"Alcoholic beverages, beer, higher alcohol"
9742,"Beverages, Malt liquor beverage"
9743,"Alcoholic beverages, wine, rose"
9744,"Beverages, OCEAN SPRAY, Cran Pomegranate"
9745,"Beverages, tea, green, brewed, decaffeinated"
9746,"Beverages, tea, green, ready to drink, unsweetened"
9747,"Beverages, citrus fruit juice drink, frozen concentrate"
9748,"Beverages, citrus fruit juice drink, frozen concentrate, prepared with water"
9749,"Beverages, fruit punch drink, without added nutrients, canned"
9750,"Beverages, Tropical Punch, ready-to-drink"
9751,"Beverages, grape drink, canned"
9752,"Beverages, tea, green, brewed, regular"
9753,"Beverages, tea, instant, lemon, with added ascorbic acid"
9754,"Alcoholic beverage, distilled, all (gin, rum, vodka, whiskey) 86 proof"
9755,"Alcoholic beverage, distilled, all (gin, rum, vodka, whiskey) 90 proof"
9756,"Carbonated beverage, chocolate-flavored soda"
9757,"Beverages, water, bottled, non-carbonated, EVIAN"
9758,"Beverages, Powerade Zero Ion4, calorie-free, assorted flavors"
9759,"Beverages, WENDY'S, tea, ready-to-drink, unsweetened"
9760,"Alcoholic Beverage, wine, table, red, Merlot"
9761,"Water, non-carbonated, bottles, natural fruit flavors, sweetened with low calorie sweetener"
9762,"Beverages, V8 SPLASH Juice Drinks, Diet Tropical Blend"
9763,"Beverages, V8 SPLASH Juice Drinks, Berry Blend"
9764,"Beverages, V8 SPLASH Juice Drinks, Fruit Medley"
9765,"Beverages, V8 SPLASH Juice Drinks, Guava Passion Fruit"
9766,"Beverages, V8 SPLASH Juice Drinks, Strawberry Kiwi"
9767,"Beverages, V8 SPLASH Juice Drinks, Tropical Blend"
9768,"Beverages, V8 V-FUSION Juices, Peach Mango"
9769,"Beverages, V8 V-FUSION Juices, Strawberry Banana"
9770,"Beverages, Energy Drink, Monster, fortified with vitamins C, B2, B3, B6, B12"
9771,"Beverages, Energy drink, AMP, sugar free"
9772,"Beverages, Energy drink, ROCKSTAR"
9773,"Beverages, Energy drink, ROCKSTAR, sugar free"
9774,"Beverages, Meal supplement drink, canned, peanut flavor"
9775,"Water, with corn syrup and/or sugar and low calorie sweetener, fruit flavored"
9776,"Beverages, Horchata, as served in restaurant"
9777,"Beverages, rice milk, unsweetened"
9778,"Beverages, Energy drink, VAULT, citrus flavor"
9779,"Beverages, Fruit flavored drink, reduced sugar, greater than 3% fruit juice, high vitamin C, added calcium"
9780,"Beverages, fruit juice drink, greater than 3% fruit juice, high vitamin C and added thiamin"
9781,"Beverages, tea, hibiscus, brewed"
9782,"Beverages, fruit juice drink, greater than 3% juice, high vitamin C"
9783,"Fish, bass, striped, raw"
9784,"Fish, bluefish, raw"
9785,"Fish, burbot, raw"
9786,"Fish, butterfish, raw"
9787,"Fish, carp, raw"
9788,"Fish, cisco, raw"
9789,"Fish, cisco, smoked"
9790,"Fish, cod, Atlantic, raw"
9791,"Fish, cod, Atlantic, cooked, dry heat"
9792,"Fish, croaker, Atlantic, cooked, breaded and fried"
9793,"Fish, cusk, raw"
9794,"Fish, mahimahi, raw"
9795,"Fish, drum, freshwater, raw"
9796,"Fish, gefiltefish, commercial, sweet recipe"
9797,"Fish, grouper, mixed species, raw"
9798,"Fish, grouper, mixed species, cooked, dry heat"
9799,"Fish, haddock, raw"
9800,"Fish, halibut, Greenland, raw"
9801,"Crustaceans, crab, blue, canned"
9802,"Crustaceans, crab, blue, crab cakes, home recipe"
9803,"Crustaceans, crab, dungeness, raw"
9804,"Crustaceans, crab, queen, raw"
9805,"Crustaceans, shrimp, mixed species, cooked, breaded and fried"
9806,"Crustaceans, shrimp, mixed species, cooked, moist heat (may contain additives to retain moisture)"
9807,"Crustaceans, shrimp, mixed species, canned"
9808,"Crustaceans, shrimp, mixed species, imitation, made from surimi"
9809,"Mollusks, clam, mixed species, cooked, breaded and fried"
9810,"Mollusks, clam, mixed species, cooked, moist heat"
9811,"Mollusks, clam, mixed species, canned, drained solids"
9812,"Mollusks, clam, mixed species, canned, liquid"
9813,"Mollusks, oyster, eastern, wild, raw"
9814,"Mollusks, oyster, eastern, cooked, breaded and fried"
9815,"Mollusks, oyster, eastern, wild, cooked, moist heat"
9816,"Mollusks, oyster, eastern, canned"
9817,"Mollusks, squid, mixed species, cooked, fried"
9818,"Mollusks, whelk, unspecified, raw"
9819,"Mollusks, whelk, unspecified, cooked, moist heat"
9820,"Fish, salmon, chinook, smoked, (lox), regular"
9821,"Fish, tuna, light, canned in water, without salt, drained solids"
9822,"Fish, tuna, white, canned in oil, without salt, drained solids"
9823,"Fish, tuna, white, canned in water, without salt, drained solids"
9824,"Fish, bass, freshwater, mixed species, cooked, dry heat"
9825,"Fish, cod, Pacific, cooked, dry heat (may contain additives to retain moisture)"
9826,"Fish, cusk, cooked, dry heat"
9827,"Fish, mahimahi, cooked, dry heat"
9828,"Fish, drum, freshwater, cooked, dry heat"
9829,"Fish, mackerel, Pacific and jack, mixed species, cooked, dry heat"
9830,"Fish, milkfish, cooked, dry heat"
9831,"Fish, monkfish, cooked, dry heat"
9832,"Fish, pike, walleye, cooked, dry heat"
9833,"Fish, salmon, Atlantic, wild, cooked, dry heat"
9834,"Fish, salmon, chinook, cooked, dry heat"
9835,"Fish, salmon, chum, cooked, dry heat"
9836,"Fish, salmon, pink, cooked, dry heat"
9837,"Fish, sucker, white, cooked, dry heat"
9838,"Fish, sunfish, pumpkin seed, cooked, dry heat"
9839,"Fish, trout, mixed species, cooked, dry heat"
9840,"Fish, tuna, skipjack, fresh, cooked, dry heat"
9841,"Fish, tuna, yellowfin, fresh, cooked, dry heat"
9842,"Crustaceans, crab, dungeness, cooked, moist heat"
9843,"Crustaceans, crab, queen, cooked, moist heat"
9844,"Crustaceans, spiny lobster, mixed species, cooked, moist heat"
9845,"Mollusks, cuttlefish, mixed species, cooked, moist heat"
9846,"Beerwurst, beer salami, pork and beef"
9847,"Bologna, beef"
9848,"Bologna, beef and pork"
9849,"Pasta, cooked, unenriched, with added salt"
9850,"Cornmeal, degermed, unenriched, white"
9851,"Wheat flour, white (industrial), 9% protein, bleached, enriched"
9852,"Wheat flour, white (industrial), 9% protein, bleached, unenriched"
9853,"Wheat flour, white (industrial), 10% protein, bleached, enriched"
9854,"Wheat flour, white (industrial), 10% protein, bleached, unenriched"
9855,"Wheat flour, white (industrial), 13% protein, bleached, unenriched"
9856,"Wheat flour, white (industrial), 15% protein, bleached, enriched"
9857,"Wheat flour, white (industrial), 15% protein, bleached, unenriched"
9858,Millet flour
9859,"Pasta, whole grain, 51% whole wheat, remaining enriched semolina, cooked (Includes foods for USDA's Food Distribution Program)"
9860,"Pasta, whole grain, 51% whole wheat, remaining enriched semolina, dry (Includes foods for USDA's Food Distribution Program)"
9861,"Pasta, gluten-free, brown rice flour, cooked, TINKYADA"
9862,"Pasta, gluten-free, corn flour and quinoa flour, cooked, ANCIENT HARVEST"
9863,"Fast Foods, biscuit, with egg and sausage"
9864,"Fast foods, biscuit, with egg, cheese, and bacon"
9865,"Fast foods, biscuit, with ham"
9866,"Fast foods, biscuit, with sausage"
9867,"Fast foods, english muffin, with cheese and sausage"
9868,"Fast foods, english muffin, with egg, cheese, and canadian bacon"
9869,"Fast foods, english muffin, with egg, cheese, and sausage"
9870,"Fast foods, french toast sticks"
9871,"Fast foods, sundae, strawberry"
9872,"Fast foods, shrimp, breaded and fried"
9873,"Fast foods, burrito, with beans"
9874,"Fast foods, burrito, with beans and cheese"
9875,"PIZZA HUT 12"" Cheese Pizza, Hand-Tossed Crust"
9876,"PIZZA HUT 12"" Cheese Pizza, Pan Crust"
9877,"PIZZA HUT 12"" Cheese Pizza, THIN 'N CRISPY Crust"
9878,"DOMINO'S 14"" Cheese Pizza, Crunchy Thin Crust"
9879,"DOMINO'S 14"" Pepperoni Pizza, Classic Hand-Tossed Crust"
9880,"DOMINO'S 14"" Pepperoni Pizza, Ultimate Deep Dish Crust"
9881,"DOMINO'S 14"" EXTRAVAGANZZA FEAST Pizza, Classic Hand-Tossed Crust"
9882,"LITTLE CAESARS 14"" Original Round Cheese Pizza, Regular Crust"
9883,"LITTLE CAESARS 14"" Original Round Pepperoni Pizza, Regular Crust"
9884,"LITTLE CAESARS 14"" Original Round Meat and Vegetable Pizza, Regular Crust"
9885,"LITTLE CAESARS 14"" Cheese Pizza, Large Deep Dish Crust"
9886,"PIZZA HUT 14"" Cheese Pizza, THIN 'N CRISPY Crust"
9887,"PIZZA HUT 14"" Pepperoni Pizza, Hand-Tossed Crust"
9888,"PIZZA HUT 14"" Pepperoni Pizza, Pan Crust"
9889,"PIZZA HUT 14"" Super Supreme Pizza, Hand-Tossed Crust"
9890,"Fast Food, Pizza Chain, 14"" pizza, meat and vegetable topping, regular crust"
9891,"Fast foods, griddle cake sandwich, egg, cheese, and sausage"
9892,"Fast foods, griddle cake sandwich, sausage"
9893,"Fast foods, griddle cake sandwich, egg, cheese, and bacon"
9894,"McDONALD'S, Sausage McGRIDDLES"
9895,"McDONALD'S, Sausage, Egg & Cheese McGRIDDLES"
9896,"McDONALD'S, Vanilla Reduced Fat Ice Cream Cone"
9897,"McDONALD'S, Strawberry Sundae"
9898,"McDONALD'S, Sausage Burrito"
9899,"McDONALD'S, BIG BREAKFAST"
9900,"McDONALD'S, Double Cheeseburger"
9901,"McDONALD'S, DOUBLE QUARTER POUNDER with Cheese"
9902,"McDONALD'S, BIG MAC (without Big Mac Sauce)"
9903,"McDONALD'S, Sausage McMUFFIN with Egg"
9904,"McDONALD'S, Bacon Egg & Cheese Biscuit"
9905,"McDONALD'S, Sausage Biscuit"
9906,"McDONALD'S, Sausage Biscuit with Egg"
9907,McDONALD'S Bacon Ranch Salad with Crispy Chicken
9908,"McDONALD'S, Bacon Ranch Salad without chicken"
9909,"McDONALD'S, Side Salad"
9910,"McDONALD'S, Fruit 'n Yogurt Parfait"
9911,"BURGER KING, CROISSAN'WICH with Egg and Cheese"
9912,"BURGER KING, french toast sticks"
9913,"BURGER KING, Hash Brown Rounds"
9914,"Fast foods, miniature cinnamon rolls"
9915,"Fast foods, hamburger; double, large patty; with condiments, vegetables and mayonnaise"
9916,"Fast foods, cheeseburger; single, large patty; with condiments, vegetables and mayonnaise"
9917,"Fast foods, cheeseburger; single, large patty; with condiments"
9918,"Fast Foods, cheeseburger; double, large patty; with condiments, vegetables and mayonnaise"
9919,"Fast foods, cheeseburger; double, regular patty; double decker bun with condiments and special sauce"
9920,"Light Ice Cream, soft serve, blended with cookie pieces"
9921,"POPEYES, biscuit"
9922,"POPEYES, Coleslaw"
9923,"POPEYES, Mild Chicken Strips, analyzed 2006"
9924,"Spaghetti with meat sauce, frozen entree"
9925,"Beef macaroni with tomato sauce, frozen entree, reduced fat"
9926,"Pasta with Sliced Franks in Tomato Sauce, canned entree"
9927,"Turkey Pot Pie, frozen entree"
9928,"Beef Pot Pie, frozen entree, prepared"
9929,"Tortellini, pasta with cheese filling, fresh-refrigerated, as purchased"
9930,"Pizza, meat topping, thick crust, frozen, cooked"
9931,"Pizza, pepperoni topping, regular crust, frozen, cooked"
9932,"Chili con carne with beans, canned entree"
9933,"Chili, no beans, canned entree"
9934,"Spaghetti, with meatballs in tomato sauce, canned"
9935,"Pasta with tomato sauce, no meat, canned"
9936,"Lasagna with meat & sauce, low-fat, frozen entree"
9937,"Burrito, beef and bean, microwaved"
9938,"Egg rolls, pork, refrigerated, heated"
9939,"Egg rolls, chicken, refrigerated, heated"
9940,"Egg rolls, vegetable, frozen, prepared"
9941,"Lasagna, Vegetable, frozen, baked"
9942,"HOT POCKETS, meatballs & mozzarella stuffed sandwich, frozen"
9943,"LEAN POCKETS, Ham N Cheddar"
9944,"Lean Pockets, Meatballs & Mozzarella"
9945,"Chili with beans, microwavable bowls"
9946,"Chicken, nuggets, dark and white meat, precooked, frozen, not reheated"
9947,"Chicken, nuggets, white meat, precooked, frozen, not reheated"
9948,"Ravioli, cheese with tomato sauce, frozen, not prepared, includes regular and light entrees"
9949,"Lasagna with meat sauce, frozen, prepared"
9950,"Beef, short loin, porterhouse steak, separable lean and fat, trimmed to 1/8"" fat, all grades, cooked, grilled"
9951,"Beef, short loin, porterhouse steak, separable lean and fat, trimmed to 1/8"" fat, select, raw"
9952,"Beef, short loin, porterhouse steak, separable lean and fat, trimmed to 1/8"" fat, select, cooked, grilled"
9953,"Beef, short loin, t-bone steak, separable lean and fat, trimmed to 1/8"" fat, all grades, raw"
9954,"Beef, round, knuckle, tip side, steak, separable lean and fat, trimmed to 0"" fat, choice, cooked, grilled"
9955,"Beef, round, knuckle, tip side, steak, separable lean and fat , trimmed to 0"" fat, select, raw"
9956,"Beef, round, knuckle, tip side, steak, separable lean and fat, trimmed to 0"" fat, select, cooked, grilled"
9957,"Beef, chuck, shoulder clod, shoulder tender, medallion, separable lean and fat, trimmed to 0"" fat, choice, raw"
9958,"Beef, chuck, shoulder clod, shoulder top and center steaks, separable lean and fat, trimmed to 0"" fat, select, raw"
9959,"Beef, chuck, shoulder clod, shoulder top and center steaks, separable lean and fat, trimmed to 0"" fat, select, cooked, grilled"
9960,"Beef, chuck, shoulder clod, top blade, steak, separable lean and fat, trimmed to 0"" fat, choice, raw"
9961,"Beef, chuck, shoulder clod, top blade, steak, separable lean and fat, trimmed to 0"" fat, choice, cooked, grilled"
9962,"Beef, round, knuckle, tip center, steak, separable lean and fat, trimmed to 0"" fat, select, cooked, grilled"
9963,"Beef, round, outside round, bottom round, steak, separable lean and fat, trimmed to 0"" fat, choice, raw"
9964,"Beef, round, outside round, bottom round, steak, separable lean and fat, trimmed to 0"" fat, choice, cooked, grilled"
9965,"Beef, round, outside round, bottom round, steak, separable lean and fat, trimmed to 0"" fat, select, raw"
9966,"Beef, round, knuckle, tip side, steak, separable lean and fat, trimmed to 0"" fat, all grades, cooked, grilled"
9967,"Beef, chuck, shoulder clod, shoulder top and center steaks, separable lean and fat, trimmed to 0"" fat, all grades, raw"
9968,"Beef, chuck, shoulder clod, shoulder top and center steaks, separable lean and fat, trimmed to 0"" fat, all grades, cooked, grilled"
9969,"Beef, chuck, shoulder clod, top blade, steak, separable lean and fat, trimmed to 0"" fat, all grades, raw"
9970,"Beef, round, outside round, bottom round, steak, separable lean and fat, trimmed to 0"" fat, all grades, cooked, grilled"
9971,"Beef, chuck, shoulder clod, shoulder tender, medallion, separable lean and fat, trimmed to 0"" fat, select, cooked, grilled"
9972,"Beef, plate steak, boneless, inside skirt, separable lean only, trimmed to 0"" fat, choice, raw"
9973,"Beef, plate steak, boneless, inside skirt, separable lean only, trimmed to 0"" fat, select, cooked, grilled"
9974,"Beef, plate steak, boneless, inside skirt, separable lean only, trimmed to 0"" fat, select, raw"
9975,"Beef, plate steak, boneless, outside skirt, separable lean only, trimmed to 0"" fat, all grades, cooked, grilled"
9976,"Beef, plate steak, boneless, outside skirt, separable lean only, trimmed to 0"" fat, select, raw"
9977,"Beef, rib eye steak, boneless, lip off, separable lean only, trimmed to 0"" fat, all grades, cooked, grilled"
9978,"Beef, rib eye steak, boneless, lip off, separable lean only, trimmed to 0"" fat, all grades, raw"
9979,"Beef, rib eye steak, boneless, lip off, separable lean only, trimmed to 0"" fat, choice, cooked, grilled"
9980,"Beef, rib, back ribs, bone-in, separable lean only, trimmed to 0"" fat, all grades, raw"
9981,"Beef, rib, back ribs, bone-in, separable lean only, trimmed to 0"" fat, choice, cooked, braised"
9982,"Beef, rib, back ribs, bone-in, separable lean only, trimmed to 0"" fat, choice, raw"
9983,"Beef, rib, back ribs, bone-in, separable lean only, trimmed to 0"" fat, select, cooked, braised"
9984,"Beef, rib eye roast, bone-in, lip-on, separable lean and fat, trimmed to 1/8"" fat, select, cooked, roasted"
9985,"Beef, rib eye roast, bone-in, lip-on, separable lean and fat, trimmed to 1/8"" fat, all grades, cooked, roasted"
9986,"Beef, rib eye steak/roast, bone-in, lip-on, separable lean and fat, trimmed to 1/8"" fat, all grades, raw"
9987,"Beef, rib eye steak/roast, bone-in, lip-on, separable lean and fat, trimmed to 1/8"" fat, choice, raw"
9988,"Beef, rib eye roast, boneless, lip-on, separable lean and fat, trimmed to 1/8"" fat, all grades, cooked, roasted"
9989,"Beef, rib eye roast, boneless, lip-on, separable lean and fat, trimmed to 1/8"" fat, choice, cooked, roasted"
9990,"Beef, rib eye roast, boneless, lip-on, separable lean and fat, trimmed to 1/8"" fat, select, cooked, roasted"
9991,"Beef, rib eye steak/roast, boneless, lip-on, separable lean and fat, trimmed to 1/8"" fat, all grades, raw"
9992,"Beef, plate steak, boneless, inside skirt, separable lean and fat, trimmed to 0"" fat, select, cooked, grilled"
9993,"Beef, plate steak, boneless, inside skirt, separable lean and fat, trimmed to 0"" fat, all grades, raw"
9994,"Beef, plate steak, boneless, inside skirt, separable lean and fat, trimmed to 0"" fat, choice, raw"
9995,"Beef, plate steak, boneless, inside skirt, separable lean and fat, trimmed to 0"" fat, select, raw"
9996,"Beef, ground, unspecified fat content, cooked"
9997,"Beef, plate steak, boneless, outside skirt, separable lean and fat, trimmed to 0"" fat, choice, raw"
9998,"Beef, plate steak, boneless, outside skirt, separable lean and fat, trimmed to 0"" fat, select, raw"
9999,"Beef, rib eye steak, boneless, lip off, separable lean and fat, trimmed to 0"" fat, all grades, cooked, grilled"
10000,"Beef, rib eye steak, boneless, lip off, separable lean and fat, trimmed to 0"" fat, choice, cooked, grilled"
10001,"Beef, rib, back ribs, bone-in, separable lean and fat, trimmed to 0"" fat, all grades, cooked, braised"
10002,"Beef, rib, back ribs, bone-in, separable lean and fat, trimmed to 0"" fat, choice, cooked, braised"
10003,"Beef, rib, back ribs, bone-in, separable lean and fat, trimmed to 0"" fat, select, cooked, braised"
10004,"Beef, rib, back ribs, bone-in, separable lean and fat, trimmed to 0"" fat, all grades, raw"
10005,"Beef, loin, top sirloin cap steak, boneless, separable lean only, trimmed to 1/8"" fat, all grades, cooked, grilled"
10006,"Beef, loin, top sirloin cap steak, boneless, separable lean only, trimmed to 1/8"" fat, choice, cooked, grilled"
10007,"Beef, loin, top sirloin cap steak, boneless, separable lean only, trimmed to 1/8"" fat, select, cooked, grilled"
10008,"Beef, loin, top sirloin cap steak, boneless, separable lean only, trimmed to 1/8"" fat, all grades, raw"
10009,"Beef, loin, top sirloin cap steak, boneless, separable lean only, trimmed to 1/8"" fat, choice, raw"
10010,"Cheese, blue"
10011,"Cheese, brick"
10012,"Cheese, brie"
10013,"Cheese, camembert"
10014,"Cheese, cottage, creamed, large or small curd"
10015,"Cheese, cottage, creamed, with fruit"
10016,"Cheese, cottage, nonfat, uncreamed, dry, large or small curd"
10017,"Cheese, cottage, lowfat, 2% milkfat"
10018,"Egg, white, raw, fresh"
10019,"Egg, yolk, raw, fresh"
10020,"Egg, whole, cooked, omelet"
10021,"Egg, whole, cooked, poached"
10022,"Egg, whole, cooked, scrambled"
10023,"Egg, whole, dried"
10024,"Egg, duck, whole, fresh, raw"
10025,"Egg, goose, whole, fresh, raw"
10026,"Egg, quail, whole, fresh, raw"
10027,"Egg, turkey, whole, fresh, raw"
10028,"Milk, reduced fat, fluid, 2% milkfat, with added nonfat milk solids, without added vitamin A"
10029,"Milk, canned, evaporated, with added vitamin A"
10030,"Milk, dry, nonfat, regular, with added vitamin A and vitamin D"
10031,"Milk, dry, nonfat, instant, without added vitamin A and vitamin D"
10032,"Cheese, goat, hard type"
10033,"Cheese substitute, mozzarella"
10034,"Yogurt, Greek, 2% fat, mango, CHOBANI"
10035,"Cheese sauce, prepared from recipe"
10036,"Cheese, mexican, queso anejo"
10037,"Egg, whole, raw, frozen, pasteurized (Includes foods for USDA's Food Distribution Program)"
10038,"Egg, white, raw, frozen, pasteurized"
10039,"Egg, white, dried"
10040,"Milk, reduced fat, fluid, 2% milkfat, without added vitamin A and vitamin D"
10041,"Parmesan cheese topping, fat free"
10042,"Cheese, cream, fat free"
10043,"Yogurt, chocolate, nonfat milk"
10044,KRAFT CHEEZ WHIZ Pasteurized Process Cheese Sauce
10045,KRAFT BREAKSTONE'S Reduced Fat Sour Cream
10046,KRAFT BREAKSTONE'S FREE Fat Free Sour Cream
10047,"Cream, half and half, fat free"
10048,Reddi Wip Fat Free Whipped Topping
10049,"Cream substitute, flavored, powdered"
10050,"Cheese, provolone, reduced fat"
10051,"Cheese, Mexican, blend, reduced fat"
10052,"Milk, whole, 3.25% milkfat, without added vitamin A and vitamin D"
10053,"Yogurt, fruit, lowfat, with low calorie sweetener, fortified with vitamin D"
10054,"Yogurt, vanilla, low fat, fortified with vitamin D"
10055,"Yogurt, vanilla or lemon flavor, nonfat milk, sweetened with low-calorie sweetener, fortified with vitamin D"
10056,"Yogurt, chocolate, nonfat milk, fortified with vitamin D"
10057,"Cheese, dry white, queso seco"
10058,"Cheese, fresh, queso fresco"
10059,"Cheese, white, queso blanco"
10060,"Milk, buttermilk, fluid, whole"
10061,Ice cream sandwich
10062,Ice cream cookie sandwich
10063,"Ice cream cone, chocolate covered, with nuts, flavors other than chocolate"
10064,"Ice cream sandwich, made with light ice cream, vanilla"
10065,"Ice cream sandwich, vanilla, light, no sugar added"
10066,"Spices, turmeric, ground"
10067,"Basil, fresh"
10068,"Dill weed, fresh"
10069,"Mustard, prepared, yellow"
10070,"Vanilla extract, imitation, alcohol"
10071,"Vanilla extract, imitation, no alcohol"
10072,"Vinegar, distilled"
10073,"Capers, canned"
10074,"Spearmint, dried"
10075,"Vinegar, red wine"
10076,"Vinegar, balsamic"
10077,"Seasoning mix, dry, sazon, coriander & annatto"
10078,"Seasoning mix, dry, taco, original"
10079,"Babyfood, meat, beef, junior"
10080,"Babyfood, meat, veal, strained"
10081,"Babyfood, meat, pork, strained"
10082,"Babyfood, meat, ham, strained"
10083,"Babyfood, meat, chicken, junior"
10084,"Babyfood, meat, chicken sticks, junior"
10085,"Babyfood, meat, turkey, strained"
10086,"Babyfood, meat, turkey, junior"
10087,"Babyfood, finger snacks, GERBER, GRADUATES, PUFFS, apple and cinnamon"
10088,"Babyfood, water, bottled, GERBER, without added fluoride"
10089,"Babyfood, GERBER, 3rd Foods, apple, mango and kiwi"
10090,"Babyfood, tropical fruit medley"
10091,"Babyfood, dinner, vegetables and dumplings and beef, strained"
10092,"Babyfood, ravioli, cheese filled, with tomato sauce"
10093,"Babyfood, dinner, beef noodle, strained"
10094,"Babyfood, macaroni and cheese, toddler"
10095,"Babyfood, dinner, beef and rice, toddler"
10096,"Babyfood, dinner, beef with vegetables"
10097,"Babyfood, dinner, vegetables and lamb, junior"
10098,"Babyfood, dinner, chicken noodle, strained"
10099,"Babyfood, dinner, chicken noodle, junior"
10100,"Babyfood, dinner, vegetables, noodles and chicken, junior"
10101,"Babyfood, dinner, pasta with vegetables"
10102,"Babyfood, dinner, vegetables and noodles and turkey, strained"
10103,"Babyfood, dinner, vegetables and noodles and turkey, junior"
10104,"Babyfood, dinner, turkey and rice, strained"
10105,"Babyfood, dinner, macaroni and cheese, junior"
10106,"Babyfood, vegetables, green beans, strained"
10107,"Babyfood, vegetables, green beans, junior"
10108,"Babyfood, green beans, dices, toddler"
10109,"Babyfood, vegetables, squash, strained"
10110,"Babyfood, vegetables, squash, junior"
10111,"Babyfood, vegetables, sweet potatoes strained"
10112,"Babyfood, vegetables, sweet potatoes, junior"
10113,"Babyfood, fruit, applesauce, junior"
10114,"Babyfood, fruit, apricot with tapioca, strained"
10115,"Babyfood, vegetables, corn, creamed, strained"
10116,"Babyfood, dinner, mixed vegetable, junior"
10117,"Babyfood, fruit, bananas with tapioca, junior"
10118,"Babyfood, vegetables, mix vegetables junior"
10119,"Babyfood, vegetables, garden vegetable, strained"
10120,"Babyfood, plums, bananas and rice, strained"
10121,"Babyfood, dinner, turkey, rice, and vegetables, toddler"
10122,"Babyfood, dinner, apples and chicken, strained"
10123,"Babyfood, dinner, broccoli and chicken, junior"
10124,"Infant formula, MEAD JOHNSON, Enfamil Premature High Protein 24 Calories, ready to feed, with ARA and DHA"
10125,"Infant formula, MEAD JOHNSON, Enfamil Premature 30 Calories, ready to feed, with ARA and DHA"
10126,"Infant formula, MEAD JOHNSON, Enfamil for Supplementing, powder, with ARA and DHA, not reconstituted"
10127,"Infant formula, MEAD JOHNSON, Enfamil Reguline Powder, with ARA and DHA, not reconstituted"
10128,"Infant formula, MEAD JOHNSON, Pregestimil 24 Calories, ready to feed, with ARA and DHA"
10129,"Toddler drink, MEAD JOHNSON, PurAmino Toddler Powder, with ARA and DHA, not reconstituted"
10130,"Infant formula, MEAD JOHNSON, Enfamil for Supplementing, ready to feed, with ARA and DHA"
10131,"Babyfood, cereal, barley, prepared with whole milk"
10132,"Babyfood, cereal, oatmeal, with bananas, prepared with whole milk"
10133,"Babyfood, cereal, oatmeal, with honey, prepared with whole milk"
10134,"Babyfood, cereal, rice, prepared with whole milk"
10135,"Babyfood, cereal, rice, with honey, prepared with whole milk"
10136,"Infant formula, MEAD JOHNSON, ENFAMIL, with iron, powder"
10137,"Infant formula, MEAD JOHNSON, ENFAMIL, Infant, with iron, powder, with ARA and DHA"
10138,"Infant formula, MEAD JOHNSON, ENFAMIL, Infant, with iron, liquid concentrate, with ARA and DHA, reconstituted"
10139,"Infant formula, MEAD JOHNSON, ENFAMIL LIPIL, with iron, ready-to-feed, with ARA and DHA"
10140,"Infant formula, MEAD JOHNSON, ENFAMIL, LIPIL, low iron, ready to feed, with ARA and DHA"
10141,"Infant formula, MEAD JOHNSON, ENFAMIL, Infant, ready-to-feed, with ARA and DHA"
10142,"Infant formula, ABBOTT NUTRITION, SIMILAC, PM 60/40, powder not reconstituted"
10143,"Infant formula, MEAD JOHNSON, ENFAMIL, NUTRAMIGEN WITH LGG, with iron, powder, not reconstituted, with ARA and DHA"
10144,"Infant formula, MEAD JOHNSON, ENFAMIL, NUTRAMIGEN, with iron, ready-to-feed, with ARA and DHA"
10145,"Infant formula, ABBOTT NUTRITION, SIMILAC, ALIMENTUM, with iron, ready-to-feed"
10146,"Infant formula, MEAD JOHNSON, ENFAMIL, ENFACARE, with iron, powder, with ARA and DHA"
10147,"Infant formula, ABBOTT NUTRITION, SIMILAC, with iron, liquid concentrate, not reconstituted"
10148,"Child formula, ABBOTT NUTRITION, PEDIASURE, ready-to-feed"
10149,"Infant formula, MEAD JOHNSON, NEXT STEP, PROSOBEE LIPIL, powder, with ARA and DHA"
10150,"Infant formula, MEAD JOHNSON, NEXT STEP, PROSOBEE, LIPIL, ready to feed, with ARA and DHA"
10151,"Infant formula, NESTLE, GOOD START SOY, with ARA and DHA, powder"
10152,"Babyfood, corn and sweet potatoes, strained"
10153,"Infant formula, ABBOTT NUTRITION, SIMILAC, ALIMENTUM, ADVANCE, ready-to-feed, with ARA and DHA"
10154,"Infant formula, PBM PRODUCTS, store brand, ready-to-feed"
10155,"Infant formula, PBM PRODUCTS, store brand, liquid concentrate, not reconstituted"
10156,"Infant formula, MEAD JOHNSON, ENFAMIL, AR, ready-to-feed, with ARA and DHA"
10157,"Infant formula, MEAD JOHNSON, ENFAMIL, AR, powder, with ARA and DHA"
10158,"Infant formula, ABBOTT NUTRITION, SIMILAC NEOSURE, ready-to-feed, with ARA and DHA"
10159,"Infant formula, ABBOTT NUTRITION, SIMILAC, NEOSURE, powder, with ARA and DHA"
10160,"Infant formula, ABBOTT NUTRITION, SIMILAC, SENSITIVE (LACTOSE FREE) ready-to-feed, with ARA and DHA"
10161,"Infant formula, ABBOTT NUTRITION, SIMILAC, ADVANCE, with iron, liquid concentrate, not reconstituted"
10162,"Shortening, household, lard and vegetable oil"
10163,"Oil, sunflower, linoleic, (partially hydrogenated)"
10164,"Shortening bread, soybean (hydrogenated) and cottonseed"
10165,"Shortening cake mix, soybean (hydrogenated) and cottonseed (hydrogenated)"
10166,"Shortening frying (heavy duty), palm (hydrogenated)"
10167,Shortening household soybean (hydrogenated) and palm
10168,"Shortening frying (heavy duty), soybean (hydrogenated), linoleic (less than 1%)"
10169,"Shortening, confectionery, fractionated palm"
10170,"Oil, nutmeg butter"
10171,"Oil, canola"
10172,"Oil, mustard"
10173,"Oil, sunflower, high oleic (70% and over)"
10174,"Margarine-like, margarine-butter blend, soybean oil and butter"
10175,"Fish oil, herring"
10176,"Fish oil, menhaden"
10177,"Fish oil, menhaden, fully hydrogenated"
10178,"Fish oil, salmon"
10179,"Butter, light, stick, without salt"
10180,"Animal fat, bacon grease"
10181,"Margarine, regular, 80% fat, composite, stick, with salt"
10182,"Margarine, regular, 80% fat, composite, tub, with salt"
10183,"Margarine-like, vegetable oil spread, 60% fat, stick, with salt"
10184,"Margarine, regular, 80% fat, composite, tub, without salt"
10185,"Margarine-like, vegetable oil spread, 60% fat, stick/tub/bottle, without salt"
10186,"Margarine-like, vegetable oil spread, fat free, liquid, with salt"
10187,"Margarine-like spread with yogurt, 70% fat, stick, with salt"
10188,"Margarine-like, vegetable oil spread, fat-free, tub"
10189,"Margarine-like, vegetable oil spread, 20% fat, with salt"
10190,"Margarine-like, vegetable oil spread, 20% fat, without salt"
10191,"Salad dressing, thousand island dressing, fat-free"
10192,"Oil, industrial, mid-oleic, sunflower"
10193,"Oil, industrial, canola with antifoaming agent, principal uses salads, woks and light frying"
10194,"Oil, industrial, canola for salads, woks and light frying"
10195,"Oil, industrial, canola (partially hydrogenated) oil for deep fat frying"
10196,"Oil, industrial, soy (partially hydrogenated), multiuse for non-dairy butter flavor"
10197,"Oil, industrial, soy ( partially hydrogenated), all purpose"
10198,"Oil, industrial, soy (partially hydrogenated ) and soy (winterized), pourable clear fry"
10199,"Oil, industrial, soy (partially hydrogenated)  and cottonseed, principal use as a tortilla shortening"
10200,"Oil, industrial, coconut, confection fat, typical basis for ice cream coatings"
10201,"Oil, industrial, palm kernel (hydrogenated) , used for whipped toppings, non-dairy"
10202,"Oil, industrial, coconut (hydrogenated), used for whipped toppings and coffee whiteners"
10203,"Oil, industrial, palm and palm kernel, filling fat (non-hydrogenated)"
10204,"Margarine, industrial, soy and partially hydrogenated soy oil, use for baking, sauces and candy"
10205,"Oil, vegetable, soybean, refined"
10206,"Margarine-like spread, SMART BALANCE Regular Buttery Spread with flax oil"
10207,"Margarine-like spread, SMART BALANCE Light Buttery Spread"
10208,"Chicken, broilers or fryers, drumstick, meat and skin, raw"
10209,"Chicken, broilers or fryers, drumstick, meat and skin, cooked, fried, batter"
10210,"Chicken, broilers or fryers, drumstick, meat only, cooked, fried"
10211,"Chicken, broilers or fryers, dark meat, drumstick, meat only, cooked, roasted"
10212,"Chicken, broilers or fryers, drumstick, meat only, cooked, stewed"
10213,"Chicken, broilers or fryers, leg, meat and skin, raw"
10214,"Chicken, broilers or fryers, leg, meat only, cooked, fried"
10215,"Chicken, broilers or fryers, leg, meat only, cooked, roasted"
10216,"Chicken, broilers or fryers, leg, meat only, cooked, stewed"
10217,"Chicken, broilers or fryers, neck, meat and skin, raw"
10218,"Chicken, broilers or fryers, neck, meat only, cooked, fried"
10219,"Chicken, broilers or fryers, neck, meat only, cooked, simmered"
10220,"Chicken, broilers or fryers, thigh, meat and skin, raw"
10221,"Chicken, broilers or fryers, thigh, meat and skin, cooked, fried, batter"
10222,"Chicken, broilers or fryers, thigh, meat only, cooked, fried"
10223,"Chicken, broilers or fryers, thigh, meat only, cooked, roasted"
10224,"Chicken, broilers or fryers, thigh, meat only, cooked, stewed"
10225,"Chicken, broilers or fryers, wing, meat and skin, raw"
10226,"Chicken, broilers or fryers, wing, meat only, cooked, fried"
10227,"Chicken, broilers or fryers, wing, meat only, cooked, roasted"
10228,"Chicken, broilers or fryers, wing, meat only, cooked, stewed"
10229,"Chicken, roasting, meat and skin and giblets and neck, raw"
10230,"Chicken, roasting, meat only, cooked, roasted"
10231,"Chicken, roasting, giblets, raw"
10232,"Chicken, roasting, giblets, cooked, simmered"
10233,"Chicken, roasting, light meat, meat only, raw"
10234,"Chicken, stewing, meat and skin, and giblets and neck, cooked, stewed"
10235,"Chicken, stewing, meat and skin, raw"
10236,"Chicken, stewing, meat and skin, cooked, stewed"
10237,"Chicken, stewing, meat only, raw"
10238,"Chicken, stewing, meat only, cooked, stewed"
10239,"Chicken, stewing, dark meat, meat only, raw"
10240,"Chicken, stewing, dark meat, meat only, cooked, stewed"
10241,"Chicken, capons, meat and skin and giblets and neck, raw"
10242,"Chicken, capons, meat and skin and giblets and neck, cooked, roasted"
10243,"Duck, domesticated, meat and skin, raw"
10244,"Duck, domesticated, meat and skin, cooked, roasted"
10245,"Duck, domesticated, meat only, raw"
10246,"Duck, domesticated, meat only, cooked, roasted"
10247,"Goose, domesticated, meat and skin, cooked, roasted"
10248,"Goose, domesticated, meat only, raw"
10249,"Goose, domesticated, meat only, cooked, roasted"
10250,"Goose, liver, raw"
10251,"Guinea hen, meat and skin, raw"
10252,"Pheasant, leg, meat only, raw"
10253,"Quail, meat and skin, raw"
10254,"Quail, meat only, raw"
10255,"Lentils, raw"
10256,"Lentils, mature seeds, cooked, boiled, without salt"
10257,"Lima beans, thin seeded (baby), mature seeds, cooked, boiled, without salt"
10258,"Lupins, mature seeds, raw"
10259,"Lupins, mature seeds, cooked, boiled, without salt"
10260,"Mothbeans, mature seeds, raw"
10261,"Mothbeans, mature seeds, cooked, boiled, without salt"
10262,"Mungo beans, mature seeds, cooked, boiled, without salt"
10263,"Peas, green, split, mature seeds, raw"
10264,"Peas, split, mature seeds, cooked, boiled, without salt"
10265,"Peanuts, all types, raw"
10266,"Peanuts, spanish, oil-roasted, with salt"
10267,"Peanuts, valencia, raw"
10268,"Peanuts, valencia, oil-roasted, with salt"
10269,"Peanuts, virginia, raw"
10270,"Peanut flour, low fat"
10271,"Pigeon peas (red gram), mature seeds, raw"
10272,"Pigeon peas (red gram), mature seeds, cooked, boiled, without salt"
10273,"Refried beans, canned, traditional style"
10274,"Bacon, meatless"
10275,"Soybeans, mature seeds, roasted, salted"
10276,"Soybeans, mature seeds, dry roasted"
10277,Miso
10278,Natto
10279,"Soy flour, low-fat"
10280,"Soy meal, defatted, raw"
10281,"Soymilk, original and vanilla, unfortified"
10282,"Soy protein concentrate, produced by alcohol extraction"
10283,"Tofu, firm, prepared with calcium sulfate and magnesium chloride (nigari)"
10284,"Tofu, soft, prepared with calcium sulfate and magnesium chloride (nigari)"
10285,"Tofu, dried-frozen (koyadofu)"
10286,"Tofu, fried"
10287,Okara
10288,"Winged beans, mature seeds, cooked, boiled, without salt"
10289,"Hummus, home prepared"
10290,"Falafel, home-prepared"
10291,"Soymilk, original and vanilla, with added calcium, vitamins A and D"
10292,"Peanut spread, reduced sugar"
10293,"Peanut butter, smooth, reduced fat"
10294,"Peanut butter, smooth, vitamin and mineral fortified"
10295,"Peanut butter, chunky, vitamin and mineral fortified"
10296,"MORI-NU, Tofu, silken, firm"
10297,"MORI-NU, Tofu, silken, extra firm"
10298,"MORI-NU, Tofu, silken, lite firm"
10299,"MORI-NU, Tofu, silken, lite extra firm"
10300,"Refried beans, canned, fat-free"
10301,"Frijoles rojos volteados (Refried beans, red, canned)"
10302,"Tempeh, cooked"
10303,"Vitasoy USA, Nasoya Lite Firm Tofu"
10304,"Peanut butter, chunk style, without salt"
10305,"Peanut butter, smooth style, without salt"
10306,"Peanut butter with omega-3, creamy"
10307,"Pigeon peas (red gram), mature seeds, cooked, boiled, with salt"
10308,"Soy sauce made from soy and wheat (shoyu), low sodium"
10309,"Soy sauce, reduced sodium, made from hydrolyzed vegetable protein"
10310,"Tofu, raw, firm, prepared with calcium sulfate"
10311,"Tofu, raw, regular, prepared with calcium sulfate"
10312,"Winged beans, mature seeds, cooked, boiled, with salt"
10313,"Veal, Australian, rib, rib roast, separable lean only, raw"
10314,"Lamb, composite of trimmed retail cuts, separable lean and fat, trimmed to 1/4"" fat, choice, raw"
10315,"Lamb, composite of trimmed retail cuts, separable lean and fat, trimmed to 1/4"" fat, choice, cooked"
10316,"Lamb, foreshank, separable lean and fat, trimmed to 1/4"" fat, choice, raw"
10317,"Lamb, foreshank, separable lean and fat, trimmed to 1/4"" fat, choice, cooked, braised"
10318,"Lamb, foreshank, separable lean only, trimmed to 1/4"" fat, choice, raw"
10319,"Lamb, foreshank, separable lean only, trimmed to 1/4"" fat, choice, cooked, braised"
10320,"Lamb, leg, shank half, separable lean and fat, trimmed to 1/4"" fat, choice, cooked, roasted"
10321,"Lamb, leg, shank half, separable lean only, trimmed to 1/4"" fat, choice, raw"
10322,"Lamb, leg, shank half, separable lean only, trimmed to 1/4"" fat, choice, cooked, roasted"
10323,"Lamb, leg, sirloin half, separable lean and fat, trimmed to 1/4"" fat, choice, raw"
10324,"Lamb, loin, separable lean and fat, trimmed to 1/4"" fat, choice, cooked, broiled"
10325,"Lamb, loin, separable lean and fat, trimmed to 1/4"" fat, choice, cooked, roasted"
10326,"Lamb, loin, separable lean only, trimmed to 1/4"" fat, choice, raw"
10327,"Lamb, loin, separable lean only, trimmed to 1/4"" fat, choice, cooked, broiled"
10328,"Lamb, rib, separable lean only, trimmed to 1/4"" fat, choice, raw"
10329,"Lamb, rib, separable lean only, trimmed to 1/4"" fat, choice, cooked, broiled"
10330,"Lamb, rib, separable lean only, trimmed to 1/4"" fat, choice, cooked, roasted"
10331,"Lamb, shoulder, whole (arm and blade), separable lean and fat, trimmed to 1/4"" fat, choice, raw"
10332,"Lamb, shoulder, whole (arm and blade), separable lean and fat, trimmed to 1/4"" fat, choice, cooked, braised"
10333,"Lamb, shoulder, whole (arm and blade), separable lean only, trimmed to 1/4"" fat, choice, cooked, broiled"
10334,"Lamb, shoulder, whole (arm and blade), separable lean only, trimmed to 1/4"" fat, choice, cooked, roasted"
10335,"Lamb, shoulder, arm, separable lean and fat, trimmed to 1/4"" fat, choice, raw"
10336,"Lamb, shoulder, arm, separable lean and fat, trimmed to 1/4"" fat, choice, cooked, braised"
10337,"Lamb, shoulder, arm, separable lean only, trimmed to 1/4"" fat, choice, cooked, broiled"
10338,"Lamb, shoulder, arm, separable lean only, trimmed to 1/4"" fat, choice, cooked, roasted"
10339,"Lamb, shoulder, blade, separable lean and fat, trimmed to 1/4"" fat, choice, raw"
10340,"Lamb, shoulder, blade, separable lean and fat, trimmed to 1/4"" fat, choice, cooked, braised"
10341,"Lamb, shoulder, blade, separable lean only, trimmed to 1/4"" fat, choice, cooked, broiled"
10342,"Lamb, shoulder, blade, separable lean only, trimmed to 1/4"" fat, choice, cooked, roasted"
10343,"Lamb, cubed for stew or kabob (leg and shoulder), separable lean only, trimmed to 1/4"" fat, raw"
10344,"Lamb, cubed for stew or kabob (leg and shoulder), separable lean only, trimmed to 1/4"" fat, cooked, braised"
10345,"Lamb, cubed for stew or kabob (leg and shoulder), separable lean only, trimmed to 1/4"" fat, cooked, broiled"
10346,"Lamb, New Zealand, imported, frozen, composite of trimmed retail cuts, separable fat, raw"
10347,"Lamb, New Zealand, imported, frozen, composite of trimmed retail cuts, separable fat, cooked"
10348,"Lamb, New Zealand, imported, fore-shank, separable lean and fat, raw"
10349,"Lamb, New Zealand, imported, fore-shank, separable lean and fat, cooked, braised"
10350,"Lamb, New Zealand, imported, leg chop/steak, bone-in, separable lean only, raw"
10351,"Lamb, New Zealand, imported, frozen, leg, whole (shank and sirloin), separable lean only, cooked, roasted"
10352,"Lamb, New Zealand, imported, loin chop, separable lean and fat, raw"
10353,"Game meat, muskrat, raw"
10354,"Game meat, muskrat, cooked, roasted"
10355,"Game meat, opossum, cooked, roasted"
10356,"Game meat, rabbit, domesticated, composite of cuts, raw"
10357,"Game meat, rabbit, domesticated, composite of cuts, cooked, roasted"
10358,"Game meat, squirrel, raw"
10359,"Game meat, squirrel, cooked, roasted"
10360,"Lamb, variety meats and by-products, brain, raw"
10361,"Lamb, variety meats and by-products, brain, cooked, braised"
10362,"Lamb, variety meats and by-products, heart, raw"
10363,"Lamb, variety meats and by-products, heart, cooked, braised"
10364,"Veal, variety meats and by-products, heart, raw"
10365,"Veal, variety meats and by-products, heart, cooked, braised"
10366,"Lamb, variety meats and by-products, liver, raw"
10367,"Lamb, variety meats and by-products, liver, cooked, braised"
10368,"Lamb, variety meats and by-products, liver, cooked, pan-fried"
10369,"Veal, variety meats and by-products, liver, raw"
10370,"Veal, variety meats and by-products, liver, cooked, braised"
10371,"Veal, variety meats and by-products, lungs, cooked, braised"
10372,"Lamb, variety meats and by-products, mechanically separated, raw"
10373,"Lamb, variety meats and by-products, pancreas, raw"
10374,"Lamb, variety meats and by-products, pancreas, cooked, braised"
10375,"Veal, variety meats and by-products, spleen, raw"
10376,"Veal, variety meats and by-products, spleen, cooked, braised"
10377,"Veal, variety meats and by-products, thymus, raw"
10378,"Veal, variety meats and by-products, thymus, cooked, braised"
10379,"Lamb, ground, cooked, broiled"
10380,"Lamb, composite of trimmed retail cuts, separable lean and fat, trimmed to 1/8"" fat, choice, raw"
10381,"Lamb, composite of trimmed retail cuts, separable lean and fat, trimmed to 1/8"" fat, choice, cooked"
10382,"Lamb, foreshank, separable lean and fat, trimmed to 1/8"" fat, choice, raw"
10383,"Lamb, leg, shank half, separable lean and fat, trimmed to 1/8"" fat, choice, cooked, roasted"
10384,"Lamb, leg, sirloin half, separable lean and fat, trimmed to 1/8"" fat, choice, raw"
10385,"Lamb, leg, sirloin half, separable lean and fat, trimmed to 1/8"" fat, choice, cooked, roasted"
10386,"Lamb, loin, separable lean and fat, trimmed to 1/8"" fat, choice, raw"
10387,"Lamb, rib, separable lean and fat, trimmed to 1/8"" fat, choice, cooked, roasted"
10388,"Lamb, shoulder, whole (arm and blade), separable lean and fat, trimmed to 1/8"" fat, choice, raw"
10389,"Lamb, shoulder, whole (arm and blade), separable lean and fat, trimmed to 1/8"" fat, choice, cooked, braised"
10390,"Lamb, shoulder, whole (arm and blade), separable lean and fat, trimmed to 1/8"" fat, choice, cooked, broiled"
10391,"Lamb, shoulder, blade, separable lean and fat, trimmed to 1/8"" fat, choice, raw"
10392,"Lamb, shoulder, blade, separable lean and fat, trimmed to 1/8"" fat, choice, cooked, braised"
10393,"Lamb, shoulder, blade, separable lean and fat, trimmed to 1/8"" fat, choice, cooked, broiled"
10394,"Lamb, shoulder, blade, separable lean and fat, trimmed to 1/8"" fat, choice, cooked, roasted"
10395,"Lamb, New Zealand, imported, frozen, leg, whole (shank and sirloin), separable lean and fat, trimmed to 1/8"" fat, raw"
10396,"Lamb, New Zealand, imported, frozen, leg, whole (shank and sirloin), separable lean and fat, trimmed to 1/8"" fat, cooked, roasted"
10397,"Lamb, New Zealand, imported, frozen, loin, separable lean and fat, trimmed to 1/8"" fat, raw"
10398,"Lamb, New Zealand, imported, frozen, loin, separable lean and fat, trimmed to 1/8"" fat, cooked, broiled"
10399,"Game meat, bison, top sirloin, separable lean only, trimmed to 0"" fat, raw"
10400,"Game meat, bison, ribeye, separable lean only, trimmed to 0"" fat, raw"
10401,"Game meat, bison, shoulder clod, separable lean only, trimmed to 0"" fat, raw"
10402,"Veal, breast, separable fat, cooked"
10403,"Veal, shank (fore and hind), separable lean and fat, raw"
10404,"Veal, shank (fore and hind), separable lean and fat, cooked, braised"
10405,"Veal, shank (fore and hind), separable lean only, raw"
10406,"Veal, shank (fore and hind), separable lean only, cooked, braised"
10407,"Lamb, Australian, imported, fresh, separable fat, raw"
10408,"Lamb, Australian, imported, fresh, separable fat, cooked"
10409,"Lamb, Australian, imported, fresh, foreshank, separable lean and fat, trimmed to 1/8"" fat, raw"
10410,"Lamb, Australian, imported, fresh, foreshank, separable lean and fat, trimmed to 1/8"" fat, cooked, braised"
10411,"Lamb, Australian, imported, fresh, leg, whole (shank and sirloin), separable lean only, trimmed to 1/8"" fat, raw"
10412,"Lamb, Australian, imported, fresh, leg, whole (shank and sirloin), separable lean only, trimmed to 1/8"" fat, cooked, roasted"
10413,"Lamb, Australian, imported, fresh, leg, shank half, separable lean and fat, trimmed to 1/8"" fat, raw"
10414,"Lamb, Australian, imported, fresh, leg, shank half, separable lean and fat, trimmed to 1/8"" fat, cooked, roasted"
10415,"Lamb, Australian, imported, fresh, leg, shank half, separable lean only, trimmed to 1/8"" fat, raw"
10416,"Lamb, Australian, imported, fresh, leg, sirloin half, boneless, separable lean only, trimmed to 1/8"" fat, cooked, roasted"
10417,"Lamb, Australian, imported, fresh, leg, sirloin chops, boneless, separable lean and fat, trimmed to 1/8"" fat, raw"
10418,"Lamb, Australian, imported, fresh, leg, sirloin chops, boneless, separable lean and fat, trimmed to 1/8"" fat, cooked, broiled"
10419,"Lamb, Australian, imported, fresh, leg, sirloin chops, boneless, separable lean only, trimmed to 1/8"" fat, raw"
10420,"Lamb, Australian, imported, fresh, leg, center slice, bone-in, separable lean only, trimmed to 1/8"" fat, cooked, broiled"
10421,"Lamb, Australian, imported, fresh, loin, separable lean and fat, trimmed to 1/8"" fat, raw"
10422,"Lamb, Australian, imported, fresh, loin, separable lean and fat, trimmed to 1/8"" fat, cooked, broiled"
10423,"Lamb, Australian, imported, fresh, loin, separable lean only, trimmed to 1/8"" fat, raw"
10424,"Lamb, Australian, imported, fresh, rib chop, frenched, bone-in, separable lean only, trimmed to 1/8"" fat, cooked, grilled"
10425,"Lamb, Australian, imported, fresh, shoulder, whole (arm and blade), separable lean and fat, trimmed to 1/8"" fat, raw"
10426,"Lamb, Australian, imported, fresh, shoulder, whole (arm and blade), separable lean and fat, trimmed to 1/8"" fat, cooked"
10427,"Lamb, Australian, imported, fresh, shoulder, whole (arm and blade), separable lean only,   trimmed to 1/8"" fat, raw"
10428,"Lamb, Australian, imported, fresh, shoulder, whole (arm and blade), separable lean only, trimmed to 1/8"" fat, cooked"
10429,"Lamb, Australian, imported, fresh, shoulder, blade, separable lean and fat, trimmed to 1/8"" fat, raw"
10430,"Lamb, Australian, imported, fresh, shoulder, blade, separable lean and fat, trimmed to 1/8"" fat, cooked, broiled"
10431,"Lamb, Australian, imported, fresh, shoulder, blade, separable lean only, trimmed to 1/8"" fat, raw"
10432,"Lamb, Australian, imported, fresh, shoulder ,blade, separable lean only, trimmed to 1/8"" fat, cooked, broiled"
10433,"Game meat, bison, chuck, shoulder clod, separable lean only, raw"
10434,"Game meat, bison, ribeye, separable lean only, 1"" steak, cooked, broiled"
10435,"Game meat, bison, top round, separable lean only, 1"" steak, cooked, broiled"
10436,"Game meat, bison, top round, separable lean only, 1"" steak, raw"
10437,"Game meat, deer, ground, raw"
10438,"Game meat, deer, ground, cooked, pan-broiled"
10439,"Game meat, deer, loin, separable lean only, 1"" steak, cooked, broiled"
10440,"Game meat, deer, shoulder clod, separable lean only, cooked, braised"
10441,"Veal, Australian, shank, hind, bone-in, separable lean only, raw"
10442,"Veal, Australian, shank, hind, bone-in, separable lean and fat, raw"
10443,"Lamb, Australian, ground,  85% lean / 15% fat, raw"
10444,"Lamb, New Zealand, imported, Intermuscular fat, cooked"
10445,"Lamb, New Zealand, imported, breast, separable lean only, cooked, braised"
10446,"Lamb, New Zealand, imported, breast, separable lean only, raw"
10447,"Lamb, New Zealand, imported, chump, boneless, separable lean only, cooked, fast roasted"
10448,"Lamb, New Zealand, imported, subcutaneous fat, cooked"
10449,"Lamb, New Zealand, imported, liver, cooked, soaked and fried"
10450,"Lamb, New Zealand, imported, liver, raw"
10451,"Lamb, New Zealand, imported, ground lamb, cooked, braised"
10452,"Lamb, New Zealand, imported, ground lamb, raw"
10453,"Lamb, New Zealand, imported, testes, cooked, soaked and fried"
10454,"Lamb, New Zealand, imported, testes, raw"
10455,"Lamb, New Zealand, imported, tongue - swiss cut, cooked, soaked and simmered"
10456,"Lamb, New Zealand, imported, tongue - swiss cut, raw"
10457,"Lamb, New Zealand, imported, tenderloin, separable lean only, cooked, fast fried"
10458,"Lamb, New Zealand, imported, tenderloin, separable lean only, raw"
10459,"Lamb, New Zealand, imported, loin saddle, separable lean only, cooked, fast roasted"
10460,"Lamb, New Zealand, imported, loin saddle, separable lean only, raw"
10461,"Lamb, New Zealand, imported, neck chops, separable lean only, cooked, braised"
10462,"Lamb, New Zealand, imported, netted shoulder, rolled, boneless, separable lean only, cooked, slow roasted"
10463,"Lamb, New Zealand, imported, netted shoulder, rolled, boneless, separable lean only, raw"
10464,"Lamb, New Zealand, imported, rack - fully frenched, separable lean only, cooked, fast roasted"
10465,"Lamb, New Zealand, imported, flap, boneless, separable lean and fat, cooked, braised"
10466,"Lamb, New Zealand, imported, flap, boneless, separable lean and fat, raw"
10467,"Lamb, New Zealand, imported, hind-shank, separable lean and fat, cooked, braised"
10468,"Lamb, New Zealand, imported, hind-shank, separable lean and fat, raw"
10469,"Lamb, New Zealand, imported, loin, boneless, separable lean and fat, cooked, fast roasted"
10470,"Lamb, New Zealand, imported, loin, boneless, separable lean and fat, raw"
10471,"Lamb, New Zealand, imported, neck chops, separable lean and fat, cooked, braised"
10472,"Lamb, New Zealand, imported, neck chops, separable lean and fat, raw"
10473,"Lamb, New Zealand, imported, netted shoulder, rolled, boneless, separable lean and fat, cooked, slow roasted"
10474,"Lamb, New Zealand, imported, tenderloin, separable lean and fat, cooked, fast fried"
10475,"Lamb, New Zealand, imported, rack - fully frenched, separable lean and fat, cooked, fast roasted"
10476,"Lamb, New Zealand, imported, rack - fully frenched, separable lean and fat, raw"
10477,"Lamb, New Zealand, imported, tunnel-boned leg, chump off, shank off, separable lean and fat, cooked, slow roasted"
10478,"Veal, leg, top round, cap off, cutlet, boneless, raw"
10479,"Veal, loin, chop, separable lean only, cooked, grilled"
10480,"Veal, shank, separable lean only, raw"
10481,"Veal, foreshank, osso buco, separable lean only, cooked, braised"
10482,"Veal, seam fat only, cooked"
10483,"Veal, shank, separable lean and fat, raw"
10484,"Veal, foreshank, osso buco, separable lean and fat, cooked, braised"
10485,"Veal, loin, chop, separable lean and fat, cooked, grilled"
10486,"Veal, shoulder, blade chop, separable lean and fat, cooked, grilled"
10487,"Lamb, Australian, imported, fresh, tenderloin, boneless, separable lean only, trimmed to 1/8"" fat, raw"
10488,"Lamb, Australian, imported, fresh, leg, bottom, boneless, separable lean only, trimmed to 1/8"" fat, raw"
10489,"Lamb, Australian, imported, fresh, leg, trotter off, bone-in, separable lean only, trimmed to 1/8"" fat, cooked, roasted"
10490,"Lamb, Australian, imported, fresh, leg, trotter off, bone-in, separable lean only, trimmed to 1/8"" fat, raw"
10491,"Lamb, Australian, imported, fresh, seam fat, cooked"
10492,"Lamb, Australian, imported, fresh, seam fat, raw"
10493,"Lamb, Australian, imported, fresh, leg, bottom, boneless, separable lean and fat, trimmed to 1/8"" fat, cooked, roasted"
10494,"Lamb, Australian, imported, fresh, leg, bottom, boneless, separable lean and fat, trimmed to 1/8"" fat, raw"
10495,"Lamb, Australian, imported, fresh, tenderloin, boneless, separable lean and fat, trimmed to 1/8"" fat, raw"
10496,"Lamb, Australian, imported, fresh, rib chop, frenched, denuded, bone-in, separable lean only, trimmed to 0"" fat, cooked, grilled"
10497,"Lamb, Australian, imported, fresh, rack, roast, frenched, denuded, bone-in, separable lean and fat, trimmed to 0"" fat, cooked, roasted"
10498,"Lamb, Australian, imported, fresh, rack, roast, frenched, bone-in, separable lean and fat, trimmed to 1/8"" fat, cooked, roasted"
10499,"Bagels, cinnamon-raisin"
10500,"Bagels, cinnamon-raisin, toasted"
10501,"Bagels, oat bran"
10502,"Biscuits, plain or buttermilk, frozen, baked"
10503,"Biscuits, plain or buttermilk, refrigerated dough, higher fat"
10504,"Biscuits, plain or buttermilk, refrigerated dough, higher fat, baked"
10505,"Biscuits, plain or buttermilk, prepared from recipe"
10506,"Biscuits, mixed grain, refrigerated dough"
10507,"Bread, cracked-wheat"
10508,"Bread, egg"
10509,"Bread, egg, toasted"
10510,"Bread, french or vienna (includes sourdough)"
10511,"Bread, oat bran"
10512,"Bread, oat bran, toasted"
10513,"Bread, oatmeal"
10514,"Bread, oatmeal, toasted"
10515,"Bread, raisin, enriched"
10516,"Bread, raisin, enriched, toasted"
10517,"Bread, reduced-calorie, oat bran"
10518,"Bread, reduced-calorie, oat bran, toasted"
10519,"Bread, rye"
10520,"Bread, rye, toasted"
10521,"Bread, wheat"
10522,"Bread, wheat, toasted"
10523,"Bread, whole-wheat, commercially prepared"
10524,"Bread, whole-wheat, commercially prepared, toasted"
10525,"Bread, whole-wheat, prepared from recipe"
10526,"Bread, whole-wheat, prepared from recipe, toasted"
10527,"Bread, stuffing, cornbread, dry mix"
10528,"Bread, stuffing, cornbread, dry mix, prepared"
10529,"Cake, angelfood, commercially prepared"
10530,"Cake, angelfood, dry mix, prepared"
10531,"Cake, boston cream pie, commercially prepared"
10532,"Cake, chocolate, prepared from recipe without frosting"
10533,"Cake, white, prepared from recipe with coconut frosting"
10534,"Cake, coffeecake, cheese"
10535,"Cake, coffeecake, cinnamon with crumb topping, commercially prepared, enriched"
10536,"Cake, gingerbread, dry mix"
10537,"Cake, gingerbread, prepared from recipe"
10538,"Cake, pineapple upside-down, prepared from recipe"
10539,"Cake, pound, commercially prepared, butter (includes fresh and frozen)"
10540,"Cake, white, dry mix, special dietary (includes lemon-flavored)"
10541,"Cake, sponge, commercially prepared"
10542,"Cake, sponge, prepared from recipe"
10543,"Cake, pudding-type, white, enriched, dry mix"
10544,"Cake, white, prepared from recipe without frosting"
10545,"Cake, yellow, prepared from recipe without frosting"
10546,"Cake, cheesecake, commercially prepared"
10547,"Cake, cheesecake, prepared from mix, no-bake type"
10548,"Cookies, brownies, commercially prepared"
10549,"Cookies, chocolate wafers"
10550,"Cookies, chocolate chip, commercially prepared, regular, lower fat"
10551,"Cookies, chocolate chip, commercially prepared, regular, higher fat, enriched"
10552,"Cookies, chocolate chip, commercially prepared, soft-type"
10553,"Cookies, chocolate sandwich, with creme filling, regular"
10554,"Cookies, chocolate sandwich, with creme filling, regular, chocolate-coated"
10555,"Cookies, chocolate sandwich, with extra creme filling"
10556,"Cookies, fig bars"
10557,"Cookies, fortune"
10558,"Cookies, marshmallow, chocolate-coated (includes marshmallow pies)"
10559,"Cookies, molasses"
10560,"Cookies, oatmeal, commercially prepared, regular"
10561,"Cookies, oatmeal, commercially prepared, soft-type"
10562,"Cookies, peanut butter, commercially prepared, regular"
10563,"Cookies, peanut butter, commercially prepared, soft-type"
10564,"Cookies, peanut butter, refrigerated dough"
10565,"Cookies, peanut butter, refrigerated dough, baked"
10566,"Cookies, brownies, dry mix, sugar free"
10567,"Cookies, chocolate chip, commercially prepared, special dietary"
10568,"Cookies, chocolate sandwich, with creme filling, special dietary"
10569,"Cookies, oatmeal, commercially prepared, special dietary"
10570,"Cookies, sugar, refrigerated dough, baked"
10571,"Cookies, sugar wafers with creme filling, regular"
10572,"Cookies, vanilla sandwich with creme filling"
10573,"Puff pastry, frozen, ready-to-bake, baked"
10574,"Crackers, crispbread, rye"
10575,"Crackers, matzo, plain"
10576,"Crackers, matzo, egg"
10577,"Crackers, matzo, whole-wheat"
10578,"Crackers, rye, sandwich-type with cheese filling"
10579,"Crackers, rye, wafers, plain"
10580,"Crackers, rye, wafers, seasoned"
10581,"Crackers, saltines (includes oyster, soda, soup)"
10582,"Crackers, wheat, sandwich, with cheese filling"
10583,"Crackers, wheat, sandwich, with peanut butter filling"
10584,"Crackers, whole-wheat"
10585,"Cracker, meal"
10586,"Croutons, plain"
10587,"Croutons, seasoned"
10588,"Danish pastry, cinnamon, enriched"
10589,"Danish pastry, cheese"
10590,"Danish pastry, fruit, enriched (includes apple, cinnamon, raisin, lemon, raspberry, strawberry)"
10591,"Doughnuts, french crullers, glazed"
10592,"Doughnuts, yeast-leavened, with creme filling"
10593,"Doughnuts, yeast-leavened, glazed, enriched (includes honey buns)"
10594,"Doughnuts, yeast-leavened, with jelly filling"
10595,"Muffins, English, raisin-cinnamon, toasted (includes apple-cinnamon)"
10596,"Muffins, English, wheat"
10597,"Muffins, English, whole-wheat"
10598,"French toast, frozen, ready-to-heat"
10599,"Muffins, plain, prepared from recipe, made with low fat (2%) milk"
10600,"Muffins, blueberry, commercially prepared (Includes mini-muffins)"
10601,"Muffins, blueberry, dry mix"
10602,"Muffins, blueberry, toaster-type"
10603,"Muffins, blueberry, prepared from recipe, made with low fat (2%) milk"
10604,"Muffins, oat bran"
10605,"Muffins, wheat bran, dry mix"
10606,"Pancakes plain, frozen, ready-to-heat (includes buttermilk)"
10607,"Pancakes, plain, dry mix, complete (includes buttermilk)"
10608,"Pancakes, blueberry, prepared from recipe"
10609,"Pancakes, buckwheat, dry mix, incomplete"
10610,"Pancakes, special dietary, dry mix"
10611,"Pancakes, whole-wheat, dry mix, incomplete"
10612,"Pie, banana cream, prepared from recipe"
10613,"Pie, blueberry, commercially prepared"
10614,"Pie, blueberry, prepared from recipe"
10615,"Pie, cherry, commercially prepared"
10616,"Pie, cherry, prepared from recipe"
10617,"Pie, coconut custard, commercially prepared"
10618,"Pie, egg custard, commercially prepared"
10619,"Pie, fried pies, fruit"
10620,"Pie, lemon meringue, commercially prepared"
10621,"Pie, pecan, prepared from recipe"
10622,"Pie, pumpkin, commercially prepared"
10623,"Pie, pumpkin, prepared from recipe"
10624,"Pie, vanilla cream, prepared from recipe"
10625,"Puff pastry, frozen, ready-to-bake"
10626,Phyllo dough
10627,"Popovers, dry mix, enriched"
10628,"Rolls, dinner, plain, commercially prepared (includes brown-and-serve)"
10629,"Rolls, dinner, whole-wheat"
10630,"Rolls, french"
10631,"Rolls, hamburger or hotdog, plain"
10632,"Rolls, hamburger or hotdog, mixed-grain"
10633,"Sweet rolls, cinnamon, refrigerated dough with frosting"
10634,"Sweet rolls, cinnamon, refrigerated dough with frosting, baked"
10635,"Taco shells, baked"
10636,"Toaster pastries, brown-sugar-cinnamon"
10637,Wonton wrappers (includes egg roll wrappers)
10638,"Leavening agents, baking powder, double-acting, sodium aluminum sulfate"
10639,"Leavening agents, baking powder, double-acting, straight phosphate"
10640,"Leavening agents, baking powder, low-sodium"
10641,"Bread, crumbs, dry, grated, seasoned"
10642,"Cookies, oatmeal, prepared from recipe, without raisins"
10643,"Cookies, chocolate chip, prepared from recipe, made with butter"
10644,"Bread, protein, (includes gluten), toasted"
10645,"Rolls, dinner, plain, prepared from recipe, made with low fat (2%) milk"
10646,"Pie crust, cookie-type, prepared from recipe, graham cracker, chilled"
10647,"Crackers, matzo, egg and onion"
10648,"Pie crust, cookie-type, prepared from recipe, vanilla wafer, chilled"
10649,"Pie crust, standard-type, prepared from recipe, unbaked"
10650,"Bread, cornbread, dry mix, unenriched (includes corn muffin mix)"
10651,"Bread, pita, white, unenriched"
10652,"Bread, raisin, unenriched"
10653,"Bread, white, commercially prepared, low sodium, no salt"
10654,"Cookies, butter, commercially prepared, unenriched"
10655,"Cookies, chocolate chip, commercially prepared, regular, higher fat, unenriched"
10656,"Cookies, ladyfingers, without lemon juice and rind"
10657,"Crackers, melba toast, plain, without salt"
10658,"Crackers, whole-wheat, low salt"
10659,"Danish pastry, cinnamon, unenriched"
10660,"Danish pastry, fruit, unenriched (includes apple, cinnamon, raisin, strawberry)"
10661,"Bread, white, commercially prepared, toasted, low sodium no salt"
10662,"Danish pastry, lemon, unenriched"
10663,"English muffins, plain, unenriched, with calcium propionate (includes sourdough)"
10664,"Quail, breast, meat only, raw"
10665,"Chicken, broiler, rotisserie, BBQ, wing, meat and skin"
10666,"Ruffed Grouse, breast meat, skinless, raw"
10667,"Emu, ground, raw"
10668,"Emu, ground, cooked, pan-broiled"
10669,"Emu, full rump, cooked, broiled"
10670,"Emu, inside drum, raw"
10671,"Emu, inside drums, cooked, broiled"
10672,"Emu, outside drum, raw"
10673,"Emu, oyster, raw"
10674,"Ostrich, inside leg, raw"
10675,"Ostrich, inside leg, cooked"
10676,"Ostrich, inside strip, raw"
10677,"Ostrich, inside strip, cooked"
10678,"Ostrich, oyster, cooked"
10679,"Ostrich, round, raw"
10680,"Ostrich, tenderloin, raw"
10681,"Ostrich, tip trimmed, raw"
10682,"Turkey, ground, fat free, raw"
10683,"Turkey, ground, fat free, pan-broiled crumbles"
10684,"Turkey, ground, fat free, patties, broiled"
10685,"Turkey, ground, 93% lean, 7% fat, raw"
10686,"Turkey, ground, 93% lean, 7% fat, pan-broiled crumbles"
10687,"Chicken, broilers or fryers, dark meat, drumstick, meat only, cooked, braised"
10688,"Chicken, broilers or fryers, dark meat, thigh, meat only, cooked, braised"
10689,"Chicken, skin (drumsticks and thighs), cooked, braised"
10690,"Chicken, skin (drumsticks and thighs), raw"
10691,"Chicken, dark meat, drumstick, meat only, with added solution, cooked, roasted"
10692,"Chicken, dark meat, drumstick, meat only, with added solution, cooked, braised"
10693,"Chicken, dark meat, thigh, meat only, with added solution, cooked, braised"
10694,"Chicken, dark meat, thigh, meat only, with added solution, raw"
10695,"Chicken, dark meat, drumstick, meat and skin, with added solution, raw"
10696,"Chicken, dark meat, drumstick, meat and skin, with added solution, cooked, roasted"
10697,"Chicken, dark meat, thigh, meat and skin, with added solution, cooked, braised"
10698,"Chicken, dark meat, thigh, meat and skin, with added solution, raw"
10699,"Turkey from whole, light meat, meat only, with added solution, raw"
10700,"Turkey from whole, light meat, meat only, with added solution, cooked, roasted"
10701,"Turkey, skin from whole (light and dark), with added solution, raw"
10702,"Turkey, skin from whole, (light and dark), with added solution, roasted"
10703,"Turkey, whole, meat only, with added solution, raw"
10704,"Turkey, whole, meat only, with added solution, roasted"
10705,"Turkey, whole, meat and skin, with added solution, raw"
10706,"Turkey, whole, meat and skin, with added solution, roasted"
10707,"Turkey, retail parts, wing, meat only, cooked, roasted"
10708,"Turkey, skin, from retail parts, from dark meat, raw"
10709,"Turkey, skin, from retail parts, from dark meat, cooked, roasted"
10710,"Turkey, retail parts, drumstick, meat only, raw"
10711,"Turkey, breast, from whole bird, meat only, with added solution, raw"
10712,"Turkey, retail parts, thigh, meat only, cooked, roasted"
10713,"Turkey, retail parts, drumstick, meat only, cooked, roasted"
10714,"Sauce, plum, ready-to-serve"
10715,"Sauce, pizza, canned, ready-to-serve"
10716,"Soup, tomato bisque, canned, condensed"
10717,"Soup, tomato, canned, condensed"
10718,"Soup, stock, beef, home-prepared"
10719,"Soup, stock, chicken, home-prepared"
10720,"Soup, stock, fish, home-prepared"
10721,"Sauce, hoisin, ready-to-serve"
10722,"Soup, cream of mushroom, canned, condensed, reduced sodium"
10723,"Soup, chicken broth, less/reduced sodium, ready to serve"
10724,"Soup, beef broth, less/reduced sodium, ready to serve"
10725,"Sauce, teriyaki, ready-to-serve, reduced sodium"
10726,"Soup, cream of asparagus, canned, prepared with equal volume milk"
10727,"Soup, chicken vegetable with potato and cheese, chunky, ready-to-serve"
10728,"Soup, cream of celery, canned, prepared with equal volume milk"
10729,"Soup, cheese, canned, prepared with equal volume milk"
10730,"Soup, oyster stew, canned, prepared with equal volume milk"
10731,"Soup, pea, green, canned, prepared with equal volume milk"
10732,"Soup, cream of potato, canned, prepared with equal volume milk"
10733,"Soup, cream of shrimp, canned, prepared with equal volume low fat (2%) milk"
10734,"Soup, HEALTHY CHOICE Chicken and Rice Soup, canned"
10735,"Soup, HEALTHY CHOICE Garden Vegetable Soup, canned"
10736,"CAMPBELL'S, Cream of Mushroom Soup, condensed"
10737,"Soup, tomato bisque, canned, prepared with equal volume milk"
10738,"Soup, black bean, canned, prepared with equal volume water"
10739,"Soup, bean with pork, canned, prepared with equal volume water"
10740,"Soup, bean with frankfurters, canned, prepared with equal volume water"
10741,"Soup, beef noodle, canned, prepared with equal volume water"
10742,"Soup, cream of celery, canned, prepared with equal volume water"
10743,"Soup, chicken gumbo, canned, prepared with equal volume water"
10744,"Soup, chicken noodle, canned, prepared with equal volume water"
10745,"Soup, chicken with rice, canned, prepared with equal volume water"
10746,"Soup, chili beef, canned, prepared with equal volume water"
10747,"CAMPBELL'S CHUNKY, Old Fashioned Vegetable Beef Soup"
10748,"Soup, minestrone, canned, prepared with equal volume water"
10749,"Soup, mushroom barley, canned, prepared with equal volume water"
10750,"Soup, cream of mushroom, canned, prepared with equal volume water"
10751,"Soup, pea, split with ham, canned, prepared with equal volume water"
10752,"Soup, cream of potato, canned, prepared with equal volume water"
10753,"Soup, cream of shrimp, canned, prepared with equal volume water"
10754,"Soup, tomato beef with noodle, canned, prepared with equal volume water"
10755,"Soup, tomato rice, canned, prepared with equal volume water"
10756,"Soup, vegetable with beef broth, canned, prepared with equal volume water"
10757,"Soup, beef broth or bouillon, powder, prepared with water"
10758,"Soup, beef broth, cubed, prepared with water"
10759,"Soup, chicken broth or bouillon, dry, prepared with water"
10760,"Soup, chicken noodle, dry, mix, prepared with water"
10761,"Olive loaf, pork"
10762,"Pastrami, turkey"
10763,"Pate, chicken liver, canned"
10764,"Pate, goose liver, smoked, canned"
10765,"Pate, liver, not specified, canned"
10766,"Luxury loaf, pork"
10767,"Mother's loaf, pork"
10768,"Picnic loaf, pork, beef"
10769,"Pork sausage, link/patty, unprepared"
10770,"Salami, cooked, beef"
10771,"Salami, cooked, beef and pork"
10772,"Salami, cooked, turkey"
10773,"Salami, dry or hard, pork"
10774,"Sausage, smoked link sausage, pork and beef (nonfat dry milk added)"
10775,"Thuringer, cervelat, summer sausage, beef, pork"
10776,"Turkey breast, sliced, prepackaged"
10777,"Sausage, Vienna, canned, chicken, beef, pork"
10778,"Honey roll sausage, beef"
10779,"Oscar Mayer, Braunschweiger Liver Sausage (sliced)"
10780,"Oscar Mayer, Chicken Breast (honey glazed)"
10781,"Oscar Mayer, Ham (chopped with natural juice)"
10782,"Oscar Mayer, Salami (hard)"
10783,"Sausage, turkey, pork, and beef, low fat, smoked"
10784,"Frankfurter, beef, pork, and turkey, fat free"
10785,"Luncheon meat, pork, ham, and chicken, minced, canned, reduced sodium, added ascorbic acid, includes SPAM, 25% less sodium"
10786,"Luncheon meat, pork with ham, minced, canned, includes Spam (Hormel)"
10787,"Sausage, Italian, sweet, links"
10788,"Sausage, Polish, beef with chicken, hot"
10789,"Sausage, Polish, pork and beef, smoked"
10790,"Sausage, pork and beef, with cheddar cheese, smoked"
10791,"Bratwurst, beef and pork, smoked"
10792,"Bratwurst, chicken, cooked"
10793,"Bratwurst, pork, beef and turkey, lite, smoked"
10794,"Pastrami, beef, 98% fat-free"
10795,"Yachtwurst, with pistachio nuts, cooked"
10796,"Beerwurst, pork and beef"
10797,"Chicken breast, fat-free, mesquite flavor, sliced"
10798,"Chicken breast, oven-roasted, fat-free, sliced"
10799,"Frankfurter, pork"
10800,"Macaroni and cheese loaf, chicken, pork and beef"
10801,"Salami, Italian, pork and beef, dry, sliced, 50% less sodium"
10802,"Pate, truffle flavor"
10803,"Frankfurter, meat"
10804,"Scrapple, pork"
10805,"Bologna, chicken, turkey, pork"
10806,"Pork sausage, link/patty, fully cooked, microwaved"
10807,"Cereals, QUAKER, QUAKER MultiGrain Oatmeal, dry"
10808,"Cereals ready-to-eat, chocolate-flavored frosted puffed corn"
10809,"Cereals ready-to-eat, QUAKER, Toasted Multigrain Crisps"
10810,"Cereals ready-to-eat, QUAKER, QUAKER 100% Natural Granola with Oats, Wheat, Honey, and Raisins"
10811,"Cereals ready-to-eat, QUAKER, Low Fat 100% Natural Granola with Raisins"
10812,"Cereals, QUAKER, Instant Grits, Butter flavor, dry"
10813,"Cereals, Oat Bran, QUAKER, QUAKER/MOTHER'S Oat Bran, prepared with water, salt"
10814,"Cereals, QUAKER, QUAKER MultiGrain Oatmeal, prepared with water, no salt"
10815,"Cereals, QUAKER, QUAKER MultiGrain Oatmeal, prepared with water, salt"
10816,"Cereals ready-to-eat, HEALTH VALLEY, FIBER 7 Flakes"
10817,"Cereals ready-to-eat, MALT-O-MEAL, BERRY COLOSSAL CRUNCH"
10818,"Cereals ready-to-eat, MALT-O-MEAL, Crispy Rice"
10819,"Cereals ready-to-eat, MALT-O-MEAL, TOOTIE FRUITIES"
10820,"Cereals ready-to-eat, QUAKER, MOTHER'S PEANUT BUTTER BUMPERS Cereal"
10821,"Cereals ready-to-eat, QUAKER, MOTHER'S Toasted Oat Bran cereal"
10822,"Cereals ready-to-eat, QUAKER, Shredded Wheat, bagged cereal"
10823,"Cereals ready-to-eat, SUN COUNTRY, KRETSCHMER Wheat Germ, Regular"
10824,"Cereals, QUAKER, Quick Oats, Dry"
10825,"Cereals ready-to-eat, MALT-O-MEAL, Frosted Flakes"
10826,"Cereals, QUAKER, Instant Oatmeal, Raisin and Spice, dry"
10827,"Cereals, QUAKER, Instant Grits, Redeye Gravy & Country Ham flavor, dry"
10828,"Cereals, QUAKER, Instant Grits Product with American Cheese Flavor, dry"
10829,"Cereals, QUAKER, Instant Grits, Ham 'n' Cheese flavor, dry"
10830,"Cereals ready-to-eat, MALT-O-MEAL, HONEY GRAHAM SQUARES"
10831,"Cereals ready-to-eat, MALT-O-MEAL, Raisin Bran Cereal"
10832,"Cereals ready-to-eat, MALT-O-MEAL, Blueberry MUFFIN TOPS Cereal"
10833,"Cereals, MALT-O-MEAL, Farina Hot Wheat Cereal, dry"
10834,"Cereals, MALT-O-MEAL, Maple & Brown Sugar Hot Wheat Cereal, dry"
10835,"Cereals ready-to-eat, MALT-O-MEAL, Frosted Mini SPOONERS"
10836,"Cereals ready-to-eat, MALT-O-MEAL, Fruity DYNO-BITES"
10837,"Cereals ready-to-eat, RALSTON Enriched Wheat Bran flakes"
10838,"Cereals ready-to-eat, RALSTON Corn Biscuits"
10839,"Cereals, MALT-O-MEAL, chocolate, prepared with water, without salt"
10840,"Cereals ready-to-eat, POST GREAT GRAINS Cranberry Almond Crunch"
10841,Rice and Wheat cereal bar
10842,"Cereals ready-to-eat, QUAKER, QUAKER Honey Graham LIFE Cereal"
10843,"Cereals, CREAM OF WHEAT, 2 1/2 minute cook time, cooked with water, stove-top, without salt"
10844,"Cereals, CREAM OF WHEAT, 2 1/2 minute cook time, cooked with water, microwaved, without salt"
10845,"Cereals, CREAM OF WHEAT, 1 minute cook time, dry"
10846,"Cereals, CREAM OF WHEAT, 1 minute cook time, cooked with water, stove-top, without salt"
10847,"Cereals, CREAM OF WHEAT, 1 minute cook time, cooked with water, microwaved, without salt"
10848,"Cereals ready-to-eat, QUAKER, Cap'n Crunch's OOPS! All Berries Cereal"
10849,"Cereals ready-to-eat, QUAKER Oatmeal Squares, Golden Maple"
10850,"Cereals ready-to-eat, POST, HONEY BUNCHES OF OATS with vanilla bunches"
10851,"Cereals, QUAKER, Instant Oatmeal, Cinnamon Spice, reduced sugar"
10852,"Cereals ready-to-eat, NATURE'S PATH, Organic FLAX PLUS flakes"
10853,"Cereals ready-to-eat, BARBARA'S PUFFINS, original"
10854,"Cereals ready-to-eat, POST, HONEY BUNCHES OF OATS, with real strawberries"
10855,"Cereals ready-to-eat, POST HONEY BUNCHES OF OATS with cinnamon bunches"
10856,"Figs, raw"
10857,"Figs, canned, water pack, solids and liquids"
10858,"Figs, canned, light syrup pack, solids and liquids"
10859,"Figs, canned, heavy syrup pack, solids and liquids"
10860,"Figs, canned, extra heavy syrup pack, solids and liquids"
10861,"Fruit cocktail, (peach and pineapple and pear and grape and cherry), canned, extra light syrup, solids and liquids"
10862,"Fruit cocktail, (peach and pineapple and pear and grape and cherry), canned, light syrup, solids and liquids"
10863,"Fruit cocktail, (peach and pineapple and pear and grape and cherry), canned, heavy syrup, solids and liquids"
10864,"Fruit cocktail, (peach and pineapple and pear and grape and cherry), canned, extra heavy syrup, solids and liquids"
10865,"Gooseberries, raw"
10866,"Gooseberries, canned, light syrup pack, solids and liquids"
10867,"Goji berries, dried"
10868,"Grapefruit, raw, pink and red and white, all areas"
10869,"Grapefruit, raw, white, Florida"
10870,"Grapefruit, sections, canned, water pack, solids and liquids"
10871,"Grapefruit, sections, canned, juice pack, solids and liquids"
10872,"Grapefruit, sections, canned, light syrup pack, solids and liquids"
10873,"Grapefruit juice, pink or red, with added calcium"
10874,"Grapefruit juice, white, raw"
10875,"Grapes, muscadine, raw"
10876,"Grape juice, canned or bottled, unsweetened, with added ascorbic acid"
10877,"Grape juice, canned or bottled, unsweetened, without added ascorbic acid"
10878,"Groundcherries, (cape-gooseberries or poha), raw"
10879,"Guavas, common, raw"
10880,"Guavas, strawberry, raw"
10881,"Beef, top loin petite roast, boneless, separable lean only, trimmed to 1/8"" fat, all grades, cooked, roasted"
10882,"Beef, top loin petite roast, boneless, separable lean only, trimmed to 1/8"" fat, choice, cooked, roasted"
10883,"Beef, top loin petite roast, boneless, separable lean only, trimmed to 1/8"" fat, select, cooked, roasted"
10884,"Beef, top loin petite roast/filet, boneless, separable lean only, trimmed to 1/8"" fat, all grades, raw"
10885,"Beef, loin, top sirloin filet, boneless, separable lean only, trimmed to 0"" fat, select, cooked, grilled"
10886,"Beef, loin, top sirloin petite roast, boneless, separable lean only, trimmed to 0"" fat, all grades, cooked, roasted"
10887,"Beef, loin, top sirloin petite roast, boneless, separable lean only, trimmed to 0"" fat, select, cooked, roasted"
10888,"Beef, loin, top sirloin petite roast/filet, boneless, separable lean only, trimmed to 0"" fat, all grades, raw"
10889,"Beef, ribeye cap steak, boneless, separable lean only, trimmed to 0"" fat, all grades, cooked, grilled"
10890,"Beef, ribeye cap steak, boneless, separable lean only, trimmed to 0"" fat, choice, cooked, grilled"
10891,"Beef, ribeye cap steak, boneless, separable lean only, trimmed to 0"" fat, select, cooked, grilled"
10892,"Beef, ribeye cap steak, boneless, separable lean only, trimmed to 0"" fat, all grades, raw"
10893,"Beef, ribeye petite roast, boneless, separable lean only, trimmed to 0"" fat, all grades, cooked, roasted"
10894,"Beef, ribeye petite roast, boneless, separable lean only, trimmed to 0"" fat, choice, cooked, roasted"
10895,"Beef, ribeye petite roast, boneless, separable lean only, trimmed to 0"" fat, select, cooked, roasted"
10896,"Beef, loin, top sirloin cap steak, boneless, separable lean and fat, trimmed to 1/8"" fat, all grades, cooked, grilled"
10897,"Beef, loin, top sirloin cap steak, boneless, separable lean and fat, trimmed to 1/8"" fat, select, raw"
10898,"Beef, top loin filet, boneless, separable lean and fat, trimmed to 1/8"" fat, all grades, cooked, grilled"
10899,"Beef, top loin filet, boneless, separable lean and fat, trimmed to 1/8"" fat, choice, cooked, grilled"
10900,"Beef, top loin filet, boneless, separable lean and fat, trimmed to 1/8"" fat, select, cooked, grilled"
10901,"Beef, top loin petite roast/filet, boneless, separable lean and fat, trimmed to 1/8"" fat, choice, raw"
10902,"Beef, top loin petite roast/filet, boneless, separable lean and fat, trimmed to 1/8"" fat, select, raw"
10903,"Beef, Australian, imported, grass-fed, ground, 85% lean / 15% fat, raw"
10904,"Beef, loin, top loin steak, boneless, lip-on, separable lean only, trimmed to 1/8"" fat, choice, cooked, grilled"
10905,"Beef, loin, top loin steak, boneless, lip-on, separable lean only, trimmed to 1/8"" fat, select, cooked, grilled"
10906,"Beef, loin, top loin steak, boneless, lip-on, separable lean only, trimmed to 1/8"" fat, all grades, cooked, grilled"
10907,"Beef, loin, top loin steak, boneless, lip-on, separable lean and fat, trimmed to 1/8"" fat, choice, raw"
10908,"Beef, New Zealand, imported, brisket point end, separable lean only, cooked, braised"
10909,"Beef, New Zealand, imported, brisket point end, separable lean only, raw"
10910,"Beef, New Zealand, imported, chuck eye roll, separable lean only, raw"
10911,"Beef, New Zealand, imported, chuck eye roll, separable lean only, cooked, braised"
10912,"Beef, New Zealand, imported, flank, separable lean only, cooked, braised"
10913,"Beef, New Zealand, imported, flank, separable lean only, raw"
10914,"Beef, New Zealand, imported, flat, separable lean only, cooked, braised"
10915,"Beef, New Zealand, imported, flat, separable lean only, raw"
10916,"Beef, New Zealand, imported, variety meats and by-products, heart, cooked, boiled"
10917,"Beef, New Zealand, imported, intermuscular fat, cooked"
10918,"Beef, New Zealand, imported, intermuscular fat, raw"
10919,"Beef, New Zealand, imported, variety meats and by-products, kidney, cooked, boiled"
10920,"Beef, New Zealand, imported, knuckle, cooked, fast fried"
10921,"Beef, New Zealand, imported, manufacturing beef, raw"
10922,"Beef, New Zealand, imported, oyster blade, separable lean only, cooked, braised"
10923,"Beef, New Zealand, imported, oyster blade, separable lean only, raw"
10924,"Beef, New Zealand, imported, ribs prepared, cooked, fast roasted"
10925,"Beef, New Zealand, imported, subcutaneous fat, cooked"
10926,"Beef, New Zealand, imported, subcutaneous fat, raw"
10927,"Beef, New Zealand, imported, sweetbread, cooked, boiled"
10928,"Beef, New Zealand, imported, sweetbread, raw"
10929,"Beef, New Zealand, imported, tenderloin, separable lean only, cooked, fast fried"
10930,"Beef, New Zealand, imported, variety meats and by-products, tripe cooked, boiled"
10931,"Beef, New Zealand, imported, variety meats and by-products, tripe uncooked, raw"
10932,"Beef, New Zealand, imported, bolar blade, separable lean and fat, cooked, fast roasted"
10933,"Beef, New Zealand, imported, bolar blade, separable lean and fat, raw"
10934,"Beef, New Zealand, imported, chuck eye roll, separable lean and fat, cooked, braised"
10935,"Beef, New Zealand, imported, chuck eye roll, separable lean and fat, raw"
10936,"Beef, New Zealand, imported, cube roll, separable lean and fat, cooked, fast roasted"
10937,"Beef, New Zealand, imported, cube roll, separable lean and fat, raw"
10938,"Beef, New Zealand, imported, flat, separable lean and fat, raw"
10939,"Beef, New Zealand, imported, hind shin, separable lean and fat, cooked, braised"
10940,"Beef, New Zealand, imported, hind shin, separable lean and fat, raw"
10941,"Beef, New Zealand, imported, oyster blade, separable lean and fat, cooked, braised"
10942,"Beef, New Zealand, imported, striploin, separable lean and fat, raw"
10943,"Beef, New Zealand, imported, tenderloin, separable lean and fat, cooked, fast fried"
10944,"Beef, New Zealand, imported, tenderloin, separable lean and fat, raw"
10945,"Beef, ground, 93% lean meat / 7% fat, raw"
10946,"Beef, ground, 97% lean meat / 3% fat, raw"
10947,"Beef, ground, 97% lean meat / 3% fat, patty, cooked, broiled"
10948,"Beef, ground, 97% lean meat /3% fat, patty, cooked, pan-broiled"
10949,"Beef, ground, 97% lean meat / 3% fat, loaf, cooked, baked"
10950,"Beef, round, bottom round, steak, separable lean only, trimmed to 1/8"" fat, choice, cooked, braised"
10951,"Beef, short loin, top loin, steak, separable lean only, trimmed to 1/8"" fat, choice, raw"
10952,"Beef, tenderloin, steak, separable lean only, trimmed to 1/8"" fat, choice, cooked, broiled"
10953,"Beef, top sirloin, steak, separable lean only, trimmed to 1/8"" fat, choice, cooked, broiled"
10954,"Beef, short loin, top loin, steak, separable lean only, trimmed to 1/8"" fat, choice, cooked, broiled"
10955,"Beef, round, eye of round, roast, separable lean only, trimmed to 1/8"" fat, select, raw"
10956,"Beef, round, top round, steak, separable lean only, trimmed to 1/8"" fat, select, raw"
10957,"Beef, round, bottom round, roast, separable lean only, trimmed to 1/8"" fat, select, raw"
10958,"Beef, rib, small end (ribs 10-12), separable lean only, trimmed to 1/8"" fat, all grades, cooked, broiled"
10959,"Beef, bottom sirloin, tri-tip roast, separable lean only, trimmed to 0"" fat, select, raw"
10960,"Beef, round, tip round, roast, separable lean only, trimmed to 0"" fat, all grades, raw"
10961,"Beef, round, tip round, roast, separable lean only, trimmed to 0"" fat, choice, raw"
10962,"Beef, round, tip round, roast, separable lean only, trimmed to 0"" fat, select, raw"
10963,"Beef, brisket, flat half, separable lean and fat, trimmed to 1/8"" fat, choice, raw"
10964,"Beef, brisket, flat half, separable lean and fat, trimmed to 1/8"" fat, select, raw"
10965,"Beef, brisket, flat half, separable lean and fat, trimmed to 1/8"" fat, choice, cooked, braised"
10966,"Snacks, popcorn, microwave, 94% fat free"
10967,"Formulated bar, MARS SNACKFOOD US, SNICKERS MARATHON Double Chocolate Nut Bar"
10968,"Snacks, M&M MARS, KUDOS Whole Grain Bars, peanut butter"
10969,"Formulated bar, MARS SNACKFOOD US, SNICKERS MARATHON Honey Nut Oat Bar"
10970,"Snacks, M&M MARS, KUDOS Whole Grain Bar, M&M's milk chocolate"
10971,"Formulated bar, MARS SNACKFOOD US, SNICKERS MARATHON Energy Bar, all flavors"
10972,"Formulated bar, POWER BAR, chocolate"
10973,"Formulated bar, MARS SNACKFOOD US, COCOAVIA, Chocolate Blueberry Snack Bar"
10974,"Formulated bar, SLIM-FAST OPTIMA meal bar, milk chocolate peanut"
10975,"Snacks, soy chips or crisps, salted"
10976,"Popcorn, microwave, regular (butter) flavor, made with palm oil"
10977,"Snacks, plantain chips, salted"
10978,"Tortilla chips, yellow, plain, salted"
10979,"Snacks, granola bar, KASHI GOLEAN, crunchy, mixed flavors"
10980,"Snacks, granola bar, chewy, reduced sugar, all flavors"
10981,"Snacks, granola bites, mixed flavors"
10982,"Snacks, pita chips, salted"
10983,"Snacks, granola bars, soft, almond, confectioners coating"
10984,"Formulated bar, high fiber, chewy, oats and chocolate"
10985,"Snacks, bagel chips, plain"
10986,"Snacks, NUTRI-GRAIN FRUIT AND NUT BAR"
10987,"Snacks, yucca (cassava) chips, salted"
10988,"Snacks, granola bar, GENERAL MILLS, NATURE VALLEY, CHEWY TRAIL MIX"
10989,"Snacks, granola bar, QUAKER, DIPPS, all flavors"
10990,"Snacks, brown rice chips"
10991,"Snack, Pretzel, hard chocolate coated"
10992,"Snacks, peas, roasted, wasabi-flavored"
10993,"Formulated Bar, SOUTH BEACH protein bar"
10994,"Snack, BALANCE, original bar"
10995,"Snacks, shrimp cracker"
10996,Rice crackers
10997,"Beverages, MONSTER energy drink, low carb"
10998,"Beverages, Whiskey sour mix, powder"
10999,"Alcoholic beverage, whiskey sour, prepared with water, whiskey and powder mix"
11000,"Beverages, THE COCA-COLA COMPANY, NOS energy drink, Original, grape, loaded cherry, charged citrus, fortified with vitamins B6 and B12"
11001,"Beverages, water, bottled, yumberry, pomegranate with anti-oxidants, zero calories"
11002,"Beverages, ABBOTT, EAS whey protein powder"
11003,"Alcoholic beverage, creme de menthe, 72 proof"
11004,"Beverages, NESTLE, Boost plus, nutritional drink, ready-to-drink"
11005,"Beverages, SLIMFAST, Meal replacement,  High Protein Shake, Ready-To-Drink, 3-2-1 plan"
11006,"Beverages, UNILEVER, SLIMFAST, meal replacement, regular, ready-to-drink,  3-2-1 Plan"
11007,"Beverages, UNILEVER, SLIMFAST Shake Mix, powder, 3-2-1 Plan"
11008,"Beverages, FUZE, orange mango, fortified with vitamins A, C, E, B6"
11009,"Beverages, UNILEVER, SLIMFAST Shake Mix, high protein, whey powder, 3-2-1 Plan,"
11010,"Beverages, Acai berry drink, fortified"
11011,"Alcoholic beverage, wine, dessert, sweet"
11012,"Beverages, Whey protein powder isolate"
11013,"Beverages, Orange juice, light, No pulp"
11014,"Beverages, The COCA-COLA company, Hi-C Flashin' Fruit Punch"
11015,"Beverages, Protein powder whey based"
11016,"Beverages, Protein powder soy based"
11017,"Beverages, rich chocolate, powder"
11018,"Beverages, GEROLSTEINER BRUNNEN GmbH & Co. KG (Gerolsteiner), naturally sparkling, mineral bottled water"
11019,"Beverages, chocolate malt, powder, prepared with fat free milk"
11020,"Alcoholic beverage, wine, table, all"
11021,"Beverages, V8 SPLASH Smoothies, Peach Mango"
11022,"Beverages, chocolate almond milk, unsweetened, shelf-stable, fortified with vitamin D2 and E"
11023,"Beverages, The COCA-COLA company, Glaceau Vitamin Water, Revive Fruit Punch, fortified"
11024,"Beverages, MINUTE MAID, Lemonada, Limeade"
11025,"Alcoholic beverage, wine, table, red"
11026,"Alcoholic Beverage, wine, table, red, Barbera"
11027,"Alcoholic Beverage, wine, table, red, Zinfandel"
11028,"Alcoholic Beverage, wine, table, red, Petite Sirah"
11029,"Alcoholic Beverage, wine, table, red, Claret"
11030,"Alcoholic beverage, wine, table, white, Chenin Blanc"
11031,"Alcoholic beverage, wine, table, white, Fume Blanc"
11032,"Beverages, Mixed vegetable and fruit juice drink, with added nutrients"
11033,"Alcoholic beverage, wine, table, white, Muller Thurgau"
11034,"Carbonated beverage, cream soda"
11035,"Alcoholic beverage, wine, table, white, Riesling"
11036,"Alcoholic beverage, wine, table, white, Sauvignon Blanc"
11037,"Alcoholic beverage, wine, table, white, late harvest"
11038,"Beverages, carbonated, grape soda"
11039,"Beverages, carbonated, low calorie, other than cola or pepper,  without caffeine"
11040,"Beverages, carbonated, lemon-lime soda, no caffeine"
11041,"Beverages, carbonated, SPRITE, lemon-lime, without caffeine"
11042,"Beverages, carbonated, low calorie, other than cola or pepper, with aspartame, contains caffeine"
11043,"Alcoholic Beverage, wine, table, red, Burgundy"
11044,"Beverages, carbonated, pepper-type, contains caffeine"
11045,"Beverages, Energy drink, RED BULL"
11046,"Beverages, tea, black, ready to drink, decaffeinated, diet"
11047,"Beverages, tea, black, ready to drink, decaffeinated"
11048,"Beverages, grape juice drink, canned"
11049,"Beverages, Cranberry juice cocktail"
11050,"Beverages, SNAPPLE, tea, black and green, ready to drink, peach, diet"
11051,"Lemonade, frozen concentrate, white"
11052,"Lemonade, frozen concentrate, white, prepared with water"
11053,"Beverages, SNAPPLE, tea, black and green, ready to drink, lemon, diet"
11054,"Beverages, Malted drink mix, natural, with added nutrients, powder, prepared with whole milk"
11055,"Beverages, Malted drink mix, natural, powder, dairy based."
11056,"Beverages, Malted drink mix, natural, powder, prepared with whole milk"
11057,"Beverages, OVALTINE, chocolate malt powder"
11058,"Beverages, orange and apricot juice drink, canned"
11059,"Beverages, pineapple and grapefruit juice drink, canned"
11060,"Beverages, pineapple and orange juice drink, canned"
11061,"Shake, fast food, vanilla"
11062,"Beverages, tea, black, brewed, prepared with tap water"
11063,"Beverages, tea, instant, decaffeinated, lemon, diet"
11064,"Beverages, tea, instant, decaffeinated, lemon, sweetened"
11065,"Beverages, tea, instant, unsweetened, powder"
11066,"Beverages, tea, instant, lemon, diet"
11067,"Beverages, tea, herb, other than chamomile, brewed"
11068,"Beverages, water, bottled, PERRIER"
11069,"Beverages, water, bottled, POLAND SPRING"
11070,"Beverages, orange-flavor drink, breakfast type, powder"
11071,"Beverages, orange-flavor drink, breakfast type, powder, prepared with water"
11072,"Beverages, Orange-flavor drink, breakfast type, low calorie, powder"
11073,"English muffins, plain, unenriched, without calcium propionate (includes sourdough)"
11074,"Pie, apple, commercially prepared, unenriched flour"
11075,"Pie, fried pies, cherry"
11076,"Tortillas, ready-to-bake or -fry, corn, without added salt"
11077,"Tortillas, ready-to-bake or -fry, flour, without added calcium"
11078,"Cake, pound, commercially prepared, fat-free"
11079,"Cake, yellow, light, dry mix"
11080,"Archway Home Style Cookies, Coconut Macaroon"
11081,"Archway Home Style Cookies, Date Filled Oatmeal"
11082,"Archway Home Style Cookies, Dutch Cocoa"
11083,"Archway Home Style Cookies, Frosty Lemon"
11084,"Archway Home Style Cookies, Iced Molasses"
11085,"Archway Home Style Cookies, Old Fashioned Molasses"
11086,"Archway Home Style Cookies, Old Fashioned Windmill Cookies"
11087,"Archway Home Style Cookies, Peanut Butter"
11088,"Archway Home Style Cookies, Raspberry Filled"
11089,"George Weston Bakeries, Brownberry Sage and Onion Stuffing Mix, dry"
11090,"Keebler, Keebler Chocolate Graham SELECTS"
11091,"Continental Mills, Krusteaz Almond Poppyseed Muffin Mix, Artificially Flavored, dry"
11092,"Mckee Baking, Little Debbie Nutty Bars, Wafers with Peanut Butter, Chocolate Covered"
11093,"Nabisco, Nabisco Ritz Crackers"
11094,"Pillsbury, Buttermilk Biscuits, Artificial Flavor, refrigerated dough"
11095,"Pillsbury, Chocolate Chip Cookies, refrigerated dough"
11096,"Pillsbury, Crusty French Loaf, refrigerated dough"
11097,"Sorghum flour, refined, unenriched"
11098,"Rice, brown, parboiled, cooked, UNCLE BENS"
11099,"Pasta, gluten-free, rice flour and rice bran extract, cooked, DE BOLES"
11100,"Pasta, gluten-free, corn and rice flour, cooked"
11101,"Fast foods, biscuit, with egg and ham"
11102,"Fast foods, biscuit, with crispy chicken fillet"
11103,"Fast foods, croissant, with egg, cheese, and bacon"
11104,"Fast foods, croissant, with egg, cheese, and ham"
11105,"Fast foods, croissant, with egg, cheese, and sausage"
11106,"Fast foods, egg, scrambled"
11107,"Fast foods, potatoes, hash browns, round pieces or patty"
11108,"Fast foods, vanilla, light, soft-serve ice cream, with cone"
11109,"Fast foods, sundae, caramel"
11110,"Fast foods, sundae, hot fudge"
11111,"Fast foods, burrito, with beans"
11112,"Fast foods, burrito, with beans and beef"
11113,"PIZZA HUT 12"" Pepperoni Pizza, Hand-Tossed Crust"
11114,"PIZZA HUT 12"" Pepperoni Pizza, Pan Crust"
11115,"PIZZA HUT 12"" Super Supreme Pizza, Hand-Tossed Crust"
11116,"DOMINO'S 14"" Cheese Pizza, Classic Hand-Tossed Crust"
11117,"DOMINO'S 14"" Cheese Pizza, Ultimate Deep Dish Crust"
11118,"PAPA JOHN'S 14"" Cheese Pizza, Original Crust"
11119,"PAPA JOHN'S 14"" Pepperoni Pizza, Original Crust"
11120,"PAPA JOHN'S 14"" The Works Pizza, Original Crust"
11121,"PAPA JOHN'S 14"" Cheese Pizza, Thin Crust"
11122,"LITTLE CAESARS 14"" Pepperoni Pizza, Large Deep Dish Crust"
11123,"LITTLE CAESARS 14"" Cheese Pizza, Thin Crust"
11124,"PIZZA HUT 14"" Cheese Pizza, Hand-Tossed Crust"
11125,"PIZZA HUT 14"" Cheese Pizza, Pan Crust"
11126,"Fast Food, Pizza Chain, 14"" pizza, cheese topping, regular crust"
11127,"Fast Food, Pizza Chain, 14"" pizza, cheese topping, thick crust"
11128,"Fast Food, Pizza Chain, 14"" pizza, cheese topping, thin crust"
11129,"Fast Food, Pizza Chain, 14"" pizza, pepperoni topping, regular crust"
11130,"Fast Food, Pizza Chain, 14"" pizza, pepperoni topping, thick crust"
11131,"McDONALD'S, Chicken McNUGGETS"
11132,"McDONALD'S, Hash Brown"
11133,"McDONALD'S, Hotcakes (plain)"
11134,"McDONALD'S, Bacon, Egg & Cheese McGRIDDLES"
11135,"McDONALD'S, Hot Caramel Sundae"
11136,"McDONALD'S, Hot Fudge Sundae"
11137,"McDONALD'S, McFLURRY with M&M'S CANDIES"
11138,"McDONALD'S, McFLURRY with OREO cookies"
11139,"McDONALD'S, McCHICKEN Sandwich"
11140,"McDONALD'S, McCHICKEN Sandwich (without mayonnaise)"
11141,"McDONALD'S, Egg McMUFFIN"
11142,"McDONALD'S, Sausage McMUFFIN"
11143,"McDONALD'S, Deluxe Breakfast, with syrup and margarine"
11144,"McDONALD'S, Hotcakes and Sausage"
11145,"McDONALD'S, Hotcakes (with 2 pats margarine & syrup)"
11146,"McDONALD'S, Bacon Ranch Salad with Grilled Chicken"
11147,"McDONALD'S, Fruit 'n Yogurt Parfait (without granola)"
11148,"McDONALD'S, FILET-O-FISH (without tartar sauce)"
11149,"BURGER KING, CROISSAN'WICH with Egg and Cheese"
11150,"BURGER KING, CROISSAN'WICH with Sausage and Cheese"
11151,"Fast foods, hamburger; single, large patty; with condiments, vegetables and mayonnaise"
11152,"Fast foods, hamburger; single, regular patty; double decker bun with condiments and special sauce"
11153,"Fast foods, cheeseburger; double, regular patty; with condiments"
11154,"Fast foods, cheeseburger; double, large patty; with condiments"
11155,"Fast foods, chicken tenders"
11156,"Fast foods, bagel, with egg, sausage patty, cheese, and condiments"
11157,"Fast foods, bagel, with breakfast steak, egg, cheese, and condiments"
11158,"Light Ice Cream, soft serve, blended with milk chocolate candies"
11159,"Macaroni and Cheese, canned entree"
11160,"HOT POCKETS, CROISSANT POCKETS Chicken, Broccoli, and Cheddar Stuffed Sandwich, frozen"
11161,"HOT POCKETS Ham 'N Cheese Stuffed Sandwich, frozen"
11162,"Ravioli, cheese-filled, canned"
11163,"Ravioli, meat-filled, with tomato sauce or meat sauce, canned"
11164,"Beef stew, canned entree"
11165,"Chicken pot pie, frozen entree, prepared"
11166,"Beef, corned beef hash, with potato, canned"
11167,"Lasagna, cheese, frozen, prepared"
11168,"Lasagna with meat & sauce, frozen entree"
11169,"Burrito, beef and bean, frozen"
11170,"Burrito, bean and cheese, frozen"
11171,"Macaroni and Cheese, canned, microwavable"
11172,"Turkey, stuffing, mashed potatoes w/gravy, assorted vegetables, frozen, microwaved"
11173,"Rice bowl with chicken, frozen entree, prepared (includes fried, teriyaki, and sweet and sour varieties)"
11174,"Macaroni and cheese dinner with dry sauce mix, boxed, uncooked"
11175,"Macaroni and cheese, dry mix, prepared with 2% milk and 80% stick margarine from dry mix"
11176,"Macaroni and cheese, frozen entree"
11177,Potato salad with egg
11178,Pulled pork in barbecue sauce
11179,"Corn dogs, frozen, prepared"
11180,"Chicken tenders, breaded, frozen, prepared"
11181,"RICE-A-RONI, chicken flavor, unprepared"
11182,"Rice and vermicelli mix, chicken flavor, prepared with 80% margarine"
11183,"Beef, shoulder pot roast or steak, boneless, separable lean and fat, trimmed to 0"" fat, all grades, raw"
11184,"Beef, short loin, porterhouse steak, separable lean and fat, trimmed to 1/8"" fat, all grades, raw"
11185,"Beef, short loin, t-bone steak, separable lean and fat, trimmed to 1/8"" fat, all grades, cooked, grilled"
11186,"Beef, short loin, t-bone steak, separable lean and fat, trimmed to 1/8"" fat, select, raw"
11187,"Beef, short loin, t-bone steak, separable lean and fat, trimmed to 1/8"" fat, select, cooked, grilled"
11188,"Beef, round, knuckle, tip side, steak, separable lean and fat, trimmed to 0"" fat, choice, raw"
11189,"Beef, chuck, shoulder clod, shoulder tender, medallion, separable lean and fat, trimmed to 0"" fat, choice, cooked, grilled"
11190,"Beef, chuck, shoulder clod, shoulder tender, medallion, separable lean and fat, trimmed to 0"" fat, select, raw"
11191,"Beef, chuck, shoulder clod, shoulder top and center steaks, separable lean and fat, trimmed to 0"" fat, choice, raw"
11192,"Beef, chuck, shoulder clod, shoulder top and center steaks, separable lean and fat, trimmed to 0"" fat, choice, cooked, grilled"
11193,"Beef, chuck, shoulder clod, top blade, steak, separable lean and fat, trimmed to 0"" fat, select, raw"
11194,"Beef, chuck, shoulder clod, top blade, steak, separable lean and fat, trimmed to 0"" fat, select, cooked, grilled"
11195,"Beef, round, knuckle, tip center, steak, separable lean and fat, trimmed to 0"" fat, choice, raw"
11196,"Beef, round, knuckle, tip center, steak, separable lean and fat, trimmed to 0"" fat, choice, cooked, grilled"
11197,"Beef, round, knuckle, tip center, steak, separable lean and fat, trimmed to 0"" fat, select, raw"
11198,"Beef, round, outside round, bottom round, steak, separable lean and fat, trimmed to 0"" fat, select, cooked, grilled"
11199,"Beef, chuck, shoulder clod, shoulder tender, medallion, separable lean and fat, trimmed to 0"" fat, all grades, raw"
11200,"Beef, chuck, shoulder clod, shoulder tender, medallion, separable lean and fat, trimmed to 0"" fat, all grades, cooked, grilled"
11201,"Beef, round, knuckle, tip side, steak, separable lean and fat, trimmed to 0"" fat, all grades, raw"
11202,"Beef, chuck, shoulder clod, top blade, steak, separable lean and fat, trimmed to 0"" fat, all grades, cooked, grilled"
11203,"Beef, round, knuckle, tip center, steak, separable lean and fat, trimmed to 0"" fat, all grades, raw"
11204,"Beef, round, knuckle, tip center, steak, separable lean and fat, trimmed to 0"" fat, all grades, cooked, grilled"
11205,"Beef, round, outside round, bottom round, steak, separable lean and fat, trimmed to 0"" fat, all grades, raw"
11206,"Beef, rib eye roast, boneless, lip-on, separable lean only, trimmed to 1/8"" fat, select, cooked, roasted"
11207,"Beef, plate steak, boneless, inside skirt, separable lean only, trimmed to 0"" fat, all grades, cooked, grilled"
11208,"Beef, plate steak, boneless, inside skirt, separable lean only, trimmed to 0"" fat, all grades, raw"
11209,"Beef, plate steak, boneless, inside skirt, separable lean only, trimmed to 0"" fat, choice, cooked, grilled"
11210,"Beef, plate steak, boneless, outside skirt, separable lean only, trimmed to 0"" fat, all grades, raw"
11211,"Beef, plate steak, boneless, outside skirt, separable lean only, trimmed to 0"" fat, choice, cooked, grilled"
11212,"Beef, plate steak, boneless, outside skirt, separable lean only, trimmed to 0"" fat, choice, raw"
11213,"Beef, plate steak, boneless, outside skirt, separable lean only, trimmed to 0"" fat, select, cooked, grilled"
11214,"Beef, rib eye steak, boneless, lip off, separable lean only, trimmed to 0"" fat, choice, raw"
11215,"Beef, rib eye steak, boneless, lip off, separable lean only, trimmed to 0"" fat, select, cooked, grilled"
11216,"Beef, rib eye steak, boneless, lip off, separable lean only, trimmed to 0"" fat, select, raw"
11217,"Beef, rib, back ribs, bone-in, separable lean only, trimmed to 0"" fat, all grades, cooked, braised"
11218,"Beef, rib, back ribs, bone-in, separable lean only, trimmed to 0"" fat, select, raw"
11219,"Beef, rib eye steak, bone-in, lip-on, separable lean and fat, trimmed to 1/8"" fat, choice, cooked, grilled"
11220,"Beef, rib eye steak, bone-in, lip-on, separable lean and fat, trimmed to 1/8"" fat, select, cooked, grilled"
11221,"Beef, rib eye steak, bone-in, lip-on, separable lean and fat, trimmed to 1/8"" fat, all grades, cooked, grilled"
11222,"Beef, rib eye roast, bone-in, lip-on, separable lean and fat, trimmed to 1/8"" fat, choice, cooked, roasted"
11223,"Beef, rib eye steak/roast, bone-in, lip-on, separable lean and fat, trimmed to 1/8"" fat, select, raw"
11224,"Beef, rib eye steak, boneless, lip-on, separable lean and fat, trimmed to 1/8"" fat, choice, cooked, grilled"
11225,"Beef, rib eye steak, boneless, lip-on, separable lean and fat, trimmed to 1/8"" fat, select, cooked, grilled"
11226,"Beef, rib eye steak, boneless, lip-on, separable lean and fat, trimmed to 1/8"" fat, all grades, cooked, grilled"
11227,"Beef, rib eye steak/roast, boneless, lip-on, separable lean and fat, trimmed to 1/8"" fat, choice, raw"
11228,"Beef, rib eye steak/roast, boneless, lip-on, separable lean and fat, trimmed to 1/8"" fat, select, raw"
11229,"Beef, plate steak, boneless, inside skirt, separable lean and fat, trimmed to 0"" fat, all grades, cooked, grilled"
11230,"Beef, plate steak, boneless, inside skirt, separable lean and fat, trimmed to 0"" fat, choice, cooked, grilled"
11231,"Beef, plate steak, boneless, outside skirt, separable lean and fat, trimmed to 0"" fat, all grades, cooked, grilled"
11232,"Beef, plate steak, boneless, outside skirt, separable lean and fat, trimmed to 0"" fat, choice, cooked, grilled"
11233,"Beef, plate steak, boneless, outside skirt, separable lean and fat, trimmed to 0"" fat, select, cooked, grilled"
11234,"Beef, plate steak, boneless, outside skirt, separable lean and fat, trimmed to 0"" fat, all grades, raw"
11235,"Beef, rib eye steak, boneless, lip off, separable lean and fat, trimmed to 0"" fat, select, cooked, grilled"
11236,"Beef, rib eye steak, boneless, lip off, separable lean and fat, trimmed to 0"" fat, all grades, raw"
11237,"Beef, rib eye steak, boneless, lip off, separable lean and fat, trimmed to 0"" fat, choice, raw"
11238,"Beef, rib eye steak, boneless, lip off, separable lean and fat, trimmed to 0"" fat, select, raw"
11239,"Beef, rib, back ribs, bone-in, separable lean and fat, trimmed to 0"" fat, choice, raw"
11240,"Beef, rib, back ribs, bone-in, separable lean and fat, trimmed to 0"" fat, select, raw"
11241,"Beef, loin, top sirloin petite roast, boneless, separable lean only, trimmed to 0"" fat, choice, cooked, roasted"
11242,"Beef, loin, top sirloin petite roast/filet, boneless, separable lean only, trimmed to 0"" fat, choice, raw"
11243,"Beef, loin, top sirloin cap steak, boneless, separable lean only, trimmed to 1/8"" fat, select, raw"
11244,"Butter, salted"
11245,"Butter, whipped, with salt"
11246,"Butter oil, anhydrous"
11247,"Cheese, caraway"
11248,"Cheese, cheddar (Includes foods for USDA's Food Distribution Program)"
11249,"Cheese, cheshire"
11250,"Cheese, colby"
11251,"Cheese, cottage, lowfat, 1% milkfat"
11252,"Cheese, cream"
11253,"Cheese, edam"
11254,"Cheese, feta"
11255,"Egg, yolk, raw, frozen, pasteurized"
11256,"Egg, yolk, raw, frozen, sugared, pasteurized"
11257,"Egg, whole, cooked, fried"
11258,"Egg, whole, cooked, hard-boiled"
11259,"Egg, whole, dried, stabilized, glucose reduced"
11260,"Egg, white, dried, flakes, stabilized, glucose reduced"
11261,"Egg, white, dried, powder, stabilized, glucose reduced"
11262,"Egg, yolk, dried"
11263,"Egg substitute, powder"
11264,"Butter, without salt"
11265,"Cheese, parmesan, shredded"
11266,"Milk, nonfat, fluid, without added vitamin A and vitamin D (fat free or skim)"
11267,"Cheese, goat, semisoft type"
11268,"Yogurt, Greek, 2% fat, key lime blend, CHOBANI"
11269,"Cheese, goat, soft type"
11270,"Egg, yolk, raw, frozen, salted, pasteurized"
11271,"Cheese, mexican, queso asadero"
11272,"Cheese, mexican, queso chihuahua"
11273,"Cheese, low fat, cheddar or colby"
11274,"Cheese, low-sodium, cheddar or colby"
11275,"Milk, fluid, 1% fat, without added vitamin A and vitamin D"
11276,"Sour cream, reduced fat"
11277,"Sour cream, light"
11278,"Sour cream, fat free"
11279,"Yogurt, vanilla or lemon flavor, nonfat milk, sweetened with low-calorie sweetener"
11280,KRAFT CHEEZ WHIZ LIGHT Pasteurized Process Cheese Product
11281,KRAFT FREE Singles American Nonfat Pasteurized Process Cheese Product
11282,KRAFT VELVEETA Pasteurized Process Cheese Spread
11283,KRAFT VELVEETA LIGHT Reduced Fat Pasteurized Process Cheese Product
11284,"Milk, chocolate, fluid, commercial, reduced fat, with added calcium"
11285,"Yogurt, fruit, lowfat, with low calorie sweetener"
11286,"Cheese, parmesan, dry grated, reduced fat"
11287,"Cream substitute, flavored, liquid"
11288,"Milk, dry, whole, without added vitamin D"
11289,"Cheese product, pasteurized process, American, reduced fat, fortified with vitamin D"
11290,"Yogurt, fruit, low fat, 9 grams protein per 8 ounce, fortified with vitamin D"
11291,"Yogurt, fruit, low fat, 10 grams protein per 8 ounce, fortified with vitamin D"
11292,"Yogurt, fruit variety, nonfat, fortified with vitamin D"
11293,"Protein supplement, milk based, Muscle Milk, powder"
11294,"Protein supplement, milk based, Muscle Milk Light, powder"
11295,Dulce de Leche
11296,"Egg substitute, liquid or frozen, fat free"
11297,"Yogurt, vanilla flavor, lowfat milk, sweetened with low calorie sweetener"
11298,"Yogurt, frozen, flavors not chocolate, nonfat milk, with low-calorie sweetener"
11299,"Ice cream, soft serve, chocolate"
11300,"Ice cream, bar or stick, chocolate covered"
11301,"Fat free ice cream, no sugar added, flavors other than chocolate"
11302,"Salt, table"
11303,"Vinegar, cider"
11304,"Thyme, fresh"
11305,Vanilla extract
11306,"Horseradish, prepared"
11307,"Rosemary, fresh"
11308,"Peppermint, fresh"
11309,"Spearmint, fresh"
11310,"Seasoning mix, dry, chili, original"
11311,Clif Z bar
11312,"Babyfood, juice treats, fruit medley, toddler"
11313,"Babyfood, meat, beef, strained"
11314,"Babyfood, meat, ham, junior"
11315,"Babyfood, meat, lamb, strained"
11316,"Babyfood, meat, lamb, junior"
11317,"Babyfood, meat, chicken, strained"
11318,"Babyfood, meat, turkey sticks, junior"
11319,"Babyfood, snack, GERBER GRADUATE FRUIT  STRIPS, Real Fruit Bars"
11320,"Babyfood, meat, meat sticks, junior"
11321,"Babyfood, GERBER, 2nd Foods, apple, carrot and squash, organic"
11322,"Babyfood, dinner, vegetables and dumplings and beef, junior"
11323,"Babyfood, dinner, beef lasagna, toddler"
11324,"Babyfood, dinner, macaroni and tomato and beef, strained"
11325,"Babyfood, dinner, macaroni and tomato and beef, junior"
11326,"Babyfood, dinner, spaghetti and tomato and meat, junior"
11327,"Babyfood, dinner, spaghetti and tomato and meat, toddler"
11328,"Babyfood, dinner, vegetables and beef, strained"
11329,"Babyfood, dinner, vegetables and beef, junior"
11330,"Babyfood, dinner, chicken soup, strained"
11331,"Babyfood, dinner, chicken stew, toddler"
11332,"Babyfood, dinner, vegetables chicken, strained"
11333,"Babyfood, dinner, vegetables, noodles and chicken, strained"
11334,"Babyfood, dinner, turkey and rice, junior"
11335,"Babyfood, dinner, vegetables and turkey, strained"
11336,"Babyfood, dinner, vegetables and turkey, junior"
11337,"Babyfood, dinner, macaroni and cheese, strained"
11338,"Babyfood, vegetable, green beans and potatoes"
11339,"Babyfood, vegetables, beets, strained"
11340,"Babyfood, vegetables, carrots, strained"
11341,"Babyfood, vegetables, carrots, junior"
11342,"Babyfood, potatoes, toddler"
11343,"Babyfood, cereal, Oatmeal, dry, GERBER, SINGLE GRAIN, fortified"
11344,"Babyfood, vegetable, butternut squash and corn"
11345,"Babyfood, apples, dices, toddler"
11346,"Babyfood, fruit, applesauce, strained"
11347,"Babyfood, dinner, vegetables and chicken, junior"
11348,"Babyfood, dinner, mixed vegetable, strained"
11349,"Babyfood, vegetables, mix vegetables strained"
11350,"Babyfood, dinner, beef noodle, junior"
11351,"Babyfood, apples with ham, strained"
11352,"Babyfood, carrots and beef, strained"
11353,"Babyfood, beverage, GERBER, GRADUATES, FRUIT SPLASHERS"
11354,"Babyfood, snack, GERBER, GRADUATES, YOGURT MELTS"
11355,"Babyfood, dinner, sweet potatoes and chicken, strained"
11356,"Infant formula, MEAD JOHNSON, Enfamil 24, ready to feed, with ARA and DHA"
11357,"Infant formula, MEAD JOHNSON, Enfamil Enspire Powder, with ARA and DHA, not reconstituted"
11358,"Infant formula, MEAD JOHNSON, Enfamil Reguline, ready to feed, with ARA and DHA"
11359,"Infant formula, MEAD JOHNSON, Gentlease, ready to feed, with ARA and DHA"
11360,"Toddler formula, MEAD JOHNSON, Nutramigen Toddler with LGG Powder, with ARA and DHA, not reconstituted"
11361,"Infant formula, MEAD JOHNSON, Pregestimil 20 Calories, ready to feed, with ARA and DHA"
11362,"Babyfood, cereal, high protein, prepared with whole milk"
11363,"Babyfood, cereal, mixed, prepared with whole milk"
11364,"Babyfood, cereal, mixed, with bananas, prepared with whole milk"
11365,"Babyfood, cereal, oatmeal, prepared with whole milk"
11366,"Babyfood, cereal, mixed, with honey, prepared with whole milk"
11367,"Babyfood, cereal, high protein, with apple and orange, prepared with whole milk"
11368,"Babyfood, cereal, rice, with bananas, prepared with whole milk"
11369,"Infant formula, NESTLE, GOOD START SUPREME, with iron, liquid concentrate, not reconstituted"
11370,"Infant formula, NESTLE, GOOD START SUPREME, with iron, powder"
11371,"Infant formula, MEAD JOHNSON, ENFAMIL, LIPIL, low iron, liquid concentrate, with ARA and DHA"
11372,"Infant formula, MEAD JOHNSON, PREGESTIMIL, with iron, powder, with ARA and DHA, not reconstituted"
11373,"Infant formula, MEAD JOHNSON, PREGESTIMIL, with iron, with ARA and DHA, prepared from powder"
11374,"Infant formula, MEAD JOHNSON, PROSOBEE, with iron, ready-to-feed"
11375,"Infant formula, ABBOTT NUTRITION, SIMILAC, ISOMIL, with iron, ready-to-feed"
11376,"Infant formula, ABBOTT NUTRITION, SIMILAC, ISOMIL, with iron, liquid concentrate"
11377,"Infant formula, ABBOTT NUTRITION, SIMILAC, ISOMIL, with iron, powder, not reconstituted"
11378,"Infant formula, MEAD JOHNSON, ENFAMIL, NUTRAMIGEN, with iron, liquid concentrate not reconstituted, with ARA and DHA"
11379,"Infant formula, MEAD JOHNSON, ENFAMIL, PROSOBEE, with iron, powder, not reconstituted, with ARA and DHA"
11380,"Infant formula, ABBOTT NUTRITION, SIMILAC, with iron, powder, not reconstituted"
11381,"Infant formula, MEAD JOHNSON, ENFAMIL, PROSOBEE, liquid concentrate, reconstituted, with ARA and DHA"
11382,"Infant formula, MEAD JOHNSON, PROSOBEE, with iron, ready to feed, with ARA and DHA"
11383,"Infant formula, NESTLE, GOOD START SOY, with DHA and ARA, ready-to-feed"
11384,"Child formula, ABBOTT NUTRITION, PEDIASURE, ready-to-feed, with iron and fiber"
11385,"Infant formula, NESTLE, GOOD START ESSENTIALS SOY, with iron, powder"
11386,"Infant formula, MEAD JOHNSON, NEXT STEP PROSOBEE, powder, not reconstituted"
11387,"Infant formula, MEAD JOHNSON,NEXT STEP PROSOBEE, prepared from powder"
11388,"Infant formula, PBM PRODUCTS, store brand, powder"
11389,"Infant formula, PBM PRODUCTS, store brand, soy, ready-to-feed"
11390,"Infant formula, PBM PRODUCTS, store brand, soy, liquid concentrate, not reconstituted"
11391,"Infant formula, PBM PRODUCTS, store brand, soy, powder"
11392,"Infant formula, ABBOTT NUTRITION, SIMILAC, SENSITIVE, (LACTOSE FREE), liquid concentrate, with ARA and DHA"
11393,"Infant formula, ABBOTT NUTRITION, SIMILAC, SENSITIVE, (LACTOSE FREE), powder, with ARA and DHA"
11394,"Infant formula, ABBOTT NUTRITION, SIMILAC, ADVANCE, with iron, ready-to-feed"
11395,"Infant formula, ABBOTT NUTRITION, SIMILAC, ADVANCE, with iron, powder, not reconstituted"
11396,"Salad dressing, blue or roquefort cheese dressing, commercial, regular"
11397,"Oil, cupu assu"
11398,"Fat, chicken"
11399,"Oil, soybean, salad or cooking, (partially hydrogenated) and cottonseed"
11400,"Shortening industrial, lard and vegetable oil"
11401,"Shortening frying (heavy duty), beef tallow and cottonseed"
11402,"Shortening confectionery, coconut (hydrogenated) and or palm kernel (hydrogenated)"
11403,"Shortening industrial, soybean (hydrogenated) and cottonseed"
11404,"Oil, ucuhuba butter"
11405,"Fat, turkey"
11406,"Fat, goose"
11407,"Oil, avocado"
11408,"Shortening, special purpose for cakes and frostings, soybean (hydrogenated)"
11409,"Shortening, special purpose for baking, soybean (hydrogenated) palm and cottonseed"
11410,"Oil, oat"
11411,"Fish oil, cod liver"
11412,"Fish oil, sardine"
11413,"Shortening, multipurpose, soybean (hydrogenated) and palm (hydrogenated)"
11414,"Margarine-like, vegetable oil-butter spread, tub, with salt"
11415,"Butter, light, stick, with salt"
11416,"Margarine-like, vegetable oil spread, 60% fat, tub, with salt"
11417,"Margarine-like, vegetable oil spread, 60% fat, stick/tub/bottle, with salt"
11418,"Shortening, vegetable, household, composite"
11419,"Margarine, regular, 80% fat, composite, stick, without salt"
11420,"Margarine-like spread with yogurt, approximately 40% fat, tub, with salt"
11421,"Margarine, 80% fat, stick, includes regular and hydrogenated corn and soybean oils"
11422,"Margarine, margarine-type vegetable oil spread, 70% fat, soybean and partially hydrogenated soybean, stick"
11423,"Margarine Spread, 40-49% fat, tub"
11424,"Salad dressing, italian dressing, fat-free"
11425,"Salad dressing, ranch dressing, fat-free"
11426,"Salad dressing, ranch dressing, regular"
11427,"Salad dressing, ranch dressing, reduced fat"
11428,"Salad dressing, mayonnaise, light"
11429,"Oil, industrial, coconut, principal uses candy coatings, oil sprays, roasting nuts"
11430,"Oil, industrial, soy (partially hydrogenated), principal uses popcorn and flavoring vegetables"
11431,"Shortening, industrial, soy (partially hydrogenated), pourable liquid fry shortening"
11432,"Oil, industrial, soy, refined, for woks and light frying"
11433,"Margarine-like shortening, industrial, soy (partially hydrogenated), cottonseed, and soy, principal use flaky pastries"
11434,"Oil, industrial, palm kernel, confection fat, uses similar to high quality cocoa butter"
11435,"Oil, industrial, palm kernel (hydrogenated), confection fat, uses similar to 95 degree hard butter"
11436,"Oil, industrial, palm kernel (hydrogenated), confection fat, intermediate grade product"
11437,"Oil, industrial, palm kernel (hydrogenated), filling fat"
11438,"Oil, industrial, soy (partially hydrogenated ), palm, principal uses icings and fillings"
11439,"Margarine, industrial, non-dairy, cottonseed, soy oil (partially hydrogenated ), for flaky pastries"
11440,"Shortening, industrial, soy (partially hydrogenated ) and corn for frying"
11441,"Shortening, industrial, soy (partially hydrogenated ) for baking and confections"
11442,"Margarine-like spread, SMART BEAT Super Light without saturated fat"
11443,"Margarine-like spread, SMART BEAT Smart Squeeze"
11444,"Margarine-like spread, SMART BALANCE Omega Plus Spread (with plant sterols & fish oil)"
11445,"Chicken, broilers or fryers, drumstick, meat and skin, cooked, fried, flour"
11446,"Chicken, broilers or fryers, drumstick, meat and skin, cooked, roasted"
11447,"Chicken, broilers or fryers, drumstick, meat and skin, cooked, stewed"
11448,"Chicken, broilers or fryers, dark meat, drumstick, meat only, raw"
11449,"Chicken, broilers or fryers, leg, meat and skin, cooked, fried, batter"
11450,"Chicken, broilers or fryers, leg, meat and skin, cooked, fried, flour"
11451,"Chicken, broilers or fryers, leg, meat and skin, cooked, roasted"
11452,"Chicken, broilers or fryers, leg, meat and skin, cooked, stewed"
11453,"Chicken, broilers or fryers, leg, meat only, raw"
11454,"Chicken, broilers or fryers, neck, meat and skin, cooked, fried, batter"
11455,"Chicken, broilers or fryers, neck, meat and skin, cooked, fried, flour"
11456,"Chicken, broilers or fryers, neck, meat and skin, cooked simmered"
11457,"Chicken, broilers or fryers, neck, meat only, raw"
11458,"Chicken, broilers or fryers, thigh, meat and skin, cooked, fried, flour"
11459,"Chicken, broilers or fryers, thigh, meat and skin, cooked, roasted"
11460,"Chicken, broilers or fryers, thigh, meat and skin, cooked, stewed"
11461,"Chicken, broilers or fryers, dark meat, thigh, meat only, raw"
11462,"Chicken, broilers or fryers, wing, meat and skin, cooked, fried, batter"
11463,"Chicken, broilers or fryers, wing, meat and skin, cooked, fried, flour"
11464,"Chicken, broilers or fryers, wing, meat and skin, cooked, roasted"
11465,"Chicken, broilers or fryers, wing, meat and skin, cooked, stewed"
11466,"Chicken, broilers or fryers, wing, meat only, raw"
11467,"Chicken, roasting, meat and skin and giblets and neck, cooked, roasted"
11468,"Canada Goose, breast meat only, skinless, raw"
11469,"Chicken, roasting, meat and skin, cooked, roasted"
11470,"Chicken, roasting, meat only, raw"
11471,"Chicken, roasting, light meat, meat only, cooked, roasted"
11472,"Chicken, roasting, dark meat, meat only, raw"
11473,"Chicken, roasting, dark meat, meat only, cooked, roasted"
11474,"Chicken, stewing, meat and skin, and giblets and neck, raw"
11475,"Chicken, stewing, giblets, raw"
11476,"Chicken, stewing, giblets, cooked, simmered"
11477,"Chicken, stewing, light meat, meat only, raw"
11478,"Chicken, stewing, light meat, meat only, cooked, stewed"
11479,"Chicken, capons, meat and skin, raw"
11480,"Chicken, capons, meat and skin, cooked, roasted"
11481,"Beverages, water, tap, drinking"
11482,"Beverages, coffee substitute, cereal grain beverage, powder, prepared with whole milk"
11483,"Beverages, Dairy drink mix, chocolate, reduced calorie, with low-calorie sweeteners, powder"
11484,"Beverages, dairy drink mix, chocolate, reduced calorie, with aspartame, powder, prepared with water and ice"
11485,"Beverages, Orange-flavor drink, breakfast type, with pulp, frozen concentrate."
11486,"Beverages, Orange-flavor drink, breakfast type, with pulp, frozen concentrate, prepared with water"
11487,"Cranberry juice cocktail, frozen concentrate"
11488,"Cranberry juice cocktail, frozen concentrate, prepared with water"
11489,"Beverages, water, bottled, non-carbonated, DANNON"
11490,"Beverages, water, bottled, non-carbonated, PEPSI, AQUAFINA"
11491,"Water, bottled, non-carbonated, NAYA"
11492,"Beverages, DANNON, water, bottled, non-carbonated, with Fluoride"
11493,"Beverages, drink mix, QUAKER OATS, GATORADE, orange flavor, powder"
11494,"Beverages, PEPSICO QUAKER, Gatorade, G performance O 2, ready-to-drink."
11495,"Whiskey sour mix, bottled, with added potassium and sodium"
11496,"Alcoholic beverage, whiskey sour"
11497,"Alcoholic beverage, distilled, all (gin, rum, vodka, whiskey) 94 proof"
11498,"Alcoholic beverage, distilled, all (gin, rum, vodka, whiskey) 100 proof"
11499,"Alcoholic beverage, liqueur, coffee, 63 proof"
11500,"Lemonade, frozen concentrate, pink"
11501,"Beverages, lemonade, frozen concentrate, pink, prepared with water"
11502,"Fish, herring, Atlantic, kippered"
11503,"Fish, herring, Pacific, raw"
11504,"Fish, ling, raw"
11505,"Fish, lingcod, raw"
11506,"Fish, mackerel, Pacific and jack, mixed species, raw"
11507,"Fish, mackerel, spanish, raw"
11508,"Fish, mackerel, spanish, cooked, dry heat"
11509,"Fish, milkfish, raw"
11510,"Fish, monkfish, raw"
11511,"Fish, pout, ocean, raw"
11512,"Fish, perch, mixed species, raw"
11513,"Fish, perch, mixed species, cooked, dry heat"
11514,"Fish, pike, northern, raw"
11515,"Fish, pollock, Alaska, cooked, dry heat (may contain additives to retain moisture)"
11516,"Fish, pompano, florida, raw"
11517,"Fish, pompano, florida, cooked, dry heat"
11518,"Fish, rockfish, Pacific, mixed species, raw"
11519,"Fish, sablefish, smoked"
11520,"Fish, salmon, Atlantic, wild, raw"
11521,"Fish, salmon, chinook, smoked"
11522,"Fish, salmon, chinook, raw"
11523,"Fish, salmon, chum, raw"
11524,"Fish, salmon, pink, canned, total can contents"
11525,"Fish, salmon, sockeye, raw"
11526,"Fish, salmon, sockeye, cooked, dry heat"
11527,"Fish, salmon, sockeye, canned, drained solids"
11528,"Fish, sea bass, mixed species, cooked, dry heat"
11529,"Fish, seatrout, mixed species, raw"
11530,"Fish, shad, american, raw"
11531,"Fish, shark, mixed species, raw"
11532,"Fish, snapper, mixed species, raw"
11533,"Fish, snapper, mixed species, cooked, dry heat"
11534,"Fish, spot, raw"
11535,"Fish, sturgeon, mixed species, raw"
11536,"Fish, surimi"
11537,"Fish, swordfish, raw"
11538,"Fish, swordfish, cooked, dry heat"
11539,"Fish, tilefish, raw"
11540,"Fish, tuna, fresh, bluefin, raw"
11541,"Fish, tuna, fresh, bluefin, cooked, dry heat"
11542,"Fish, tuna, light, canned in oil, drained solids"
11543,"Fish, tuna, light, canned in water, drained solids (Includes foods for USDA's Food Distribution Program)"
11544,"Fish, turbot, european, raw"
11545,"Fish, whitefish, mixed species, raw"
11546,"Fish, whitefish, mixed species, smoked"
11547,"Fish, whiting, mixed species, raw"
11548,"Fish, catfish, channel, wild, cooked, dry heat"
11549,"Fish, salmon, coho, farmed, raw"
11550,"Fish, salmon, coho, farmed, cooked, dry heat"
11551,"Fish, trout, rainbow, farmed, raw"
11552,"Fish, trout, rainbow, farmed, cooked, dry heat"
11553,"Fish, salmon, coho, wild, cooked, dry heat"
11554,"Mollusks, conch, baked or broiled"
11555,"Salmon nuggets, breaded, frozen, heated"
11556,"Salmon nuggets, cooked as purchased, unheated"
11557,"Salmon, sockeye, canned, drained solids, without skin and bones"
11558,"Fish, Salmon, pink, canned, drained solids, without skin and bones"
11559,"Fish, pollock, Alaska, raw"
11560,"Fish, pollock, Alaska, cooked"
11561,"Beans, adzuki, mature seeds, raw"
11562,"Beans, adzuki, mature seeds, cooked, boiled, without salt"
11563,"Beans, adzuki, mature seeds, canned, sweetened"
11564,"Yokan, prepared from adzuki beans and sugar"
11565,"Beans, baked, home prepared"
11566,"Beans, baked, canned, with pork and sweet sauce"
11567,"Beans, baked, canned, with pork and tomato sauce"
11568,"Beans, black, mature seeds, raw"
11569,"Beans, black, mature seeds, cooked, boiled, without salt"
11570,"Beans, cranberry (roman), mature seeds, cooked, boiled, without salt"
11571,"Beans, cranberry (roman), mature seeds, canned"
11572,"Beans, french, mature seeds, raw"
11573,"Beans, french, mature seeds, cooked, boiled, without salt"
11574,"Beans, kidney, all types, mature seeds, cooked, boiled, without salt"
11575,"Beans, kidney, all types, mature seeds, canned"
11576,"Beans, kidney, california red, mature seeds, raw"
11577,"Beans, kidney, california red, mature seeds, cooked, boiled, without salt"
11578,"Beans, kidney, red, mature seeds, raw"
11579,"Beans, navy, mature seeds, raw"
11580,"Beans, navy, mature seeds, cooked, boiled, without salt"
11581,"Beans, navy, mature seeds, canned"
11582,"Beans, pink, mature seeds, raw"
11583,"Beans, small white, mature seeds, raw"
11584,"Beans, small white, mature seeds, cooked, boiled, without salt"
11585,"Beans, yellow, mature seeds, raw"
11586,"Beans, yellow, mature seeds, cooked, boiled, without salt"
11587,"Broadbeans (fava beans), mature seeds, cooked, boiled, without salt"
11588,"Broadbeans (fava beans), mature seeds, canned"
11589,Carob flour
11590,"Chickpeas (garbanzo beans, bengal gram), mature seeds, raw"
11591,"Chickpeas (garbanzo beans, bengal gram), mature seeds, cooked, boiled, without salt"
11592,"Cowpeas, common (blackeyes, crowder, southern), mature seeds, raw"
11593,"Cowpeas, common (blackeyes, crowder, southern), mature seeds, cooked, boiled, without salt"
11594,"Cowpeas, common (blackeyes, crowder, southern), mature seeds, canned, plain"
11595,"Cowpeas, common (blackeyes, crowder, southern), mature seeds, canned with pork"
11596,"Vitasoy USA, Organic Nasoya Extra Firm Tofu"
11597,"Vitasoy USA, Organic Nasoya Firm Tofu"
11598,"Vitasoy USA, Organic Nasoya Silken Tofu"
11599,"Soymilk (All flavors), enhanced"
11600,"Soymilk, original and vanilla, light, with added calcium, vitamins A and D"
11601,"Soymilk, chocolate and other flavors, light, with added calcium, vitamins A and D"
11602,"Soymilk, original and vanilla, light, unsweetened, with added calcium, vitamins A and D"
11603,"Soymilk (All flavors), lowfat, with added calcium, vitamins A and D"
11604,"SILK Chocolate, soymilk"
11605,"SILK Light Plain, soymilk"
11606,"SILK Light Vanilla, soymilk"
11607,"SILK Light Chocolate, soymilk"
11608,"SILK Very Vanilla, soymilk"
11609,"SILK Nog, soymilk"
11610,"SILK Chai, soymilk"
11611,"SILK Mocha, soymilk"
11612,SILK Raspberry soy yogurt
11613,SILK Peach soy yogurt
11614,SILK Black Cherry soy yogurt
11615,SILK Blueberry soy yogurt
11616,SILK Hazelnut Creamer
11617,"Vitasoy USA Organic Nasoya, Soft Tofu"
11618,"Vitasoy USA Nasoya, Lite Silken Tofu"
11619,"Vitasoy USA Organic Nasoya, Tofu Plus Extra Firm"
11620,"Vitasoy USA Azumaya, Silken Tofu"
11621,HOUSE FOODS Premium Soft Tofu
11622,HOUSE FOODS Premium Firm Tofu
11623,"Beans, adzuki, mature seed, cooked, boiled, with salt"
11624,"Beans, great northern, mature seeds, cooked, boiled, with salt"
11625,"Beans, great northern, mature seeds, canned, low sodium"
11626,"Beans, kidney, all types, mature seeds, cooked, boiled, with salt"
11627,"Beans, kidney, california red, mature seeds, cooked, boiled, with salt"
11628,"Beans, navy, mature seeds, cooked, boiled, with salt"
11629,"Beans, pink, mature seeds, cooked, boiled, with salt"
11630,"Beans, pinto, mature seeds, cooked, boiled, with salt"
11631,"Beans, pinto, mature seeds, canned, drained solids, rinsed in tap water"
11632,"Broadbeans (fava beans), mature seeds, cooked, boiled, with salt"
11633,"Chickpeas (garbanzo beans, bengal gram), mature seeds, cooked, boiled, with salt"
11634,"Chickpeas (garbanzo beans, bengal gram), mature seeds, canned, drained solids"
11635,"Chickpeas (garbanzo beans, bengal gram), mature seeds, canned, drained, rinsed in tap water"
11636,"Lima beans, large, mature seeds, cooked, boiled, with salt"
11637,"Lima beans, thin seeded (baby), mature seeds, cooked, boiled, with salt"
11638,"Lupins, mature seeds, cooked, boiled, with salt"
11639,"Mothbeans, mature seeds, cooked, boiled, with salt"
11640,"Peanuts, all types, dry-roasted, without salt"
11641,"Peanuts, spanish, oil-roasted, without salt"
11642,"Peanuts, valencia, oil-roasted, without salt"
11643,"Peanuts, virginia, oil-roasted, without salt"
11644,"Lamb, New Zealand, imported, loin chop, separable lean only, raw"
11645,"Lamb, New Zealand, imported, frozen, loin, separable lean only, cooked, broiled"
11646,"Lamb, New Zealand, imported, rack - partly frenched, separable lean and fat, raw"
11647,"Lamb, New Zealand, imported, rack - partly frenched, separable lean and fat, cooked, fast roasted"
11648,"Lamb, New Zealand, imported, frozen, shoulder, whole (arm and blade), separable lean only, cooked, braised"
11649,"Veal, composite of trimmed retail cuts, separable lean and fat, raw"
11650,"Veal, composite of trimmed retail cuts, separable lean and fat, cooked"
11651,"Veal, composite of trimmed retail cuts, separable lean only, raw"
11652,"Veal, leg (top round), separable lean and fat, cooked, braised"
11653,"Veal, leg (top round), separable lean and fat, cooked, pan-fried, breaded"
11654,"Veal, leg (top round), separable lean and fat, cooked, pan-fried, not breaded"
11655,"Veal, leg (top round), separable lean and fat, cooked, roasted"
11656,"Veal, leg (top round), separable lean only, cooked, roasted"
11657,"Veal, loin, separable lean and fat, raw"
11658,"Veal, loin, separable lean and fat, cooked, braised"
11659,"Veal, loin, separable lean and fat, cooked, roasted"
11660,"Veal, loin, separable lean only, raw"
11661,"Veal, rib, separable lean and fat, cooked, roasted"
11662,"Veal, rib, separable lean only, raw"
11663,"Veal, rib, separable lean only, cooked, braised"
11664,"Veal, rib, separable lean only, cooked, roasted"
11665,"Veal, shoulder, whole (arm and blade), separable lean only, cooked, braised"
11666,"Veal, shoulder, whole (arm and blade), separable lean only, cooked, roasted"
11667,"Veal, shoulder, arm, separable lean and fat, raw"
11668,"Veal, shoulder, arm, separable lean and fat, cooked, braised"
11669,"Veal, shoulder, blade chop, separable lean and fat, raw"
11670,"Veal, shoulder, blade, separable lean and fat, cooked, braised"
11671,"Veal, shoulder, blade, separable lean and fat, cooked, roasted"
11672,"Veal, shoulder, blade chop, separable lean only, raw"
11673,"Veal, shoulder, blade, separable lean only, cooked, braised"
11674,"Veal, sirloin, separable lean only, raw"
11675,"Veal, sirloin, separable lean only, cooked, braised"
11676,"Veal, sirloin, separable lean only, cooked, roasted"
11677,"Veal, cubed for stew (leg and shoulder), separable lean only, raw"
11678,"Game meat, antelope, cooked, roasted"
11679,"Game meat, bear, raw"
11680,"Game meat, bear, cooked, simmered"
11681,"Bison, ground, grass-fed, cooked"
11682,"Game meat, beefalo, composite of cuts, cooked, roasted"
11683,"Veal, Australian, separable fat, raw"
11684,"Veal, Australian, rib, rib roast, separable lean and fat, raw"
11685,"Game meat, bison, separable lean only, raw"
11686,"Game meat, bison, separable lean only, cooked, roasted"
11687,"Game meat, caribou, raw"
11688,"Game meat, caribou, cooked, roasted"
11689,"Game meat, deer, raw"
11690,"Bologna, pork"
11691,"Bologna, turkey"
11692,Chicken spread
11693,"Sausage, pork, chorizo, link or ground, raw"
11694,"Corned beef loaf, jellied"
11695,"Dutch brand loaf, chicken, pork and beef"
11696,"Frankfurter, beef, unheated"
11697,"Ham, sliced, pre-packaged, deli meat (96%fat free, water added)"
11698,"Ham, sliced, regular (approximately 11% fat)"
11699,"Ham, minced"
11700,Ham salad spread
11701,"Knackwurst, knockwurst, pork, beef"
11702,"Lebanon bologna, beef"
11703,"Liver cheese, pork"
11704,"Liver sausage, liverwurst, pork"
11705,"Sausage, turkey, fresh, cooked"
11706,"Bologna, chicken, pork, beef"
11707,"Bologna, chicken, pork"
11708,"Chicken breast, deli, rotisserie seasoned, sliced, prepackaged"
11709,"Frankfurter, meat and poultry, unheated"
11710,"Pork sausage, link/patty, fully cooked, unheated"
11711,"Kielbasa, fully cooked, grilled"
11712,"Kielbasa, fully cooked, pan-fried"
11713,"Kielbasa, fully cooked, unheated"
11714,"Sausage, chicken or turkey, Italian style,  lower sodium"
11715,"Ham, smoked, extra lean, low sodium"
11716,"Pork sausage, reduced sodium, cooked"
11717,"Sausage, pork, turkey, and beef, reduced sodium"
11718,"Cereals ready-to-eat, GENERAL MILLS, CHEERIOS"
11719,"Cereals ready-to-eat, POST, COCOA PEBBLES"
11720,"Cereals ready-to-eat, QUAKER, QUAKER CRUNCHY BRAN"
11721,"Cereals ready-to-eat, RALSTON CRISP RICE"
11722,"Cereals ready-to-eat, POST Bran Flakes"
11723,"Cereals ready-to-eat, POST, Honeycomb Cereal"
11724,"Cereals ready-to-eat, QUAKER, KING VITAMAN"
11725,"Cereals ready-to-eat, QUAKER, QUAKER OAT LIFE, plain"
11726,"Cereals ready-to-eat, QUAKER, 100% Natural Granola, Oats, Wheat and Honey"
11727,"Cereals ready-to-eat, RALSTON TASTEEOS"
11728,"Cereals ready-to-eat, POST, Honey Nut Shredded Wheat"
11729,"Cereals ready-to-eat, MALT-O-MEAL, CORN BURSTS"
11730,"Cereals ready-to-eat, wheat germ, toasted, plain"
11731,"Cereals, QUAKER, corn grits, instant, plain, prepared (microwaved or boiling water added), without salt"
11732,"Cereals, QUAKER, corn grits, instant, cheddar cheese flavor, dry"
11733,"Cereals, QUAKER, Instant Grits, Country Bacon flavor, dry"
11734,"Cereals, CREAM OF RICE, dry"
11735,"Cereals, CREAM OF WHEAT, regular, 10 minute cooking, dry"
11736,"Cereals, CREAM OF WHEAT, instant, prepared with water, without salt"
11737,"Cereals, MALT-O-MEAL, original, plain, dry"
11738,"Cereals, oats, regular and quick, not fortified, dry"
11739,"Cereals, oats, regular and quick, unenriched, cooked with water (includes boiling and microwaving), without salt"
11740,"Cereals, oats, instant, fortified, with cinnamon and spice, prepared with water"
11741,"Cereals, QUAKER, Instant Oatmeal, maple and brown sugar, dry"
11742,"Cereals, oats, instant, fortified, with raisins and spice, prepared with water"
11743,"Cereals ready-to-eat, MALT-O-MEAL, MARSHMALLOW MATEYS"
11744,"Cereals ready-to-eat, POST, Shredded Wheat, original big biscuit"
11745,"Cereals ready-to-eat, POST, Shredded Wheat, original spoon-size"
11746,"Cereals ready-to-eat, rice, puffed, fortified"
11747,"Cereals ready-to-eat, wheat, puffed, fortified"
11748,"Cereals, CREAM OF RICE, cooked with water, with salt"
11749,"Cereals, CREAM OF WHEAT, regular (10 minute), cooked with water, with salt"
11750,"Cereals, farina, unenriched, dry"
11751,"Cereals, farina, enriched, cooked with water, with salt"
11752,"Cereals ready-to-eat, POST, Shredded Wheat, lightly frosted, spoon-size"
11753,"Cereals ready-to-eat, POST SELECTS Blueberry Morning"
11754,"Cereals, oats, instant, fortified, maple and brown sugar, dry"
11755,"Cereals ready-to-eat, QUAKER WHOLE HEARTS oat cereal"
11756,"Cereals, QUAKER, Weight Control Instant Oatmeal, maple and brown sugar"
11757,"Cereals, QUAKER, Weight Control Instant Oatmeal, banana bread"
11758,"Cereals, QUAKER, oatmeal, REAL MEDLEYS, peach almond, dry"
11759,"Cereals, QUAKER, oatmeal, REAL MEDLEYS, cherry pistachio, dry"
11760,"Cereals, QUAKER, Instant Oatmeal, weight control, cinnamon"
11761,"Cereals ready-to-eat, MOM'S BEST, Sweetened WHEAT-FULS"
11762,"Apples, raw, without skin, cooked, boiled"
11763,"Apples, raw, without skin, cooked, microwave"
11764,"Apples, canned, sweetened, sliced, drained, heated"
11765,"Apples, dehydrated (low moisture), sulfured, uncooked"
11766,"Apples, frozen, unsweetened, heated (Includes foods for USDA's Food Distribution Program)"
11767,"Apple juice, canned or bottled, unsweetened, without added ascorbic acid"
11768,"Apple juice, frozen concentrate, unsweetened, undiluted, without added ascorbic acid"
11769,"Apple juice, frozen concentrate, unsweetened, diluted with 3 volume water without added ascorbic acid"
11770,"Apricots, canned, water pack, without skin, solids and liquids"
11771,"Apricots, canned, juice pack, with skin, solids and liquids"
11772,"Apricots, canned, extra light syrup pack, with skin, solids and liquids (Includes foods for USDA's Food Distribution Program)"
11773,"Apricots, canned, light syrup pack, with skin, solids and liquids"
11774,"Apricots, dehydrated (low-moisture), sulfured, stewed"
11775,"Apricots, dried, sulfured, uncooked"
11776,"Apricots, dried, sulfured, stewed, without added sugar"
11777,"Apricots, dried, sulfured, stewed, with added sugar"
11778,"Bananas, raw"
11779,"Bananas, dehydrated, or banana powder"
11780,"Blackberries, raw"
11781,"Blackberry juice, canned"
11782,"Blueberries, canned, heavy syrup, solids and liquids"
11783,"Blueberries, wild, frozen (Includes foods for USDA's Food Distribution Program)"
11784,"Blueberries, frozen, unsweetened (Includes foods for USDA's Food Distribution Program)"
11785,"Blueberries, frozen, sweetened"
11786,"Carissa, (natal-plum), raw"
11787,"Cherimoya, raw"
11788,"Cherries, sour, red, raw"
11789,"Cherries, sour, red, canned, water pack, solids and liquids"
11790,"Cherries, sour, red, canned, light syrup pack, solids and liquids"
11791,"Cherries, sweet, canned, water pack, solids and liquids"
11792,"Cherries, sweet, canned, juice pack, solids and liquids"
11793,"Cherries, sweet, canned, light syrup pack, solids and liquids"
11794,"Cherries, sweet, canned, pitted, heavy syrup pack, solids and liquids"
11795,"Cranberry sauce, canned, sweetened"
11796,"Cranberry-orange relish, canned"
11797,"Currants, european black, raw"
11798,"Currants, red and white, raw"
11799,"Beef, Australian, imported, grass-fed, loin, tenderloin steak/roast, boneless, separable lean only, raw"
11800,"Beef, Australian, imported, Wagyu, loin, tenderloin steak/roast, boneless, separable lean only, Aust. marble score 4/5, raw"
11801,"Beef, Australian, imported, Wagyu, external fat, Aust. marble score 9, raw"
11802,"Beef, Australian, imported, Wagyu, seam fat, Aust. marble score 9, raw"
11803,"Beef, Australian, imported, grass-fed, loin, tenderloin steak/roast, boneless, separable lean and fat, raw"
11804,"Beef, Australian, imported, grass-fed, loin, top loin steak/roast, boneless, separable lean only, raw"
11805,"Beef, Australian, imported, grass-fed, round, bottom round steak/roast, boneless, separable lean only, raw"
11806,"Beef, Australian, imported, grass-fed, round, top round cap-off steak/roast, boneless, separable lean only, raw"
11807,"Beef, Australian, imported, Wagyu, loin, tenderloin steak/roast, boneless, separable lean only, Aust. marble score 9, raw"
11808,"Beef, Australian, imported, Wagyu, loin, top loin steak/roast, boneless, separable lean only, Aust. marble score 4/5, raw"
11809,"Beef, Australian, imported, grass-fed, rib, ribeye steak/roast lip-on, boneless, separable lean and fat, raw"
11810,"Beef, Australian, imported, grass-fed, round, bottom round steak/roast, boneless, separable lean and fat, raw"
11811,"Beef, Australian, imported, grass-fed, round, top round cap-off steak/roast, boneless, separable lean and fat, raw"
11812,"Beef, Australian, imported, Wagyu, loin, top loin steak/roast, boneless, separable lean and fat, Aust. marble score 4/5, raw"
11813,"Beef, Australian, imported, Wagyu, loin, top loin steak/roast, separable lean and fat, Aust. marble score 9, raw"
11814,"Beef, round, top round steak, boneless, separable lean and fat, trimmed to 0"" fat, choice, raw"
11815,"Beef, round, top round steak, boneless, separable lean and fat, trimmed to 0"" fat, select, raw"
11816,"Beef, round, top round roast, boneless, separable lean and fat, trimmed to 0"" fat, all grades, raw"
11817,"Beef, round, top round roast, boneless, separable lean and fat, trimmed to 0"" fat, choice, raw"
11818,"Beef, round, eye of round steak, boneless, separable lean and fat, trimmed to 0"" fat, all grades, raw"
11819,"Beef, round, eye of round steak, boneless separable lean and fat, trimmed to 0"" fat, choice, raw"
11820,"Beef, round, eye of round steak, boneless, separable lean and fat, trimmed to 0"" fat, select, raw"
11821,"Beef, loin, tenderloin roast, boneless, separable lean and fat, trimmed to 0"" fat, all grades, raw"
11822,"Beef, loin, tenderloin steak, boneless, separable lean and fat, trimmed to 0"" fat, all grades, raw"
11823,"Beef, loin, tenderloin steak, boneless, separable lean and fat, trimmed to 0"" fat, choice, raw"
11824,"Beef, loin, tenderloin steak, boneless, separable lean and fat, trimmed to 0"" fat, select, raw"
11825,"Beef, loin, tenderloin roast, boneless, separable lean and fat, trimmed to 0"" fat, all grades, cooked, roasted"
11826,"Beef, round, top round roast, boneless, separable lean and fat, trimmed to 0"" fat, select, cooked, roasted"
11827,"Beef, round, eye of round steak, boneless, separable lean and fat, trimmed to 0"" fat, all grades, cooked, grilled"
11828,"Beef, round, eye of round steak, boneless, separable lean and fat, trimmed to 0"" fat, choice, cooked, grilled"
11829,"Beef, round, eye of round steak, boneless, separable lean and fat, trimmed to 0"" fat, select, cooked, grilled"
11830,"Beef, round, top round roast, boneless, separable lean only, trimmed to 0"" fat, choice, raw"
11831,"Beef, round, top round roast, boneless, separable lean only, trimmed to 0"" fat, select, raw"
11832,"Beef, round, eye of round roast, boneless, separable lean only, trimmed to 0"" fat, all grades, raw"
11833,"Beef, round, eye of round roast, boneless, separable lean only, trimmed to 0"" fat, choice, raw"
11834,"Beef, loin, tenderloin roast, boneless, separable lean only, trimmed to 0"" fat, choice, raw"
11835,"Beef, loin, tenderloin roast, boneless, separable lean only, trimmed to 0"" fat, select, raw"
11836,"Beef, loin, top loin steak, boneless, lip off, separable lean only, trimmed to 0"" fat, all grades, raw"
11837,"Beef, loin, top loin steak, boneless, lip off, separable lean only, trimmed to 0"" fat, choice, raw"
11838,"Beef, loin, tenderloin roast, boneless, separable lean only, trimmed to 0"" fat, all grades, cooked, roasted"
11839,"Beef, loin, tenderloin roast, boneless, separable lean only, trimmed to 0"" fat, choice, cooked, roasted"
11840,"Beef, loin, tenderloin roast, separable lean only, boneless, trimmed to 0"" fat, select, cooked, roasted"
11841,"Beef, round, top round roast, boneless, separable lean only, trimmed to 0"" fat, all grades, cooked, roasted"
11842,"Beef, round, eye of round steak, boneless, separable lean only, trimmed to 0"" fat, select, cooked, grilled"
11843,"Beef, loin, top loin steak, boneless, lip-on, separable lean only, trimmed to 1/8"" fat, select, raw"
11844,"Beef, loin, top loin steak, boneless, lip-on, separable lean only, trimmed to 1/8"" fat, choice, raw"
11845,"Beef, loin, top loin steak, boneless, lip-on, separable lean only, trimmed to 1/8"" fat, all grades, raw"
11846,"Beef, composite of trimmed retail cuts, separable lean only, trimmed to 1/8"" fat, choice, raw"
11847,"Beef composite, separable lean only, trimmed to 1/8"" fat, choice, cooked"
11848,"Beef, composite of trimmed retail cuts, separable lean and fat, trimmed to 0"" fat, choice, raw"
11849,"Beef, composite of trimmed retail cuts, separable lean only, trimmed to 0"" fat, choice, raw"
11850,"Beef, chuck, mock tender steak, separable lean only, trimmed to 0"" fat, all grades, cooked, broiled"
11851,"Beef, chuck, top blade, separable lean only, trimmed to 0"" fat, all grades, cooked, broiled"
11852,"Beef, chuck, clod roast, separable lean only, trimmed to 1/4"" fat, all grades, raw"
11853,"Beef, chuck, clod roast, separable lean only, trimmed to 0"" fat, all grades, cooked, roasted"
11854,"Beef, chuck, mock tender steak, separable lean and fat, trimmed to 0"" fat, USDA select, cooked, broiled"
11855,"Beef, chuck, top blade, separable lean and fat, trimmed to 0"" fat, choice, cooked, broiled"
11856,"Beef, chuck, top blade, separable lean and fat, trimmed to 0"" fat, select, cooked, broiled"
11857,"Beef, chuck, clod roast, separable lean and fat, trimmed to 0"" fat, choice, cooked, roasted"
11858,"Beef, loin, bottom sirloin butt, tri-tip steak, separable lean and fat, trimmed to 0"" fat, all grades, cooked, broiled"
11859,"Beef, chuck, mock tender steak, separable lean and fat, trimmed to 0"" fat, all grades, cooked, broiled"
11860,"Beef, chuck, top blade, separable lean and fat, trimmed to 0"" fat, all grades, cooked, broiled"
11861,"Beef, chuck, clod roast, separable lean and fat, trimmed to 0"" fat, all grades, cooked, roasted"
11862,"Beef, ground, 95% lean meat / 5% fat, crumbles, cooked, pan-browned"
11863,"Beef, ground, 95% lean meat / 5% fat, loaf, cooked, baked"
11864,"Beef, ground, 90% lean meat / 10% fat, raw"
11865,"Beef, ground, 90% lean meat / 10% fat, patty, cooked, broiled"
11866,"Beef, ground, 85% lean meat / 15% fat, patty, cooked, broiled"
11867,"Beef, ground, 85% lean meat / 15% fat, patty, cooked, pan-broiled"
11868,"Beef, ground, 85% lean meat / 15% fat, crumbles, cooked, pan-browned"
11869,"Beef, ground, 85% lean meat / 15% fat, loaf, cooked, baked"
11870,"Beef, ground, 80% lean meat / 20% fat, raw"
11871,"Beef, ground, 75% lean meat / 25% fat, raw"
11872,"Beef, ground, 75% lean meat / 25% fat, patty, cooked, broiled"
11873,"Beef, ground, 75% lean meat / 25% fat, patty, cooked, pan-broiled"
11874,"Beef, ground, 75% lean meat / 25% fat, crumbles, cooked, pan-browned"
11875,"Beef, short loin, top loin, steak, separable lean only, trimmed to 1/8"" fat, select, raw"
11876,"Beef, rib, small end (ribs 10-12), separable lean only, trimmed to 1/8"" fat, select, cooked, broiled"
11877,"Beef, tenderloin, steak, separable lean only, trimmed to 1/8"" fat, select, cooked, broiled"
11878,"Beef, top sirloin, steak, separable lean only, trimmed to 1/8"" fat, select, cooked, broiled"
11879,"Beef, round, bottom round, steak, separable lean only, trimmed to 1/8"" fat, select, cooked, braised"
11880,"Beef, round, bottom round, roast, separable lean only, trimmed to 1/8"" fat, all grades, raw"
11881,"Beef, brisket, flat half, separable lean only, trimmed to 1/8"" fat, all grades, cooked, braised"
11882,"Beef, brisket, flat half, separable lean only, trimmed to 1/8"" fat, all grades, raw"
11883,"Beef, round, eye of round, roast, separable lean only, trimmed to 1/8"" fat, all grades, raw"
11884,"Beef, chuck, arm pot roast, separable lean only, trimmed to 1/8"" fat, all grades, cooked, braised"
11885,"Beef, chuck, arm pot roast, separable lean only, trimmed to 1/8"" fat, all grades, raw"
11886,"Beef, round, bottom round, roast, separable lean only, trimmed to 1/8"" fat, all grades, cooked"
11887,"Beef, round, bottom round, steak, separable lean only, trimmed to 1/8"" fat, all grades, cooked, braised"
11888,"Beef, top sirloin, steak, separable lean only, trimmed to 1/8"" fat, all grades, cooked, broiled"
11889,"Beef, top sirloin, steak, separable lean only, trimmed to 1/8"" fat, all grades, raw"
11890,"Beef, chuck, arm pot roast, separable lean only, trimmed to 1/8"" fat, choice, raw"
11891,"Beef, brisket, flat half, separable lean only, trimmed to 1/8"" fat, choice, raw"
11892,"Beef, round, bottom round, roast, separable lean only, trimmed to 1/8"" fat, choice, raw"
11893,"Beef, round, bottom round, roast, separable lean only, trimmed to 1/8"" fat, choice, cooked, roasted"
11894,"Beef, round, eye of round, roast, separable lean only, trimmed to 1/8"" fat, choice, cooked, roasted"
11895,"Beef, round, top round, steak, separable lean only, trimmed to 1/8"" fat, choice, cooked, broiled"
11896,"Soup, clam chowder, new england, canned, ready-to-serve"
11897,"Soup, clam chowder, new england, reduced sodium, canned, ready-to-serve"
11898,"Soup, chicken noodle, reduced sodium, canned, ready-to-serve"
11899,"Soup, beef and vegetables, reduced sodium, canned, ready-to-serve"
11900,"Sauce, sweet and sour, ready-to-serve"
11901,"Sauce, cocktail, ready-to-serve"
11902,"Dip, salsa con queso, cheese and salsa- medium"
11903,"Dip, TOSTITOS, salsa con queso, medium"
11904,"Sauce, peanut, made from peanut butter, water, soy sauce"
11905,"Soup, chunky vegetable, reduced sodium, canned, ready-to-serve"
11906,"Gravy, HEINZ Home Style, classic chicken"
11907,"Soup, beef barley, ready to serve"
11908,"Sauce, enchilada, red, mild, ready to serve"
11909,"Bread, chapati or roti, whole wheat, commercially prepared, frozen"
11910,"Bread, paratha, whole wheat, commercially prepared, frozen"
11911,"Bread, naan, whole wheat, commercially prepared, refrigerated"
11912,"Bread, roll, Mexican, bollilo"
11913,"Cookie, butter or sugar, with chocolate icing or filling"
11914,"Cookie, chocolate, with icing or coating"
11915,"Tortillas, ready-to-bake or -fry, whole wheat"
11916,"Cake, snack cakes, creme-filled, chocolate with frosting, low-fat, with added fiber"
11917,"Cookies, graham crackers, plain or honey, lowfat"
11918,"Crackers, cheese, whole grain"
11919,"Waffles, whole wheat, lowfat, frozen, ready-to-heat"
11920,"Pancakes, plain, reduced fat"
11921,"Cookies, shortbread, reduced fat"
11922,"Cookies, sugar wafer, chocolate-covered"
11923,"Rolls, hamburger or hot dog, wheat/cracked wheat"
11924,"Rolls, hamburger or hot dog, whole wheat"
11925,"Bread, french or vienna, whole wheat"
11926,"Bagels, whole grain white"
11927,"English muffins, whole grain white"
11928,"Rolls, hamburger, whole grain white, calcium-fortified"
11929,"Cookies, chocolate chip sandwich, with creme filling"
11930,"Cookies, chocolate, made with rice cereal"
11931,"Cookies, marshmallow, with rice cereal and chocolate chips"
11932,"Crackers, flavored, fish-shaped"
11933,"Bread, gluten-free, white, made with potato extract, rice starch, and rice flour"
11934,"Bread, gluten-free, white, made with rice flour, corn starch, and/or tapioca"
11935,"Bread, gluten-free, white, made with tapioca starch and brown rice flour"
11936,"Bread, gluten-free, whole grain, made with tapioca starch and brown rice flour"
11937,"Crackers, gluten-free, multigrain and vegetable, made with corn starch and white rice flour"
11938,"Crackers, gluten-free, multi-seeded and multigrain"
11939,"Waffles, gluten-free, frozen, ready-to-heat"
11940,"Pancakes, gluten-free, frozen, ready-to-heat"
11941,"Rolls, dinner, sweet"
11942,"Beverages,  Energy drink, Citrus"
11943,"Alcoholic Beverage, wine, table, red, Mouvedre"
11944,"Alcoholic beverage, wine, table, white, Chardonnay"
11945,"Beverages, Kiwi Strawberry Juice Drink"
11946,"Beverages, Apple juice drink, light, fortified with vitamin C"
11947,"Beverages, POWERADE, Zero, Mixed Berry"
11948,"Beverages, Carob-flavor beverage mix, powder"
11949,"Beverages, Carob-flavor beverage mix, powder, prepared with whole milk"
11950,"Beverages, coconut milk, sweetened, fortified with calcium, vitamins A, B12, D2"
11951,"Beverages, chocolate syrup"
11952,"Beverages, chocolate syrup, prepared with whole milk"
11953,"Beverages, coffee, ready to drink, iced, mocha, milk based"
11954,"Beverages, tea, Oolong, brewed"
11955,"Beverages, tea, green, ready-to-drink, citrus, diet, fortified with vitamin C"
11956,"Beverages, Cocoa mix, powder"
11957,"Beverages, Cocoa mix, powder, prepared with water"
11958,"Beverages, Cocoa mix, NESTLE, Hot Cocoa Mix Rich Chocolate With Marshmallows"
11959,"Beverages, coffee, brewed, espresso, restaurant-prepared, decaffeinated"
11960,"Beverages, coffee, instant, regular, half the caffeine"
11961,"Beverages, coffee and cocoa, instant, decaffeinated, with whitener and low calorie sweetener"
11962,"Beverages, tea, green, ready-to-drink, sweetened"
11963,"Beverages, tea, ready-to-drink, lemon, diet"
11964,"Beverages, coffee, instant, regular, prepared with water"
11965,"Beverages, aloe vera juice drink, fortified with Vitamin C"
11966,"Beverages, OCEAN SPRAY, Cran Grape"
11967,"Beverages, coffee, instant, decaffeinated, powder"
11968,"Beverages, coffee, instant, chicory"
11969,"Beverages, coffee, instant, mocha, sweetened"
11970,"Beverages, OCEAN SPRAY, Light Cranberry and Raspberry Flavored Juice"
11971,"Beverages, OCEAN SPRAY, White Cranberry Strawberry Flavored Juice Drink"
11972,"Beverages, coffee substitute, cereal grain beverage, powder"
11973,"Beverages, coffee substitute, cereal grain beverage, prepared with water"
11974,"Beverages, cranberry-apple juice drink, bottled"
11975,"Alcoholic beverage, malt beer, hard lemonade"
11976,"Beverages, cranberry-apricot juice drink, bottled"
11977,"Beverages, tea, green, instant, decaffeinated, lemon, unsweetened, fortified with vitamin C"
11978,"Beverages, tea, black, ready to drink"
11979,"Alcoholic beverage, beer, light, higher alcohol"
11980,"Beverages, AMBER, hard cider"
11981,"Beverages, OCEAN SPRAY, Cran Cherry"
11982,"Beverages, OCEAN SPRAY, Light Cranberry"
11983,"Beverages, OCEAN SPRAY, White Cranberry Peach"
11984,"Beverages, OCEAN SPRAY, Light Cranberry, Concord Grape"
11985,"Beverages, Fruit punch drink, with added nutrients, canned"
11986,"Beverages, Fruit punch drink, frozen concentrate"
11987,"Beverages, Fruit punch drink, frozen concentrate, prepared with water"
11988,"Beverages, coffee, instant, vanilla, sweetened, decaffeinated, with non dairy creamer"
11989,"Beverages, tea, black, brewed, prepared with distilled water"
11990,"Beverages, tea, herb, brewed, chamomile"
11991,"Beverages, Wine, non-alcoholic"
11992,"Water, bottled, generic"
11993,"Beverages, chocolate-flavor beverage mix for milk, powder, with added nutrients"
11994,"Beverages, chocolate-flavor beverage mix for milk, powder, with added nutrients, prepared with whole milk"
11995,"Beverages, Water with added vitamins and minerals, bottles, sweetened, assorted fruit flavors"
11996,"Beverages, V8 SPLASH Juice Drinks, Diet Berry Blend"
11997,"Beverages, V8 SPLASH Juice Drinks, Diet Fruit Medley"
11998,"Beverages, V8 SPLASH Juice Drinks, Diet Strawberry Kiwi"
11999,"Beverages, V8 SPLASH Juice Drinks, Mango Peach"
12000,"Beverages, V8 SPLASH Juice Drinks, Orange Pineapple"
12001,"Beverages, V8 SPLASH Juice Drinks, Orchard Blend"
12002,"Beverages, V8 SPLASH Juice Drinks, Strawberry Banana"
12003,"Beverages, V8 V-FUSION Juices, Tropical"
12004,"Beverages, V8 V- FUSION Juices, Acai Berry"
12005,"Beverages, Energy drink, AMP"
12006,"Beverages, Energy drink, FULL THROTTLE"
12007,"Beverages, Vegetable and fruit juice drink, reduced calorie, with low-calorie sweetener, added vitamin C"
12008,"Beverages, milk beverage, reduced fat, flavored and sweetened, Ready-to-drink,  added calcium, vitamin A and vitamin D"
12009,"Beverages, vegetable and fruit juice blend, 100% juice, with added vitamins A, C, E"
12010,"Beverages, fruit juice drink, reduced sugar, with vitamin E added"
12011,"Beverages, Energy drink, VAULT Zero, sugar-free, citrus flavor"
12012,"Beverages, PEPSICO QUAKER, Gatorade G2, low calorie"
12013,"Beverages, Fruit flavored drink, less than 3% juice, not fortified with vitamin C"
12014,"Beverages, Fruit flavored drink containing less than 3% fruit juice, with high vitamin C"
12015,"Beverages, nutritional shake mix, high protein, powder"
12016,"Fish, anchovy, european, raw"
12017,"Fish, anchovy, european, canned in oil, drained solids"
12018,"Fish, bass, fresh water, mixed species, raw"
12019,"Fish, carp, cooked, dry heat"
12020,"Fish, catfish, channel, wild, raw"
12021,"Fish, catfish, channel, cooked, breaded and fried"
12022,"Fish, caviar, black and red, granular"
12023,"Fish, cod, Atlantic, canned, solids and liquid"
12024,"Fish, cod, Atlantic, dried and salted"
12025,"Fish, cod, Pacific, raw (may have been previously frozen)"
12026,"Fish, croaker, Atlantic, raw"
12027,"Fish, eel, mixed species, raw"
12028,"Fish, eel, mixed species, cooked, dry heat"
12029,"Fish, fish sticks, frozen, prepared"
12030,"Fish, flatfish (flounder and sole species), raw"
12031,"Fish, flatfish (flounder and sole species), cooked, dry heat"
12032,"Fish, haddock, cooked, dry heat"
12033,"Fish, haddock, smoked"
12034,"Fish, halibut, Atlantic and Pacific, raw"
12035,"Fish, halibut, Atlantic and Pacific, cooked, dry heat"
12036,"Crustaceans, crab, alaska king, cooked, moist heat"
12037,"Crustaceans, crab, alaska king, imitation, made from surimi"
12038,"Crustaceans, crab, blue, raw"
12039,"Crustaceans, crab, blue, cooked, moist heat"
12040,"Crustaceans, crayfish, mixed species, wild, raw"
12041,"Crustaceans, crayfish, mixed species, wild, cooked, moist heat"
12042,"Crustaceans, lobster, northern, raw"
12043,"Crustaceans, lobster, northern, cooked, moist heat"
12044,"Crustaceans, shrimp, mixed species, raw (may contain additives to retain moisture)"
12045,"Crustaceans, spiny lobster, mixed species, raw"
12046,"Mollusks, abalone, mixed species, raw"
12047,"Mollusks, abalone, mixed species, cooked, fried"
12048,"Mollusks, clam, mixed species, raw"
12049,"Mollusks, cuttlefish, mixed species, raw"
12050,"Mollusks, mussel, blue, raw"
12051,"Mollusks, mussel, blue, cooked, moist heat"
12052,"Mollusks, octopus, common, raw"
12053,"Mollusks, oyster, Pacific, raw"
12054,"Mollusks, scallop, mixed species, raw"
12055,"Mollusks, scallop, mixed species, cooked, breaded and fried"
12056,"Mollusks, scallop, mixed species, imitation, made from surimi"
12057,"Mollusks, squid, mixed species, raw"
12058,"Fish, salmon, chum, canned, without salt, drained solids with bone"
12059,"Fish, salmon, pink, canned, without salt, solids with bone and liquid"
12060,"Fish, salmon, sockeye, canned, without salt, drained solids with bone"
12061,"Fish, tuna, light, canned in oil, without salt, drained solids"
12062,"Fish, bass, striped, cooked, dry heat"
12063,"Fish, bluefish, cooked, dry heat"
12064,"Fish, burbot, cooked, dry heat"
12065,"Fish, butterfish, cooked, dry heat"
12066,"Fish, halibut, greenland, cooked, dry heat"
12067,"Fish, herring, Pacific, cooked, dry heat"
12068,"Fish, ling, cooked, dry heat"
12069,"Fish, lingcod, cooked, dry heat"
12070,"Fish, mackerel, king, cooked, dry heat"
12071,"Fish, pollock, Atlantic, cooked, dry heat"
12072,"Fish, pout, ocean, cooked, dry heat"
12073,"Fish, roe, mixed species, cooked, dry heat"
12074,"Fish, sablefish, cooked, dry heat"
12075,"Fish, scup, cooked, dry heat"
12076,"Fish, seatrout, mixed species, cooked, dry heat"
12077,"Fish, shad, american, cooked, dry heat"
12078,"Fish, spot, cooked, dry heat"
12079,"Fish, turbot, european, cooked, dry heat"
12080,"Fish, whitefish, mixed species, cooked, dry heat"
12081,"Fish, wolffish, Atlantic, cooked, dry heat"
12082,"Fish, yellowtail, mixed species, cooked, dry heat"
12083,"Mollusks, octopus, common, cooked, moist heat"
12084,"Mollusks, oyster, Pacific, cooked, moist heat"
12085,"Fish, roughy, orange, cooked, dry heat"
12086,"Lima beans, large, mature seeds, raw"
12087,"Lima beans, large, mature seeds, cooked, boiled, without salt"
12088,"Lima beans, large, mature seeds, canned"
12089,"Lima beans, thin seeded (baby), mature seeds, raw"
12090,"Mung beans, mature seeds, raw"
12091,"Mung beans, mature seeds, cooked, boiled, without salt"
12092,"Noodles, chinese, cellophane or long rice (mung beans), dehydrated"
12093,"Mungo beans, mature seeds, raw"
12094,"Peanuts, all types, cooked, boiled, with salt"
12095,"Peanuts, all types, oil-roasted, with salt"
12096,"Peanuts, all types, dry-roasted, with salt"
12097,"Peanuts, spanish, raw"
12098,"Peanuts, virginia, oil-roasted, with salt"
12099,"Peanut butter, chunk style, with salt"
12100,"Peanut butter, smooth style, with salt (Includes foods for USDA's Food Distribution Program)"
12101,"Peanut flour, defatted"
12102,Meat extender
12103,"Sausage, meatless"
12104,"Soybeans, mature seeds, raw"
12105,"Soybeans, mature cooked, boiled, without salt"
12106,Tempeh
12107,"Soy flour, full-fat, raw"
12108,"Soy flour, full-fat, roasted"
12109,"Soy flour, defatted"
12110,Soy protein isolate
12111,Soy sauce made from soy and wheat (shoyu)
12112,Soy sauce made from soy (tamari)
12113,Soy sauce made from hydrolyzed vegetable protein
12114,"Tofu, salted and fermented (fuyu)"
12115,"Yardlong beans, mature seeds, raw"
12116,"Yardlong beans, mature seeds, cooked, boiled, without salt"
12117,"Winged beans, mature seeds, raw"
12118,"Lentils, pink or red, raw"
12119,"Beans, kidney, red, mature seeds, canned, drained solids"
12120,"Beans, pinto, canned, drained solids"
12121,"Veggie burgers or soyburgers, unprepared"
12122,Chickpea flour (besan)
12123,"Hummus, commercial"
12124,"Tofu, extra firm, prepared with nigari"
12125,"Tofu, hard, prepared with nigari"
12126,"MORI-NU, Tofu, silken, soft"
12127,"Soymilk, chocolate, unfortified"
12128,"Peanut Butter, smooth (Includes foods for USDA's Food Distribution Program)"
12129,"Soymilk, chocolate, with added calcium, vitamins A and D"
12130,"Refried beans, canned, vegetarian"
12131,"Vitasoy USA, Organic Nasoya Super Firm Cubed Tofu"
12132,"Refried beans, canned, traditional, reduced sodium"
12133,"Soybeans, mature seeds, cooked, boiled, with salt"
12134,"Soybeans, mature seeds, roasted, no salt added"
12135,"Soy protein concentrate, produced by acid wash"
12136,"Soy protein isolate, potassium type"
12137,"Tofu, dried-frozen (koyadofu), prepared with calcium sulfate"
12138,"Tofu, fried, prepared with calcium sulfate"
12139,"Tofu, salted and fermented (fuyu), prepared with calcium sulfate"
12140,"Yardlong beans, mature seeds, cooked, boiled, with salt"
12141,"Lamb, composite of trimmed retail cuts, separable lean only, trimmed to 1/4"" fat, choice, raw"
12142,"Lamb, composite of trimmed retail cuts, separable lean only, trimmed to 1/4"" fat, choice, cooked"
12143,"Lamb, composite of trimmed retail cuts, separable fat, trimmed to 1/4"" fat, choice, raw"
12144,"Lamb, composite of trimmed retail cuts, separable fat, trimmed to 1/4"" fat, choice, cooked"
12145,"Lamb, leg, whole (shank and sirloin), separable lean and fat, trimmed to 1/4"" fat, choice, raw"
12146,"Lamb, leg, whole (shank and sirloin), separable lean and fat, trimmed to 1/4"" fat, choice, cooked, roasted"
12147,"Lamb, leg, whole (shank and sirloin), separable lean only, trimmed to 1/4"" fat, choice, raw"
12148,"Lamb, leg, whole (shank and sirloin), separable lean only, trimmed to 1/4"" fat, choice, cooked, roasted"
12149,"Lamb, leg, shank half, separable lean and fat, trimmed to 1/4"" fat, choice, raw"
12150,"Lamb, leg, sirloin half, separable lean and fat, trimmed to 1/4"" fat, choice, cooked, roasted"
12151,"Lamb, leg, sirloin half, separable lean only, trimmed to 1/4"" fat, choice, raw"
12152,"Lamb, leg, sirloin half, separable lean only, trimmed to 1/4"" fat, choice, cooked, roasted"
12153,"Lamb, loin, separable lean and fat, trimmed to 1/4"" fat, choice, raw"
12154,"Lamb, loin, separable lean only, trimmed to 1/4"" fat, choice, cooked, roasted"
12155,"Lamb, rib, separable lean and fat, trimmed to 1/4"" fat, choice, raw"
12156,"Lamb, rib, separable lean and fat, trimmed to 1/4"" fat, choice, cooked, broiled"
12157,"Lamb, rib, separable lean and fat, trimmed to 1/4"" fat, choice, cooked, roasted"
12158,"Lamb, shoulder, whole (arm and blade), separable lean and fat, trimmed to 1/4"" fat, choice, cooked, broiled"
12159,"Lamb, shoulder, whole (arm and blade), separable lean and fat, trimmed to 1/4"" fat, choice, cooked, roasted"
12160,"Lamb, shoulder, whole (arm and blade), separable lean only, trimmed to 1/4"" fat, choice, raw"
12161,"Lamb, shoulder, whole (arm and blade), separable lean only, trimmed to 1/4"" fat, choice, cooked, braised"
12162,"Lamb, shoulder, arm, separable lean and fat, trimmed to 1/4"" fat, choice, cooked, broiled"
12163,"Lamb, shoulder, arm, separable lean and fat, trimmed to 1/4"" fat, choice, cooked, roasted"
12164,"Lamb, shoulder, arm, separable lean only, trimmed to 1/4"" fat, choice, raw"
12165,"Lamb, shoulder, arm, separable lean only, trimmed to 1/4"" fat, choice, cooked, braised"
12166,"Lamb, shoulder, blade, separable lean and fat, trimmed to 1/4"" fat, choice, cooked, broiled"
12167,"Lamb, shoulder, blade, separable lean and fat, trimmed to 1/4"" fat, choice, cooked, roasted"
12168,"Lamb, shoulder, blade, separable lean only, trimmed to 1/4"" fat, choice, raw"
12169,"Lamb, shoulder, blade, separable lean only, trimmed to 1/4"" fat, choice, cooked, braised"
12170,"Lamb, New Zealand, imported, frozen, composite of trimmed retail cuts, separable lean and fat, raw"
12171,"Lamb, New Zealand, imported, frozen, composite of trimmed retail cuts, separable lean and fat, cooked"
12172,"Lamb, New Zealand, imported, frozen, composite of trimmed retail cuts, separable lean only, raw"
12173,"Lamb, New Zealand, imported, frozen, composite of trimmed retail cuts, separable lean only, cooked"
12174,"Lamb, New Zealand, imported, fore-shank, separable lean only, raw"
12175,"Lamb, New Zealand, imported, fore-shank, separable lean only, cooked, braised"
12176,"Lamb, New Zealand, imported, leg chop/steak, bone-in, separable lean and fat, raw"
12177,"Lamb, New Zealand, imported, frozen, leg, whole (shank and sirloin), separable lean and fat, cooked, roasted"
12178,"Game meat, moose, raw"
12179,"Game meat, moose, cooked, roasted"
12180,"Game meat, rabbit, domesticated, composite of cuts, cooked, stewed"
12181,"Game meat, rabbit, wild, raw"
12182,"Game meat, rabbit, wild, cooked, stewed"
12183,"Game meat, raccoon, cooked, roasted"
12184,"Lamb, variety meats and by-products, brain, cooked, pan-fried"
12185,"Veal, variety meats and by-products, brain, raw"
12186,"Veal, variety meats and by-products, brain, cooked, braised"
12187,"Veal, variety meats and by-products, brain, cooked, pan-fried"
12188,"Lamb, variety meats and by-products, kidneys, raw"
12189,"Lamb, variety meats and by-products, kidneys, cooked, braised"
12190,"Veal, variety meats and by-products, kidneys, raw"
12191,"Veal, variety meats and by-products, kidneys, cooked, braised"
12192,"Veal, variety meats and by-products, liver, cooked, pan-fried"
12193,"Lamb, variety meats and by-products, lungs, raw"
12194,"Lamb, variety meats and by-products, lungs, cooked, braised"
12195,"Veal, variety meats and by-products, lungs, raw"
12196,"Veal, variety meats and by-products, pancreas, raw"
12197,"Veal, variety meats and by-products, pancreas, cooked, braised"
12198,"Lamb, variety meats and by-products, spleen, raw"
12199,"Lamb, variety meats and by-products, spleen, cooked, braised"
12200,"Lamb, variety meats and by-products, tongue, raw"
12201,"Lamb, variety meats and by-products, tongue, cooked, braised"
12202,"Veal, variety meats and by-products, tongue, raw"
12203,"Veal, variety meats and by-products, tongue, cooked, braised"
12204,"Lamb, ground, raw"
12205,"Lamb, foreshank, separable lean and fat, trimmed to 1/8"" fat, cooked, braised"
12206,"Lamb, leg, whole (shank and sirloin), separable lean and fat, trimmed to 1/8"" fat, choice, raw"
12207,"Lamb, leg, whole (shank and sirloin), separable lean and fat, trimmed to 1/8"" fat, choice, cooked, roasted"
12208,"Lamb, leg, shank half, separable lean and fat, trimmed to 1/8"" fat, choice, raw"
12209,"Lamb, loin, separable lean and fat, trimmed to 1/8"" fat, choice, cooked, broiled"
12210,"Lamb, loin, separable lean and fat, trimmed to 1/8"" fat, choice, cooked, roasted"
12211,"Lamb, rib, separable lean and fat, trimmed to 1/8"" fat, choice, raw"
12212,"Lamb, rib, separable lean and fat, trimmed to 1/8"" fat, choice, cooked, broiled"
12213,"Lamb, shoulder, whole (arm and blade), separable lean and fat, trimmed to 1/8"" fat, choice, cooked, roasted"
12214,"Lamb, shoulder, arm, separable lean and fat, trimmed to 1/8"" fat, choice, raw"
12215,"Lamb, shoulder, arm, separable lean and fat, trimmed to 1/8"" fat, choice, cooked, braised"
12216,"Lamb, shoulder, arm, separable lean and fat, trimmed to 1/8"" fat, cooked, broiled"
12217,"Lamb, shoulder, arm, separable lean and fat, trimmed to 1/8"" fat, choice, roasted"
12218,"Lamb, New Zealand, imported, frozen, composite of trimmed retail cuts, separable lean and fat, trimmed to 1/8"" fat, raw"
12219,"Lamb, New Zealand, imported, frozen, composite of trimmed retail cuts, separable lean and fat, trimmed to 1/8"" fat, cooked"
12220,"Lamb, New Zealand, imported, frozen, foreshank, separable lean and fat, trimmed to 1/8"" fat, raw"
12221,"Lamb, New Zealand, imported, frozen, foreshank, separable lean and fat, trimmed to 1/8"" fat, cooked, braised"
12222,"Lamb, new zealand, imported, frozen, rib, separable lean and fat, trimmed to 1/8"" fat, raw"
12223,"Lamb, New Zealand, imported, frozen, rib, separable lean and fat, trimmed to 1/8"" fat, cooked, roasted"
12224,"Lamb, New Zealand, imported, frozen, shoulder, whole (arm and blade), separable lean and fat, trimmed to 1/8"" fat, raw"
12225,"Lamb, New Zealand, imported, frozen, shoulder, whole (arm and blade), separable lean and fat, trimmed to 1/8"" fat, cooked, braised"
12226,"Veal, breast, whole, boneless, separable lean and fat, raw"
12227,"Veal, breast, whole, boneless, separable lean and fat, cooked, braised"
12228,"Veal, breast, plate half, boneless, separable lean and fat, cooked, braised"
12229,"Veal, breast, point half, boneless, separable lean and fat, cooked, braised"
12230,"Veal, breast, whole, boneless, separable lean only, cooked, braised"
12231,"Lamb, Australian, imported, fresh, composite of trimmed retail cuts, separable lean and fat, trimmed to 1/8"" fat, raw"
12232,"Lamb, Australian, imported, fresh, composite of trimmed retail cuts, separable lean and fat, trimmed to 1/8"" fat, cooked"
12233,"Lamb, Australian, imported, fresh, composite of trimmed retail cuts, separable lean only, trimmed to 1/8"" fat, raw"
12234,"Lamb, Australian, imported, fresh, composite of trimmed retail cuts, separable lean only, trimmed to 1/8"" fat, cooked"
12235,"Lamb, Australian, imported, fresh, foreshank, separable lean only, trimmed to 1/8"" fat, raw"
12236,"Lamb, Australian, imported, fresh, foreshank, separable lean only, trimmed to 1/8"" fat, cooked, braised"
12237,"Lamb, Australian, imported, fresh, leg, whole (shank and sirloin), separable lean and fat, trimmed to 1/8"" fat, raw"
12238,"Lamb, Australian, imported, fresh, leg, whole (shank and sirloin), separable lean and fat, trimmed to 1/8"" fat, cooked, roasted"
12239,"Lamb, Australian, imported, fresh, leg, shank half, separable lean only, trimmed to 1/8"" fat, cooked, roasted"
12240,"Lamb, Australian, imported, fresh, leg, sirloin half, boneless, separable lean and fat, trimmed to 1/8"" fat, raw"
12241,"Lamb, Australian, imported, fresh, leg, sirloin half, boneless, separable lean and fat, trimmed to 1/8"" fat, cooked, roasted"
12242,"Lamb, Australian, imported, fresh, leg, sirloin half, boneless, separable lean only, trimmed to 1/8"" fat, raw"
12243,"Lamb, Australian, imported, fresh, leg, sirloin chops, boneless, separable lean only, trimmed to 1/8"" fat, cooked, broiled"
12244,"Lamb, Australian, imported, fresh, leg, center slice, bone-in, separable lean and fat, trimmed to 1/8"" fat, raw"
12245,"Lamb, Australian, imported, fresh, leg, center slice, bone-in, separable lean and fat, trimmed to 1/8"" fat, cooked, broiled"
12246,"Lamb, Australian, imported, fresh, leg, center slice, bone-in, separable lean only, trimmed to 1/8"" fat, raw"
12247,"Lamb, Australian, imported, fresh, loin, separable lean only, trimmed to 1/8"" fat, cooked, broiled"
12248,"Lamb, Australian, imported, fresh, rib chop/rack roast, frenched, bone-in, separable lean and fat, trimmed to 1/8"" fat, raw"
12249,"Lamb, Australian, imported, fresh, rib chop, frenched, bone-in, separable lean and fat, trimmed to 1/8"" fat, cooked, grilled"
12250,"Lamb, Australian, imported, fresh, rib chop/rack roast, frenched, bone-in, separable lean only, trimmed to 1/8"" fat, raw"
12251,"Lamb, Australian, imported, fresh, shoulder, arm, separable lean and fat, trimmed to 1/8"" fat, raw"
12252,"Lamb, Australian, imported, fresh, shoulder, arm, separable lean and fat, trimmed to 1/8"" fat, cooked, braised"
12253,"Lamb, Australian, imported, fresh, shoulder, arm, separable lean only, trimmed to 1/8"" fat, raw"
12254,"Lamb, Australian, imported, fresh, shoulder, arm, separable lean only,   trimmed to 1/8"" fat, cooked, braised"
12255,"Game meat , bison, ground, raw"
12256,"Game meat, bison, ground, cooked, pan-broiled"
12257,"Game meat , bison, top sirloin, separable lean only, 1"" steak, cooked, broiled"
12258,"Game meat, bison, chuck, shoulder clod, separable lean only, cooked, braised"
12259,"Game meat, elk, ground, raw"
12260,"Game meat, elk, ground, cooked, pan-broiled"
12261,"Game meat, elk, loin, separable lean only, cooked, broiled"
12262,"Game meat, elk, round, separable lean only, cooked, broiled"
12263,"Game meat, elk, tenderloin, separable lean only, cooked, broiled"
12264,"Game meat, deer, tenderloin, separable lean only, cooked, broiled"
12265,"Game meat, deer, top round, separable lean only, 1"" steak, cooked, broiled"
12266,"Veal, Australian, shank, fore, bone-in, separable lean only, raw"
12267,"Veal, Australian, shank, fore, bone-in, separable lean and fat, raw"
12268,"Lamb, New Zealand, imported, Intermuscular fat, raw"
12269,"Lamb, New Zealand, imported, subcutaneous fat, raw"
12270,"Lamb, New Zealand, imported, brains, cooked, soaked and fried"
12271,"Lamb, New Zealand, imported, brains, raw"
12272,"Lamb, New Zealand, imported, chump, boneless, separable lean only, raw"
12273,"Lamb, New Zealand, imported, kidney, cooked, soaked and fried"
12274,"Lamb, New Zealand, imported, flap, boneless, separable lean only, cooked, braised"
12275,"Lamb, New Zealand, imported, flap, boneless, separable lean only, raw"
12276,"Lamb, New Zealand, imported, kidney, raw"
12277,"Lamb, New Zealand, imported, heart, cooked, soaked and simmered"
12278,"Lamb, New Zealand, imported, heart, raw"
12279,"Lamb, New Zealand, imported, sweetbread, cooked, soaked and simmered"
12280,"Lamb, New Zealand, imported, sweetbread, raw"
12281,"Lamb, New Zealand, imported, tunnel-boned leg, chump off, shank off, separable lean only, cooked, slow roasted"
12282,"Lamb, New Zealand, imported, tunnel-boned leg, chump off, shank off, separable lean only, raw"
12283,"Lamb, New Zealand, imported, square-cut shoulder chops, separable lean only, cooked, braised"
12284,"Lamb, New Zealand, imported, square-cut shoulder chops, separable lean only, raw"
12285,"Lamb, New Zealand, imported, loin, boneless, separable lean only, cooked, fast roasted"
12286,"Lamb, New Zealand, imported, loin, boneless, separable lean only, raw"
12287,"Lamb, New Zealand, imported, hind-shank, separable lean only, cooked, braised"
12288,"Lamb, New Zealand, imported, hind-shank, separable lean only, raw"
12289,"Lamb, New Zealand, imported, neck chops, separable lean only, raw"
12290,"Lamb, New Zealand, imported, rack - fully frenched, separable lean only, raw"
12291,"Lamb, New Zealand, imported, loin chop, separable lean only, cooked, fast fried"
12292,"Lamb, New Zealand, imported, square-cut shoulder, separable lean only, cooked, slow roasted"
12293,"Lamb, New Zealand, imported, leg chop/steak, bone-in, separable lean only, cooked, fast fried"
12294,"Lamb, New Zealand, imported, leg chop/steak, bone-in, separable lean and fat, cooked, fast fried"
12295,"Lamb, New Zealand, imported, loin chop, separable lean and fat, cooked, fast fried"
12296,"Lamb, New Zealand, imported, loin saddle, separable lean and fat, cooked, fast roasted"
12297,"Lamb, New Zealand, imported, loin saddle, separable lean and fat, raw"
12298,"Lamb, New Zealand, imported, netted shoulder, rolled, boneless, separable lean and fat, raw"
12299,"Chicken, capons, giblets, raw"
12300,"Chicken, capons, giblets, cooked, simmered"
12301,"Duck, domesticated, liver, raw"
12302,"Duck, wild, meat and skin, raw"
12303,"Duck, wild, breast, meat only, raw"
12304,"Goose, domesticated, meat and skin, raw"
12305,"Guinea hen, meat only, raw"
12306,"Pheasant, raw, meat and skin"
12307,"Pheasant, raw, meat only"
12308,"Pheasant, breast, meat only, raw"
12309,"Squab, (pigeon), meat and skin, raw"
12310,"Emu, fan fillet, raw"
12311,"Emu, fan fillet, cooked, broiled"
12312,"Emu, flat fillet, raw"
12313,"Emu, full rump, raw"
12314,"Emu, top loin, cooked, broiled"
12315,"Ostrich, ground, raw"
12316,"Ostrich, ground, cooked, pan-broiled"
12317,"Ostrich, fan, raw"
12318,"Ostrich, outside leg, raw"
12319,"Ostrich, outside strip, raw"
12320,"Ostrich, outside strip, cooked"
12321,"Ostrich, oyster, raw"
12322,"Ostrich, tip trimmed, cooked"
12323,"Ostrich, top loin, raw"
12324,"Ostrich, top loin, cooked"
12325,"Chicken, liver, all classes, cooked, pan-fried"
12326,"Turkey, ground, 93% lean, 7% fat, patties, broiled"
12327,"Turkey, ground, 85% lean, 15% fat, raw"
12328,"Turkey, ground, 85% lean, 15% fat, pan-broiled crumbles"
12329,"Turkey, ground, 85% lean, 15% fat, patties, broiled"
12330,"Chicken, skin (drumsticks and thighs), cooked, roasted"
12331,"Chicken, broilers or fryers, dark meat, drumstick, meat and skin, cooked, braised"
12332,"Chicken, broilers or fryers, dark meat, thigh, meat and skin, cooked, braised"
12333,"Chicken, dark meat, drumstick, meat only, with added solution, raw"
12334,"Chicken, dark meat, thigh, meat only, with added solution, cooked, roasted"
12335,"Chicken, skin (drumsticks and thighs), with added solution, cooked, braised"
12336,"Chicken, skin (drumsticks and thighs), with added solution, raw"
12337,"Chicken, skin (drumsticks and thighs), with added solution, cooked, roasted"
12338,"Chicken, dark meat, drumstick, meat and skin, with added solution, cooked, braised"
12339,"Chicken, dark meat, thigh, meat and skin, with added solution, cooked, roasted"
12340,"Chicken, broiler, rotisserie, BBQ, back meat only"
12341,"Turkey, dark meat from whole, meat only, with added solution, raw"
12342,"Turkey, dark meat, meat only, with added solution, cooked, roasted"
12343,"Turkey, dark meat from whole, meat and skin, with added solution, raw"
12344,"Turkey, dark meat from whole, meat and skin, with added solution, cooked, roasted"
12345,"Turkey from whole, light meat, meat and skin, with added solution, raw"
12346,"Turkey from whole, light meat, meat and skin, with added solution, cooked, roasted"
12347,"Turkey, retail parts, breast, meat only, with added solution, raw"
12348,"Turkey, retail parts, breast, meat only, with added solution, cooked, roasted"
12349,"Turkey, retail parts, breast, meat only, raw"
12350,"Turkey, retail parts, breast, meat only, cooked, roasted"
12351,"Turkey, retail parts, wing, meat only, raw"
12352,"Turkey, retail parts, thigh, meat only, raw"
12353,"Turkey, breast, from whole bird, meat only, with added solution, roasted"
12354,"Turkey, back, from whole bird, meat only, with added solution, raw"
12355,"Turkey, back, from whole bird, meat only, with added solution, roasted"
12356,"Soup, chicken mushroom, canned, condensed"
12357,"Sauce, barbecue"
12358,"Sauce, salsa, ready-to-serve"
12359,"Sauce, homemade, white, medium"
12360,"Sauce, homemade, white, thick"
12361,"Sauce, ready-to-serve, pepper or hot"
12362,"Sauce, ready-to-serve, pepper, TABASCO"
12363,"Sauce, oyster, ready-to-serve"
12364,"Soup, minestrone, canned, reduced sodium, ready-to-serve"
12365,"Sauce, fish, ready-to-serve"
12366,"Soup, shark fin, restaurant-prepared"
12367,"Soup, bean & ham, canned, reduced sodium, prepared with water or ready-to-serve"
12368,"Split pea soup, canned, reduced sodium, prepared with water or ready-to serve"
12369,"Split pea with ham soup, canned, reduced sodium, prepared with water or ready-to-serve"
12370,"Soup, chicken broth, ready-to-serve"
12371,"Soup, cream of chicken, canned, prepared with equal volume milk"
12372,"Soup, vegetable, canned, low sodium, condensed"
12373,"Soup, clam chowder, new england, canned, prepared with equal volume low fat (2%) milk"
12374,"Soup, cream of mushroom, canned, prepared with equal volume low fat (2%) milk"
12375,"Soup, cream of onion, canned, prepared with equal volume milk"
12376,"Sauce, white, thin, prepared-from-recipe, with butter"
12377,"Sauce, sweet and sour, prepared-from-recipe"
12378,"Sauce, barbecue, KRAFT, original"
12379,"Soup, HEALTHY CHOICE Chicken Noodle Soup, canned"
12380,"Soup, tomato, canned, prepared with equal volume low fat (2%) milk"
12381,"CAMPBELL'S, Tomato Soup, condensed"
12382,"CAMPBELL'S CHUNKY, Classic Chicken Noodle Soup"
12383,"Soup, cream of asparagus, canned, prepared with equal volume water"
12384,"Soup, cheese, canned, prepared with equal volume water"
12385,"Soup, chicken broth, canned, prepared with equal volume water"
12386,"CAMPBELL'S CHUNKY, Hearty Beef Barley Soup"
12387,"Soup, cream of chicken, canned, prepared with equal volume water"
12388,"Soup, clam chowder, manhattan, canned, prepared with equal volume water"
12389,"Soup, clam chowder, new england, canned, prepared with equal volume water"
12390,"CAMPBELL'S CHUNKY, New England Clam Chowder"
12391,"Soup, beef broth, bouillon, consomme, prepared with equal volume water"
12392,"Soup, mushroom with beef stock, canned, prepared with equal volume water"
12393,"Soup, cream of onion, canned, prepared with equal volume water"
12394,"Soup, oyster stew, canned, prepared with equal volume water"
12395,"Soup, pea, green, canned, prepared with equal volume water"
12396,"Soup, turkey noodle, canned, prepared with equal volume water"
12397,"Soup, turkey vegetable, canned, prepared with equal volume water"
12398,"Soup, vegetarian vegetable, canned, prepared with equal volume water"
12399,"Soup, vegetable beef, canned, prepared with equal volume water"
12400,"Soup, chicken broth cubes, dry, prepared with water"
12401,"Soup, cream of chicken, dry, mix, prepared with water"
12402,"Soup, onion, dry, mix, prepared with water"
12403,"Soup, tomato, dry, mix, prepared with water"
12404,"Roast beef, deli style, prepackaged, sliced"
12405,"Luncheon meat, pork, canned"
12406,"Turkey breast, low salt, prepackaged or deli, luncheon meat"
12407,"Mortadella, beef, pork"
12408,"Peppered loaf, pork, beef"
12409,"Pepperoni, beef and pork, sliced"
12410,"Pickle and pimiento loaf, pork"
12411,"Polish sausage, pork"
12412,"Pork sausage, link/patty, cooked, pan-fried"
12413,"Sausage, pork and beef, fresh, cooked"
12414,"Sausage, turkey, reduced fat, brown and serve, cooked"
12415,Poultry salad sandwich spread
12416,"Salami, dry or hard, pork, beef"
12417,"Sandwich spread, pork, beef"
12418,"Sausage, smoked link sausage, pork"
12419,"Sausage, smoked link sausage, pork and beef"
12420,"Sausage, Italian, pork, mild, cooked, pan-fried"
12421,"Luncheon sausage, pork and beef"
12422,"Sausage, New england brand, pork, beef"
12423,"Oscar Mayer, Bologna (beef)"
12424,"Oscar Mayer, Smokies Sausage Little Cheese (pork, turkey)"
12425,"Oscar Mayer, Wieners (beef franks)"
12426,"Bacon, turkey, unprepared"
12427,Hormel Pillow Pak Sliced Turkey Pepperoni
12428,"Luncheon meat, pork and chicken, minced, canned, includes Spam Lite"
12429,"Bratwurst, veal, cooked"
12430,Liverwurst spread
12431,Roast beef spread
12432,"Salami, pork, beef, less sodium"
12433,"Sausage, summer, pork and beef, sticks, with cheddar cheese"
12434,"Sausage, turkey, breakfast links, mild, raw"
12435,"Swisswurst, pork and beef, with swiss cheese, smoked"
12436,Bacon and beef sticks
12437,"Salami, Italian, pork"
12438,"Sausage, Italian, turkey, smoked"
12439,"Sausage, chicken, beef, pork, skinless, smoked"
12440,"Sausage, turkey, hot, smoked"
12441,"Kielbasa, Polish, turkey and beef, smoked"
12442,"Chicken breast, roll, oven-roasted"
12443,"Bologna, pork and turkey, lite"
12444,"Bologna, pork, turkey and beef"
12445,"Ham, honey, smoked, cooked"
12446,"Turkey, breast, smoked, lemon pepper flavor, 97% fat-free"
12447,"Turkey, white, rotisserie, deli cut"
12448,"Frankfurter, beef, heated"
12449,"Frankfurter, meat, heated"
12450,"Sausage, breakfast sausage, beef, pre-cooked, unprepared"
12451,"Sausage, turkey, fresh, raw"
12452,"Sausage, beef, fresh, cooked"
12453,"Cereals ready-to-eat, MALT-O-MEAL, COCO-ROOS"
12454,"Cereals ready-to-eat, QUAKER, QUAKER OAT CINNAMON LIFE"
12455,"Cereals ready-to-eat, QUAKER, HONEY GRAHAM OH!S"
12456,"Cereals ready-to-eat, QUAKER, Oatmeal Squares"
12457,"Cereals ready-to-eat, QUAKER, Oatmeal Squares, cinnamon"
12458,"Cereals, QUAKER, Instant Oatmeal, fruit and cream variety, dry"
12459,"Cereals, QUAKER, Instant Oatmeal, raisins, dates and walnuts, dry"
12460,"Cereals, QUAKER, Oat Bran, QUAKER/MOTHER'S Oat Bran, dry"
12461,"Cereals, QUAKER, Oat Bran, QUAKER/MOTHER'S Oat Bran, prepared with water, no salt"
12462,"Cereals ready-to-eat, Post, Waffle Crisp"
12463,"Cereals, QUAKER, hominy grits, white, quick, dry"
12464,"Cereals, QUAKER, hominy grits, white, regular, dry"
12465,"Cereals ready-to-eat, MALT-O-MEAL, COLOSSAL CRUNCH"
12466,"Cereals ready-to-eat, QUAKER, MOTHER'S Cinnamon Oat Crunch"
12467,"Cereals ready-to-eat, QUAKER, MOTHER'S GRAHAM BUMPERS"
12468,"Cereals ready-to-eat, QUAKER, MOTHER'S COCOA BUMPERS"
12469,"Cereals ready-to-eat, SUN COUNTRY, KRETSCHMER Toasted Wheat Bran"
12470,"Cereals, QUAKER, Instant Oatmeal, Cinnamon-Spice, dry"
12471,"Cereals, QUAKER, Instant Oatmeal, DINOSAUR EGGS, Brown Sugar, dry"
12472,"Cereals, QUAKER, Instant Oatmeal, Banana Bread, dry"
12473,"Cereals ready-to-eat, UNCLE SAM CEREAL"
12474,"Cereals, QUAKER, Quick Oats with Iron, Dry"
12475,"Cereals, QUAKER, Whole Wheat Natural Cereal, dry"
12476,"Cereals ready-to-eat, MALT-O-MEAL, Honey BUZZERS"
12477,"Cereals ready-to-eat, MALT-O-MEAL, GOLDEN PUFFS"
12478,"Cereals ready-to-eat, MOM'S BEST, Honey Nut TOASTY O'S"
12479,"Cereals ready-to-eat, MALT-O-MEAL, Apple ZINGS"
12480,"Cereals ready-to-eat, MALT-O-MEAL, CINNAMON TOASTERS"
12481,"Cereals ready-to-eat, MALT-O-MEAL, Cocoa DYNO-BITES"
12482,"Cereals ready-to-eat, RALSTON Corn Flakes"
12483,"Cereals ready-to-eat, RALSTON Crispy Hexagons"
12484,Milk and cereal bar
12485,"Cereals, MALT-O-MEAL, original, plain, prepared with water, without salt"
12486,"Cereals ready-to-eat, QUAKER, Christmas Crunch"
12487,"Cereals ready-to-eat, POST SELECTS Maple Pecan Crunch"
12488,"Cereals ready-to-eat, NATURE'S PATH, Organic FLAX PLUS, Pumpkin Granola"
12489,"Cereals, CREAM OF WHEAT, 2 1/2 minute cook time, dry"
12490,"Incaparina, dry mix (corn and soy flours), unprepared"
12491,"Cereals ready-to-eat, QUAKER, CAP'N CRUNCH'S Halloween Crunch"
12492,"Cereals ready-to-eat, QUAKER, Natural Granola Apple Cranberry Almond"
12493,"Cereals ready-to-eat, QUAKER, Maple Brown Sugar LIFE Cereal"
12494,"Cereals, QUAKER, Instant Oatmeal Organic, Regular"
12495,"Cereals, QUAKER, Instant Oatmeal, fruit and cream, variety of flavors, reduced sugar"
12496,"Cereals, QUAKER, Instant Oatmeal, Apple and Cinnamon, reduced sugar"
12497,"Cereals ready-to-eat, POST, HONEY BUNCHES OF OATS, pecan bunches"
12498,"Cereals ready-to-eat, MALT-O-MEAL, CHOCOLATE MARSHMALLOW MATEYS"
12499,"Figs, dried, uncooked"
12500,"Figs, dried, stewed"
12501,"Fruit cocktail, (peach and pineapple and pear and grape and cherry), canned, water pack, solids and liquids"
12502,"Fruit cocktail, (peach and pineapple and pear and grape and cherry), canned, juice pack, solids and liquids"
12503,"Fruit salad, (peach and pear and apricot and pineapple and cherry), canned, water pack, solids and liquids"
12504,"Fruit salad, (peach and pear and apricot and pineapple and cherry), canned, juice pack, solids and liquids"
12505,"Fruit salad, (peach and pear and apricot and pineapple and cherry), canned, light syrup, solids and liquids"
12506,"Fruit salad, (peach and pear and apricot and pineapple and cherry), canned, extra heavy syrup, solids and liquids"
12507,"Grapefruit, raw, pink and red, all areas"
12508,"Grapefruit, raw, pink and red, California and Arizona"
12509,"Grapefruit, raw, pink and red, Florida"
12510,"Grapefruit, raw, white, all areas"
12511,"Grapefruit, raw, white, California"
12512,"Grapefruit juice, white, canned or bottled, unsweetened"
12513,"Grapefruit juice, white, canned, sweetened"
12514,"Grapefruit juice, white, frozen concentrate, unsweetened, undiluted"
12515,"Grapefruit juice, white, frozen concentrate, unsweetened, diluted with 3 volume water"
12516,"Grapes, american type (slip skin), raw"
12517,"Grapes, red or green (European type, such as Thompson seedless), raw"
12518,"Grapes, canned, thompson seedless, water pack, solids and liquids"
12519,"Grapes, canned, thompson seedless, heavy syrup pack, solids and liquids"
12520,"Guava sauce, cooked"
12521,"Jackfruit, raw"
12522,"Beef, top loin filet, boneless, separable lean only, trimmed to 1/8"" fat, all grades, cooked, grilled"
12523,"Beef, top loin filet, boneless, separable lean only, trimmed to 1/8"" fat, choice, cooked, grilled"
12524,"Beef, top loin filet, boneless, separable lean only, trimmed to 1/8"" fat, select, cooked, grilled"
12525,"Beef, top loin petite roast/filet, boneless, separable lean only, trimmed to 1/8"" fat, choice, raw"
12526,"Beef, top loin petite roast/filet, boneless, separable lean only, trimmed to 1/8"" fat, select, raw"
12527,"Beef, loin, top sirloin filet, boneless, separable lean only, trimmed to 0"" fat, all grades, cooked, grilled"
12528,"Beef, loin, top sirloin filet, boneless, separable lean only, trimmed to 0"" fat, choice, cooked, grilled"
12529,"Beef, loin, top sirloin petite roast/filet, boneless, separable lean only, trimmed to 0"" fat, select, raw"
12530,"Beef, ribeye  petite roast/filet, boneless, separable lean only, trimmed to 0"" fat, all grades, raw"
12531,"Beef, ribeye  petite roast/filet, boneless, separable lean only, trimmed to 0"" fat, choice, raw"
12532,"Beef, ribeye  petite roast/filet, boneless, separable lean only, trimmed to 0"" fat, select, raw"
12533,"Beef, ribeye cap steak, boneless, separable lean only, trimmed to 0"" fat, choice, raw"
12534,"Beef, ribeye cap steak, boneless, separable lean only, trimmed to 0"" fat, select, raw"
12535,"Beef, ribeye filet, boneless, separable lean only, trimmed to 0"" fat, all grades, cooked, grilled"
12536,"Beef, ribeye filet, boneless, separable lean only, trimmed to 0"" fat, choice, cooked, grilled"
12537,"Beef, ribeye filet, boneless, separable lean only, trimmed to 0"" fat, select, cooked, grilled"
12538,"Beef, loin, top sirloin cap steak, boneless, separable lean and fat, trimmed to 1/8"" fat, choice, cooked, grilled"
12539,"Beef, loin, top sirloin cap steak, boneless, separable lean and fat, trimmed to 1/8"" fat, select, cooked, grilled"
12540,"Beef, loin, top sirloin cap steak, boneless, separable lean and fat, trimmed to 1/8"" fat, all grades, raw"
12541,"Beef, loin, top sirloin cap steak, boneless, separable lean and fat, trimmed to 1/8"" fat, choice, raw"
12542,"Beef, top loin petite roast, boneless, separable lean and fat, trimmed to 1/8"" fat, all grades, cooked, roasted"
12543,"Beef, top loin petite roast, boneless, separable lean and fat, trimmed to 1/8"" fat, choice, cooked, roasted"
12544,"Beef, top loin petite roast, boneless, separable lean and fat, trimmed to 1/8"" fat, select, cooked, roasted"
12545,"Beef, top loin petite roast/filet, boneless, separable lean and fat, trimmed to 1/8"" fat, all grades, raw"
12546,"Beef, loin, top loin steak, boneless, lip-on, separable lean and fat, trimmed to 1/8"" fat, choice, cooked, grilled"
12547,"Beef, loin, top loin steak, boneless, lip-on, separable lean and fat, trimmed to 1/8"" fat, select, cooked, grilled"
12548,"Beef, loin, top loin steak, boneless, lip-on, separable lean and fat, trimmed to 1/8"" fat, all grades, cooked, grilled"
12549,"Beef, New Zealand, imported, bolar blade, separable lean only, cooked, fast roasted"
12550,"Beef, New Zealand, imported, bolar blade, separable lean only, raw"
12551,"Beef, New Zealand, imported, brisket navel end, separable lean only, cooked, braised"
12552,"Beef, New Zealand, imported, brisket navel end, separable lean only, raw"
12553,"Beef, New Zealand, imported, cube roll, separable lean only, cooked, fast roasted"
12554,"Beef, New Zealand, imported, cube roll, separable lean only, raw"
12555,"Beef, New Zealand, imported, eye round, separable lean only, cooked, slow roasted"
12556,"Beef, New Zealand, imported, eye round, separable lean only, raw"
12557,"Beef, New Zealand, imported, variety meats and by-products, heart, raw"
12558,"Beef, New Zealand, imported, hind shin, separable lean only, cooked, braised"
12559,"Beef, New Zealand, imported, hind shin, separable lean only, raw"
12560,"Beef, New Zealand, imported, inside, raw"
12561,"Beef, New Zealand, imported, variety meats and by-products, kidney, raw"
12562,"Beef, New Zealand, imported, variety meats and by-products liver, cooked, boiled"
12563,"Beef, New Zealand, imported, variety meats and by-products, liver, raw"
12564,"Beef, New Zealand, imported, manufacturing beef, cooked, boiled"
12565,"Beef, New Zealand, imported, ribs prepared, raw"
12566,"Beef, New Zealand, imported, rump centre, separable lean only, cooked, fast fried"
12567,"Beef, New Zealand, imported, striploin, separable lean only, cooked, fast fried"
12568,"Beef, New Zealand, imported, striploin, separable lean only, raw"
12569,"Beef, New Zealand, imported, oyster blade, separable lean and fat, raw"
12570,"Beef, New Zealand, imported, tenderloin, separable lean only, raw"
12571,"Beef, New Zealand, imported, variety meats and by-products, tongue, cooked, boiled"
12572,"Beef, New Zealand, imported, variety meats and by-products, tongue, raw"
12573,"Beef, New Zealand, imported, brisket navel end, separable lean and fat, cooked, braised"
12574,"Beef, New Zealand, imported, brisket navel end, separable lean and fat, raw"
12575,"Beef, New Zealand, imported, brisket point end, separable lean and fat, cooked, braised"
12576,"Beef, New Zealand, imported, brisket point end, separable lean and fat, raw"
12577,"Beef, New Zealand, imported, eye round, separable lean and fat, cooked, slow roasted"
12578,"Beef, New Zealand, imported, eye round, separable lean and fat, raw"
12579,"Beef, New Zealand, imported, flank, separable lean and fat, cooked, braised"
12580,"Beef, New Zealand, imported, flank, separable lean and fat, raw"
12581,"Beef, New Zealand, imported, flat, separable lean and fat, cooked, braised"
12582,"Beef, New Zealand, imported, rump centre, separable lean and fat, cooked, fast fried"
12583,"Beef, New Zealand, imported, rump centre, separable lean only, raw"
12584,"Beef, New Zealand, imported, rump centre, separable lean and fat, raw"
12585,"Beef, New Zealand, imported, striploin, separable lean and fat, cooked, fast fried"
12586,"Beef, ground, 93% lean meat / 7% fat, patty, cooked, broiled"
12587,"Beef, ground, 93% lean meat /7% fat, patty, cooked, pan-broiled"
12588,"Beef, ground, 93% lean meat / 7% fat, loaf, cooked, baked"
12589,"Beef, ground, 93% lean meat / 7% fat, crumbles, cooked, pan-browned"
12590,"Beef, ground, 97% lean meat / 3% fat, crumbles, cooked, pan-browned"
12591,"Beef, composite of trimmed retail cuts, separable lean and fat, trimmed to 0"" fat, all grades, raw"
12592,"Beef, composite of trimmed retail cuts, separable lean only, trimmed to 1/8"" fat, all grades, raw"
12593,"Beef, composite of trimmed retail cuts, separable lean only, trimmed to 1/8"" fat, all grades, cooked"
12594,"Beef, composite of trimmed retail cuts, separable lean only, trimmed to 0"" fat, all grades, raw"
12595,"Beef, rib, small end (ribs 10-12), separable lean only, trimmed to 1/8"" fat, choice, raw"
12596,"Beef, tenderloin, steak, separable lean only, trimmed to 1/8"" fat, choice, raw"
12597,"Beef, top sirloin, steak, separable lean only, trimmed to 1/8"" fat, choice, raw"
12598,"Beef, rib, small end (ribs 10-12), separable lean only, trimmed to 1/8""fat, choice, cooked, broiled"
12599,"Beef, chuck, arm pot roast, separable lean only, trimmed to 1/8"" fat, select, raw"
12600,"Beef, brisket, flat half, separable lean only, trimmed to 1/8"" fat, select, raw"
12601,"Beef, chuck, arm pot roast, separable lean only, trimmed to 1/8"" fat, select, cooked, braised"
12602,"Beef, brisket, flat half, separable lean only, trimmed to 1/8"" fat, select, cooked, braised"
12603,"Beef, variety meats and by-products, tripe, cooked, simmered"
12604,"Beef, bottom sirloin, tri-tip roast, separable lean only, trimmed to 0"" fat, all grades, raw"
12605,"Beef, bottom sirloin, tri-tip roast, separable lean only, trimmed to 0"" fat, choice, cooked, roasted"
12606,"Beef, bottom sirloin, tri-tip roast, separable lean only, trimmed to 0"" fat, choice, raw"
12607,"Beef, bottom sirloin, tri-tip roast, separable lean only, trimmed to 0"" fat, select, cooked, roasted"
12608,"Beef, flank, steak, separable lean only, trimmed to 0"" fat, all grades, cooked, broiled"
12609,"Beef, flank, steak, separable lean only, trimmed to 0"" fat, select, cooked, broiled"
12610,"Beef, flank, steak, separable lean only, trimmed to 0"" fat, all grades, raw"
12611,"Beef, flank, steak, separable lean only, trimmed to 0"" fat, select, raw"
12612,"Snacks, popcorn, microwave, low fat"
12613,"Snacks, candy rolls, yogurt-covered, fruit flavored with high vitamin C"
12614,"Formulated bar, MARS SNACKFOOD US, SNICKERS MARATHON Chewy Chocolate Peanut Bar"
12615,"Formulated bar, MARS SNACKFOOD US, SNICKERS MARATHON MULTIGRAIN CRUNCH BAR"
12616,"Formulated bar, MARS SNACKFOOD US, COCOAVIA, Chocolate Almond Snack Bar"
12617,"Snacks, sweet potato chips, unsalted"
12618,"Snacks, FRITOLAY, SUNCHIPS, Multigrain Snack, original flavor"
12619,"Snacks, popcorn, microwave, regular (butter) flavor, made with partially hydrogenated oil"
12620,"Formulated bar, MARS SNACKFOOD US, SNICKERS MARATHON Protein Performance Bar, Caramel Nut Rush"
12621,"Formulated bar, LUNA BAR, NUTZ OVER CHOCOLATE"
12622,"Snacks, FRITOLAY, SUNCHIPS, multigrain, French onion flavor"
12623,"Snacks, FRITOLAY, SUNCHIPS, Multigrain Snack, Harvest Cheddar flavor"
12624,"Pretzels, soft, unsalted"
12625,"Snacks, vegetable chips, HAIN CELESTIAL GROUP, TERRA CHIPS"
12626,"Formulated bar, ZONE PERFECT CLASSIC CRUNCH BAR, mixed flavors"
12627,"Snacks, granola bar, KASHI GOLEAN, chewy, mixed flavors"
12628,"Snacks, granola bar, KASHI TLC Bar, chewy, mixed flavors"
12629,"Snacks, granola bars, QUAKER OATMEAL TO GO, all flavors"
12630,"Snacks, vegetable chips, made from garden vegetables"
12631,"Snacks, granola bar, KASHI TLC Bar, crunchy, mixed flavors"
12632,"Snacks, candy bits, yogurt covered with vitamin C"
12633,"Snacks, CLIF BAR, mixed flavors"
12634,"Snacks, granola bar, QUAKER, chewy, 90 Calorie Bar"
12635,"Snacks, granola bar, GENERAL MILLS NATURE VALLEY, SWEET&SALTY NUT, peanut"
12636,"Snacks, granola bar, GENERAL MILLS, NATURE VALLEY, with yogurt coating"
12637,"Snack, Mixed Berry Bar"
12638,"Snacks, potato chips, made from dried potatoes (preformed), multigrain"
12639,"Snacks, potato chips, lightly salted"
12640,"Snacks, Pretzels, gluten- free made with cornstarch and potato flour"
12641,"Soup, egg drop, Chinese restaurant"
12642,"Soup, hot and sour, Chinese restaurant"
12643,"Beverages, THE COCA-COLA COMPANY, NOS Zero, energy drink, sugar-free with guarana, fortified with vitamins B6 and B12"
12644,"Alcoholic beverage, whiskey sour, canned"
12645,"Beverages, Whiskey sour mix, bottled"
12646,"Alcoholic beverage, whiskey sour, prepared from item 14028"
12647,"Beverages, ABBOTT, EAS soy protein powder"
12648,"Beverages, CYTOSPORT, Muscle Milk, ready-to-drink"
12649,"Alcoholic beverage, distilled, all (gin, rum, vodka, whiskey) 80 proof"
12650,"Beverages, OCEAN SPRAY, Cran-Energy, Cranberry Energy Juice Drink"
12651,"Alcoholic beverage, distilled, rum, 80 proof"
12652,"Alcoholic beverage, distilled, vodka, 80 proof"
12653,"Alcoholic beverage, distilled, whiskey, 86 proof"
12654,"Beverages, almond milk, chocolate, ready-to-drink"
12655,"Beverages, Energy Drink with carbonated water and high fructose corn syrup"
12656,"Beverages, Energy Drink, sugar free"
12657,"Beverages, ABBOTT, ENSURE, Nutritional Shake, Ready-to-Drink"
12658,"Beverages, chocolate powder, no sugar added"
12659,"Beverages, ZEVIA, cola"
12660,"Beverages, ZEVIA, cola, caffeine free"
12661,"Beverages, GEROLSTEINER BRUNNEN GmbH & Co. KG,Gerolsteiner naturally sparkling mineral water,"
12662,"Beverages, yellow green colored citrus soft drink with caffeine"
12663,"Beverages, V8 SPLASH Smoothies, Strawberry Banana"
12664,"Beverages, V8 SPLASH Smoothies, Tropical Colada"
12665,"Beverages, Coconut water, ready-to-drink, unsweetened"
12666,"Beverages, almond milk, unsweetened, shelf stable"
12667,"Alcoholic Beverage, wine, table, red, Cabernet Sauvignon"
12668,"Alcoholic Beverage, wine, table, red, Cabernet Franc"
12669,"Alcoholic Beverage, wine, table, red, Pinot Noir"
12670,"Alcoholic Beverage, wine, table, red, Syrah"
12671,"Alcoholic beverage, wine, table, white"
12672,"Alcoholic Beverage, wine, table, red, Lemberger"
12673,"Alcoholic Beverage, wine, table, red, Sangiovese"
12674,"Alcoholic Beverage, wine, table, red, Carignane"
12675,"Alcoholic beverage, wine, table, white, Pinot Gris (Grigio)"
12676,"Beverages, carbonated, club soda"
12677,"Alcoholic beverage, wine, table, white, Gewurztraminer"
12678,"Alcoholic beverage, wine, table, white, late harvest, Gewurztraminer"
12679,"Alcoholic beverage, wine, table, white, Semillon"
12680,"Beverages, carbonated, ginger ale"
12681,"Beverages, NESTEA, tea, black, ready-to-drink, lemon"
12682,"Alcoholic beverage, wine, table, white, Pinot Blanc"
12683,"Alcoholic beverage, wine, table, white, Muscat"
12684,"Beverages, carbonated, low calorie, cola or pepper-type, with aspartame, without caffeine"
12685,"Beverages, carbonated, cola, without caffeine"
12686,"Beverages, carbonated, cola, regular"
12687,"Beverages, carbonated, reduced sugar, cola, contains caffeine and sweeteners"
12688,"Beverages, carbonated, orange"
12689,"Beverages, tea, black, ready-to-drink, peach, diet"
12690,"Beverages, OCEAN SPRAY, Ruby Red cranberry"
12691,"Beverages, MOTTS, Apple juice light, fortified with vitamin C"
12692,"Beverages, Lemonade, powder"
12693,"Lemonade, powder, prepared with water"
12694,"Beverages, lemonade-flavor drink, powder"
12695,"Beverages, lemonade-flavor drink, powder, prepared with water"
12696,"Limeade, frozen concentrate, prepared with water"
12697,"Malt beverage, includes non-alcoholic beer"
12698,"Beverages, OVALTINE, Classic Malt powder"
12699,"Beverages, Malted drink mix, chocolate, with added nutrients, powder, prepared with whole milk"
12700,"Beverages, malted drink mix, chocolate, powder"
12701,"Beverages, Malted drink mix, chocolate, powder, prepared with whole milk"
12702,"Beverages, orange drink, canned, with added vitamin C"
12703,"Strawberry-flavor beverage mix, powder"
12704,"Beverages, Strawberry-flavor beverage mix, powder, prepared with whole milk"
12705,"Beverages, tea, black, brewed, prepared with tap water, decaffeinated"
12706,"Beverages, tea, instant, decaffeinated, unsweetened"
12707,"Beverages, tea, instant, unsweetened, prepared with water"
12708,"Lamb, New Zealand, imported, square-cut shoulder chops, separable lean and fat, cooked, braised"
12709,"Lamb, New Zealand, imported, square-cut shoulder chops, separable lean and fat, raw"
12710,"Lamb, New Zealand, imported, square-cut shoulder, separable lean and fat, cooked, slow roasted"
12711,"Lamb, New Zealand, imported, tunnel-boned leg, chump off, shank off, separable lean and fat, raw"
12712,"Lamb, New Zealand, imported, tenderloin, separable lean and fat, raw"
12713,"Veal, ground, cooked, pan-fried"
12714,"Veal, leg, top round, cap off, cutlet, boneless, cooked, grilled"
12715,"Veal, shoulder, blade chop, separable lean only, cooked, grilled"
12716,"Veal, external fat only, raw"
12717,"Veal, external fat only, cooked"
12718,"Veal, seam fat only, raw"
12719,"Lamb, Australian, imported, fresh, leg, bottom, boneless, separable lean only, trimmed to 1/8"" fat, cooked, roasted"
12720,"Lamb, Australian, imported, fresh, leg, hindshank, heel on, bone-in, separable lean only, trimmed to 1/8"" fat, cooked, braised"
12721,"Lamb, Australian, imported, fresh, leg, hindshank, heel on, bone-in, separable lean only, trimmed to 1/8"" fat, raw"
12722,"Lamb, Australian, imported, fresh, tenderloin, boneless, separable lean only, trimmed to 1/8"" fat, cooked, roasted"
12723,"Lamb, Australian, imported, fresh, rack, roast, frenched, denuded, bone-in, separable lean only, trimmed to 0"" fat, cooked, roasted"
12724,"Lamb, Australian, imported, fresh, rack, roast, frenched, bone-in, separable lean only, trimmed to 1/8"" fat, cooked, roasted"
12725,"Lamb, Australian, imported, fresh, external fat, cooked"
12726,"Lamb, Australian, imported, fresh, external fat, raw"
12727,"Lamb, Australian, imported, fresh, leg, hindshank, heel on, bone-in, separable lean and fat, trimmed to 1/8"" fat, cooked, braised"
12728,"Lamb, Australian, imported, fresh, leg, hindshank, heel on, bone-in, separable lean and fat, trimmed to 1/8"" fat, raw"
12729,"Lamb, Australian, imported, fresh, leg, trotter off, bone-in, separable lean and fat, trimmed to 1/8"" fat, cooked, roasted"
12730,"Lamb, Australian, imported, fresh, leg, trotter off, bone-in, separable lean and fat, trimmed to 1/8"" fat, raw"
12731,"Lamb, Australian, imported, fresh, tenderloin, boneless, separable lean and fat, trimmed to 1/8"" fat, cooked, roasted"
12732,"Lamb, Australian, imported, fresh, rib chop, frenched, denuded, bone-in, separable lean and fat, trimmed to 0"" fat, cooked, grilled"
12733,"Bagels, cinnamon-raisin"
12734,"Bagels, plain, enriched, with calcium propionate (includes onion, poppy, sesame), toasted"
12735,"Bagels, egg"
12736,"Biscuits, plain or buttermilk, dry mix"
12737,"Biscuits, plain or buttermilk, dry mix, prepared"
12738,"Biscuits, plain or buttermilk, refrigerated dough, lower fat"
12739,"Biscuits, plain or buttermilk, refrigerated dough, lower fat, baked"
12740,"Bread, banana, prepared from recipe, made with margarine"
12741,"Bread, boston brown, canned"
12742,"Bread, cornbread, dry mix, enriched (includes corn muffin mix)"
12743,"Bread, cornbread, dry mix, prepared with 2% milk, 80% margarine, and eggs"
12744,"Bread, cornbread, prepared from recipe, made with low fat (2%) milk"
12745,"Bread, french or vienna, toasted (includes sourdough)"
12746,"Bread, irish soda, prepared from recipe"
12747,"Bread, Italian"
12748,"Bread, multi-grain, toasted (includes whole-grain)"
12749,"Bread, pita, white, enriched"
12750,"Bread, pita, whole-wheat"
12751,"Bread, protein (includes gluten)"
12752,"Bread, pumpernickel"
12753,"Bread, reduced-calorie, oatmeal"
12754,"Bread, reduced-calorie, rye"
12755,"Bread, reduced-calorie, wheat"
12756,"Bread, reduced-calorie, white"
12757,"Bread, rice bran"
12758,"Bread, white, commercially prepared (includes soft bread crumbs)"
12759,"Bread, white, commercially prepared, toasted"
12760,"Bread, white, prepared from recipe, made with nonfat dry milk"
12761,"Bread, white, prepared from recipe, made with low fat (2%) milk"
12762,"Bread, crumbs, dry, grated, plain"
12763,"Bread, sticks, plain"
12764,"Bread, stuffing, dry mix"
12765,"Bread, stuffing, dry mix, prepared"
12766,"Cake, pudding-type, carrot, dry mix"
12767,"Cake, cherry fudge with chocolate frosting"
12768,"Cake, chocolate, commercially prepared with chocolate frosting, in-store bakery"
12769,"Cake, pudding-type, chocolate, dry mix"
12770,"Cake, coffeecake, creme-filled with chocolate frosting"
12771,"Cake, coffeecake, fruit"
12772,"Cake, coffeecake, cinnamon with crumb topping, dry mix, prepared"
12773,"Cake, fruitcake, commercially prepared"
12774,"Cake, pound, commercially prepared, other than all butter, enriched"
12775,"Cake, shortcake, biscuit-type, prepared from recipe"
12776,"Cake, snack cakes, creme-filled, chocolate with frosting"
12777,"Cake, snack cakes, creme-filled, sponge"
12778,"Cake, yellow, commercially prepared, with chocolate frosting, in-store bakery"
12779,"Cake, yellow, commercially prepared, with vanilla frosting"
12780,"Cake, pudding-type, yellow, dry mix"
12781,"Cake, yellow, enriched, dry mix"
12782,"Cookies, brownies, dry mix, regular"
12783,"Cookies, brownies, prepared from recipe"
12784,"Cookies, butter, commercially prepared, enriched"
12785,"Cookies, fudge, cake-type (includes trolley cakes)"
12786,"Cookies, chocolate chip, dry mix"
12787,"Cookies, chocolate chip, refrigerated dough"
12788,"Cookies, chocolate chip, refrigerated dough, baked"
12789,"Cookies, chocolate chip, prepared from recipe, made with margarine"
12790,"Cookies, gingersnaps"
12791,"Cookies, graham crackers, plain or honey (includes cinnamon)"
12792,"Cookies, graham crackers, chocolate-coated"
12793,"Cookies, ladyfingers, with lemon juice and rind"
12794,"Cookies, oatmeal, dry mix"
12795,"Cookies, oatmeal, refrigerated dough"
12796,"Cookies, oatmeal, refrigerated dough, baked"
12797,"Cookies, oatmeal, with raisins"
12798,"Cookies, peanut butter, prepared from recipe"
12799,"Cookies, peanut butter sandwich, regular"
12800,"Cookies, raisin, soft-type"
12801,"Cookies, shortbread, commercially prepared, plain"
12802,"Cookies, shortbread, commercially prepared, pecan"
12803,"Cookies, peanut butter sandwich, special dietary"
12804,"Cookies, sugar wafer, with creme filling, sugar free"
12805,"Cookies, sugar, commercially prepared, regular (includes vanilla)"
12806,"Cookies, sugar, refrigerated dough"
12807,"Cookies, vanilla wafers, lower fat"
12808,"Cookies, vanilla wafers, higher fat"
12809,"Crackers, cheese, regular"
12810,"Crackers, cheese, sandwich-type with peanut butter filling"
12811,"Crackers, melba toast, plain"
12812,"Crackers, melba toast, rye (includes pumpernickel)"
12813,"Crackers, melba toast, wheat"
12814,"Crackers, milk"
12815,"Crackers, rusk toast"
12816,"Crackers, standard snack-type, regular"
12817,"Crackers, standard snack-type, sandwich, with cheese filling"
12818,"Crackers, standard snack-type, sandwich, with peanut butter filling"
12819,"Crackers, wheat, regular"
12820,"Cream puff shell, prepared from recipe"
12821,"Croissants, butter"
12822,"Croissants, apple"
12823,"Croissants, cheese"
12824,"Doughnuts, cake-type, plain (includes unsugared, old-fashioned)"
12825,"Doughnuts, cake-type, plain, chocolate-coated or frosted"
12826,"Doughnuts, cake-type, plain, sugared or glazed"
12827,"Doughnuts, cake-type, chocolate, sugared or glazed"
12828,"Muffins, English, plain, enriched, with ca prop (includes sourdough)"
12829,"Muffins, English, plain, toasted, enriched, with calcium propionate (includes sourdough)"
12830,"Muffins, English, mixed-grain (includes granola)"
12831,"Muffins, English, raisin-cinnamon (includes apple-cinnamon)"
12832,"French toast, prepared from recipe, made with low fat (2%) milk"
12833,"Hush puppies, prepared from recipe"
12834,"Ice cream cones, cake or wafer-type"
12835,"Ice cream cones, sugar, rolled-type"
12836,"Muffins, corn, commercially prepared"
12837,"Muffins, corn, dry mix, prepared"
12838,"Muffins, corn, toaster-type"
12839,"Muffins, corn, prepared from recipe, made with low fat (2%) milk"
12840,"Pancakes, plain, dry mix, complete, prepared"
12841,"Pancakes, plain, dry mix, incomplete (includes buttermilk)"
12842,"Pancakes, plain, dry mix, incomplete, prepared"
12843,"Pancakes, plain, prepared from recipe"
12844,"Pancakes, whole-wheat, dry mix, incomplete, prepared"
12845,"Pie, apple, commercially prepared, enriched flour"
12846,"Pie, apple, prepared from recipe"
12847,"Pie, banana cream, prepared from mix, no-bake type"
12848,"Pie, chocolate creme, commercially prepared"
12849,"Pie, chocolate mousse, prepared from mix, no-bake type"
12850,"Pie, coconut creme, commercially prepared"
12851,"Pie, coconut cream, prepared from mix, no-bake type"
12852,"Pie, lemon meringue, prepared from recipe"
12853,"Pie, mince, prepared from recipe"
12854,"Pie, peach"
12855,"Pie, pecan, commercially prepared"
12856,"Pie crust, standard-type, dry mix"
12857,"Pie crust, standard-type, dry mix, prepared, baked"
12858,"Pie crust, standard-type, frozen, ready-to-bake, enriched"
12859,"Pie crust, standard-type, frozen, ready-to-bake, enriched, baked"
12860,"Pie crust, standard-type, prepared from recipe, baked"
12861,"Rolls, dinner, egg"
12862,"Rolls, dinner, oat bran"
12863,"Rolls, dinner, rye"
12864,"Rolls, dinner, wheat"
12865,"Rolls, hard (includes kaiser)"
12866,"Strudel, apple"
12867,"Sweet rolls, cheese"
12868,"Sweet rolls, cinnamon, commercially prepared with raisins"
12869,"Toaster pastries, fruit (includes apple, blueberry, cherry, strawberry)"
12870,"Tortillas, ready-to-bake or -fry, corn"
12871,"Tortillas, ready-to-bake or -fry, flour, refrigerated"
12872,"Waffles, plain, frozen, ready-to-heat"
12873,"Waffles, plain, prepared from recipe"
12874,"Leavening agents, baking soda"
12875,"Leavening agents, cream of tartar"
12876,"Leavening agents, yeast, baker's, compressed"
12877,"Leavening agents, yeast, baker's, active dry"
12878,"Bread, rice bran, toasted"
12879,"Muffins, blueberry, toaster-type, toasted"
12880,"Muffins, wheat bran, toaster-type with raisins, toasted"
12881,"Pancakes, buttermilk, prepared from recipe"
12882,"Waffles, plain, frozen, ready -to-heat, toasted"
12883,"Bagels, plain, enriched, without calcium propionate (includes onion, poppy, sesame)"
12884,"Bagels, plain, unenriched, with calcium propionate (includes onion, poppy, sesame)"
12885,"Bagels, plain, unenriched, without calcium propionate(includes onion, poppy, sesame)"
12886,"Cake, coffeecake, cinnamon with crumb topping, commercially prepared, unenriched"
12887,"Cake, pound, commercially prepared, other than all butter, unenriched"
12888,"Cake, pudding-type, white, unenriched, dry mix"
12889,"Cake, yellow, unenriched, dry mix"
12890,"Crackers, saltines, low salt (includes oyster, soda, soup)"
12891,"Crackers, saltines, unsalted tops (includes oyster, soda, soup)"
12892,"Crackers, standard snack-type, regular, low salt"
12893,"Crackers, wheat, low salt"
12894,"Crackers, cheese, low sodium"
12895,"Danish pastry, raspberry, unenriched"
12896,"Doughnuts, yeast-leavened, glazed, unenriched (includes honey buns)"
12897,"English muffins, plain, enriched, without calcium propionate(includes sourdough)"
12898,"Pie, fried pies, lemon"
12899,"Pie crust, standard-type, frozen, ready-to-bake, unenriched"
12900,"Popovers, dry mix, unenriched"
12901,"Taco shells, baked, without added salt"
12902,"Crackers, saltines, fat-free, low-sodium"
12903,"Tart, breakfast, low fat"
12904,"Archway Home Style Cookies, Sugar Free Oatmeal"
12905,"Archway Home Style Cookies, Chocolate Chip Ice Box"
12906,"Archway Home Style Cookies, Iced Oatmeal"
12907,"Archway Home Style Cookies, Molasses"
12908,"Archway Home Style Cookies, Oatmeal"
12909,"Archway Home Style Cookies, Oatmeal Raisin"
12910,"Archway Home Style Cookies, Strawberry Filled"
12911,"Archway Home Style Cookies, Reduced Fat Ginger Snaps"
12912,"Artificial Blueberry Muffin Mix, dry"
12913,"Kraft, Stove Top Stuffing Mix Chicken Flavor"
12914,"Martha White Foods, Martha White's Chewy Fudge Brownie Mix, dry"
12915,"Martha White Foods, Martha White's Buttermilk Biscuit Mix, dry"
12916,"Mission Foods, Mission Flour Tortillas, Soft Taco, 8 inch"
12917,"Nabisco, Nabisco Grahams Crackers"
12918,"Nabisco, Nabisco Oreo Crunchies, Cookie Crumb Topping"
12919,"Game meat, deer, cooked, roasted"
12920,"Game meat, horse, raw"
12921,"Game meat, horse, cooked, roasted"
12922,"Beverages, tea, instant, lemon, unsweetened"
12923,"Beverages, tea, instant, lemon, sweetened, powder"
12924,"Beverages, tea, instant, lemon, sweetened, prepared with water"
12925,"Beverages, tea, instant, sweetened with sodium saccharin, lemon-flavored, powder"
12926,"Beverages, cocoa mix, with aspartame, powder, prepared with water"
12927,"Beverages, carbonated, cola, fast-food cola"
12928,"Beverages, fruit punch juice drink, frozen concentrate"
12929,"Beverages, fruit punch juice drink, frozen concentrate, prepared with water"
12930,"Beverages, water, tap, well"
12931,"Alcoholic beverage, liqueur, coffee, 53 proof"
12932,"Alcoholic beverage, liqueur, coffee with cream, 34 proof"
12933,"Beverages, carbonated, low calorie, cola or pepper-type, with aspartame, contains caffeine"
12934,"Beverages, Orange drink, breakfast type, with juice and pulp, frozen concentrate"
12935,"Beverages, Orange drink, breakfast type, with juice and pulp, frozen concentrate, prepared with water"
12936,"Beverages, shake, fast food, strawberry"
12937,"Beverages, water, tap, municipal"
12938,"Beverages, The COCA-COLA company, DASANI, water, bottled, non-carbonated"
12939,"Beverages, orange breakfast drink, ready-to-drink, with added nutrients"
12940,"Beverages, water, bottled, non-carbonated, CALISTOGA"
12941,"Beverages, water, bottled, non-carbonated, CRYSTAL GEYSER"
12942,"Beverages, COCA-COLA, POWERADE, lemon-lime flavored, ready-to-drink"
12943,"Beverages, Propel Zero, fruit-flavored, non-carbonated"
12944,"Beverages, ARIZONA, tea, ready-to-drink, lemon"
12945,"Beverages, LIPTON BRISK, tea, black, ready-to-drink, lemon"
12946,"Alcoholic beverage, wine, dessert, dry"
12947,"Carbonated beverage, low calorie, other than cola or pepper, with sodium saccharin, without caffeine"
12948,"Beverages, Cocoa mix, low calorie, powder, with added calcium, phosphorus, aspartame, without added sodium or vitamin A"
12949,"Beverages, fruit punch-flavor drink, powder, without added sodium, prepared with water"
12950,"Fish, herring, Atlantic, raw"
12951,"Fish, herring, Atlantic, cooked, dry heat"
12952,"Fish, herring, Atlantic, pickled"
12953,"Fish, mackerel, Atlantic, raw"
12954,"Fish, mackerel, Atlantic, cooked, dry heat"
12955,"Fish, mackerel, jack, canned, drained solids"
12956,"Fish, mackerel, king, raw"
12957,"Fish, mullet, striped, raw"
12958,"Fish, mullet, striped, cooked, dry heat"
12959,"Fish, ocean perch, Atlantic, raw"
12960,"Fish, ocean perch, Atlantic, cooked, dry heat"
12961,"Fish, pike, northern, cooked, dry heat"
12962,"Fish, pike, walleye, raw"
12963,"Fish, pollock, Atlantic, raw"
12964,"Fish, pollock, Alaska, raw (may contain additives to retain moisture)"
12965,"Fish, rockfish, Pacific, mixed species, cooked, dry heat"
12966,"Fish, roe, mixed species, raw"
12967,"Fish, roughy, orange, raw"
12968,"Fish, sablefish, raw"
12969,"Fish, salmon, chum, canned, drained solids with bone"
12970,"Fish, salmon, coho, wild, raw"
12971,"Fish, salmon, coho, wild, cooked, moist heat"
12972,"Fish, salmon, pink, raw"
12973,"Fish, sardine, Atlantic, canned in oil, drained solids with bone"
12974,"Fish, sardine, Pacific, canned in tomato sauce, drained solids with bone"
12975,"Fish, scup, raw"
12976,"Fish, sea bass, mixed species, raw"
12977,"Fish, shark, mixed species, cooked, batter-dipped and fried"
12978,"Fish, sheepshead, raw"
12979,"Fish, sheepshead, cooked, dry heat"
12980,"Fish, smelt, rainbow, raw"
12981,"Fish, smelt, rainbow, cooked, dry heat"
12982,"Fish, sturgeon, mixed species, cooked, dry heat"
12983,"Fish, sturgeon, mixed species, smoked"
12984,"Fish, sucker, white, raw"
12985,"Fish, sunfish, pumpkin seed, raw"
12986,"Fish, tilefish, cooked, dry heat"
12987,"Fish, trout, mixed species, raw"
12988,"Fish, trout, rainbow, wild, raw"
12989,"Fish, trout, rainbow, wild, cooked, dry heat"
12990,"Fish, tuna, fresh, skipjack, raw"
12991,"Fish, tuna, white, canned in oil, drained solids"
12992,"Fish, tuna, white, canned in water, drained solids"
12993,"Fish, tuna, fresh, yellowfin, raw"
12994,"Fish, tuna salad"
12995,"Fish, whiting, mixed species, cooked, dry heat"
12996,"Fish, wolffish, Atlantic, raw"
12997,"Fish, yellowtail, mixed species, raw"
12998,"Crustaceans, crab, alaska king, raw"
12999,"Fish, catfish, channel, farmed, raw"
13000,"Fish, catfish, channel, farmed, cooked, dry heat"
13001,"Fish, salmon, Atlantic, farmed, raw"
13002,"Fish, salmon, Atlantic, farmed, cooked, dry heat"
13003,"Crustaceans, crayfish, mixed species, farmed, raw"
13004,"Crustaceans, crayfish, mixed species, farmed, cooked, moist heat"
13005,"Mollusks, oyster, eastern, wild, cooked, dry heat"
13006,"Mollusks, oyster, eastern, farmed, raw"
13007,"Mollusks, oyster, eastern, farmed, cooked, dry heat"
13008,"Salmon, sockeye, canned, total can contents"
13009,"Fish, salmon, pink, canned, drained solids"
13010,"Fish, tilapia, raw"
13011,"Fish, tilapia, cooked, dry heat"
13012,"Fish, cod, Pacific, cooked"
13013,"Crustaceans, shrimp, raw"
13014,"Crustaceans, shrimp, cooked"
13015,"Fish, trout, brook, raw, New York State"
13016,"Beans, baked, canned, plain or vegetarian"
13017,"Beans, baked, canned, with beef"
13018,"Beans, baked, canned, with franks"
13019,"Beans, baked, canned, with pork"
13020,"Beans, black turtle, mature seeds, raw"
13021,"Beans, black turtle, mature seeds, cooked, boiled, without salt"
13022,"Beans, black turtle, mature seeds, canned"
13023,"Beans, cranberry (roman), mature seeds, raw"
13024,"Beans, great northern, mature seeds, raw (Includes foods for USDA's Food Distribution Program)"
13025,"Beans, great northern, mature seeds, cooked, boiled, without salt"
13026,"Beans, great northern, mature seeds, canned"
13027,"Beans, kidney, all types, mature seeds, raw"
13028,"Beans, kidney, red, mature seeds, cooked, boiled, without salt"
13029,"Beans, kidney, red, mature seeds, canned, solids and liquids"
13030,"Beans, kidney, royal red, mature seeds, raw"
13031,"Beans, kidney, royal red, mature seeds, cooked, boiled, without salt"
13032,"Beans, pink, mature seeds, cooked, boiled, without salt"
13033,"Beans, pinto, mature seeds, raw (Includes foods for USDA's Food Distribution Program)"
13034,"Beans, pinto, mature seeds, cooked, boiled, without salt"
13035,"Beans, pinto, mature seeds, canned, solids and liquids"
13036,"Beans, white, mature seeds, raw"
13037,"Beans, white, mature seeds, cooked, boiled, without salt"
13038,"Beans, white, mature seeds, canned"
13039,"Broadbeans (fava beans), mature seeds, raw"
13040,"Chickpeas (garbanzo beans, bengal gram), mature seeds, canned, solids and liquids"
13041,"Chili with beans, canned"
13042,"Cowpeas, catjang, mature seeds, raw"
13043,"Cowpeas, catjang, mature seeds, cooked, boiled, without salt"
13044,"Hyacinth beans, mature seeds, raw"
13045,"Hyacinth beans, mature seeds, cooked, boiled, without salt"
13046,"Vitasoy USA, Vitasoy Organic Creamy Original Soymilk"
13047,"Vitasoy USA, Vitasoy Organic Classic Original Soymilk"
13048,"Vitasoy USA, Vitasoy Light Vanilla Soymilk"
13049,"Soymilk (all flavors), unsweetened, with added calcium, vitamins A and D"
13050,"Soymilk (all flavors), nonfat, with added calcium, vitamins A and D"
13051,"Soymilk, chocolate, nonfat, with added calcium, vitamins A and D"
13052,"SILK Plain, soymilk"
13053,"SILK Vanilla, soymilk"
13054,"SILK Plus Omega-3 DHA, soymilk"
13055,"SILK Plus for Bone Health, soymilk"
13056,"SILK Plus Fiber, soymilk"
13057,"SILK Unsweetened, soymilk"
13058,"SILK Coffee, soymilk"
13059,SILK Vanilla soy yogurt (family size)
13060,SILK Vanilla soy yogurt (single serving size)
13061,SILK Plain soy yogurt
13062,SILK Strawberry soy yogurt
13063,SILK Key Lime soy yogurt
13064,SILK Banana-Strawberry soy yogurt
13065,SILK Original Creamer
13066,SILK French Vanilla Creamer
13067,"Vitasoy USA Organic Nasoya, Tofu Plus Firm"
13068,"Vitasoy USA Organic Nasoya Sprouted, Tofu Plus Super Firm"
13069,"Vitasoy USA Azumaya, Extra Firm Tofu"
13070,"Vitasoy USA Azumaya, Firm Tofu"
13071,"Beans, black, mature seeds, cooked, boiled, with salt"
13072,"Beans, black, mature seeds, canned, low sodium"
13073,"Beans, black turtle, mature seeds, cooked, boiled, with salt"
13074,"Beans, cranberry (roman), mature seeds, cooked, boiled, with salt"
13075,"Beans, french, mature seeds, cooked, boiled, with salt"
13076,"Beans, kidney, red, mature seeds, cooked, boiled, with salt"
13077,"Beans, kidney, red, mature seeds, canned, drained solids, rinsed in tap water"
13078,"Beans, kidney, royal red, mature seeds, cooked, boiled with salt"
13079,"Beans, kidney, red, mature seeds, canned, solids and liquid, low sodium"
13080,"Beans, small white, mature seeds, cooked, boiled, with salt"
13081,"Beans, pinto, mature seeds, canned, solids and liquids, low sodium"
13082,"Beans, yellow, mature seeds, cooked, boiled, with salt"
13083,"Beans, white, mature seeds, cooked, boiled, with salt"
13084,"Chickpeas (garbanzo beans, bengal gram), mature seeds, canned, solids and liquids, low sodium"
13085,"Cowpeas, catjang, mature seeds, cooked, boiled, with salt"
13086,"Cowpeas, common (blackeyes, crowder, southern), mature seeds, cooked, boiled, with salt"
13087,"Hyacinth beans, mature seeds, cooked, boiled, with salt"
13088,"Lentils, mature seeds, cooked, boiled, with salt"
13089,"Mung beans, mature seeds, cooked, boiled, with salt"
13090,"Mungo beans, mature seeds, cooked, boiled, with salt"
13091,"Peas, split, mature seeds, cooked, boiled, with salt"
13092,"Peanuts, all types, oil-roasted, without salt"
13093,"Lamb, New Zealand, imported, loin chop, separable lean only, raw"
13094,"Lamb, New Zealand, imported, rack - partly frenched, separable lean only, raw"
13095,"Lamb, New Zealand, imported, rack - partly frenched, separable lean only, cooked, fast roasted"
13096,"Lamb, New Zealand, imported, square-cut shoulder, separable lean and fat, raw"
13097,"Lamb, New Zealand, imported, frozen, shoulder, whole (arm and blade), separable lean and fat, cooked, braised"
13098,"Lamb, New Zealand, imported, square-cut shoulder, separable lean only, raw"
13099,"Veal, composite of trimmed retail cuts, separable lean only, cooked"
13100,"Veal, composite of trimmed retail cuts, separable fat, raw"
13101,"Veal, composite of trimmed retail cuts, separable fat, cooked"
13102,"Veal, leg (top round), separable lean and fat, raw"
13103,"Veal, leg (top round), separable lean only, raw"
13104,"Veal, leg (top round), separable lean only, cooked, braised"
13105,"Veal, leg (top round), separable lean only, cooked, pan-fried, breaded"
13106,"Veal, leg (top round), separable lean only, cooked, pan-fried, not breaded"
13107,"Veal, loin, separable lean only, cooked, braised"
13108,"Veal, loin, separable lean only, cooked, roasted"
13109,"Veal, rib, separable lean and fat, raw"
13110,"Veal, rib, separable lean and fat, cooked, braised"
13111,"Veal, shoulder, whole (arm and blade), separable lean and fat, raw"
13112,"Veal, shoulder, whole (arm and blade), separable lean and fat, cooked, braised"
13113,"Veal, shoulder, whole (arm and blade), separable lean and fat, cooked, roasted"
13114,"Veal, shoulder, whole (arm and blade), separable lean only, raw"
13115,"Veal, shoulder, arm, separable lean and fat, cooked, roasted"
13116,"Veal, shoulder, arm, separable lean only, raw"
13117,"Veal, shoulder, arm, separable lean only, cooked, braised"
13118,"Veal, shoulder, arm, separable lean only, cooked, roasted"
13119,"Veal, shoulder, blade, separable lean only, cooked, roasted"
13120,"Veal, sirloin, separable lean and fat, raw"
13121,"Veal, sirloin, separable lean and fat, cooked, braised"
13122,"Veal, sirloin, separable lean and fat, cooked, roasted"
13123,"Veal, cubed for stew (leg and shoulder), separable lean only, cooked, braised"
13124,"Veal, ground, raw"
13125,"Veal, ground, cooked, broiled"
13126,"Game meat, antelope, raw"
13127,"Bison, ground, grass-fed, raw"
13128,"Game meat, beaver, raw"
13129,"Game meat, beaver, cooked, roasted"
13130,"Game meat, beefalo, composite of cuts, raw"
13131,"Game meat, boar, wild, raw"
13132,"Game meat, boar, wild, cooked, roasted"
13133,"Game meat, buffalo, water, raw"
13134,"Game meat, buffalo, water, cooked, roasted"
13135,"Game meat, elk, raw"
13136,"Game meat, elk, cooked, roasted"
13137,"Game meat, goat, raw"
13138,"Game meat, goat, cooked, roasted"
