id,name
1,"Milk, NFS"
2,"Milk, whole"
3,"Milk, reduced fat (2%)"
4,"Milk, low fat (1%)"
5,"Milk, fat free (skim)"
6,"Milk, lactose free, low fat (1%)"
7,"Milk, lactose free, fat free (skim)"
8,"Milk, lactose free, reduced fat (2%)"
9,"Milk, lactose free, whole"
10,Buttermilk
11,Kefir
12,Goat milk
13,"Milk, dry, reconstituted, nonfat"
14,"Milk, dry, reconstituted, whole"
15,"Milk, evaporated, NS as to fat content"
16,"Milk, evaporated, whole"
17,"Milk, evaporated, reduced fat (2%)"
18,"Milk, evaporated, fat free (skim)"
19,"Milk, condensed, sweetened"
20,"Non-dairy milk, NFS"
21,"Soy milk, sweetened"
22,"Soy milk, unsweetened"
23,"Soy milk, chocolate"
24,"Almond milk, sweetened"
25,"Almond milk, chocolate"
26,"Almond milk, unsweetened"
27,"Almond milk, NFS"
28,Rice milk
29,Oat milk
30,Coconut milk
31,"Yogurt, NFS"
32,"Yogurt, Greek, NS as to type of milk or flavor"
33,"Yogurt, NS as to type of milk or flavor"
34,"Yogurt, NS as to type of milk, plain"
35,"Yogurt, whole milk, plain"
36,"Yogurt, low fat milk, plain"
37,"Yogurt, nonfat milk, plain"
38,"Yogurt, Greek, NS as to type of milk, plain"
39,"Yogurt, Greek, whole milk, plain"
40,"Yogurt, Greek, low fat milk, plain"
41,"Yogurt, Greek, nonfat milk, plain"
42,"Yogurt, NS as to type of milk, fruit"
43,"Yogurt, whole milk, fruit"
44,"Yogurt, low fat milk, fruit"
45,"Yogurt, nonfat milk, fruit"
46,"Yogurt, Greek, NS as to type of milk, fruit"
47,"Yogurt, Greek, whole milk, fruit"
48,"Yogurt, Greek, low fat milk, fruit"
49,"Yogurt, Greek, nonfat milk, fruit"
50,"Yogurt, NS as to type of milk, flavors other than fruit"
51,"Yogurt, whole milk, flavors other than fruit"
52,"Yogurt, low fat milk, flavors other than fruit"
53,"Yogurt, nonfat milk, flavors other than fruit"
54,"Yogurt, Greek, NS as to type of milk, flavors other than fruit"
55,"Yogurt, Greek, whole milk, flavors other than fruit"
56,"Yogurt, Greek, low fat milk, flavors other than fruit"
57,"Yogurt, Greek, nonfat milk, flavors other than fruit"
58,"Yogurt, Greek, with oats"
59,"Yogurt, liquid"
60,Yogurt tube
61,"Chipotle dip, yogurt based"
62,"Onion dip, yogurt based"
63,"Ranch dip, yogurt based"
64,"Spinach dip, yogurt based"
65,Tzatziki dip
66,"Vegetable dip, yogurt based"
67,"Yogurt parfait, with fruit"
68,"Frozen yogurt, NFS"
69,"Frozen yogurt, vanilla"
70,"Frozen yogurt, chocolate"
71,"Frozen yogurt, soft serve, vanilla"
72,"Frozen yogurt, soft serve, chocolate"
73,Frozen yogurt sandwich
74,"Frozen yogurt bar, vanilla"
75,"Frozen yogurt bar, chocolate"
76,"Frozen yogurt cone, chocolate"
77,"Frozen yogurt cone, vanilla"
78,"Frozen yogurt cone, vanilla, waffle cone"
79,"Frozen yogurt cone, chocolate, waffle cone"
80,"Baby Toddler food, NFS"
81,"Baby Toddler yogurt, plain"
82,"Baby Toddler yogurt, with fruit"
83,"Chocolate milk, NFS"
84,"Chocolate milk, whole"
85,"Chocolate milk, reduced fat (2%)"
86,"Chocolate milk, fat free (skim)"
87,"Chocolate milk, low fat (1%)"
88,"Chocolate milk, reduced sugar, NFS"
89,"Hot chocolate / cocoa, NFS"
90,"Hot chocolate / cocoa, made with whole or reduced fat (2%) milk"
91,"Hot chocolate / cocoa, made with lowfat (1%) or fat free (skim) milk"
92,"Hot chocolate / cocoa, made with non-dairy milk"
93,"Hot chocolate / cocoa, with whipped cream"
94,"Chocolate milk, reduced sugar, whole"
95,"Chocolate milk, reduced sugar, reduced fat (2%)"
96,"Chocolate milk, reduced sugar, low fat (1%)"
97,"Chocolate milk, reduced sugar, fat free (skim)"
98,"Hot chocolate / cocoa, dry mix, made with water"
99,"Hot chocolate / cocoa, dry mix, made with whole or reduced fat (2%) milk"
100,"Hot chocolate / cocoa, dry mix, made with lowfat (1%) or fat free (skim) milk"
101,"Hot chocolate / cocoa, dry mix , made with non-dairy milk"
102,"Hot chocolate / cocoa, dry mix, made with water, with whipped cream"
103,"Hot chocolate / cocoa, dry mix, reduced sugar, made with water"
104,"Hot chocolate / cocoa, dry mix, reduced sugar, made with whole or reduced fat (2%) milk"
105,"Hot chocolate / cocoa, reduced sugar, made with non-dairy milk"
106,"Hot chocolate / cocoa, reduced sugar, made with whole or reduced fat (2%) milk"
107,"Hot chocolate / cocoa, dry mix, reduced sugar, made with lowfat (1%) or fat free (skim) milk"
108,"Hot chocolate / cocoa, reduced sugar, made with lowfat (1%) or fat free (skim) milk"
109,"Hot chocolate / cocoa, dry mix, reduced sugar, made with non-dairy milk"
110,"Strawberry milk, NFS"
111,"Strawberry milk, whole"
112,"Strawberry milk, reduced fat (2%)"
113,"Strawberry milk, low fat (1%)"
114,"Strawberry milk, fat free  (skim)"
115,"Strawberry milk, reduced sugar"
116,"Milk, malted"
117,"Milk shake, home recipe, chocolate"
118,"Milk shake, home recipe, flavors other than chocolate"
119,"Milk shake, home recipe, chocolate, light"
120,"Milk shake, home recipe, flavors other than chocolate, light"
121,Milk shake with malt
122,"Milk shake, fast food, chocolate"
123,"Milk shake, fast food, flavors other than chocolate"
124,"Milk shake, bottled, chocolate"
125,"Milk shake, bottled, flavors other than chocolate"
126,Licuado or Batido
127,"Fruit smoothie, NFS"
128,"Fruit smoothie, with whole fruit and dairy"
129,"Fruit smoothie, with whole fruit and dairy, added protein"
130,"Fruit smoothie juice drink, with dairy"
131,Chocolate milk drink
132,"Infant formula, NFS"
133,"Toddler formula, store brand, beginning or next stage"
134,"Toddler formula, store brand, pediatric shake"
135,"Infant formula, premature, powder, made with water"
136,"Infant formula, premature, ready-to-feed"
137,"Infant formula, organic, powder, made with water"
138,"Infant formula, organic, ready-to-feed"
139,"Infant formula, store brand, advantage or tender, powder, made with tap water"
140,"Infant formula, store brand, advantage or tender, powder, made with bottled water"
141,"Infant formula, store brand, advantage or tender, powder, made with baby water"
142,"Infant formula, store brand, gentle or sensitivity"
143,"Infant formula, store brand, added rice"
144,"Infant formula, store brand, soy"
145,"Infant formula, amino acids"
146,"Infant formula, low iron"
147,"Milk, dry, not reconstituted"
148,"Whey, sweet, dry"
149,"Cocoa powder, not reconstituted"
150,"Chocolate beverage powder, dry mix, not reconstituted"
151,"Chocolate beverage powder, light, dry mix, not reconstituted"
152,"Milk, malted, dry mix, not reconstituted"
153,"Strawberry beverage powder, dry mix, not reconstituted"
154,"Cream, NS as to light, heavy, or half and half"
155,"Cream, light"
156,"Cream, half and half"
157,"Cream, half and half, flavored"
158,"Cream, heavy"
159,"Cream, whipped"
160,"Coffee creamer, NFS"
161,"Coffee creamer, liquid"
162,"Coffee creamer, liquid, flavored"
163,"Coffee creamer, liquid, fat free"
164,"Coffee creamer, liquid, fat free, flavored"
165,"Coffee creamer, liquid, fat free, sugar free, flavored"
166,"Coffee creamer, liquid, sugar free, flavored"
167,"Coffee creamer, powder"
168,"Coffee creamer, powder, flavored"
169,"Coffee creamer, powder, fat free"
170,"Coffee creamer,powder, sugar free, flavored"
171,"Coffee creamer, soy, liquid"
172,Whipped topping
173,"Whipped topping, fat free"
174,"Whipped topping, sugar free"
175,"Sour cream, regular"
176,"Sour cream, imitation"
177,"Dip, NFS"
178,"Chipotle dip, regular"
179,"Chipotle dip, light"
180,"Onion dip, regular"
181,"Onion dip, light"
182,"Ranch dip, regular"
183,"Ranch dip, light"
184,"Spinach dip, regular"
185,"Spinach dip, light"
186,"Vegetable dip, regular"
187,"Vegetable dip, light"
188,"Ice cream, NFS"
189,"Ice cream, vanilla"
190,"Ice cream, vanilla, with additional ingredients"
191,"Ice cream, chocolate"
192,"Ice cream, chocolate, with additional ingredients"
193,"Ice cream, soft serve, vanilla"
194,"Gelato, vanilla"
195,"Gelato, chocolate"
196,"Ice cream bar, vanilla"
197,"Ice cream bar, vanilla, chocolate coated"
198,Ice cream candy bar
199,"Ice cream bar, chocolate"
200,"Ice cream sandwich, vanilla"
201,"Ice cream sandwich, chocolate"
202,"Ice cream cone, scooped, vanilla"
203,"Ice cream cone, scooped, vanilla, waffle cone"
204,"Ice cream cone, NFS"
205,"Ice cream cone, scooped, chocolate"
206,"Ice cream cone, scooped, chocolate, waffle cone"
207,"Ice cream cone, soft serve, vanilla"
208,"Ice cream cone, soft serve, chocolate"
209,"Ice cream cone, soft serve, vanilla, waffle cone"
210,"Ice cream cone, soft serve, chocolate, waffle cone"
211,"Ice cream cone, vanilla, prepackaged"
212,"Ice cream cone, chocolate, prepackaged"
213,"Ice cream soda, flavors other than chocolate"
214,"Ice cream soda, chocolate"
215,"Ice cream sundae, NFS"
216,"Ice cream sundae, fruit topping"
217,Banana split
218,"Ice cream sundae, hot fudge topping"
219,"Ice cream sundae, caramel topping"
220,"Ice cream, fried"
221,"Light ice cream, NFS"
222,"Light ice cream, vanilla"
223,"Light ice cream, chocolate"
224,"Soft serve, blended with candy or cookies, from fast food"
225,"Light ice cream sandwich, vanilla"
226,"Light ice cream sandwich, chocolate"
227,"Light ice cream bar, vanilla"
228,"Light ice cream bar, vanilla, chocolate coated"
229,"Light ice cream bar, chocolate"
230,"Light ice cream cone, vanilla, prepackaged"
231,"Light ice cream cone, chocolate, prepackaged"
232,"Sherbet, all flavors"
233,"Pudding, chocolate, NFS"
234,"Pudding, bread"
235,"Pudding, flavors other than chocolate, NFS"
236,Custard
237,Flan
238,Creme brulee
239,"Pudding, rice"
240,"Firni, Indian pudding"
241,"Pudding, tapioca, made from dry mix"
242,"Pudding, flavors other than chocolate, made from dry mix"
243,"Pudding, chocolate, made from dry mix"
244,"Pudding, flavors other than chocolate, made from dry mix, sugar free"
245,"Pudding, chocolate, made from dry mix, sugar free"
246,"Pudding, flavors other than chocolate, ready-to-eat"
247,"Pudding, flavors other than chocolate, ready-to-eat, sugar free"
248,"Pudding, chocolate, ready-to-eat"
249,"Pudding, chocolate, ready-to-eat, sugar free"
250,"Pudding, tapioca, ready-to-eat"
251,Banana pudding
252,Mousse
253,Dulce de leche
254,"Barfi or Burfi, Indian dessert"
255,Trifle
256,Tiramisu
257,White sauce or gravy
258,"Cheese, NFS"
259,"Cheese, Blue or Roquefort"
260,"Cheese, Brick"
261,"Cheese, Camembert"
262,"Cheese, Brie"
263,"Cheese, Cheddar"
264,"Cheese, Cheddar, reduced fat"
265,"Cheese, Cheddar, nonfat or fat free"
266,"Cheese, Colby"
267,"Cheese, Colby Jack"
268,"Cheese, Feta"
269,"Cheese, Fontina"
270,"Cheese, goat"
271,"Cheese, Gouda or Edam"
272,"Cheese, Gruyere"
273,"Cheese, Limburger"
274,"Cheese, Monterey, reduced fat"
275,"Cheese, Mozzarella, NFS"
276,"Cheese, Mozzarella, part skim"
277,"Cheese, Mozzarella, reduced sodium"
278,"Cheese, Mozzarella, nonfat or fat free"
279,"Cheese, Muenster"
280,"Cheese, Muenster, reduced fat"
281,"Cheese, Parmesan, dry grated"
282,"Cheese, Parmesan, dry grated, reduced fat"
283,"Cheese, Parmesan, hard"
284,"Cheese, Parmesan, dry grated, fat free"
285,"Cheese, Port du Salut"
286,"Cheese, Provolone"
287,"Cheese, Swiss"
288,"Cheese, Swiss, reduced sodium"
289,"Cheese, Swiss, reduced fat"
290,"Cheese, Cheddar, reduced sodium"
291,"Cheese, paneer"
292,"Cheese, Mexican blend, reduced fat"
293,"Queso Anejo, aged Mexican cheese"
294,Queso Asadero
295,Queso Fresco
296,Queso cotija
297,"Cheese, cottage, NFS"
298,"Cottage cheese, farmer's"
299,"Cheese, Ricotta"
300,"Cheese, cottage, with fruit"
301,"Cheese, cottage, dry curd"
302,"Cheese, cottage, salted, dry curd"
303,Puerto Rican white cheese
304,"Cheese, cottage, low fat"
305,"Cheese, cottage, lowfat, with fruit"
306,"Cheese, cottage, lowfat, low sodium"
307,"Cheese, cottage, lowfat, lactose reduced"
308,"Cream cheese, regular, plain"
309,"Cream cheese, regular, flavored"
310,"Cream cheese, light"
311,"Cheese, American and Swiss blends"
312,"Cheese, American"
313,"Cheese, American, reduced fat"
314,"Cheese, American, reduced sodium"
315,"Cream cheese, fat free"
316,"Cheese, processed cheese food"
317,"Cheese, processed, with vegetables"
318,"Cheese,  with wine"
319,"Cheese spread, American or Cheddar cheese base"
320,"Cheese spread, Swiss cheese base"
321,"Cheese spread, cream cheese"
322,"Cheese spread, pressurized can"
323,Imitation cheese
324,"Cheese, cottage cheese, with gelatin dessert"
325,"Cheese, cottage cheese, with gelatin dessert and fruit"
326,"Cheese, cottage cheese, with gelatin dessert and vegetables"
327,Cheese ball
328,Artichoke dip
329,Spinach and artichoke dip
330,Seafood dip
331,Cheese dip with chili pepper
332,Cheese dip
333,Topping from cheese pizza
334,Topping from vegetable pizza
335,Topping from meat pizza
336,Topping from meat and vegetable pizza
337,Cheese fondue
338,Cheese souffle
339,Welsh rarebit
340,"Cheese sandwich, NFS"
341,"Cheese sandwich, American cheese, on white bread"
342,"Cheese sandwich, American cheese, on wheat bread"
343,"Cheese sandwich, cheddar cheese, on white bread"
344,"Cheese sandwich, cheddar cheese, on wheat bread"
345,"Cheese sandwich, reduced fat cheese, on white bread"
346,"Cheese sandwich, reduced fat cheese, on wheat bread"
347,"Grilled cheese sandwich, NFS"
348,"Grilled cheese sandwich, American cheese, on white bread"
349,"Grilled cheese sandwich, American cheese, on wheat bread"
350,"Grilled cheese sandwich, cheddar cheese, on white bread"
351,"Grilled cheese sandwich, cheddar cheese, on wheat bread"
352,"Grilled cheese sandwich, reduced fat cheese, on white bread"
353,"Grilled cheese sandwich, reduced fat cheese, on wheat bread"
354,Cheese sauce
355,Alfredo sauce
356,Alfredo sauce with added vegetables
357,Alfredo sauce with meat
358,Alfredo sauce with meat and added vegetables
359,Alfredo sauce with poultry
360,Alfredo sauce with poultry and added vegetables
361,Alfredo sauce with seafood
362,Alfredo sauce with seafood and added vegetables
363,"Mozzarella sticks, breaded, baked, or fried"
364,"Mozzarella cheese, tomato, and basil, with oil and vinegar dressing"
365,"Meat, NFS"
366,"Meat, ground, NFS"
367,"Baby Toddler meat, NFS"
368,"Beef, NFS"
369,"Steak, NS as to type of meat, NS as to fat eaten"
370,"Beef, steak, NFS"
371,"Beef, steak, chuck"
372,"Beef, steak, cube"
373,"Beef, steak, flank"
374,"Beef, steak, ribeye, NS as to fat eaten"
375,"Beef, steak, ribeye, lean and fat eaten"
376,"Beef, steak, ribeye, lean only eaten"
377,"Beef, steak, round"
378,"Beef, steak, sirloin, NS as to fat eaten"
379,"Beef, steak, sirloin, lean and fat eaten"
380,"Beef, steak, sirloin, lean only eaten"
381,"Beef, steak, strip, NS as to fat eaten"
382,"Beef, steak, strip, lean and fat eaten"
383,"Beef, steak, strip, lean only eaten"
384,"Beef, steak, T-bone, NS as to fat eaten"
385,"Beef, steak, T-bone,  lean and fat eaten"
386,"Beef, steak, T-bone, lean only eaten"
387,"Beef, steak, tenderloin"
388,"Beef, steak, country fried"
389,"Beef, oxtails"
390,"Beef, neck bones"
391,"Beef, shortribs"
392,"Beef, cow head"
393,"Beef, roast"
394,"Beef, pot roast"
395,"Beef, stew meat"
396,"Beef, corned"
397,"Beef, brisket"
398,"Beef, sandwich steak"
399,"Beef, ground, raw"
400,"Beef, ground"
401,"Beef, ground, patty"
402,"Beef, bacon, cooked"
403,"Beef, bacon, reduced sodium, cooked"
404,"Beef, dried, chipped, uncooked"
405,"Beef, dried, chipped, cooked in fat"
406,Beef jerky
407,Baby Toddler beef
408,"Pork, NFS"
409,"Pork, ground"
410,"Pork, carnitas"
411,Pork jerky
412,"Pork, chop, NS as to fat eaten"
413,"Pork, chop, lean and fat eaten"
414,"Pork, chop, lean only eaten"
415,"Pork, chop, coated, NS as to fat eaten"
416,"Pork, chop, coated, lean and fat eaten"
417,"Pork, chop, coated, lean only eaten"
418,"Pork, chop, stuffed"
419,"Pork, steak, NS as to fat eaten"
420,"Pork, steak, lean and fat eaten"
421,"Pork, steak, lean only eaten"
422,"Pork, steak, coated"
423,"Pork, tenderloin"
424,Ham
425,"Ham, prosciutto"
426,"Ham, canned"
427,"Ham, ground"
428,"Pork, roast"
429,"Pork, roll"
430,"Canadian bacon, cooked"
431,"Bacon, NS as to type of meat, cooked"
432,"Bacon, NS as to type of meat, reduced sodium, cooked"
433,"Pork bacon, NS as to fresh, smoked or cured, cooked"
434,"Pork bacon, NS as to fresh, smoked or cured, reduced sodium, cooked"
435,"Pork bacon, smoked or cured, cooked"
436,"Bacon or side pork, fresh, cooked"
437,"Pork bacon, smoked or cured, reduced sodium, cooked"
438,"Fat back, cooked"
439,"Ribs, NFS"
440,"Pork, ribs"
441,"Pork, cracklings"
442,"Pork, ears"
443,"Pork, bones"
444,"Pork, pig's feet"
445,"Pork, pig's feet, pickled"
446,"Pork, ham hocks"
447,"Pork, belly"
448,Pork skin rinds
449,Baby Toddler ham
450,Baby Toddler meat stick
451,"Lamb, NS as to cut"
452,"Lamb, chop"
453,"Lamb, ground"
454,Goat
455,"Veal, chop"
456,"Veal, ground"
457,Mock chicken legs
458,Rabbit
459,"Venison, NFS"
460,"Venison, steak"
461,Venison/deer jerky
462,Venison sausage
463,Moose
464,Bear
465,Caribou
466,Bison
467,Groundhog
468,Opossum
469,Squirrel
470,Beaver
471,Raccoon
472,Armadillo
473,Wild pig
474,Ostrich
475,"Chicken, NS as to part and cooking method, NS as to skin eaten"
476,"Chicken, NS as to part and cooking method, skin eaten"
477,"Chicken, NS as to part and cooking method, skin not eaten"
478,"Chicken, NS as to part, baked, broiled, or roasted, NS as to skin eaten"
479,"Chicken, NS as to part, baked, broiled, or roasted, skin eaten"
480,"Chicken, NS as to part, baked, broiled, or roasted, skin not eaten"
481,"Chicken, NS as to part, rotisserie, NS as to skin eaten"
482,"Chicken, NS as to part, rotisserie, skin eaten"
483,"Chicken, NS as to part, rotisserie, skin not eaten"
484,"Chicken, NS as to part, stewed, NS as to skin eaten"
485,"Chicken, NS as to part, stewed, skin eaten"
486,"Chicken, NS as to part, stewed, skin not eaten"
487,"Chicken, NS as to part, grilled without sauce, NS as to skin eaten"
488,"Chicken, NS as to part, grilled without sauce, skin eaten"
489,"Chicken, NS as to part, grilled without sauce, skin not eaten"
490,"Chicken, NS as to part, grilled with sauce, NS as to skin eaten"
491,"Chicken, NS as to part, grilled with sauce, skin eaten"
492,"Chicken, NS as to part, grilled with sauce, skin not eaten"
493,"Chicken, NS as to part, sauteed, skin eaten"
494,"Chicken, NS as to part, sauteed, skin not eaten"
495,"Chicken, NS as to part, fried, coated, skin / coating eaten"
496,"Chicken, NS as to part, fried, coated, skin / coating not eaten"
497,"Chicken, NS as to part, baked, coated, skin / coating eaten"
498,"Chicken, NS as to part, baked, coated, skin / coating not eaten"
499,"Chicken breast, NS as to cooking method, skin eaten"
500,"Chicken breast, NS as to cooking method, skin not eaten"
501,"Chicken breast, baked, broiled, or roasted, skin eaten, from raw"
502,"Chicken breast, baked, broiled, or roasted, skin not eaten, from raw"
503,"Chicken breast, baked or broiled, skin eaten, from pre-cooked"
504,"Chicken breast, baked or broiled, skin not eaten, from pre-cooked"
505,"Chicken breast, baked or broiled, skin eaten, from fast food / restaurant"
506,"Chicken breast, baked or broiled, skin not eaten, from fast food / restaurant"
507,"Chicken breast, baked, broiled, or roasted with marinade, skin eaten, from raw"
508,"Chicken breast, baked, broiled, or roasted with marinade, skin not eaten, from raw"
509,"Chicken breast, rotisserie, skin eaten"
510,"Chicken breast, rotisserie, skin not eaten"
511,"Chicken breast, stewed, skin eaten"
512,"Chicken breast, stewed, skin not eaten"
513,"Chicken breast, grilled without sauce, skin eaten"
514,"Chicken breast, grilled without sauce, skin not eaten"
515,"Chicken breast, grilled with sauce, skin eaten"
516,"Chicken breast, grilled with sauce, skin not eaten"
517,"Chicken breast, sauteed, skin eaten"
518,"Chicken breast, sauteed, skin not eaten"
519,"Chicken breast, fried, coated, skin / coating eaten, from raw"
520,"Chicken breast, fried, coated, skin / coating not eaten, from raw"
521,"Chicken breast, fried, coated, prepared skinless, coating eaten, from raw"
522,"Chicken breast, fried, coated, skin / coating eaten, from pre-cooked"
523,"Chicken breast, fried, coated, skin / coating not eaten, from pre-cooked"
524,"Chicken breast, fried, coated, skin / coating eaten, from fast food / restaurant"
525,"Chicken breast, fried, coated, skin / coating not eaten, from fast food / restaurant"
526,"Chicken breast, baked, coated, skin / coating eaten"
527,"Chicken breast, baked, coated, skin / coating not eaten"
528,"Chicken leg, drumstick and thigh, NS as to cooking method, skin eaten"
529,"Chicken leg, drumstick and thigh, NS as to cooking method, skin not eaten"
530,"Chicken leg, drumstick and thigh, baked or broiled, skin eaten"
531,"Chicken leg, drumstick and thigh, baked or broiled, skin not eaten"
532,"Chicken leg, drumstick and thigh, rotisserie, skin eaten"
533,"Chicken leg, drumstick and thigh, rotisserie, skin not eaten"
534,"Chicken leg, drumstick and thigh, stewed, skin eaten"
535,"Chicken leg, drumstick and thigh, stewed, skin not eaten"
536,"Chicken leg, drumstick and thigh, grilled without sauce, skin eaten"
537,"Chicken leg, drumstick and thigh, grilled without sauce, skin not eaten"
538,"Chicken leg, drumstick and thigh, grilled with sauce, skin eaten"
539,"Chicken leg, drumstick and thigh, grilled with sauce, skin not eaten"
540,"Chicken leg, drumstick and thigh, sauteed, skin eaten"
541,"Chicken leg, drumstick and thigh, sauteed, skin not eaten"
542,"Chicken leg, drumstick and thigh, fried, coated, skin / coating eaten"
543,"Chicken leg, drumstick and thigh, fried, coated, skin / coating not eaten"
544,"Chicken leg, drumstick and thigh, baked, coated, skin / coating eaten"
545,"Chicken leg, drumstick and thigh, baked, coated, skin / coating not eaten"
546,"Chicken drumstick, NS as to cooking method, skin eaten"
547,"Chicken drumstick, NS as to cooking method, skin not eaten"
548,"Chicken drumstick, baked, broiled, or roasted, skin eaten, from raw"
549,"Chicken drumstick, baked, broiled, or roasted, skin not eaten, from raw"
550,"Chicken drumstick, baked or broiled, skin eaten, from pre-cooked"
551,"Chicken drumstick, baked or broiled, skin not eaten, from pre-cooked"
552,"Chicken drumstick, baked or broiled, skin eaten, from fast food / restaurant"
553,"Chicken drumstick, baked or broiled, skin not eaten, from fast food / restaurant"
554,"Chicken drumstick, rotisserie, skin eaten"
555,"Chicken drumstick, rotisserie, skin not eaten"
556,"Chicken drumstick, grilled without sauce, skin eaten"
557,"Chicken drumstick, grilled without sauce, skin not eaten"
558,"Chicken drumstick, grilled with sauce, skin eaten"
559,"Chicken drumstick, grilled with sauce, skin not eaten"
560,"Chicken drumstick, stewed, skin eaten"
561,"Chicken drumstick, stewed, skin not eaten"
562,"Chicken drumstick, sauteed, skin eaten"
563,"Chicken drumstick, sauteed, skin not eaten"
564,"Chicken drumstick, fried, coated, skin / coating eaten, from raw"
565,"Chicken drumstick, fried, coated, skin / coating not eaten, from raw"
566,"Chicken drumstick, fried, coated, prepared skinless, coating eaten, from raw"
567,"Chicken drumstick, fried, coated, skin / coating eaten, from pre-cooked"
568,"Chicken drumstick, fried, coated, skin / coating not eaten, from pre-cooked"
569,"Chicken drumstick, fried, coated, skin / coating eaten, from fast food / restaurant"
570,"Chicken drumstick, fried, coated, skin / coating not eaten, from fast food / restaurant"
571,"Chicken drumstick, baked, coated, skin / coating eaten"
572,"Chicken drumstick, baked, coated, skin / coating not eaten"
573,"Chicken thigh, NS as to cooking method, skin eaten"
574,"Chicken thigh, NS as to cooking method, skin not eaten"
575,"Chicken thigh, baked, broiled, or roasted, skin eaten, from raw"
576,"Chicken thigh, baked, broiled, or roasted, skin not eaten, from raw"
577,"Chicken thigh, baked or broiled, skin eaten, from pre-cooked"
578,"Chicken thigh, baked or broiled, skin not eaten, from pre-cooked"
579,"Chicken thigh, baked or broiled, skin eaten, from fast food / restaurant"
580,"Chicken thigh, baked or broiled, skin not eaten, from fast food / restaurant"
581,"Chicken thigh, rotisserie, skin eaten"
582,"Chicken thigh, rotisserie, skin not eaten"
583,"Chicken thigh, stewed, skin eaten"
584,"Chicken thigh, stewed, skin not eaten"
585,"Chicken thigh, grilled without sauce, skin eaten"
586,"Chicken thigh, grilled without sauce, skin not eaten"
587,"Chicken thigh, grilled with sauce, skin eaten"
588,"Chicken thigh, grilled with sauce, skin not eaten"
589,"Chicken thigh, sauteed, skin eaten"
590,"Chicken thigh, sauteed, skin not eaten"
591,"Chicken thigh, fried, coated, skin / coating eaten, from raw"
592,"Chicken thigh, fried, coated, skin / coating not eaten, from raw"
593,"Chicken thigh, fried, coated, prepared skinless, coating eaten, from raw"
594,"Chicken thigh, fried, coated, skin / coating eaten, from pre-cooked"
595,"Chicken thigh, fried, coated, skin / coating not eaten, from pre-cooked"
596,"Chicken thigh, fried, coated, skin / coating eaten, from fast food"
597,"Chicken thigh, fried, coated, skin / coating not eaten, from fast food"
598,"Chicken thigh, fried, coated, skin / coating eaten, from restaurant"
599,"Chicken thigh, fried, coated, skin / coating not eaten, from restaurant"
600,"Chicken thigh, baked, coated, skin / coating eaten"
601,"Chicken thigh, baked, coated, skin / coating not eaten"
602,"Chicken wing, NS as to cooking method"
603,"Chicken wing, baked, broiled, or roasted, from raw"
604,"Chicken wing, baked or broiled, from pre-cooked"
605,"Chicken wing, baked or broiled, from fast food / restaurant"
606,"Chicken wing, rotisserie"
607,"Chicken wing, stewed"
608,"Chicken wing, grilled without sauce"
609,"Chicken wing, grilled with sauce"
610,"Chicken wing, sauteed"
611,"Chicken wing, fried, coated, from raw"
612,"Chicken wing, fried, coated, from pre-cooked"
613,"Chicken wing, fried, coated, from fast food"
614,"Chicken wing, fried, coated, from restaurant"
615,"Chicken wing, baked, coated"
616,"Chicken ""wings"" with hot sauce, from fast food / restaurant"
617,"Chicken ""wings"" with other sauces or seasoning, from fast food / restaurant"
618,"Chicken ""wings"", plain, from fast food / restaurant"
619,"Chicken ""wings"" with hot sauce, from precooked"
620,"Chicken ""wings"" with other sauces or seasoning, from precooked"
621,"Chicken ""wings"", plain, from precooked"
622,"Chicken ""wings"" with hot sauce, from other sources"
623,"Chicken ""wings"" with other sauces or seasoning, from other sources"
624,"Chicken ""wings"", plain, from other sources"
625,"Chicken ""wings"", boneless, with hot sauce, from fast food / restaurant"
626,"Chicken ""wings"", boneless, with hot sauce, from other sources"
627,"Chicken, back"
628,"Chicken, neck or ribs"
629,"Chicken, tail"
630,Chicken skin
631,Chicken feet
632,"Chicken, canned, meat only"
633,"Chicken, chicken roll, roasted"
634,"Chicken patty, breaded"
635,"Chicken fillet, breaded"
636,"Chicken fillet, grilled"
637,"Chicken, ground"
638,"Chicken nuggets, NFS"
639,"Chicken nuggets, from fast food"
640,"Chicken nuggets, from restaurant"
641,"Chicken nuggets, from school lunch"
642,"Chicken nuggets, from frozen"
643,"Chicken nuggets, from other sources"
644,"Chicken tenders or strips, NFS"
645,"Chicken tenders or strips, breaded, from fast food"
646,"Chicken tenders or strips, breaded, from restaurant"
647,"Chicken tenders or strips, breaded, from school lunch"
648,"Chicken tenders or strips, breaded, from frozen"
649,"Chicken tenders or strips, breaded, from other sources"
650,"Turkey, NFS"
651,"Turkey, light meat, skin not eaten"
652,"Turkey, light meat, skin eaten"
653,"Turkey, light meat, breaded, baked or fried, skin not eaten"
654,"Turkey, light meat, breaded, baked or fried, skin eaten"
655,"Turkey, light meat, roasted, skin not eaten"
656,"Turkey, light meat, roasted, skin eaten"
657,"Turkey, dark meat, roasted, skin not eaten"
658,"Turkey, dark meat, roasted, skin eaten"
659,"Turkey, light and dark meat, roasted, skin not eaten"
660,"Turkey, light and dark meat, roasted, skin eaten"
661,"Turkey, light or dark meat, fried, coated, skin not eaten"
662,"Turkey, light or dark meat, fried, coated, skin eaten"
663,"Turkey, light or dark meat, stewed, skin not eaten"
664,"Turkey light or dark meat, stewed, skin eaten"
665,"Turkey, light or dark meat, smoked, skin eaten"
666,"Turkey, light or dark meat, smoked, skin not eaten"
667,"Turkey, drumstick, cooked, skin not eaten"
668,"Turkey, drumstick, cooked, skin eaten"
669,"Turkey, drumstick, roasted, skin not eaten"
670,"Turkey, drumstick, roasted, skin eaten"
671,"Turkey, thigh, cooked, skin eaten"
672,"Turkey, thigh, cooked, skin not eaten"
673,"Turkey, neck"
674,"Turkey, wing, cooked, skin not eaten"
675,"Turkey, wing, cooked, skin eaten"
676,"Turkey, tail"
677,"Turkey, back"
678,"Turkey, canned"
679,"Turkey, ground"
680,"Turkey, nuggets"
681,"Turkey bacon, cooked"
682,"Turkey bacon, reduced sodium, cooked"
683,"Duck, cooked, skin eaten"
684,"Duck, cooked, skin not eaten"
685,"Duck, roasted, skin eaten"
686,"Duck, roasted, skin not eaten"
687,"Duck, Peking"
688,"Goose, wild, roasted"
689,"Cornish game hen, cooked, skin eaten"
690,"Cornish game hen, cooked, skin not eaten"
691,"Cornish game hen, roasted, skin eaten"
692,"Cornish game hen, roasted, skin not eaten"
693,"Dove, cooked, NS as to cooking method"
694,"Dove, fried"
695,"Quail, cooked"
696,"Pheasant, cooked"
697,Baby Toddler chicken
698,Baby Toddler turkey
699,"Liver, beef"
700,"Liver, chicken"
701,"Liver, paste or pate"
702,Heart
703,Kidney
704,Sweetbreads
705,Brains
706,Tongue
707,"Tongue pot roast, Puerto Rican style"
708,Tripe
709,Chitterlings
710,Hog maws
711,Gizzard
712,"Hot dog, NFS"
713,"Hot dog, beef"
714,"Hot dog, meat and poultry"
715,"Hot dog, reduced fat"
716,"Hot dog, turkey"
717,Beef sausage
718,Beef sausage with cheese
719,Bratwurst
720,"Bratwurst, with cheese"
721,Bologna
722,"Bologna, reduced fat"
723,"Bologna, reduced sodium"
724,Chorizo
725,Head cheese
726,Knockwurst
727,Mortadella
728,"Pastrami, NFS"
729,"Pastrami, made from any kind of meat, reduced fat"
730,"Pepperoni, NFS"
731,"Pepperoni, reduced fat"
732,"Pepperoni, reduced sodium"
733,Polish sausage
734,Italian sausage
735,"Sausage, NFS"
736,Pork sausage
737,"Pork sausage, reduced fat"
738,"Pork sausage, reduced sodium"
739,Pork and beef sausage
740,"Salami, NFS"
741,"Salami, made from any type of meat, reduced fat"
742,"Salami, made from any type of meat, reduced sodium"
743,"Scrapple, cooked"
744,Thuringer
745,Turkey or chicken sausage
746,"Turkey or chicken sausage, reduced sodium"
747,Turkey or chicken and pork sausage
748,"Vienna sausage, canned"
749,Pickled sausage
750,"Luncheon meat, NFS"
751,"Ham, prepackaged or deli, luncheon meat"
752,"Ham, prepackaged or deli, luncheon meat, reduced sodium"
753,"Chicken, prepackaged or deli, luncheon meat"
754,"Chicken, prepackaged or deli, luncheon meat, reduced sodium"
755,"Ham luncheon meat, loaf type"
756,Liverwurst
757,"Luncheon meat, loaf type"
758,"Turkey, prepackaged or deli, luncheon meat"
759,"Turkey, prepackaged or deli, luncheon meat, reduced sodium"
760,"Turkey ham, prepackaged or deli, luncheon meat"
761,"Beef, prepackaged or deli, luncheon meat"
762,"Beef, prepackaged or deli, luncheon meat, reduced sodium"
763,"Meat spread or potted meat, NFS"
764,Chicken salad spread
765,"Fish, raw"
766,"Fish, NFS"
767,"Fish, NS as to type, baked or broiled"
768,"Fish, NS as to type, baked or broiled, coated"
769,"Fish, NS as to type, fried"
770,"Fish, NS as to type, steamed"
771,"Fish, canned"
772,"Fish, smoked"
773,"Fish, stick"
774,"Fish, anchovy"
775,"Fish, carp"
776,"Fish, catfish, NFS"
777,"Fish, catfish, baked or broiled"
778,"Fish, catfish, grilled"
779,"Fish, catfish, baked or broiled, coated"
780,"Fish, catfish, fried"
781,"Fish, catfish, steamed"
782,"Fish, cod, NFS"
783,"Fish, cod, baked or broiled"
784,"Fish, cod, grilled"
785,"Fish, cod, baked or broiled, coated"
786,"Fish, cod, fried"
787,"Fish, cod, steamed"
788,"Fish, croaker"
789,"Fish, eel"
790,"Fish, flounder, NFS"
791,"Fish, flounder, baked or broiled"
792,"Fish, flounder, grilled"
793,"Fish, flounder, baked or broiled, coated"
794,"Fish, flounder, fried"
795,"Fish, flounder, steamed"
796,"Fish, haddock, NFS"
797,"Fish, haddock, baked or broiled"
798,"Fish, haddock, grilled"
799,"Fish, haddock, baked or broiled, coated"
800,"Fish, haddock, fried"
801,"Fish, haddock, steamed"
802,"Fish, halibut"
803,"Fish, herring"
804,"Fish, pickled"
805,"Fish, mackerel, NFS"
806,"Fish, mackerel, baked or broiled"
807,"Fish, mackerel, grilled"
808,"Fish, mackerel, baked or broiled, coated"
809,"Fish, mackerel, fried"
810,"Fish, mackerel, canned"
811,"Fish, mullet"
812,"Fish, perch, NFS"
813,"Fish, perch, baked or broiled"
814,"Fish, perch, grilled"
815,"Fish, perch, baked or broiled, coated"
816,"Fish, perch, fried"
817,"Fish, perch, steamed"
818,"Fish, pike"
819,"Fish, pompano, NFS"
820,"Fish, pompano, baked or broiled"
821,"Fish, pompano, grilled"
822,"Fish, pompano, baked or broiled, coated"
823,"Fish, pompano, fried"
824,"Fish, pompano, steamed"
825,"Fish, snapper"
826,"Fish, salmon, raw"
827,"Fish, salmon, NFS"
828,"Fish, salmon, baked or broiled"
829,"Fish, salmon, grilled"
830,"Fish, salmon, baked or broiled, coated"
831,"Fish, salmon, fried"
832,"Fish, salmon, steamed"
833,"Fish, salmon, canned"
834,"Fish, salmon, smoked"
835,"Fish, sardines, canned"
836,"Fish, bass, NFS"
837,"Fish, bass, baked or broiled"
838,"Fish, bass, grilled"
839,"Fish, bass, baked or broiled, coated"
840,"Fish, bass, fried"
841,"Fish, bass, steamed"
842,"Fish, shark"
843,"Fish, swordfish"
844,"Fish, trout, NFS"
845,"Fish, trout, baked or broiled"
846,"Fish, trout, grilled"
847,"Fish, trout, baked or broiled, coated"
848,"Fish, trout, fried"
849,"Fish, trout, steamed"
850,"Fish, tuna, raw"
851,"Fish, tuna, NFS"
852,"Fish, tuna, cooked"
853,"Fish, tuna, canned"
854,"Fish, whiting, NFS"
855,"Fish, whiting, baked or broiled"
856,"Fish, whiting, grilled"
857,"Fish, whiting, baked or broiled, coated"
858,"Fish, whiting, fried"
859,"Fish, whiting, steamed"
860,"Fish, tilapia, NFS"
861,"Fish, tilapia, baked or broiled"
862,"Fish, tilapia, grilled"
863,"Fish, tilapia, baked or broiled, coated"
864,"Fish, tilapia, fried"
865,"Fish, tilapia, steamed"
866,"Fish, white, mixed species, NFS"
867,"Fish, white, mixed species, baked or broiled"
868,"Fish, white, mixed species, baked or broiled, coated"
869,"Fish, white, mixed species, fried"
870,"Fish, white, mixed species, steamed"
871,"Fish, white, mixed species, grilled"
872,Frog legs
873,Octopus
874,Caviar
875,"Calamari, cooked"
876,"Calamari, fried"
877,Turtle
878,"Shellfish, NFS"
879,Abalone
880,"Clams, raw"
881,"Clams, NFS"
882,"Clams, baked or broiled"
883,"Clams, fried"
884,"Clams, steamed or boiled"
885,"Clams, canned"
886,Crab
887,"Crab, canned"
888,"Crab, soft shell"
889,"Crayfish, fried"
890,"Crayfish, cooked"
891,Lobster
892,Mussels
893,"Oysters, raw"
894,"Oysters, baked or broiled"
895,"Oysters, steamed"
896,"Oysters, fried"
897,"Oysters, canned"
898,"Scallops, baked or broiled"
899,"Scallops, grilled"
900,"Scallops, steamed or boiled"
901,"Scallops, fried"
902,"Shrimp, NFS"
903,"Shrimp, baked or broiled"
904,"Shrimp, grilled"
905,"Shrimp, steamed or boiled"
906,"Shrimp, fried"
907,"Shrimp, baked or broiled, coated"
908,"Shrimp, dried"
909,"Shrimp, canned"
910,Escargot
911,"Barbecue meat, NFS"
912,Beef with tomato-based sauce
913,Beef burgundy
914,"Guisada, beef"
915,"Chili, NFS"
916,"Chili with meat, from restaurant"
917,Chili with meat and beans
918,"Chili with meat, canned"
919,Chili with meat
920,"Sloppy joe, no bun"
921,Beef with gravy
922,Salisbury steak with gravy
923,Beef with cream or white sauce
924,Beef stroganoff
925,Creamed chipped or dried beef
926,Swedish meatballs with cream or white sauce
927,Beef with mushroom sauce
928,Beef with soy-based sauce
929,Steak teriyaki
930,Beef curry
931,Beef curry with rice
932,"Barbecue beef, with sauce"
933,"Barbecue beef, no sauce"
934,Beef with sweet and sour sauce
935,"Stewed seasoned ground beef, Mexican style"
936,Steak tartare
937,"Meatballs, Puerto Rican style"
938,"Stewed seasoned ground beef, Puerto Rican style"
939,"Stewed dried beef, Puerto Rican style"
940,Ham or pork with gravy
941,"Barbecue pork, with sauce"
942,"Barbecue pork, no sauce"
943,Sweet and sour pork
944,Ham stroganoff
945,Ham or pork with mushroom sauce
946,Ham or pork with tomato-based sauce
947,Sausage with tomato-based sauce
948,Sausage gravy
949,"Guisada, pork"
950,Pork or ham with soy-based sauce
951,"Chili hot dog, no bun"
952,Frankfurters or hot dogs with tomato-based sauce
953,Pork with chili and tomatoes
954,"Stewed pork, Puerto Rican style"
955,Lamb or mutton with gravy
956,"Stewed goat, Puerto Rican style"
957,Veal scallopini
958,Veal Marsala
959,Veal parmigiana
960,Veal cordon bleu
961,Venison or deer with tomato-based sauce
962,Venison or deer with gravy
963,Chicken or turkey cacciatore
964,Spaghetti sauce with poultry
965,Spaghetti sauce with poultry and added vegetables
966,"Stewed chicken with tomato-based sauce, Mexican style"
967,Chili with chicken and beans
968,Chili with chicken
969,"Chili, white"
970,Chicken with gravy
971,Chicken or turkey fricassee
972,Turkey with gravy
973,Chicken or turkey with cream sauce
974,Chicken or turkey with mushroom sauce
975,Chicken or turkey with teriyaki
976,Barbecue chicken
977,Sweet and sour chicken or turkey
978,"Sweet and sour chicken or turkey, without vegetables"
979,Chicken curry
980,Chicken curry with rice
981,Chicken with mole sauce
982,Chicken or turkey with cheese sauce
983,Chicken or turkey cordon bleu
984,Chicken or turkey parmigiana
985,Orange chicken
986,Sesame chicken
987,Chicken kiev
988,"Stuffed chicken, drumstick or breast, Puerto Rican style"
989,"Fish with cream or white sauce, not tuna or lobster"
990,Fish timbale or mousse
991,Shrimp cocktail
992,Tuna with cream or white sauce
993,Seafood thermidor
994,Seafood sauce
995,Spaghetti sauce with seafood
996,Spaghetti sauce with seafood and added vegetables
997,Shrimp with lobster sauce
998,Sweet and sour shrimp
999,Fish sauce
1000,Shrimp scampi
1001,Fish with tomato-based sauce
1002,Fish curry
1003,Fish curry with rice
1004,Shrimp teriyaki
1005,Ceviche
1006,"Crabs in tomato-based sauce, Puerto Rican style"
1007,"Shrimp in garlic sauce, Puerto Rican style"
1008,"Stew, fish"
1009,"Meatballs, NS as to type of meat, with sauce"
1010,"Meat loaf, Puerto Rican style"
1011,Meat with tomato-based sauce
1012,Spaghetti sauce with meat
1013,Spaghetti sauce with meat and added vegetables
1014,"Stewed, seasoned, ground beef and pork, Mexican style"
1015,"Meat with gravy, NS as to type of meat,"
1016,"Beef and potatoes, no sauce"
1017,"Beef and potatoes with cream sauce, white sauce or mushroom sauce"
1018,"Beef, roast, hash"
1019,Corned beef hash
1020,Beef and potatoes with cheese sauce
1021,"Stewed, seasoned, ground beef with potatoes, Mexican style"
1022,"Beef and noodles, no sauce"
1023,Beef and macaroni with cheese sauce
1024,Beef and noodles with tomato-based sauce
1025,Chili with macaroni
1026,Beef and noodles with gravy
1027,Beef and noodles with cream or white sauce
1028,Beef stroganoff with noodles
1029,Beef and noodles with mushroom sauce
1030,Beef and noodles with soy-based sauce
1031,"Beef and rice, no sauce"
1032,Biryani with meat
1033,Beef and rice with tomato-based sauce
1034,Porcupine balls with tomato-based sauce
1035,Beef and rice with gravy
1036,Beef and rice with cream sauce
1037,Beef and rice with mushroom sauce
1038,Porcupine balls with mushroom sauce
1039,Beef and rice with soy-based sauce
1040,Beef and rice with cheese sauce
1041,Meat loaf made with beef
1042,"Meat loaf made with beef, with tomato-based sauce"
1043,Beef wellington
1044,Corned beef patty
1045,"Beef stew with potatoes, Puerto Rican style"
1046,Meat loaf made with ham
1047,Ham and noodles with cream or white sauce
1048,Ham and rice with mushroom sauce
1049,Ham or pork with stuffing
1050,Ham croquette
1051,Pork and rice with tomato-based sauce
1052,Sausage and rice with tomato-based sauce
1053,Sausage and rice with mushroom sauce
1054,Sausage and rice with cheese sauce
1055,Sausage and noodles with cream or white sauce
1056,"Ham and noodles, no sauce"
1057,"Ham or pork and rice, no sauce"
1058,Ham or pork and potatoes with gravy
1059,Ham or pork and potatoes with cheese sauce
1060,"Stewed pig's feet, Puerto Rican style"
1061,"Stew, pork"
1062,"Stew, pork, with pasta"
1063,Lamb or mutton loaf
1064,Lamb or mutton and potatoes with gravy
1065,Lamb or mutton and potatoes with tomato-based sauce
1066,Lamb or mutton and noodles with gravy
1067,Meat loaf made with venison/deer
1068,Venison or deer and noodles with cream or white sauce
1069,Chicken or turkey hash
1070,Chicken or turkey and potatoes with gravy
1071,"Chicken or turkey and noodles, no sauce"
1072,Chicken or turkey and noodles with gravy
1073,Chicken or turkey and noodles with mushroom sauce
1074,Chicken or turkey and noodles with cream or white sauce
1075,Chicken or turkey and noodles with cheese sauce
1076,Chicken or turkey tetrazzini
1077,Chicken or turkey and noodles with tomato-based sauce
1078,Chicken or turkey and noodles with soy-based sauce
1079,"Chicken or turkey and rice, no sauce"
1080,Biryani with chicken
1081,Chicken or turkey and rice with cream sauce
1082,Chicken or turkey and rice with mushroom sauce
1083,Chicken or turkey and rice with tomato-based sauce
1084,Chicken or turkey and rice with soy-based sauce
1085,Chicken or turkey with dumplings
1086,Chicken or turkey with stuffing
1087,"Chicken or turkey cake, patty, or croquette"
1088,Chicken or turkey souffle
1089,Meat loaf made with chicken or turkey
1090,"Meat loaf made with chicken or turkey, with tomato-based sauce"
1091,"Crab, cake"
1092,"Fish, cake or patty"
1093,Gefilte fish
1094,"Fish, salmon cake or patty"
1095,"Shrimp and noodles, no sauce"
1096,Shrimp and noodles with gravy
1097,Shrimp and noodles with mushroom sauce
1098,Shrimp and noodles with cream or white sauce
1099,Shrimp and noodles with soy-based sauce
1100,Shrimp and noodles with cheese sauce
1101,Shrimp and noodles with tomato sauce
1102,Tuna cake or patty
1103,Clam cake or patty
1104,Flounder with crab stuffing
1105,"Lobster with bread stuffing, baked"
1106,Clams Casino
1107,"Shrimp, cake or patty"
1108,Shrimp with crab stuffing
1109,Shrimp toast
1110,Imitation crab meat
1111,Seafood souffle
1112,Tuna noodle casserole with cream or white sauce
1113,Tuna noodle casserole with mushroom sauce
1114,Tuna and rice with mushroom sauce
1115,Fish and rice with tomato-based sauce
1116,Fish and rice with cream sauce
1117,Fish and rice with mushroom sauce
1118,Fish and noodles with mushroom sauce
1119,Shellfish and noodles with tomato-based sauce
1120,"Stewed salmon, Puerto Rican style"
1121,"Meat loaf, NS as to type of meat"
1122,"Meatballs, with breading, NS as to type of meat, with gravy"
1123,Meat loaf made with beef and pork
1124,"Meat loaf made with beef, veal and pork"
1125,"Meat loaf made with beef and pork, with tomato-based sauce"
1126,"Hash, NS as to type of meat"
1127,"Vienna sausages stewed with potatoes, Puerto Rican style"
1128,"Stewed, seasoned, ground beef and pork with potatoes, Mexican style"
1129,"Beef, potatoes, and vegetables including carrots, broccoli, and/or dark-green leafy; no sauce"
1130,"Beef, potatoes, and vegetables, excluding carrots, broccoli, and dark-green leafy; no sauce"
1131,"Corned beef, potatoes, and vegetables including carrots, broccoli, and/or dark-green leafy; no sauce"
1132,"Corned beef, potatoes, and vegetables excluding carrots, broccoli, and dark-green leafy; no sauce"
1133,"Stew, beef, canned"
1134,"Stew, beef"
1135,"Stew, beef, with pasta"
1136,Shepherd's pie
1137,"Beef, potatoes, and vegetables including carrots, broccoli, and/or dark-green leafy; gravy"
1138,"Beef, potatoes, and vegetables excluding carrots, broccoli, and dark-green leafy; gravy"
1139,"Beef, potatoes, and vegetables including carrots, broccoli, and/or dark-green leafy; cream sauce, white sauce, or mushroom sauce"
1140,"Beef, potatoes, and vegetables excluding carrots, broccoli, and dark-green leafy; cream sauce, white sauce, or mushroom sauce"
1141,"Beef, potatoes, and vegetables including carrots, broccoli, and/or dark-green leafy; tomato-based sauce"
1142,"Beef, potatoes, and vegetables excluding carrots, broccoli, and dark-green leafy; tomato-based sauce"
1143,"Beef, potatoes, and vegetables including carrots, broccoli, and/or dark-green leafy; cheese sauce"
1144,"Beef, potatoes, and vegetables excluding carrots, broccoli, and dark-green leafy; cheese sauce"
1145,"Beef, potatoes, and vegetables including carrots, broccoli, and/or dark-green leafy; soy-based sauce"
1146,"Beef, potatoes, and vegetables excluding carrots, broccoli, and dark-green leafy; soy-based sauce"
1147,"Beef, noodles, and vegetables including carrots, broccoli, and/or dark-green leafy; no sauce"
1148,"Beef, noodles, and vegetables excluding carrots, broccoli, and dark-green leafy; no sauce"
1149,Beef chow mein or chop suey with noodles
1150,"Beef, noodles, and vegetables including carrots, broccoli, and/or dark-green leafy; soy-based sauce"
1151,"Beef, noodles, and vegetables excluding carrots, broccoli, and dark-green leafy; soy-based sauce"
1152,"Beef, noodles, and vegetables including carrots, broccoli, and/or dark-green leafy; tomato-based sauce"
1153,"Beef, noodles, and vegetables excluding carrots, broccoli, and dark-green leafy; tomato-based sauce"
1154,"Beef, noodles, and vegetables including carrots, broccoli, and/or dark-green leafy; mushroom sauce"
1155,"Beef, noodles, and vegetables excluding carrots, broccoli, and dark-green leafy; mushroom sauce"
1156,"Beef, noodles, and vegetables including carrots, broccoli, and/or dark-green leafy; gravy"
1157,"Beef, noodles, and vegetables excluding carrots, broccoli, and dark-green leafy; gravy"
1158,"Beef, rice, and vegetables including carrots, broccoli, and/or dark-green leafy; no sauce"
1159,"Beef, rice, and vegetables excluding carrots, broccoli, and dark-green leafy; no sauce"
1160,"Beef, rice, and vegetables including carrots, broccoli, and/or dark-green leafy; tomato-based sauce"
1161,"Beef, rice, and vegetables excluding carrots, broccoli, and/or dark-green leafy; tomato-based sauce"
1162,Stuffed cabbage rolls with beef and rice
1163,Stuffed grape leaves with beef and rice
1164,"Beef, rice, and vegetables including carrots, broccoli, and/or dark-green leafy; mushroom sauce"
1165,"Beef, rice, and vegetables excluding carrots, broccoli, and dark-green leafy; mushroom sauce"
1166,"Beef, rice, and vegetables including carrots, broccoli, and/or dark-green leafy; cheese sauce"
1167,"Beef, rice, and vegetables excluding carrots, broccoli, and dark-green leafy; cheese sauce"
1168,"Beef, rice, and vegetables including carrots, broccoli, and/or dark-green leafy; gravy"
1169,"Beef, rice, and vegetables excluding carrots, broccoli, and dark-green leafy; gravy"
1170,"Beef, rice, and vegetables including carrots, broccoli, and/or dark-green leafy; soy-based sauce"
1171,"Beef, rice, and vegetables excluding carrots, broccoli, and dark-green leafy; soy-based sauce"
1172,"Pot pie, beef"
1173,"Beef, dumplings, and vegetables including carrots, broccoli, and/or dark-green leafy; gravy"
1174,"Beef, dumplings, and vegetables excluding carrots, broccoli, and dark-green leafy; gravy"
1175,"Stuffed green pepper, Puerto Rican style"
1176,"Ham or pork, noodles and vegetables excluding carrots, broccoli, and dark-green leafy; no sauce"
1177,"Ham or pork, noodles, and vegetables including carrots, broccoli, and/or dark-green leafy; no sauce"
1178,"Ham or pork, noodles and vegetables excluding carrots, broccoli, and dark-green leafy; cheese sauce"
1179,"Pork, potatoes, and vegetables including carrots, broccoli, and/or dark-green leafy; no sauce"
1180,"Ham or pork, noodles, and vegetables including carrots, broccoli, and/or dark-green leafy; tomato-based sauce"
1181,"Sausage, noodles, and vegetables excluding carrots, broccoli, and dark-green leafy; tomato-based sauce"
1182,"Sausage, noodles, and vegetables including carrots, broccoli, and/or dark-green leafy; tomato-based sauce"
1183,"Pork, potatoes, and vegetables including carrots, broccoli, and/or dark-green leafy; tomato-based sauce"
1184,"Pork, potatoes, and vegetables excluding carrots, broccoli, and dark-green leafy; tomato-based sauce"
1185,"Sausage, potatoes, and vegetables including carrots, broccoli, and/or dark-green leafy; gravy"
1186,"Sausage, potatoes, and vegetables excluding carrots, broccoli, and dark-green leafy; gravy"
1187,"Pork, potatoes, and vegetables including carrots, broccoli, and/or dark-green leafy; gravy"
1188,"Pork, potatoes, and vegetables excluding carrots, broccoli, and dark-green leafy; gravy"
1189,"Pork, potatoes, and vegetables excluding carrots, broccoli, and dark-green leafy; no sauce"
1190,Pork chow mein or chop suey with noodles
1191,"Pork, rice, and vegetables including carrots, broccoli, and/or dark-green leafy; soy-based sauce"
1192,"Pork, rice, and vegetables excluding carrots, broccoli, and dark-green leafy; soy-based sauce"
1193,"Pork, rice, and vegetables including carrots, broccoli, and/or dark-green leafy; tomato-based sauce"
1194,"Pork, rice, and vegetables excluding carrots, broccoli, and dark-green leafy; tomato-based sauce"
1195,"Ham, potatoes, and vegetables excluding carrots, broccoli, and dark-green leafy; no sauce"
1196,"Ham, potatoes, and vegetables including carrots, broccoli, and/or dark-green leafy; no sauce"
1197,Sweet and sour pork with rice
1198,"Lamb or mutton, rice, and vegetables excluding carrots, broccoli, and dark-green leafy; gravy"
1199,"Lamb or mutton, rice, and vegetables including carrots, broccoli, and/or dark-green leafy; tomato-based sauce"
1200,"Lamb or mutton, rice, and vegetables  including carrots, broccoli, and/or dark-green leafy; gravy"
1201,Stuffed grape leaves with lamb and rice
1202,"Stew, lamb"
1203,"Stewed rabbit, Puerto Rican style,"
1204,"Venison or deer, potatoes, and vegetables including carrots, broccoli, and/or dark-green leafy; gravy"
1205,"Venison or deer, potatoes, and vegetables excluding carrots, broccoli, and dark-green leafy; gravy"
1206,"Venison or deer, noodles, and vegetables including carrots, broccoli, and/or dark-green leafy; tomato-based sauce"
1207,"Venison or deer, noodles, and vegetables excluding carrots, broccoli, and dark-green leafy; tomato-based sauce"
1208,"Chicken or turkey, potatoes, corn, and cheese, with gravy"
1209,"Chicken or turkey, potatoes, and vegetables including carrots, broccoli, and/or dark-green leafy; no sauce"
1210,"Chicken or turkey, potatoes, and vegetables excluding carrots, broccoli, and dark-green leafy; no sauce"
1211,"Chicken or turkey, potatoes, and vegetables including carrots, broccoli, and/or dark-green leafy; gravy"
1212,"Chicken or turkey, potatoes, and vegetables excluding carrots, broccoli, and dark-green leafy; gravy"
1213,"Chicken or turkey, potatoes, and vegetables including carrots, broccoli, and/or dark-green leafy; cream sauce, white sauce, or mushroom sauce"
1214,"Chicken or turkey, potatoes, and vegetables excluding carrots, broccoli, and dark-green leafy; cream sauce, white sauce, or mushroom sauce"
1215,"Chicken or turkey, potatoes, and vegetables including carrots, broccoli, and/or dark-green leafy; cheese sauce"
1216,"Chicken or turkey, potatoes, and vegetables excluding carrots, broccoli, and dark-green leafy; cheese sauce"
1217,"Chicken or turkey, potatoes, and vegetables including carrots, broccoli, and/or dark-green leafy; tomato-based sauce"
1218,"Chicken or turkey, potatoes, and vegetables excluding carrots, broccoli, and dark-green leafy; tomato-based sauce"
1219,"Stew, chicken, with pasta"
1220,"Stew, chicken"
1221,"Chicken or turkey, noodles, and vegetables including carrots, broccoli, and/or dark-green leafy; no sauce"
1222,"Chicken or turkey, noodles, and vegetables excluding carrots, broccoli, and dark-green leafy; no sauce"
1223,"Chicken or turkey, noodles, and vegetables including carrots, broccoli, and/or dark-green leafy; gravy"
1224,"Chicken or turkey, noodles, and vegetables excluding carrots, broccoli, and dark-green leafy; gravy"
1225,"Chicken or turkey, noodles, and vegetables including carrots, broccoli, and/or dark-green leafy; cream sauce, white sauce, or mushroom sauce"
1226,"Chicken or turkey, noodles, and vegetables excluding carrots, broccoli, and/or dark-green leafy; cream sauce, white sauce, or mushroom sauce"
1227,"Chicken or turkey, noodles, and vegetables including carrots, broccoli, and/or dark-green leafy; tomato-based sauce"
1228,"Chicken or turkey, noodles, and vegetables excluding carrots, broccoli, and dark-green leafy; tomato-based sauce"
1229,Chicken or turkey chow mein or chop suey with noodles
1230,"Chicken or turkey, noodles, and vegetables including carrots, broccoli, and/or dark-green leafy; cheese sauce"
1231,"Chicken or turkey, noodles, and vegetables excluding carrots, broccoli, and dark-green leafy; cheese sauce"
1232,"Chicken or turkey, rice, and vegetables including carrots, broccoli, and/or dark-green leafy; no sauce"
1233,"Chicken or turkey, rice, and vegetables excluding carrots, broccoli, and dark-green leafy; no sauce"
1234,"Chicken or turkey, rice, and vegetables including carrots, broccoli, and/or dark-green leafy; gravy"
1235,"Chicken or turkey, rice, and vegetables excluding carrots, broccoli, and dark-green leafy; gravy"
1236,"Chicken or turkey, rice, corn, and cheese, with gravy"
1237,"Chicken or turkey, rice, and vegetables including carrots, broccoli, and/or dark-green leafy; soy-based sauce"
1238,"Chicken or turkey, rice, and vegetables excluding carrots, broccoli, and dark-green leafy; soy-based sauce"
1239,"Chicken or turkey, rice, and vegetables including carrots, broccoli, and/or dark-green leafy; cream sauce, white sauce, or mushroom sauce"
1240,"Chicken or turkey, rice, and vegetables excluding carrots, broccoli, and dark-green leafy; cream sauce, white sauce, or mushroom sauce"
1241,"Chicken or turkey, rice, and vegetables including carrots, broccoli, and/or dark-green leafy; cheese sauce"
1242,"Chicken or turkey, rice, and vegetables excluding carrots, broccoli, and dark-green leafy; cheese sauce"
1243,"Chicken or turkey, rice, and vegetables including carrots, broccoli, and/or dark-green leafy; tomato-based sauce"
1244,"Chicken or turkey, rice, and vegetables excluding carrots, broccoli, and dark-green leafy; tomato-based sauce"
1245,"Pot pie, chicken"
1246,"Chicken or turkey, stuffing, and vegetables including carrots, broccoli, and/or dark-green leafy; no sauce"
1247,"Chicken or turkey,stuffing, and vegetables excluding carrots, broccoli, and dark green leafy; no sauce"
1248,"Chicken or turkey, stuffing, and vegetables including carrots, broccoli, and/or dark-green leafy; gravy"
1249,"Chicken or turkey, stuffing, and vegetables excluding carrots, broccoli, and dark-green leafy; gravy"
1250,"Chicken or turkey, dumplings, and vegetables including carrots, broccoli, and/or dark green leafy; gravy"
1251,"Chicken or turkey, dumplings, and vegetables excluding carrots, broccoli, and dark green leafy; gravy"
1252,"Chicken fricassee, Puerto Rican style"
1253,Paella with seafood
1254,Shrimp chow mein or chop suey with noodles
1255,"Shrimp creole, with rice"
1256,"Tuna noodle casserole with vegetables, cream or white sauce"
1257,"Fish, noodles, and vegetables including carrots, broccoli, and/or dark green leafy; cheese sauce"
1258,"Fish, noodles, and vegetables excluding carrots, broccoli, and dark-green leafy; cheese sauce"
1259,"Soup, bouillabaisse"
1260,Tuna noodle casserole with vegetables and mushroom sauce
1261,"Codfish with starchy vegetables, Puerto Rican style"
1262,"Biscayne codfish, Puerto Rican style"
1263,"Stew, NFS"
1264,"Chow mein or chop suey, NS as to type of meat, with noodles"
1265,"Paella, NFS"
1266,"Chow mein or chop suey, various types of meat, with noodles"
1267,"Stewed tripe, with potatoes, Puerto Rican style"
1268,Gumbo with rice
1269,Jambalaya with meat and rice
1270,"Beef and vegetables including carrots, broccoli, and/or dark-green leafy; no potatoes, no sauce"
1271,"Beef and vegetables excluding carrots, broccoli, and dark-green leafy; no potatoes, no sauce"
1272,"Beef shish kabob with vegetables, excluding potatoes"
1273,"Beef with vegetables including carrots, broccoli, and/or dark-green leafy; no potatoes, tomato-based sauce"
1274,Swiss steak
1275,"Beef rolls, stuffed with vegetables or meat mixture, tomato-based sauce"
1276,"Beef with vegetables excluding carrots, broccoli, and dark-green leafy; no potatoes, tomato-based sauce"
1277,"Beef with vegetables including carrots, broccoli, and/or dark-green leafy; no potatoes, mushroom sauce"
1278,"Beef with vegetables excluding carrots, broccoli, and dark-green leafy; no potatoes, mushroom sauce"
1279,"Beef and vegetables including carrots, broccoli, and/or dark-green leafy; no potatoes, soy-based sauce"
1280,Beef and broccoli
1281,"Beef, tofu, and vegetables including carrots, broccoli, and/or dark-green leafy; no potatoes, soy-based sauce"
1282,Szechuan beef
1283,Hunan beef
1284,"Beef chow mein or chop suey, no noodles"
1285,Kung Pao beef
1286,"Beef and vegetables excluding carrots, broccoli, and dark-green leafy; no potatoes, soy-based sauce"
1287,"Beef, tofu, and vegetables excluding carrots, broccoli,  and dark-green leafy; no potatoes, soy-based sauce"
1288,"Beef and vegetables, Hawaiian style"
1289,Pepper steak
1290,"Beef, ground, with egg and onion"
1291,Beef salad
1292,"Beef taco filling: beef, cheese, tomato, taco sauce"
1293,Stir fried beef and vegetables in soy sauce
1294,"Beef and vegetables including carrots, broccoli, and/or dark-green leafy; no potatoes, gravy"
1295,"Beef and vegetables excluding carrots, broccoli, and dark-green leafy; no potatoes, gravy"
1296,"Beef steak with onions, Puerto Rican style"
1297,Cabbage with ham hocks
1298,Ham or pork salad
1299,Frankfurters or hot dogs and sauerkraut
1300,"Pork and vegetables including carrots, broccoli, and/or dark-green leafy; no potatoes, no sauce"
1301,Greens with ham or pork
1302,"Pork, tofu, and vegetables including carrots, broccoli, and/or dark-green leafy; no potatoes, soy-base sauce"
1303,"Pork and vegetables, Hawaiian style"
1304,Pork and watercress with soy-based sauce
1305,Kung Pao pork
1306,"Moo Shu pork, without Chinese pancake"
1307,Pork and onions with soy-based sauce
1308,Pork hash
1309,"Ham and vegetables including carrots broccoli, and/or dark- green leafy; no potatoes, no sauce"
1310,"Ham and vegetables excluding carrots, broccoli, and dark-green leafy; no potatoes, no sauce"
1311,"Pork and vegetables excluding carrots, broccoli, and dark-green leafy; no potatoes, no sauce"
1312,"Pork, tofu, and vegetables, excluding carrots, broccoli, and dark-green leafy; no potatoes, soy-based sauce"
1313,"Pork chow mein or chop suey, no noodles"
1314,"Pork and vegetables including carrots, broccoli, and/or dark-green leafy; no potatoes, tomato-based sauce"
1315,"Pork and vegetables excluding  carrots, broccoli, and dark-green leafy; no potatoes, tomato-based sauce"
1316,"Sausage and vegetables including  carrots, broccoli, and/or dark-green leafy; no potatoes, tomato-based sauce"
1317,"Sausage and vegetables, excluding carrots, broccoli, and dark-green leafy; no potatoes, tomato-based sauce"
1318,"Sausage and peppers, no sauce"
1319,"Pork and vegetables including carrots, broccoli, and/or dark-green leafy; no potatoes, soy-based sauce"
1320,"Pork and vegetables excluding carrots, broccoli, and dark- green leafy; no potatoes, soy-based sauce"
1321,"Pork shish kabob with vegetables, excluding potatoes"
1322,"Lamb shish kabob with vegetables, excluding potatoes"
1323,"Chicken or turkey and vegetables including carrots, broccoli, and/or dark-green leafy; no potatoes, no sauce"
1324,"Chicken or turkey and vegetables excluding carrots, broccoli, and dark-green leafy; no potatoes, no sauce"
1325,"Chicken or turkey shish kabob with vegetables, excluding potatoes"
1326,"Chicken or turkey creole, without rice"
1327,"Chicken or turkey and vegetables including carrots, broccoli, and/or dark-green leafy; no potatoes, gravy"
1328,"Chicken or turkey and vegetables excluding carrots, broccoli, and dark-green leafy; no potatoes, gravy"
1329,"Chicken or turkey a la king with vegetables including carrots, broccoli, and/or dark-green leafy; no potatoes, cream, white, or soup-based sauce"
1330,"Chicken or turkey a la king with vegetables excluding carrorts, broccoli, and dark-green leafy; no potatoes, cream, white, or soup-based sauce"
1331,Chicken or turkey divan
1332,"Chicken or turkey and vegetables including carrots, broccoli, and/or dark-green leafy; no potatoes, soy-based sauce"
1333,"Chicken or turkey and vegetables excluding carrots, broccoli, and dark-green leafy; no potatoes, soy-based sauce"
1334,"Chicken or turkey and vegetables including carrots, broccoli, and/or dark-green leafy; no potatoes, tomato-based sauce"
1335,"Chicken or turkey and vegetables excluding carrots, broccoli, and dark-green leafy; no potatoes, tomato-based sauce"
1336,General Tso chicken
1337,Moo Goo Gai Pan
1338,Kung pao chicken
1339,Almond chicken
1340,"Chicken or turkey chow mein or chop suey, no noodles"
1341,"Chicken or turkey salad, made with mayonnaise"
1342,Chicken or turkey salad with nuts and/or fruits
1343,Chicken or turkey salad with egg
1344,"Chicken or turkey salad, made with light mayonnaise"
1345,"Chicken or turkey salad, made with mayonnaise-type salad dressing"
1346,"Chicken or turkey salad, made with light mayonnaise-type salad dressing"
1347,"Chicken or turkey salad, made with creamy dressing"
1348,"Chicken or turkey salad, made with light creamy dressing"
1349,"Chicken or turkey salad, made with Italian dressing"
1350,"Chicken or turkey salad, made with light Italian dressing"
1351,"Chicken or turkey salad, made with any type of fat free dressing"
1352,"Chicken or turkey garden salad, chicken and/or turkey, tomato and/or carrots, other vegetables, no dressing"
1353,"Chicken or turkey garden salad, chicken and/or turkey, other vegetables excluding tomato and carrots, no dressing"
1354,"Chicken or turkey garden salad with bacon and cheese, chicken and/or turkey, bacon, cheese, lettuce and/or greens, tomato and/or carrots, other vegetables, no dressing"
1355,"Chicken or turkey, breaded, fried, garden salad with bacon and cheese, chicken and/or turkey, bacon, cheese, lettuce and/or greens, tomato and/or carrots, other vegetables, no dressing"
1356,"Chicken or turkey garden salad with cheese, chicken and/or turkey, cheese, lettuce and/or greens, tomato and/or carrots, other vegetables, no dressing"
1357,"Chicken or turkey, breaded, fried, garden salad with cheese, chicken and/or turkey, cheese, lettuce and/or greens, tomato and/or carrots, other vegetables, no dressing"
1358,"Asian chicken or turkey garden salad, chicken and/or turkey, lettuce, fruit, nuts, no dressing"
1359,"Asian chicken or turkey garden salad with crispy noodles, chicken and/or turkey, lettuce, fruit, nuts, crispy noodles, no dressing"
1360,"Chicken or turkey caesar garden salad, chicken and/or turkey, lettuce, tomato, cheese, no dressing"
1361,"Chicken or turkey, breaded, fried, caesar garden salad, chicken and/or turkey, lettuce, tomatoes, cheese, no dressing"
1362,"Chicken or turkey and vegetables including carrots, broccoli, and/or dark-green leafy; no potatoes, cheese sauce"
1363,"Chicken or turkey and vegetables excluding carrots, broccoli, and dark-green leafy; no potatoes, cheese sauce"
1364,"Chicken or turkey fricassee, with sauce, no potatoes, potatoes reported separately, Puerto Rican style"
1365,"Chicken or turkey fricassee, no sauce, no potatoes, Puerto Rican style"
1366,Crab salad
1367,Lobster salad
1368,Salmon salad
1369,"Shrimp chow mein or chop suey, no noodles"
1370,"Tuna salad, made with mayonnaise"
1371,"Tuna salad, made with light mayonnaise"
1372,"Tuna salad, made with mayonnaise-type salad dressing"
1373,"Tuna salad, made with light mayonnaise-type salad dressing"
1374,"Tuna salad, made with creamy dressing"
1375,"Tuna salad, made with light creamy dressing"
1376,"Tuna salad, made with Italian dressing"
1377,"Tuna salad, made with light Italian dressing"
1378,"Tuna salad, made with any type of fat free dressing"
1379,Shrimp salad
1380,Seafood salad
1381,Tuna salad with cheese
1382,Tuna salad with egg
1383,"Shrimp garden salad, shrimp, lettuce, eggs, tomato and/or carrots, other vegetables, no dressing"
1384,"Shrimp garden salad, shrimp, lettuce, eggs, vegetables excluding tomato and carrots, no dressing"
1385,Crab salad made with imitation crab
1386,"Fish, tofu, and vegetables, tempura"
1387,"Seafood garden salad with seafood, lettuce, vegetables excluding tomato and carrots, no dressing"
1388,"Seafood garden salad with seafood, lettuce, tomato and/or carrots, other vegetables, no dressing"
1389,"Seafood garden salad with seafood, lettuce, eggs, vegetables excluding tomato and carrots, no dressing"
1390,"Seafood garden salad with seafood, lettuce, eggs, tomato and/or carrots, other vegetables, no dressing"
1391,Oysters Rockefeller
1392,Lomi salmon
1393,"Shrimp and vegetables including carrots, broccoli, and/or dark-green leafy; no potatoes, no sauce"
1394,"Shrimp and vegetables excluding carrots, broccoli, and dark-green leafy; no potatoes, no sauce"
1395,"Shrimp and vegetables including carrots, broccoli, and/or dark-green leafy; no potatoes, soy-based sauce"
1396,"Shrimp and vegetables excluding carrots, broccoli, and dark-green leafy; no potatoes, soy-based sauce"
1397,"Shrimp shish kabob with vegetables, excluding potatoes"
1398,"Shrimp creole, no rice"
1399,Kung Pao shrimp
1400,"Tuna casserole with vegetables and mushroom sauce, no noodles"
1401,"Shellfish mixture and vegetables including carrots, broccoli, and/or dark-green leafy; no potatoes, soy-based sauce"
1402,"Shellfish mixture and vegetables excluding carrots, broccoli, and dark-green leafy; no potatoes, soy-based sauce"
1403,"Shellfish mixture and vegetables including carrots, broccoli, and/or dark-green leafy; no potatoes, mushroom sauce"
1404,"Shellfish mixture and vegetables excluding carrots, broccoli, and dark-green leafy; no potatoes, mushroom sauce"
1405,"Fish and vegetables including carrots, broccoli, and/or dark-green leafy; no potatoes, tomato-based sauce"
1406,"Fish and vegetables excluding carrots, broccoli, and dark- green leafy; no potatoes, tomato-based sauce"
1407,"Fish and vegetables including carrots, broccoli, and/or dark-green leafy; no potatoes, soy-based sauce"
1408,"Fish and vegetables excluding  carrots, broccoli, and dark-green leafy; no potatoes, soy-based sauce"
1409,"Fish shish kabob with vegetables, excluding potatoes"
1410,"Fried fish with sauce, Puerto Rican style"
1411,"Lobster with sauce, Puerto Rican style"
1412,"Octopus salad, Puerto Rican style"
1413,"Codfish salad, Puerto Rican style, Serenata"
1414,"Chow mein or chop suey, NS as to type of meat, no noodles"
1415,Lau lau
1416,"Antipasto with ham, fish, cheese, vegetables"
1417,"Livers, chicken, chopped, with eggs and onion"
1418,"Liver, beef or calves, and onions"
1419,"Stewed chitterlings, Puerto Rican style"
1420,"Stewed gizzards, Puerto Rican style"
1421,"Gumbo, no rice"
1422,"Sandwich, NFS"
1423,"Sandwich wrap, NFS"
1424,"Barbecue sandwich, NFS"
1425,"Sloppy joe sandwich, on white bun"
1426,"Sloppy joe sandwich, on wheat bun"
1427,"Barbecue beef sandwich, on white bun"
1428,"Barbecue beef sandwich, on wheat bun"
1429,"Cheeseburger slider, from fast food"
1430,"Cheeseburger, NFS"
1431,"Cheeseburger, from fast food, 1 small patty"
1432,"Cheeseburger, from school cafeteria"
1433,Cheeseburger slider
1434,"Cheeseburger, on white bun, 1 small patty"
1435,"Cheeseburger, on wheat bun, 1 small patty"
1436,"Cheeseburger, from fast food, 1 medium patty"
1437,"Cheeseburger, on white bun, 1 medium patty"
1438,"Cheeseburger, on wheat bun, 1 medium patty"
1439,"Cheeseburger, on white bun, 1 large patty"
1440,"Cheeseburger, on wheat bun, 1 large patty"
1441,"Double cheeseburger, on white bun, 2 small patties"
1442,"Double cheeseburger, on wheat bun, 2 small patties"
1443,"Double cheeseburger, on white bun, 2 medium patties"
1444,"Double cheeseburger, on wheat bun, 2 medium patties"
1445,"Cheeseburger, from fast food, 1 large patty"
1446,"Double cheeseburger, on white bun, 2 large patties"
1447,"Double cheeseburger, on wheat bun, 2 large patties"
1448,"Double cheeseburger, from fast food, 2 small patties"
1449,"Double cheeseburger, from fast food, 2 medium patties"
1450,"Double cheeseburger, from fast food, 2 large patties"
1451,"Hamburger slider, from fast food"
1452,"Hamburger, NFS"
1453,"Hamburger, from fast food, 1 small patty"
1454,"Hamburger, from school cafeteria"
1455,Hamburger slider
1456,"Hamburger, on white bun, 1 small patty"
1457,"Hamburger, on wheat bun, 1 small patty"
1458,"Hamburger, from fast food, 1 medium patty"
1459,"Hamburger, from fast food, 1 large patty"
1460,"Hamburger, on white bun, 1 medium patty"
1461,"Hamburger, on wheat bun, 1 medium patty"
1462,"Hamburger, on white bun, 1 large patty"
1463,"Hamburger, on wheat bun, 1 large patty"
1464,"Double hamburger, on white bun, 2 small patties"
1465,"Double hamburger, on wheat bun, 2 small patties"
1466,"Double hamburger, on white bun, 2 medium patties"
1467,"Double hamburger, on wheat bun, 2 medium patties"
1468,"Double hamburger, on white bun, 2 large patties"
1469,"Double hamburger, on wheat bun, 2 large patties"
1470,"Double hamburger, from fast food, 2 small patties"
1471,"Double hamburger, from fast food, 2 medium patties"
1472,"Double hamburger, from fast food, 2 large patties"
1473,Meatball sandwich or sub
1474,Meatloaf sandwich
1475,"Chiliburger, with or without cheese, on bun"
1476,Corned beef sandwich on white
1477,"Corned beef sandwich on white, with cheese"
1478,Corned beef sandwich on wheat
1479,"Corned beef sandwich on wheat, with cheese"
1480,Reuben sandwich
1481,Roast beef sandwich on white
1482,"Roast beef sandwich on white, with cheese"
1483,Roast beef sandwich on wheat
1484,"Roast beef sandwich on wheat, with cheese"
1485,French dip sandwich
1486,Steak sandwich or sub on white
1487,Steak sandwich or sub on wheat
1488,Cheese steak sandwich or sub on white
1489,Cheese steak sandwich or sub on wheat
1490,Gyro sandwich
1491,"Hamburger wrap sandwich, from fast food"
1492,Ham sandwich on white
1493,"Ham sandwich on white, with cheese"
1494,Ham sandwich on wheat
1495,"Ham sandwich on wheat, with cheese"
1496,"Ham sandwich or sub, restaurant"
1497,"Ham sandwich or sub, with cheese, restaurant"
1498,Ham sandwich wrap
1499,Ham salad sandwich on white
1500,Ham salad sandwich on wheat
1501,Cuban sandwich
1502,Barbecue rib sandwich
1503,"Barbecue pork sandwich, on white bun"
1504,"Barbecue pork sandwich, on wheat bun"
1505,Pork sandwich
1506,"Pork sandwich, with cheese"
1507,"Bacon, lettuce, tomato sandwich on white"
1508,"Bacon, lettuce, tomato sandwich on wheat"
1509,Turkey sandwich on white
1510,"Turkey sandwich on white, with cheese"
1511,Turkey sandwich on wheat
1512,"Turkey sandwich on wheat, with cheese"
1513,"Turkey sandwich or sub, restaurant"
1514,"Turkey sandwich or sub, with cheese, restaurant"
1515,Turkey sandwich wrap
1516,"Chicken deli sandwich or sub, restaurant"
1517,"Chicken deli sandwich or sub, with cheese, restaurant"
1518,Chicken salad sandwich on white
1519,Chicken salad sandwich on wheat
1520,Chicken salad sandwich wrap
1521,Club sandwich on white
1522,"Club sandwich on white, with cheese"
1523,Club sandwich on wheat
1524,"Club sandwich on wheat, with cheese"
1525,"Club sandwich or sub, restaurant"
1526,"Barbecue chicken sandwich, on white bun"
1527,"Barbecue chicken sandwich, on wheat bun"
1528,"Chicken fillet sandwich, NFS"
1529,"Chicken fillet sandwich, from school cafeteria"
1530,"Chicken fillet biscuit, from fast food"
1531,"Chicken fillet sandwich, fried, from fast food"
1532,"Chicken fillet sandwich, fried, from fast food, with cheese"
1533,"Chicken fillet sandwich, grilled, from fast food"
1534,"Chicken fillet sandwich, grilled, from fast food, with cheese"
1535,"Chicken fillet sandwich, NS as to fried or grilled, from fast food"
1536,"Chicken fillet sandwich, fried, on white bun"
1537,"Chicken fillet sandwich, fried, on white bun; with cheese"
1538,"Chicken fillet sandwich, fried, on wheat bun"
1539,"Chicken fillet sandwich, fried, on wheat bun, with cheese"
1540,"Chicken fillet sandwich, grilled, on white bun"
1541,"Chicken fillet sandwich, grilled, on white bun, with cheese"
1542,"Chicken fillet sandwich, grilled, on wheat bun"
1543,"Chicken fillet sandwich, grilled, on wheat bun, with cheese"
1544,"Chicken fillet wrap sandwich, fried, from fast food"
1545,"Chicken fillet wrap sandwich, grilled, from fast food"
1546,"Turkey or chicken burger, on white bun"
1547,"Turkey or chicken burger, on wheat bun"
1548,"Fish sandwich, fried, from fast food"
1549,"Fish sandwich, fried, from fast food, with cheese"
1550,Crab cake sandwich
1551,Salmon cake sandwich
1552,Fried seafood sandwich
1553,"Fish sandwich, from school cafeteria"
1554,"Fish sandwich, NFS"
1555,"Fish sandwich, fried, on white bun"
1556,"Fish sandwich, fried, on white bun, with cheese"
1557,"Fish sandwich, fried, on wheat bun"
1558,"Fish sandwich, fried, on wheat bun, with cheese"
1559,"Fish sandwich, grilled"
1560,Fish wrap sandwich
1561,Sardine sandwich
1562,Tuna salad sandwich on white
1563,"Tuna salad sandwich on white, with cheese"
1564,Tuna salad sandwich on wheat
1565,"Tuna salad sandwich on wheat, with cheese"
1566,Tuna salad sandwich wrap
1567,Seafood salad sandwich
1568,Bologna sandwich on white
1569,"Bologna sandwich on white, with cheese"
1570,Bologna sandwich on wheat
1571,"Bologna sandwich on wheat, with cheese"
1572,Corn dog
1573,Pig in a blanket
1574,Salami sandwich on white
1575,"Salami sandwich on white, with cheese"
1576,Salami sandwich on wheat
1577,"Salami sandwich on wheat, with cheese"
1578,Italian sandwich on white
1579,Italian sandwich on wheat
1580,"Italian sandwich or sub, restaurant"
1581,Italian sausage sandwich on white
1582,Italian sausage sandwich on wheat
1583,"Hot dog sandwich, NFS, on white bun"
1584,"Hot dog sandwich, NFS, on wheat bun"
1585,"Hot dog sandwich, NFS, on white bread"
1586,"Hot dog sandwich, NFS, on wheat bread"
1587,"Hot dog sandwich, beef, on white bun"
1588,"Hot dog sandwich, beef, on wheat bun"
1589,"Hot dog sandwich, beef, on white bread"
1590,"Hot dog sandwich, beef, on wheat bread"
1591,"Hot dog sandwich, meat and poultry, on white bun"
1592,"Hot dog sandwich, meat and poultry, on wheat bun"
1593,"Hot dog sandwich, meat and poultry, on white bread"
1594,"Hot dog sandwich, meat and poultry, on wheat bread"
1595,"Hot dog sandwich, turkey, on white bun"
1596,"Hot dog sandwich, turkey, on wheat bun"
1597,"Hot dog sandwich, turkey, on white bread"
1598,"Hot dog sandwich, turkey, on wheat bread"
1599,"Hot dog sandwich, reduced fat, on white bun"
1600,"Hot dog sandwich, reduced fat, on wheat bun"
1601,"Hot dog sandwich, reduced fat, on white bread"
1602,"Hot dog sandwich, reduced fat, on wheat bread"
1603,"Hot dog sandwich, vegetarian, on bun"
1604,"Hot dog sandwich, vegetarian, on bread"
1605,"Chili hot dog sandwich, on white bun"
1606,"Chili hot dog sandwich, on wheat bun"
1607,"Chili hot dog sandwich, on white bread"
1608,"Chili hot dog sandwich, on wheat bread"
1609,Multiple meat sandwich on white
1610,"Multiple meat sandwich on white, with cheese"
1611,Multiple meat sandwich on wheat
1612,"Multiple meat sandwich on wheat, with cheese"
1613,"Multiple meat sandwich or sub, restaurant"
1614,"Multiple meat sandwich or sub, with cheese, restaurant"
1615,Multiple meat sandwich wrap
1616,Turkey and ham sandwich on white
1617,"Turkey and ham sandwich on white, with cheese"
1618,Turkey and ham sandwich on wheat
1619,"Turkey and ham sandwich on wheat, with cheese"
1620,"Turkey and ham sandwich or sub, restaurant"
1621,"Turkey and ham sandwich or sub, with cheese, restaurant"
1622,"Frozen dinner, NFS"
1623,"Beef dinner, NFS, frozen meal"
1624,"Beef with vegetable, diet frozen meal"
1625,"Salisbury steak dinner, NFS, frozen meal"
1626,"Salisbury steak with gravy, potatoes, vegetable, frozen meal"
1627,"Salisbury steak with gravy, whipped potatoes, vegetable, dessert, frozen meal"
1628,"Salisbury steak with gravy, macaroni and cheese, frozen meal"
1629,"Beef, sliced, with gravy, potatoes, vegetable, frozen meal"
1630,"Meatballs, Swedish, in gravy, with noodles, diet frozen meal"
1631,"Beef with spaetzle or rice, vegetable, frozen meal"
1632,"Chicken dinner, NFS, frozen meal"
1633,"Chicken, fried, with potatoes, vegetable, frozen meal"
1634,"Chicken patty, or nuggets, boneless, breaded, potatoes, vegetable, frozen meal"
1635,"Chicken, fried, with potatoes, vegetable, dessert, frozen meal, large meat portion"
1636,"Teriyaki chicken with rice and vegetable, diet frozen meal"
1637,"Chicken with rice and vegetable, diet frozen meal"
1638,"Chicken and vegetables au gratin with rice, diet frozen entree"
1639,"Chicken and vegetable entree with rice, diet frozen meal"
1640,"Chicken with noodles and cheese sauce, diet frozen meal"
1641,"Chicken and vegetable entree with noodles, diet frozen meal"
1642,"Chicken in soy-based sauce, rice and vegetables, frozen meal"
1643,"Chicken and vegetable entree with noodles and cream sauce, frozen meal"
1644,"Turkey with vegetable, stuffing, diet frozen meal"
1645,"Turkey with gravy, dressing, potatoes, vegetable, frozen meal"
1646,"Fish in lemon-butter sauce with starch item, vegetable, frozen meal"
1647,"Shrimp and vegetables in sauce with noodles, diet frozen meal"
1648,"Meat loaf dinner, NFS, frozen meal"
1649,"Meat loaf with potatoes, vegetable, frozen meal"
1650,"Soup, meatball"
1651,"Soup, pho, with meat"
1652,"Soup, pho, no meat"
1653,"Soup, pepperpot"
1654,"Soup, beef, canned"
1655,"Soup, sopa or caldo de res"
1656,"Soup, pozole"
1657,"Soup, Italian wedding"
1658,"Soup, pork or ham"
1659,"Soup, broth"
1660,"Soup, chicken, canned"
1661,"Soup, chicken"
1662,"Soup, sopa or caldo de pollo"
1663,"Soup, hot and sour"
1664,"Soup, cream of chicken"
1665,"Soup, Manhattan clam chowder"
1666,"Soup, New England clam chowder"
1667,"Soup, bisque"
1668,Lobster gumbo
1669,Shrimp gumbo
1670,"Soup, fish or shrimp"
1671,"Gravy, poultry"
1672,"Gravy, beef"
1673,"Gravy, beef, fat free"
1674,"Gravy, poultry, fat free"
1675,"Gravy, made with soy sauce"
1676,"Gravy, NFS"
1677,Oyster sauce
1678,Mole sauce
1679,"Egg, whole, raw"
1680,"Egg, whole, cooked, NS as to cooking method"
1681,"Egg, whole, boiled or poached"
1682,"Egg, whole, fried, NS as to fat"
1683,"Egg, whole, fried no added fat"
1684,"Egg, whole, fried with margarine"
1685,"Egg, whole, fried with oil"
1686,"Egg, whole, fried with butter"
1687,"Egg, whole, fried with animal fat or meat drippings"
1688,"Egg, whole, fried with cooking spray"
1689,"Egg, whole, fried, NS as to fat type"
1690,"Egg, whole, fried, from fast food / restaurant"
1691,"Egg, whole, baked, NS as to fat"
1692,"Egg, whole, baked, no added fat"
1693,"Egg, whole, baked, fat added"
1694,"Egg, whole, pickled"
1695,"Egg, white only, raw"
1696,"Egg, white, cooked, NS as to fat"
1697,"Egg, white, cooked, no added fat"
1698,"Egg, white, cooked, fat added"
1699,"Egg, yolk only, raw"
1700,"Egg, yolk only, cooked, NS as to fat"
1701,"Egg, yolk only, cooked, no added fat"
1702,"Egg, yolk only, cooked, fat added"
1703,"Duck egg, cooked"
1704,"Goose egg, cooked"
1705,"Quail egg, canned"
1706,"Egg, creamed"
1707,"Egg, Benedict"
1708,"Egg, deviled"
1709,"Egg salad, made with mayonnaise"
1710,"Egg salad, made with light mayonnaise"
1711,"Egg salad, made with mayonnaise-type salad dressing"
1712,"Egg salad, made with light mayonnaise-type salad dressing"
1713,"Egg salad, made with creamy dressing"
1714,"Egg salad, made with light creamy dressing"
1715,"Egg salad, made with Italian dressing"
1716,"Egg salad, made with light Italian dressing"
1717,"Egg Salad, made with any type of fat free dressing"
1718,Huevos rancheros
1719,"Egg casserole with bread, cheese, milk and meat"
1720,"Egg foo yung, NFS"
1721,Chicken egg foo yung
1722,Pork egg foo yung
1723,Shrimp egg foo yung
1724,Beef egg foo yung
1725,"Egg omelet or scrambled egg, NS as to fat"
1726,"Egg omelet or scrambled egg, made with margarine"
1727,"Egg omelet or scrambled egg, made with oil"
1728,"Egg omelet or scrambled egg, made with butter"
1729,"Egg omelet or scrambled egg, made with animal fat or meat drippings"
1730,"Egg omelet or scrambled egg, made with cooking spray"
1731,"Egg omelet or scrambled egg, NS as to fat type"
1732,"Egg omelet or scrambled egg, no added fat"
1733,"Egg omelet or scrambled egg, from fast food / restaurant"
1734,"Egg omelet or scrambled egg, with cheese, made with margarine"
1735,"Egg omelet or scrambled egg, with cheese, made with oil"
1736,"Egg omelet or scrambled egg, with cheese, made with butter"
1737,"Egg omelet or scrambled egg, with cheese, made with animal fat or meat drippings"
1738,"Egg omelet or scrambled egg, with cheese, made with cooking spray"
1739,"Egg omelet or scrambled egg, with cheese, no added fat"
1740,"Egg omelet or scrambled egg, with meat, NS as to fat"
1741,"Egg omelet or scrambled egg, with meat, made with margarine"
1742,"Egg omelet or scrambled egg, with meat, made with oil"
1743,"Egg omelet or scrambled egg, with meat, made with butter"
1744,"Egg omelet or scrambled egg, with meat, made with animal fat or meat drippings"
1745,"Egg omelet or scrambled egg, with meat, made with cooking spray"
1746,"Egg omelet or scrambled egg, with meat, NS as to fat type"
1747,"Egg omelet or scrambled egg, with meat, no added fat"
1748,"Egg omelet or scrambled egg, with cheese and meat, NS as to fat"
1749,"Egg omelet or scrambled egg, with cheese and meat, made with margarine"
1750,"Egg omelet or scrambled egg, with cheese and meat, made with oil"
1751,"Egg omelet or scrambled egg, with cheese and meat, made with butter"
1752,"Egg omelet or scrambled egg, with cheese and meat, made with animal fat or meat drippings"
1753,"Egg omelet or scrambled egg, with cheese and meat, made with cooking spray"
1754,"Egg omelet or scrambled egg, with cheese and meat, NS as to fat type"
1755,"Egg omelet or scrambled egg, with cheese and meat, no added fat"
1756,"Egg omelet or scrambled egg, with tomatoes, fat added"
1757,"Egg omelet or scrambled egg, with tomatoes, no added fat"
1758,"Egg omelet or scrambled egg, with tomatoes, NS as to fat"
1759,"Egg omelet or scrambled egg, with dark-green vegetables, fat added"
1760,"Egg omelet or scrambled egg, with dark-green vegetables, no added fat"
1761,"Egg omelet or scrambled egg, with dark-green vegetables, NS as to fat"
1762,"Egg omelet or scrambled egg, with tomatoes and dark-green vegetables, fat added"
1763,"Egg omelet or scrambled egg, with tomatoes and dark-green vegetables, no fat added"
1764,"Egg omelet or scrambled egg, with tomatoes and dark-green vegetables, NS as to fat"
1765,"Egg omelet or scrambled egg, with vegetables other than dark green and/or tomatoes, fat added"
1766,"Egg omelet or scrambled egg, with vegetables other than dark green and/or tomatoes, no added fat"
1767,"Egg omelet or scrambled egg, with vegetables other than dark green and/or tomatoes, NS as to fat"
1768,"Egg omelet or scrambled egg, with cheese and tomatoes, fat added"
1769,"Egg omelet or scrambled egg, with cheese and tomatoes, no added fat"
1770,"Egg omelet or scrambled egg, with cheese and tomatoes, NS as to fat"
1771,"Egg omelet or scrambled egg, with cheese and dark-green vegetables, fat added"
1772,"Egg omelet or scrambled egg, with cheese and dark-green vegetables, no added fat"
1773,"Egg omelet or scrambled egg, with cheese and dark-green vegetables, NS as to fat"
1774,"Egg omelet or scrambled egg, with cheese, tomatoes, and dark-green vegetables, fat added"
1775,"Egg omelet or scrambled egg, with cheese, tomatoes, and dark-green vegetables, no added fat"
1776,"Egg omelet or scrambled egg, with cheese, tomatoes, and dark-green vegetables, NS as to fat"
1777,"Egg omelet or scrambled egg, with cheese and vegetables other than dark green and/or tomatoes, fat added"
1778,"Egg omelet or scrambled egg, with cheese and vegetables other than dark green and/or tomatoes, no added fat"
1779,"Egg omelet or scrambled egg, with cheese and vegetables other than dark green and/or tomatoes, NS as to fat"
1780,"Egg omelet or scrambled egg, with meat and tomatoes, fat added"
1781,"Egg omelet or scrambled egg, with meat and tomatoes, no added fat"
1782,"Egg omelet or scrambled egg, with meat and tomatoes, NS as to fat"
1783,"Egg omelet or scrambled egg, with meat and dark-green vegetables, fat added"
1784,"Egg omelet or scrambled egg, with meat and dark-green vegetables, no added fat"
1785,"Egg omelet or scrambled egg, with meat and dark-green vegetables, NS as to fat"
1786,"Egg omelet or scrambled egg, with meat, tomatoes, and dark-green vegetables, fat added"
1787,"Egg omelet or scrambled egg, with meat, tomatoes, and dark-green vegetables, no added fat"
1788,"Egg omelet or scrambled egg, with meat, tomatoes, and dark-green vegetables, NS as to fat"
1789,"Egg omelet or scrambled egg, with meat and vegetables other than dark-green and/or tomatoes, fat added"
1790,"Egg omelet or scrambled egg, with meat and vegetables other than dark-green and/or tomatoes, no added fat"
1791,"Egg omelet or scrambled egg, with meat and vegetables other than dark-green and/or tomatoes, NS as to fat"
1792,"Egg omelet or scrambled egg, with cheese, meat, and tomatoes, fat added"
1793,"Egg omelet or scrambled egg, with cheese, meat, and tomatoes, no added fat"
1794,"Egg omelet or scrambled egg, with cheese, meat, and tomatoes, NS as to fat"
1795,"Egg omelet or scrambled egg, with cheese, meat, and dark-green vegetables, fat added"
1796,"Egg omelet or scrambled egg, with cheese, meat, and dark-green vegetables, no added fat"
1797,"Egg omelet or scrambled egg, with cheese, meat, and dark-green vegetables, NS as to fat"
1798,"Egg omelet or scrambled egg, with cheese, meat, tomatoes, and dark-green vegetables, fat added"
1799,"Egg omelet or scrambled egg, with cheese, meat, tomatoes, and dark-green vegetables, no added fat"
1800,"Egg omelet or scrambled egg, with cheese, meat, tomatoes, and dark-green vegetables, NS as to fat"
1801,"Egg omelet or scrambled egg, with cheese, meat, and vegetables other than dark-green and/or tomatoes, fat added"
1802,"Egg omelet or scrambled egg, with cheese, meat, and vegetables other than dark-green and/or tomatoes, no added fat"
1803,"Egg omelet or scrambled egg, with cheese, meat, and vegetables other than dark-green and/or tomatoes, NS as to fat"
1804,"Egg omelet or scrambled egg, with potatoes and/or onions, fat added"
1805,"Egg omelet or scrambled egg, with potatoes and/or onions, no added fat"
1806,"Egg omelet or scrambled egg, with potatoes and/or onions, NS as to fat"
1807,Egg salad sandwich on white
1808,Egg salad sandwich on wheat
1809,"Soup, egg drop"
1810,"Egg white omelet, scrambled, or fried, NS as to fat"
1811,"Egg white omelet, scrambled, or fried, made with margarine"
1812,"Egg white omelet, scrambled, or fried, made with oil"
1813,"Egg white omelet, scrambled, or fried, made with butter"
1814,"Egg white omelet, scrambled, or fried, made with cooking spray"
1815,"Egg white omelet, scrambled, or fried, NS as to fat type"
1816,"Egg white omelet, scrambled, or fried, no added fat"
1817,"Egg white, omelet, scrambled, or fried, with cheese"
1818,"Egg white, omelet, scrambled, or fried, with meat"
1819,"Egg white, omelet, scrambled, or fried, with vegetables"
1820,"Egg white, omelet, scrambled, or fried, with cheese and meat"
1821,"Egg white, omelet, scrambled, or fried, with cheese and vegetables"
1822,"Egg white, omelet, scrambled, or fried, with meat and vegetables"
1823,"Egg white, omelet, scrambled, or fried, with cheese, meat, and vegetables"
1824,Meringues
1825,"Egg substitute, omelet, scrambled, or fried, fat added"
1826,"Egg substitute, omelet, scrambled, or fried, no added fat"
1827,"Egg substitute, omelet, scrambled, or fried, with cheese"
1828,"Egg substitute, omelet, scrambled, or fried, with meat"
1829,"Egg substitute, omelet, scrambled, or fried, with vegetables"
1830,"Egg substitute, omelet, scrambled, or fried, with cheese and meat"
1831,"Egg substitute, omelet, scrambled, or fried, with cheese and vegetables"
1832,"Egg substitute, omelet, scrambled, or fried, with meat and vegetables"
1833,"Egg substitute, omelet, scrambled, or fried, with cheese, meat, and vegetables"
1834,Egg sandwich on white bread
1835,"Egg sandwich on white bread, with cheese"
1836,"Egg sandwich on white bread, with meat"
1837,"Egg sandwich on white bread, with meat and cheese"
1838,Egg sandwich on wheat bread
1839,"Egg sandwich on wheat bread, with cheese"
1840,"Egg sandwich on wheat bread, with meat"
1841,"Egg sandwich on wheat bread, with meat and cheese"
1842,Egg sandwich on English muffin
1843,"Egg sandwich on English muffin, with sausage"
1844,"Egg sandwich on English muffin, with bacon"
1845,"Egg sandwich on English muffin, with ham"
1846,Egg sandwich on croissant
1847,"Egg sandwich on croissant, with sausage"
1848,"Egg sandwich on croissant, with bacon"
1849,"Egg sandwich on croissant, with ham"
1850,Egg sandwich on biscuit
1851,"Egg sandwich on biscuit, with sausage"
1852,"Egg sandwich on biscuit, with sausage and cheese"
1853,"Egg sandwich on biscuit, with bacon"
1854,"Egg sandwich on biscuit, with bacon and cheese"
1855,Egg sandwich on bagel
1856,"Egg sandwich on bagel, with sausage"
1857,"Egg sandwich on bagel, with bacon"
1858,"Egg sandwich on bagel, with ham"
1859,Egg sandwich on griddle/pancake
1860,"Egg sandwich on griddle/pancake, with meat"
1861,Egg white sandwich
1862,"Egg white sandwich, with cheese"
1863,"Egg white sandwich, with meat"
1864,Bacon biscuit sandwich
1865,Ham biscuit sandwich
1866,Sausage biscuit sandwich
1867,"Sausage biscuit sandwich, with cheese"
1868,Sausage English muffin sandwich
1869,Sausage griddle/pancake sandwich
1870,Egg burrito
1871,"Egg burrito, with sausage"
1872,"Egg burrito, with bacon"
1873,"Egg burrito, with ham"
1874,"Beans, NFS"
1875,"Beans, from dried, NS as to type, fat added"
1876,"Beans, from dried, NS as to type, no added fat"
1877,"Beans, from canned, NS as to type, fat added"
1878,"Beans, from canned, NS as to type, no added fat"
1879,"Beans, from fast food / restaurant, NS as to type"
1880,"White beans, NFS"
1881,"White beans, from dried, fat added"
1882,"White beans, from dried, no added fat"
1883,"White beans, from canned, fat added"
1884,"White beans, from canned, no added fat"
1885,"White beans, from canned, reduced sodium"
1886,"Black beans, NFS"
1887,"Black beans, from dried, fat added"
1888,"Black beans, from dried, no added fat"
1889,"Black beans, from canned, fat added"
1890,"Black beans, from canned, no added fat"
1891,"Black beans, from canned, reduced sodium"
1892,"Black beans, from fast food / restaurant"
1893,Black beans with meat
1894,"Fava beans, cooked"
1895,"Lima beans, NFS"
1896,"Lima beans, from dried"
1897,"Pink beans, cooked"
1898,"Pinto beans, NFS"
1899,"Pinto beans, from dried, fat added"
1900,"Pinto beans, from dried, no added fat"
1901,"Pinto beans, from canned, fat added"
1902,"Pinto beans, from canned, no added fat"
1903,"Pinto beans, from canned, reduced sodium"
1904,"Pinto beans, from fast food / restaurant"
1905,Pinto beans with meat
1906,"Kidney beans, NFS"
1907,"Kidney beans, from dried, fat added"
1908,"Kidney beans, from dried, no added fat"
1909,"Kidney beans, from canned, fat added"
1910,"Kidney beans, from canned, no added fat"
1911,"Kidney beans, from canned, reduced sodium"
1912,"Kidney beans, from fast food / restaurant"
1913,Kidney beans with meat
1914,"Peruvian beans, from dried"
1915,"Soybeans, cooked"
1916,"Mung beans, cooked"
1917,Baked beans
1918,"Baked beans, vegetarian"
1919,Baked beans from fast food / restaurant
1920,"Beans and tomatoes, no added fat"
1921,"Beans and tomatoes, fat added"
1922,Black bean salad
1923,Refried beans
1924,"Refried beans, from fast food / restaurant"
1925,Refried beans with meat
1926,"Refried beans, from canned, reduced sodium"
1927,"Bean dip, made with refried beans"
1928,Layer dip
1929,"Hummus, plain"
1930,"Hummus, flavored"
1931,Black bean sauce
1932,Beans and franks
1933,Pork and beans
1934,"Beans with meat, NS as to type"
1935,Falafel
1936,Bean cake
1937,"Baked beans, reduced sodium"
1938,"Chili, vegetarian"
1939,"Blackeyed peas, NFS"
1940,"Blackeyed peas, from dried"
1941,"Chickpeas, NFS"
1942,"Chickpeas, from dried, fat added"
1943,"Chickpeas, from dried, no added fat"
1944,"Chickpeas, from canned, fat added"
1945,"Chickpeas, from canned, no added fat"
1946,"Chickpeas, from canned, reduced sodium"
1947,"Split peas, from dried, no added fat"
1948,"Split peas, from dried, fat added"
1949,Wasabi peas
1950,"Lentils, NFS"
1951,"Lentils, from dried, fat added"
1952,"Lentils, from dried, no added fat"
1953,"Lentils, from canned"
1954,Dal
1955,Bean chips
1956,"Papad, grilled or broiled"
1957,"Sambar, vegetable stew"
1958,Lentil curry
1959,Lentil curry with rice
1960,Soy nuts
1961,Soy chips
1962,Soybean curd
1963,"Edamame, cooked"
1964,Soybean curd cheese
1965,Miso sauce
1966,Hoisin sauce
1967,Soy sauce
1968,"Soy sauce, reduced sodium"
1969,"Yogurt, soy"
1970,Teriyaki sauce
1971,"Teriyaki sauce, reduced sodium"
1972,Worcestershire sauce
1973,"Soybean curd, deep fried"
1974,"Soybean curd, breaded, fried"
1975,"Vermicelli, made from soybeans"
1976,"Textured vegetable protein, dry"
1977,"Frozen dessert, non-dairy"
1978,"Soup, bean"
1979,"Soup, bean, canned"
1980,"Soup, miso or tofu"
1981,"Soup, bean, canned, reduced sodium"
1982,"Soup, bean, with meat"
1983,"Soup, split pea, with meat"
1984,"Soup, split pea"
1985,"Soup, lentil, canned"
1986,"Soup, lentil, canned, reduced sodium"
1987,"Soup, lentil"
1988,"Soup, lentil, with meat"
1989,"Soup, mulligatawany"
1990,"Bacon strip, meatless"
1991,Bacon bits
1992,"Breakfast link, pattie, or slice, meatless"
1993,"Chicken, meatless, NFS"
1994,"Hot dog, vegetarian"
1995,"Luncheon slice, meatless-beef, chicken, salami or turkey"
1996,"Meatball, meatless"
1997,"Veggie burger patty, no bun"
1998,"Swiss steak, with gravy, meatless"
1999,"Pot pie, no meat"
2000,"Tofu and vegetables including carrots, broccoli, and/or dark-green leafy; no potatoes, with soy-based sauce"
2001,"Tofu and vegetables excluding carrots, broccoli, and dark-green leafy; no potatoes, with soy-based sauce"
2002,"Vegetarian, fillet"
2003,Vegetarian stew
2004,Vegetarian stroganoff
2005,"Veggie burger, on bun"
2006,"Veggie burger, on bun, with cheese"
2007,Falafel sandwich
2008,"Nuts, NFS"
2009,"Almonds, NFS"
2010,"Almonds, unroasted"
2011,"Almonds, salted"
2012,"Almonds, lightly salted"
2013,"Almonds, unsalted"
2014,"Almonds, flavored"
2015,"Almonds, honey roasted"
2016,Brazil nuts
2017,"Cashews, NFS"
2018,"Cashews, unroasted"
2019,"Cashews, salted"
2020,"Cashews, lightly salted"
2021,"Cashews, unsalted"
2022,"Cashews, honey roasted"
2023,Chestnuts
2024,"Coconut, fresh"
2025,"Coconut, packaged"
2026,Hazelnuts
2027,Macadamia nuts
2028,"Mixed nuts, NFS"
2029,"Mixed nuts, unroasted"
2030,"Mixed nuts, with peanuts, salted"
2031,"Mixed nuts, with peanuts, lightly salted"
2032,"Mixed nuts, with peanuts, unsalted"
2033,"Mixed nuts, without peanuts, salted"
2034,"Mixed nuts, without peanuts, unsalted"
2035,"Mixed nuts, honey roasted"
2036,"Peanuts, NFS"
2037,"Peanuts, boiled"
2038,"Peanuts, unroasted"
2039,"Peanuts, roasted, salted"
2040,"Peanuts, roasted, unsalted"
2041,"Peanuts, dry roasted, salted"
2042,"Peanuts, dry roasted, lightly salted"
2043,"Peanuts, dry roasted, unsalted"
2044,"Peanuts, honey roasted"
2045,"Pecans, NFS"
2046,"Pecans, unroasted"
2047,"Pecans, salted"
2048,"Pecans, unsalted"
2049,"Pecans, honey roasted"
2050,Pine nuts
2051,"Pistachio nuts, NFS"
2052,"Pistachio nuts, salted"
2053,"Pistachio nuts, lightly salted"
2054,"Pistachio nuts, unsalted"
2055,"Walnuts, excluding honey roasted"
2056,"Walnuts, honey roasted"
2057,Almond butter
2058,"Almond butter, lower sodium"
2059,Almond paste
2060,Cashew butter
2061,Peanut butter
2062,"Peanut butter, lower sodium"
2063,"Peanut butter, lower sodium and lower sugar"
2064,"Peanut butter, lower sugar"
2065,"Peanut butter, reduced fat"
2066,"Peanut butter, vitamin and mineral fortified"
2067,Peanut butter and jelly
2068,Peanut butter and chocolate spread
2069,Soy nut butter
2070,Peanut sauce
2071,"Soup, peanut"
2072,"Gravy, vegetarian"
2073,"Peanut butter sandwich, NFS"
2074,"Peanut butter sandwich, with regular peanut butter, on white bread"
2075,"Peanut butter sandwich, with regular peanut butter, on wheat bread"
2076,"Peanut butter sandwich, with reduced fat peanut butter, on white bread"
2077,"Peanut butter sandwich, with reduced fat peanut butter, on wheat bread"
2078,"Peanut butter and jelly sandwich, NFS"
2079,"Peanut butter and jelly sandwich, with regular peanut butter, regular jelly, on white bread"
2080,"Peanut butter and jelly sandwich, with regular peanut butter, regular jelly, on wheat bread"
2081,"Peanut butter and jelly sandwich, with reduced fat peanut butter, on white bread"
2082,"Peanut butter and jelly sandwich, with reduced fat peanut butter, on wheat bread"
2083,"Peanut butter and jelly sandwich, with regular peanut butter, reduced sugar jelly, on white bread"
2084,"Peanut butter and jelly sandwich, with regular peanut butter, reduced sugar jelly, on wheat bread"
2085,"Peanut butter and jelly sandwich, frozen commercial product without crusts"
2086,"Almond butter sandwich, on white bread"
2087,"Almond butter sandwich, on wheat bread"
2088,"Almond butter and jelly sandwich, on white bread"
2089,"Almond butter and jelly sandwich, on wheat bread"
2090,"Coconut milk, used in cooking"
2091,"Yogurt, coconut milk"
2092,"Yogurt, almond milk"
2093,"Coconut cream, canned, sweetened"
2094,"Coconut water, unsweetened"
2095,"Coconut water, sweetened"
2096,"Trail mix, NFS"
2097,Trail mix with nuts
2098,Trail mix with nuts and fruit
2099,Trail mix with chocolate
2100,"Trail mix with pretzels, cereal, or granola"
2101,"Pumpkin seeds, NFS"
2102,"Pumpkin seeds, salted"
2103,"Pumpkin seeds, unsalted"
2104,"Sunflower seeds, plain, unsalted"
2105,"Sunflower seeds, plain, salted"
2106,"Sunflower seeds, flavored"
2107,"Sunflower seeds, NFS"
2108,Sesame seeds
2109,Tahini
2110,Flax seeds
2111,Mixed seeds
2112,Chia seeds
2113,"Bread, NS as to major flour"
2114,"Bread, NS as to major flour, toasted"
2115,"Bread, made from home recipe or purchased at a bakery, NS as to major flour"
2116,"Bread, made from home recipe or purchased at a bakery, toasted, NS as to major flour"
2117,"Roll, NS as to major flour"
2118,"Roll, hard, NS as to major flour"
2119,"Roll, bran, NS as to type of bran"
2120,"Bread, white"
2121,"Bread, white, toasted"
2122,"Bread, white, made from home recipe or purchased at a bakery"
2123,"Bread, white, made from home recipe or purchased at a bakery, toasted"
2124,"Bread, white with whole wheat swirl"
2125,"Bread, white with whole wheat swirl, toasted"
2126,"Bread, Cuban"
2127,"Bread, Cuban, toasted"
2128,"Bread, native, water, Puerto Rican style"
2129,"Bread, native, water, toasted, Puerto Rican style"
2130,"Bread, lard, Puerto Rican style"
2131,"Bread, lard, toasted, Puerto Rican style"
2132,"Bread, French or Vienna"
2133,"Bread, French or Vienna, toasted"
2134,"Focaccia, Italian, plain"
2135,"Bread, naan"
2136,"Bread, Italian, Grecian, Armenian"
2137,"Bread, Italian, Grecian, Armenian, toasted"
2138,"Bread, pita"
2139,"Bread, pita with fruit"
2140,"Bread, cheese, toasted"
2141,"Bread, cinnamon, toasted"
2142,"Bread, cornmeal and molasses"
2143,"Bread, cornmeal and molasses, toasted"
2144,"Bread, egg, Challah"
2145,"Bread, egg, Challah, toasted"
2146,"Garlic bread, NFS"
2147,"Garlic bread, from fast food / restaurant"
2148,"Garlic bread, from frozen"
2149,"Garlic bread, with parmesan cheese, from fast food / restaurant"
2150,"Garlic bread, with parmesan cheese, from frozen"
2151,"Garlic bread, with melted cheese, from fast food / restaurant"
2152,"Garlic bread, with melted cheese, from frozen"
2153,"Bread, onion"
2154,"Bread, onion, toasted"
2155,"Bread, reduced calorie and/or high fiber, white or NFS"
2156,"Bread, reduced calorie and/or high fiber, white or NFS, toasted"
2157,"Bread, reduced calorie and/or high fiber, white or NFS, with fruit and/or nuts"
2158,"Bread, reduced calorie and/or high fiber, white or NFS, with fruit and/or nuts, toasted"
2159,"Bread, white, special formula, added fiber"
2160,"Bread, white, special formula, added fiber, toasted"
2161,"Bread, high protein, toasted"
2162,"Bread, potato, toasted"
2163,"Bread, raisin"
2164,"Bread, raisin, toasted"
2165,"Bread, sour dough"
2166,"Bread, sour dough, toasted"
2167,"Bread, sweet potato"
2168,"Bread, sweet potato, toasted"
2169,"Bread, vegetable"
2170,"Bread, vegetable, toasted"
2171,Bruschetta
2172,"Bread, dough, fried"
2173,"Roll, white, soft"
2174,"Roll, white, hard"
2175,"Roll, white, hot dog bun"
2176,"Roll, white, hamburger bun"
2177,"Roll, diet"
2178,"Roll, egg bread"
2179,"Roll, cheese"
2180,"Roll, French or Vienna"
2181,"Roll, garlic"
2182,"Roll, white, hoagie, submarine"
2183,"Roll, Mexican, bolillo"
2184,"Roll, sour dough"
2185,"Roll, sweet, no frosting"
2186,"Roll, sweet, cinnamon bun, no frosting"
2187,"Roll, sweet, cinnamon bun, frosted"
2188,"Pan dulce, NFS"
2189,"Pan Dulce, with fruit, no frosting"
2190,"Roll, sweet, with fruit, frosted"
2191,"Roll, sweet, with fruit, frosted, diet"
2192,"Roll, sweet, frosted"
2193,"Pan Dulce, no topping"
2194,"Pan Dulce, with sugar topping"
2195,"Pan Dulce, with raisins and icing"
2196,"Coffee cake, yeast type"
2197,Croissant
2198,"Croissant, cheese"
2199,"Croissant, chocolate"
2200,"Croissant, fruit"
2201,Brioche
2202,"Bread, Spanish coffee"
2203,Bagel
2204,"Bagel, with raisins"
2205,"Bagel, with fruit other than raisins"
2206,Bread stuffing
2207,Bread stuffing made with egg
2208,"Breadsticks, NFS"
2209,"Breadsticks, hard, NFS"
2210,"Breadsticks, hard, reduced sodium"
2211,"Breadsticks, soft, NFS"
2212,"Breadsticks, soft, fast food / restaurant"
2213,"Breadsticks, soft, frozen"
2214,"Breadsticks, soft, with parmesan cheese, fast food / restaurant"
2215,"Breadsticks, soft, stuffed or topped with melted cheese"
2216,Croutons
2217,"Muffin, English"
2218,"Muffin, English, with raisins"
2219,"Muffin, English, cheese"
2220,"Muffin, English, with fruit other than raisins"
2221,Melba toast
2222,Anisette toast
2223,Pannetone
2224,Zwieback toast
2225,"Bread, whole grain white"
2226,"Bread, whole grain white, toasted"
2227,"Bagel, whole grain white"
2228,"Bread, whole wheat"
2229,"Bread, whole wheat, toasted"
2230,"Bread, whole wheat, made from home recipe or purchased at bakery"
2231,"Bread, whole wheat, made from home recipe or purchased at bakery, toasted"
2232,"Bread, chappatti or roti"
2233,"Bread, puri"
2234,"Bread, paratha"
2235,"Bread, whole wheat, with raisins"
2236,"Bread, whole wheat, with raisins, toasted"
2237,"Bread, sprouted wheat"
2238,"Bread, sprouted wheat, toasted"
2239,"Bread, wheat or cracked wheat"
2240,"Bread, wheat or cracked wheat, toasted"
2241,"Bread, wheat or cracked wheat, made from home recipe or purchased at bakery"
2242,"Bread, wheat or cracked wheat, made from home recipe or purchased at bakery, toasted"
2243,"Bread, wheat or cracked wheat, with raisins"
2244,"Bread, wheat or cracked wheat, with raisins, toasted"
2245,"Bread, wheat or cracked wheat, reduced calorie and/or high fiber"
2246,"Bread, wheat or cracked wheat, reduced calorie and/or high fiber, toasted"
2247,"Bread, French or Vienna, whole wheat"
2248,"Bread, French or Vienna, whole wheat, toasted"
2249,"Bread, pita, whole wheat"
2250,"Bread, pita, wheat or cracked wheat"
2251,"Bagel, wheat"
2252,"Bagel, whole wheat"
2253,"Bagel, wheat, with raisins"
2254,"Bagel, whole wheat, with raisins"
2255,"Bagel, wheat, with fruit and nuts"
2256,"Bagel, wheat bran"
2257,"Muffin, English, wheat bran"
2258,"Muffin, English, wheat bran, with raisins"
2259,"Muffin, English, wheat or cracked wheat"
2260,"Muffin, English, whole wheat"
2261,"Muffin, English, wheat or cracked wheat, with raisins"
2262,"Muffin, English, whole wheat, with raisins"
2263,"Muffin, English, whole grain white"
2264,"Breadsticks, hard, whole wheat"
2265,"Roll, wheat or cracked wheat"
2266,"Roll, wheat or cracked wheat, hot dog bun"
2267,"Roll, wheat or cracked wheat, hamburger bun"
2268,"Roll, whole wheat"
2269,"Roll, whole wheat, hot dog bun"
2270,"Roll, whole wheat, hamburger bun"
2271,"Roll, whole grain white"
2272,"Roll, whole grain white, hot dog bun"
2273,"Roll, whole grain white, hamburger bun"
2274,"Bread, marble rye and pumpernickel"
2275,"Bread, marble rye and pumpernickel, toasted"
2276,"Muffin, English, rye"
2277,"Bread, pumpernickel, toasted"
2278,"Bagel, pumpernickel"
2279,"Muffin, English, pumpernickel"
2280,"Bread, black"
2281,"Bread, black, toasted"
2282,"Roll, rye"
2283,"Roll, pumpernickel"
2284,"Bagel, oat bran"
2285,"Roll, oatmeal"
2286,"Muffin, English, oat bran"
2287,"Muffin, English, oat bran, with raisins"
2288,"Bread, multigrain, toasted"
2289,"Bread, multigrain"
2290,"Bread, multigrain, with raisins"
2291,"Bread, multigrain, with raisins, toasted"
2292,"Bread, multigrain, reduced calorie and/or high fiber"
2293,"Bread, multigrain, reduced calorie and/or high fiber, toasted"
2294,"Roll, multigrain"
2295,"Roll, multigrain, hot dog bun"
2296,"Roll, multigrain, hamburger bun"
2297,"Bagel, multigrain"
2298,"Bagel, multigrain, with raisins"
2299,"Muffin, English, multigrain"
2300,"Bread, barley"
2301,"Bread, barley, toasted"
2302,"Bread, soy"
2303,"Bread, soy, toasted"
2304,"Bread, sunflower meal"
2305,"Bread, sunflower meal, toasted"
2306,"Bread, rice"
2307,"Bread, rice, toasted"
2308,"Injera, Ethiopian bread"
2309,"Bread, gluten free"
2310,"Bread, gluten free, toasted"
2311,"Breadsticks, hard, gluten free"
2312,"Roll, gluten free"
2313,"Biscuit, NFS"
2314,"Biscuit, from refrigerated dough"
2315,"Biscuit, from fast food / restaurant"
2316,"Biscuit, home recipe"
2317,"Biscuit, wheat"
2318,"Biscuit, cheese"
2319,Biscuit with fruit
2320,Scone
2321,"Scone, with fruit"
2322,"Cornbread, prepared from mix"
2323,"Cornbread, made from home recipe"
2324,Cornbread stuffing
2325,"Cornbread muffin, stick, round"
2326,"Cornbread muffin, stick, round, made from home recipe"
2327,"Corn flour patty or tart, fried"
2328,"Corn pone, baked"
2329,"Corn pone, fried"
2330,"Gordita/sope shell, plain, no filling"
2331,Hush puppy
2332,Johnnycake
2333,Spoonbread
2334,"Tortilla, NFS"
2335,"Tortilla, corn"
2336,"Tortilla, flour"
2337,"Tortilla, whole wheat"
2338,"Taco shell, corn"
2339,"Taco shell, flour"
2340,Arepa Dominicana
2341,"Muffin, NFS"
2342,"Muffin, fruit"
2343,"Muffin, fruit, low fat"
2344,"Muffin, chocolate chip"
2345,"Muffin, chocolate"
2346,"Muffin, whole wheat"
2347,"Muffin, wheat"
2348,"Muffin, whole grain"
2349,"Muffin, wheat bran"
2350,"Muffin, bran with fruit, lowfat"
2351,"Muffin, oatmeal"
2352,"Muffin, oat bran"
2353,"Muffin, plain"
2354,"Muffin, cheese"
2355,"Muffin, pumpkin"
2356,"Muffin, zucchini"
2357,"Muffin, carrot"
2358,Popover
2359,"Bread, Boston Brown"
2360,"Bread, nut"
2361,"Bread, pumpkin"
2362,"Bread, fruit"
2363,"Bread, zucchini"
2364,"Bread, Irish soda"
2365,"Cake or cupcake, NFS"
2366,"Cake, angel food"
2367,"Cake or cupcake, apple"
2368,"Cake or cupcake, banana"
2369,"Cake or cupcake, Black Forest"
2370,"Cake, Boston cream pie"
2371,"Cake or cupcake, carrot"
2372,"Cake or cupcake, coconut"
2373,"Cheesecake, plain"
2374,"Cheesecake, fruit"
2375,"Cheesecake, chocolate"
2376,"Cake or cupcake, chocolate with white icing, bakery"
2377,"Cake or cupcake, chocolate with white icing, from mix"
2378,"Cake or cupcake, chocolate with chocolate icing, bakery"
2379,"Cake or cupcake, chocolate with chocolate icing, from mix"
2380,"Cake or cupcake, chocolate, no icing"
2381,"Cake or cupcake, German chocolate"
2382,"Cake or cupcake, gluten free"
2383,"Cake, chocolate, flourless"
2384,"Cake, cream"
2385,"Snack cake, chocolate"
2386,"Snack cake, white"
2387,"Cake, fruit cake"
2388,"Cake or cupcake, gingerbread"
2389,Ice cream cake
2390,"Cake, jelly roll"
2391,"Cake or cupcake, lemon"
2392,"Cake or cupcake, marble"
2393,"Cake or cupcake, peanut butter"
2394,"Cake, pound"
2395,"Cake or cupcake, pumpkin"
2396,"Cake or cupcake, red velvet"
2397,"Cake or cupcake, spice"
2398,"Cake, sponge"
2399,"Cake or cupcake, strawberry"
2400,"Cake, torte"
2401,"Cake, tres leche"
2402,"Cake, pineapple, upside down"
2403,"Cake or cupcake, white with white icing, bakery"
2404,"Cake or cupcake, white with white icing, from mix"
2405,"Cake or cupcake, white with chocolate icing, bakery"
2406,"Cake or cupcake, white with chocolate icing, from mix"
2407,"Cake or cupcake, white, no icing"
2408,"Cake, strawberry shortcake"
2409,"Cake or cupcake, zucchini"
2410,"Cookie, batter or dough, raw"
2411,"Cookie, NFS"
2412,"Cookie, almond"
2413,"Cookie, applesauce"
2414,"Cookie, biscotti"
2415,"Cookie, brownie, NS as to icing"
2416,"Cookie, brownie, without icing"
2417,"Cookie, brownie, with icing or filling"
2418,"Cookie, brownie, reduced fat, NS as to icing"
2419,"Cookie, butterscotch, brownie"
2420,"Cookie, bar, with chocolate"
2421,"Cookie, chocolate chip"
2422,"Cookie, chocolate chip, made from home recipe or purchased at a bakery"
2423,"Cookie, chocolate chip, reduced fat"
2424,"Cookie, chocolate chip sandwich"
2425,"Cookie, chocolate, made with rice cereal"
2426,"Cookie, chocolate, made with oatmeal and coconut, no bake"
2427,"Cookie, chocolate or fudge"
2428,"Cookie, marshmallow, chocolate-covered"
2429,"Cookie, marshmallow pie, chocolate covered"
2430,"Cookie, sugar wafer, chocolate-covered"
2431,"Cookie, chocolate sandwich"
2432,"Cookie, chocolate sandwich, reduced fat"
2433,"Cookie, chocolate, sandwich, with extra filling"
2434,"Cookie, chocolate and vanilla sandwich"
2435,"Cookie, chocolate wafer"
2436,"Cookie, graham cracker with chocolate and marshmallow"
2437,"Cookie bar, with chocolate, nuts, and graham crackers"
2438,"Cookie, coconut"
2439,"Cookie, fruit-filled bar"
2440,"Cookie, fig bar"
2441,"Cookie, fortune"
2442,"Cookie, cone shell, ice cream type, wafer or cake"
2443,"Cookie, gingersnaps"
2444,"Cookie, granola"
2445,"Cookie, ladyfinger"
2446,"Cookie, lemon bar"
2447,"Cookie, macaroon"
2448,"Cookie, marshmallow, with coconut"
2449,"Cookie, marshmallow, with rice cereal, no bake"
2450,"Cookie, marshmallow, with rice cereal and chocolate chips"
2451,"Cookie, marshmallow and peanut butter, with oat cereal, no bake"
2452,"Cookie, meringue"
2453,"Cookie, molasses"
2454,"Cookie, Lebkuchen"
2455,"Cookie, multigrain, high fiber"
2456,"Cookie, oatmeal"
2457,"Cookie, oatmeal, with raisins"
2458,"Cookie, oatmeal, reduced fat, NS as to raisins"
2459,"Cookie, oatmeal sandwich, with creme filling"
2460,"Cookie, oatmeal, with chocolate chips"
2461,"Cookie, oatmeal sandwich, with peanut butter and jelly filling"
2462,"Cookie, oatmeal, with chocolate and peanut butter, no bake"
2463,"Cookie, peanut butter"
2464,"Cookie, peanut butter, with chocolate"
2465,"Cookie, peanut butter with rice cereal, no bake"
2466,"Cookie, peanut butter sandwich"
2467,"Cookie, Pfeffernusse"
2468,"Cookie, Pizzelle"
2469,"Cookie, pumpkin"
2470,"Cookie, raisin"
2471,"Cookie, raisin sandwich, cream-filled"
2472,"Cookie, rum ball, no bake"
2473,"Cookie, sandwich-type, not chocolate or vanilla"
2474,"Cookie, shortbread"
2475,"Cookie, shortbread, reduced fat"
2476,"Cookie, shortbread, with icing or filling"
2477,"Cookie, animal"
2478,"Cookie, animal, with frosting or icing"
2479,"Cookie, butter or sugar"
2480,Marie biscuit
2481,"Cookie, butter or sugar, with fruit and/or nuts"
2482,"Cookie, sugar wafer"
2483,"Cookie, toffee bar"
2484,"Cookie, vanilla sandwich"
2485,"Cookie, vanilla sandwich, extra filling"
2486,"Cookie, vanilla sandwich, reduced fat"
2487,"Cookie, butter or sugar, with icing or filling other than chocolate"
2488,"Cookie, tea, Japanese"
2489,"Cookie, vanilla wafer"
2490,"Cookie, vanilla wafer, reduced fat"
2491,"Cookie, rugelach"
2492,"Cookie, chocolate chip, reduced sugar"
2493,"Cookie, oatmeal, reduced sugar"
2494,"Cookie, sandwich, reduced sugar"
2495,"Cookie, sugar or plain, sugar free"
2496,"Cookie, sugar wafer, sugar free"
2497,"Cookie, peanut butter, sugar free"
2498,"Cookie, gluten free"
2499,"Cookies, Puerto Rican style"
2500,"Pie, NFS"
2501,"Tart, all types"
2502,"Pie, apple"
2503,"Pie, apple, fast food"
2504,"Pie, berry"
2505,"Pie, blueberry"
2506,"Pie, cherry"
2507,"Pie, lemon"
2508,"Pie, key lime"
2509,"Pie, strawberry"
2510,"Pie, banana cream"
2511,"Pie, chocolate cream"
2512,"Pie, coconut cream"
2513,"Pie, custard"
2514,Dessert pizza
2515,"Pie, peanut butter cream"
2516,"Pie, pineapple cream"
2517,"Pie, pumpkin"
2518,"Pie, sweet potato"
2519,"Pie, vanilla cream"
2520,"Pie, lemon meringue"
2521,"Pie, pecan"
2522,"Pie, oatmeal"
2523,Pie shell
2524,"Pie shell, graham cracker"
2525,"Cobbler, apple"
2526,"Cobbler, berry"
2527,"Cobbler, cherry"
2528,"Cobbler, peach"
2529,"Crisp, apple"
2530,"Fritter, plain"
2531,"Fritter, fruit"
2532,"Crisp, berry"
2533,"Crisp, cherry"
2534,"Crisp, peach"
2535,"Cream puff, eclair, custard or cream filled, NS as to icing"
2536,"Cream puff, eclair, custard or cream filled, not iced"
2537,"Cream puff, eclair, custard or cream filled, iced, reduced fat"
2538,"Cream puff, no filling or icing"
2539,"Sopaipilla, without syrup or honey"
2540,Sopaipilla with syrup or honey
2541,"Crepe, chocolate filled"
2542,"Crepe, fruit filled"
2543,"Tamale, sweet"
2544,"Strudel, berry"
2545,"Strudel, cherry"
2546,"Strudel, cheese"
2547,"Strudel, peach"
2548,Baklava
2549,Basbousa
2550,"Turnover, fruit"
2551,"Pastry, fruit-filled"
2552,"Pastry, made with bean or lotus seed paste filling, baked"
2553,"Pastry, made with bean paste and salted egg yolk filling, baked"
2554,"Pastry, Chinese, made with rice flour"
2555,"Pastry, cookie type, fried"
2556,"Pastry, Italian, with cheese"
2557,"Pastry, puff"
2558,"Pastry, puff, custard or cream filled, iced or not iced"
2559,Cheese pastry puffs
2560,"Pastry, mainly flour and water, fried"
2561,"Empanada, fruit"
2562,"Breakfast pastry, NFS"
2563,"Danish pastry, plain or spice"
2564,"Danish pastry, with fruit"
2565,"Danish pastry, with cheese"
2566,"Doughnut, NFS"
2567,"Doughnut, cake type, plain"
2568,"Doughnut, chocolate"
2569,"Doughnut, cake type, powdered sugar"
2570,"Doughnut, cake type, with icing"
2571,"Doughnut, cake type, chocolate icing"
2572,"Doughnut, chocolate, with chocolate icing"
2573,Doughnut holes
2574,Churros
2575,Beignet
2576,"Doughnut, yeast type"
2577,"Doughnut, yeast type, with chocolate icing"
2578,"Doughnut, jelly"
2579,"Doughnut, custard-filled"
2580,"Doughnut, custard-filled, with icing"
2581,Breakfast tart
2582,"Breakfast tart, lowfat"
2583,"Coffee cake, crumb or quick-bread type"
2584,"Coffee cake, crumb or quick-bread type, with fruit"
2585,"Coffee cake, crumb or quick-bread type, cheese-filled"
2586,Milk 'n Cereal bar
2587,"Snack bar, oatmeal"
2588,"Cereal or Granola bar, NFS"
2589,"Cereal or granola bar, lowfat, NFS"
2590,"Cereal or granola bar, nonfat"
2591,"Cereal or granola bar, reduced sugar, NFS"
2592,"Cereal or granola bar, fruit and nut"
2593,"Cereal or granola bar, peanuts , oats, sugar, wheat germ"
2594,"Cereal or granola bar, chocolate coated, NFS"
2595,"Cereal or granola bar, with coconut, chocolate coated"
2596,"Cereal or granola bar with nuts, chocolate coated"
2597,"Cereal or granola bar, oats, nuts, coated with non-chocolate coating"
2598,"Cereal or granola bar, coated with non-chocolate coating"
2599,"Cereal or granola bar, high fiber, coated with non-chocolate yogurt coating"
2600,"Cereal or granola bar, with rice cereal"
2601,"Breakfast bar, NFS"
2602,"Breakfast bar, date, with yogurt coating"
2603,"Breakfast bar, cereal crust with fruit filling, lowfat"
2604,"Nutrition bar or meal replacement bar, NFS"
2605,"Baby Toddler snack, NFS"
2606,Baby Toddler bar
2607,Baby Toddler cookie
2608,Baby Toddler biscuit
2609,"Crackers, NFS"
2610,Graham crackers
2611,"Graham crackers, chocolate covered"
2612,"Crackers, oatmeal"
2613,"Crackers, Cuban"
2614,"Graham crackers, reduced fat"
2615,"Graham crackers, sandwich, with filling"
2616,"Crackers, breakfast biscuit"
2617,"Crackers, butter, reduced sodium"
2618,"Crackers, matzo, reduced sodium"
2619,"Crackers, saltine, reduced sodium"
2620,"Crackers, wheat, reduced sodium"
2621,"Crackers, woven wheat, reduced sodium"
2622,"Crackers, butter, plain"
2623,"Crackers, butter, flavored"
2624,"Crackers, butter, reduced fat"
2625,"Crackers, cheese"
2626,"Crackers, cheese, reduced sodium"
2627,"Crackers, crispbread"
2628,"Crackers, flatbread"
2629,"Crackers, matzo"
2630,"Crackers, oyster"
2631,"Chips, rice"
2632,Rice cake
2633,"Crackers, rice"
2634,"Crackers, rice and nuts"
2635,Popcorn cake
2636,Rice paper
2637,"Crackers, saltine"
2638,"Crackers, saltine, reduced fat"
2639,"Crackers, saltine, multigrain"
2640,"Crackers, sandwich"
2641,"Crackers, sandwich, peanut butter filled"
2642,"Crackers, sandwich, reduced fat, peanut butter filled"
2643,"Crackers, whole grain, sandwich, peanut butter filled"
2644,"Crackers, sandwich, cheese filled"
2645,"Crackers, water"
2646,"Crackers, wonton"
2647,"Crackers, woven wheat"
2648,"Crackers, woven wheat, reduced fat"
2649,"Crackers, wheat"
2650,"Crackers, gluten free, plain"
2651,"Crackers, gluten free, flavored"
2652,Baby Toddler crackers
2653,"Baby Toddler puffs, fruit"
2654,"Baby Toddler puffs, vegetable"
2655,Baby Toddler crunchies
2656,Baby Toddler wheels
2657,Corn nuts
2658,"Corn chips, plain"
2659,"Corn chips, flavored"
2660,Cheese flavored corn snacks
2661,"Cheese flavored corn snacks, reduced fat"
2662,"Tortilla chips, plain"
2663,"Tortilla chips, flavored"
2664,"Corn chips, reduced sodium"
2665,"Tortilla chips, reduced fat, plain"
2666,"Tortilla chips, reduced fat, flavored"
2667,"Tortilla chips, low fat, unsalted"
2668,"Tortilla chips, reduced sodium"
2669,Snack mix
2670,"Potato chips, restructured, multigrain"
2671,Pita chips
2672,"Popcorn, NFS"
2673,"Popcorn, movie theater, with added butter"
2674,"Popcorn, movie theater, no butter added"
2675,"Popcorn, air-popped, no butter added"
2676,"Popcorn, air-popped, with added butter"
2677,"Popcorn, popped in oil, no butter added"
2678,"Popcorn, popped in oil, with added butter"
2679,"Popcorn, microwave, NFS"
2680,"Popcorn, microwave, plain"
2681,"Popcorn, microwave, plain, light"
2682,"Popcorn, microwave, low sodium"
2683,"Popcorn, microwave, butter flavored"
2684,"Popcorn, microwave, flavored, light"
2685,"Popcorn, microwave, cheese flavored"
2686,"Popcorn, microwave, kettle"
2687,"Popcorn, ready-to-eat, NFS"
2688,"Popcorn, ready-to-eat, plain"
2689,"Popcorn, ready-to-eat, plain, light"
2690,"Popcorn, ready-to-eat, low sodium"
2691,"Popcorn, ready-to-eat, butter flavored"
2692,"Popcorn, ready-to-eat, cheese flavored"
2693,"Popcorn, ready-to-eat, flavored, light"
2694,"Popcorn, ready-to-eat, kettle"
2695,"Popcorn, caramel coated"
2696,"Popcorn, caramel coated, with nuts"
2697,"Popcorn, chocolate coated"
2698,"Popcorn chips, plain"
2699,"Popcorn chips, other flavors"
2700,"Popcorn chips, sweet flavors"
2701,Onion flavored rings
2702,Shrimp chips
2703,"Pretzels, NFS"
2704,"Pretzels, hard, NFS"
2705,"Pretzels, hard, plain, salted"
2706,"Pretzels, hard, plain, lightly salted"
2707,"Pretzels, hard, plain, unsalted"
2708,"Pretzels, hard, flavored"
2709,"Pretzels, hard, multigrain"
2710,"Pretzels, hard, plain, gluten free"
2711,"Pretzels, hard, flavored, gluten free"
2712,"Pretzel chips, hard, plain"
2713,"Pretzel chips, hard, flavored"
2714,"Pretzel chips, hard, gluten free"
2715,"Pretzels, hard, coated, NFS"
2716,"Pretzels, hard, chocolate coated"
2717,"Pretzels, hard, white chocolate coated"
2718,"Pretzels, hard, yogurt coated"
2719,"Pretzels, hard, coated, gluten free"
2720,"Pretzels, hard, filled, NFS"
2721,"Pretzels, hard, cheese filled"
2722,"Pretzels, hard, peanut butter filled"
2723,"Pretzels, soft, NFS"
2724,"Pretzels, soft, ready-to-eat, NFS"
2725,"Pretzels, soft, ready-to-eat, salted, buttered"
2726,"Pretzels, soft, ready-to-eat, unsalted, buttered"
2727,"Pretzels, soft, ready-to-eat, salted, no butter"
2728,"Pretzels, soft, ready-to-eat, unsalted, no butter"
2729,"Pretzels, soft, ready-to-eat, cinnamon sugar coated"
2730,"Pretzels, soft, ready-to-eat, coated or flavored"
2731,"Pretzels, soft, ready-to-eat, topped with meat"
2732,"Pretzels, soft, ready-to-eat, topped with cheese"
2733,"Pretzels, soft, from frozen, NFS"
2734,"Pretzels, soft, from frozen, salted"
2735,"Pretzels, soft, from frozen, unsalted"
2736,"Pretzels, soft, from frozen, cinnamon sugar coated"
2737,"Pretzels, soft, from frozen, coated or flavored"
2738,"Pretzels, soft, from frozen, topped with meat"
2739,"Pretzels, soft, from frozen, topped with cheese"
2740,"Pretzels, soft, filled with cheese"
2741,"Pretzels, soft, from school lunch"
2742,"Pretzels, soft, multigrain"
2743,"Pretzels, soft, gluten free"
2744,"Pretzels, soft, gluten free, cinnamon sugar coated"
2745,"Pretzels, soft, gluten free, coated or flavored"
2746,Bagel chips
2747,Cracker chips
2748,"Pancakes, NFS"
2749,"Pancakes, plain, frozen"
2750,"Pancakes, fruit, frozen"
2751,"Pancakes, chocolate, frozen"
2752,"Pancakes, whole grain, frozen"
2753,"Pancakes, plain, fast food / restaurant"
2754,"Pancakes, fruit, fast food / restaurant"
2755,"Pancakes, chocolate, fast food / restaurant"
2756,"Pancakes, whole grain, fast food / restaurant"
2757,"Pancakes, school"
2758,"Pancakes, plain"
2759,"Pancakes, fruit"
2760,"Pancakes, pumpkin"
2761,"Pancakes, chocolate"
2762,"Pancakes, whole grain"
2763,"Pancakes, whole grain, reduced fat"
2764,"Pancakes, gluten free"
2765,"Waffle, NFS"
2766,"Waffle, plain, frozen"
2767,"Waffle, plain, reduced fat"
2768,"Waffle, fruit, frozen"
2769,"Waffle, chocolate, frozen"
2770,"Waffle, whole grain, frozen"
2771,"Waffle, whole grain, reduced fat"
2772,"Waffle, whole grain, fruit, frozen"
2773,"Waffle, plain, fast food / restaurant"
2774,"Waffle, chocolate, fast food / restaurant"
2775,"Waffle, fruit, fast food / restaurant"
2776,"Waffle, whole grain, fast food / restaurant"
2777,"Waffle, school"
2778,"Waffle, plain"
2779,"Waffle, fruit"
2780,"Waffle, chocolate"
2781,"Waffle, cinnamon"
2782,"Waffle, whole grain"
2783,"Waffle, gluten free"
2784,"French toast, NFS"
2785,"French toast, frozen"
2786,"French toast, fast food / restaurant"
2787,"French toast, school"
2788,"French toast, plain"
2789,"French toast, whole grain"
2790,"French toast, gluten free"
2791,French toast sticks
2792,"French toast sticks, fast food / restaurant"
2793,"French toast sticks, school"
2794,"Crepe, NFS"
2795,"Crepe, plain"
2796,Chinese pancake
2797,"Dumpling, no meat"
2798,Cake made with glutinous rice
2799,Idli
2800,"Dosa, plain"
2801,Cake made with glutinous rice and dried beans
2802,Funnel cake with sugar
2803,Funnel cake with sugar and fruit
2804,"Pasta, vegetable, cooked"
2805,"Noodles, cooked"
2806,"Noodles, whole grain, cooked"
2807,"Noodles, chow mein"
2808,"Long rice noodles, made from mung beans, cooked"
2809,"Pasta, cooked"
2810,"Pasta, whole grain, cooked"
2811,"Pasta, gluten free"
2812,"Cereal, cooked, NFS"
2813,Barley
2814,Buckwheat groats
2815,"Grits, NFS"
2816,"Grits, regular or quick, made with water, NS as to fat"
2817,"Grits, regular or quick, made with water, no added fat"
2818,"Grits, regular or quick, made with water, fat added"
2819,"Grits, with cheese, NS as to fat"
2820,"Grits, with cheese, no added fat"
2821,"Grits, with cheese, fat added"
2822,"Grits, instant, made with water, no added fat"
2823,"Grits, instant, made with water, fat added"
2824,"Grits, instant, made with water, NS as to fat"
2825,"Cornmeal mush, NS as to fat"
2826,"Cornmeal mush, no added fat"
2827,"Cornmeal mush, fat added"
2828,"Masa harina, cooked"
2829,Millet
2830,"Oatmeal, fast food, plain"
2831,"Oatmeal, fast food, flavored"
2832,"Oatmeal, NFS"
2833,"Oatmeal, regular or quick, made with water, no added fat"
2834,"Oatmeal, regular or quick, made with water, fat added"
2835,"Oatmeal, regular or quick, made with milk, no added fat"
2836,"Oatmeal, regular or quick, made with milk, fat added"
2837,"Oatmeal, regular or quick, made with non-dairy milk, no added fat"
2838,"Oatmeal, regular or quick, made with non-dairy milk, fat added"
2839,"Oatmeal, instant, plain, made with water, no added fat"
2840,"Oatmeal, instant, plain, made with water, fat added"
2841,"Oatmeal, instant, plain, made with milk, no added fat"
2842,"Oatmeal, instant, plain, made with milk, fat added"
2843,"Oatmeal, instant, plain, made with non-dairy milk, no added fat"
2844,"Oatmeal, instant, plain, made with non-dairy milk, fat added"
2845,"Oatmeal, instant, maple flavored, no added fat"
2846,"Oatmeal, instant, maple flavored, fat added"
2847,"Oatmeal, instant, fruit flavored, no added fat"
2848,"Oatmeal, instant, fruit flavored, fat added"
2849,"Oatmeal, reduced sugar"
2850,"Oatmeal, multigrain"
2851,"Quinoa, NS as to fat"
2852,"Quinoa, no added fat"
2853,"Quinoa, fat added"
2854,"Rice, cooked, NFS"
2855,"Rice, white, cooked, NS as to fat"
2856,"Rice, white, cooked, made with oil"
2857,"Rice, white, cooked, made with butter"
2858,"Rice, white, cooked, made with margarine"
2859,"Rice, white, cooked, fat added, NS as to fat type"
2860,"Rice, white, cooked, no added fat"
2861,"Rice, brown, cooked, NS as to fat"
2862,"Rice, brown, cooked, fat added, made with oil"
2863,"Rice, brown, cooked, made with butter"
2864,"Rice, brown, cooked, made with margarine"
2865,"Rice, brown, cooked, fat added, NS as to fat type"
2866,"Rice, brown, cooked, no added fat"
2867,"Rice, cooked, with milk"
2868,"Rice, sweet, cooked with honey"
2869,Congee
2870,"Yellow rice, cooked, NS as to fat"
2871,"Yellow rice, cooked, no added fat"
2872,"Yellow rice, cooked, fat added"
2873,"Rice, white, cooked, glutinous"
2874,"Rice, wild, 100%, cooked, NS as to fat"
2875,"Rice, wild, 100%, cooked, no added fat"
2876,"Rice, wild, 100%, cooked, fat added"
2877,"Rice, white and wild, cooked, no added fat"
2878,"Rice, brown and wild, cooked, no added fat"
2879,"Rice, white and wild, cooked, fat added"
2880,"Rice, white and wild, cooked, NS as to fat"
2881,"Rice, brown and wild, cooked, fat added"
2882,"Rice, brown and wild, cooked, NS as to fat"
2883,"Rice, white, cooked with fat, Puerto Rican style"
2884,"Bulgur, no added fat"
2885,"Bulgur, fat added"
2886,"Bulgur, NS as to fat"
2887,"Couscous, plain, cooked"
2888,"Whole wheat cereal, cooked"
2889,"Wheat cereal, chocolate flavored, cooked"
2890,"Oat bran cereal, cooked"
2891,"Cereal, ready-to-eat, NFS"
2892,"Cereal, O's, flavored"
2893,"Cereal, crunch"
2894,"Cereal, O's, plain"
2895,"Cereal, chocolate puffs"
2896,"Cereal, cinnamon toast"
2897,"Cereal, chocolate crispy"
2898,"Cereal, corn squares"
2899,"Cereal, corn flakes, plain"
2900,"Cereal, corn puffs"
2901,"Cereal, rice crispy, plain"
2902,"Cereal, bran flakes, plain"
2903,"Cereal, shredded wheat, flavored"
2904,"Cereal, rice crispy, flavored"
2905,"Cereal, fruit rings"
2906,"Cereal, fruit crispy"
2907,"Cereal, granola"
2908,"Cereal, oat bunches"
2909,"Cereal, corn squares, flavored"
2910,"Cereal, O's, honey nut"
2911,"Cereal, multigrain"
2912,"Cereal, oat squares"
2913,"Cereal, frosted oats with marshmallows"
2914,"Cereal, O's, multigrain"
2915,"Cereal, bran flakes, flavored"
2916,"Cereal, rice squares"
2917,"Cereal, K's, plain"
2918,"Cereal, K's, flavored"
2919,"Cereal, flavored puffs"
2920,"Cereal, corn flakes, flavored"
2921,"Cereal, O's, NFS"
2922,"Cereal, wheat squares"
2923,Wheat germ
2924,"Cereal, plain puffs"
2925,"Cereal, shredded wheat, plain"
2926,"Cereal, wheat flakes"
2927,"Cereal, other, NFS"
2928,"Cereal, other, plain"
2929,"Cereal, other, fruit flavored"
2930,"Cereal, other, chocolate"
2931,"Cereal, other, peanut butter"
2932,"Cereal, other, honey"
2933,"Cereal, reduced sugar"
2934,Wheat bran
2935,"Oats, raw"
2936,"Cereal, oat bran, ready-to-eat"
2937,"Baby Toddler cereal, barley, dry"
2938,"Baby Toddler cereal, oatmeal, dry"
2939,"Baby Toddler cereal, rice, dry"
2940,"Baby Toddler cereal, rice with fruit, dry"
2941,"Baby Toddler cereal, multigrain with fruit, dry"
2942,"Baby Toddler cereal, multigrain, dry"
2943,"Baby Toddler cereal, oatmeal with fruit, dry"
2944,"Baby Toddler cereal, NFS"
2945,"Baby Toddler cereal, rice, ready-to-eat"
2946,"Baby Toddler cereal, oatmeal, ready-to-eat"
2947,"Baby Toddler cereal, multigrain, ready-to-eat"
2948,"Baby Toddler cereal, multigrain with fruit, ready-to-eat"
2949,"Baby Toddler cereal, oatmeal with fruit, ready-to-eat"
2950,"Baby Toddler cereal, rice with fruit, ready-to-eat"
2951,Chilaquiles
2952,Frito pie
2953,Mexican pizza
2954,Taco or tostada salad with meat
2955,Taco or tostada salad with chicken
2956,"Taco or tostada salad, meatless"
2957,Taco or tostada salad with meat and sour cream
2958,Taco or tostada salad with chicken and sour cream
2959,"Taco or tostada salad, meatless with sour cream"
2960,"Taco, NFS"
2961,"Taco, corn tortilla, beef, cheese"
2962,"Taco, corn tortilla, beef, with beans, cheese"
2963,"Taco, corn tortilla, pork, cheese"
2964,"Taco, corn tortilla, pork, with beans, cheese"
2965,"Taco, corn tortilla, chicken, cheese"
2966,"Taco, corn tortilla, chicken, with beans, cheese"
2967,"Taco, corn tortilla, with beans, cheese"
2968,"Taco, flour tortilla, beef, cheese"
2969,"Taco, flour tortilla, beef, with beans, cheese"
2970,"Taco, flour tortilla, pork, cheese"
2971,"Taco, flour tortilla, pork, with beans, cheese"
2972,"Taco, flour tortilla, chicken, cheese"
2973,"Taco, flour tortilla, chicken, with beans, cheese"
2974,"Taco, flour tortilla, with beans, cheese"
2975,"Taco, fish"
2976,"Taco, meat, no cheese"
2977,"Taco, meat, with beans, no cheese"
2978,"Taco, with beans, no cheese"
2979,"Taco, cheese only"
2980,"Burrito, NFS"
2981,"Burrito, beef, cheese"
2982,"Burrito, beef, with rice, cheese"
2983,"Burrito, beef, with beans, cheese"
2984,"Burrito, beef, with beans and rice, cheese"
2985,"Burrito, pork, cheese"
2986,"Burrito, pork, with rice, cheese"
2987,"Burrito, pork, with beans, cheese"
2988,"Burrito, pork, with beans and rice, cheese"
2989,"Burrito, chicken, cheese"
2990,"Burrito, chicken, with rice, cheese"
2991,"Burrito, chicken, with beans, cheese"
2992,"Burrito, chicken, with beans and rice, cheese"
2993,"Burrito, with beans, no cheese"
2994,"Burrito, with beans, cheese"
2995,"Burrito, with beans and rice, cheese"
2996,"Burrito, meat, no cheese"
2997,"Burrito, meat, with rice, no cheese"
2998,"Burrito, meat, with beans, no cheese"
2999,"Burrito, meat, with beans and rice, no cheese"
3000,"Burrito, cheese only"
3001,"Burrito bowl, NFS"
3002,"Burrito bowl, beef or pork"
3003,"Burrito bowl, beef or pork, with rice"
3004,"Burrito bowl, beef or pork, with beans"
3005,"Burrito bowl, beef or pork, with beans and rice"
3006,"Burrito bowl, chicken"
3007,"Burrito bowl, chicken, with rice"
3008,"Burrito bowl, chicken, with beans"
3009,"Burrito bowl, chicken, with beans and rice"
3010,"Burrito bowl, with beans"
3011,"Enchilada, NFS"
3012,"Enchilada, beef"
3013,"Enchilada, pork"
3014,"Enchilada, chicken"
3015,"Enchilada, no meat"
3016,"Tamale, NFS"
3017,"Tamale, beef"
3018,"Tamale, pork"
3019,"Tamale, chicken"
3020,"Tamale, no meat"
3021,Tamale casserole with meat
3022,"Nachos, NFS"
3023,"Nachos, cheese only"
3024,"Nachos, beef or pork"
3025,"Nachos, beef or pork, with beans"
3026,"Nachos, chicken"
3027,"Nachos, chicken, with beans"
3028,"Nachos, with beans"
3029,"Gordita, cheese only"
3030,"Gordita, with beans"
3031,"Gordita, meat"
3032,"Gordita, meat, with beans"
3033,"Chimichanga, meat"
3034,"Chimichanga, with beans"
3035,"Chimichanga, chicken"
3036,"Quesadilla, NFS"
3037,"Quesadilla, cheese only"
3038,"Quesadilla, beef or pork"
3039,"Quesadilla, chicken"
3040,"Quesadilla, with vegetables"
3041,"Quesadilla, beef or pork, with vegetables"
3042,"Quesadilla, chicken, with vegetables"
3043,"Quesadilla, egg"
3044,"Quesadilla, egg, with meat"
3045,"Taquito, cheese only"
3046,"Taquito, beef or pork"
3047,"Taquito, chicken"
3048,"Taquito, egg"
3049,"Fajita, NFS"
3050,"Fajita, chicken"
3051,"Fajita, beef or pork"
3052,"Fajita, shrimp"
3053,"Fajita, vegetable"
3054,"Pupusa, cheese only"
3055,"Pupusa, with beans"
3056,"Pupusa, meat"
3057,"Pupusa, meat, with beans"
3058,"Pizza, cheese, from frozen, thin crust"
3059,"Pizza, cheese, from frozen, thick crust"
3060,"Pizza, cheese, from restaurant or fast food, NS as to type of crust"
3061,"Pizza, cheese, from restaurant or fast food, thin crust"
3062,"Pizza, cheese, from restaurant or fast food, medium crust"
3063,"Pizza, cheese, from restaurant or fast food, thick crust"
3064,"Pizza, cheese, stuffed crust"
3065,"Pizza, cheese, from school lunch, medium crust"
3066,"Pizza, cheese, from school lunch, thin crust"
3067,"Pizza, cheese, from school lunch, thick crust"
3068,"Pizza, extra cheese, thin crust"
3069,"Pizza, extra cheese, thick crust"
3070,"Pizza, cheese, with vegetables, from frozen, thin crust"
3071,"Pizza, cheese with vegetables, from frozen, thick crust"
3072,"Pizza, cheese, with vegetables, from restaurant or fast food, thin crust"
3073,"Pizza, cheese, with vegetables, from restaurant or fast food, medium crust"
3074,"Pizza, cheese, with vegetables, from restaurant or fast food, thick crust"
3075,"Pizza with cheese and extra vegetables, thin crust"
3076,"Pizza with cheese and extra vegetables, medium crust"
3077,"Pizza with cheese and extra vegetables, thick crust"
3078,"Pizza, cheese, with fruit, thin crust"
3079,"Pizza, cheese, with fruit, medium crust"
3080,"Pizza, cheese, with fruit, thick crust"
3081,"Pizza with pepperoni, from frozen, thin crust"
3082,"Pizza with pepperoni, from frozen, medium crust"
3083,"Pizza with pepperoni, from frozen, thick crust"
3084,"Pizza with pepperoni, from restaurant or fast food, NS as to type of crust"
3085,"Pizza with pepperoni, from restaurant or fast food, thin crust"
3086,"Pizza with pepperoni, from restaurant or fast food,  medium crust"
3087,"Pizza with pepperoni, from restaurant or fast food, thick crust"
3088,"Pizza with pepperoni, stuffed crust"
3089,"Pizza with pepperoni, from school lunch, thin crust"
3090,"Pizza, with pepperoni, from school lunch, medium crust"
3091,"Pizza with pepperoni, from school lunch, thick crust"
3092,"Pizza with meat other than pepperoni, from frozen, thin crust"
3093,"Pizza with meat other than pepperoni, from frozen, medium crust"
3094,"Pizza with meat other than pepperoni, from frozen, thick crust"
3095,"Pizza with meat other than pepperoni, from restaurant or fast food, NS as to type of crust"
3096,"Pizza with meat other than pepperoni, from restaurant or fast food, thin crust"
3097,"Pizza with meat other than pepperoni, from restaurant or fast food, medium crust"
3098,"Pizza with meat other than pepperoni, from restaurant or fast food, thick crust"
3099,"Pizza, with meat other than pepperoni, stuffed crust"
3100,"Pizza, with meat other than pepperoni, from school lunch, medium crust"
3101,"Pizza, with meat other than pepperoni, from school lunch, thin crust"
3102,"Pizza, with meat other than pepperoni, from school lunch, thick crust"
3103,"Pizza with extra meat, thin crust"
3104,"Pizza with extra meat, medium crust"
3105,"Pizza with extra meat, thick crust"
3106,"Pizza with meat and vegetables, from frozen, thin crust"
3107,"Pizza with meat and vegetables, from frozen, medium crust"
3108,"Pizza with meat and vegetables, from frozen, thick crust"
3109,"Pizza with meat and vegetables, from restaurant or fast food, thin crust"
3110,"Pizza with meat and vegetables, from restaurant or fast food, medium crust"
3111,"Pizza with meat and vegetables, from restaurant or fast food, thick crust"
3112,"Pizza with extra meat and extra vegetables, thin crust"
3113,"Pizza with extra meat and extra vegetables, thick crust"
3114,"Pizza with extra meat and extra vegetables, medium crust"
3115,"Pizza with meat and fruit, thin crust"
3116,"Pizza with meat and fruit, medium crust"
3117,"Pizza with meat and fruit, thick crust"
3118,"Pizza with beans and vegetables, thin crust"
3119,"Pizza with beans and vegetables, thick crust"
3120,"Pizza, no cheese, thin crust"
3121,"Pizza, no cheese, thick crust"
3122,"White pizza, cheese, thin crust"
3123,"White pizza, cheese, thick crust"
3124,"White pizza, cheese, with vegetables, thin crust"
3125,"White pizza, cheese, with vegetables, thick crust"
3126,"White pizza, cheese, with meat, thin crust"
3127,"White pizza, cheese, with meat, thick crust"
3128,"White pizza, cheese, with meat and vegetables, thin crust"
3129,"White pizza, cheese, with meat and vegetables, thick crust"
3130,"Calzone, with cheese, meatless"
3131,"Calzone, with meat and cheese"
3132,Pizza rolls
3133,"Pizza, cheese, whole wheat thin crust"
3134,"Pizza, cheese, whole wheat thick crust"
3135,"Pizza, with meat, whole wheat thin crust"
3136,"Pizza, with meat, whole wheat thick crust"
3137,"Pizza, cheese and vegetables, whole wheat thin crust"
3138,"Pizza, cheese and vegetables, whole wheat thick crust"
3139,"Pizza, cheese, gluten-free thin crust"
3140,"Pizza, cheese, gluten-free thick crust"
3141,"Pizza, with meat, gluten-free thin crust"
3142,"Pizza, with meat, gluten-free thick crust"
3143,"Pizza, cheese and vegetables, gluten-free thin crust"
3144,"Pizza, cheese and vegetables, gluten-free thick crust"
3145,Breakfast pizza with egg
3146,"Egg roll, meatless"
3147,"Egg roll, with shrimp"
3148,"Egg roll, with beef and/or pork"
3149,"Egg roll, with chicken or turkey"
3150,"Roll with meat and/or shrimp, vegetables and rice paper, not fried"
3151,"Wonton, dumpling or pot sticker, fried"
3152,"Wonton, dumpling or pot sticker, fried, no meat"
3153,"Puffs, fried, crab meat and cream cheese filled"
3154,"Wonton, dumpling or pot sticker, steamed"
3155,"Empanada, NFS"
3156,"Empanada, no meat"
3157,"Empanada, beef"
3158,"Empanada, beef, with vegetables"
3159,"Empanada, chicken"
3160,"Empanada, chicken, with vegetables"
3161,"Cornmeal stick, Puerto Rican style"
3162,"Kibby, Puerto Rican style"
3163,Bacalaitos fritos
3164,"Hayacas, Puerto Rican style"
3165,"Crepe, with meat"
3166,Pierogi
3167,"Gnocchi, cheese"
3168,"Gnocchi, potato"
3169,Knish
3170,Bao bun
3171,"Bao bun, no meat"
3172,"Pastry, cheese-filled"
3173,"Pastry, egg and cheese filled"
3174,"Pastry, meat / poultry-filled"
3175,Spanakopita
3176,Samosa
3177,"Quiche with meat, poultry or fish"
3178,"Spinach quiche, meatless"
3179,"Cheese quiche, meatless"
3180,"Turnover or hot pocket, NFS"
3181,"Turnover or hot pocket, meatless"
3182,"Turnover or hot pocket, beef"
3183,"Turnover or hot pocket, ham"
3184,"Turnover or hot pocket, pizza pocket, meat"
3185,"Turnover or hot pocket, pizza pocket"
3186,"Turnover or hot pocket, chicken"
3187,"Turnover, seafood"
3188,Turnover or lean pocket
3189,"Turnover or breakfast pocket, egg"
3190,Biscuit with gravy
3191,Chicken cornbread
3192,Cornmeal dressing with chicken or turkey and vegetables
3193,Dressing with oysters
3194,Dressing with chicken or turkey and vegetables
3195,Dressing with meat and vegetables
3196,Lasagna with meat
3197,"Lasagna with meat, canned"
3198,"Lasagna with meat, from restaurant"
3199,"Lasagna with meat, home recipe"
3200,"Lasagna with meat, frozen"
3201,Lasagna with meat and spinach
3202,Lasagna with chicken or turkey
3203,"Lasagna, with chicken or turkey, and spinach"
3204,"Lasagna, meatless"
3205,"Lasagna, meatless, with vegetables"
3206,"Ravioli, NS as to filling, no sauce"
3207,"Ravioli, NS as to filling, with tomato sauce"
3208,"Ravioli, NS as to filling, with cream sauce"
3209,"Ravioli, meat-filled, no sauce"
3210,"Ravioli, meat-filled, with tomato sauce or meat sauce"
3211,"Ravioli, meat-filled, with cream sauce"
3212,"Ravioli, cheese-filled, no sauce"
3213,"Ravioli, cheese-filled, with tomato sauce"
3214,"Ravioli, cheese-filled, with tomato sauce, canned"
3215,"Ravioli, cheese-filled, with meat sauce"
3216,"Ravioli, cheese-filled, with cream sauce"
3217,"Ravioli, cheese and spinach-filled, no sauce"
3218,"Ravioli, cheese and spinach-filled, with cream sauce"
3219,"Ravioli, cheese and spinach filled, with tomato sauce"
3220,"Manicotti, cheese-filled, no sauce"
3221,"Manicotti, cheese-filled, with tomato sauce, meatless"
3222,"Manicotti, cheese-filled, with meat sauce"
3223,"Manicotti, vegetable- and cheese-filled, with tomato sauce, meatless"
3224,"Stuffed shells, cheese-filled, no sauce"
3225,"Stuffed shells, cheese-filled, with tomato sauce, meatless"
3226,"Stuffed shells, cheese-filled, with meat sauce"
3227,"Stuffed shells, cheese- and spinach- filled, no sauce"
3228,"Stuffed shells, with chicken, with tomato sauce"
3229,"Stuffed shells, with fish and/or shellfish, with tomato sauce"
3230,"Tortellini, meat-filled, with tomato sauce"
3231,"Tortellini, meat-filled, with tomato sauce, canned"
3232,"Tortellini, cheese-filled, meatless, with tomato sauce"
3233,"Tortellini, cheese-filled, meatless, with tomato sauce, canned"
3234,"Tortellini, cheese-filled, meatless, with vinaigrette dressing"
3235,"Tortellini, meat-filled, no sauce"
3236,"Tortellini, cheese-filled, with cream sauce"
3237,"Tortellini, cheese-filled, no sauce"
3238,"Tortellini, spinach-filled, with tomato sauce"
3239,"Tortellini, spinach-filled, no sauce"
3240,"Cannelloni, cheese- and spinach-filled, no sauce"
3241,Chow fun noodles with meat and vegetables
3242,"Chow fun noodles with vegetables, meatless"
3243,"Lo mein, NFS"
3244,"Lo mein, meatless"
3245,"Lo mein, with shrimp"
3246,"Lo mein, with pork"
3247,"Lo mein, with beef"
3248,"Lo mein, with chicken"
3249,"Pad Thai, NFS"
3250,"Pad Thai, meatless"
3251,Pad Thai with chicken
3252,Pad Thai with seafood
3253,Pad Thai with meat
3254,"Adobo, with noodles"
3255,"Macaroni with tuna, Puerto Rican style"
3256,Macaroni or noodles with cheese
3257,"Macaroni or noodles with cheese, from restaurant"
3258,"Macaroni or noodles with cheese, made from packaged mix"
3259,"Macaroni or noodles with cheese, canned"
3260,"Macaroni or noodles with cheese, made from reduced fat packaged mix"
3261,Macaroni or noodles with cheese and tuna
3262,Macaroni or noodles with cheese and meat
3263,Macaroni or noodles with cheese and tomato
3264,Macaroni or noodles with cheese and frankfurters or hot dogs
3265,Macaroni or noodles with cheese and egg
3266,Macaroni or noodles with cheese and chicken or turkey
3267,"Macaroni or noodles with cheese, whole grain"
3268,"Pasta with tomato-based sauce, cheese and meat"
3269,Pasta with tomato-based sauce and cheese
3270,"Pasta with vegetables, no sauce or dressing"
3271,"Pasta with sauce, NFS"
3272,"Pasta with sauce, meatless, school lunch"
3273,"Pasta with tomato-based sauce, restaurant"
3274,"Pasta with tomato-based sauce, home recipe"
3275,"Pasta with tomato-based sauce, ready-to-heat"
3276,"Pasta with tomato-based sauce, and added vegetables, restaurant"
3277,"Pasta with tomato-based sauce, and added vegetables, home recipe"
3278,"Pasta with tomato-based sauce, and added vegetables, ready-to-heat"
3279,"Pasta with sauce and meat, from school lunch"
3280,"Pasta with tomato-based sauce and meat, restaurant"
3281,"Pasta with tomato-based sauce and meat, home recipe"
3282,"Pasta with tomato-based sauce and meat, ready-to-heat"
3283,"Pasta with tomato-based sauce, meat, and added vegetables, restaurant"
3284,"Pasta with tomato-based sauce, meat, and added vegetables, home recipe"
3285,"Pasta with tomato-based sauce, meat, and added vegetables, ready-to-heat"
3286,"Pasta with tomato-based sauce and poultry, restaurant"
3287,"Pasta with tomato-based sauce and poultry, home recipe"
3288,"Pasta with tomato-based sauce and poultry, ready-to-heat"
3289,"Pasta with tomato-based sauce, poultry, and added vegetables, restaurant"
3290,"Pasta with tomato-based sauce, poultry, and added vegetables, home recipe"
3291,"Pasta with tomato-based sauce, poultry, and added vegetables, ready-to-heat"
3292,"Pasta with tomato-based sauce and seafood, restaurant"
3293,"Pasta with tomato-based sauce and seafood, home recipe"
3294,"Pasta with tomato-based sauce and seafood, ready-to-heat"
3295,"Pasta with tomato-based sauce, seafood, and added vegetables, restaurant"
3296,"Pasta with tomato-based sauce, seafood, and added vegetables, home recipe"
3297,"Pasta with tomato-based sauce, seafood, and added vegetables, ready-to-heat"
3298,"Pasta with cream sauce, restaurant"
3299,"Pasta with cream sauce, home recipe"
3300,"Pasta with cream sauce, ready-to-heat"
3301,"Pasta with cream sauce and added vegetables, restaurant"
3302,"Pasta with cream sauce and added vegetables, from home recipe"
3303,"Pasta with cream sauce and added vegetables, ready-to-heat"
3304,"Pasta with cream sauce and meat, restaurant"
3305,"Pasta with cream sauce and meat, home recipe"
3306,"Pasta with cream sauce and meat, ready-to-heat"
3307,"Pasta with cream sauce, meat, and added vegetables, restaurant"
3308,"Pasta with cream sauce, meat, and added vegetables, home recipe"
3309,"Pasta with cream sauce, meat, and added vegetables, ready-to-heat"
3310,"Pasta with cream sauce and poultry, restaurant"
3311,"Pasta with cream sauce and poultry, home recipe"
3312,"Pasta with cream sauce and poultry, ready-to-heat"
3313,"Pasta with cream sauce, poultry, and added vegetables, restaurant"
3314,"Pasta with cream sauce, poultry, and added vegetables, home recipe"
3315,"Pasta with cream sauce, poultry, and added vegetables, ready-to-heat"
3316,"Pasta with cream sauce and seafood, restaurant"
3317,"Pasta with cream sauce and seafood, home recipe"
3318,"Pasta with cream sauce and seafood, ready-to-heat"
3319,"Pasta with cream sauce, seafood, and added vegetables, restaurant"
3320,"Pasta with cream sauce, seafood, and added vegetables, home recipe"
3321,"Pasta with cream sauce, seafood, and added vegetables, ready-to-heat"
3322,"Pasta, whole grain, with tomato-based sauce, restaurant"
3323,"Pasta, whole grain, with tomato-based sauce, home recipe"
3324,"Pasta, whole grain, with tomato-based sauce, ready-to-heat"
3325,"Pasta, whole grain, with tomato-based sauce and added vegetables, restaurant"
3326,"Pasta, whole grain, with tomato-based sauce and added vegetables, home recipe"
3327,"Pasta, whole grain, with tomato-based sauce and added vegetables, ready-to-heat"
3328,"Pasta, whole grain, with tomato-based sauce and meat, restaurant"
3329,"Pasta, whole grain, with tomato-based sauce and meat, home recipe"
3330,"Pasta, whole grain, with tomato-based sauce and meat, ready-to-heat"
3331,"Pasta, whole grain, with tomato-based sauce, meat, and added vegetables, restaurant"
3332,"Pasta, whole grain, with tomato-based sauce, meat, and added vegetables, home recipe"
3333,"Pasta, whole grain, with tomato-based sauce, meat, and added vegetables, ready-to-heat"
3334,"Pasta, whole grain, with tomato-based sauce and poultry, restaurant"
3335,"Pasta, whole grain, with tomato-based sauce and poultry, home recipe"
3336,"Pasta, whole grain, with tomato-based sauce and poultry, ready-to-heat"
3337,"Pasta, whole grain, with tomato-based sauce, poultry, and added vegetables, restaurant"
3338,"Pasta, whole grain, with tomato-based sauce, poultry, and added vegetables, home recipe"
3339,"Pasta, whole grain, with tomato-based sauce, poultry, and added vegetables, ready-to-heat"
3340,"Pasta, whole grain, with tomato-based sauce and seafood, restaurant"
3341,"Pasta, whole grain, with tomato-based sauce and seafood, home recipe"
3342,"Pasta, whole grain, with tomato-based sauce and seafood, ready-to-heat"
3343,"Pasta, whole grain, with tomato-based sauce, seafood, and added vegetables, restaurant"
3344,"Pasta, whole grain, with tomato-based sauce, seafood, and added vegetables, home recipe"
3345,"Pasta, whole grain, with tomato-based sauce, seafood, and added vegetables, ready-to-heat"
3346,"Pasta, whole grain, with cream sauce, restaurant"
3347,"Pasta, whole grain, with cream sauce, home recipe"
3348,"Pasta, whole grain, with cream sauce, ready-to-heat"
3349,"Pasta, whole grain, with cream sauce, and added vegetables, restaurant"
3350,"Pasta, whole grain, with cream sauce, and added vegetables, home recipe"
3351,"Pasta, whole grain, with cream sauce, and added vegetables, ready-to-heat"
3352,"Pasta, whole grain, with cream sauce and meat, restaurant"
3353,"Pasta, whole grain, with cream sauce and meat, home recipe"
3354,"Pasta, whole grain, with cream sauce and meat, ready-to-heat"
3355,"Pasta, whole grain, with cream sauce, meat, and added vegetables, restaurant"
3356,"Pasta, whole grain, with cream sauce, meat, and added vegetables, home recipe"
3357,"Pasta, whole grain, with cream sauce, meat, and added vegetables, ready-to-heat"
3358,"Pasta, whole grain, with cream sauce and poultry, restaurant"
3359,"Pasta, whole grain, with cream sauce and poultry, home recipe"
3360,"Pasta, whole grain, with cream sauce and poultry, ready-to-heat"
3361,"Pasta, whole grain, with cream sauce, poultry, and added vegetables, restaurant"
3362,"Pasta, whole grain, with cream sauce, poultry, and added vegetables, home recipe"
3363,"Pasta, whole grain, with cream sauce, poultry, and added vegetables, ready-to-heat"
3364,"Pasta, whole grain, with cream sauce and seafood, restaurant"
3365,"Pasta, whole grain, with cream sauce and seafood, home recipe"
3366,"Pasta, whole grain, with cream sauce and seafood, ready-to-heat"
3367,"Pasta, whole grain, with cream sauce, seafood, and added vegetables, restaurant"
3368,"Pasta, whole grain, with cream sauce, seafood, and added vegetables, home recipe"
3369,"Pasta, whole grain, with cream sauce, seafood, and added vegetables, ready-to-heat"
3370,Pasta with tomato-based sauce and beans or lentils
3371,"Macaroni or noodles, creamed, with cheese"
3372,"Macaroni or noodles, creamed, with cheese and tuna"
3373,Flavored pasta
3374,"Yat Ga Mein with meat, fish, or poultry"
3375,"Macaroni or pasta salad, made with mayonnaise"
3376,"Macaroni or pasta salad, made with light mayonnaise"
3377,"Macaroni or pasta salad, made with mayonnaise-type salad dressing"
3378,"Macaroni or pasta salad, made with light mayonnaise-type salad dressing"
3379,"Macaroni or pasta salad, made with Italian dressing"
3380,"Macaroni or pasta salad, made with light Italian dressing"
3381,"Macaroni or pasta salad, made with creamy dressing"
3382,"Macaroni or pasta salad, made with light creamy dressing"
3383,"Macaroni or pasta salad, made with any type of fat free dressing"
3384,Macaroni or pasta salad with egg
3385,Macaroni or pasta salad with tuna
3386,Macaroni or pasta salad with crab meat
3387,Macaroni or pasta salad with shrimp
3388,Macaroni or pasta salad with tuna and egg
3389,Macaroni or pasta salad with chicken
3390,Macaroni or pasta salad with cheese
3391,Macaroni or pasta salad with meat
3392,Noodle pudding
3393,"Bibimbap, Korean"
3394,"Rice, fried, meatless"
3395,"Rice, fried, NFS"
3396,"Rice, fried, with chicken"
3397,"Rice, fried, with pork"
3398,"Rice, fried, with beef"
3399,"Rice, fried, with shrimp"
3400,"Dukboki or Tteokbokki, Korean"
3401,"Adobo, with rice"
3402,"Sushi, NFS"
3403,"Sushi roll, avocado"
3404,"Sushi roll, California"
3405,"Sushi roll, eel"
3406,"Sushi roll, salmon"
3407,"Sushi roll, shrimp"
3408,Sushi roll tuna
3409,"Sushi roll, vegetable"
3410,"Sushi, topped with crab"
3411,"Sushi, topped with eel"
3412,"Sushi, topped with salmon"
3413,"Sushi, topped with shrimp"
3414,"Sushi, topped with tuna"
3415,"Sushi, topped with egg"
3416,"Seafood paella, Puerto Rican style"
3417,"Soupy rice with chicken, Puerto Rican style"
3418,"Soupy rice mixture with chicken and potatoes, Puerto Rican style"
3419,"Stewed rice, Puerto Rican style"
3420,"Rice with squid, Puerto Rican style"
3421,"Rice with vienna sausage, Puerto Rican style"
3422,"Rice with Spanish sausage, Puerto Rican style"
3423,"Rice with stewed beans, Puerto Rican style"
3424,"Congee, with meat, poultry, and/or seafood"
3425,"Congee, with meat, poultry, and/or seafood, and vegetables"
3426,"Congee, with vegetables"
3427,"Congee, with egg"
3428,Biryani with vegetables
3429,"Beans and rice, from fast food / restaurant"
3430,"Kidney beans and rice, from fast food / restaurant"
3431,"Black beans and rice, from fast food / restaurant"
3432,"Pinto beans and rice, from fast food / restaurant"
3433,Beans and white rice
3434,"Beans and rice, with tomatoes"
3435,"Beans and rice, with meat"
3436,Kidney beans and white rice
3437,Black beans and white rice
3438,Pinto beans and white rice
3439,"Rice, white, with corn, NS as to fat"
3440,"Rice, white, with corn, no added fat"
3441,"Rice, white, with corn, fat added"
3442,"Rice, white, with peas, NS as to fat"
3443,"Rice, white, with peas, no added fat"
3444,"Rice, white, with peas, fat added"
3445,"Rice, white, with carrots, NS as to fat"
3446,"Rice, white, with carrots, no added fat"
3447,"Rice, white, with carrots, fat added"
3448,"Rice, white, with peas and carrots, NS as to fat"
3449,"Rice, white, with peas and carrots, no added fat"
3450,"Rice, white, with peas and carrots, fat added"
3451,"Rice, white, with tomatoes and/or tomato-based sauce, NS as to fat"
3452,"Rice, white, with tomatoes and/or tomato-based sauce, no added fat"
3453,"Rice, white, with tomatoes and/or tomato-based sauce, fat added"
3454,"Rice, white, with dark green vegetables, NS as to fat"
3455,"Rice, white, with dark green vegetables, no added fat"
3456,"Rice, white, with dark green vegetables, fat added"
3457,"Rice, white, with carrots and tomatoes and/or tomato-based sauce, NS as to fat"
3458,"Rice, white, with carrots and tomatoes and/or tomato-based sauce, no added fat"
3459,"Rice, white, with carrots and tomatoes and/or tomato-based sauce, fat added"
3460,"Rice, white, with dark green vegetables and tomatoes and/or tomato-based sauce, NS as to fat"
3461,"Rice, white, with dark green vegetables and tomatoes and/or tomato-based sauce, no added fat"
3462,"Rice, white, with dark green vegetables and tomatoes and/or tomato-based sauce, fat added"
3463,"Rice, white, with carrots and dark green vegetables, NS as to fat"
3464,"Rice, white, with carrots and dark green vegetables, no added fat"
3465,"Rice, white, with carrots and dark green vegetables, fat added"
3466,"Rice, white, with carrots, dark green vegetables, and tomatoes and/or tomato-based sauce, NS as to fat"
3467,"Rice, white, with carrots, dark green vegetables, and tomatoes and/or tomato-based sauce, no added fat"
3468,"Rice, white, with carrots, dark green vegetables, and tomatoes and/or tomato-based sauce, fat added"
3469,"Rice, white, with other vegetables, NS as to fat"
3470,"Rice, white, with other vegetables, no added fat"
3471,"Rice, white, with other vegetables, fat added"
3472,"Rice, white, with lentils, NS as to fat"
3473,"Rice, white, with lentils, fat added"
3474,"Rice, white, with lentils, no added fat"
3475,"Rice, cooked with coconut milk"
3476,Beans and brown rice
3477,Kidney beans and brown rice
3478,Black beans and brown rice
3479,Pinto beans and brown rice
3480,"Rice, brown, with corn, NS as to fat"
3481,"Rice, brown, with corn, no added fat"
3482,"Rice, brown, with corn, fat added"
3483,"Rice, brown, with peas, NS as to fat"
3484,"Rice, brown, with peas, no added fat"
3485,"Rice, brown, with peas, fat added"
3486,"Rice, brown, with carrots, NS as to fat"
3487,"Rice, brown, with carrots, no added fat"
3488,"Rice, brown, with carrots, fat added"
3489,"Rice, brown, with peas and carrots, NS as to fat"
3490,"Rice, brown, with peas and carrots, no added fat"
3491,"Rice, brown, with peas and carrots, fat added"
3492,"Rice, brown, with tomatoes and/or tomato based sauce, NS as to fat"
3493,"Rice, brown, with tomatoes and/or tomato based sauce, no added fat"
3494,"Rice, brown, with tomatoes and/or tomato based sauce, fat added"
3495,"Rice, brown, with dark green vegetables, NS as to fat"
3496,"Rice, brown, with dark green vegetables, no added fat"
3497,"Rice, brown, with dark green vegetables, fat added"
3498,"Rice, brown, with carrots and tomatoes and/or tomato-based sauce, NS as to fat"
3499,"Rice, brown, with carrots and tomatoes and/or tomato-based sauce, no added fat"
3500,"Rice, brown, with carrots and tomatoes and/or tomato-based sauce, fat added"
3501,"Rice, brown, with dark green vegetables and tomatoes and/or tomato-based sauce, NS as to fat"
3502,"Rice, brown, with dark green vegetables and tomatoes and/or tomato-based sauce, no added fat"
3503,"Rice, brown, with dark green vegetables and tomatoes and/or tomato-based sauce, fat added"
3504,"Rice, brown, with carrots and dark green vegetables, NS as to fat"
3505,"Rice, brown, with carrots and dark green vegetables, no added fat"
3506,"Rice, brown, with carrots and dark green vegetables, fat added"
3507,Grape leaves stuffed with rice
3508,"Rice, brown, with carrots, dark green vegetables, and tomatoes and/or tomato-based sauce, NS as to fat"
3509,"Rice, brown, with carrots, dark green vegetables, and tomatoes and/or tomato-based sauce, no added fat"
3510,"Rice, brown, with carrots, dark green vegetables, and tomatoes and/or tomato-based sauce, fat added"
3511,"Rice, brown, with other vegetables, NS as to fat"
3512,"Rice, brown, with other vegetables, no added fat"
3513,"Rice, brown, with other vegetables, fat added"
3514,Rice croquette
3515,"Stuffed pepper, with meat"
3516,"Stuffed pepper, with rice and meat"
3517,"Stuffed pepper, with rice, meatless"
3518,"Stuffed tomato, with rice and meat"
3519,"Stuffed tomato, with rice, meatless"
3520,Rice pilaf
3521,Dirty rice
3522,Flavored rice mixture
3523,Flavored rice mixture with cheese
3524,"Flavored rice, brown and wild"
3525,Flavored rice and pasta mixture
3526,"Flavored rice and pasta mixture, reduced sodium"
3527,"Spanish rice, from restaurant"
3528,"Spanish rice, fat added"
3529,"Spanish rice, no added fat"
3530,"Spanish rice, NS as to fat"
3531,Spanish rice with ground beef
3532,Rice dressing
3533,Rice with raisins
3534,Rice dessert or salad with fruit
3535,"Rice, white, with cheese and/or cream based sauce, NS as to fat"
3536,"Rice, white, with cheese and/or cream based sauce, no added fat"
3537,"Rice, white, with cheese and/or cream based sauce, fat added"
3538,"Rice, white, with gravy, NS as to fat"
3539,"Rice, white, with gravy, no added fat"
3540,"Rice, white, with gravy, fat added"
3541,"Rice, white, with soy-based sauce, NS as to fat"
3542,"Rice, white, with soy-based sauce, no added fat"
3543,"Rice, white, with soy-based sauce, fat added"
3544,"Rice, brown, with cheese and/or cream based sauce, NS as to fat"
3545,"Rice, brown, with cheese and/or cream based sauce, no added fat"
3546,"Rice, brown, with cheese and/or cream based sauce, fat added"
3547,"Rice, brown, with gravy, NS as to fat"
3548,"Rice, brown, with gravy, no added fat"
3549,"Rice, brown, with gravy, fat added"
3550,"Rice, brown, with soy-based sauce, NS as to fat"
3551,"Rice, brown, with soy-based sauce, no added fat"
3552,"Rice, brown, with soy-based sauce, fat added"
3553,"Rice, white, with vegetables, cheese and/or cream based sauce, NS as to fat"
3554,"Rice, white, with vegetables, cheese and/or cream based sauce, no added fat"
3555,"Rice, white, with vegetables, cheese and/or cream based sauce, fat added"
3556,"Rice, white, with vegetables and gravy, NS as to fat"
3557,"Rice, white, with vegetables and gravy, no added fat"
3558,"Rice, white, with vegetables and gravy, fat added"
3559,"Rice, white, with vegetables, soy-based sauce, NS as to fat"
3560,"Rice, white, with vegetables, soy-based sauce, no added fat"
3561,"Rice, white, with vegetables, soy-based sauce, fat added"
3562,"Rice, brown, with vegetables, cheese and/or cream based sauce, NS as to fat"
3563,"Rice, brown, with vegetables, cheese and/or cream based sauce, no added fat"
3564,"Rice, brown, with vegetables, cheese and/or cream based sauce, fat added"
3565,"Rice, brown, with vegetables and gravy, NS as to fat"
3566,"Rice, brown, with vegetables and gravy, no added fat"
3567,"Rice, brown, with vegetables and gravy, fat added"
3568,"Rice, brown, with vegetables, soy-based sauce, NS as to fat"
3569,"Rice, brown, with vegetables, soy-based sauce, no added fat"
3570,"Rice, brown, with vegetables, soy-based sauce, fat added"
3571,Upma
3572,"Dosa, with filling"
3573,Vada
3574,Tabbouleh
3575,Vegetable sandwich on white
3576,"Vegetable sandwich on white, with cheese"
3577,Vegetable sandwich on wheat
3578,"Vegetable sandwich on wheat, with cheese"
3579,Vegetable sandwich wrap
3580,"Jelly sandwich, NFS"
3581,"Jelly sandwich, on white bread"
3582,"Jelly sandwich, on wheat bread"
3583,"Noodles with vegetables in tomato-based sauce, diet frozen meal"
3584,"Spaghetti and meatballs dinner, NFS, frozen meal"
3585,"Spaghetti with meat sauce, diet frozen meal"
3586,"Pancakes and sausage, frozen meal"
3587,"Soup, NFS"
3588,"Soup, noodle, NFS"
3589,"Soup, rice"
3590,"Soup, barley"
3591,"Soup, chicken noodle, canned"
3592,"Soup, chicken noodle"
3593,"Soup, chicken, canned, reduced sodium"
3594,"Soup, Matzo ball"
3595,"Soup, ramen noodles, water added"
3596,"Ramen bowl, NFS"
3597,Ramen bowl with beef
3598,Ramen bowl with chicken
3599,Ramen bowl with fish
3600,"Ramen bowl, vegetarian"
3601,Ramen bowl with meat and egg
3602,"Ramen bowl, vegetarian with egg"
3603,"Soup, wonton"
3604,"Soup, sopa de fideo aguada"
3605,"Soup, tortilla"
3606,"Meat substitute, cereal- and vegetable protein-based, fried"
3607,"Clementine, raw"
3608,"Grapefruit, raw"
3609,"Grapefruit, canned"
3610,"Kumquat, raw"
3611,"Lemon, raw"
3612,Lemon pie filling
3613,"Lime, raw"
3614,"Orange, raw"
3615,"Orange, canned, NFS"
3616,"Orange, canned, juice pack"
3617,"Orange, canned, in syrup"
3618,"Tangerine, raw"
3619,"Grapefruit juice, 100%, freshly squeezed"
3620,"Grapefruit juice, 100%, NS as to form"
3621,"Grapefruit juice, 100%, canned, bottled or in a carton"
3622,"Grapefruit juice, 100%, with calcium added"
3623,"Lemon juice, 100%, NS as to form"
3624,"Lemon juice, 100%, freshly squeezed"
3625,"Lemon juice, 100%, canned or bottled"
3626,"Lime juice, 100%, NS as to form"
3627,"Lime juice, 100%, freshly squeezed"
3628,"Lime juice, 100%, canned or bottled"
3629,"Orange juice, 100%, NFS"
3630,"Orange juice, 100%,  freshly squeezed"
3631,"Orange juice, 100%, canned, bottled or in a carton"
3632,"Orange juice, 100%, with calcium added, canned, bottled or in a carton"
3633,"Orange juice, 100%, frozen, reconstituted"
3634,"Orange juice, 100%, frozen, not reconstituted"
3635,"Orange juice, 100%, with calcium added, frozen, reconstituted"
3636,"Tangerine juice, 100%"
3637,"Fruit juice blend, citrus, 100% juice"
3638,"Dried, fruit, NFS"
3639,"Apple, dried"
3640,"Apricot, dried"
3641,"Blueberries, dried"
3642,"Cherries, dried"
3643,Banana chips
3644,"Currants, dried"
3645,"Cranberries, dried"
3646,Date
3647,"Fig, dried"
3648,"Mango, dried"
3649,"Papaya, dried"
3650,"Peach, dried"
3651,"Pear, dried"
3652,"Persimmon, dried"
3653,"Pineapple, dried"
3654,"Prune, dried"
3655,Raisins
3656,"Fruit, NFS"
3657,"Fruit, pickled"
3658,"Apple, raw"
3659,"Applesauce, regular"
3660,"Applesauce, unsweetened"
3661,"Applesauce, flavored"
3662,Apple pie filling
3663,"Apple, baked"
3664,"Apricot, raw"
3665,"Apricot, canned"
3666,"Avocado, raw"
3667,"Banana, raw"
3668,"Banana, baked"
3669,"Cantaloupe, raw"
3670,"Melon, frozen"
3671,"Starfruit, raw"
3672,"Cherries, maraschino"
3673,Cherry pie filling
3674,"Cherries, raw"
3675,"Cherries, canned"
3676,"Cherries, frozen"
3677,Dragon fruit
3678,"Fig, raw"
3679,"Fig, canned"
3680,"Grapes, raw"
3681,"Guava, raw"
3682,"Kiwi fruit, raw"
3683,Lychee
3684,"Honeydew melon, raw"
3685,"Mango, raw"
3686,"Mango, canned"
3687,"Mango, frozen"
3688,"Nectarine, raw"
3689,"Papaya, raw"
3690,"Papaya, canned"
3691,"Passion fruit, raw"
3692,"Peach, raw"
3693,"Peach, canned, NFS"
3694,"Peach, canned, in syrup"
3695,"Peach, canned, juice pack"
3696,"Peach, frozen"
3697,"Pear, raw"
3698,"Pear, Asian, raw"
3699,"Pear, canned, NFS"
3700,"Pear, canned, in syrup"
3701,"Pear, canned, juice pack"
3702,"Persimmon, raw"
3703,"Pineapple, raw"
3704,"Pineapple, canned, NFS"
3705,"Pineapple, canned, in syrup"
3706,"Pineapple, canned, juice pack"
3707,"Pineapple, frozen"
3708,"Plum, raw"
3709,"Plum, canned"
3710,"Pomegranate, raw"
3711,Rhubarb
3712,Tamarind
3713,"Berries, NFS"
3714,"Berries, frozen"
3715,"Blackberries, frozen"
3716,"Bluberries, canned"
3717,"Blueberries, frozen"
3718,Blueberry pie filling
3719,Cranberry sauce
3720,"Raspberries, frozen"
3721,"Strawberries, canned"
3722,"Strawberries, frozen"
3723,Ambrosia
3724,"Fruit salad, fresh or raw, excluding citrus fruits, no dressing"
3725,"Fruit salad, fresh or raw, including citrus fruits, no dressing"
3726,"Fruit cocktail, canned, NFS"
3727,"Fruit cocktail, canned, in syrup"
3728,"Fruit cocktail, canned, juice pack"
3729,"Fruit mixture, frozen"
3730,Apple salad with dressing
3731,"Apple, candied"
3732,"Fruit, chocolate covered"
3733,"Fruit salad, excluding citrus fruits, with salad dressing or mayonnaise"
3734,"Fruit salad, excluding citrus fruits, with whipped cream"
3735,"Fruit salad, excluding citrus fruits, with nondairy whipped topping"
3736,"Fruit salad, excluding citrus fruits, with marshmallows"
3737,"Fruit salad, including citrus fruits, with pudding"
3738,"Fruit salad, excluding citrus fruits, with pudding"
3739,"Fruit salad, including citrus fruits, with salad dressing or mayonnaise"
3740,"Fruit salad, including citrus fruit, with whipped cream"
3741,"Fruit salad, including citrus fruits, with nondairy whipped topping"
3742,"Fruit salad, including citrus fruits, with marshmallows"
3743,Lime souffle
3744,"Guacamole, NFS"
3745,Guacamole with tomatoes
3746,Chutney
3747,Pineapple salad with dressing
3748,"Soup, fruit"
3749,Frozen fruit juice bar
3750,"Frozen fruit juice bar, no sugar added"
3751,Sorbet
3752,"Fruit juice, NFS"
3753,"Fruit juice blend, 100% juice"
3754,"Cranberry juice blend, 100% juice"
3755,"Cranberry juice blend, 100% juice, with calcium added"
3756,Apple cider
3757,"Apple juice, 100%"
3758,"Apple juice, 100%, with calcium added"
3759,"Blackberry juice, 100%"
3760,Blueberry juice
3761,"Cranberry juice, 100%, not a blend"
3762,"Grape juice, 100%"
3763,"Grape juice, 100%, with calcium added"
3764,"Papaya juice, 100%"
3765,"Passion fruit juice, 100%"
3766,"Pineapple juice, 100%"
3767,"Pomegranate juice, 100%"
3768,"Prune juice, 100%"
3769,"Strawberry juice, 100%"
3770,"Watermelon juice, 100%"
3771,"Fruit smoothie, with whole fruit, no dairy"
3772,"Fruit smoothie, with whole fruit, no dairy, added protein"
3773,"Fruit smoothie, with whole fruit, non-dairy"
3774,"Fruit smoothie juice drink, no dairy"
3775,"Fruit smoothie, light"
3776,"Fruit smoothie, bottled"
3777,"Fruit nectar, NFS"
3778,Apricot nectar
3779,Banana nectar
3780,Cantaloupe nectar
3781,Guava nectar
3782,Mango nectar
3783,Peach nectar
3784,Papaya nectar
3785,Passion fruit nectar
3786,Pear nectar
3787,"Soursop, nectar"
3788,Vinegar
3789,"Baby Toddler fruit, NFS"
3790,"Baby Toddler multiple fruit, Stage 2"
3791,"Baby Toddler multiple fruit, Stage 3"
3792,"Baby Toddler fruit, with grain"
3793,"Baby Toddler fruit, with yogurt"
3794,"Baby Toddler fruit and vegetables, Stage 2"
3795,"Baby Toddler fruit and vegetables, Stage 3"
3796,"Baby Toddler fruit and vegetables, with grain"
3797,"Baby Toddler fruit and vegetables, with yogurt"
3798,"Baby Toddler fruit, vegetables, and meat"
3799,Baby Toddler fruit and meat
3800,"Baby Toddler apples, Stage 1"
3801,"Baby Toddler apples, Stage 2"
3802,"Baby Toddler bananas, Stage 1"
3803,"Baby Toddler bananas, Stage 2"
3804,"Baby Toddler peaches, Stage 1"
3805,"Baby Toddler peaches, Stage 2"
3806,"Baby Toddler pears, Stage 1"
3807,"Baby Toddler pears, Stage 2"
3808,Baby Toddler prunes
3809,Baby Toddler mangoes
3810,"Baby Toddler juice, NFS"
3811,"Baby Toddler juice, apple"
3812,"Baby Toddler juice, grape"
3813,"Baby Toddler juice, mixed fruit"
3814,"Baby Toddler juice, pear"
3815,"Baby Toddler juice, fruit and vegetable"
3816,"Baby Toddler juice, fruit and yogurt blend"
3817,Baby Toddler pudding
3818,Baby Toddler yogurt melts
3819,"Potato, NFS"
3820,"Potato, baked, NFS"
3821,"Potato, baked, peel not eaten"
3822,"Potato, boiled, NFS"
3823,"Potato, boiled, ready-to-heat"
3824,"Potato, boiled, from fresh, peel not eaten, NS as to fat"
3825,"Potato, boiled, from fresh, peel not eaten, no added fat"
3826,"Potato, boiled, from fresh, peel not eaten, fat added, NS as to fat type"
3827,"Potato, boiled, from fresh, peel not eaten, made with oil"
3828,"Potato, boiled, from fresh, peel not eaten, made with butter"
3829,"Potato, boiled, from fresh, peel not eaten, made with margarine"
3830,"Potato, boiled, from fresh, peel eaten, NS as to fat"
3831,"Potato, boiled, from fresh, peel eaten, fat added, NS as to fat type"
3832,"Potato, boiled, from fresh,  peel eaten, no added fat"
3833,"Potato, boiled, from fresh, peel eaten, made with oil"
3834,"Potato, boiled, from fresh, peel eaten, made with butter"
3835,"Potato, boiled, from fresh, peel eaten, made with margarine"
3836,"Potato, canned, NS as to fat"
3837,"Potato, canned, fat added, NS as to fat type"
3838,"Potato, canned, no added fat"
3839,"Potato, roasted, NFS"
3840,"Potato, roasted, from fresh, peel eaten, NS as to fat"
3841,"Potato, roasted, from fresh, peel eaten, no added fat"
3842,"Potato, roasted, from fresh, peel eaten, fat added, NS as to fat type"
3843,"Potato, roasted, from fresh, peel eaten, made with oil"
3844,"Potato, roasted, from fresh, peel eaten, made with butter"
3845,"Potato, roasted, from fresh, peel eaten, made with margarine"
3846,"Potato, roasted, from fresh, peel not eaten, NS as to fat"
3847,"Potato, roasted, from fresh, peel not eaten, fat added, NS as to fat type"
3848,"Potato, roasted, from fresh, peel not eaten, no added fat"
3849,"Potato, roasted, from fresh, peel not eaten, made with oil"
3850,"Potato, roasted, from fresh, peel not eaten, made with butter"
3851,"Potato, roasted, from fresh, peel not eaten, made with margarine"
3852,"Potato, roasted, ready-to-heat"
3853,"Stewed potatoes, Puerto Rican style"
3854,"Potato only from Puerto Rican mixed dishes, gravy and other components reported separately"
3855,"Potato from Puerto Rican style stuffed pot roast, with gravy"
3856,"Potato from Puerto Rican beef stew, with gravy"
3857,"Potato from Puerto Rican chicken fricassee, with sauce"
3858,"Potato chips, NFS"
3859,"Potato chips, plain"
3860,"Potato chips, barbecue flavored"
3861,"Potato chips, sour cream and onion flavored"
3862,"Potato chips, cheese flavored"
3863,"Potato chips, other flavored"
3864,"Potato chips, ruffled, plain"
3865,"Potato chips, ruffled, barbecue flavored"
3866,"Potato chips, ruffled, sour cream and onion flavored"
3867,"Potato chips, ruffled, cheese flavored"
3868,"Potato chips, ruffled, other flavored"
3869,"Potato chips, restructured, plain"
3870,"Potato chips, restructured, flavored"
3871,"Potato chips, baked, plain"
3872,"Potato chips, baked, flavored"
3873,"Potato chips, reduced fat"
3874,"Potato chips, restructured, reduced fat, lightly salted"
3875,"Potato chips, unsalted"
3876,"Potato chips, lightly salted"
3877,"Potato chips, restructured, lightly salted"
3878,"Potato chips, popped, plain"
3879,"Potato chips, popped, flavored"
3880,"Potato chips, popped, NFS"
3881,"Potato sticks, plain"
3882,"Potato sticks, flavored"
3883,"Potato sticks, fry shaped"
3884,Vegetable chips
3885,"Potato, scalloped, NFS"
3886,"Potato, scalloped, from fast food or restaurant"
3887,"Potato, scalloped, from fresh"
3888,"Potato, scalloped, from fresh, with meat"
3889,"Potato, scalloped, from dry mix"
3890,"Potato, scalloped, from dry mix, with meat"
3891,"Potato, scalloped, ready-to-heat"
3892,"Potato, scalloped, ready-to-heat, with meat"
3893,"Potato, french fries, NFS"
3894,"Potato, french fries, NS as to fresh or frozen"
3895,"Potato, french fries, from fresh, fried"
3896,"Potato, french fries, from fresh, baked"
3897,"Potato, french fries, from frozen, baked"
3898,"Potato, french fries, fast food"
3899,"Potato, french fries, restaurant"
3900,"Potato, french fries, from frozen, fried"
3901,"Potato, french fries, school"
3902,"Potato, french fries, with cheese, fast food / restaurant"
3903,"Potato, french fries, with cheese, school"
3904,"Potato, french fries, with chili, fast food / restaurant"
3905,"Potato, french fries, with chili and cheese, fast food / restaurant"
3906,"Potato, french fries, with cheese"
3907,"Potato, french fries, with chili and cheese"
3908,"Potato, french fries, with chili"
3909,"Potato, home fries, NFS"
3910,"Potato, home fries, from restaurant / fast food"
3911,"Potato, home fries, from fresh"
3912,"Potato, home fries, ready-to-heat"
3913,"Potato, home fries, with vegetables"
3914,"Potato, hash brown, NFS"
3915,"Potato, hash brown, from fast food"
3916,"Potato, hash brown, from fast food, with cheese"
3917,"Potato, hash brown, from restaurant"
3918,"Potato, hash brown, from restaurant, with cheese"
3919,"Potato, hash brown, from school lunch"
3920,"Potato, hash brown, from fresh"
3921,"Potato, hash brown, from fresh, with cheese"
3922,"Potato, hash brown, from dry mix"
3923,"Potato, hash brown, ready-to-heat"
3924,"Potato, hash brown, ready-to-heat, with cheese"
3925,Potato skins without topping
3926,"Potato skins, with cheese"
3927,"Potato skins, with cheese and bacon"
3928,"Potato skins, NFS"
3929,"Potato, mashed, NFS"
3930,"Potato, mashed, from fast food"
3931,"Potato, mashed, from fast food, with gravy"
3932,"Potato, mashed, ready-to-heat"
3933,"Potato, mashed, from fresh, made with milk"
3934,"Potato, mashed, from fresh, made with milk, with cheese"
3935,"Potato, mashed, from fresh, made with milk, with gravy"
3936,"Potato, mashed, from fresh, NFS"
3937,"Potato, mashed, from restaurant"
3938,"Potato, mashed, from restaurant, with gravy"
3939,"Potato, mashed, from school lunch"
3940,"Potato, mashed, from dry mix, NFS"
3941,"Potato, mashed, from dry mix, made with milk"
3942,"Potato, mashed, from dry mix, made with milk, with cheese"
3943,"Potato, mashed, from dry mix, made with milk, with gravy"
3944,"Potato, mashed, ready-to-heat, NFS"
3945,"Potato, mashed, ready-to-heat, with cheese"
3946,"Potato, mashed, ready-to-heat, with gravy"
3947,Potato patty
3948,"Potato tots, NFS"
3949,"Potato tots, fast food / restaurant"
3950,"Potato tots, school"
3951,"Potato tots, from fresh, fried or baked"
3952,"Potato tots, frozen, baked"
3953,"Potato tots, frozen, fried"
3954,"Potato tots, frozen, NS as to fried or baked"
3955,"Potato, baked, peel not eaten, with butter"
3956,"Potato, baked, peel not eaten, with sour cream"
3957,"Potato, baked, peel not eaten, with cheese"
3958,"Potato, baked, peel not eaten, with meat"
3959,"Potato, baked, peel not eaten, with chili"
3960,"Potato, baked, peel not eaten, with vegetables"
3961,"Potato, baked, peel eaten"
3962,"Potato, baked, peel eaten, with butter"
3963,"Potato, baked, peel eaten, with sour cream"
3964,"Potato, baked, peel eaten, with cheese"
3965,"Potato, baked, peel eaten, with meat"
3966,"Potato, baked, peel eaten, with chili"
3967,"Potato, baked, peel eaten, with vegetables"
3968,"Potato salad with egg, from restaurant"
3969,"Potato salad with egg, made with mayonnaise"
3970,"Potato salad with egg, made with light mayonnaise"
3971,"Potato salad with egg, made with mayonnaise-type salad dressing"
3972,"Potato salad with egg, made with light mayonnaise-type salad dressing"
3973,"Potato salad with egg, made with creamy dressing"
3974,"Potato salad with egg, made with light creamy dressing"
3975,"Potato salad with egg, made with Italian dressing"
3976,"Potato salad with egg, made with light Italian dressing"
3977,"Potato salad with egg, made with any type of fat free dressing"
3978,"Potato salad, German style"
3979,"Potato salad, from restaurant"
3980,"Potato salad, made with mayonnaise"
3981,"Potato salad, made with light mayonnaise"
3982,"Potato salad, made with mayonnaise-type salad dressing"
3983,"Potato salad, made with light mayonnaise-type salad dressing"
3984,"Potato salad, made with creamy dressing"
3985,"Potato salad, made with light creamy dressing"
3986,"Potato salad, made with Italian dressing"
3987,"Potato salad, made with light Italian dressing"
3988,"Potato salad, made with any type of fat free dressing"
3989,Potato pancake
3990,Lefse
3991,Stewed potatoes
3992,Stewed potatoes with tomatoes
3993,"Soup, potato"
3994,"Soup, potato with meat"
3995,"Plantain, cooked, no added fat"
3996,"Plantain, cooked with oil"
3997,"Plantain, raw"
3998,"Plantain, cooked, fat added, NS as to fat type"
3999,"Plantain, cooked with butter or margarine"
4000,Plantain chips
4001,"Cassava, cooked"
4002,Yuca fries
4003,"Casabe, cassava bread"
4004,"Taro, cooked"
4005,Fufu
4006,Taro chips
4007,"Beet greens, cooked"
4008,"Chard, raw"
4009,"Chard, cooked"
4010,"Collards, fresh, cooked, no added fat"
4011,"Collards, frozen, cooked, no added fat"
4012,"Collards, NS as to form, cooked"
4013,"Collards, fresh, cooked, fat added, NS as to fat type"
4014,"Collards, frozen, cooked, fat added, NS as to fat type"
4015,"Collards, fresh, cooked with oil"
4016,"Collards, fresh, cooked with butter or margarine"
4017,"Collards, frozen, cooked with oil"
4018,"Collards, frozen, cooked with butter or margarine"
4019,"Cress, raw"
4020,"Cress, cooked"
4021,"Dandelion greens, cooked"
4022,"Romaine lettuce, raw"
4023,"Caesar salad, with romaine, no dressing"
4024,"Escarole, cooked"
4025,"Greens, fresh, cooked, no added fat"
4026,"Greens, frozen, cooked, no added fat"
4027,"Greens, NS as to form, cooked"
4028,"Greens, fresh, cooked, fat added"
4029,"Greens, frozen, cooked, fat added"
4030,"Greens, canned, cooked"
4031,"Kale, fresh, cooked, no added fat"
4032,"Kale, frozen, cooked, no added fat"
4033,"Kale, NS as to form, cooked"
4034,"Kale, fresh, cooked, fat added"
4035,"Kale, frozen, cooked, fat added"
4036,"Lambsquarter, cooked"
4037,"Mustard greens, fresh, cooked, no added fat"
4038,"Mustard greens, frozen, cooked, no added fat"
4039,"Mustard greens, NS as to form, cooked"
4040,"Mustard greens, fresh, cooked, fat added"
4041,"Mustard greens, frozen, cooked, fat added"
4042,"Poke greens, cooked"
4043,"Spinach, fresh, cooked, no added fat"
4044,"Spinach, frozen, cooked, no added fat"
4045,"Spinach, canned, cooked, no added fat"
4046,"Spinach, fresh, cooked with oil"
4047,"Spinach, fresh, cooked with butter or margarine"
4048,"Spinach, NS as to form, cooked"
4049,"Spinach, fresh, cooked, fat added, NS as to fat type"
4050,"Spinach, frozen, cooked, fat added, NS as to fat type"
4051,"Spinach, canned, cooked, fat added, NS as to fat type"
4052,"Spinach, frozen, cooked with oil"
4053,"Spinach, frozen, cooked with butter or margarine"
4054,"Spinach, canned, cooked with oil"
4055,"Spinach, canned, cooked with butter or margarine"
4056,"Spinach, creamed"
4057,Spinach and cheese casserole
4058,Palak Paneer
4059,Channa Saag
4060,"Taro leaves, cooked"
4061,"Turnip greens, fresh, cooked, no added fat"
4062,"Turnip greens, frozen, cooked, no added fat"
4063,"Turrnip greens, NS as to form, cooked"
4064,"Turnip greens, fresh, cooked, fat added"
4065,"Turnip greens, frozen, cooked, fat added"
4066,"Watercress, cooked"
4067,"Bitter melon, horseradish, jute, or radish leaves, cooked"
4068,"Sweet potato, squash, pumpkin, chrysanthemum, or bean leaves, cooked"
4069,"Broccoli, cooked, from restaurant"
4070,"Broccoli, fresh, cooked, no added fat"
4071,"Broccoli, frozen, cooked, no added fat"
4072,"Broccoli, NS as to form, cooked"
4073,"Broccoli, fresh, cooked, fat added, NS as to fat type"
4074,"Broccoli, frozen, cooked, fat added, NS as to fat type"
4075,"Broccoli, fresh, cooked with oil"
4076,"Broccoli, fresh, cooked with butter or margarine"
4077,"Broccoli, frozen, cooked with oil"
4078,"Broccoli, frozen, cooked with butter or margarine"
4079,Broccoli casserole with noodles
4080,Broccoli casserole with rice
4081,Fried broccoli
4082,"Broccoli, Chinese, cooked"
4083,"Soup, broccoli cheese"
4084,"Carrots, raw, salad"
4085,"Carrots, raw, salad with apples"
4086,"Carrots, cooked, from restaurant"
4087,"Carrots, fresh, cooked, no added fat"
4088,"Carrots, frozen, cooked, no added fat"
4089,"Carrots, canned, cooked, no added fat"
4090,"Carrots, fresh, cooked with oil"
4091,"Carrots, fresh, cooked with butter or margarine"
4092,"Carrots, NS as to form, cooked"
4093,"Carrots, fresh, cooked, fat added, NS as to fat type"
4094,"Carrots, frozen, cooked, fat added, NS as to fat type"
4095,"Carrots, canned, cooked, fat added, NS as to fat type"
4096,"Carrots, frozen, cooked with oil"
4097,"Carrots, frozen, cooked with butter or margarine"
4098,"Carrots, canned, cooked with oil"
4099,"Carrots, canned, cooked with butter or margarine"
4100,"Carrots, glazed, cooked"
4101,"Carrots, canned, reduced sodium, cooked, no added fat"
4102,"Carrots, canned, reduced sodium, cooked, fat added, NS as to fat type"
4103,"Carrots, canned, reduced sodium, cooked with oil"
4104,"Carrots, canned, reduced sodium, cooked with butter or margarine"
4105,Beet juice
4106,"Carrot juice, 100%"
4107,"Peas and carrots, fresh, cooked, no added fat"
4108,"Peas and carrots, frozen, cooked, no added fat"
4109,"Peas and carrots, canned, cooked, no added fat"
4110,"Peas and carrots, cooked, NS as to form"
4111,"Peas and carrots, fresh, cooked, fat added"
4112,"Peas and carrots, frozen, cooked, fat added"
4113,"Peas and carrots, canned, cooked, fat added"
4114,"Pumpkin, canned, cooked"
4115,"Pumpkin, cooked"
4116,"Winter squash, raw"
4117,"Winter squash, cooked, no added fat"
4118,"Winter squash, cooked, fat added"
4119,"Squash, winter, souffle"
4120,"Sweet potato, NFS"
4121,"Sweet potato, baked, NS as to fat"
4122,"Sweet potato, baked, no added fat"
4123,"Sweet potato, baked, fat added"
4124,"Sweet potato, boiled, NS as to fat"
4125,"Sweet potato, boiled, no added fat"
4126,"Sweet potato, boiled, fat added"
4127,"Sweet potato, candied"
4128,"Sweet potato, canned, NS as to fat"
4129,"Sweet potato, canned, no added fat"
4130,"Sweet potato, canned, fat added"
4131,"Sweet potato, casserole or mashed"
4132,"Sweet potato fries, NFS"
4133,Sweet potato chips
4134,"Sweet potato fries, frozen"
4135,"Sweet potato fries, from fresh"
4136,"Sweet potato fries, fast food / restaurant"
4137,"Sweet potato fries, school"
4138,Sweet potato tots
4139,"Sweet potato tots, fast food / restaurant"
4140,"Sweet potato tots, school"
4141,"Soup, pumpkin"
4142,"Tomatoes, raw"
4143,"Tomatoes, NS as to form, cooked"
4144,"Tomatoes, fresh, cooked"
4145,"Tomatoes, canned, cooked"
4146,"Tomatoes, scalloped"
4147,"Tomatoes, canned, reduced sodium, cooked"
4148,Fried green tomatoes
4149,"Tomato, green, pickled"
4150,Sun-dried tomatoes
4151,"Tomato juice, 100%"
4152,"Tomato juice, 100%, low sodium"
4153,Tomato juice cocktail
4154,"Tomato and vegetable juice, 100%"
4155,"Tomato and vegetable juice, 100%, low sodium"
4156,Ketchup
4157,"Ketchup, reduced sodium"
4158,Tomato chili sauce
4159,"Salsa, NFS"
4160,"Salsa, pico de gallo"
4161,"Salsa, red"
4162,"Salsa, red, homemade"
4163,Taco sauce
4164,"Enchilada sauce, red"
4165,"Enchilada sauce, green"
4166,"Salsa verde or salsa, green"
4167,Hot Thai sauce
4168,Spaghetti sauce
4169,Spaghetti sauce with added vegetables
4170,"Spaghetti sauce, reduced sodium"
4171,"Spaghetti sauce, fat free"
4172,Vodka sauce with tomatoes and cream
4173,Barbecue sauce
4174,Buffalo sauce
4175,Steak sauce
4176,Cocktail sauce
4177,Puerto Rican seasoning with ham
4178,Puerto Rican seasoning without ham and tomato sauce
4179,"Tomato and cucumber salad made with tomato, cucumber, oil, and vinegar"
4180,"Soup, tomato"
4181,"Soup, cream of tomato"
4182,"Soup, tomato, canned"
4183,"Soup, tomato, canned / carton, reduced sodium"
4184,Tomato sandwich on white
4185,Tomato sandwich on wheat
4186,"Raw vegetable, NFS"
4187,"Sprouts, NFS"
4188,"Alfalfa sprouts, raw"
4189,Artichoke
4190,"Bean sprouts, raw"
4191,"Green beans, raw"
4192,"Broccoflower, raw"
4193,"Cabbage, green, raw"
4194,"Cabbage, Chinese, raw"
4195,"Cactus, raw"
4196,"Fennel bulb, raw"
4197,"Basil, raw"
4198,"Cilantro, raw"
4199,"Corn, raw"
4200,"Cucumber, raw"
4201,"Jicama, raw"
4202,"Lettuce, raw"
4203,"Lettuce, Boston, raw"
4204,"Lettuce, arugula, raw"
4205,"Mixed salad greens, raw"
4206,"Mushrooms, raw"
4207,"Onions, green, raw"
4208,"Parsley, raw"
4209,"Green peas, raw"
4210,"Peppers, hot, raw"
4211,"Peppers, raw, NFS"
4212,"Peppers, banana, raw"
4213,Radish
4214,"Rutabaga, raw"
4215,"Seaweed, raw"
4216,"Snowpeas, raw"
4217,"Summer squash, yellow, raw"
4218,"Summer squash, green, raw"
4219,"Turnip, raw"
4220,Mixed vegetable juice
4221,Celery juice
4222,"Broccoli salad with cauliflower, cheese, bacon bits, and dressing"
4223,Broccoli slaw salad
4224,"Coleslaw, fast food / restaurant"
4225,Coleslaw
4226,"Cabbage salad, NFS"
4227,"Coleslaw, with fruit"
4228,Cucumber and vegetable namasu
4229,"Cucumber salad, made with sour cream dressing"
4230,"Cucumber salad, made with Italian dressing"
4231,Cucumber salad made with cucumber and vinegar
4232,"Lettuce, salad with assorted vegetables including tomatoes and/or carrots, no dressing"
4233,"Lettuce, salad with assorted vegetables excluding tomatoes and carrots, no dressing"
4234,"Lettuce, salad with avocado, tomato, and/or carrots, with or without other vegetables, no dressing"
4235,"Lettuce, salad with cheese, tomato and/or carrots, with or without other vegetables, no dressing"
4236,"Lettuce, salad with egg, tomato, and/or carrots, with or without other vegetables, no dressing"
4237,"Lettuce, salad with egg, cheese, tomato, and/or carrots, with or without other vegetables, no dressing"
4238,"Lettuce, wilted, with bacon dressing"
4239,"Seven-layer salad, lettuce salad made with a combination of onion, celery, green pepper, peas, mayonnaise, cheese, eggs, and/or bacon"
4240,"Greek Salad, no dressing"
4241,"Spinach salad, no dressing"
4242,"Cobb salad, no dressing"
4243,Aloe vera juice drink
4244,"Asparagus, fresh, cooked, no added fat"
4245,"Asparagus, frozen, cooked, no added fat"
4246,"Asparagus, canned, cooked, no added fat"
4247,"Asparagus, NS as to form, cooked"
4248,"Asparagus, fresh, cooked, fat added, NS as to fat type"
4249,"Asparagus, frozen, cooked, fat added, NS as to fat type"
4250,"Asparagus, canned, cooked, fat added, NS as to fat type"
4251,"Asparagus, fresh, cooked with oil"
4252,"Asparagus, fresh, cooked with butter or margarine"
4253,"Asparagus, frozen, cooked with oil"
4254,"Asparagus, frozen, cooked with butter or margarine"
4255,"Asparagus, canned, cooked with oil"
4256,"Asparagus, canned, cooked with butter or margarine"
4257,"Bamboo shoots, cooked"
4258,"Lima beans, from frozen, no added fat"
4259,"Lima beans, from frozen, fat added"
4260,"Lima beans, from canned"
4261,"Green beans, cooked, from restaurant"
4262,"Green beans, fresh, cooked, no added fat"
4263,"Green beans, frozen, cooked, no added fat"
4264,"Green beans, canned, cooked, no added fat"
4265,"Green beans, NS as to form, cooked"
4266,"Green beans, fresh, cooked, fat added, NS as to fat type"
4267,"Green beans, frozen, cooked, fat added, NS as to fat type"
4268,"Green beans, canned, cooked, fat added, NS as to fat type"
4269,"Green beans, fresh, cooked with oil"
4270,"Green beans, fresh, cooked with butter or margarine"
4271,"Green beans, frozen, cooked with oil"
4272,"Green beans, frozen, cooked with butter or margarine"
4273,"Green beans, canned, cooked with oil"
4274,"Green beans, canned, cooked with butter or margarine"
4275,"Green beans, canned, reduced sodium, cooked, no added fat"
4276,"Green beans, canned, reduced sodium, cooked, fat added, NS as to fat type"
4277,"Green beans, canned, reduced sodium, cooked with oil"
4278,"Green beans, canned, reduced sodium, cooked with butter or margarine"
4279,Fried green beans
4280,"Yellow string beans, cooked"
4281,"Bean sprouts, cooked"
4282,"Beets, fresh, cooked, no added fat"
4283,"Beets, canned, cooked, no added fat"
4284,"Beets, NS as to form, cooked"
4285,"Beets, fresh, cooked, fat added"
4286,"Beets, canned, cooked, fat added"
4287,"Beets, canned, reduced sodium, cooked"
4288,"Bitter melon, cooked"
4289,"Breadfruit, cooked"
4290,"Broccoflower, cooked"
4291,"Brussels sprouts, fresh, cooked, no added fat"
4292,"Brussels sprouts, frozen, cooked, no added fat"
4293,"Brussels sprouts, NS as to form, cooked"
4294,"Brussels sprouts, fresh, cooked, fat added"
4295,"Brussels sprouts, frozen, cooked, fat added"
4296,"Burdock, cooked"
4297,"Cabbage, Chinese, cooked, no added fat"
4298,"Cabbage, Chinese, cooked, fat added"
4299,"Cabbage, green, cooked, no added fat"
4300,"Cabbage, green, cooked, fat added, NS as to fat type"
4301,"Cabbage, green, cooked with oil"
4302,"Cabbage, green, cooked with butter or margarine"
4303,"Cabbage, red, cooked"
4304,"Cabbage, savoy, cooked"
4305,"Cactus, cooked, no added fat"
4306,"Cactus, cooked, fat added"
4307,"Cauliflower, fresh, cooked, no added fat"
4308,"Cauliflower, frozen, cooked, no added fat"
4309,"Cauliflower, NS as to form, cooked"
4310,"Cauliflower, fresh, cooked, fat added, NS as to fat type"
4311,"Cauliflower, frozen, cooked, fat added, NS as to fat type"
4312,"Cauliflower, fresh, cooked with oil"
4313,"Cauliflower, fresh, cooked with butter or margarine"
4314,"Cauliflower, frozen, cooked with oil"
4315,"Cauliflower, frozen, cooked with butter or margarine"
4316,"Celery, cooked"
4317,"Fennel bulb, cooked"
4318,"Christophine, cooked"
4319,"Corn, cooked, from restaurant"
4320,"Corn, fresh, cooked, no added fat"
4321,"Corn, frozen, cooked, no added fat"
4322,"Corn, canned, cooked, no added fat"
4323,"Corn, NS as to form, cooked"
4324,"Corn, fresh, cooked, fat added, NS as to fat type"
4325,"Corn, frozen, cooked, fat added, NS as to fat type"
4326,"Corn, canned, cooked, fat added, NS as to fat type"
4327,"Corn, fresh, cooked with oil"
4328,"Corn, fresh, cooked with butter or margarine"
4329,"Corn, frozen, cooked with oil"
4330,"Corn, frozen, cooked with butter or margarine"
4331,"Corn, canned, cooked with oil"
4332,"Corn, canned, cooked with butter or margarine"
4333,"Corn, creamed"
4334,"Corn, canned, reduced sodium, cooked, no added fat"
4335,"Corn, canned, reduced sodium, cooked, fat added, NS as to fat type"
4336,"Corn, canned, reduced sodium, cooked with oil"
4337,"Corn, canned, reduced sodium, cooked with butter or margarine"
4338,"Cucumber, cooked"
4339,"Eggplant, cooked, no added fat"
4340,"Eggplant, cooked, fat added"
4341,"Flowers or blossoms of sesbania, squash, or lily, cooked"
4342,"Garlic, cooked"
4343,"Hominy, cooked"
4344,"Kohlrabi, cooked"
4345,Leeks
4346,"Lotus root, cooked"
4347,"Mushrooms, fresh, cooked, no added fat"
4348,"Mushrooms, NS as to form, cooked"
4349,"Mushrooms, fresh, cooked, fat added, NS as to fat type"
4350,"Mushrooms, canned, cooked"
4351,"Mushrooms, fresh, cooked with oil"
4352,"Mushrooms, fresh, cooked with butter or margarine"
4353,"Mushroom, Asian, cooked, from dried"
4354,"Okra, fresh, cooked, no added fat"
4355,"Okra, frozen, cooked, no added fat"
4356,"Okra, NS as to form, cooked"
4357,"Okra, fresh, cooked, fat added"
4358,"Okra, frozen, cooked, fat added"
4359,"Lettuce, cooked"
4360,"Onions, cooked, no added fat"
4361,"Onions, cooked, fat added"
4362,"Onions, pearl, cooked"
4363,"Onions, green, cooked"
4364,"Palm hearts, cooked"
4365,"Parsnips, cooked"
4366,"Blackeyed peas, from frozen"
4367,"Blackeyed peas, from canned"
4368,"Green peas, cooked, from restaurant"
4369,"Green peas, fresh, cooked, no added fat"
4370,"Green peas, frozen, cooked, no added fat"
4371,"Green peas, canned, cooked, no added fat"
4372,"Green peas, NS as to form, cooked"
4373,"Green peas, fresh, cooked, fat added, NS as to fat type"
4374,"Green peas, frozen, cooked, fat added, NS as to fat type"
4375,"Green peas, canned, cooked, fat added, NS as to fat type"
4376,"Green peas, fresh, cooked with oil"
4377,"Green peas, fresh, cooked with butter or margarine"
4378,"Green peas, frozen, cooked with oil"
4379,"Green peas, frozen, cooked with butter or margarine"
4380,"Green peas, canned, cooked with oil"
4381,"Green peas, canned, cooked with butter or margarine"
4382,"Green peas, canned, reduced sodium, cooked, no added fat"
4383,"Green peas, canned, reduced sodium, cooked, fat added, NS as to fat type"
4384,"Green peas, canned, reduced sodium, cooked with oil"
4385,"Green peas, canned, reduced sodium, cooked with butter or margarine"
4386,"Peppers, green, cooked"
4387,"Peppers, red, cooked"
4388,"Peppers, hot, cooked"
4389,Pimiento
4390,"Rutabaga, cooked"
4391,"Salsify, cooked"
4392,Sauerkraut
4393,"Snowpeas, fresh, cooked, no added fat"
4394,"Snowpeas, frozen, cooked, no added fat"
4395,"Snowpeas, NS as to form, cooked"
4396,"Snowpeas, fresh, cooked, fat added"
4397,"Snowpeas, frozen, cooked, fat added"
4398,"Seaweed, dried"
4399,"Seaweed, cooked, no added fat"
4400,"Seaweed, cooked, fat added"
4401,"Summer squash, yellow or green, fresh, cooked, no added fat"
4402,"Summer squash, yellow or green, frozen, cooked, no added fat"
4403,"Summer squash, yellow or green, NS as to form, cooked"
4404,"Summer squash, yellow or green, fresh, cooked, fat added, NS as to fat type"
4405,"Summer squash, yellow or green, frozen, cooked, fat added, NS as to fat type"
4406,"Summer squash, yellow or green, canned, cooked, fat added, NS as to fat type"
4407,"Summer squash, yellow or green, fresh, cooked with oil"
4408,"Summer squash, yellow or green, fresh, cooked with butter or margarine"
4409,"Summer squash, yellow or green, frozen, cooked with oil"
4410,"Summer squash, yellow or green, frozen, cooked with butter or margarine"
4411,"Spaghetti squash, cooked"
4412,"Turnip, cooked"
4413,Water Chesnut
4414,"Winter melon, cooked"
4415,Yeast
4416,"Lima beans and corn, cooked, no added fat"
4417,"Lima beans and corn, cooked, fat added"
4418,"Bean salad, yellow and/or green string beans"
4419,"Peppers and onions, cooked, no added fat"
4420,"Peppers and onions, cooked, fat added"
4421,"Classic mixed vegetables, cooked, from restaurant"
4422,"Classic mixed vegetables, frozen, cooked, no added fat"
4423,"Classic mixed vegetables, canned, cooked, no added fat"
4424,"Classic mixed vegetables, NS as to form, cooked"
4425,"Classic mixed vegetables, frozen, cooked, fat added, NS as to fat type"
4426,"Classic mixed vegetables, canned, cooked, fat added, NS as to fat type"
4427,"Classic mixed vegetables, frozen, cooked with oil"
4428,"Classic mixed vegetables, frozen, cooked with butter or margarine"
4429,"Classic mixed vegetables, canned, cooked with oil"
4430,"Classic mixed vegetables, canned, cooked with butter or margarine"
4431,"Classic mixed vegetables, canned, reduced sodium, cooked, no added fat"
4432,"Classic mixed vegetables, canned, reduced sodium, cooked, fat added, NS as to fat type"
4433,"Classic mixed vegetables, canned, reduced sodium, cooked with oil"
4434,"Classic mixed vegetables, canned, reduced sodium, cooked with butter or margarine"
4435,"Peas and corn, cooked, no added fat"
4436,"Peas and corn, cooked, fat added"
4437,Ratatouille
4438,"Vegetables, stew type, cooked, fat added"
4439,"Vegetables, stew type, cooked, no added fat"
4440,"Broccoli and cauliflower, cooked, no added fat"
4441,"Broccoli and cauliflower, cooked, fat added"
4442,"Broccoli, cauliflower and carrots, cooked, no added fat"
4443,"Broccoli, cauliflower and carrots, cooked, fat added"
4444,"Asian stir fry vegetables, cooked, no added fat"
4445,"Asian stir fry vegetables, cooked, fat added"
4446,"Jai, Monk's Food"
4447,"Vegetable mixture, dried"
4448,"Artichokes, stuffed"
4449,Green bean casserole
4450,"Green beans, cooked, Szechuan-style"
4451,Fried cauliflower
4452,"Chiles rellenos, cheese-filled"
4453,"Chiles rellenos, filled with meat and cheese"
4454,Stuffed jalapeno pepper
4455,"Corn, scalloped or pudding"
4456,"Fritter, corn"
4457,Fried eggplant
4458,Eggplant dip
4459,"Eggplant parmesan casserole, regular"
4460,Eggplant with cheese and tomato sauce
4461,"Mushrooms, stuffed"
4462,Fried mushrooms
4463,Fried okra
4464,Fried onion rings
4465,Pea salad
4466,Pea salad with cheese
4467,"Fried summer squash, yellow or green"
4468,"Squash, summer, casserole with tomato and cheese"
4469,"Squash, summer, casserole, with rice and tomato sauce"
4470,"Squash, summer, casserole, with cheese sauce"
4471,"Squash, summer, souffle"
4472,"Stew, vegetable"
4473,"Chow mein or chop suey, meatless, no noodles"
4474,Vegetable tempura
4475,Pakora
4476,Vegetable curry
4477,Vegetable curry with rice
4478,"Chow mein or chop suey, meatless, with noodles"
4479,"Green beans, pickled"
4480,"Beets, pickled"
4481,"Celery, pickled"
4482,"Relish, corn"
4483,"Cauliflower, pickled"
4484,"Cabbage, green, pickled"
4485,"Cabbage, red, pickled"
4486,Kimchi
4487,"Pickles, dill"
4488,"Relish, pickle"
4489,"Pickles, sweet"
4490,"Ginger root, pickled"
4491,Horseradish
4492,"Mushrooms, pickled"
4493,Mustard
4494,Honey mustard dip
4495,"Okra, pickled"
4496,"Olives, NFS"
4497,"Olives, green"
4498,"Olives, black"
4499,"Olives, stuffed"
4500,Olive tapenade
4501,Hot pepper sauce
4502,"Peppers, sweet, pickled"
4503,"Peppers, hot, pickled"
4504,"Peppers, jalapenos"
4505,"Pickles, NFS"
4506,"Pickles, fried"
4507,"Radishes, pickled"
4508,"Seaweed, pickled"
4509,"Vegetables, pickled"
4510,"Turnip, pickled"
4511,Wasabi paste
4512,"Zucchini, pickled"
4513,"Soup, borscht"
4514,"Soup, gazpacho"
4515,"Soup, cream of mushroom"
4516,"Soup, French onion"
4517,"Soup, cream of vegetable"
4518,"Soup, seaweed"
4519,"Soup, vegetable, canned"
4520,"Soup, vegetable, canned, reduced sodium"
4521,"Soup, vegetable"
4522,"Soup, minestrone"
4523,"Soup, beef"
4524,"Soup, vegetable, with meat"
4525,"Baby Toddler vegetable, NFS"
4526,"Baby Toddler carrots, Stage 1"
4527,"Baby Toddler carrots, Stage 2"
4528,"Baby Toddler squash, Stage 1"
4529,"Baby Toddler squash, Stage 2"
4530,"Baby Toddler sweet potatoes, Stage 1"
4531,"Baby Toddler sweet potatoes, Stage 2"
4532,"Baby Toddler green beans, Stage 1"
4533,"Baby Toddler green beans, Stage 2"
4534,Baby Toddler beets
4535,"Baby Toddler multiple vegetables, Stage 2"
4536,"Baby Toddler multiple vegetables, Stage 3"
4537,"Baby Toddler vegetables, with grain"
4538,Baby Toddler vegetables and meat
4539,"Baby Toddler peas, Stage 1"
4540,"Baby Toddler peas, Stage 2"
4541,"Toddler meal, NFS"
4542,"Toddler meal, meat and vegetables"
4543,"Toddler meal, rice and vegetables"
4544,"Toddler meal, pasta"
4545,"Toddler meal, pasta and vegetables"
4546,"Fried stuffed potatoes, Puerto Rican style"
4547,"Green plantain with cracklings, Puerto Rican style"
4548,"Ripe plantain meat pie, Puerto Rican style"
4549,Puerto Rican pasteles
4550,"Stuffed cabbage, with meat, Puerto Rican style"
4551,"Stuffed cabbage, with meat and rice, Syrian dish, Puerto Rican style"
4552,Eggplant and meat casserole
4553,"Vegetable and fruit juice, 100% juice, with high vitamin C"
4554,"Fruit and vegetable smoothie, with dairy"
4555,"Fruit and vegetable smoothie, added protein"
4556,"Fruit and vegetable smoothie, non-dairy"
4557,"Fruit and vegetable smoothie, non-dairy, added protein"
4558,"Fruit and vegetable smoothie, bottled"
4559,"Fruit and vegetable smoothie, no dairy"
4560,Vegetable smoothie
4561,"Table fat, NFS"
4562,"Butter, NFS"
4563,"Butter, stick"
4564,"Butter, tub"
4565,"Butter, light"
4566,"Margarine, NFS"
4567,"Margarine, stick"
4568,"Margarine, tub"
4569,"Butter replacement, liquid"
4570,"Margarine, light"
4571,"Butter replacement, powder"
4572,"Oil or table fat, NFS"
4573,Animal fat or drippings
4574,"Shortening, NS as to vegetable or animal"
4575,"Ghee, clarified butter"
4576,Garlic sauce
4577,Lemon-butter sauce
4578,Hollandaise sauce
4579,Sandwich spread
4580,Tartar sauce
4581,Horseradish sauce
4582,Pesto sauce
4583,Fry sauce
4584,"Sauce, NFS"
4585,Curry sauce
4586,Honey butter
4587,"Vegetable oil, NFS"
4588,Almond oil
4589,Coconut oil
4590,Corn oil
4591,Cottonseed oil
4592,Flaxseed oil
4593,Olive oil
4594,Peanut oil
4595,Canola oil
4596,Safflower oil
4597,Sesame oil
4598,Soybean oil
4599,Sunflower oil
4600,Walnut oil
4601,Wheat germ oil
4602,"Salad dressing, NFS, for salads"
4603,"Salad dressing, NFS, for sandwiches"
4604,Blue or roquefort cheese dressing
4605,Bacon and tomato dressing
4606,Caesar dressing
4607,Coleslaw dressing
4608,French or Catalina dressing
4609,Honey mustard dressing
4610,"Italian dressing, made with vinegar and oil"
4611,"Mayonnaise, regular"
4612,Vegan mayonnaise
4613,Russian dressing
4614,Mayonnaise-type salad dressing
4615,Avocado dressing
4616,Creamy Italian dressing
4617,Poppy seed dressing
4618,Sesame dressing
4619,Ranch dressing
4620,Thousand Island dressing
4621,Fruit dressing
4622,"Salad dressing, light, NFS"
4623,"Blue or roquefort cheese dressing, light"
4624,"Creamy Italian dressing, light"
4625,"French or Catalina dressing, light"
4626,"Caesar dressing, light"
4627,"Mayonnaise, light"
4628,"Mayonnaise, reduced fat,  with olive oil"
4629,"Mayonnaise-type salad dressing, light"
4630,"Honey mustard dressing, light"
4631,"Italian dressing, light"
4632,"Ranch dressing, light"
4633,"Sesame dressing, light"
4634,"Thousand Island dressing, light"
4635,Korean dressing or marinade
4636,"Blue or roquefort cheese dressing, fat free"
4637,"Caesar dressing, fat free"
4638,"Creamy Italian dressing, fat free"
4639,"French or Catalina dressing, fat free"
4640,"Honey mustard dressing, fat free"
4641,"Italian dressing, fat free"
4642,"Mayonnaise, fat free"
4643,"Ranch dressing, fat free"
4644,"Salad dressing, fat free, NFS"
4645,"Thousand Island dressing, fat free"
4646,"Bacon, for use with vegetables"
4647,"Ham, for use with vegetables"
4648,"Beef, for use with vegetables"
4649,"Chicken, for use with vegetables"
4650,"Cream sauce, for use with vegetables"
4651,"Cheese sauce, for use with vegetables"
4652,"Gravy, for use with vegetables"
4653,"Soy based sauce, for use with vegetables"
4654,"Tomato sauce, for use with vegetables"
4655,"Avocado, for use on a sandwich"
4656,"Cucumber, for use on a sandwich"
4657,"Lettuce, for use on a sandwich"
4658,"Mushrooms, for use on a sandwich"
4659,"Onions, for use on a sandwich"
4660,"Pepper, for use on a sandwich"
4661,"Spinach, for use on a sandwich"
4662,"Tomatoes, for use on a sandwich"
4663,"Bacon, for use on a sandwich"
4664,"Sugar, NFS"
4665,"Sugar, white, granulated or lump"
4666,"Sugar, white, confectioner's, powdered"
4667,"Sugar, brown"
4668,"Sugar, cinnamon"
4669,Sugar substitute and sugar blend
4670,"Sugar substitute, sucralose, powder"
4671,"Sugar substitute, stevia, powder"
4672,"Sugar substitute, stevia, liquid"
4673,"Sugar substitute, monk fruit, powder"
4674,"Sugar substitute, powder, NFS"
4675,"Sugar substitute, liquid, NFS"
4676,"Sugar substitute, saccharin, powder"
4677,"Sugar substitute, saccharin, liquid"
4678,"Sugar substitute, aspartame, powder"
4679,"Syrup, NFS"
4680,Pancake syrup
4681,Corn syrup
4682,Blueberry syrup
4683,Chocolate syrup
4684,"Chocolate syrup, light"
4685,Simple syrup
4686,Strawberry drink syrup
4687,"Pancake syrup, light"
4688,Agave liquid sweetener
4689,"Topping, butterscotch or caramel"
4690,"Topping, chocolate"
4691,"Topping, fruit"
4692,"Topping, marshmallow"
4693,"Topping, nuts and syrup"
4694,Chocolate hazelnut spread
4695,"Icing, chocolate"
4696,"Icing, white"
4697,"Caramel dip, regular"
4698,"Caramel dip, light"
4699,Chocolate dip
4700,Dessert dip
4701,Sweet and sour sauce
4702,Dessert sauce
4703,Duck sauce
4704,"Jam or jelly, NFS"
4705,Jelly
4706,Jam
4707,Fruit butter
4708,Marmalade
4709,"Jam or jelly, sugar free"
4710,"Jam or jelly, reduced sugar"
4711,"Jam or jelly, fruit juice sweetened"
4712,Guava paste
4713,Sweet potato paste
4714,"Bean paste, sweetened"
4715,Gelatin dessert
4716,Gelatin dessert with fruit
4717,Gelatin salad with vegetables
4718,"Gelatin dessert, sugar free"
4719,"Gelatin dessert, sugar free, with fruit"
4720,Yokan
4721,Haupia
4722,Italian Ice
4723,"Italian Ice, no sugar added"
4724,Freezer pop
4725,Snow cone
4726,"Snow cone, no sugar added"
4727,"Candy, NFS"
4728,"Almonds, chocolate covered candy"
4729,"Chocolate candy, other, NFS"
4730,Chocolate candy
4731,"Chocolate candy with nuts, other, NFS"
4732,Chocolate candy with nuts
4733,Chocolate candy with cereal
4734,"Chocolate candy, cookie filled"
4735,Chocolate chips
4736,"Candy, sprinkles"
4737,"Dark chocolate candy, other, NFS"
4738,Dark chocolate candy
4739,"Dark chocolate candy with nuts, other, NFS"
4740,Dark chocolate candy with nuts
4741,White chocolate candy
4742,"Chocolate candy, fudge"
4743,"Chocolate candy, caramel filled"
4744,"Chocolate candy, caramel filled with nuts"
4745,"Chocolate candy, coconut filled"
4746,"Chocolate candy, cream filled"
4747,"Chocolate candy, nougat filled"
4748,"Chocolate candy, nougat filled with nuts"
4749,"Chocolate candy, peanut butter filled"
4750,Chocolate candy with dried fruit
4751,"Chocolate candy, sugar free"
4752,"Candy, non chocolate, other, NFS"
4753,"Ladoo, round ball"
4754,"Candy, licorice"
4755,"Candy, marshmallow"
4756,"Candy, caramel"
4757,"Candy, nougat with nuts"
4758,"Peanuts, chocolate covered candy"
4759,"Candy, peanut brittle"
4760,"Candy, mint"
4761,"Candy, gummy"
4762,"Candy, hard"
4763,"Candy, lollipop"
4764,Cough drops
4765,"Candy, cotton"
4766,"Candy, fruit flavored pieces"
4767,"Chocolate candy, candy shell"
4768,"Chocolate candy, candy shell with nuts"
4769,"Candy, fruit snacks"
4770,"Candy, fruit leather"
4771,"Candy, taffy"
4772,"Candy, non chocolate, sugar free"
4773,"Chewing gum, sugar free"
4774,"Coffee, NS as to type"
4775,"Coffee, NS as to brewed or instant"
4776,"Coffee, brewed"
4777,"Coffee, brewed, blend of regular and decaffeinated"
4778,"Coffee, Turkish"
4779,"Coffee, espresso"
4780,"Coffee, espresso, decaffeinated"
4781,"Coffee, brewed, flavored"
4782,"Coffee, Cuban"
4783,"Coffee, macchiato"
4784,"Coffee, macchiato, sweetened"
4785,"Coffee, cafe con leche"
4786,"Coffee, cafe con leche, decaffeinated"
4787,"Coffee, Latte"
4788,"Coffee, Latte, nonfat"
4789,"Coffee, Latte, with non-dairy milk"
4790,"Coffee, Latte, flavored"
4791,"Coffee, Latte, nonfat, flavored"
4792,"Coffee, Latte, with non-dairy milk, flavored"
4793,"Coffee, Latte, decaffeinated"
4794,"Coffee, Latte, decaffeinated, nonfat"
4795,"Coffee, Latte, decaffeinated, with non-dairy milk"
4796,"Coffee, Latte, decaffeinated, flavored"
4797,"Coffee, Latte, decaffeinated, nonfat, flavored"
4798,"Coffee, Latte, decaffeinated, with non-dairy milk, flavored"
4799,Frozen coffee drink
4800,"Frozen coffee drink, nonfat"
4801,"Frozen coffee drink, with non-dairy milk"
4802,"Frozen coffee drink, with whipped cream"
4803,"Frozen coffee drink, nonfat, with whipped cream"
4804,"Frozen coffee drink, with non-dairy milk and whipped cream"
4805,"Frozen coffee drink, decaffeinated"
4806,"Frozen coffee drink, decaffeinated, nonfat"
4807,"Frozen coffee drink, decaffeinated, with non-dairy milk"
4808,"Frozen coffee drink, decaffeinated, with whipped cream"
4809,"Frozen coffee drink, decaffeinated, nonfat, with whipped cream"
4810,"Frozen coffee drink, decaffeinated, with non-dairy milk and whipped cream"
4811,"Coffee, Cafe Mocha"
4812,"Coffee, Cafe Mocha, nonfat"
4813,"Coffee, Cafe Mocha, with non-dairy milk"
4814,"Coffee, Cafe Mocha, decaffeinated"
4815,"Coffee, Cafe Mocha, decaffeinated, nonfat"
4816,"Coffee, Cafe Mocha, decaffeinated, with non-dairy milk"
4817,Frozen mocha coffee drink
4818,"Frozen mocha coffee drink, nonfat"
4819,"Frozen mocha coffee drink, with non-dairy milk"
4820,"Frozen mocha coffee drink, with whipped cream"
4821,"Frozen mocha coffee drink, nonfat, with whipped cream"
4822,"Frozen mocha coffee drink, with non-dairy milk and whipped cream"
4823,"Frozen mocha coffee drink, decaffeinated"
4824,"Frozen mocha coffee drink, decaffeinated, nonfat"
4825,"Frozen mocha coffee drink, decaffeinated, with non-dairy milk"
4826,"Frozen mocha coffee drink, decaffeinated, with whipped cream"
4827,"Frozen mocha coffee drink, decaffeinated, nonfat, with whipped cream"
4828,"Frozen mocha coffee drink, decaffeinated, with non-dairy milk and whipped cream"
4829,"Iced Coffee, brewed"
4830,"Iced Coffee, brewed, decaffeinated"
4831,"Iced Coffee, pre-lightened and pre-sweetened"
4832,"Coffee, Iced Latte"
4833,"Coffee, Iced Latte, nonfat"
4834,"Coffee, Iced Latte, with non-dairy milk"
4835,"Coffee, Iced Latte, flavored"
4836,"Coffee, Iced Latte, nonfat, flavored"
4837,"Coffee, Iced Latte, with non-dairy milk, flavored"
4838,"Coffee, Iced Latte, decaffeinated"
4839,"Coffee, Iced Latte, decaffeinated, nonfat"
4840,"Coffee, Iced Latte, decaffeinated, with non-dairy milk"
4841,"Coffee, Iced Latte, decaffeinated, flavored"
4842,"Coffee, Iced Latte, decaffeinated, nonfat, flavored"
4843,"Coffee, Iced Latte, decaffeinated, with non-dairy milk, flavored"
4844,"Coffee, Iced Cafe Mocha"
4845,"Coffee, Iced Cafe Mocha, nonfat"
4846,"Coffee, Iced Cafe Mocha, with non-dairy milk"
4847,"Coffee, Iced Cafe Mocha, decaffeinated"
4848,"Coffee, Iced Cafe Mocha, decaffeinated, nonfat"
4849,"Coffee, Iced Cafe Mocha, decaffeinated, with non-dairy milk"
4850,"Coffee, instant, reconstituted"
4851,"Coffee, instant, 50% less caffeine, reconstituted"
4852,"Coffee, NS as to brewed or instant, decaffeinated"
4853,"Coffee, brewed, decaffeinated"
4854,"Coffee, instant, decaffeinated, reconstituted"
4855,"Coffee, instant, pre-lightened and pre-sweetened with sugar, reconstituted"
4856,"Coffee, instant, decaffeinated, pre-lightened and pre-sweetened with sugar, reconsitituted"
4857,"Coffee, instant, pre-sweetened with sugar, reconstituted"
4858,"Coffee, mocha, instant, pre-lightened and pre-sweetened with low calorie sweetener, reconstituted"
4859,"Coffee, instant, pre-lightened and pre-sweetened with low calorie sweetener, reconstituted"
4860,"Coffee, instant, decaffeinated, pre-lightened and pre-sweetened with low calorie sweetener, reconstituted"
4861,"Coffee, pre-lightened and pre-sweetened with sugar"
4862,"Coffee, decaffeinated, pre-lightened and pre-sweetened with sugar"
4863,"Coffee, pre-lightened and pre-sweetened with low calorie sweetener"
4864,"Coffee, decaffeinated, pre-lightened and pre-sweetened with low calorie sweetener"
4865,"Coffee, pre-lightened"
4866,"Coffee, decaffeinated, pre-lightened"
4867,"Coffee, pre-sweetened with sugar"
4868,"Coffee, decaffeinated, pre-sweetened with sugar"
4869,"Coffee, pre-sweetened with low calorie sweetener"
4870,"Coffee, decaffeinated, pre-sweetened with low calorie sweetener"
4871,"Coffee and chicory, brewed"
4872,"Coffee and chicory, brewed, decaffeinated"
4873,"Coffee, Cappuccino"
4874,"Coffee, Cappuccino, nonfat"
4875,"Coffee, Cappuccino, with non-dairy milk"
4876,"Coffee, Cappuccino, decaffeinated"
4877,"Coffee, Cappuccino, decaffeinated, nonfat"
4878,"Coffee, Cappuccino, decaffeinated, with non-dairy milk"
4879,"Coffee, bottled/canned"
4880,"Coffee, bottled/canned, light"
4881,"Coffee, instant, not reconstituted"
4882,"Coffee, instant, decaffeinated, not reconstituted"
4883,"Coffee, instant, pre-sweetened with sugar, not reconstituted"
4884,"Coffee, instant, pre-lightened and pre-sweetened with sugar, not reconstituted"
4885,"Coffee, instant, decaffeinated, pre-lightened and pre-sweetened with sugar, not reconstituted"
4886,"Coffee, instant, decaffeinated, pre-lightened and pre-sweetened with low calorie sweetener, not reconstituted"
4887,Coffee substitute
4888,Chicory beverage
4889,"Tea, hot, leaf, black"
4890,"Tea, hot, leaf, black, decaffeinated"
4891,"Tea, hot, leaf, green"
4892,"Tea, hot, leaf, green, decaffeinated"
4893,"Tea, hot, leaf, oolong"
4894,"Tea, iced, instant, black, unsweetened"
4895,"Tea, iced, instant, black, pre-sweetened with sugar"
4896,"Tea, iced, instant, black, decaffeinated, pre-sweetened with sugar"
4897,"Tea, iced, instant, black, pre-sweetened with low calorie sweetener"
4898,"Tea, iced, instant, black, decaffeinated, pre-sweetened with low calorie sweetener"
4899,"Tea, iced, instant, black, decaffeinated, unsweetened"
4900,"Tea, iced, instant, green, unsweetened"
4901,"Tea, iced, instant, green, pre-sweetened with sugar"
4902,"Tea, iced, instant, green, pre-sweetened with low calorie sweetener"
4903,"Tea, hot, herbal"
4904,"Tea, hot, hibiscus"
4905,Corn beverage
4906,"Tea, hot, chamomile"
4907,"Tea, hot, with milk"
4908,"Tea, ginger"
4909,"Tea, bubble"
4910,"Tea, kombucha"
4911,"Tea, iced, instant, black, unsweetened, dry"
4912,"Tea, iced, instant, black, pre-sweetened, dry"
4913,Iced Tea / Lemonade juice drink
4914,"Iced Tea / Lemonade juice drink, light"
4915,"Iced Tea / Lemonade juice drink, diet"
4916,"Tea, iced, brewed, black, pre-sweetened with sugar"
4917,"Tea, iced, brewed, black, pre-sweetened with low calorie sweetener"
4918,"Tea, iced, brewed, black, unsweetened"
4919,"Tea, iced, brewed, black, decaffeinated, pre-sweetened with sugar"
4920,"Tea, iced, brewed, black, decaffeinated, pre-sweetened with low calorie sweetener"
4921,"Tea, iced, brewed, black, decaffeinated, unsweetened"
4922,"Tea, iced, brewed, green, pre-sweetened with sugar"
4923,"Tea, iced, brewed, green, pre-sweetened with low calorie sweetener"
4924,"Tea, iced, brewed, green, unsweetened"
4925,"Tea, iced, brewed, green, decaffeinated, pre-sweetened with sugar"
4926,"Tea, iced, brewed, green, decaffeinated, pre-sweetened with low calorie sweetener"
4927,"Tea, iced, brewed, green, decaffeinated, unsweetened"
4928,"Tea, iced, bottled, black"
4929,"Tea, iced, bottled, black, decaffeinated"
4930,"Tea, iced, bottled, black, diet"
4931,"Tea, iced, bottled, black, decaffeinated, diet"
4932,"Tea, iced, bottled, black, unsweetened"
4933,"Tea, iced, bottled, black, decaffeinated, unsweetened"
4934,"Tea, iced, bottled, green"
4935,"Tea, iced, bottled, green, diet"
4936,"Tea, iced, bottled, green, unsweetened"
4937,"Soft drink, NFS"
4938,"Soft drink, NFS, diet"
4939,"Water, tonic"
4940,"Water, carbonated, plain"
4941,"Water, carbonated, flavored"
4942,"Soft drink, cola"
4943,"Soft drink, cola, diet"
4944,"Soft drink, cola, decaffeinated"
4945,"Soft drink, cola, decaffeinated, diet"
4946,"Soft drink, pepper type"
4947,"Soft drink, pepper type, diet"
4948,"Soft drink, pepper type, decaffeinated"
4949,"Soft drink, pepper type, decaffeinated, diet"
4950,"Soft drink, cream soda"
4951,"Soft drink, cream soda, diet"
4952,"Soft drink, fruit flavored, caffeine free"
4953,"Soft drink, fruit flavored, diet, caffeine free"
4954,"Soft drink, fruit flavored, caffeine containing"
4955,"Soft drink, fruit flavored, caffeine containing, diet"
4956,"Soft drink, ginger ale"
4957,"Soft drink, ginger ale, diet"
4958,"Soft drink, root beer"
4959,"Soft drink, root beer, diet"
4960,"Soft drink, chocolate flavored"
4961,"Soft drink, chocolate flavored, diet"
4962,"Soft drink, cola, fruit or vanilla flavored"
4963,"Soft drink, cola, chocolate flavored"
4964,"Soft drink, cola, fruit or vanilla flavored, diet"
4965,"Soft drink, cola, chocolate flavored, diet"
4966,"Fruit juice drink, citrus, carbonated"
4967,"Fruit juice drink, noncitrus, carbonated"
4968,Fruit juice drink
4969,Tamarind drink
4970,"Fruit punch, made with fruit juice and soda"
4971,"Lemonade, fruit juice drink"
4972,"Lemonade, fruit flavored drink"
4973,"Lemonade, frozen concentrate, not reconstituted"
4974,Fruit flavored drink
4975,"Pina Colada, nonalcoholic"
4976,"Margarita mix, nonalcoholic"
4977,Slush frozen drink
4978,"Slush frozen drink, no sugar added"
4979,"Fruit flavored drink, with high vitamin C"
4980,"Cranberry juice drink, with high vitamin C"
4981,"Fruit juice drink, with high vitamin C"
4982,"Vegetable and fruit juice drink, with high vitamin C"
4983,"Fruit flavored drink, powdered, reconstituted"
4984,"Fruit flavored drink, with high vitamin C, powdered, reconstituted"
4985,"Fruit juice drink, with high vitamin C, light"
4986,"Fruit juice drink, light"
4987,"Fruit juice drink, diet"
4988,"Cranberry juice drink, with high vitamin C, light"
4989,"Grape juice drink, light"
4990,"Orange juice beverage, 40-50% juice, light"
4991,"Apple juice beverage, 40-50% juice, light"
4992,"Lemonade, fruit juice drink, light"
4993,"Pomegranate juice beverage, 40-50% juice, light"
4994,"Vegetable and fruit juice drink, with high vitamin C, diet"
4995,"Vegetable and fruit juice drink, with high vitamin C, light"
4996,"Fruit flavored drink, with high vitamin C, diet"
4997,"Fruit flavored drink, diet"
4998,"Fruit flavored drink, with high vitamin C, powdered, reconstituted, diet"
4999,"Fruit flavored drink, powdered, reconstituted, diet"
5000,"Horchata, made with water"
5001,"Horchata, made with milk"
5002,Frescavena
5003,Atole de avena
5004,Sugar cane beverage
5005,Atole
5006,Atole de chocolate
5007,"Wine, nonalcoholic"
5008,"Beer, nonalcoholic"
5009,Shirley Temple
5010,"Fruit flavored drink, with high vitamin C, powdered, not reconstituted"
5011,"Fruit flavored drink, powdered, not reconstituted"
5012,"Fruit flavored drink, powdered, not reconstituted, diet"
5013,"Sports drink, dry concentrate, not reconstituted"
5014,Beer
5015,"Beer, light"
5016,"Beer, higher alcohol"
5017,"Alcoholic malt beverage, sweetened"
5018,Alcoholic malt beverage
5019,Hard cider
5020,Hard seltzer
5021,Liqueur
5022,"Liqueur, cream"
5023,"Liqueur, coffee flavored"
5024,"Cocktail, NFS"
5025,Brandy Alexander
5026,Bloody Mary
5027,Cape Cod
5028,Daiquiri
5029,"Gelatin shot, alcoholic"
5030,Gimlet
5031,Gin and tonic
5032,Greyhound
5033,Jagerbomb
5034,Kamikaze
5035,Manhattan
5036,Margarita
5037,Martini
5038,"Martini, flavored"
5039,Michelada
5040,Mimosa
5041,Mint julep
5042,Mojito
5043,Moscow mule
5044,Old fashioned
5045,Orange Blossom
5046,Rob Roy
5047,Rusty Nail
5048,Screwdriver
5049,Seabreeze
5050,Seven and Seven
5051,Tom Collins
5052,Whiskey sour
5053,Whiskey and soda
5054,Whiskey and water
5055,Whiskey and cola
5056,Whiskey and diet cola
5057,Whiskey and ginger ale
5058,Rum and cola
5059,Rum and diet cola
5060,Pina Colada
5061,Brandy and cola
5062,Vodka and soda
5063,Vodka and lemonade
5064,Vodka and cola
5065,Vodka and diet cola
5066,Vodka and energy drink
5067,Vodka and water
5068,Vodka and tonic
5069,Sloe gin fizz
5070,Black Russian
5071,White Russian
5072,"Fruit punch, alcoholic"
5073,Champagne punch
5074,Singapore Sling
5075,Mai Tai
5076,Tequila Sunrise
5077,Long Island iced tea
5078,Fuzzy Navel
5079,Alcoholic coffee drink
5080,Frozen daiquiri
5081,Frozen margarita
5082,"Eggnog, alcoholic"
5083,Gin fizz
5084,"Rum, hot buttered"
5085,"Wine, sparkling"
5086,"Wine, red"
5087,"Wine, white"
5088,"Wine, rose"
5089,"Wine, rice"
5090,"Wine, dessert, sweet"
5091,"Wine, light"
5092,Wine cooler
5093,"Sangria, red"
5094,"Sangria, white"
5095,Wine spritzer
5096,Glug
5097,Brandy
5098,Whiskey
5099,Scotch
5100,Gin
5101,Rum
5102,Vodka
5103,Tequila
5104,"Water, NFS"
5105,"Water, tap"
5106,"Water, bottled, plain"
5107,"Water, non-carbonated, flavored"
5108,"Water beverage, fruit flavored"
5109,"Water, enhanced, regular"
5110,"Water, enhanced, diet"
5111,"Water, baby"
5112,"Nutritional drink or shake, ready-to-drink, NFS"
5113,"Nutritional drink or shake, high protein, ready-to-drink, NFS"
5114,"Nutritional drink or shake, high protein, light, ready-to-drink, NFS"
5115,"Nutritional drink or shake, liquid, soy-based"
5116,"Nutritional powder mix, NFS"
5117,"Nutritional powder mix, high protein, NFS"
5118,"Nutritional powder mix, whey based, NFS"
5119,"Nutritional powder mix, protein, soy based, NFS"
5120,"Nutritional powder mix, protein, light, NFS"
5121,"Nutritional powder mix, protein, NFS"
5122,Energy Drink
5123,"Energy drink, sugar free"
5124,"Sports drink, NFS"
5125,"Sports drink, low calorie"
5126,"Fluid replacement, electrolyte solution"
5127,"Fluid replacement, 5% glucose in water"
5128,"Fruit juice, acai blend"
5129,Cheese as ingredient in sandwiches
5130,Cheese and Queso as ingredient
5131,Beef as ingredient in recipes
5132,Breakfast meat as ingredient in omelet
5133,Chicken as ingredient in recipes
5134,"Fish, cooked, as ingredient"
5135,"Fish fillet, fried as ingredient in sandwiches"
5136,Breading or batter as ingredient in food
5137,Wheat bread as ingredient in sandwiches
5138,Wheat bun as ingredient in sandwiches
5139,"Rice, white, cooked, as ingredient"
5140,"Rice, brown, cooked, as ingredient"
5141,"Potato, cooked, as ingredient"
5142,"Spinach, cooked, as ingredient"
5143,"Broccoli, cooked, as ingredient"
5144,"Carrots, cooked, as ingredient"
5145,"Sweet potato, cooked, as ingredient"
5146,"Tomatoes, cooked, as ingredient"
5147,"Onions, cooked, as ingredient"
5148,"Mushrooms, cooked, as ingredient"
5149,"Green pepper, cooked, as ingredient"
5150,"Red pepper, cooked, as ingredient"
5151,"Cabbage, cooked, as ingredient"
5152,"Cauliflower, cooked, as ingredient"
5153,"Eggplant, cooked, as ingredient"
5154,"Green beans, cooked, as ingredient"
5155,"Summer squash, cooked, as ingredient"
5156,"Celery, cooked, as ingredient"
5157,Dark green vegetables as ingredient in omelet
5158,Tomatoes as ingredient in omelet
5159,Other vegetables as ingredient in omelet
5160,"Mirepoix, cooked, as ingredient"
5161,Vegetables as ingredient in curry
5162,Vegetables as ingredient in soups
5163,Vegetables as ingredient in stews
5164,Sauce as ingredient in hamburgers
5165,Industrial oil as ingredient in food
5166,"Waffles, buttermilk, frozen, ready-to-heat"
5167,"Waffle, buttermilk, frozen, ready-to-heat, toasted"
5168,"Waffle, buttermilk, frozen, ready-to-heat, microwaved"
5169,"Waffle, plain, frozen, ready-to-heat, microwave"
5170,"Pie Crust, Cookie-type, Graham Cracker, Ready Crust"
5171,"Pie Crust, Cookie-type, Chocolate, Ready Crust"
5172,"Pie, Dutch Apple, Commercially Prepared"
5173,"Waffles, chocolate chip, frozen, ready-to-heat"
5174,"Tostada shells, corn"
5175,"Bread, salvadoran sweet cheese (quesadilla salvadorena)"
5176,"Bread, pound cake type, pan de torta salvadoran"
5177,"Pastry, Pastelitos de Guava (guava pastries)"
5178,"Bread, white wheat"
5179,"Bagels, wheat"
5180,"Cream puff, eclair, custard or cream filled, iced"
5181,"Tortillas, ready-to-bake or -fry, flour, shelf stable"
5182,"Snacks, beef jerky, chopped and formed"
5183,"Snacks, corn-based, extruded, chips, plain"
5184,"Snacks, corn-based, extruded, chips, barbecue-flavor"
5185,"Snacks, corn-based, extruded, cones, plain"
5186,"Snacks, fruit leather, pieces"
5187,"Snacks, fruit leather, rolls"
5188,"Snacks, granola bars, hard, plain"
5189,"Snacks, granola bars, hard, almond"
5190,"Snacks, granola bars, soft, uncoated, raisin"
5191,"Snacks, granola bars, soft, coated, milk chocolate coating, chocolate chip"
5192,"Candies, honey-combed, with peanut butter"
5193,"Snacks, granola bars, soft, coated, milk chocolate coating, peanut butter"
5194,"Snacks, granola bars, soft, uncoated, peanut butter and chocolate chip"
5195,"Snacks, popcorn, oil-popped, microwave, regular flavor, no trans fat"
5196,"Snacks, popcorn, cakes"
5197,"Snacks, popcorn, caramel-coated, with peanuts"
5198,"Snacks, popcorn, caramel-coated, without peanuts"
5199,"Snacks, potato chips, made from dried potatoes, reduced fat"
5200,"Snacks, potato chips, made from dried potatoes, sour-cream and onion-flavor"
5201,"Snacks, pretzels, hard, plain, salted"
5202,"Snacks, pretzels, hard, confectioner's coating, chocolate-flavor"
5203,"Snacks, rice cakes, brown rice, sesame seed"
5204,"Snacks, tortilla chips, plain, white corn, salted"
5205,"Snacks, tortilla chips, nacho cheese"
5206,"Snacks, tortilla chips, ranch-flavor"
5207,"Snacks, trail mix, regular"
5208,"Candies, caramels, chocolate-flavor roll"
5209,"Baking chocolate, unsweetened, liquid"
5210,"Baking chocolate, unsweetened, squares"
5211,"Candies, confectioner's coating, yogurt"
5212,"Candies, confectioner's coating, peanut butter"
5213,"Candies, white chocolate"
5214,"Ice creams, vanilla, light"
5215,"Ice creams, vanilla, rich"
5216,"Desserts, flan, caramel custard, prepared-from-recipe"
5217,"Ice creams, vanilla"
5218,"Ice creams, vanilla, light, soft-serve"
5219,"Sherbet, orange"
5220,"Candies, fudge, peanut butter, prepared-from-recipe"
5221,"Candies, fudge, vanilla, prepared-from-recipe"
5222,"Candies, fudge, vanilla with nuts"
5223,"Syrups, table blends, pancake, with butter"
5224,"Ice creams, chocolate, light"
5225,"Candies, milk chocolate"
5226,"Puddings, banana, dry mix, instant, prepared with 2% milk"
5227,"Puddings, banana, dry mix, regular, prepared with 2% milk"
5228,"Seaweed, Canadian Cultivated EMI-TSUNOMATA, dry"
5229,"Seaweed, Canadian Cultivated EMI-TSUNOMATA, rehydrated"
5230,"Potatoes, hash brown, refrigerated, unprepared"
5231,"Potatoes, hash brown, refrigerated, prepared, pan-fried in canola oil"
5232,"Sweet Potatoes, french fried, frozen as packaged, salt added in processing"
5233,"Moose, meat, raw (Alaska Native)"
5234,"Mashu roots, raw (Alaska Native)"
5235,"Moose, liver, braised (Alaska Native)"
5236,"Seal, bearded (Oogruk), meat, raw (Alaska Native)"
5237,"Oil, bearded seal (Oogruk) (Alaska Native)"
5238,"Oopah (tunicate), whole animal (Alaska Native)"
5239,"Owl, horned, flesh, raw (Alaska Native)"
5240,"Fish, salmon, king, chinook, smoked and canned (Alaska Native)"
5241,"Fish, salmon, king, chinook, smoked, brined (Alaska Native)"
5242,"Fish, salmon, king, chinook, liver (Alaska Native)"
5243,"Duck, scoter, white-winged, meat (Alaska Native)"
5244,"Sea cucumber, yane (Alaska Native)"
5245,"Squirrel, ground, meat (Alaska Native)"
5246,"Tea, tundra, herb and laborador combination (Alaska Native)"
5247,"Walrus, meat, dried (Alaska Native)"
5248,"Deer (venison), sitka, raw (Alaska Native)"
5249,"Whale, bowhead, subcutaneous fat (blubber) (Alaska Native)"
5250,"Whale, bowhead, skin and subcutaneous fat (muktuk) (Alaska Native)"
5251,"Oil, whale, bowhead (Alaska Native)"
5252,"Fish, whitefish, broad, liver (Alaska Native)"
5253,"Mush, blue corn with ash (Navajo)"
5254,"Cornmeal, blue (Navajo)"
5255,"Melon, banana (Navajo)"
5256,Chilchen (Red Berry Beverage) (Navajo)
5257,"Corn, dried (Navajo)"
5258,"Squash, Indian, cooked, boiled (Navajo)"
5259,"Bread, kneel down (Navajo)"
5260,"Mutton, cooked, roasted (Navajo)"
5261,"Frybread, made with lard (Navajo)"
5262,Tamales (Navajo)
5263,"Stew, steamed corn (Navajo)"
5264,"Fish, halibut, raw, with skin (Alaska Native)"
5265,"Fish, salmon, coho (silver), raw (Alaska Native)"
5266,"Blueberries, wild, raw (Alaska Native)"
5267,"Oil, spotted seal (Alaska Native)"
5268,"Fish, salmon, red, canned, bones removed (Alaska Native)"
5269,"Fish, whitefish, eggs (Alaska Native)"
5270,"Caribou, rump meat, half dried (Alaska Native)"
5271,"Fish, salmon, red, (sockeye), canned, smoked (Alaska Native)"
5272,"Fish, salmon, red, (sockeye), kippered (Alaska Native)"
5273,"Fish, salmon, king, with skin, kippered, (Alaska Native)"
5274,"Fish, sheefish, raw (Alaska Native)"
5275,"Buffalo, free range, top round steak, raw (Shoshone Bannock)"
5276,"Seal, bearded (Oogruk), meat, partially dried (Alaska Native)"
5277,"Buffalo, free range, top round steak, cooked (Shoshone Bannock)"
5278,"Elk, free range, roast, eye of round, raw (Shoshone Bannock)"
5279,"Corn, dried, yellow (Northern Plains Indians)"
5280,"Smelt, dried (Alaska Native)"
5281,"Frybread, made with lard (Apache)"
5282,Corned beef and potatoes in tortilla (Apache)
5283,"Restaurant, Mexican, soft taco with ground beef, cheese and lettuce"
5284,"Restaurant, Latino, chicken and rice, entree, prepared"
5285,"Restaurant, Latino, empanadas, beef, prepared"
5286,"Restaurant, Latino, pupusas con frijoles (pupusas, bean)"
5287,"Restaurant, Latino, pupusas con queso (pupusas, cheese)"
5288,"Restaurant, Latino, pupusas del cerdo (pupusas, pork)"
5289,"Restaurant, Latino, tamale, corn"
5290,"Restaurant, Mexican, spanish rice"
5291,"Restaurant, Mexican, refried beans"
5292,"Restaurant, Chinese, egg rolls, assorted"
5293,"Restaurant, Chinese, fried rice, without meat"
5294,"Restaurant, Chinese, lemon chicken"
5295,"Restaurant, Chinese, general tso's chicken"
5296,"Restaurant, Chinese, kung pao chicken"
5297,"Restaurant, Chinese, vegetable lo mein, without meat"
5298,"Restaurant, Chinese, chicken and vegetables"
5299,"Restaurant, Chinese, orange chicken"
5300,"Restaurant, Italian, spaghetti with meat sauce"
5301,"Beverages, fruit-flavored drink, dry powdered mix, low calorie, with aspartame"
5302,"Pectin, liquid"
5303,"Frozen novelties, ice cream type, vanilla ice cream, light, no sugar added, chocolate coated"
5304,"Creamy dressing, made with sour cream and/or buttermilk and oil, reduced calorie"
5305,"Bologna, beef and pork, low fat"
5306,"Milk dessert, frozen, milk-fat free, chocolate"
5307,"Whipped topping, frozen, low fat"
5308,"Cream substitute, powdered, light"
5309,"Babyfood, apple yogurt dessert, strained"
5310,"Vegetable oil-butter spread, reduced calorie"
5311,"Salad dressing, blue or roquefort cheese dressing, light"
5312,"Salad dressing, french dressing, reduced calorie"
5313,"Sausage, turkey and pork, fresh, bulk, patty or link, cooked"
5314,"Mayonnaise, made with tofu"
5315,"Frankfurter, beef, low fat"
5316,"Milk, buttermilk, fluid, cultured, reduced fat"
5317,"Pork sausage rice links, brown and serve, cooked"
5318,"Salad dressing, blue or roquefort cheese dressing, fat-free"
5319,"Salad Dressing, mayonnaise-like, fat-free"
5320,"Oil, flaxseed, cold pressed"
5321,"Cheese, cottage, lowfat, 1% milkfat, lactose reduced"
5322,"Salad dressing, bacon and tomato"
5323,"Cheese, parmesan, low sodium"
5324,"Jams, preserves, marmalade, reduced sugar"
5325,"Beverages, fruit-flavored drink, powder, with high vitamin C with other added vitamins, low calorie"
5326,"Tomato and vegetable juice, low sodium"
5327,"Turkey, wing, smoked, cooked, with skin, bone removed"
5328,"Turkey, drumstick, smoked, cooked, with skin, bone removed"
5329,"Beverages, Chocolate-flavored drink, whey and milk based"
5330,"Pork, cured, bacon, cooked, broiled, pan-fried or roasted, reduced sodium"
5331,"Turkey, light or dark meat, smoked, cooked, skin and bone removed"
5332,"Hearts of palm, raw"
5333,"Cheese, cottage, lowfat, 1% milkfat, with vegetables"
5334,Yeast extract spread
5335,"Babyfood, juice, pear"
5336,"Chicken, meatless, breaded, fried"
5337,"Babyfood, meat, beef with vegetables, toddler"
5338,"Frozen novelties, juice type, juice with cream"
5339,Tofu yogurt
5340,"Alcoholic beverage, rice (sake)"
5341,"Millet, puffed"
5342,"Babyfood, mixed fruit yogurt, strained"
5343,"Babyfood, rice and apples, dry"
5344,"Babyfood, juice, apple - cherry"
5345,"Milk, imitation, non-soy"
5346,"Babyfood, cereal, rice with pears and apple, dry, instant fortified"
5347,"Babyfood, banana no tapioca, strained"
5348,"Babyfood, banana apple dessert, strained"
5349,"Breakfast bar, corn flake crust with fruit"
5350,"Cheese, mozzarella, low sodium"
5351,"Mayonnaise dressing, no cholesterol"
5352,"Oil, corn, peanut, and olive"
5353,"Pie fillings, blueberry, canned"
5354,"Beverages, Cocktail mix, non-alcoholic, concentrated, frozen"
5355,"Puddings, chocolate flavor, low calorie, regular, dry mix"
5356,"Puddings, all flavors except chocolate, low calorie, regular, dry mix"
5357,"Mollusks, scallop, (bay and sea), cooked, steamed"
5358,"Syrup, Cane"
5359,"Mollusks, snail, raw"
5360,"Turtle, green, raw"
5361,"Lemons, raw, without peel"
5362,"Lemon juice, raw"
5363,"Lemon juice from concentrate, canned or bottled"
5364,"Lemon peel, raw"
5365,"Prickly pears, raw"
5366,"Plums, dried (prunes), stewed, without added sugar"
5367,"Plums, dried (prunes), stewed, with added sugar"
5368,"Prune juice, canned"
5369,"Pummelo, raw"
5370,"Raspberries, raw"
5371,"Raspberries, canned, red, heavy syrup pack, solids and liquids"
5372,"Raspberries, frozen, red, sweetened"
5373,"Rhubarb, raw"
5374,"Sapodilla, raw"
5375,"Sapote, mamey, raw"
5376,"Soursop, raw"
5377,"Strawberries, raw"
5378,"Tamarinds, raw"
5379,"Fruit salad, (pineapple and papaya and banana and guava), tropical, canned, heavy syrup, solids and liquids"
5380,"Watermelon, raw"
5381,"Maraschino cherries, canned, drained"
5382,"Pineapple, canned, juice pack, drained"
5383,"Apricots, canned, heavy syrup, drained"
5384,"Cherries, sour, canned, water pack, drained"
5385,"Cherries, sweet, canned, pitted, heavy syrup, drained"
5386,"Apple juice, canned or bottled, unsweetened, with added ascorbic acid"
5387,"Applesauce, canned, unsweetened, with added ascorbic acid"
5388,"Applesauce, canned, sweetened, with salt"
5389,"Grapefruit juice, pink, raw"
5390,"Apple juice, frozen concentrate, unsweetened, diluted with 3 volume water, with added ascorbic acid"
5391,"Pears, raw, bartlett (Includes foods for USDA's Food Distribution Program)"
5392,"Pears, raw, red anjou"
5393,"Pears, raw, bosc (Includes foods for USDA's Food Distribution Program)"
5394,"Pears, raw, green anjou (Includes foods for USDA's Food Distribution Program)"
5395,Prune puree
5396,Candied fruit
5397,"Abiyuch, raw"
5398,"Rowal, raw"
5399,"Guava nectar, canned, with added ascorbic acid"
5400,"Mango nectar, canned"
5401,"Tamarind nectar, canned"
5402,"Pomegranate juice, bottled"
5403,"Nance, canned, syrup, drained"
5404,"Nance, frozen, unsweetened"
5405,"Naranjilla (lulo) pulp, frozen, unsweetened"
5406,Horned melon (Kiwano)
5407,Orange Pineapple Juice Blend
5408,"Apples, raw, fuji, with skin (Includes foods for USDA's Food Distribution Program)"
5409,"Orange juice, chilled, includes from concentrate, with added calcium and vitamins A, D, E"
5410,"Apple juice, canned or bottled, unsweetened, with added ascorbic acid, calcium, and potassium"
5411,Baobab powder
5412,"Cherry juice, tart"
5413,"Raspberries, puree, seedless"
5414,"Raspberries, puree, with seeds"
5415,"Pork, fresh, composite of trimmed leg, loin, shoulder, and spareribs, (includes cuts to be cured), separable lean and fat, raw"
5416,"Pork, fresh, backfat, raw"
5417,"Pork, fresh, belly, raw"
5418,"Pork, fresh, separable fat, raw"
5419,"Pork, fresh, leg (ham), rump half, separable lean and fat, raw"
5420,"Pork, fresh, leg (ham), rump half, separable lean and fat, cooked, roasted"
5421,"Pork, fresh, leg (ham), rump half, separable lean only, raw (Includes foods for USDA's Food Distribution Program)"
5422,"Pork, fresh, leg (ham), rump half, separable lean only, cooked, roasted"
5423,"Pork, fresh, loin, whole, separable lean and fat, raw"
5424,"Pork, fresh, loin, whole, separable lean and fat, cooked, braised"
5425,"Pork, fresh, loin, whole, separable lean and fat, cooked, broiled"
5426,"Pork, fresh, loin, whole, separable lean and fat, cooked, roasted"
5427,"Pork, fresh, loin, blade (chops or roasts), bone-in, separable lean and fat, raw"
5428,"Pork, fresh, loin, blade (chops), bone-in, separable lean and fat, cooked, braised"
5429,"Pork, fresh, loin, blade (chops), bone-in, separable lean and fat, cooked, broiled"
5430,"Pork, fresh, loin, blade (roasts), bone-in, separable lean and fat, cooked, roasted"
5431,"Pork, fresh, loin, center loin (chops), bone-in, separable lean and fat, cooked, braised"
5432,"Pork, fresh, loin, center loin (chops), bone-in, separable lean and fat, cooked, broiled"
5433,"Pork, fresh, loin, center loin (roasts), bone-in, separable lean and fat, cooked, roasted"
5434,"Pork, fresh, loin, center loin (chops), bone-in, separable lean only, raw"
5435,"Pork, fresh, loin, center rib (chops), bone-in, separable lean and fat, cooked, braised"
5436,"Pork, fresh, loin, center rib (chops), bone-in, separable lean and fat, cooked, broiled"
5437,"Pork, fresh, loin, center rib (roasts), bone-in, separable lean and fat, cooked, roasted"
5438,"Pork, fresh, loin, center rib (chops or roasts), bone-in, separable lean only, raw"
5439,"Pork, fresh, loin, sirloin (chops), bone-in, separable lean and fat, cooked, braised"
5440,"Pork, fresh, loin, sirloin (chops), bone-in, separable lean and fat, cooked, broiled"
5441,"Pork, fresh, loin, sirloin (roasts), bone-in, separable lean and fat, cooked, roasted"
5442,"Pork, fresh, loin, sirloin (chops or roasts), bone-in, separable lean only, raw"
5443,"Pork, fresh, loin, sirloin (chops), bone-in, separable lean only, cooked, braised"
5444,"Pork, fresh, loin, top loin (chops), boneless, separable lean and fat, raw"
5445,"Pork, fresh, loin, top loin (chops), boneless, separable lean and fat, cooked, braised"
5446,"Pork, fresh, loin, top loin (chops), boneless, separable lean and fat, cooked, broiled"
5447,"Pork, fresh, loin, top loin (roasts), boneless, separable lean and fat, cooked, roasted"
5448,"Pork, fresh, shoulder, whole, separable lean and fat, raw"
5449,"Pork, fresh, shoulder, whole, separable lean and fat, cooked, roasted"
5450,"Pork, fresh, shoulder, whole, separable lean only, raw"
5451,"Pork, fresh, shoulder, whole, separable lean only, cooked, roasted"
5452,"Pork, fresh, shoulder, arm picnic, separable lean only, cooked, braised"
5453,"Pork, fresh, shoulder, arm picnic, separable lean only, cooked, roasted"
5454,"Pork, fresh, shoulder, (Boston butt), blade (steaks), separable lean and fat, raw"
5455,"Pork, fresh, shoulder, (Boston butt), blade (steaks), separable lean and fat, cooked, braised"
5456,"Pork, fresh, shoulder, blade, boston (steaks), separable lean and fat, cooked, broiled"
5457,"Pork, fresh, shoulder, blade, boston (roasts), separable lean only, cooked, roasted"
5458,"Pork, fresh, spareribs, separable lean and fat, raw"
5459,"Pork, fresh, spareribs, separable lean and fat, cooked, braised"
5460,"Pork, fresh, composite of trimmed retail cuts (leg, loin, and shoulder), separable lean only, cooked"
5461,"Pork, fresh, variety meats and by-products, chitterlings, cooked, simmered"
5462,"Pork, fresh, variety meats and by-products, ears, frozen, raw"
5463,"Pork, fresh, variety meats and by-products, ears, frozen, cooked, simmered"
5464,"Pork, fresh, variety meats and by-products, feet, raw"
5465,"Pork, fresh, variety meats and by-products, kidneys, cooked, braised"
5466,"Pork, fresh, variety meats and by-products, leaf fat, raw"
5467,"Pork, fresh, variety meats and by-products, liver, raw"
5468,"Pork, fresh, variety meats and by-products, liver, cooked, braised"
5469,"Pork, fresh, variety meats and by-products, lungs, raw"
5470,"Pork, fresh, variety meats and by-products, spleen, raw"
5471,"Pork, fresh, variety meats and by-products, spleen, cooked, braised"
5472,"Pork, fresh, variety meats and by-products, stomach, raw"
5473,"Pork, fresh, loin, blade (chops), bone-in, separable lean only, cooked, pan-fried"
5474,"Canadian bacon, unprepared"
5475,"Pork, cured, feet, pickled"
5476,"Pork, cured, ham, boneless, extra lean (approximately 5% fat), roasted"
5477,"Pork, cured, ham, boneless, regular (approximately 11% fat), roasted"
5478,"Pork, cured, ham, patties, unheated"
5479,"Pork, cured, ham, steak, boneless, extra lean, unheated"
5480,"Pork, cured, ham, whole, separable lean and fat, unheated"
5481,"Pork, cured, ham, whole, separable lean only, unheated"
5482,"Pork, cured, separable fat (from ham and arm picnic), unheated"
5483,"Pork, cured, separable fat (from ham and arm picnic), roasted"
5484,"Pork, cured, shoulder, arm picnic, separable lean and fat, roasted"
5485,"Pork, cured, shoulder, arm picnic, separable lean only, roasted"
5486,"Pork, fresh, variety meats and by-products, tail, cooked, simmered"
5487,"Pork, fresh, loin, center loin (chops), bone-in, separable lean only, cooked, pan-fried"
5488,"Pork, fresh, loin, center rib (chops), bone-in, separable lean only, cooked, pan-fried"
5489,"Pork, fresh, loin, blade (chops), bone-in, separable lean and fat, cooked, pan-fried"
5490,"Pork, cured, ham, extra lean and regular, canned, unheated"
5491,"Pork, cured, ham, extra lean and regular, canned, roasted"
5492,"Pork, fresh, loin, top loin (chops), boneless, separable lean and fat, cooked, pan-fried"
5493,"Pork, fresh, composite of trimmed retail cuts (leg, loin, shoulder, and spareribs), separable lean and fat, raw"
5494,"Pork, fresh, loin, center rib (chops or roasts), boneless, separable lean and fat, raw"
5495,"Pork, fresh, loin, center rib (chops), boneless, separable lean and fat, cooked, braised"
5496,"Pork, fresh, loin, center rib (chops), boneless, separable lean and fat, cooked, broiled"
5497,"Pork, fresh, loin, center rib (chops), boneless, separable lean and fat, cooked, pan-fried"
5498,"Pork, fresh, loin, center rib (chops), boneless, separable lean only, cooked, pan-fried"
5499,"Pork, fresh, loin, center rib (roasts), boneless, separable lean only, cooked, roasted"
5500,"Pork, fresh, loin, country-style ribs, separable lean and fat, raw"
5501,"Pork, fresh, loin, country-style ribs, separable lean and fat, cooked, braised"
5502,"Pork, fresh, loin, country-style ribs, separable lean and fat, bone-in, cooked, roasted"
5503,"Pork, fresh, loin, sirloin (chops), boneless, separable lean and fat, cooked, braised"
5504,"Pork, fresh, loin, sirloin (chops), boneless, separable lean and fat, cooked, broiled"
5505,"Pork, fresh, loin, sirloin (roasts), boneless, separable lean and fat, cooked, roasted"
5506,"Pork, fresh, loin, sirloin (chops or roasts), boneless, separable lean only, raw"
5507,"Pork, fresh, ground, raw"
5508,"Pork, fresh, ground, cooked"
5509,"Pork, fresh, loin, tenderloin, separable lean and fat, cooked, broiled"
5510,"Pork, fresh, loin, tenderloin, separable lean and fat, cooked, roasted"
5511,"Pork, fresh, composite of trimmed retail cuts (loin and shoulder blade), separable lean and fat, cooked"
5512,"Pork, fresh, composite of trimmed retail cuts (loin and shoulder blade), separable lean only, raw"
5513,"Pork, fresh, composite of trimmed retail cuts (loin and shoulder blade), separable lean only, cooked"
5514,"Pork, fresh, loin, top loin (chops), boneless, separable lean only, with added solution, cooked, pan-broiled"
5515,"Pork, fresh, loin, top loin (chops), boneless, separable lean and fat, with added solution, cooked, pan-broiled"
5516,"Pork, cured, bacon, cooked, baked"
5517,"Pork, cured, ham -- water added, rump, bone-in, separable lean only, heated, roasted"
5518,"Pork, cured, ham -- water added, rump, bone-in, separable lean only, unheated"
5519,"Pork, cured, ham -- water added, shank, bone-in, separable lean only, heated, roasted"
5520,"Pork, cured, ham -- water added, slice, bone-in, separable lean only, heated, pan-broil"
5521,"Pork, cured, ham with natural juices, rump, bone-in, separable lean only, heated, roasted"
5522,"Pork, cured, ham with natural juices, shank, bone-in, separable lean only, heated, roasted"
5523,"Crackers, cheese, sandwich-type with cheese filling"
5524,"Pancakes, plain, frozen, ready-to-heat, microwave (includes buttermilk)"
5525,"Toaster Pastries, fruit, frosted (include apples, blueberry, cherry, strawberry)"
5526,"Toaster pastries, fruit, toasted (include apple, blueberry, cherry, strawberry)"
5527,"Muffin, blueberry, commercially prepared, low-fat"
5528,"Pie crust, refrigerated, regular, baked"
5529,"Pie crust, refrigerated, regular, unbaked"
5530,"Crackers, whole-wheat, reduced fat"
5531,"Crackers, wheat, reduced fat"
5532,"Bread, pan dulce, sweet yeast bread"
5533,"Keikitos (muffins), Latino bakery item"
5534,"Garlic bread, frozen"
5535,"Cinnamon buns, frosted (includes honey buns)"
5536,"Crackers, cheese, reduced fat"
5537,"Crackers, saltines, whole wheat (includes multi-grain)"
5538,"Bread, potato"
5539,"Bread, cheese"
5540,"Focaccia, Italian flatbread, plain"
5541,"Snacks, corn-based, extruded, onion-flavor"
5542,"Snacks, corn-based, extruded, puffs or twists, cheese-flavor"
5543,"Snacks, crisped rice bar, chocolate chip"
5544,"Snacks, granola bars, hard, chocolate chip"
5545,Fruit syrup
5546,"Snacks, granola bars, soft, uncoated, plain"
5547,"Snacks, granola bars, soft, uncoated, peanut butter"
5548,"Syrup, fruit flavored"
5549,"Snacks, oriental mix, rice-based"
5550,"Snacks, popcorn, air-popped"
5551,"Snacks, popcorn, cheese-flavor"
5552,"Snacks, pork skins, plain"
5553,"Snacks, potato chips, barbecue-flavor"
5554,"Snacks, potato chips, sour-cream-and-onion-flavor"
5555,"Snacks, pretzels, hard, whole-wheat including both salted and unsalted"
5556,"Snacks, rice cracker brown rice, plain"
5557,"Snacks, rice cakes, brown rice, buckwheat"
5558,"Snacks, trail mix, tropical"
5559,"Snacks, trail mix, regular, with chocolate chips, salted nuts and seeds"
5560,"Snacks, tortilla chips, taco-flavor"
5561,"Candies, butterscotch"
5562,"Candies, carob, unsweetened"
5563,"Candies, caramels"
5564,"Candies, semisweet chocolate"
5565,"Candies, sweet chocolate"
5566,"Candies, sweet chocolate coated fondant"
5567,"Candies, confectioner's coating, butterscotch"
5568,"Ice creams, french vanilla, soft-serve"
5569,"Candies, fondant, prepared-from-recipe"
5570,"Candies, fudge, chocolate, prepared-from-recipe"
5571,"Candies, fudge, chocolate, with nuts, prepared-from-recipe"
5572,"Candies, gumdrops, starch jelly pieces"
5573,"Candies, hard"
5574,"Candies, jellybeans"
5575,"Candies, marshmallows"
5576,"Candies, halavah, plain"
5577,"Puddings, chocolate, dry mix, instant, prepared with 2% milk"
5578,"Baking chocolate, mexican, squares"
5579,Chocolate-flavored hazelnut spread
5580,"Candies, milk chocolate coated peanuts"
5581,"Bread, multi-grain (includes whole-grain)"
5582,"Cookies, animal crackers (includes arrowroot, tea biscuits)"
5583,"Sweet Potatoes, french fried, crosscut, frozen, unprepared"
5584,"Sweet Potato puffs, frozen, unprepared"
5585,"Mouse nuts, roots (Alaska Native)"
5586,"Mouse nuts, seedlings (Alaska Native)"
5587,Octopus (Alaska Native)
5588,"Seal, bearded (Oogruk), meat, dried (Alaska Native)"
5589,"Fish, pike, northern, liver (Alaska Native)"
5590,"Rhubarb, wild, leaves (Alaska Native)"
5591,"Fish, salmon, tipnuk, fermented (Alaska Native)"
5592,"Fish, salmon, king, chinook, kippered, canned (Alaska Native)"
5593,"Seal, ringed, meat (Alaska Native)"
5594,"Seal, ringed, liver (Alaska Native)"
5595,"Soup, fish, homemade (Alaska Native)"
5596,"Sourdock, young leaves (Alaska Native)"
5597,"Walrus, meat, raw (Alaska Native)"
5598,"Walrus, meat and subcutaneous fat raw (Alaska Native)"
5599,"Walrus, liver, raw (Alaska Native)"
5600,"Oil, walrus (Alaska Native)"
5601,"Fish, whitefish, mixed species, raw (Alaska Native)"
5602,"Fish, whitefish, broad, head, eyes, cheeks and soft bones (Alaska Native)"
5603,"Willow, leaves in oil (Alaska Native)"
5604,"Willow, young leaves, chopped (Alaska Native)"
5605,"Corn, white, steamed (Navajo)"
5606,"Cornmeal, white (Navajo)"
5607,"Cornmeal, yellow (Navajo)"
5608,"Squash, Indian, raw (Navajo)"
5609,"Tortilla, includes plain and from mutton sandwich (Navajo)"
5610,"Stew, dumpling with mutton (Navajo)"
5611,"Stew, hominy with mutton (Navajo)"
5612,"Stew, mutton, corn, squash (Navajo)"
5613,"Fish, salmon, sockeye (red), raw (Alaska Native)"
5614,"Fish, Salmon, Chum, raw (Alaska Native)"
5615,"Fish, salmon, king (chinook), raw (Alaska Native)"
5616,"Salmonberries, raw (Alaska Native)"
5617,"Caribou, shoulder meat, dried (Alaska Native)"
5618,"Caribou, hind quarter meat, raw (Alaska Native)"
5619,"Seal, bearded (Oogruk), meat, dried, in oil (Alaska Native)"
5620,"Fish, whitefish, dried (Alaska Native)"
5621,"Seal, bearded (Oogruk), meat, low quadrant, raw (Alaska Native)"
5622,"Fish, salmon, chum, dried (Alaska Native)"
5623,"Elk, free range, ground, cooked patties (Shoshone Bannock)"
5624,"Elk, free range, ground, raw (Shoshone Bannock)"
5625,"Elk, free range, roast, eye of round, cooked (Shoshone Bannock)"
5626,"Chokecherries, raw, pitted (Shoshone Bannock)"
5627,"Steelhead trout, dried, flesh (Shoshone Bannock)"
5628,"Steelhead trout, boiled, canned (Alaska Native)"
5629,Acorn stew (Apache)
5630,"Restaurant, Italian, chicken parmesan without pasta"
5631,"Restaurant, Latino, arroz con leche (rice pudding)"
5632,"Restaurant, Latino, Arroz con frijoles negros (rice and black beans)"
5633,"Restaurant, Latino, Arroz con habichuelas colorados (Rice And Red Beans)"
5634,"Restaurant, Latino, Arroz con grandules (rice and pigeonpeas)"
5635,"Restaurant, Latino, tamale, pork"
5636,"Restaurant, Latino, black bean soup"
5637,"Restaurant, Latino, tripe soup"
5638,"Restaurant, Latino, arepa (unleavened cornmeal bread)"
5639,"Restaurant, Latino, bunuelos (fried yeast bread)"
5640,"Restaurant, Chinese, beef and vegetables"
5641,"Restaurant, Chinese, shrimp and vegetables"
5642,"Restaurant, Chinese, sweet and sour chicken"
5643,"Restaurant, Chinese, sweet and sour pork"
5644,"Restaurant, Chinese, chicken chow mein"
5645,"Restaurant, Chinese, vegetable chow mein, without meat or noodles"
5646,"Restaurant, Chinese, sesame chicken"
5647,"Syrups, grenadine"
5648,"Imitation cheese, american or cheddar, low cholesterol"
5649,"Babyfood, banana juice with low fat yogurt"
5650,"Babyfood, mixed fruit juice with low fat yogurt"
5651,"Ham, turkey, sliced, extra lean, prepackaged or deli"
5652,"Salad dressing, peppercorn dressing, commercial, regular"
5653,"Mayonnaise, reduced-calorie or diet, cholesterol-free"
5654,"Granola bar, soft, milk chocolate coated, peanut butter"
5655,"Salad dressing, italian dressing, reduced calorie"
5656,"Cream substitute, liquid, light"
5657,"Cheese, monterey, low fat"
5658,"Creamy dressing, made with sour cream and/or buttermilk and oil, reduced calorie, fat-free"
5659,"Creamy dressing, made with sour cream and/or buttermilk and oil, reduced calorie, cholesterol-free"
5660,"Bologna, beef, low fat"
5661,"Frozen yogurts, chocolate, nonfat milk, sweetened without sugar"
5662,"Frozen yogurts, chocolate"
5663,"Frozen yogurts, flavors other than chocolate"
5664,Papad
5665,"Rice cake, cracker (include hain mini rice cakes)"
5666,"Salad Dressing, coleslaw, reduced fat"
5667,"Pork, cured, ham, low sodium, lean and fat, cooked"
5668,"Pork, cured, ham, boneless, low sodium, extra lean (approximately 5% fat), roasted"
5669,"Salad dressing, mayonnaise and mayonnaise-type, low calorie"
5670,"Frozen novelties, juice type, orange"
5671,"Cheese, cottage, lowfat, 1% milkfat, no sodium added"
5672,"Mayonnaise, low sodium, low calorie or diet"
5673,"Snacks, tortilla chips, unsalted, white corn"
5674,"Cranberry juice, unsweetened"
5675,"Beef, bologna, reduced sodium"
5676,"Turnip greens, canned, no salt added"
5677,"Turkey, light or dark meat, smoked, cooked, with skin, bone removed"
5678,"Cheese, pasteurized process, cheddar or American, low sodium"
5679,"Beverages, coffee, instant, with whitener, reduced calorie"
5680,"Beverages, cranberry-apple juice drink, low calorie, with vitamin C added"
5681,"Cheese, swiss, low sodium"
5682,"Babyfood, dinner, macaroni, beef and tomato sauce, toddler"
5683,"Rolls, pumpernickel"
5684,"Snacks, corn-based, extruded, chips, unsalted"
5685,"Beans, baked, canned, no salt added"
5686,"Jellyfish, dried, salted"
5687,"Frozen novelties, ice cream type, chocolate or caramel covered, with nuts"
5688,"Frankfurter, low sodium"
5689,"Frozen novelties, ice type, pop, with low calorie sweetener"
5690,"Babyfood, dessert, peach yogurt"
5691,"Babyfood, dessert, blueberry yogurt, strained"
5692,"Babyfood, dessert, banana yogurt, strained"
5693,"Ice creams, chocolate, rich"
5694,"Snacks, tortilla chips, light (baked with less oil)"
5695,"Popcorn, microwave, low fat and sodium"
5696,"Babyfood, fruit supreme dessert"
5697,"Cheese, swiss, low fat"
5698,"Sweeteners, tabletop, fructose, liquid"
5699,"Puddings, chocolate flavor, low calorie, instant, dry mix"
5700,"Babyfood, grape juice, no sugar, canned"
5701,"Jellies, reduced sugar, home preserved"
5702,"Puddings, all flavors except chocolate, low calorie, instant, dry mix"
5703,Vital wheat gluten
5704,"Frog legs, raw"
5705,"Fish, mackerel, salted"
5706,"Java-plum, (jambolan), raw"
5707,"Jujube, raw"
5708,"Jujube, Chinese, fresh, dried"
5709,"Kiwifruit, green, raw"
5710,"Kumquats, raw"
5711,"Limes, raw"
5712,"Lime juice, raw"
5713,"Lime juice, canned or bottled, unsweetened"
5714,"Blueberries, dried, sweetened"
5715,"Prunes, canned, heavy syrup pack, solids and liquids"
5716,"Prunes, dehydrated (low-moisture), uncooked"
5717,"Prunes, dehydrated (low-moisture), stewed"
5718,"Plums, dried (prunes), uncooked"
5719,"Quinces, raw"
5720,"Raisins, golden, seedless"
5721,"Raisins, dark, seedless (Includes foods for USDA's Food Distribution Program)"
5722,"Raisins, seeded"
5723,"Rambutan, canned, syrup pack"
5724,"Rhubarb, frozen, uncooked"
5725,"Rhubarb, frozen, cooked, with sugar"
5726,"Roselle, raw"
5727,"Rose-apples, raw"
5728,"Strawberries, canned, heavy syrup pack, solids and liquids"
5729,"Strawberries, frozen, unsweetened (Includes foods for USDA's Food Distribution Program)"
5730,"Strawberries, frozen, sweetened, sliced"
5731,"Sugar-apples, (sweetsop), raw"
5732,"Feijoa, raw"
5733,"Pears, asian, raw"
5734,"Fruit cocktail, canned, heavy syrup, drained"
5735,"Blueberries, canned, light syrup, drained"
5736,"Blueberries, wild, canned, heavy syrup, drained"
5737,"Peaches, canned, heavy syrup, drained"
5738,"Pears, canned, heavy syrup, drained"
5739,"Plums, canned, heavy syrup, drained"
5740,"Tangerines, (mandarin oranges), canned, juice pack, drained"
5741,"Peach nectar, canned, with added ascorbic acid"
5742,"Pear nectar, canned, with added ascorbic acid"
5743,"Pineapple juice, canned or bottled, unsweetened, with added ascorbic acid"
5744,"Apple juice, frozen concentrate, unsweetened, undiluted, with added ascorbic acid"
5745,"Jackfruit, canned, syrup pack"
5746,"Dates, medjool"
5747,"Durian, raw or frozen"
5748,"Pineapple, raw, traditional varieties"
5749,"Pineapple, raw, extra sweet variety"
5750,"Clementines, raw"
5751,"Guanabana nectar, canned"
5752,"Juice, apple and grape blend, with added ascorbic acid"
5753,"Juice, apple, grape and pear blend, with added ascorbic acid and calcium"
5754,"Plantains, green, fried"
5755,"Plantains, yellow, fried, Latino restaurant"
5756,"Apples, raw, red delicious, with skin (Includes foods for USDA's Food Distribution Program)"
5757,"Apples, raw, golden delicious, with skin"
5758,"Apples, raw, granny smith, with skin (Includes foods for USDA's Food Distribution Program)"
5759,"Apples, raw, gala, with skin (Includes foods for USDA's Food Distribution Program)"
5760,"Pineapple juice, canned, not from concentrate, unsweetened, with added vitamins A, C and E"
5761,"Grape juice, canned or bottled, unsweetened, with added ascorbic acid and calcium"
5762,"Raspberries, frozen, red, unsweetened"
5763,"Guava nectar, with sucralose, canned"
5764,"Kiwifruit, ZESPRI SunGold, raw"
5765,"Cranberry juice blend, 100% juice, bottled, with added vitamin C and calcium"
5766,"Plantains, green, raw"
5767,"Plantains, green, boiled"
5768,Raspberry juice concentrate
5769,"Pork, fresh, composite of separable fat, with added solution, cooked"
5770,"Pork, fresh, carcass, separable lean and fat, raw"
5771,"Pork, fresh, composite of trimmed retail cuts (leg, loin, shoulder), separable lean only, raw"
5772,"Pork, fresh, separable fat, cooked"
5773,"Pork, fresh, leg (ham), whole, separable lean and fat, raw"
5774,"Pork, fresh, leg (ham), whole, separable lean and fat, cooked, roasted"
5775,"Pork, fresh, leg (ham), whole, separable lean only, raw"
5776,"Pork, fresh, leg (ham), whole, separable lean only, cooked, roasted"
5777,"Pork, fresh, leg (ham), shank half, separable lean and fat, raw"
5778,"Pork, fresh, leg (ham), shank half, separable lean and fat, cooked, roasted"
5779,"Pork, fresh, leg (ham), shank half, separable lean only, raw"
5780,"Pork, fresh, leg (ham), shank half, separable lean only, cooked, roasted"
5781,"Pork, fresh, loin, whole, separable lean only, raw"
5782,"Pork, fresh, loin, whole, separable lean only, cooked, braised"
5783,"Pork, fresh, loin, whole, separable lean only, cooked, broiled"
5784,"Pork, fresh, loin, whole, separable lean only, cooked, roasted"
5785,"Pork, fresh, loin, blade (chops or roasts), bone-in, separable lean only, raw"
5786,"Pork, fresh, loin, blade (chops), bone-in, separable lean only, cooked, braised"
5787,"Pork, fresh, loin, blade (chops), bone-in, separable lean only, cooked, broiled"
5788,"Pork, fresh, loin, blade (roasts), bone-in, separable lean only, cooked, roasted"
5789,"Pork, fresh, loin, center loin (chops), bone-in, separable lean and fat, raw"
5790,"Pork, fresh, loin, center loin (chops), bone-in, separable lean only, cooked, braised"
5791,"Pork, fresh, loin, center loin (chops), bone-in, separable lean only, cooked, broiled"
5792,"Pork, fresh, loin, center loin (roasts), bone-in, separable lean only, cooked, roasted"
5793,"Pork, fresh, loin, center rib (chops or roasts), bone-in, separable lean and fat, raw"
5794,"Pork, fresh, loin, center rib (chops), bone-in, separable lean only, cooked, braised"
5795,"Pork, fresh, loin, center rib (chops), bone-in, separable lean only, cooked, broiled"
5796,"Pork, fresh, loin, center rib (roasts), bone-in, separable lean only, cooked, roasted"
5797,"Pork, fresh, loin, sirloin (chops or roasts), bone-in, separable lean and fat, raw"
5798,"Pork, fresh, loin, sirloin (chops), bone-in, separable lean only, cooked, broiled"
5799,"Pork, fresh, loin, sirloin (roasts), bone-in, separable lean only, cooked, roasted"
5800,"Pork, fresh, loin, tenderloin, separable lean only, raw"
5801,"Pork, fresh, loin, tenderloin, separable lean only, cooked, roasted"
5802,"Pork, fresh, loin, top loin (chops), boneless, separable lean only, raw"
5803,"Pork, fresh, loin, top loin (chops), boneless, separable lean only, cooked, braised"
5804,"Pork, fresh, loin, top loin (chops), boneless, separable lean only, cooked, broiled"
5805,"Pork, fresh, loin, top loin (roasts), boneless, separable lean only, cooked, roasted"
5806,"Pork, fresh, shoulder, arm picnic, separable lean and fat, raw"
5807,"Pork, fresh, shoulder, arm picnic, separable lean and fat, cooked, braised"
5808,"Pork, fresh, shoulder, arm picnic, separable lean and fat, cooked, roasted"
5809,"Pork, fresh, shoulder, arm picnic, separable lean only, raw"
5810,"Pork, fresh, shoulder, blade, boston (roasts), separable lean and fat, cooked, roasted"
5811,"Pork, fresh, shoulder, (Boston butt), blade (steaks), separable lean only, raw"
5812,"Pork, fresh, shoulder, (Boston butt), blade (steaks), separable lean only, cooked, braised"
5813,"Pork, fresh, shoulder, blade, boston (steaks), separable lean only, cooked, broiled"
5814,"Pork, fresh, loin, center loin (chops), boneless, separable lean only, raw"
5815,"Pork, fresh, variety meats and by-products, brain, raw"
5816,"Pork, fresh, variety meats and by-products, brain, cooked, braised"
5817,"Pork, fresh, variety meats and by-products, chitterlings, raw"
5818,"Pork, fresh, variety meats and by-products, heart, raw"
5819,"Pork, fresh, variety meats and by-products, heart, cooked, braised"
5820,"Pork, fresh, variety meats and by-products, jowl, raw"
5821,"Pork, fresh, variety meats and by-products, kidneys, raw"
5822,"Pork, fresh, variety meats and by-products, lungs, cooked, braised"
5823,"Pork, fresh, variety meats and by-products, mechanically separated, raw"
5824,"Pork, fresh, variety meats and by-products, pancreas, raw"
5825,"Pork, fresh, variety meats and by-products, pancreas, cooked, braised"
5826,"Pork, fresh, variety meats and by-products, tongue, raw"
5827,"Pork, fresh, variety meats and by-products, tongue, cooked, braised"
5828,"Pork, cured, bacon, unprepared"
5829,"Pork, cured, breakfast strips, raw or unheated"
5830,"Pork, cured, ham, extra lean (approximately 4% fat), canned, unheated"
5831,"Pork, cured, ham, extra lean (approximately 4% fat), canned, roasted"
5832,"Pork, cured, ham, regular (approximately 13% fat), canned, roasted"
5833,"Pork, cured, ham, center slice, country-style, separable lean only, raw"
5834,"Pork, cured, ham, center slice, separable lean and fat, unheated"
5835,"Pork, cured, ham, whole, separable lean only, roasted"
5836,"Pork, fresh, loin, center loin (chops), boneless, separable lean only, cooked, pan-broiled"
5837,"Pork, fresh, loin, center loin (chops), boneless, separable lean and fat, raw"
5838,"Pork, cured, salt pork, raw"
5839,"Pork, cured, shoulder, blade roll, separable lean and fat, unheated"
5840,"Pork, cured, shoulder, blade roll, separable lean and fat, roasted"
5841,"Pork, fresh, variety meats and by-products, feet, cooked, simmered"
5842,"Pork, fresh, variety meats and by-products, tail, raw"
5843,"Pork, fresh, loin, center loin (chops), bone-in, separable lean and fat, cooked, pan-fried"
5844,"Pork, fresh, loin, center rib (chops), bone-in, separable lean and fat, cooked, pan-fried"
5845,"Pork, fresh, loin, top loin (chops), boneless, separable lean only, cooked, pan-fried"
5846,"Pork, cured, ham, boneless, extra lean and regular, unheated"
5847,"Pork, cured, ham, boneless, extra lean and regular, roasted"
5848,"Pork, fresh, composite of trimmed retail cuts (leg, loin, shoulder, and spareribs), separable lean and fat, cooked"
5849,"Pork, fresh, loin, center loin (chops), boneless, separable lean and fat, cooked, pan-broiled"
5850,"Pork, fresh, backribs, separable lean and fat, raw"
5851,"Pork, fresh, backribs, separable lean and fat, cooked, roasted"
5852,"Pork, fresh, loin, center rib (roasts), boneless, separable lean and fat, cooked, roasted"
5853,"Pork, fresh, loin, center rib (chops or roasts), boneless, separable lean only, raw"
5854,"Pork, fresh, loin, center rib (chops), boneless, separable lean only, cooked, braised"
5855,"Pork, fresh, loin, center rib (chops), boneless, separable lean only, cooked, broiled"
5856,"Pork, fresh, loin, country-style ribs, separable lean only, raw"
5857,"Pork, fresh, loin, country-style ribs, separable lean only, cooked, braised"
5858,"Pork, fresh, loin, country-style ribs, separable lean only, bone-in, cooked, roasted"
5859,"Pork, fresh, loin, sirloin (chops or roasts), boneless, separable lean and fat, raw"
5860,"Pork, fresh, loin, sirloin (chops), boneless, separable lean only, cooked, braised"
5861,"Pork, fresh, loin, sirloin (chops), boneless, separable lean only, cooked, broiled"
5862,"Pork, fresh, loin, sirloin (roasts), boneless, separable lean only, cooked, roasted"
5863,"Pork, fresh, loin, tenderloin, separable lean and fat, raw"
5864,"Pork, fresh, loin, tenderloin, separable lean only, cooked, broiled"
5865,"Pork, fresh, loin, top loin (roasts), boneless, separable lean and fat, raw"
5866,"Pork, fresh, loin, top loin (roasts), boneless, separable lean only, raw"
5867,"Pork, fresh, composite of trimmed retail cuts (loin and shoulder blade), separable lean and fat, raw"
5868,"Pork, cured, bacon, cooked, microwaved"
5869,"Pork, cured, bacon, pre-sliced, cooked, pan-fried"
5870,"Pork, fresh, variety meats and by-products, stomach, cooked, simmered"
5871,"Pork, bacon, rendered fat, cooked"
5872,"Pork, cured, ham and water product, slice, bone-in, separable lean only, heated, pan-broil"
5873,"Pork, cured, ham and water product, slice, boneless, separable lean only, heated, pan-broil"
5874,"Pork, cured, ham and water product, whole, boneless, separable lean only, heated, roasted"
5875,"Pork, cured, ham and water product, whole, boneless, separable lean only, unheated"
5876,"Pork, cured, ham -- water added, slice, boneless, separable lean only, heated, pan-broil"
5877,"Pork, cured, ham with natural juices, slice, bone-in, separable lean only, heated, pan-broil"
5878,"Pork, cured, ham with natural juices, spiral slice, meat only, boneless, separable lean only, heated, roasted"
5879,"Pork, cured, ham and water product, rump, bone-in, separable lean only, heated, roasted"
5880,"Pork, cured, ham with natural juices, slice, boneless, separable lean only, heated, pan-broil"
5881,"Pork, cured, ham with natural juices, whole, boneless, separable lean only, heated, roasted"
5882,"Pork, cured, ham with natural juices, whole, boneless, separable lean only, unheated"
5883,"Pork, cured, ham -- water added, shank, bone-in, separable lean only, unheated"
5884,"Pork, cured, ham with natural juices, rump, bone-in, separable lean only, unheated"
5885,"Pork, cured, ham with natural juices, shank, bone-in, separable lean only, unheated"
5886,"Pork, cured, ham with natural juices, slice, bone-in, separable lean only, unheated"
5887,"Pork, cured, ham with natural juices, spiral slice, boneless, separable lean only, unheated"
5888,"Pork, cured, ham with natural juices, spiral slice, boneless, separable lean and fat, unheated"
5889,"Pork, cured, ham with natural juices, slice, bone-in, separable lean and fat, unheated"
5890,"Pork, cured, ham with natural juices, shank, bone-in, separable lean and fat, unheated"
5891,"Pork, cured, ham with natural juices, rump, bone-in, separable lean and fat, unheated"
5892,"Pork, cured, ham -- water added, whole, boneless, separable lean and fat, unheated"
5893,"Pork, cured, ham -- water added, slice, bone-in, separable lean and fat, unheated"
5894,"Pork, cured, ham -- water added, shank, bone-in, separable lean and fat, unheated"
5895,"Pork, cured, ham -- water added, rump, bone-in, separable lean and fat, unheated"
5896,"Pork, cured, ham -- water added, whole, boneless, separable lean and fat, heated, roasted"
5897,"Pork, cured, ham and water product, rump, bone-in, separable lean and fat, heated, roasted"
5898,"Pork, cured, ham and water product, shank, bone-in, separable lean and fat, heated, roasted"
5899,"Pork, cured, ham and water product, slice, bone-in, separable lean and fat, heated, pan-broil"
5900,"Pork, cured, ham with natural juices, slice, boneless, separable lean and fat, heated, pan-broil"
5901,"Pork, cured, ham with natural juices, spiral slice, boneless, separable lean and fat, heated, roasted"
5902,"Pork, cured, ham with natural juices, whole, boneless, separable lean and fat, heated, roasted"
5903,"Pork, cured, ham, rump, bone-in, separable lean and fat, heated, roasted"
5904,"Pork, cured, ham, shank, bone-in, separable lean and fat, heated, roasted"
5905,"Pork, cured, ham, shank, bone-in, separable lean and fat, unheated"
5906,"Pork, cured, ham, slice, bone-in, separable lean and fat, heated, pan-broil"
5907,"Pork, cured, ham, slice, bone-in, separable lean only, unheated"
5908,"Pork, fresh, enhanced, loin, tenderloin, separable lean only, raw"
5909,"Pork, fresh, shoulder, (Boston butt), blade (steaks), separable lean only, with added solution cooked, braised"
5910,"Pork, fresh, shoulder, (Boston butt), blade (steaks), separable lean only, with added solution, raw"
5911,"Pork, fresh, loin, top loin (chops), boneless, separable lean only, with added solution, cooked, broiled"
5912,"Pork, fresh, shoulder, (Boston butt), blade (steaks), separable lean and fat,with added solution, raw"
5913,"Pork, fresh, shoulder, (Boston butt), blade (steaks), separable lean and fat, with added solution, cooked, braised"
5914,"Pork, cured, ham, rump, bone-in, separable lean and fat, unheated"
5915,"Pork, loin, leg cap steak, boneless, separable lean and fat, cooked, broiled"
5916,"Pork, Shoulder petite tender, boneless, separable lean and fat, raw"
5917,"Pork, Leg sirloin tip roast, boneless, separable lean and fat, cooked, braised"
5918,"Pork, Leg sirloin tip roast, boneless, separable lean and fat, raw"
5919,"Pork, ground, 84% lean / 16% fat, raw"
5920,"Pork, ground, 72% lean / 28% fat, cooked, pan-broiled"
5921,"Pork, ground, 84% lean / 16% fat, cooked, pan-broiled"
5922,"Pork, ground, 96% lean / 4% fat, cooked, pan-broiled"
5923,"Pork loin, fresh, backribs, bone-in, raw, lean only"
5924,"Pork loin, fresh, backribs, bone-in, cooked-roasted, lean only"
5925,"Pork, fresh, loin, country-style ribs, separable lean only, bone-in, cooked, broiled"
5926,"Pork, fresh, loin, country-style ribs, separable lean only, boneless, cooked, roasted"
5927,"Pork, fresh, blade, (chops), boneless, separable lean and fat, cooked, broiled"
5928,"Pork, fresh, loin, blade (chops or roasts), boneless, separable lean and fat only, raw"
5929,"Bacon, pre-sliced, reduced/low sodium, unprepared"
5930,"Canadian bacon, cooked, pan-fried"
5931,"Alfalfa seeds, sprouted, raw"
5932,"Amaranth leaves, raw"
5933,"Artichokes, (globe or french), cooked, boiled, drained, without salt"
5934,"Artichokes, (globe or french), frozen, unprepared"
5935,"Artichokes, (globe or french), frozen, cooked, boiled, drained, without salt"
5936,"Asparagus, raw"
5937,"Asparagus, cooked, boiled, drained"
5938,"Balsam-pear (bitter gourd), leafy tips, raw"
5939,"Balsam-pear (bitter gourd), leafy tips, cooked, boiled, drained, without salt"
5940,"Balsam-pear (bitter gourd), pods, raw"
5941,"Balsam-pear (bitter gourd), pods, cooked, boiled, drained, without salt"
5942,"Beans, kidney, mature seeds, sprouted, cooked, boiled, drained, without salt"
5943,"Lima beans, immature seeds, raw"
5944,"Corn, sweet, yellow, canned, drained solids, rinsed with tap water"
5945,"Corn, sweet, yellow, frozen, kernels cut off cob, unprepared (Includes foods for USDA's Food Distribution Program)"
5946,"Corn, sweet, yellow, frozen, kernels cut off cob, boiled, drained, without salt"
5947,"Corn, sweet, yellow, frozen, kernels on cob, unprepared"
5948,"Corn, sweet, yellow, frozen, kernels on cob, cooked, boiled, drained, without salt"
5949,"Cowpeas (blackeyes), immature seeds, cooked, boiled, drained, without salt"
5950,"Cowpeas (blackeyes), immature seeds, frozen, unprepared"
5951,"Cowpeas (blackeyes), immature seeds, frozen, cooked, boiled, drained, without salt"
5952,"Cowpeas, young pods with seeds, raw"
5953,"Cowpeas, leafy tips, cooked, boiled, drained, without salt"
5954,"Cress, garden, raw"
5955,"Cress, garden, cooked, boiled, drained, without salt"
5956,"Cucumber, with peel, raw"
5957,"Edamame, frozen, unprepared"
5958,"Edamame, frozen, prepared"
5959,"Endive, raw"
5960,"Escarole, cooked, boiled, drained, no salt added"
5961,"Gourd, dishcloth (towelgourd), raw"
5962,"Gourd, dishcloth (towelgourd), cooked, boiled, drained, without salt"
5963,"Drumstick leaves, raw"
5964,"Drumstick leaves, cooked, boiled, drained, without salt"
5965,"Pepeao, dried"
5966,"Jute, potherb, raw"
5967,"Jute, potherb, cooked, boiled, drained, without salt"
5968,"Kale, raw"
5969,"Mushrooms, Chanterelle, raw"
5970,"Mushrooms, morel, raw"
5971,"Kohlrabi, raw"
5972,"Kohlrabi, cooked, boiled, drained, without salt"
5973,"Leeks, (bulb and lower leaf-portion), cooked, boiled, drained, without salt"
5974,"Lentils, sprouted, raw"
5975,"Lentils, sprouted, cooked, stir-fried, without salt"
5976,"Lettuce, butterhead (includes boston and bibb types), raw"
5977,"Lotus root, cooked, boiled, drained, without salt"
5978,"Lettuce, red leaf, raw"
5979,"Mountain yam, hawaii, raw"
5980,"Mountain yam, hawaii, cooked, steamed, without salt"
5981,"Mushrooms, brown, italian, or crimini, raw"
5982,"Mushrooms, shiitake, stir-fried"
5983,"Mushrooms, shiitake, dried"
5984,"Mushrooms, shiitake, cooked, without salt"
5985,"Mustard spinach, (tendergreen), raw"
5986,"Mustard spinach, (tendergreen), cooked, boiled, drained, without salt"
5987,"New Zealand spinach, raw"
5988,"New Zealand spinach, cooked, boiled, drained, without salt"
5989,"Potatoes, french fried, all types, salt added in processing, frozen, unprepared"
5990,"Potato wedges, frozen (Includes foods for USDA's Food Distribution Program)"
5991,"Potatoes, french fried, steak fries, salt added in processing, frozen, as purchased"
5992,"Potatoes, french fried, steak fries, salt added in processing, frozen, oven-heated"
5993,Potato flour
5994,"Pumpkin leaves, cooked, boiled, drained, without salt"
5995,"Pumpkin, raw"
5996,"Pumpkin, cooked, boiled, drained, without salt"
5997,"Pumpkin, canned, without salt"
5998,"Radishes, oriental, raw"
5999,"Radishes, oriental, cooked, boiled, drained, without salt"
6000,"Radishes, oriental, dried"
6001,"Rutabagas, raw"
6002,"Rutabagas, cooked, boiled, drained, without salt"
6003,"Seaweed, irishmoss, raw"
6004,"Seaweed, kelp, raw"
6005,"Seaweed, laver, raw"
6006,"Sesbania flower, raw"
6007,"Soybeans, mature seeds, sprouted, cooked, steamed"
6008,"Soybeans, mature seeds, sprouted, cooked, stir-fried"
6009,"Spinach, raw"
6010,"Spinach, cooked, boiled, drained, without salt"
6011,"Squash, summer, crookneck and straightneck, raw"
6012,"Squash, summer, crookneck and straightneck, cooked, boiled, drained, without salt"
6013,"Squash, summer, crookneck and straightneck, canned, drained, solid, without salt"
6014,"Squash, summer, crookneck and straightneck, frozen, unprepared"
6015,"Squash, summer, crookneck and straightneck, frozen, cooked, boiled, drained, without salt"
6016,"Squash, summer, zucchini, includes skin, frozen, unprepared"
6017,"Squash, summer, zucchini, includes skin, frozen, cooked, boiled, drained, without salt"
6018,"Squash, summer, zucchini, italian style, canned"
6019,"Squash, winter, acorn, raw"
6020,"Squash, winter, butternut, frozen, unprepared"
6021,"Squash, winter, butternut, frozen, cooked, boiled, without salt"
6022,"Squash, winter, hubbard, raw"
6023,"Squash, winter, hubbard, baked, without salt"
6024,"Succotash, (corn and limas), cooked, boiled, drained, without salt"
6025,"Succotash, (corn and limas), canned, with cream style corn"
6026,"Succotash, (corn and limas), canned, with whole kernel corn, solids and liquids"
6027,"Succotash, (corn and limas), frozen, unprepared"
6028,"Succotash, (corn and limas), frozen, cooked, boiled, drained, without salt"
6029,"Sweet potato, raw, unprepared (Includes foods for USDA's Food Distribution Program)"
6030,"Sweet potato, cooked, baked in skin, flesh, without salt"
6031,"Sweet potato, cooked, boiled, without skin"
6032,"Sweet potato, canned, vacuum pack"
6033,"Taro, cooked, without salt"
6034,"Taro leaves, raw"
6035,"Taro leaves, cooked, steamed, without salt"
6036,"Taro shoots, raw"
6037,"Arrowroot, raw"
6038,"Chrysanthemum leaves, raw"
6039,"Amaranth leaves, cooked, boiled, drained, with salt"
6040,"Arrowhead, cooked, boiled, drained, with salt"
6041,"Asparagus, frozen, cooked, boiled, drained, with salt"
6042,"Balsam-pear (bitter gourd), leafy tips, cooked, boiled, drained, with salt"
6043,"Balsam-pear (bitter gourd), pods, cooked, boiled, drained, with salt"
6044,"Bamboo shoots, cooked, boiled, drained, with salt"
6045,"Lima beans, immature seeds, frozen, fordhook, cooked, boiled, drained, with salt"
6046,"Mung beans, mature seeds, sprouted, cooked, boiled, drained, with salt"
6047,"Beans, navy, mature seeds, sprouted, cooked, boiled, drained, with salt"
6048,"Beans, pinto, immature seeds, frozen, cooked, boiled, drained, with salt"
6049,"Beans, snap, green, canned, no salt added, solids and liquids"
6050,"Beans, snap, yellow, canned, regular pack, solids and liquids"
6051,"Beans, snap, yellow, canned, no salt added, solids and liquids"
6052,"Beans, snap, green, canned, no salt added, drained solids"
6053,"Beets, cooked, boiled. drained, with salt"
6054,"Beets, canned, no salt added, solids and liquids"
6055,"Beet greens, cooked, boiled, drained, with salt"
6056,"Borage, cooked, boiled, drained, with salt"
6057,"Broccoli, cooked, boiled, drained, with salt"
6058,"Broccoli, frozen, chopped, cooked, boiled, drained, with salt"
6059,"Broccoli, frozen, spears, cooked, boiled, drained, with salt"
6060,"Brussels sprouts, cooked, boiled, drained, with salt"
6061,"Cabbage, common, cooked, boiled, drained, with salt"
6062,"Cabbage, red, cooked, boiled, drained, with salt"
6063,"Cabbage, savoy, cooked, boiled, drained, with salt"
6064,"Cabbage, chinese (pak-choi), cooked, boiled, drained, with salt"
6065,"Carrots, canned, no salt added, drained solids"
6066,"Carrots, frozen, cooked, boiled, drained, with salt"
6067,"Cauliflower, cooked, boiled, drained, with salt"
6068,"Cauliflower, frozen, cooked, boiled, drained, with salt"
6069,"Chrysanthemum, garland, cooked, boiled, drained, with salt"
6070,"Collards, cooked, boiled, drained, with salt"
6071,"Collards, frozen, chopped, cooked, boiled, drained, with salt"
6072,"Corn, sweet, yellow, cooked, boiled, drained, with salt"
6073,"Cowpeas (blackeyes), immature seeds, cooked, boiled, drained, with salt"
6074,"Cowpeas (blackeyes), immature seeds, frozen, cooked, boiled, drained, with salt"
6075,"Cowpeas, young pods with seeds, cooked, boiled, drained, with salt"
6076,"Cowpeas, leafy tips, cooked, boiled, drained, with salt"
6077,"Gourd, dishcloth (towelgourd), cooked, boiled, drained, with salt"
6078,"Drumstick leaves, cooked, boiled, drained, with salt"
6079,"Drumstick pods, cooked, boiled, drained, with salt"
6080,"Hyacinth-beans, immature seeds, cooked, boiled, drained, with salt"
6081,"Lambsquarters, cooked, boiled, drained, with salt"
6082,"Leeks, (bulb and lower leaf-portion), cooked, boiled, drained, with salt"
6083,"Lotus root, cooked, boiled, drained, with salt"
6084,"Mushrooms, white, cooked, boiled, drained, with salt"
6085,"Corn, sweet, white, raw"
6086,"Corn, sweet, white, cooked, boiled, drained, without salt"
6087,"Corn, sweet, white, cooked, boiled, drained, with salt"
6088,"Corn, sweet, white, canned, whole kernel, regular pack, solids and liquids"
6089,"Corn, sweet, white, canned, vacuum pack, regular pack"
6090,"Corn, sweet, white, canned, vacuum pack, no salt added"
6091,"Corn, sweet, white, frozen, kernels cut off cob, unprepared"
6092,"Corn, sweet, white, frozen, kernels cut off cob, boiled, drained, without salt"
6093,"Peppers, sweet, red, canned, solids and liquids"
6094,"Peppers, sweet, red, frozen, chopped, unprepared"
6095,"Peppers, sweet, red, frozen, chopped, boiled, drained, without salt"
6096,"Peppers, sweet, red, frozen, chopped, boiled, drained, with salt"
6097,"Peppers, sweet, red, sauteed"
6098,"Lentils, sprouted, cooked, stir-fried, with salt"
6099,"Mountain yam, hawaii, cooked, steamed, with salt"
6100,"Tree fern, cooked, with salt"
6101,"Potatoes, mashed, prepared from granules, without milk, whole milk and margarine"
6102,"Potatoes, mashed, home-prepared, whole milk and butter added"
6103,Catsup
6104,"Mushrooms, brown, italian, or crimini, exposed to ultraviolet light, raw"
6105,"Pickles, cucumber, dill or kosher dill"
6106,"Pimento, canned"
6107,"Pickle relish, hot dog"
6108,"Pickle relish, sweet"
6109,"Pickles, cucumber, sour, low sodium"
6110,"Pickles, cucumber, dill, reduced sodium"
6111,"Radicchio, raw"
6112,"Squash, zucchini, baby, raw"
6113,"Tomatillos, raw"
6114,"Tomatoes, sun-dried"
6115,"Carrots, baby, raw"
6116,"Hearts of palm, canned"
6117,"Peppers, hot chile, sun-dried"
6118,"Nopales, raw"
6119,"Cabbage, napa, cooked"
6120,"Lemon grass (citronella), raw"
6121,"Beans, fava, in pod, raw"
6122,"Grape leaves, raw"
6123,"Peppers, jalapeno, raw"
6124,"Peppers, chili, green, canned"
6125,"Peppers, hungarian, raw"
6126,"Peppers, pasilla, dried"
6127,"Mushrooms, oyster, raw"
6128,"Fungi, Cloud ears, dried"
6129,"Mushrooms, straw, canned, drained solids"
6130,"Wasabi, root, raw"
6131,"Fiddlehead ferns, frozen, unprepared"
6132,"Nuts, coconut meat, dried (desiccated), creamed"
6133,"Nuts, coconut meat, dried (desiccated), sweetened, shredded"
6134,"Seeds, sisymbrium sp. seeds, whole, dried"
6135,"Nuts, almond butter, plain, without salt added"
6136,"Nuts, chestnuts, japanese, boiled and steamed"
6137,"Nuts, chestnuts, japanese, roasted"
6138,"Seeds, lotus seeds, raw"
6139,"Nuts, almonds, honey roasted, unblanched"
6140,"Seeds, sunflower seed kernels, oil roasted, with salt added"
6141,"Seeds, sunflower seed kernels, toasted, with salt added"
6142,"Seeds, sunflower seed butter, with salt added (Includes foods for USDA's Food Distribution Program)"
6143,"Nuts, almonds, dry roasted, with salt added"
6144,"Nuts, cashew butter, plain, with salt added"
6145,"Nuts, macadamia nuts, dry roasted, with salt added"
6146,"Nuts, mixed nuts, dry roasted, with peanuts, with salt added"
6147,"Nuts, mixed nuts, oil roasted, with peanuts, with salt added"
6148,"Seeds, pumpkin and squash seeds, whole, roasted, with salt added"
6149,"Nuts, almonds, oil roasted, lightly salted"
6150,"Nuts, almond butter, plain, with salt added"
6151,"Seeds, sesame butter, tahini, type of kernels unspecified"
6152,"Beef, retail cuts, separable fat, raw"
6153,"Beef, retail cuts, separable fat, cooked"
6154,"Beef, brisket, whole, separable lean only, all grades, raw"
6155,"Beef, grass-fed, ground, raw"
6156,"Beef, flank, steak, separable lean only, trimmed to 0"" fat, choice, raw"
6157,"Beef, flank, steak, separable lean only, trimmed to 0"" fat, choice, cooked, braised"
6158,"Beef, flank, steak, separable lean only, trimmed to 0"" fat, choice, cooked, broiled"
6159,"Beef, rib, eye, small end (ribs 10-12), separable lean and fat, trimmed to 0"" fat, choice, raw"
6160,"Beef, rib, shortribs, separable lean and fat, choice, cooked, braised"
6161,"Beef, rib, shortribs, separable lean only, choice, raw"
6162,"Beef, rib, shortribs, separable lean only, choice, cooked, braised"
6163,"Beef, round, full cut, separable lean only, trimmed to 1/4"" fat, choice, cooked, broiled"
6164,"Beef, round, full cut, separable lean only, trimmed to 1/4"" fat, select, cooked, broiled"
6165,"Beef, short loin, porterhouse steak, separable lean only, trimmed to 1/8"" fat, choice, cooked, grilled"
6166,"Beef, short loin, t-bone steak, bone-in, separable lean only, trimmed to 1/8"" fat, choice, raw"
6167,"Beef, short loin, t-bone steak, bone-in, separable lean only, trimmed to 1/8"" fat, choice, cooked, grilled"
6168,"Beef, rib eye, small end (ribs 10-12), separable lean only, trimmed to 0"" fat, select, raw"
6169,"Beef, variety meats and by-products, brain, raw"
6170,"Beef, variety meats and by-products, brain, cooked, pan-fried"
6171,"Beef, variety meats and by-products, brain, cooked, simmered"
6172,"Beef, variety meats and by-products, heart, raw"
6173,"Beef, variety meats and by-products, liver, cooked, braised"
6174,"Beef, variety meats and by-products, liver, cooked, pan-fried"
6175,"Beef, variety meats and by-products, lungs, raw"
6176,"Beef, variety meats and by-products, lungs, cooked, braised"
6177,"Beef, variety meats and by-products, mechanically separated beef, raw"
6178,"Beef, loin, top loin steak, boneless, lip off, separable lean and fat, trimmed to 0"" fat, select, cooked, grilled"
6179,"Beef, loin, top loin steak, boneless, lip off, separable lean only, trimmed to 0"" fat, all grades, cooked, grilled"
6180,"Beef, top sirloin, steak, separable lean and fat, trimmed to 0"" fat, select, cooked, broiled"
6181,"Beef, top sirloin, steak, separable lean only, trimmed to 0"" fat, all grades, cooked, broiled"
6182,"Beef, top sirloin, steak, separable lean only, trimmed to 0"" fat, choice, cooked, broiled"
6183,"Beef, top sirloin, steak, separable lean only, trimmed to 0"" fat, select, cooked, broiled"
6184,"Beef, short loin, porterhouse steak, separable lean only,  trimmed to 1/8"" fat, all grades, cooked, grilled"
6185,"Beef, short loin, porterhouse steak, separable lean only, trimmed to 0"" fat, all grades, cooked, broiled"
6186,"Beef, short loin, porterhouse steak, separable lean only, trimmed to 0"" fat, choice, cooked, broiled"
6187,"Beef, short loin, porterhouse steak, separable lean only, trimmed to 1/8"" fat, select, raw"
6188,"Beef, short loin, porterhouse steak, separable lean only, trimmed to 1/8"" fat, select, cooked, grilled"
6189,"Beef, short loin, t-bone steak, bone-in, separable lean only, trimmed to 1/8"" fat, all grades, raw"
6190,"Beef, short loin, t-bone steak, bone-in, separable lean only, trimmed to 1/8"" fat, all grades, cooked, grilled"
6191,"Beef, short loin, t-bone steak, separable lean only, trimmed to 0"" fat, choice, cooked, broiled"
6192,"Beef, short loin, t-bone steak, bone-in, separable lean only, trimmed to 1/8"" fat, select, raw"
6193,"Beef, round, tip round, roast, separable lean and fat, trimmed to 0"" fat, choice, raw"
6194,"Beef, round, tip round, roast, separable lean and fat, trimmed to 0"" fat, select, raw"
6195,"Beef, rib, eye, small end (ribs 10- 12) separable lean only, trimmed to 0"" fat, select, cooked, broiled"
6196,"Beef, round, top round steak, boneless, separable lean only, trimmed to 0"" fat, all grades, cooked, grilled"
6197,"Beef, ground, 70% lean meat / 30% fat, patty cooked, pan-broiled"
6198,"Beef, ground, 70% lean meat / 30% fat, patty, cooked, broiled"
6199,"Beef, ground, 70% lean meat / 30% fat, raw"
6200,"Beef, chuck, under blade center steak, boneless, Denver Cut, separable lean only, trimmed to 0"" fat, select, raw"
6201,"Beef, shoulder top blade steak, boneless, separable lean only, trimmed to 0"" fat, all grades, cooked, grilled"
6202,"Beef, shoulder top blade steak, boneless, separable lean only, trimmed to 0"" fat, select, raw"
6203,"Beef, brisket, flat half, boneless separable lean only, trimmed to 0"" fat, all grades, raw"
6204,"Beef, brisket, flat half, boneless, separable lean only, trimmed to 0"" fat, choice, raw"
6205,"Beef, brisket, flat half, boneless, separable lean only, trimmed to 0"" fat, select, raw"
6206,"Beef, shoulder top blade steak, boneless, separable lean and fat, trimmed to 0"" fat, choice, cooked, grilled"
6207,"Beef, chuck eye roast, boneless, America's Beef Roast, separable lean and fat, trimmed to 0"" fat, all grades, raw"
6208,"Beef, chuck eye roast, boneless, America's Beef Roast, separable lean and fat, trimmed to 0"" fat, choice, raw"
6209,"Beef, chuck eye roast, boneless, America's Beef Roast, separable lean and fat, trimmed to 0"" fat, select, raw"
6210,"Beef, composite of trimmed retail cuts, separable lean and fat, trimmed to 1/8"" fat, select, cooked"
6211,"Beef, brisket, whole, separable lean and fat, trimmed to 1/8"" fat, all grades, raw"
6212,"Beef, brisket, whole, separable lean and fat, trimmed to 1/8"" fat, all grades, cooked, braised"
6213,"Beef, brisket, flat half, separable lean and fat, trimmed to 1/8"" fat, all grades, raw"
6214,"Beef, chuck, arm pot roast, separable lean and fat, trimmed to 1/8"" fat, all grades, cooked, braised"
6215,"Beef, chuck, arm pot roast, separable lean and fat, trimmed to 1/8"" fat, choice, raw"
6216,"Beef, chuck, arm pot roast, separable lean and fat, trimmed to 1/8"" fat, choice, cooked, braised"
6217,"Beef, chuck, arm pot roast, separable lean and fat, trimmed to 1/8"" fat, select, raw"
6218,"Beef, chuck, blade roast, separable lean and fat, trimmed to 1/8"" fat, choice, cooked, braised"
6219,"Beef, chuck, blade roast, separable lean and fat, trimmed to 1/8"" fat, select, raw"
6220,"Beef, chuck, blade roast, separable lean and fat, trimmed to 1/8"" fat, select, cooked, braised"
6221,"Beef, chuck eye roast, boneless, America's Beef Roast, separable lean only, trimmed to 0"" fat, all grades, cooked, roasted"
6222,"Beef, rib, whole (ribs 6-12), separable lean and fat, trimmed to 1/8"" fat, choice, raw"
6223,"Beef, rib, whole (ribs 6-12), separable lean and fat, trimmed to 1/8"" fat, choice, cooked, broiled"
6224,"Beef, rib, whole (ribs 6-12), separable lean and fat, trimmed to 1/8"" fat, choice, cooked, roasted"
6225,"Beef, rib, whole (ribs 6-12), separable lean and fat, trimmed to 1/8"" fat, select, raw"
6226,"Beef, rib, whole (ribs 6-12), separable lean and fat, trimmed to 1/8"" fat, prime, cooked, roasted"
6227,"Beef, rib, large end (ribs 6-9), separable lean and fat, trimmed to 1/8"" fat, all grades, raw"
6228,"Beef, rib, large end (ribs 6-9), separable lean and fat, trimmed to 1/8"" fat, all grades, cooked, broiled"
6229,"Beef, rib, large end (ribs 6-9), separable lean and fat, trimmed to 1/8"" fat, all grades, cooked, roasted"
6230,"Beef, rib, large end (ribs 6-9), separable lean and fat, trimmed to 1/8"" fat, select, cooked, broiled"
6231,"Beef, rib, large end (ribs 6-9), separable lean and fat, trimmed to 1/8"" fat, select, cooked, roasted"
6232,"Beef, rib, large end (ribs 6-9), separable lean and fat, trimmed to 1/8"" fat, prime, raw"
6233,"Beef, rib, large end (ribs 6-9), separable lean and fat, trimmed to 1/8"" fat, prime, cooked, broiled"
6234,"Beef, rib, large end (ribs 6-9), separable lean and fat, trimmed to 1/8"" fat, prime, cooked, roasted"
6235,"Beef, rib, small end (ribs 10-12), separable lean and fat, trimmed to 1/8"" fat, choice, cooked, broiled"
6236,"Beef, rib, small end (ribs 10-12), separable lean and fat, trimmed to 1/8"" fat, choice, cooked, roasted"
6237,"Beef, rib, small end (ribs 10-12), separable lean and fat, trimmed to 1/8"" fat, select, raw"
6238,"Beef, rib, small end (ribs 10-12), separable lean and fat, trimmed to 1/8"" fat, select, cooked, broiled"
6239,"Beef, shoulder top blade steak, boneless, separable lean and fat, trimmed to 0"" fat, select, cooked, grilled"
6240,"Beef, shoulder top blade steak, boneless, separable lean and fat, trimmed to 0"" fat, all grades, raw"
6241,"Beef, round, full cut, separable lean and fat, trimmed to 1/8"" fat, choice, raw"
6242,"Beef, round, full cut, separable lean and fat, trimmed to 1/8"" fat, choice, cooked, broiled"
6243,"Beef, round, bottom round, roast, separable lean and fat, trimmed to 1/8"" fat, all grades, cooked, roasted"
6244,"Beef, round, bottom round, steak, separable lean and fat, trimmed to 1/8"" fat, choice, raw"
6245,"Beef, round, bottom round, steak, separable lean and fat, trimmed to 1/8"" fat, choice, cooked, braised"
6246,"Beef, round, bottom round, roast, separable lean and fat, trimmed to 1/8"" fat, choice, cooked, roasted"
6247,"Beef, round, bottom round, steak, separable lean and fat, trimmed to 1/8"" fat, select, raw"
6248,"Beef, round, eye of round, roast, separable lean and fat, trimmed to 1/8"" fat, choice, raw"
6249,"Beef, round, eye of round, roast, separable lean and fat, trimmed to 1/8"" fat, choice, cooked, roasted"
6250,"Beef, round, eye of round, roast, separable lean and fat, trimmed to 1/8"" fat, select, raw"
6251,"Beef, round, eye of round, roast, separable lean and fat, trimmed to 1/8"" fat, select, cooked, roasted"
6252,"Beef, round, tip round, separable lean and fat, trimmed to 1/8"" fat, select, raw"
6253,"Beef, round, tip round, roast, separable lean and fat, trimmed to 1/8"" fat, select, cooked, roasted"
6254,"Beef, shoulder top blade steak, boneless, separable lean and fat, trimmed to 0"" fat, choice, raw"
6255,"Beef, round, top round, separable lean only, trimmed to 1/8"" fat, choice, cooked, pan-fried"
6256,"Beef, round, top round, separable lean and fat, trimmed to 1/8"" fat, choice, cooked, braised"
6257,"Beef, round, top round, steak, separable lean and fat, trimmed to 1/8"" fat, choice, cooked, broiled"
6258,"Beef, round, top round, separable lean and fat, trimmed to 1/8"" fat, choice, cooked, pan-fried"
6259,"Beef, round, top round, steak, separable lean and fat, trimmed to 1/8"" fat, select, raw"
6260,"Beef, round, top round, separable lean and fat, trimmed to 1/8"" fat, select, cooked, braised"
6261,"Beef, brisket, flat half, boneless, separable lean and fat, trimmed to 0"" fat, all grades, raw"
6262,"Beef, short loin, porterhouse steak, separable lean and fat, trimmed to 1/8"" fat, choice, raw"
6263,"Beef, short loin, porterhouse steak, separable lean and fat, trimmed to 1/8"" fat, choice, cooked, grilled"
6264,"Beef, short loin, t-bone steak, separable lean and fat, trimmed to 1/8"" fat, choice, raw"
6265,"Beef, short loin, top loin, steak, separable lean and fat, trimmed to 1/8"" fat, choice, cooked, grilled"
6266,"Beef, loin, top loin, separable lean and fat, trimmed to 1/8"" fat, select, raw"
6267,"Beef, loin, top loin, separable lean and fat, trimmed to 1/8"" fat, select, cooked, grilled"
6268,"Beef, short loin, top loin, steak, separable lean and fat, trimmed to 1/8"" fat, prime, raw"
6269,"Beef, tenderloin, steak, separable lean and fat, trimmed to 1/8"" fat, choice, cooked, broiled"
6270,"Beef, tenderloin, roast, separable lean and fat, trimmed to 1/8"" fat, choice, cooked, roasted"
6271,"Beef, tenderloin, steak, separable lean and fat, trimmed to 1/8"" fat, select, raw"
6272,"Beef, tenderloin, steak, separable lean and fat, trimmed to 1/8"" fat, select, cooked, broiled"
6273,"Beef, top sirloin, steak, separable lean and fat, trimmed to 1/8"" fat, all grades, raw"
6274,"Beef, top sirloin, steak, separable lean and fat, trimmed to 1/8"" fat, all grades, cooked, broiled"
6275,"Beef, top sirloin, steak, separable lean and fat, trimmed to 1/8"" fat, choice, raw"
6276,"Beef, top sirloin, steak, separable lean and fat, trimmed to 1/8"" fat, choice, cooked, broiled"
6277,"Beef, chuck, clod roast, separable lean only, trimmed to 0"" fat, select, cooked, roasted"
6278,"Beef, shoulder steak, boneless, separable lean only, trimmed to 0"" fat, choice, cooked, grilled"
6279,"Beef, shoulder steak, boneless, separable lean only, trimmed to 0"" fat, select, cooked, grilled"
6280,"Beef, flank, steak, separable lean and fat, trimmed to 0"" fat, all grades, cooked, broiled"
6281,"Beef, bottom sirloin, tri-tip roast, separable lean and fat, trimmed to 0"" fat, all grades, raw"
6282,"Beef, bottom sirloin, tri-tip roast, separable lean and fat, trimmed to 0"" fat, choice, cooked, roasted"
6283,"Beef, bottom sirloin, tri-tip roast, separable lean and fat, trimmed to 0"" fat, choice, raw"
6284,"Beef, bottom sirloin, tri-tip roast, separable lean and fat, trimmed to 0"" fat, select, cooked, roasted"
6285,"Beef, chuck, top blade, separable lean only, trimmed to 0"" fat, choice, cooked, broiled"
6286,"Beef, chuck, top blade, separable lean only, trimmed to 0"" fat, select, cooked, broiled"
6287,"Beef, round, top round steak, boneless, separable lean and fat, trimmed to 0"" fat, choice, cooked, grilled"
6288,"Beef, round, top round steak, boneless, separable lean and fat, trimmed to 0"" fat, select, cooked, grilled"
6289,"Beef, chuck eye roast, boneless, America's Beef Roast, separable lean only, trimmed to 0"" fat, select, raw"
6290,"Beef, brisket, flat half, boneless, separable lean and fat, trimmed to 0"" fat, choice, raw"
6291,"Beef, plate, inside skirt steak, separable lean only, trimmed to 0"" fat, all grades, cooked, broiled"
6292,"Beef, plate, outside skirt steak, separable lean only, trimmed to 0"" fat, all grades, cooked, broiled"
6293,"Alcoholic beverage, beer, regular, all"
6294,"Alcoholic beverage, beer, light"
6295,"Alcoholic beverage, pina colada, canned"
6296,"Beverages, almond milk, sweetened, vanilla flavor, ready-to-drink"
6297,"Alcoholic beverage, pina colada, prepared-from-recipe"
6298,"Alcoholic beverage, tequila sunrise, canned"
6299,"Candies, milk chocolate, with almonds"
6300,"Candies, milk chocolate, with rice cereal"
6301,"Toppings, strawberry"
6302,Chewing gum
6303,"Egg custards, dry mix"
6304,"Egg custards, dry mix, prepared with whole milk"
6305,"Gelatin desserts, dry mix"
6306,"Desserts, mousse, chocolate, prepared-from-recipe"
6307,"Puddings, chocolate, ready-to-eat"
6308,"Puddings, chocolate, dry mix, instant"
6309,"Puddings, chocolate, dry mix, regular, prepared with 2% milk"
6310,"Puddings, coconut cream, dry mix, instant, prepared with 2% milk"
6311,"Puddings, rice, ready-to-eat"
6312,"Puddings, rice, dry mix"
6313,"Puddings, vanilla, dry mix, instant"
6314,"Puddings, vanilla, dry mix, instant, prepared with whole milk"
6315,"Puddings, lemon, dry mix, instant, prepared with 2% milk"
6316,"Egg custards, dry mix, prepared with 2% milk"
6317,"Puddings, vanilla, dry mix, regular, prepared with 2% milk"
6318,"Rennin, chocolate, dry mix, prepared with 2% milk"
6319,"Rennin, vanilla, dry mix, prepared with 2% milk"
6320,"Candies, praline, prepared-from-recipe"
6321,"Desserts, rennin, vanilla, dry mix"
6322,"Rennin, vanilla, dry mix, prepared with whole milk"
6323,"Desserts, rennin, tablets, unsweetened"
6324,"Frostings, chocolate, creamy, ready-to-eat"
6325,"Flan, caramel custard, dry mix, prepared with whole milk"
6326,"Puddings, vanilla, ready-to-eat, fat free"
6327,"Puddings, tapioca, ready-to-eat, fat free"
6328,"Puddings, chocolate, ready-to-eat, fat free"
6329,"Frostings, chocolate, creamy, dry mix, prepared with butter"
6330,"Frostings, vanilla, creamy, dry mix"
6331,"Frostings, white, fluffy, dry mix"
6332,"Ice creams, chocolate"
6333,"Ice creams, strawberry"
6334,"Frozen novelties, ice type, pop"
6335,"Frozen yogurts, vanilla, soft-serve"
6336,"Fruit butters, apple"
6337,"Candies, fudge, chocolate marshmallow, with nuts, prepared-by-recipe"
6338,"Marmalade, orange"
6339,Molasses
6340,"Pectin, unsweetened, dry mix"
6341,"Pie fillings, apple, canned"
6342,"Pie fillings, canned, cherry"
6343,"Puddings, banana, dry mix, regular, prepared with whole milk"
6344,"Puddings, coconut cream, dry mix, instant"
6345,"Puddings, coconut cream, dry mix, instant, prepared with whole milk"
6346,"Puddings, coconut cream, dry mix, regular"
6347,"Puddings, coconut cream, dry mix, regular, prepared with whole milk"
6348,"Puddings, lemon, dry mix, instant, prepared with whole milk"
6349,"Puddings, lemon, dry mix, regular"
6350,"Pudding, lemon, dry mix, regular, prepared with sugar, egg yolk and water"
6351,"Sugars, brown"
6352,"Syrups, chocolate, fudge-type"
6353,"Syrups, corn, dark"
6354,"Syrups, corn, light"
6355,"Syrups, table blends, pancake, with 2% maple"
6356,"Syrups, table blends, corn, refiner, and sugar"
6357,"Toppings, butterscotch or caramel"
6358,"Frostings, vanilla, creamy, dry mix, prepared with margarine"
6359,"Frostings, chocolate, creamy, dry mix, prepared with margarine"
6360,"Candies, divinity, prepared-from-recipe"
6361,"Frozen novelties, ice type, pineapple-coconut"
6362,"Frozen yogurts, chocolate, soft-serve"
6363,"Snacks, banana chips"
6364,"Snacks, beef sticks, smoked"
6365,"Snacks, pork skins, barbecue-flavor"
6366,"Frostings, glaze, chocolate, prepared-from-recipe, with butter, NFSMI Recipe No. C-32"
6367,"Snack, potato chips, made from dried potatoes, plain"
6368,"Snacks, potato sticks"
6369,"Snacks, rice cakes, brown rice, rye"
6370,"Snacks, sesame sticks, wheat-based, salted"
6371,"Snacks, corn cakes"
6372,"Snacks, tortilla chips, nacho-flavor, reduced fat"
6373,"Tortilla chips, low fat, baked without fat"
6374,"Cheese puffs and twists, corn based, baked, low fat"
6375,"Snacks, granola bar, fruit-filled, nonfat"
6376,"Snacks, tortilla chips, low fat, made with olestra, nacho cheese"
6377,"Snacks, potato chips, made from dried potatoes, fat-free, made with olestra"
6378,"Snacks, taro chips"
6379,"Puddings, banana, dry mix, instant, with added oil"
6380,"Cornmeal, degermed, enriched, yellow"
6381,"Cornmeal, yellow, self-rising, bolted, plain, enriched"
6382,"Cornmeal, yellow, self-rising, bolted, with wheat flour added, enriched"
6383,"Cornmeal, yellow, self-rising, degermed, enriched"
6384,"Millet, cooked"
6385,"Oat bran, raw"
6386,"Oat bran, cooked"
6387,"Quinoa, uncooked"
6388,"Rice, brown, medium-grain, cooked (Includes foods for USDA's Food Distribution Program)"
6389,"Rice, white, long-grain, regular, raw, enriched"
6390,"Rice, white, long-grain, regular, enriched, cooked"
6391,"Rice, white, medium-grain, raw, enriched"
6392,"Rice, white, medium-grain, enriched, cooked"
6393,"Rice, white, short-grain, enriched, uncooked"
6394,"Rice, white, short-grain, enriched, cooked"
6395,"Rice, white, glutinous, unenriched, uncooked"
6396,Rye grain
6397,"Rye flour, dark"
6398,"Rye flour, medium"
6399,"Rye flour, light"
6400,"Triticale flour, whole-grain"
6401,"Wheat, hard red spring"
6402,"Wheat, hard red winter"
6403,"Wheat, soft red winter"
6404,"Wheat germ, crude"
6405,"Wheat flour, whole-grain (Includes foods for USDA's Food Distribution Program)"
6406,"Wheat flour, white, all-purpose, enriched, bleached"
6407,"Wheat flour, white, all-purpose, self-rising, enriched"
6408,"Wheat flour, white, bread, enriched"
6409,"Wild rice, cooked"
6410,"Rice flour, brown"
6411,"Pasta, gluten-free, corn, dry"
6412,"Pasta, gluten-free, corn, cooked"
6413,"Pasta, homemade, made with egg, cooked"
6414,"Pasta, homemade, made without egg, cooked"
6415,"Macaroni, vegetable, enriched, dry"
6416,"Macaroni, vegetable, enriched, cooked"
6417,"Noodles, chinese, chow mein"
6418,"Noodles, japanese, soba, dry"
6419,"Noodles, japanese, soba, cooked"
6420,"Noodles, japanese, somen, dry"
6421,"Noodles, japanese, somen, cooked"
6422,"Pasta, whole-wheat, cooked (Includes foods for USDA's Food Distribution Program)"
6423,"Spaghetti, spinach, dry"
6424,"Spaghetti, spinach, cooked"
6425,"Wheat flours, bread, unenriched"
6426,"Rice noodles, cooked"
6427,"Pasta, whole grain, 51% whole wheat, remaining unenriched semolina, dry"
6428,"Pasta, whole grain, 51% whole wheat, remaining unenriched semolina, cooked"
6429,"Quinoa, cooked"
6430,"Teff, cooked"
6431,"Noodles, egg, cooked, enriched, with added salt"
6432,"Corn grain, white"
6433,"Corn flour, whole-grain, blue (harina de maiz morado)"
6434,"Cornmeal, degermed, enriched, white"
6435,"Cornmeal, white, self-rising, bolted, plain, enriched"
6436,"Cornmeal, white, self-rising, bolted, with wheat flour added, enriched"
6437,"Cornmeal, white, self-rising, degermed, enriched"
6438,"Noodles, egg, unenriched, cooked, without added salt"
6439,"Pasta, dry, unenriched"
6440,"Pasta, cooked, unenriched, without added salt"
6441,"Cornmeal, degermed, unenriched, yellow"
6442,"Rice, white, medium-grain, cooked, unenriched"
6443,"Rice, white, short-grain, raw, unenriched"
6444,"Rice, white, short-grain, cooked, unenriched"
6445,"Semolina, unenriched"
6446,"Spaghetti, protein-fortified, cooked, enriched (n x 6.25)"
6447,"Rice, white, long-grain, regular, cooked, unenriched, with salt"
6448,"Wheat flour, white, all-purpose, enriched, unbleached"
6449,"Spaghetti, protein-fortified, dry, enriched (n x 6.25)"
6450,"Wheat flour, white (industrial), 10% protein, unbleached, enriched"
6451,"Wheat flour, white (industrial), 11.5% protein, bleached, enriched"
6452,"Wheat flour, white (industrial), 11.5% protein, bleached, unenriched"
6453,"Wheat flour, white (industrial), 11.5% protein, unbleached, enriched"
6454,"Wheat flour, white (industrial), 13% protein, bleached, enriched"
6455,"Sorghum flour, whole-grain"
6456,"Wheat flour, whole-grain, soft wheat"
6457,"Potatoes, yellow fleshed, hash brown, shredded, salt added in processing, frozen, unprepared"
6458,"Potatoes, french fried, wedge cut, frozen, unprepared"
6459,"Potatoes, french fried, steak cut, salt not added in processing, frozen, unprepared"
6460,"Potatoes, french fried, cross cut, frozen, unprepared"
6461,"Rice and vermicelli mix, beef flavor, unprepared"
6462,"Rice and vermicelli mix, beef flavor, prepared with 80% margarine"
6463,"Rice and vermicelli mix, rice pilaf flavor, unprepared"
6464,"Rice and vermicelli mix, rice pilaf flavor, prepared with 80% margarine"
6465,"Pasta mix, classic cheeseburger macaroni, unprepared"
6466,"Pasta mix, classic beef, unprepared"
6467,"Pasta mix, Italian lasagna, unprepared"
6468,"Yellow rice with seasoning, dry packet mix, unprepared"
6469,"Pizza rolls, frozen, unprepared"
6470,"Pasta mix, Italian four cheese lasagna, unprepared"
6471,"Spanish rice mix, dry mix, unprepared"
6472,"Lasagna, cheese, frozen, unprepared"
6473,"Chicken, thighs, frozen, breaded, reheated"
6474,"Turnover, meat- and cheese-filled, tomato-based sauce, reduced fat, frozen"
6475,"Turnover, filled with egg, meat and cheese, frozen"
6476,"Rice mix, white and wild, flavored, unprepared"
6477,"Salisbury steak with gravy, frozen"
6478,Ascidians (tunughnak) (Alaska Native)
6479,"Whale, beluga, flipper, raw (Alaska Native)"
6480,"Whale, beluga, liver, raw (Alaska Native)"
6481,"Oil, beluga, whale (Alaska Native)"
6482,"Blackberries, wild, raw (Alaska Native)"
6483,"Caribou, liver, raw (Alaska Native)"
6484,"Stew/soup, caribou (Alaska Native)"
6485,"Caribou, tongue, raw (Alaska Native)"
6486,"Chiton, leathery, gumboots (Alaska Native)"
6487,"Fish, devilfish, meat (Alaska Native)"
6488,"Fireweed, young leaves, raw (Alaska Native)"
6489,"Fish, herring eggs on giant kelp, Pacific (Alaska Native)"
6490,"Fish, herring eggs, Pacific, dry (Alaska Native)"
6491,"Stew, moose (Alaska Native)"
6492,"Agave, cooked (Southwest)"
6493,"Agave, dried (Southwest)"
6494,"Cattail, Narrow Leaf Shoots (Northern Plains Indians)"
6495,"Lambsquarters, raw (Northern Plains Indians)"
6496,"Prairie Turnips, boiled (Northern Plains Indians)"
6497,"Raspberries, wild (Northern Plains Indians)"
6498,"Rose Hips, wild (Northern Plains Indians)"
6499,"Chokecherries, raw, pitted (Northern Plains Indians)"
6500,"Sea lion, Steller, liver (Alaska Native)"
6501,"Sea lion, Steller, kidney (Alaska Native)"
6502,"Sea lion, Steller, heart (Alaska Native)"
6503,"Sea lion, Steller, meat (Alaska Native)"
6504,"Piki bread, made from blue cornmeal (Hopi)"
6505,"Wocas, tuber, cooked, Oregon, yellow pond lily (Klamath)"
6506,"Stew, pinto bean and hominy, badufsuki (Hopi)"
6507,"Tamales, masa and pork filling (Hopi)"
6508,"Restaurant, family style, fried mozzarella sticks"
6509,"Restaurant, family style, sirloin steak"
6510,"Restaurant, family style, coleslaw"
6511,"Restaurant, family style, onion rings"
6512,"Restaurant, family style, chili with meat and beans"
6513,"Restaurant, family style, spaghetti and meatballs"
6514,"Restaurant, Mexican, cheese quesadilla"
6515,"Restaurant, Italian, cheese ravioli with marinara sauce"
6516,"Cereals ready-to-eat, frosted oat cereal with marshmallows"
6517,"Babyfood, juice, apple-sweet potato"
6518,"Babyfood, juice, orange-carrot"
6519,"Beverages, Orange juice drink"
6520,"Gums, seed gums (includes locust bean, guar)"
6521,"Snacks, potato chips, white, restructured, baked"
6522,"Babyfood, baked product, finger snacks cereal fortified"
6523,"Babyfood, cereal, brown rice, dry, instant"
6524,"Babyfood, green beans and turkey, strained"
6525,"Cheese, muenster, low fat"
6526,"Cheese, mozzarella, nonfat"
6527,"Margarine-like, butter-margarine blend, 80% fat, stick, without salt"
6528,"Margarine-like, vegetable oil-butter spread, reduced calorie, tub, with salt"
6529,"Babyfood, dinner, chicken and rice"
6530,"Salad dressing, caesar dressing, regular"
6531,"Salad dressing, coleslaw"
6532,"Salad dressing, green goddess, regular"
6533,"Jams and preserves, no sugar (with sodium saccharin), any flavor"
6534,"Candies, chocolate covered, caramel with nuts"
6535,"Candies, nougat, with almonds"
6536,"Candies, gum drops, no sugar or low calorie (sorbitol)"
6537,"Pie fillings, cherry, low calorie"
6538,"Breakfast bars, oats, sugar, raisins, coconut (include granola bar)"
6539,"Pretzels, soft"
6540,"Beans, chili, barbecue, ranch style, cooked"
6541,"Luncheon slices, meatless"
6542,"Meatballs, meatless"
6543,Vegetarian fillets
6544,"Sandwich spread, meatless"
6545,"Alcoholic beverage, wine, cooking"
6546,"Alcoholic beverage, wine, light"
6547,"Sweeteners, tabletop, saccharin (sodium saccharin)"
6548,"Beverage, instant breakfast powder, chocolate, not reconstituted"
6549,"Tomato sauce, canned, no salt added"
6550,"Cereals ready-to-eat, wheat and bran, presweetened with nuts and fruits"
6551,"Cheese, cottage, with vegetables"
6552,"Cheese, cream, low fat"
6553,"Cheese, pasteurized process, American, low fat"
6554,"Cheese spread, cream cheese base"
6555,"Pork, oriental style, dehydrated"
6556,"Soybean, curd cheese"
6557,"Potatoes, canned, drained solids, no salt added"
6558,"Vegetables, mixed (corn, lima beans, peas, green beans, carrots) canned, no salt added"
6559,"Litchis, raw"
6560,"Litchis, dried"
6561,"Loganberries, frozen"
6562,"Longans, raw"
6563,"Mangosteen, canned, syrup pack"
6564,"Mango, dried, sweetened"
6565,"Melons, cantaloupe, raw"
6566,"Melons, casaba, raw"
6567,"Olives, ripe, canned (small-extra large)"
6568,"Olives, ripe, canned (jumbo-super colossal)"
6569,"Olives, pickled, canned or bottled, green"
6570,"Oranges, raw, all commercial varieties"
6571,"Orange juice, raw (Includes foods for USDA's Food Distribution Program)"
6572,"Orange juice, canned, unsweetened"
6573,"Orange juice, chilled, includes from concentrate"
6574,"Orange juice, chilled, includes from concentrate, with added calcium and vitamin D"
6575,"Orange juice, frozen concentrate, unsweetened, diluted with 3 volume water"
6576,"Orange peel, raw"
6577,"Orange-grapefruit juice, canned or bottled, unsweetened"
6578,"Tangerines, (mandarin oranges), raw"
6579,"Tangerines, (mandarin oranges), canned, juice pack"
6580,"Papaya nectar, canned"
6581,"Passion-fruit, (granadilla), purple, raw"
6582,"Passion-fruit juice, purple, raw"
6583,"Passion-fruit juice, yellow, raw"
6584,"Peaches, canned, light syrup pack, solids and liquids"
6585,"Peaches, canned, heavy syrup pack, solids and liquids"
6586,"Peaches, canned, extra heavy syrup pack, solids and liquids"
6587,"Peaches, spiced, canned, heavy syrup pack, solids and liquids"
6588,"Peaches, dried, sulfured, stewed, with added sugar"
6589,"Peaches, frozen, sliced, sweetened"
6590,"Peach nectar, canned, with sucralose, without added ascorbic acid"
6591,"Pears, raw"
6592,"Pears, canned, water pack, solids and liquids"
6593,"Pears, canned, extra heavy syrup pack, solids and liquids"
6594,"Pears, dried, sulfured, uncooked"
6595,"Pears, dried, sulfured, stewed, without added sugar"
6596,"Pears, dried, sulfured, stewed, with added sugar"
6597,"Pineapple, raw, all varieties"
6598,"Pineapple, canned, water pack, solids and liquids"
6599,"Pineapple, canned, juice pack, solids and liquids"
6600,"Pineapple, canned, light syrup pack, solids and liquids"
6601,"Pineapple juice, frozen concentrate, unsweetened, diluted with 3 volume water"
6602,"Pitanga, (surinam-cherry), raw"
6603,"Plantains, yellow, raw"
6604,"Plantains, yellow, baked"
6605,"Plums, canned, purple, heavy syrup pack, solids and liquids"
6606,"Plums, canned, purple, extra heavy syrup pack, solids and liquids"
6607,"Pomegranates, raw"
6608,"Lima beans, immature seeds, cooked, boiled, drained, without salt"
6609,"Lima beans, immature seeds, canned, regular pack, solids and liquids"
6610,"Mung beans, mature seeds, sprouted, cooked, boiled, drained, without salt"
6611,"Mung beans, mature seeds, sprouted, cooked, stir-fried"
6612,"Beans, navy, mature seeds, sprouted, raw"
6613,"Beans, navy, mature seeds, sprouted, cooked, boiled, drained, without salt"
6614,"Beans, snap, green, cooked, boiled, drained, without salt"
6615,"Beans, snap, green, canned, regular pack, solids and liquids"
6616,"Beans, snap, green, canned, regular pack, drained solids"
6617,"Beans, snap, canned, all styles, seasoned, solids and liquids"
6618,"Beets, raw"
6619,"Beets, cooked, boiled, drained"
6620,"Beets, canned, regular pack, solids and liquids"
6621,"Pork, cured, ham -- water added, whole, boneless, separable lean only, heated, roasted"
6622,"Pork, cured, ham -- water added, whole, boneless, separable lean only, unheated"
6623,"Pork, cured, ham and water product, shank, bone-in, separable lean only, heated, roasted"
6624,"Pork, cured, ham -- water added, slice, bone-in, separable lean only, unheated"
6625,"Pork, cured, ham and water product, rump, bone-in, separable lean only, unheated"
6626,"Pork, cured, ham and water product, slice, bone-in, separable lean only, unheated"
6627,"Pork, cured, ham and water product, shank, bone-in, unheated, separable lean only"
6628,"Pork, cured, ham, separable fat, boneless, heated"
6629,"Pork, cured, ham, separable fat, boneless, unheated"
6630,"Pork, pickled pork hocks"
6631,"Pork, cured, ham, slice, bone-in, separable lean only, heated, pan-broil"
6632,"Pork, cured, ham with natural juices, whole, boneless, separable lean and fat, unheated"
6633,"Pork, cured, ham and water product, whole, boneless, separable lean and fat, unheated"
6634,"Pork, cured, ham and water product, slice, bone-in, separable lean and fat, unheated"
6635,"Pork, cured, ham and water product, shank, bone-in, separable lean and fat, unheated"
6636,"Pork, cured, ham and water product, rump, bone-in, separable lean and fat, unheated"
6637,"Pork, cured, ham -- water added, rump, bone-in, separable lean and fat, heated, roasted"
6638,"Pork, cured, ham -- water added, shank, bone-in, separable lean and fat, heated, roasted"
6639,"Pork, cured, ham -- water added, slice, bone-in, separable lean and fat, heated, pan-broil"
6640,"Pork, cured, ham -- water added, slice, boneless, separable lean and fat, heated, pan-broil"
6641,"Pork, cured, ham and water product, slice, boneless, separable lean and fat, heated, pan-broil"
6642,"Pork, cured, ham and water product, whole, boneless, separable lean and fat, heated, roasted"
6643,"Pork, cured, ham with natural juices, rump, bone-in, separable lean and fat, heated, roasted"
6644,"Pork, cured, ham with natural juices, shank, bone-in, separable lean and fat, heated, roasted"
6645,"Pork, cured, ham with natural juices, slice, bone-in, separable lean and fat, heated, pan-broil"
6646,"Pork, cured, ham, rump, bone-in, separable lean only, heated, roasted"
6647,"Pork, cured, ham, rump, bone-in, separable lean only, unheated"
6648,"Pork, cured, ham, shank, bone-in, separable lean only, heated, roasted"
6649,"Pork, cured, ham, shank, bone-in, separable lean only, unheated"
6650,"Pork, cured, ham, slice, bone-in, separable lean and fat, unheated"
6651,"Pork, fresh, spareribs, separable lean and fat, cooked, roasted"
6652,"Pork, fresh, composite of separable fat, with added solution, raw"
6653,"Pork, fresh, loin, tenderloin, separable lean only, with added solution, cooked, roasted"
6654,"Pork, fresh, loin, top loin (chops), boneless, separable lean only, with added solution, raw"
6655,"Pork, fresh, loin, top loin (chops), boneless, separable lean and fat, with added solution, raw"
6656,"Pork, fresh, loin, top loin (chops), boneless, separable lean and fat, with added solution, cooked, broiled"
6657,"Pork, fresh, loin, tenderloin, separable lean and fat, with added solution, raw"
6658,"Pork, fresh, loin, tenderloin, separable lean and fat, with added solution, cooked, roasted"
6659,"Pork, Leg Cap Steak, boneless, separable lean and fat, raw"
6660,"Pork, Shoulder breast, boneless, separable lean and fat, raw"
6661,"Pork, Shoulder breast, boneless, separable lean and fat, cooked, broiled"
6662,"Pork, shoulder, petite tender, boneless, separable lean and fat, cooked, broiled"
6663,"Pork, ground, 96% lean / 4% fat, raw"
6664,"Pork, ground, 72% lean / 28% fat, cooked, crumbles"
6665,"Pork, ground, 84% lean / 16% fat, cooked, crumbles"
6666,"Pork, ground, 96% lean / 4% fat, cooked, crumbles"
6667,"Pork, fresh, loin, blade (chops or roasts), boneless, separable lean only, raw"
6668,"Pork, fresh, loin, blade (roasts), boneless, separable lean only, cooked, roasted"
6669,"Pork, fresh, loin, blade (chops), boneless, separable lean only, boneless, cooked, broiled"
6670,"Pork, fresh, loin, country-style ribs, separable lean only, boneless, cooked, broiled"
6671,"Pork, fresh, loin, blade (roasts), boneless, separable lean and fat, cooked, roasted"
6672,"Pork, fresh, loin, country-style ribs, separable lean and fat, boneless, cooked, broiled"
6673,"Pork, fresh, loin, country-style ribs, separable lean and fat, bone-in, cooked, broiled"
6674,"Pork, fresh, loin, country-style ribs, separable lean and fat, boneless, cooked, roasted"
6675,"Amaranth leaves, cooked, boiled, drained, without salt"
6676,"Arrowhead, raw"
6677,"Arrowhead, cooked, boiled, drained, without salt"
6678,"Artichokes, (globe or french), raw"
6679,"Asparagus, canned, regular pack, solids and liquids"
6680,"Asparagus, canned, drained solids"
6681,"Asparagus, frozen, unprepared"
6682,"Asparagus, frozen, cooked, boiled, drained, without salt"
6683,"Bamboo shoots, raw"
6684,"Bamboo shoots, cooked, boiled, drained, without salt"
6685,"Bamboo shoots, canned, drained solids"
6686,"Beans, kidney, mature seeds, sprouted, raw"
6687,"Corn, sweet, yellow, canned, whole kernel, drained solids"
6688,"Corn, sweet, yellow, canned, cream style, regular pack"
6689,"Corn, sweet, yellow, canned, vacuum pack, regular pack"
6690,"Corn, yellow, whole kernel, frozen, microwaved"
6691,"Corn with red and green peppers, canned, solids and liquids"
6692,"Cornsalad, raw"
6693,"Cowpeas (blackeyes), immature seeds, raw"
6694,"Cowpeas, young pods with seeds, cooked, boiled, drained, without salt"
6695,"Yardlong bean, raw"
6696,"Yardlong bean, cooked, boiled, drained, without salt"
6697,"Cowpeas, leafy tips, raw"
6698,"Cucumber, peeled, raw"
6699,"Dandelion greens, raw"
6700,"Dandelion greens, cooked, boiled, drained, without salt"
6701,"Eggplant, raw"
6702,"Eggplant, cooked, boiled, drained, without salt"
6703,"Garlic, raw"
6704,"Ginger root, raw"
6705,"Gourd, white-flowered (calabash), raw"
6706,"Gourd, white-flowered (calabash), cooked, boiled, drained, without salt"
6707,"Hyacinth-beans, immature seeds, raw"
6708,"Hyacinth-beans, immature seeds, cooked, boiled, drained, without salt"
6709,"Jerusalem-artichokes, raw"
6710,"Jew's ear, (pepeao), raw"
6711,"Kale, cooked, boiled, drained, without salt"
6712,"Kale, frozen, unprepared"
6713,"Kale, frozen, cooked, boiled, drained, without salt"
6714,"Kanpyo, (dried gourd strips)"
6715,"Mushrooms, shiitake, raw"
6716,"Mushrooms, portabella, grilled"
6717,"Lambsquarters, raw"
6718,"Lambsquarters, cooked, boiled, drained, without salt"
6719,"Leeks, (bulb and lower leaf-portion), raw"
6720,"Lettuce, cos or romaine, raw"
6721,"Lettuce, iceberg (includes crisphead types), raw"
6722,"Lettuce, green leaf, raw"
6723,"Lotus root, raw"
6724,"Mushrooms, white, raw"
6725,"Mushrooms, white, cooked, boiled, drained, without salt"
6726,"Mushrooms, white, stir-fried"
6727,"Mushrooms, canned, drained solids"
6728,"Mushrooms, portabella, raw"
6729,"Mustard greens, raw"
6730,"Mustard greens, cooked, boiled, drained, without salt"
6731,"Mustard greens, frozen, unprepared"
6732,"Mustard greens, frozen, cooked, boiled, drained, without salt"
6733,"Okra, raw"
6734,"Okra, cooked, boiled, drained, without salt"
6735,"Okra, frozen, unprepared"
6736,"Okra, frozen, cooked, boiled, drained, without salt"
6737,"Potatoes, french fried, all types, salt added in processing, frozen, home-prepared, oven heated"
6738,"Potatoes, french fried, cottage-cut, salt not added in processing, frozen, as purchased"
6739,"Potatoes, french fried, cottage-cut, salt not added in processing, frozen, oven-heated"
6740,"Potatoes, frozen, french fried, par fried, extruded, unprepared"
6741,"Potatoes, frozen, french fried, par fried, extruded, prepared, heated in oven, without salt"
6742,"Potato salad, home-prepared"
6743,"Pumpkin flowers, raw"
6744,"Pumpkin flowers, cooked, boiled, drained, without salt"
6745,"Pumpkin leaves, raw"
6746,"Pumpkin pie mix, canned"
6747,"Purslane, raw"
6748,"Purslane, cooked, boiled, drained, without salt"
6749,"Radishes, raw"
6750,"Salsify, (vegetable oyster), raw"
6751,"Salsify, cooked, boiled, drained, without salt"
6752,"Sauerkraut, canned, solids and liquids"
6753,"Seaweed, agar, raw"
6754,"Sesbania flower, cooked, steamed, without salt"
6755,"Soybeans, green, raw"
6756,"Soybeans, green, cooked, boiled, drained, without salt"
6757,"Soybeans, mature seeds, sprouted, raw"
6758,"Spinach, canned, regular pack, solids and liquids"
6759,"Spinach, canned, regular pack, drained solids"
6760,"Spinach, frozen, chopped or leaf, unprepared (Includes foods for USDA's Food Distribution Program)"
6761,"Spinach, frozen, chopped or leaf, cooked, boiled, drained, without salt"
6762,"Squash, summer, scallop, raw"
6763,"Squash, summer, scallop, cooked, boiled, drained, without salt"
6764,"Squash, summer, zucchini, includes skin, raw"
6765,"Squash, summer, zucchini, includes skin, cooked, boiled, drained, without salt"
6766,"Squash, winter, acorn, cooked, baked, without salt"
6767,"Squash, winter, acorn, cooked, boiled, mashed, without salt"
6768,"Squash, winter, butternut, raw"
6769,"Squash, winter, butternut, cooked, baked, without salt"
6770,"Squash, winter, hubbard, cooked, boiled, mashed, without salt"
6771,"Squash, winter, spaghetti, raw"
6772,"Squash, winter, spaghetti, cooked, boiled, drained, or baked, without salt"
6773,"Succotash, (corn and limas), raw"
6774,"Water convolvulus,raw"
6775,"Water convolvulus, cooked, boiled, drained, without salt"
6776,"Sweet potato leaves, raw"
6777,"Sweet potato leaves, cooked, steamed, without salt"
6778,"Sweet potato, canned, mashed"
6779,"Sweet potato, frozen, unprepared (Includes foods for USDA's Food Distribution Program)"
6780,"Sweet potato, frozen, cooked, baked, without salt"
6781,"Taro, raw"
6782,"Taro shoots, cooked, without salt"
6783,"Taro, tahitian, raw"
6784,"Artichokes, (globe or french), cooked, boiled, drained, with salt"
6785,"Artichokes, (globe or french), frozen, cooked, boiled, drained, with salt"
6786,"Asparagus, cooked, boiled, drained, with salt"
6787,"Asparagus, canned, no salt added, solids and liquids"
6788,"Beans, kidney, mature seeds, sprouted, cooked, boiled, drained, with salt"
6789,"Lima beans, immature seeds, cooked, boiled, drained, with salt"
6790,"Lima beans, immature seeds, canned, no salt added, solids and liquids"
6791,"Lima beans, immature seeds, frozen, baby, cooked, boiled, drained, with salt"
6792,"Beans, pinto, mature seeds, sprouted, cooked, boiled, drained, with salt"
6793,"Beans, snap, yellow, raw"
6794,"Beans, snap, green, cooked, boiled, drained, with salt"
6795,"Beans, snap, yellow, cooked, boiled, drained, without salt"
6796,"Beans, snap, yellow, cooked, boiled, drained, with salt"
6797,"Beans, snap, yellow, frozen, all styles, unprepared"
6798,"Beans, snap, green, frozen, cooked, boiled, drained, with salt"
6799,"Beans, snap, yellow, frozen, cooked, boiled, drained, without salt"
6800,"Beans, snap, yellow, frozen, cooked, boiled, drained, with salt"
6801,"Broadbeans, immature seeds, cooked, boiled, drained, with salt"
6802,"Broccoli, leaves, raw"
6803,"Broccoli, flower clusters, raw"
6804,"Broccoli, stalks, raw"
6805,"Brussels sprouts, frozen, cooked, boiled, drained, with salt"
6806,"Burdock root, cooked, boiled, drained, with salt"
6807,"Butterbur, cooked, boiled, drained, with salt"
6808,"Cabbage, common (danish, domestic, and pointed types), freshly harvest, raw"
6809,"Cabbage, common (danish, domestic, and pointed types), stored, raw"
6810,"Cabbage, chinese (pe-tsai), cooked, boiled, drained, with salt"
6811,"Cardoon, cooked, boiled, drained, with salt"
6812,"Carrots, cooked, boiled, drained, with salt"
6813,"Carrots, canned, no salt added, solids and liquids"
6814,"Celeriac, cooked, boiled, drained, with salt"
6815,"Celery, cooked, boiled, drained, with salt"
6816,"Chard, swiss, cooked, boiled, drained, with salt"
6817,"Chayote, fruit, cooked, boiled, drained, with salt"
6818,"Corn, sweet, yellow, canned, no salt added, solids and liquids (Includes foods for USDA's Food Distribution Program)"
6819,"Corn, sweet, yellow, canned, cream style, no salt added"
6820,"Corn, sweet, yellow, canned, vacuum pack, no salt added"
6821,"Corn, sweet, yellow, frozen, kernels, cut off cob, boiled, drained, with salt"
6822,"Corn, sweet, yellow, frozen, kernels on cob, cooked, boiled, drained, with salt"
6823,"Cress, garden, cooked, boiled, drained, with salt"
6824,"Dandelion greens, cooked, boiled, drained, with salt"
6825,"Eggplant, cooked, boiled, drained, with salt"
6826,"Gourd, white-flowered (calabash), cooked, boiled, drained, with salt"
6827,"Jute, potherb, cooked, boiled, drained, with salt"
6828,"Kale, cooked, boiled, drained, with salt"
6829,"Kale, frozen, cooked, boiled, drained, with salt"
6830,"Kohlrabi, cooked, boiled, drained, with salt"
6831,"Yambean (jicama), cooked, boiled, drained, with salt"
6832,"Yardlong bean, cooked, boiled, drained, with salt"
6833,"Corn, sweet, white, canned, whole kernel, no salt added, solids and liquids"
6834,"Corn, sweet, white, canned, whole kernel, drained solids"
6835,"Corn, sweet, white, canned, cream style, regular pack"
6836,"Corn, sweet, white, canned, cream style, no salt added"
6837,"Corn, sweet, white, frozen, kernels cut off cob, boiled, drained, with salt"
6838,"Corn, sweet, white, frozen, kernels on cob, unprepared"
6839,"Corn, sweet, white, frozen, kernels on cob, cooked, boiled, drained, without salt"
6840,"Corn, sweet, white, frozen, kernels on cob, cooked, boiled, drained, with salt"
6841,"Sesbania flower, cooked, steamed, with salt"
6842,"Soybeans, mature seeds, sprouted, cooked, steamed, with salt"
6843,"Soybeans, mature seeds, sprouted, cooked, stir-fried, with salt"
6844,"Dock, cooked, boiled, drained, with salt"
6845,"Potatoes, mashed, dehydrated, prepared from flakes without milk, whole milk and margarine added"
6846,"Peppers, sweet, red, freeze-dried"
6847,"Beans, snap, yellow, canned, regular pack, drained solids"
6848,"Beans, snap, yellow, canned, no salt added, drained solids"
6849,"Mushroom, white, exposed to ultraviolet light, raw"
6850,"Mushrooms, portabella, exposed to ultraviolet light, grilled"
6851,"Pickles, cucumber, sweet (includes bread and butter pickles)"
6852,"Pickles, cucumber, sour"
6853,"Pickles, cucumber, sweet, low sodium (includes bread and butter pickles)"
6854,"Catsup, low sodium"
6855,"Mushrooms, enoki, raw"
6856,"Peppers, sweet, yellow, raw"
6857,"Tomatoes, sun-dried, packed in oil, drained"
6858,"Fennel, bulb, raw"
6859,"Pickle relish, hamburger"
6860,"Arugula, raw"
6861,"Nopales, cooked, without salt"
6862,"Cauliflower, green, raw"
6863,"Cauliflower, green, cooked, no salt added"
6864,"Cauliflower, green, cooked, with salt"
6865,"Broccoli, chinese, cooked"
6866,"Grape leaves, canned"
6867,"Pepper, banana, raw"
6868,"Peppers, serrano, raw"
6869,"Peppers, ancho, dried"
6870,"Pickles, chowchow, with cauliflower onion mustard, sweet"
6871,"Epazote, raw"
6872,"Fireweed, leaves, raw"
6873,"Malabar spinach, cooked"
6874,"Yautia (tannier), raw"
6875,"Mushrooms, white, microwaved"
6876,"Mushrooms, maitake, raw"
6877,"Broccoli, chinese, raw"
6878,"Fiddlehead ferns, raw"
6879,"Seeds, sesame butter, tahini, from unroasted kernels (non-chemically removed seed coat)"
6880,"Seeds, watermelon seed kernels, dried"
6881,"Nuts, chestnuts, japanese, dried"
6882,"Nuts, coconut milk, frozen (liquid expressed from grated meat and water)"
6883,"Seeds, sesame butter, tahini, from raw and stone ground kernels"
6884,"Nuts, formulated, wheat-based, all flavors except macadamia, without salt"
6885,"Seeds, sesame seed kernels, dried (decorticated)"
6886,"Nuts, chestnuts, japanese, raw"
6887,"Seeds, flaxseed"
6888,"Seeds, pumpkin and squash seed kernels, roasted, with salt added"
6889,"Seeds, sesame seed kernels, toasted, with salt added (decorticated)"
6890,"Seeds, sunflower seed kernels from shell, dry roasted, with salt added"
6891,"Seeds, sunflower seed kernels, dry roasted, with salt added"
6892,"Nuts, almonds, oil roasted, with salt added"
6893,"Nuts, almonds, oil roasted, with salt added, smoke flavor"
6894,"Nuts, cashew nuts, dry roasted, with salt added"
6895,"Nuts, cashew nuts, oil roasted, with salt added"
6896,"Nuts, mixed nuts, oil roasted, without peanuts, with salt added"
6897,"Nuts, pecans, dry roasted, with salt added"
6898,"Nuts, pecans, oil roasted, with salt added"
6899,"Nuts, pistachio nuts, dry roasted, with salt added"
6900,"Nuts, mixed nuts, oil roasted, with peanuts, lightly salted"
6901,"Nuts, mixed nuts, oil roasted, without peanuts, lightly salted"
6902,"Beef, grass-fed, strip steaks, lean only, raw"
6903,"Beef, carcass, separable lean and fat, choice, raw"
6904,"Beef, carcass, separable lean and fat, select, raw"
6905,"Beef, brisket, flat half, separable lean and fat, trimmed to 1/8"" fat, select, cooked, braised"
6906,"Beef, flank, steak, separable lean and fat, trimmed to 0"" fat, choice, raw"
6907,"Beef, flank, steak, separable lean and fat, trimmed to 0"" fat, choice, cooked, braised"
6908,"Beef, flank, steak, separable lean and fat, trimmed to 0"" fat, choice, cooked, broiled"
6909,"Beef, rib, eye, small end (ribs 10-12), separable lean and fat, trimmed to 0"" fat, choice, cooked, broiled"
6910,"Beef, rib, eye, small end (ribs 10-12), separable lean only, trimmed to 0"" fat, choice, raw"
6911,"Beef, rib, eye, small end (ribs 10-12), separable lean only, trimmed to 0"" fat, choice, cooked, broiled"
6912,"Beef, rib, shortribs, separable lean and fat, choice, raw"
6913,"Beef, brisket, flat half, separable lean and fat, trimmed to 0"" fat, choice, cooked, braised"
6914,"Beef, shank crosscuts, separable lean only, trimmed to 1/4"" fat, choice, raw"
6915,"Beef, shank crosscuts, separable lean only, trimmed to 1/4"" fat, choice, cooked, simmered"
6916,"Beef, short loin, porterhouse steak, separable lean only, trimmed to 1/8"" fat, choice, raw"
6917,"Beef, chuck, under blade pot roast, boneless, separable lean only, trimmed to 0"" fat, all grades, cooked, braised"
6918,"Beef, chuck, under blade pot roast or steak, boneless, separable lean only, trimmed to 0"" fat, all grades, raw"
6919,"Beef, chuck, under blade pot roast or steak, boneless, separable lean only, trimmed to 0"" fat, choice, raw"
6920,"Beef, ground, patties, frozen, cooked, broiled"
6921,"Beef, variety meats and by-products, heart, cooked, simmered"
6922,"Beef, variety meats and by-products, kidneys, raw"
6923,"Beef, variety meats and by-products, kidneys, cooked, simmered"
6924,"Beef, variety meats and by-products, liver, raw"
6925,"Beef, variety meats and by-products, pancreas, raw"
6926,"Beef, variety meats and by-products, pancreas, cooked, braised"
6927,"Beef, variety meats and by-products, spleen, raw"
6928,"Beef, loin, top loin steak, boneless, lip off, separable lean only, trimmed to 0"" fat, choice, cooked, grilled"
6929,"Beef, loin, top loin steak, boneless, lip off, separable lean only, trimmed to 0"" fat, select, cooked, grilled"
6930,"Beef, top sirloin, steak, separable lean and fat, trimmed to 0"" fat, all grades, cooked, broiled"
6931,"Beef, top sirloin, steak, separable lean and fat, trimmed to 0"" fat, choice, cooked, broiled"
6932,"Beef, short loin, porterhouse steak, separable lean and fat, trimmed to 0"" fat, all grades, cooked, broiled"
6933,"Beef, short loin, porterhouse steak, separable lean and fat, trimmed to 0"" fat, USDA choice, cooked, broiled"
6934,"Beef, short loin, porterhouse steak, separable lean and fat, trimmed to 0"" fat, USDA select, cooked, broiled"
6935,"Beef, short loin, porterhouse steak, separable lean only, trimmed to 1/8"" fat, all grades, raw"
6936,"Beef, short loin, porterhouse steak, separable lean only, trimmed to 0"" fat, select, cooked, broiled"
6937,"Beef, short loin, t-bone steak, separable lean and fat, trimmed to 0"" fat, all grades, cooked, broiled"
6938,"Beef, short loin, t-bone steak, separable lean and fat, trimmed to 0"" fat, USDA choice, cooked, broiled"
6939,"Beef, short loin, t-bone steak, separable lean and fat, trimmed to 0"" fat, USDA select, cooked, broiled"
6940,"Beef, short loin, t-bone steak, bone-in, separable lean only, trimmed to 1/8"" fat, select, cooked, grilled"
6941,"Beef, short loin, t-bone steak, separable lean only, trimmed to 0"" fat, select, cooked, broiled"
6942,"Beef, brisket, flat half, separable lean only, trimmed to 0"" fat, select, cooked, braised"
6943,"Beef, round, tip round, roast, separable lean and fat, trimmed to 0"" fat, all grades, raw"
6944,"Beef, round, top round steak, boneless, separable lean only, trimmed to 0"" fat, choice, cooked, grilled"
6945,"Beef, round, top round steak, boneless, separable lean only, trimmed to 0"" fat, select, cooked, grilled"
6946,"Beef, ground, 70% lean meat / 30% fat, crumbles, cooked, pan-browned"
6947,"Beef, ground, 70% lean meat / 30% fat, loaf, cooked, baked"
6948,"Beef, shoulder top blade steak, boneless, separable lean only, trimmed to 0"" fat, choice, cooked, grilled"
6949,"Beef, shoulder top blade steak, boneless, separable lean only, trimmed to 0"" fat, select, cooked, grilled"
6950,"Beef, shoulder top blade steak, boneless, separable lean only, trimmed to 0"" fat, all grades, raw"
6951,"Beef, shoulder top blade steak, boneless, separable lean only, trimmed to 0"" fat, choice, raw"
6952,"Beef, shoulder top blade steak, boneless, separable lean and fat, trimmed to 0"" fat, all grades, cooked, grilled"
6953,"Beef, shoulder pot roast or steak, boneless, separable lean only, trimmed to 0"" fat, all grades, raw"
6954,"Beef, shoulder pot roast or steak, boneless, separable lean only, trimmed to 0"" fat, choice, raw"
6955,"Beef, shoulder pot roast or steak, boneless, separable lean only, trimmed to 0"" fat, select, raw"
6956,"Beef, composite of trimmed retail cuts, separable lean and fat, trimmed to 1/8"" fat, all grades, raw"
6957,"Beef, composite of trimmed retail cuts, separable lean and fat, trimmed to 1/8"" fat, all grades, cooked"
6958,"Beef, composite of trimmed retail cuts, separable lean and fat, trimmed to 1/8"" fat, choice, raw"
6959,"Beef, composite of trimmed retail cuts, separable lean and fat, trimmed to 1/8"" fat, choice, cooked"
6960,"Beef, composite of trimmed retail cuts, separable lean and fat, trimmed to 1/8"" fat, select, raw"
6961,"Beef, brisket, flat half, separable lean and fat, trimmed to 1/8"" fat, all grades, cooked, braised"
6962,"Beef, brisket, point half, separable lean and fat, trimmed to 1/8"" fat, all grades, raw"
6963,"Beef, brisket, point half, separable lean and fat, trimmed to 1/8"" fat, all grades, cooked, braised"
6964,"Beef, chuck, arm pot roast, separable lean and fat, trimmed to 1/8"" fat, all grades, raw"
6965,"Beef, chuck, arm pot roast, separable lean and fat, trimmed to 1/8"" fat, select, cooked, braised"
6966,"Beef, chuck, blade roast, separable lean and fat, trimmed to 1/8"" fat, all grades, raw"
6967,"Beef, chuck, blade roast, separable lean and fat, trimmed to 1/8"" fat, all grades, cooked, braised"
6968,"Beef, chuck, blade roast, separable lean and fat, trimmed to 1/8"" fat, choice, raw"
6969,"Beef, chuck eye roast, boneless, America's Beef Roast, separable lean only, trimmed to 0"" fat, choice, cooked, roasted"
6970,"Beef, chuck eye roast, boneless, America's Beef Roast, separable lean only, trimmed to 0"" fat, select, cooked, roasted"
6971,"Beef, rib, whole (ribs 6-12), separable lean and fat, trimmed to 1/8"" fat, all grades, raw"
6972,"Beef, rib, whole (ribs 6-12), separable lean and fat, trimmed to 1/8"" fat, all grades, cooked, broiled"
6973,"Beef, rib, whole (ribs 6-12), separable lean and fat, trimmed to 1/8"" fat, all grades, cooked, roasted"
6974,"Beef, rib, whole (ribs 6-12), separable lean and fat, trimmed to 1/8"" fat, select, cooked, broiled"
6975,"Beef, rib, whole (ribs 6-12), separable lean and fat, trimmed to 1/8"" fat, select, cooked, roasted"
6976,"Beef, rib, whole (ribs 6-12), separable lean and fat, trimmed to 1/8"" fat, prime, raw"
6977,"Beef, rib, whole (ribs 6-12), separable lean and fat, trimmed to 1/8"" fat, prime, cooked, broiled"
6978,"Beef, rib, large end (ribs 6-9), separable lean and fat, trimmed to 1/8"" fat, choice, raw"
6979,"Beef, rib, large end (ribs 6-9), separable lean and fat, trimmed to 1/8"" fat, choice, cooked, broiled"
6980,"Beef, rib, large end (ribs 6-9), separable lean and fat, trimmed to 1/8"" fat, choice, cooked, roasted"
6981,"Beef, rib, large end (ribs 6-9), separable lean and fat, trimmed to 1/8"" fat, select, raw"
6982,"Beef, rib, small end (ribs 10-12), separable lean and fat, trimmed to 1/8"" fat, all grades, raw"
6983,"Beef, rib, small end (ribs 10-12), separable lean and fat, trimmed to 1/8"" fat, all grades, cooked, broiled"
6984,"Beef, rib, small end (ribs 10-12), separable lean and fat, trimmed to 1/8"" fat, all grades, cooked, roasted"
6985,"Beef, rib, small end (ribs 10-12), separable lean and fat, trimmed to 1/8"" fat, choice, raw"
6986,"Beef, rib, small end (ribs 10-12), separable lean and fat, trimmed to 1/8"" fat, select, cooked, roasted"
6987,"Beef, rib, small end (ribs 10-12), separable lean and fat, trimmed to 1/8"" fat, prime, raw"
6988,"Beef, rib, small end (ribs 10-12), separable lean and fat, trimmed to 1/8"" fat, prime, cooked, broiled"
6989,"Beef, rib, small end (ribs 10-12), separable lean and fat, trimmed to 1/8"" fat, prime, cooked, roasted"
6990,"Beef, round, full cut, separable lean and fat, trimmed to 1/8"" fat, select, raw"
6991,"Beef, round, full cut, separable lean and fat, trimmed to 1/8"" fat, select, cooked, broiled"
6992,"Beef, round, bottom round, steak, separable lean and fat, trimmed to 1/8"" fat, all grades, raw"
6993,"Beef, round, bottom round, steak, separable lean and fat, trimmed to 1/8"" fat, all grades, cooked, braised"
6994,"Beef, round, bottom round, steak, separable lean and fat, trimmed to 1/8"" fat, select, cooked, braised"
6995,"Beef, round, bottom round, roast, separable lean and fat, trimmed to 1/8"" fat, select, cooked, roasted"
6996,"Beef, round, eye of round, roast, separable lean and fat, trimmed to 1/8"" fat, all grades, raw"
6997,"Beef, round, eye of round, roast, separable lean and fat, trimmed to 1/8"" fat, all grades, cooked, roasted"
6998,"Beef, round, tip round, separable lean and fat, trimmed to 1/8"" fat, all grades, raw"
6999,"Beef, round, tip round, roast, separable lean and fat, trimmed to 1/8"" fat, all grades, cooked, roasted"
7000,"Beef, round, tip round, separable lean and fat, trimmed to 1/8"" fat, choice, raw"
7001,"Beef, round, tip round, roast, separable lean and fat, trimmed to 1/8"" fat, choice, cooked, roasted"
7002,"Beef, round, top round, steak, separable lean and fat, trimmed to 1/8"" fat, all grades, raw"
7003,"Beef, round, top round, separable lean and fat, trimmed to 1/8"" fat, all grades, cooked, braised"
7004,"Beef, round, top round steak, separable lean and fat, trimmed to 1/8"" fat, all grades, cooked, broiled"
7005,"Beef, round, top round, steak, separable lean and fat, trimmed to 1/8"" fat, choice, raw"
7006,"Beef, round, top round, steak, separable lean and fat, trimmed to 1/8"" fat, select, cooked, broiled"
7007,"Beef, round, top round, separable lean and fat, trimmed to 1/8"" fat, prime, raw"
7008,"Beef, round, top round, steak, separable lean and fat, trimmed to 1/8"" fat, prime, cooked, broiled"
7009,"Beef, shoulder top blade steak, boneless, separable lean and fat, trimmed to 0"" fat, select, raw"
7010,"Beef, short loin, t-bone steak, separable lean and fat, trimmed to 1/8"" fat, choice, cooked, grilled"
7011,"Beef, short loin, top loin, steak, separable lean and fat, trimmed to 1/8"" fat, all grades, raw"
7012,"Beef, loin, top loin, separable lean and fat, trimmed to 1/8"" fat, all grades, cooked, grilled"
7013,"Beef, loin, top loin, separable lean and fat, trimmed to 1/8"" fat, choice, raw"
7014,"Beef, short loin, top loin, separable lean and fat, trimmed to 1/8"" fat, prime, cooked, broiled"
7015,"Beef, tenderloin, steak, separable lean and fat, trimmed to 1/8"" fat, all grades, raw"
7016,"Beef, tenderloin, steak, separable lean and fat, trimmed to 1/8"" fat, all grades, cooked, broiled"
7017,"Beef, tenderloin, roast, separable lean and fat, trimmed to 1/8"" fat, all grades, cooked, roasted"
7018,"Beef, tenderloin, steak, separable lean and fat, trimmed to 1/8"" fat, choice, raw"
7019,"Beef, tenderloin, roast, separable lean and fat, trimmed to 1/8"" fat, select, cooked, roasted"
7020,"Beef, tenderloin, separable lean and fat, trimmed to 1/8"" fat, prime, raw"
7021,"Beef, tenderloin, steak, separable lean and fat, trimmed to 1/8"" fat, prime, cooked, broiled"
7022,"Beef, tenderloin, roast, separable lean and fat, trimmed to 1/8"" fat, prime, cooked, roasted"
7023,"Beef, top sirloin, steak, separable lean and fat, trimmed to 1/8"" fat, choice, cooked, pan-fried"
7024,"Beef, top sirloin, steak, separable lean and fat, trimmed to 1/8"" fat, select, raw"
7025,"Beef, top sirloin, steak, separable lean and fat, trimmed to 1/8"" fat, select, cooked, broiled"
7026,"Beef, chuck, clod roast, separable lean only, trimmed to 0"" fat, choice, cooked, roasted"
7027,"Beef, flank, steak, separable lean and fat, trimmed to 0"" fat, select, cooked, broiled"
7028,"Beef, brisket, flat half, separable lean and fat, trimmed to 0"" fat, select, cooked, braised"
7029,"Beef, rib eye, small end (ribs 10-12), separable lean and fat, trimmed to 0"" fat, select, cooked, broiled"
7030,"Beef, rib eye, small end (ribs 10-12), separable lean and fat, trimmed to 0"" fat, all grades, cooked, broiled"
7031,"Beef, bottom sirloin, tri-tip roast, separable lean and fat, trimmed to 0"" fat, all grades, cooked, roasted"
7032,"Beef, bottom sirloin, tri-tip roast, separable lean and fat, trimmed to 0"" fat, select, raw"
7033,"Beef, round, top round steak, boneless, separable lean and fat, trimmed to 0"" fat, all grades, cooked, grilled"
7034,"Beef, chuck, mock tender steak, separable lean only, trimmed to 0"" fat, choice, cooked, broiled"
7035,"Beef, chuck, mock tender steak, separable lean only, trimmed to 0"" fat, select, cooked, broiled"
7036,"Beef, flank, steak, separable lean and fat, trimmed to 0"" fat, all grades, raw"
7037,"Beef, flank, steak, separable lean and fat, trimmed to 0"" fat, select, raw"
7038,"Beef, chuck eye roast, boneless, America's Beef Roast, separable lean only, trimmed to 0"" fat, all grades, raw"
7039,"Beef, chuck eye roast, boneless, America's Beef Roast, separable lean only, trimmed to 0"" fat, choice, raw"
7040,"Beef, chuck, short ribs, boneless, separable lean only, trimmed to 0"" fat, choice, cooked, braised"
7041,"Beef, chuck, short ribs, boneless, separable lean only, trimmed to 0"" fat, select, cooked, braised"
7042,"Beef, chuck, short ribs, boneless, separable lean only, trimmed to 0"" fat, all grades, cooked, braised"
7043,"Beef, brisket, flat half, boneless, separable lean and fat, trimmed to 0"" fat, select, raw"
7044,"Beef, loin, bottom sirloin butt, tri-tip roast, separable lean only, trimmed to 0"" fat, all grades, cooked, roasted"
7045,"Alcoholic beverage, daiquiri, canned"
7046,"Alcoholic beverage, daiquiri, prepared-from-recipe"
7047,"Alcoholic beverage, beer, light, low carb"
7048,"Candies, milk chocolate coated raisins"
7049,"Syrups, table blends, pancake, reduced-calorie"
7050,"Syrups, table blends, pancake"
7051,"Candies, truffles, prepared-from-recipe"
7052,"Candies, peanut bar"
7053,"Candies, peanut brittle, prepared-from-recipe"
7054,"Candies, sesame crunch"
7055,"Cocoa, dry powder, unsweetened"
7056,"Cocoa, dry powder, unsweetened, processed with alkali"
7057,"Desserts, egg custard, baked, prepared-from-recipe"
7058,"Gelatin desserts, dry mix, prepared with water"
7059,"Gelatin desserts, dry mix, reduced calorie, with aspartame"
7060,"Gelatin desserts, dry mix, reduced calorie, with aspartame, prepared with water"
7061,"Gelatins, dry powder, unsweetened"
7062,"Puddings, chocolate, dry mix, instant, prepared with whole milk"
7063,"Desserts, apple crisp, prepared-from-recipe"
7064,"Flan, caramel custard, dry mix"
7065,"Puddings, chocolate, dry mix, regular"
7066,"Puddings, chocolate, dry mix, regular, prepared with whole milk"
7067,"Puddings, rice, dry mix, prepared with whole milk"
7068,"Puddings, tapioca, dry mix"
7069,"Puddings, tapioca, dry mix, prepared with whole milk"
7070,"Puddings, vanilla, ready-to-eat"
7071,"Puddings, vanilla, dry mix, regular"
7072,"Puddings, vanilla, dry mix, regular, prepared with whole milk"
7073,"Puddings, rice, dry mix, prepared with 2% milk"
7074,"Puddings, tapioca, dry mix, prepared with 2% milk"
7075,"Frozen novelties, ice type, fruit, no sugar added"
7076,"Puddings, tapioca, ready-to-eat"
7077,"Puddings, coconut cream, dry mix, regular, prepared with 2% milk"
7078,"Desserts, rennin, chocolate, dry mix"
7079,"Rennin, chocolate, dry mix, prepared with whole milk"
7080,"Frostings, coconut-nut, ready-to-eat"
7081,"Frostings, cream cheese-flavor, ready-to-eat"
7082,"Frostings, vanilla, creamy, ready-to-eat"
7083,"Flan, caramel custard, dry mix, prepared with 2% milk"
7084,"Frostings, chocolate, creamy, dry mix"
7085,"Frostings, white, fluffy, dry mix, prepared with water"
7086,"Ice creams, vanilla, light, no sugar added"
7087,"Frozen novelties, fruit and juice bars"
7088,"Ice creams, chocolate, light, no sugar added"
7089,"Candies, dark chocolate coated coffee beans"
7090,"Snacks, fruit leather, pieces, with vitamin C"
7091,"Candies, milk chocolate coated coffee beans"
7092,"Frozen novelties, ice type, lime"
7093,Honey
7094,Jams and preserves
7095,Jellies
7096,"Puddings, banana, dry mix, instant"
7097,"Puddings, banana, dry mix, instant, prepared with whole milk"
7098,"Puddings, banana, dry mix, regular"
7099,"Puddings, lemon, dry mix, instant"
7100,"Sugars, granulated"
7101,"Sugars, powdered"
7102,"Sugars, maple"
7103,"Syrups, corn, high-fructose"
7104,"Syrups, malt"
7105,"Syrups, maple"
7106,"Syrups, sorghum"
7107,"Toppings, marshmallow cream"
7108,"Toppings, pineapple"
7109,"Toppings, nuts in syrup"
7110,"Frostings, glaze, prepared-from-recipe"
7111,"Candies, fudge, chocolate marshmallow, prepared-from-recipe"
7112,"Candies, taffy, prepared-from-recipe"
7113,"Candies, toffee, prepared-from-recipe"
7114,"Snacks, cornnuts, barbecue-flavor"
7115,"Snacks, crisped rice bar, almond"
7116,"Snacks, granola bars, soft, uncoated, chocolate chip"
7117,"Snacks, granola bars, soft, uncoated, chocolate chip, graham and marshmallow"
7118,"Snacks, granola bars, soft, uncoated, nut and raisin"
7119,"Snacks, potato chips, plain, salted"
7120,"Snacks, potato chips, made from dried potatoes, cheese-flavor"
7121,"Snacks, rice cakes, brown rice, corn"
7122,"Snacks, rice cakes, brown rice, multigrain"
7123,"Snacks, granola bars, hard, peanut butter"
7124,"Snacks, potato chips, cheese-flavor"
7125,"Snacks, potato chips, reduced fat"
7126,"Snacks, potato chips, fat-free, made with olestra"
7127,"Popcorn, sugar syrup/caramel, fat-free"
7128,"Snacks, potato chips, fat free, salted"
7129,"Candies, semisweet chocolate, made with butter"
7130,"Gelatin desserts, dry mix, with added ascorbic acid, sodium-citrate and salt"
7131,"Gelatin desserts, dry mix, reduced calorie, with aspartame, added phosphorus, potassium, sodium, vitamin C"
7132,"Gelatin desserts, dry mix, reduced calorie, with aspartame, no added sodium"
7133,"Corn flour, masa, enriched, white"
7134,"Corn flour, yellow, degermed, unenriched"
7135,"Corn flour, masa, unenriched, white"
7136,"Cornmeal, whole-grain, yellow"
7137,Cornstarch
7138,"Couscous, dry"
7139,"Couscous, cooked"
7140,"Hominy, canned, white"
7141,"Millet, raw"
7142,"Rice, brown, long-grain, raw (Includes foods for USDA's Food Distribution Program)"
7143,"Rice, brown, long-grain, cooked (Includes foods for USDA's Food Distribution Program)"
7144,Oats (Includes foods for USDA's Food Distribution Program)
7145,"Rice, brown, medium-grain, raw (Includes foods for USDA's Food Distribution Program)"
7146,"Rice, white, long-grain, parboiled, enriched, dry"
7147,"Rice, white, long-grain, parboiled, enriched, cooked"
7148,"Rice, white, long-grain, precooked or instant, enriched, dry"
7149,"Rice, white, long-grain, precooked or instant, enriched, prepared"
7150,"Rice, white, glutinous, unenriched, cooked"
7151,"Rice, white, steamed, Chinese restaurant"
7152,"Rice bran, crude"
7153,"Rice flour, white, unenriched"
7154,"Semolina, enriched"
7155,Sorghum grain
7156,"Tapioca, pearl, dry"
7157,Triticale
7158,"Wheat, hard white"
7159,"Wheat, soft white"
7160,"Wheat, durum"
7161,"Wheat bran, crude"
7162,"Wheat flour, white, cake, enriched"
7163,"Wheat flour, white, tortilla mix, enriched"
7164,"Wheat, sprouted"
7165,"Wild rice, raw"
7166,"Pasta, fresh-refrigerated, plain, as purchased"
7167,"Pasta, fresh-refrigerated, plain, cooked"
7168,"Pasta, fresh-refrigerated, spinach, as purchased"
7169,"Pasta, fresh-refrigerated, spinach, cooked"
7170,"Noodles, egg, dry, enriched"
7171,"Noodles, egg, enriched, cooked"
7172,"Noodles, egg, spinach, enriched, dry"
7173,"Noodles, egg, spinach, enriched, cooked"
7174,"Noodles, flat, crunchy, Chinese restaurant"
7175,"Pasta, dry, enriched"
7176,"Pasta, cooked, enriched, without added salt"
7177,"Pasta, whole-wheat, dry (Includes foods for USDA's Food Distribution Program)"
7178,Barley flour or meal
7179,Barley malt flour
7180,"Oat flour, partially debranned"
7181,"Rice noodles, dry"
7182,"Wheat, KAMUT khorasan, uncooked"
7183,"Wheat, KAMUT khorasan, cooked"
7184,"Spelt, uncooked"
7185,"Spelt, cooked"
7186,"Teff, uncooked"
7187,"Corn flour, whole-grain, white"
7188,"Corn flour, yellow, masa, enriched"
7189,"Cornmeal, whole-grain, white"
7190,"Pasta, cooked, enriched, with added salt"
7191,"Hominy, canned, yellow"
7192,"Rice, white, long-grain, regular, cooked, enriched, with salt"
7193,"Wheat flour, white, all-purpose, enriched, calcium-fortified"
7194,"Noodles, egg, dry, unenriched"
7195,"Rice, white, long-grain, regular, raw, unenriched"
7196,"Rice, white, long-grain, regular, unenriched, cooked without salt"
7197,"Rice, white, long-grain, parboiled, unenriched, dry"
7198,"Rice, white, long-grain, parboiled, unenriched, cooked"
7199,"Rice, white, medium-grain, raw, unenriched"
7200,"Wheat flour, white, all-purpose, unenriched"
7201,"Noodles, egg, cooked, unenriched, with added salt"
7202,"Potatoes, yellow fleshed, roasted, salt added in processing, frozen, unprepared"
7203,"Potatoes, yellow fleshed, french fried, frozen, unprepared"
7204,"Ginger root, pickled, canned, with artificial sweetener"
7205,"Peppers, hot pickled, canned"
7206,"Potatoes, mashed, ready-to-eat"
7207,"Macaroni and cheese, box mix with cheese sauce, unprepared"
7208,"Macaroni and cheese, box mix with cheese sauce, prepared"
7209,"Taquitos, frozen, chicken and cheese, oven-heated"
7210,"Taquitos, frozen, beef and cheese, oven-heated"
7211,"Potsticker or wonton, pork and vegetable, frozen, unprepared"
7212,"Macaroni or noodles with cheese, made from reduced fat packaged mix, unprepared"
7213,"Turnover, cheese-filled, tomato-based sauce, frozen, unprepared"
7214,"Macaroni or noodles with cheese, microwaveable, unprepared"
7215,"Spanish rice mix, dry mix, prepared (with canola/vegetable oil blend or diced tomatoes and margarine)"
7216,"Rice mix, cheese flavor, dry mix, unprepared"
7217,"Dumpling, potato- or cheese-filled, frozen"
7218,"Turnover, chicken- or turkey-, and vegetable-filled, reduced fat, frozen"
7219,"Sausage, egg and cheese breakfast biscuit"
7220,"Bear, black, meat (Alaska Native)"
7221,"Bear, polar, meat, raw (Alaska Native)"
7222,"Whale, beluga, meat, dried (Alaska Native)"
7223,"Whale, beluga, eyes (Alaska Native)"
7224,"Whale, beluga, meat, raw (Alaska Native)"
7225,"Fish, blackfish, whole (Alaska Native)"
7226,"Blueberries, wild, frozen (Alaska Native)"
7227,"Caribou, bone marrow, raw (Alaska Native)"
7228,"Caribou, eye, raw (Alaska Native)"
7229,"Cloudberries, raw (Alaska Native)"
7230,"Cockles, raw (Alaska Native)"
7231,"Cranberries, wild, bush, raw (Alaska Native)"
7232,"Cranberry, low bush or lingenberry, raw (Alaska Native)"
7233,"Fish, herring eggs, Pacific, plain (Alaska Native)"
7234,"Fish, herring, Pacific, flesh, air-dried, packed in oil (Alaska Native)"
7235,"Huckleberries, raw (Alaska Native)"
7236,"Fish, lingcod, meat, raw (Alaska Native)"
7237,"Fish, lingcod, liver (Alaska Native)"
7238,"Tennis Bread, plain (Apache)"
7239,"Fish, halibut, cooked, with skin (Alaska Native)"
7240,"Salmon, red (sockeye), filets with skin, smoked (Alaska Native)"
7241,"Agave, raw (Southwest)"
7242,"Lambsquarters, steamed (Northern Plains Indians)"
7243,"Prickly pears, raw (Northern Plains Indians)"
7244,"Prickly pears, broiled (Northern Plains Indians)"
7245,"Prairie Turnips, raw (Northern Plains Indians)"
7246,"Stinging Nettles, blanched (Northern Plains Indians)"
7247,"Plums, wild (Northern Plains Indians)"
7248,"Pinon Nuts, roasted (Navajo)"
7249,"Caribou, hind quarter, meat, cooked (Alaska Native)"
7250,"Agutuk, fish with shortening (Alaskan ice cream) (Alaska Native)"
7251,"Sea lion, Steller, meat with fat (Alaska Native)"
7252,"Sea lion, Steller, fat (Alaska Native)"
7253,"Wocas, dried seeds, Oregon, yellow pond lily (Klamath)"
7254,"Hazelnuts, beaked (Northern Plains Indians)"
7255,"Tea, herbal, brewed, Hohoysi (Hopi)"
7256,"Tortilla, blue corn, Sakwavikaviki (Hopi)"
7257,"Bread, blue corn, somiviki (Hopi)"
7258,"Restaurant, family style, french fries"
7259,"Restaurant, family style, chicken fingers, from kid's menu"
7260,"Restaurant, family style, shrimp, breaded and fried"
7261,"Restaurant, family style, macaroni & cheese, from kids' menu"
7262,"Restaurant, family style, fish fillet, battered or breaded, fried"
7263,"Restaurant, family style, chicken tenders"
7264,"Restaurant, family style, hash browns"
7265,"Restaurant, Mexican, cheese enchilada"
7266,"Restaurant, Mexican, cheese tamales"
7267,"Margarine-like, vegetable oil spread, stick or tub, sweetened"
7268,"Snacks, popcorn, home-prepared, oil-popped, unsalted"
7269,"Snacks, granola bar, with coconut, chocolate coated"
7270,"Babyfood, vegetable and brown rice, strained"
7271,"Babyfood, peas and brown rice"
7272,"Frankfurter, meat and poultry, low fat"
7273,"Oil, corn and canola"
7274,"Milk, fluid, nonfat, calcium fortified (fat free or skim)"
7275,"Peanut butter, reduced sodium"
7276,"Babyfood, carrots, toddler"
7277,"Babyfood, dessert, banana pudding, strained"
7278,"Babyfood, fruit, tutti frutti, strained"
7279,"Babyfood, fruit, tutti frutti, junior"
7280,"Salad dressing, sweet and sour"
7281,"Salad dressing, blue or roquefort cheese, low calorie"
7282,"Salad dressing, caesar, low calorie"
7283,"Syrups, sugar free"
7284,"Jellies, no sugar (with sodium saccharin), any flavors"
7285,"Candies, hard, dietetic or low calorie (sorbitol)"
7286,"Candies, chocolate covered, low sugar or low calorie"
7287,"Chewing gum, sugarless"
7288,"Fluid replacement, electrolyte solution (include PEDIALYTE)"
7289,"Vermicelli, made from soy"
7290,"Beans, liquid from stewed kidney beans"
7291,"Chicken, meatless"
7292,"Frankfurter, meatless"
7293,Vegetarian meatloaf or patties
7294,"Radishes, hawaiian style, pickled"
7295,"Cabbage, japanese style, fresh, pickled"
7296,"Cabbage, mustard, salted"
7297,"Eggplant, pickled"
7298,"Bacon bits, meatless"
7299,"Butter replacement, without fat, powder"
7300,"Salad dressing, buttermilk, lite"
7301,"Sweeteners, tabletop, fructose, dry, powder"
7302,"Beverage, instant breakfast powder, chocolate, sugar-free, not reconstituted"
7303,"Yogurt, fruit variety, nonfat"
7304,"Whipped cream substitute, dietetic, made from powdered mix"
7305,"Frozen novelties, ice cream type, sundae, prepackaged"
7306,"Cheese, american cheddar, imitation"
7307,"Quail, cooked, total edible"
7308,"Pheasant, cooked, total edible"
7309,"Eggs, scrambled, frozen mixture"
7310,"Dove, cooked (includes squab)"
7311,"Pork, cured, ham, boneless, low sodium, extra lean and regular, roasted"
7312,"Longans, dried"
7313,"Loquats, raw"
7314,"Mammy-apple, (mamey), raw"
7315,"Mangos, raw"
7316,"Melons, honeydew, raw"
7317,"Melon balls, frozen"
7318,"Mulberries, raw"
7319,"Nectarines, raw"
7320,"Oheloberries, raw"
7321,"Oranges, raw, California, valencias"
7322,"Oranges, raw, navels (Includes foods for USDA's Food Distribution Program)"
7323,"Oranges, raw, Florida"
7324,"Oranges, raw, with peel"
7325,"Orange juice, chilled, includes from concentrate, with added calcium"
7326,"Orange juice, frozen concentrate, unsweetened, diluted with 3 volume water, with added calcium"
7327,"Orange juice, frozen concentrate, unsweetened, undiluted, with added calcium"
7328,"Orange juice, frozen concentrate, unsweetened, undiluted"
7329,"Tangerines, (mandarin oranges), canned, light syrup pack"
7330,"Tangerine juice, raw"
7331,"Papayas, raw"
7332,"Papaya, canned, heavy syrup, drained"
7333,"Peaches, yellow, raw"
7334,"Peaches, canned, water pack, solids and liquids"
7335,"Peaches, canned, juice pack, solids and liquids"
7336,"Peaches, canned, extra light syrup, solids and liquids (Includes foods for USDA's Food Distribution Program)"
7337,"Peaches, dehydrated (low-moisture), sulfured, uncooked"
7338,"Peaches, dehydrated (low-moisture), sulfured, stewed"
7339,"Peaches, dried, sulfured, uncooked"
7340,"Peaches, dried, sulfured, stewed, without added sugar"
7341,"Pears, canned, juice pack, solids and liquids"
7342,"Pears, canned, extra light syrup pack, solids and liquids (Includes foods for USDA's Food Distribution Program)"
7343,"Pears, canned, light syrup pack, solids and liquids"
7344,"Pears, canned, heavy syrup pack, solids and liquids"
7345,"Pear nectar, canned, without added ascorbic acid"
7346,"Persimmons, japanese, raw"
7347,"Persimmons, japanese, dried"
7348,"Persimmons, native, raw"
7349,"Pineapple, canned, heavy syrup pack, solids and liquids"
7350,"Pineapple, canned, extra heavy syrup pack, solids and liquids"
7351,"Pineapple, frozen, chunks, sweetened"
7352,"Pineapple juice, canned or bottled, unsweetened, without added ascorbic acid"
7353,"Pineapple juice, frozen concentrate, unsweetened, undiluted"
7354,"Plums, raw"
7355,"Plums, canned, purple, water pack, solids and liquids"
7356,"Plums, canned, purple, juice pack, solids and liquids"
7357,"Plums, canned, purple, light syrup pack, solids and liquids"
7358,"Lima beans, immature seeds, frozen, fordhook, unprepared"
7359,"Lima beans, immature seeds, frozen, fordhook, cooked, boiled, drained, without salt"
7360,"Lima beans, immature seeds, frozen, baby, unprepared"
7361,"Lima beans, immature seeds, frozen, baby, cooked, boiled, drained, without salt"
7362,"Mung beans, mature seeds, sprouted, raw"
7363,"Beans, pinto, immature seeds, frozen, unprepared"
7364,"Beans, pinto, immature seeds, frozen, cooked, boiled, drained, without salt"
7365,"Beans, shellie, canned, solids and liquids"
7366,"Beans, snap, green, raw"
7367,"Beans, snap, green, frozen, all styles, unprepared (Includes foods for USDA's Food Distribution Program)"
7368,"Beans, snap, green, frozen, cooked, boiled, drained without salt"
7369,"Beans, snap, green, frozen, all styles, microwaved"
7370,"Beans, snap, green, microwaved"
7371,"Beets, canned, drained solids"
7372,"Broccoli, cooked, boiled, drained, without salt"
7373,"Broccoli, frozen, chopped, unprepared"
7374,"Broccoli, frozen, chopped, cooked, boiled, drained, without salt"
7375,"Broccoli, frozen, spears, unprepared (Includes foods for USDA's Food Distribution Program)"
7376,"Brussels sprouts, cooked, boiled, drained, without salt"
7377,"Brussels sprouts, frozen, unprepared"
7378,"Brussels sprouts, frozen, cooked, boiled, drained, without salt"
7379,"Burdock root, raw"
7380,"Cabbage, raw"
7381,"Cabbage, cooked, boiled, drained, without salt"
7382,"Cabbage, red, raw"
7383,"Cabbage, red, cooked, boiled, drained, without salt"
7384,"Cabbage, chinese (pe-tsai), raw"
7385,"Cabbage, chinese (pe-tsai), cooked, boiled, drained, without salt"
7386,"Cardoon, raw"
7387,"Cardoon, cooked, boiled, drained, without salt"
7388,"Carrots, frozen, unprepared (Includes foods for USDA's Food Distribution Program)"
7389,"Carrots, frozen, cooked, boiled, drained, without salt"
7390,"Cassava, raw"
7391,"Cauliflower, raw"
7392,"Celeriac, cooked, boiled, drained, without salt"
7393,"Celery, raw"
7394,"Celery, cooked, boiled, drained, without salt"
7395,"Celtuce, raw"
7396,"Chard, swiss, raw"
7397,"Chicory greens, raw"
7398,"Chicory roots, raw"
7399,"Chives, raw"
7400,"Chrysanthemum, garland, raw"
7401,"Collards, frozen, chopped, cooked, boiled, drained, without salt"
7402,"Coriander (cilantro) leaves, raw"
7403,"Corn, sweet, yellow, raw"
7404,"Corn, sweet, yellow, cooked, boiled, drained, without salt"
7405,"Onions, raw"
7406,"Onions, cooked, boiled, drained, without salt"
7407,"Onions, dehydrated flakes"
7408,"Onions, canned, solids and liquids"
7409,"Onions, yellow, sauteed"
7410,"Onions, spring or scallions (includes tops and bulb), raw"
7411,"Onions, young green, tops only"
7412,"Onions, welsh, raw"
7413,"Onions, sweet, raw"
7414,"Parsnips, cooked, boiled, drained, without salt"
7415,"Peas, edible-podded, raw"
7416,"Peas, edible-podded, boiled, drained, without salt"
7417,"Peas, edible-podded, frozen, unprepared"
7418,"Peas, green (includes baby and lesuer types), canned, drained solids, unprepared"
7419,"Peas, green, canned, seasoned, solids and liquids"
7420,"Peas, green, canned, drained solids, rinsed in tap water"
7421,"Peas, green, frozen, unprepared (Includes foods for USDA's Food Distribution Program)"
7422,"Peas, green, frozen, cooked, boiled, drained, without salt"
7423,"Peas and carrots, frozen, cooked, boiled, drained, without salt"
7424,"Peas and onions, canned, solids and liquids"
7425,"Peas and onions, frozen, unprepared"
7426,"Peas and onions, frozen, cooked, boiled, drained, without salt"
7427,"Peppers, sweet, green, frozen, chopped, unprepared"
7428,"Peppers, sweet, green, frozen, chopped, boiled, drained, without salt"
7429,"Peppers, sweet, green, sauteed"
7430,"Pigeonpeas, immature seeds, raw"
7431,"Potatoes, flesh and skin, raw"
7432,"Potatoes, russet, flesh and skin, raw (Includes foods for USDA's Food Distribution Program)"
7433,"Potatoes, white, flesh and skin, raw"
7434,"Potatoes, red, flesh and skin, raw"
7435,"Potatoes, Russet, flesh and skin, baked"
7436,"Potatoes, roasted, salt added in processing, frozen, unprepared"
7437,"Potatoes, raw, skin"
7438,"Potatoes, baked, flesh, without salt"
7439,"Potatoes, baked, skin, without salt"
7440,"Potatoes, microwaved, cooked in skin, skin, without salt"
7441,"Potatoes, hash brown, home-prepared"
7442,"Potatoes, mashed, home-prepared, whole milk and margarine added"
7443,"Potatoes, scalloped, home-prepared with butter"
7444,"Potatoes, mashed, dehydrated, granules without milk, dry form"
7445,"Potatoes, mashed, dehydrated, prepared from granules without milk, whole milk and butter added"
7446,"Potatoes, mashed, dehydrated, granules with milk, dry form"
7447,"Potatoes, mashed, dehydrated, prepared from granules with milk, water and margarine added"
7448,"Potatoes, hash brown, frozen, plain, unprepared"
7449,"Potatoes, hash brown, frozen, plain, prepared, pan fried in canola oil"
7450,"Potatoes, hash brown, frozen, with butter sauce, unprepared"
7451,"Potatoes, hash brown, frozen, with butter sauce, prepared"
7452,"Potato puffs, frozen, unprepared"
7453,"Potato puffs, frozen, oven-heated"
7454,"Potatoes, frozen, whole, cooked, boiled, drained, without salt"
7455,"Tomatoes, red, ripe, cooked"
7456,"Tomatoes, red, ripe, canned, packed in tomato juice"
7457,"Tomatoes, red, ripe, canned, stewed"
7458,"Tomatoes, red, ripe, canned, with green chilies"
7459,"Tomato products, canned, sauce"
7460,"Tomato products, canned, sauce, with mushrooms"
7461,"Tomato products, canned, sauce, with onions"
7462,"Tomato products, canned, sauce, with herbs and cheese"
7463,"Turnips, cooked, boiled, drained, without salt"
7464,"Turnips, frozen, unprepared"
7465,"Turnips, frozen, cooked, boiled, drained, without salt"
7466,"Turnip greens, raw"
7467,"Turnip greens and turnips, frozen, cooked, boiled, drained, without salt"
7468,"Vegetable juice cocktail, canned"
7469,"Vegetables, mixed, canned, solids and liquids"
7470,"Vegetables, mixed, canned, drained solids"
7471,"Waterchestnuts, chinese, (matai), raw"
7472,"Waterchestnuts, chinese, canned, solids and liquids"
7473,"Watercress, raw"
7474,"Waxgourd, (chinese preserving melon), raw"
7475,"Winged bean tuber, raw"
7476,"Yam, raw"
7477,"Yam, cooked, boiled, drained, or baked, without salt"
7478,"Yambean (jicama), raw"
7479,"Yambean (jicama), cooked, boiled, drained, without salt"
7480,"Chives, freeze-dried"
7481,"Dock, raw"
7482,"Dock, cooked, boiled, drained, without salt"
7483,"Eppaw, raw"
7484,"Beans, mung, mature seeds, sprouted, canned, drained solids"
7485,"Peppers, jalapeno, canned, solids and liquids"
7486,"Radishes, white icicle, raw"
7487,"Shallots, freeze-dried"
7488,"Sweet potato, canned, syrup pack, solids and liquids"
7489,"Sweet potato, canned, syrup pack, drained solids"
7490,"Tomato products, canned, sauce, spanish style"
7491,"Beans, pinto, mature seeds, sprouted, raw"
7492,"Beans, pinto, mature seeds, sprouted, cooked, boiled, drained, without salt"
7493,"Sweet potato, cooked, candied, home-prepared"
7494,"Tomatoes, red, ripe, cooked, stewed"
7495,"Seaweed, agar, dried"
7496,"Seaweed, spirulina, raw"
7497,Potato pancakes
7498,"Potatoes, baked, flesh and skin, without salt"
7499,"Potatoes, microwaved, cooked in skin, flesh and skin, without salt"
7500,"Radish seeds, sprouted, raw"
7501,"Tomatoes, yellow, raw"
7502,"Mushrooms, shiitake, cooked, with salt"
7503,"Okra, cooked, boiled, drained, with salt"
7504,"Okra, frozen, cooked, boiled, drained, with salt"
7505,"Onions, cooked, boiled, drained, with salt"
7506,"Onions, frozen, chopped, cooked, boiled, drained, with salt"
7507,"Peas, green, cooked, boiled, drained, with salt"
7508,"Peas, green, canned, no salt added, solids and liquids"
7509,"Peas, green, canned, no salt added, drained solids"
7510,"Peas, green, frozen, cooked, boiled, drained, with salt"
7511,"Peppers, hot chili, red, raw"
7512,"Peppers, hot chili, red, canned, excluding seeds, solids and liquids"
7513,"Peppers, sweet, red, raw"
7514,"Peppers, sweet, green, cooked, boiled, drained, with salt"
7515,"Peppers, sweet, red, cooked, boiled, drained, without salt"
7516,"Potatoes, baked, flesh and skin, with salt"
7517,"Potatoes, baked, flesh, with salt"
7518,"Potatoes, baked, skin only, with salt"
7519,"Potatoes, boiled, cooked in skin, flesh, with salt"
7520,"Potatoes, microwaved, cooked, in skin, skin with salt"
7521,"Potatoes, frozen, whole, cooked, boiled, drained, with salt"
7522,"Potatoes, frozen, french fried, par fried, cottage-cut, prepared, heated in oven, with salt"
7523,"Potatoes, french fried, all types, salt not added in processing, frozen, oven-heated"
7524,"Pumpkin, flowers, cooked, boiled, drained, with salt"
7525,"Pumpkin leaves, cooked, boiled, drained, with salt"
7526,"Purslane, cooked, boiled, drained, with salt"
7527,"Radishes, oriental, cooked, boiled, drained, with salt"
7528,"Spinach, canned, no salt added, solids and liquids"
7529,"Spinach, frozen, chopped or leaf, cooked, boiled, drained, with salt"
7530,"Squash, summer, all varieties, cooked, boiled, drained, with salt"
7531,"Squash, summer, crookneck and straightneck, cooked, boiled, drained, with salt"
7532,"Squash, winter, all varieties, cooked, baked, with salt"
7533,"Squash, winter, acorn, cooked, baked, with salt"
7534,"Squash, winter, acorn, cooked, boiled, mashed, with salt"
7535,"Squash, winter, butternut, cooked, baked, with salt"
7536,"Succotash, (corn and limas), frozen, cooked, boiled, drained, with salt"
7537,"Water convolvulus, cooked, boiled, drained, with salt"
7538,"Sweet potato leaves, cooked, steamed, with salt"
7539,"Sweet potato, cooked, baked in skin, flesh, with salt"
7540,"Taro, shoots, cooked, with salt"
7541,"Taro, tahitian, cooked, with salt"
7542,"Tomatoes, red, ripe, cooked, with salt"
7543,"Tomatoes, red, ripe, canned, packed in tomato juice, no salt added"
7544,"Turnip greens, cooked, boiled, drained, with salt"
7545,"Turnip greens, frozen, cooked, boiled, drained, with salt"
7546,"Turnip greens and turnips, frozen, cooked, boiled, drained, with salt"
7547,"Vegetables, mixed, frozen, cooked, boiled, drained, with salt"
7548,"Mushrooms, portabella, exposed to ultraviolet light, raw"
7549,"Seeds, breadfruit seeds, raw"
7550,"Seeds, breadfruit seeds, boiled"
7551,"Seeds, cottonseed flour, low fat (glandless)"
7552,"Seeds, cottonseed meal, partially defatted (glandless)"
7553,"Seeds, hemp seed, hulled"
7554,"Seeds, lotus seeds, dried"
7555,"Seeds, sesame seeds, whole, dried"
7556,"Seeds, sesame seeds, whole, roasted and toasted"
7557,"Seeds, sesame seed kernels, toasted, without salt added (decorticated)"
7558,"Seeds, sesame flour, partially defatted"
7559,"Seeds, sunflower seed kernels, toasted, without salt"
7560,"Seeds, sunflower seed butter, without salt"
7561,"Seeds, sunflower seed flour, partially defatted"
7562,"Nuts, acorns, raw"
7563,"Nuts, almonds, dry roasted, without salt added"
7564,"Nuts, almonds, oil roasted, without salt added"
7565,"Nuts, almond paste"
7566,"Nuts, beechnuts, dried"
7567,"Nuts, cashew nuts, raw"
7568,"Nuts, cashew butter, plain, without salt added"
7569,"Nuts, chestnuts, chinese, raw"
7570,"Nuts, chestnuts, chinese, dried"
7571,"Nuts, chestnuts, chinese, boiled and steamed"
7572,"Nuts, chestnuts, european, dried, peeled"
7573,"Nuts, chestnuts, european, boiled and steamed"
7574,"Nuts, coconut meat, raw"
7575,"Nuts, coconut meat, dried (desiccated), not sweetened"
7576,"Nuts, coconut cream, canned, sweetened"
7577,"Nuts, coconut milk, raw (liquid expressed from grated meat and water)"
7578,"Nuts, coconut milk, canned (liquid expressed from grated meat and water)"
7579,"Nuts, coconut water (liquid from coconuts)"
7580,"Nuts, ginkgo nuts, dried"
7581,"Nuts, ginkgo nuts, canned"
7582,"Nuts, hickorynuts, dried"
7583,"Nuts, macadamia nuts, raw"
7584,"Nuts, macadamia nuts, dry roasted, without salt added"
7585,"Nuts, formulated, wheat-based, unflavored, with salt added"
7586,"Nuts, pecans"
7587,"Nuts, pecans, dry roasted, without salt added"
7588,"Nuts, pistachio nuts, raw"
7589,"Nuts, pistachio nuts, dry roasted, without salt added"
7590,"Nuts, walnuts, black, dried"
7591,"Nuts, walnuts, english"
7592,"Seeds, pumpkin and squash seeds, whole, roasted, without salt"
7593,"Seeds, sesame butter, tahini, from roasted and toasted kernels (most common type)"
7594,"Nuts, chestnuts, european, roasted"
7595,"Seeds, sesame butter, paste"
7596,"Seeds, sesame flour, high-fat"
7597,"Beef, variety meats and by-products, suet, raw"
7598,"Beef, variety meats and by-products, thymus, raw"
7599,"Beef, variety meats and by-products, thymus, cooked, braised"
7600,"Beef, variety meats and by-products, tongue, raw"
7601,"Beef, cured, breakfast strips, raw or unheated"
7602,"Beef, cured, breakfast strips, cooked"
7603,"Beef, cured, corned beef, brisket, raw"
7604,"Beef, cured, corned beef, brisket, cooked"
7605,"Beef, chuck, under blade center steak, boneless, Denver Cut, separable lean only, trimmed to 0"" fat, choice, cooked, grilled"
7606,"Beef, cured, luncheon meat, jellied"
7607,"Beef, chuck, under blade center steak, boneless, Denver Cut, separable lean only, trimmed to 0"" fat, select, cooked, grilled"
7608,"Beef, cured, pastrami"
7609,"Beef, chuck, under blade center steak, boneless, Denver Cut, separable lean only, trimmed to 0"" fat, all grades, raw"
7610,"Beef, composite of trimmed retail cuts, separable lean and fat, trimmed to 0"" fat, choice, cooked"
7611,"Beef, composite of trimmed retail cuts, separable lean and fat, trimmed to 0"" fat, select, cooked"
7612,"Beef, composite of trimmed retail cuts, separable lean only, trimmed to 0"" fat, all grades, cooked"
7613,"Beef, composite of trimmed retail cuts, separable lean only, trimmed to 0"" fat, choice, cooked"
7614,"Beef, brisket, flat half, separable lean only, trimmed to 0"" fat, all grades, cooked, braised"
7615,"Beef, brisket, point half, separable lean and fat, trimmed to 0"" fat, all grades, cooked, braised"
7616,"Beef, brisket, point half, separable lean only, trimmed to 0"" fat, all grades, cooked, braised"
7617,"Beef, chuck, arm pot roast, separable lean and fat, trimmed to 0"" fat, all grades, cooked, braised"
7618,"Beef, chuck, under blade pot roast, boneless, separable lean and fat, trimmed to 0"" fat, select, cooked, braised"
7619,"Beef, chuck, blade roast, separable lean only, trimmed to 0"" fat, all grades, cooked, braised"
7620,"Beef, chuck, under blade pot roast, boneless, separable lean only, trimmed to 0"" fat, choice, cooked, braised"
7621,"Beef, chuck, under blade pot roast, boneless, separable lean only, trimmed to 0"" fat, select, cooked, braised"
7622,"Beef, rib, large end (ribs 6-9), separable lean only, trimmed to 0"" fat, select, cooked, roasted"
7623,"Beef, rib, small end (ribs 10-12), separable lean and fat, trimmed to 0"" fat, all grades, cooked, broiled"
7624,"Beef, rib, small end (ribs 10-12), separable lean and fat, trimmed to 0"" fat, choice, cooked, broiled"
7625,"Beef, rib, small end (ribs 10-12), separable lean and fat, trimmed to 0"" fat, select, cooked, broiled"
7626,"Beef, round, bottom round, roast, separable lean and fat, trimmed to 0"" fat, all grades, cooked, roasted"
7627,"Beef, round, bottom round, steak, separable lean and fat, trimmed to 0"" fat, choice, cooked, braised"
7628,"Beef, round, bottom round, roast, separable lean and fat, trimmed to 0"" fat, choice, cooked, roasted"
7629,"Beef, round, bottom round, steak, separable lean and fat, trimmed to 0"" fat, select, cooked, braised"
7630,"Beef, round, bottom round, steak, separable lean only, trimmed to 0"" fat, select, cooked, braised"
7631,"Beef, round, bottom round roast, separable lean only, trimmed to 0"" fat, select, cooked, roasted"
7632,"Beef, round, eye of round roast, boneless, separable lean and fat, trimmed to 0"" fat, all grades, cooked, roasted"
7633,"Beef, round, eye of round roast, boneless, separable lean and fat, trimmed to 0"" fat, choice, cooked, roasted"
7634,"Beef, round, tip round, roast, separable lean and fat, trimmed to 0"" fat, all grades, cooked, roasted"
7635,"Beef, round, tip round, roast, separable lean and fat, trimmed to 0"" fat, choice, cooked, roasted"
7636,"Beef, round, tip round, roast, separable lean and fat, trimmed to 0"" fat, select, cooked, roasted"
7637,"Beef, round, tip round, roast, separable lean only, trimmed to 0"" fat, all grades, cooked, roasted"
7638,"Beef, round, top round, separable lean and fat, trimmed to 0"" fat, select, cooked, braised"
7639,"Beef, round, top round, separable lean only, trimmed to 0"" fat, choice, cooked, braised"
7640,"Beef, round, top round, separable lean only, trimmed to 0"" fat, select, cooked, braised"
7641,"Beef, loin, tenderloin steak, boneless, separable lean and fat, trimmed to 0"" fat, all grades, cooked, grilled"
7642,"Beef, loin, tenderloin steak, boneless, separable lean and fat, trimmed to 0"" fat, choice, cooked, grilled"
7643,"Beef, loin, top loin steak, boneless, lip off, separable lean and fat, trimmed to 0"" fat, all grades, cooked, grilled"
7644,"Beef, loin, top loin steak, boneless, lip off, separable lean and fat, trimmed to 0"" fat, choice, cooked, grilled"
7645,"Puddings, banana, dry mix, regular, with added oil"
7646,"Puddings, lemon, dry mix, regular, with added oil, potassium, sodium"
7647,"Puddings, tapioca, dry mix, with no added salt"
7648,"Snacks, corn-based, extruded, puffs or twists, cheese-flavor, unenriched"
7649,"Snacks, corn-based, extruded, chips, barbecue-flavor, made with enriched masa flour"
7650,"Snacks, popcorn, air-popped (Unsalted)"
7651,"Snacks, popcorn, oil-popped, white popcorn, salt added"
7652,"Snacks, potato chips, plain, made with partially hydrogenated soybean oil, salted"
7653,"Snacks, pretzels, hard, plain, made with enriched flour, unsalted"
7654,"Snacks, rice cakes, brown rice, plain, unsalted"
7655,"Snacks, rice cakes, brown rice, buckwheat, unsalted"
7656,"Snacks, rice cakes, brown rice, multigrain, unsalted"
7657,"Potato chips, without salt, reduced fat"
7658,"Snacks, tortilla chips, low fat, unsalted"
7659,"Snacks, tortilla chips, nacho-flavor, made with enriched masa flour"
7660,"Ice creams, regular, low carbohydrate, chocolate"
7661,"Chocolate, dark, 45- 59% cacao solids"
7662,"Chocolate, dark, 60-69% cacao solids"
7663,"Chocolate, dark, 70-85% cacao solids"
7664,"Candies, chocolate, dark, NFS (45-59% cacao solids 90%; 60-69% cacao solids 5%; 70-85% cacao solids 5%)"
7665,"Candies, crispy bar with peanut butter filling"
7666,"Syrup, maple, Canadian"
7667,"Sweetener, syrup, agave"
7668,"Candies, fruit snacks, with high vitamin C"
7669,"Jams, preserves, marmalades, sweetened with fruit juice"
7670,"Candies, Tamarind"
7671,"Candies, coconut bar, not chocolate covered"
7672,"Barley, hulled"
7673,"Barley, pearled, raw"
7674,"Barley, pearled, cooked"
7675,Buckwheat
7676,"Bulgur, cooked"
7677,"Corn grain, yellow"
7678,"Corn bran, crude"
7679,"Corn flour, whole-grain, yellow"
7680,"Fast foods, nachos, with cheese"
7681,"Fast foods, nachos, with cheese, beans, ground beef, and tomatoes"
7682,"Fast foods, cheeseburger, double, regular patty and bun, with condiments"
7683,"Fast foods, cheeseburger; single, large patty; plain"
7684,"Fast foods, chicken fillet sandwich, plain with pickles"
7685,"Fast foods, fish sandwich, with tartar sauce"
7686,"Fast foods, fish sandwich, with tartar sauce and cheese"
7687,"Fast foods, submarine sandwich, roast beef on white bread with lettuce and tomato"
7688,"Fast foods, submarine sandwich, tuna on white bread with lettuce and tomato"
7689,"Fast foods, coleslaw"
7690,"Fast foods, hush puppies"
7691,"Fast food, biscuit"
7692,"Fast foods, submarine sandwich, sweet onion chicken teriyaki on white bread with lettuce, tomato and sweet onion sauce"
7693,"Fast foods, submarine sandwich, turkey, roast beef and ham on white bread with lettuce and tomato"
7694,"Fast foods, submarine sandwich, oven roasted chicken on white bread with lettuce and tomato"
7695,"Fast foods, submarine sandwich, steak and cheese on white bread with cheese, lettuce and tomato"
7696,"Fast foods, submarine sandwich, bacon, lettuce, and tomato on white bread"
7697,"Pizza, cheese topping, regular crust, frozen, cooked"
7698,"Fast Foods, crispy chicken filet sandwich, with lettuce and mayonnaise"
7699,"Yogurt parfait, lowfat, with fruit and granola"
7700,"Fast Foods, Fried Chicken, Breast, meat only, skin and breading removed"
7701,"Fast Foods, Fried Chicken, Drumstick, meat only, skin and breading removed"
7702,"Fast Foods, Fried Chicken, Thigh, meat only, skin and breading removed"
7703,"Fast Foods, Fried Chicken, Thigh, meat and skin and breading"
7704,"Fast Foods, Fried Chicken, Wing, meat and skin and breading"
7705,"Fast Food, Pizza Chain, 14"" pizza, sausage topping, thick crust"
7706,"Fast Food, Pizza Chain, 14"" pizza, sausage topping, thin crust"
7707,"Fast Food, Pizza Chain, 14"" pizza, sausage topping, regular crust"
7708,"Fast Foods, grilled chicken filet sandwich, with lettuce, tomato and spread"
7709,"Pizza, cheese topping, thin crust, frozen, cooked"
7710,"Beet greens, raw"
7711,"Beet greens, cooked, boiled, drained, without salt"
7712,"Broadbeans, immature seeds, raw"
7713,"Broadbeans, immature seeds, cooked, boiled, drained, without salt"
7714,"Broccoli, raw"
7715,"Broccoli, frozen, spears, cooked, boiled, drained, without salt"
7716,"Broccoli raab, raw"
7717,"Broccoli raab, cooked"
7718,"Brussels sprouts, raw"
7719,"Burdock root, cooked, boiled, drained, without salt"
7720,"Butterbur, (fuki), raw"
7721,"Butterbur, cooked, boiled, drained, without salt"
7722,"Butterbur, canned"
7723,"Cabbage, savoy, raw"
7724,"Cabbage, savoy, cooked, boiled, drained, without salt"
7725,"Cabbage, chinese (pak-choi), raw"
7726,"Cabbage, chinese (pak-choi), cooked, boiled, drained, without salt"
7727,"Cabbage, kimchi"
7728,"Carrots, raw"
7729,"Carrots, cooked, boiled, drained, without salt"
7730,"Carrots, canned, regular pack, solids and liquids"
7731,"Carrots, canned, regular pack, drained solids"
7732,"Cauliflower, cooked, boiled, drained, without salt"
7733,"Cauliflower, frozen, unprepared"
7734,"Cauliflower, frozen, cooked, boiled, drained, without salt"
7735,"Celeriac, raw"
7736,"Chard, swiss, cooked, boiled, drained, without salt"
7737,"Chayote, fruit, raw"
7738,"Chayote, fruit, cooked, boiled, drained, without salt"
7739,"Chicory, witloof, raw"
7740,"Chrysanthemum, garland, cooked, boiled, drained, without salt"
7741,"Collards, raw"
7742,"Collards, cooked, boiled, drained, without salt"
7743,"Collards, frozen, chopped, unprepared"
7744,"Corn, sweet, yellow, canned, brine pack, regular pack, solids and liquids"
7745,"Onions, frozen, chopped, unprepared"
7746,"Onions, frozen, chopped, cooked, boiled, drained, without salt"
7747,"Onions, frozen, whole, unprepared"
7748,"Onions, frozen, whole, cooked, boiled, drained, without salt"
7749,"Onion rings, breaded, par fried, frozen, unprepared"
7750,"Onion rings, breaded, par fried, frozen, prepared, heated in oven"
7751,"Parsley, fresh"
7752,"Parsnips, raw"
7753,"Peas, edible-podded, frozen, cooked, boiled, drained, without salt"
7754,"Peas, green, raw"
7755,"Peas, green, cooked, boiled, drained, without salt"
7756,"Peas, green, canned, regular pack, solids and liquids"
7757,"Peas, mature seeds, sprouted, raw"
7758,"Peas, mature seeds, sprouted, cooked, boiled, drained, without salt"
7759,"Peas and carrots, canned, regular pack, solids and liquids"
7760,"Peas and carrots, frozen, unprepared"
7761,"Peppers, hot chili, green, canned, pods, excluding seeds, solids and liquids"
7762,"Peppers, sweet, green, raw"
7763,"Peppers, sweet, green, cooked, boiled, drained, without salt"
7764,"Peppers, sweet, green, canned, solids and liquids"
7765,"Pigeonpeas, immature seeds, cooked, boiled, drained, without salt"
7766,Poi
7767,"Pokeberry shoots, (poke), raw"
7768,"Pokeberry shoots, (poke), cooked, boiled, drained, without salt"
7769,"Potatoes, white, flesh and skin, baked"
7770,"Potatoes, red, flesh and skin, baked"
7771,"Potatoes, french fried, crinkle or regular cut, salt added in processing, frozen, as purchased"
7772,"Potatoes, french fried, crinkle or regular cut, salt added in processing, frozen, oven-heated"
7773,"Potatoes, boiled, cooked in skin, flesh, without salt"
7774,"Potatoes, boiled, cooked in skin, skin, without salt"
7775,"Potatoes, boiled, cooked without skin, flesh, without salt"
7776,"Potatoes, microwaved, cooked in skin, flesh, without salt"
7777,"Potatoes, au gratin, home-prepared from recipe using butter"
7778,"Potatoes, canned, solids and liquids"
7779,"Potatoes, canned, drained solids"
7780,"Potatoes, mashed, dehydrated, flakes without milk, dry form"
7781,"Potatoes, mashed, dehydrated, prepared from flakes without milk, whole milk and butter added"
7782,"Potatoes, au gratin, dry mix, unprepared"
7783,"Potatoes, au gratin, dry mix, prepared with water, whole milk and butter"
7784,"Potatoes, scalloped, dry mix, unprepared"
7785,"Potatoes, scalloped, dry mix, prepared with water, whole milk and butter"
7786,"Potatoes, french fried, shoestring, salt added in processing, frozen, as purchased"
7787,"Potatoes, french fried, shoestring, salt added in processing, frozen, oven-heated"
7788,"Potatoes, o'brien, frozen, unprepared"
7789,"Potatoes, o'brien, frozen, prepared"
7790,"Taro, tahitian, cooked, without salt"
7791,"Tomatoes, green, raw"
7792,"Tomatoes, red, ripe, raw, year round average"
7793,"Tomato juice, canned, with salt added"
7794,"Tomato products, canned, paste, without salt added (Includes foods for USDA's Food Distribution Program)"
7795,"Tomato products, canned, puree, without salt added"
7796,Tomato powder
7797,"Tomato products, canned, sauce, with onions, green peppers, and celery"
7798,"Tomato products, canned, sauce, with tomato tidbits"
7799,"Tree fern, cooked, without salt"
7800,"Turnips, raw"
7801,"Turnip greens, cooked, boiled, drained, without salt"
7802,"Turnip greens, canned, solids and liquids"
7803,"Turnip greens, frozen, unprepared"
7804,"Turnip greens, frozen, cooked, boiled, drained, without salt"
7805,"Turnip greens and turnips, frozen, unprepared"
7806,"Vegetables, mixed, frozen, unprepared"
7807,"Vegetables, mixed, frozen, cooked, boiled, drained, without salt"
7808,"Vegetable juice cocktail, low sodium, canned"
7809,"Vinespinach, (basella), raw"
7810,"Waxgourd, (chinese preserving melon), cooked, boiled, drained, without salt"
7811,"Winged beans, immature seeds, raw"
7812,"Winged beans, immature seeds, cooked, boiled, drained, without salt"
7813,"Winged bean leaves, raw"
7814,"Beets, harvard, canned, solids and liquids"
7815,"Beets, pickled, canned, solids and liquids"
7816,"Borage, raw"
7817,"Borage, cooked, boiled, drained, without salt"
7818,"Drumstick pods, raw"
7819,"Drumstick pods, cooked, boiled, drained, without salt"
7820,"Leeks, (bulb and lower-leaf portion), freeze-dried"
7821,"Parsley, freeze-dried"
7822,"Squash, summer, all varieties, raw"
7823,"Squash, summer, all varieties, cooked, boiled, drained, without salt"
7824,"Squash, winter, all varieties, raw"
7825,"Squash, winter, all varieties, cooked, baked, without salt"
7826,"Carrot juice, canned"
7827,"Corn pudding, home prepared"
7828,"Potatoes, mashed, home-prepared, whole milk added"
7829,Spinach souffle
7830,"Seaweed, spirulina, dried"
7831,"Seaweed, wakame, raw"
7832,"Peppers, hot chili, green, raw"
7833,"Potatoes, o'brien, home-prepared"
7834,"Shallots, raw"
7835,"Carrot, dehydrated"
7836,"Tomatoes, crushed, canned"
7837,"Tomatoes, orange, raw"
7838,"Mustard greens, cooked, boiled, drained, with salt"
7839,"Mustard greens, frozen, cooked, boiled, drained, with salt"
7840,"Mustard spinach, (tendergreen), cooked, boiled, drained, with salt"
7841,"New zealand spinach, cooked, boiled, drained, with salt"
7842,"Onions, frozen, whole, cooked, boiled, drained, with salt"
7843,"Parsnips, cooked, boiled, drained, with salt"
7844,"Peas, edible-podded, cooked, boiled, drained, with salt"
7845,"Peas, edible-podded, frozen, cooked, boiled, drained, with salt"
7846,"Peas, mature seeds, sprouted, cooked, boiled, drained, with salt"
7847,"Peas and carrots, canned, no salt added, solids and liquids"
7848,"Peas and carrots, frozen, cooked, boiled, drained, with salt"
7849,"Peas and onions, frozen, cooked, boiled, drained, with salt"
7850,"Peppers, sweet, red, cooked, boiled, drained, with salt"
7851,"Peppers, sweet, green, frozen, chopped, cooked, boiled, drained, with salt"
7852,"Pigeonpeas, immature seeds, cooked, boiled, drained, with salt"
7853,"Pokeberry shoots, (poke), cooked, boiled, drained, with salt"
7854,"Potatoes, boiled, cooked in skin, skin, with salt"
7855,"Potatoes, boiled, cooked without skin, flesh, with salt"
7856,"Potatoes, microwaved, cooked, in skin, flesh and skin, with salt"
7857,"Potatoes, microwaved, cooked in skin, flesh, with salt"
7858,"Potatoes, french fried, all types, salt not added in processing, frozen, as purchased"
7859,"Potatoes, au gratin, home-prepared from recipe using margarine"
7860,"Potatoes, scalloped, home-prepared with margarine"
7861,"Pumpkin, cooked, boiled, drained, with salt"
7862,"Pumpkin, canned, with salt"
7863,"Rutabagas, cooked, boiled, drained, with salt"
7864,"Salsify, cooked, boiled, drained, with salt"
7865,"Soybeans, green, cooked, boiled, drained, with salt"
7866,"Spinach, cooked, boiled, drained, with salt"
7867,"Squash, summer, crookneck and straightneck, frozen, cooked, boiled, drained, with salt"
7868,"Squash, summer, scallop, cooked, boiled, drained, with salt"
7869,"Squash, summer, zucchini, includes skin, cooked, boiled, drained, with salt"
7870,"Squash, summer, zucchini, includes skin, frozen, cooked, boiled, drained, with salt"
7871,"Squash, winter, butternut, frozen, cooked, boiled, with salt"
7872,"Squash, winter, hubbard, baked, with salt"
7873,"Squash, winter, hubbard, cooked, boiled, mashed, with salt"
7874,"Squash, winter, spaghetti, cooked, boiled, drained, or baked, with salt"
7875,"Succotash, (corn and limas), cooked, boiled, drained, with salt"
7876,"Sweet potato, cooked, boiled, without skin, with salt"
7877,"Sweet potato, frozen, cooked, baked, with salt"
7878,"Taro, cooked, with salt"
7879,"Taro, leaves, cooked, steamed, with salt"
7880,"Tomato juice, canned, without salt added"
7881,"Tomato products, canned, puree, with salt added"
7882,"Turnips, cooked, boiled, drained, with salt"
7883,"Turnips, frozen, cooked, boiled, drained, with salt"
7884,"Waxgourd, (chinese preserving melon), cooked, boiled, drained, with salt"
7885,"Winged bean, immature seeds, cooked, boiled, drained, with salt"
7886,"Yam, cooked, boiled, drained, or baked, with salt"
7887,"Seeds, breadnut tree seeds, raw"
7888,"Seeds, breadnut tree seeds, dried"
7889,"Seeds, chia seeds, dried"
7890,"Seeds, cottonseed flour, partially defatted (glandless)"
7891,"Seeds, pumpkin and squash seed kernels, dried"
7892,"Seeds, pumpkin and squash seed kernels, roasted, without salt"
7893,"Seeds, safflower seed kernels, dried"
7894,"Seeds, safflower seed meal, partially defatted"
7895,"Seeds, sesame flour, low-fat"
7896,"Seeds, sesame meal, partially defatted"
7897,"Seeds, sunflower seed kernels, dried"
7898,"Seeds, sunflower seed kernels, dry roasted, without salt"
7899,"Seeds, sunflower seed kernels, oil roasted, without salt"
7900,"Nuts, acorns, dried"
7901,"Nuts, acorn flour, full fat"
7902,"Nuts, almonds"
7903,"Nuts, almonds, blanched"
7904,"Nuts, brazilnuts, dried, unblanched"
7905,"Nuts, butternuts, dried"
7906,"Nuts, cashew nuts, dry roasted, without salt added"
7907,"Nuts, cashew nuts, oil roasted, without salt added"
7908,"Nuts, chestnuts, chinese, roasted"
7909,"Nuts, chestnuts, european, raw, unpeeled"
7910,"Nuts, chestnuts, european, raw, peeled"
7911,"Nuts, chestnuts, european, dried, unpeeled"
7912,"Nuts, coconut meat, dried (desiccated), sweetened, flaked, packaged"
7913,"Nuts, coconut meat, dried (desiccated), sweetened, flaked, canned"
7914,"Nuts, coconut meat, dried (desiccated), toasted"
7915,"Nuts, coconut cream, raw (liquid expressed from grated meat)"
7916,"Nuts, hazelnuts or filberts"
7917,"Nuts, hazelnuts or filberts, blanched"
7918,"Nuts, hazelnuts or filberts, dry roasted, without salt added"
7919,"Nuts, ginkgo nuts, raw"
7920,"Nuts, mixed nuts, dry roasted, with peanuts, without salt added"
7921,"Nuts, mixed nuts, oil roasted, with peanuts, without salt added"
7922,"Nuts, mixed nuts, oil roasted, without peanuts, without salt added"
7923,"Nuts, pecans, oil roasted, without salt added"
7924,"Nuts, pilinuts, dried"
7925,"Nuts, pine nuts, dried"
7926,"Nuts, pine nuts, pinyon, dried"
7927,"Nuts, walnuts, glazed"
7928,"Nuts, walnuts, dry roasted, with salt added"
7929,"Seeds, breadfruit seeds, roasted"
7930,"Seeds, cottonseed kernels, roasted (glandless)"
7931,"Beef, variety meats and by-products, spleen, cooked, braised"
7932,"Beef, variety meats and by-products, tongue, cooked, simmered"
7933,"Beef, variety meats and by-products, tripe, raw"
7934,"Beef, sandwich steaks, flaked, chopped, formed and thinly sliced, raw"
7935,"Beef, brisket, flat half, separable lean only, trimmed to 0"" fat, choice, cooked, braised"
7936,"Beef, cured, corned beef, canned"
7937,"Beef, chuck, under blade pot roast or steak, boneless, separable lean only, trimmed to 0"" fat, select, raw"
7938,"Beef, cured, dried"
7939,"Beef, chuck, under blade center steak, boneless, Denver Cut, separable lean only, trimmed to 0"" fat, all grades, cooked, grilled"
7940,"Sausage, beef, cured, cooked, smoked"
7941,"Beef, chopped, cured, smoked"
7942,"Beef, chuck, under blade center steak, boneless, Denver Cut, separable lean only, trimmed to 0"" fat, choice, raw"
7943,"Beef, composite of trimmed retail cuts, separable lean and fat, trimmed to 0"" fat, all grades, cooked"
7944,"Beef, composite of trimmed retail cuts, separable lean only, trimmed to 0"" fat, select, cooked"
7945,"Beef, brisket, whole, separable lean and fat, trimmed to 0"" fat, all grades, cooked, braised"
7946,"Beef, brisket, whole, separable lean only, trimmed to 0"" fat, all grades, cooked, braised"
7947,"Beef, brisket, flat half, separable lean and fat, trimmed to 0"" fat, all grades, cooked, braised"
7948,"Beef, chuck, arm pot roast, separable lean and fat, trimmed to 0"" fat, select, cooked, braised"
7949,"Beef, chuck, arm pot roast, separable lean only, trimmed to 0"" fat, choice, cooked, braised"
7950,"Beef, chuck, arm pot roast, separable lean only, trimmed to 0"" fat, select, cooked, braised"
7951,"Beef, chuck, blade roast, separable lean and fat, trimmed to 0"" fat, all grades, cooked, braised"
7952,"Beef, chuck, under blade pot roast, boneless, separable lean and fat, trimmed to 0"" fat, choice, cooked, braised"
7953,"Beef, rib, large end (ribs 6-9), separable lean and fat, trimmed to 0"" fat, choice, cooked, roasted"
7954,"Beef, rib, large end (ribs 6-9), separable lean and fat, trimmed to 0"" fat, select, cooked, roasted"
7955,"Beef, rib, large end (ribs 6-9), separable lean only, trimmed to 0"" fat, all grades, cooked, roasted"
7956,"Beef, rib, large end (ribs 6-9), separable lean only, trimmed to 0"" fat, choice, cooked, roasted"
7957,"Beef, rib, small end (ribs 10-12), separable lean only, trimmed to 0"" fat, all grades, cooked, broiled"
7958,"Beef, rib, small end (ribs 10-12), separable lean only, trimmed to 0"" fat, choice, cooked, broiled"
7959,"Beef, rib, small end (ribs 10-12), separable lean only, trimmed to 0"" fat, select, cooked, broiled"
7960,"Beef, round, bottom round, steak, separable lean and fat, trimmed to 0"" fat, all grades, cooked, braised"
7961,"Beef, round, bottom round, roast, separable lean and fat, trimmed to 0"" fat, select, cooked, roasted"
7962,"Beef, round, bottom round, steak, separable lean only, trimmed to 0"" fat, all grades, cooked, braised"
7963,"Beef, round, bottom round, roast, separable lean only, trimmed to 0"" fat, all grades, cooked, roasted"
7964,"Beef, round, bottom round, steak, separable lean only, trimmed to 0"" fat, choice, cooked, braised"
7965,"Beef, round, bottom round, roast, separable lean only, trimmed to 0"" fat, choice, cooked, roasted"
7966,"Beef, round, eye of round roast, boneless, separable lean and fat, trimmed to 0"" fat, select, cooked, roasted"
7967,"Beef, round, eye of round roast, boneless, separable lean only, trimmed to 0"" fat, all grades, cooked, roasted"
7968,"Beef, round, eye of round roast, boneless, separable lean only, trimmed to 0"" fat, choice, cooked, roasted"
7969,"Beef, round, eye of round roast, boneless, separable lean only, trimmed to 0"" fat, select, cooked, roasted"
7970,"Beef, round, tip round, roast, separable lean only, trimmed to 0"" fat, choice, cooked, roasted"
7971,"Beef, round, tip round, roast, separable lean only, trimmed to 0"" fat, select, cooked, roasted"
7972,"Beef, round, top round, separable lean and fat, trimmed to 0"" fat, all grades, cooked, braised"
7973,"Beef, round, top round, separable lean and fat, trimmed to 0"" fat, choice, cooked, braised"
7974,"Beef, loin, tenderloin steak, boneless, separable lean and fat, trimmed to 0"" fat, select, cooked, grilled"
7975,"Beef, loin, tenderloin steak, boneless, separable lean only, trimmed to 0"" fat, all grades, cooked, grilled"
7976,"Beef, loin, tenderloin steak, boneless, separable lean only, trimmed to 0"" fat, choice, cooked, grilled"
7977,"Beef, loin, tenderloin steak, boneless, separable lean only, trimmed to 0"" fat, select, cooked, grilled"
7978,"Puddings, vanilla, dry mix, regular, with added oil"
7979,"Jams and preserves, apricot"
7980,"Syrups, table blends, pancake, with 2% maple, with added potassium"
7981,"Snacks, corn cakes, very low sodium"
7982,"Snacks, potato chips, plain, made with partially hydrogenated soybean oil, unsalted"
7983,"Snacks, potato chips, plain, unsalted"
7984,"Snacks, pretzels, hard, plain, made with unenriched flour, salted"
7985,"Snacks, pretzels, hard, plain, made with unenriched flour, unsalted"
7986,"Snacks, rice cakes, brown rice, sesame seed, unsalted"
7987,"Snacks, sesame sticks, wheat-based, unsalted"
7988,"Snacks, trail mix, regular, unsalted"
7989,"Snacks, trail mix, regular, with chocolate chips, unsalted nuts and seeds"
7990,"Candies, sugar-coated almonds"
7991,"Cocoa, dry powder, hi-fat or breakfast, processed with alkali"
7992,"Candies, soft fruit and nut squares"
7993,"Ice creams, vanilla, fat free"
7994,"Ice creams, regular, low carbohydrate, vanilla"
7995,"Sweeteners, for baking, brown, contains sugar and sucralose"
7996,"Sweeteners, for baking, contains sugar and sucralose"
7997,"Sugar, turbinado"
7998,"Sweeteners, sugar substitute, granulated, brown"
7999,"Sweetener, herbal extract powder from Stevia leaf"
8000,"Amaranth grain, uncooked"
8001,"Amaranth grain, cooked"
8002,Arrowroot flour
8003,"Buckwheat groats, roasted, dry"
8004,"Buckwheat groats, roasted, cooked"
8005,"Buckwheat flour, whole-groat"
8006,"Bulgur, dry"
8007,"Fast foods, taco with beef, cheese and lettuce, hard shell"
8008,"Fast foods, cheeseburger; single, regular patty; plain"
8009,"Fast foods, cheeseburger; single, regular patty, with condiments"
8010,"Fast foods, cheeseburger; single, regular patty, with condiments and vegetables"
8011,"Fast foods, hamburger; single, regular patty; plain"
8012,"Fast foods, hamburger; single, regular patty; with condiments"
8013,"Fast foods, roast beef sandwich, plain"
8014,"Fast foods, submarine sandwich, cold cut on white bread with lettuce and tomato"
8015,"Fast foods, onion rings, breaded and fried"
8016,"Fast foods, potato, french fried in vegetable oil"
8017,"Fast foods, potato, mashed"
8018,"Fast foods, submarine sandwich, turkey breast on white bread with lettuce and tomato"
8019,"Fast foods, submarine sandwich, ham on white bread with lettuce and tomato"
8020,"Fast foods, submarine sandwich, meatball marinara on white bread"
8021,"Fast foods, hamburger, large, single patty, with condiments"
8022,"Pizza, cheese topping, rising crust, frozen, cooked"
8023,"Pizza, meat and vegetable topping, regular crust, frozen, cooked"
8024,"Pizza, meat and vegetable topping, rising crust, frozen, cooked"
8025,"Fast foods, chicken, breaded and fried, boneless pieces, plain"
8026,"Fast foods, grilled chicken, bacon and tomato club sandwich, with cheese, lettuce, and mayonnaise"
8027,"Fast foods, crispy chicken, bacon, and tomato club sandwich, with cheese, lettuce, and mayonnaise"
8028,"Fast Foods, Fried Chicken, Wing, meat only, skin and breading removed"
8029,"Fast Foods, Fried Chicken, Skin and breading from all pieces"
8030,"Fast Foods, Fried Chicken, Breast, meat and skin and breading"
8031,"Fast Foods, Fried Chicken, Drumstick, meat and skin with breading"
8032,"Fast Food, Pizza Chain, 14"" pizza, pepperoni topping, thin crust"
8033,"Fast foods, taco with beef, cheese and lettuce, soft"
8034,"Fast foods, taco with chicken, lettuce and cheese, soft"
8035,"Fast foods, quesadilla, with chicken"
8036,"Fast Food, Pizza Chain, 14"" pizza, cheese topping, stuffed crust"
8037,"Fast foods, strawberry banana smoothie made with ice and low-fat yogurt"
8038,"School Lunch, pizza, cheese topping, thick crust, whole grain, frozen, cooked"
8039,"School Lunch, pizza, pepperoni topping, thin crust, whole grain, frozen, cooked"
8040,"School Lunch, pizza, pepperoni topping, thick crust, whole grain, frozen, cooked"
8041,"School Lunch, pizza, sausage topping, thin crust, whole grain, frozen, cooked"
8042,"Beef, chuck, short ribs, boneless, separable lean only, trimmed to 0"" fat, choice, raw"
8043,"Fast foods, crispy chicken in tortilla, with lettuce, cheese, and ranch sauce"
8044,"Fast foods, grilled chicken in tortilla, with lettuce, cheese, and ranch sauce"
8045,"Fast foods, breakfast burrito, with egg, cheese, and sausage"
8046,"Fast foods, breadstick, soft, prepared with garlic and parmesan cheese"
8047,"School Lunch, pizza, cheese topping, thin crust, whole grain, frozen, cooked"
8048,"School Lunch, pizza, sausage topping, thick crust, whole grain, frozen, cooked"
8049,"Beef, chuck, short ribs, boneless, separable lean only, trimmed to 0"" fat, all grades, raw"
8050,"Beef, chuck eye Country-Style ribs, boneless, separable lean only, trimmed to 0"" fat, choice, cooked, braised"
8051,"Beef, chuck eye Country-Style ribs, boneless, separable lean only, trimmed to 0"" fat, select, cooked, braised"
8052,"Beef, chuck eye Country-Style ribs, boneless, separable lean only, trimmed to 0"" fat, all grades, cooked, braised"
8053,"Beef, chuck eye Country-Style ribs, boneless, separable lean only, trimmed to 0"" fat, choice, raw"
8054,"Beef, chuck eye steak, boneless, separable lean only, trimmed to 0"" fat, all grades, cooked, grilled"
8055,"Beef, chuck eye steak, boneless, separable lean only, trimmed to 0"" fat, choice, raw"
8056,"Beef, chuck eye steak, boneless, separable lean only, trimmed to 0"" fat, select, raw"
8057,"Beef, chuck eye steak, boneless, separable lean only, trimmed to 0"" fat, all grades, raw"
8058,"Beef, chuck, mock tender steak, boneless, separable lean only, trimmed to 0"" fat, select, cooked, braised"
8059,"Beef, chuck, mock tender steak, boneless, separable lean only, trimmed to 0"" fat, all grades, cooked, braised"
8060,"Beef, chuck, mock tender steak, boneless, separable lean only, trimmed to 0"" fat, choice, raw"
8061,"Beef, chuck, mock tender steak, boneless, separable lean only, trimmed to 0"" fat, select, raw"
8062,"Beef, chuck for stew, separable lean and fat, select, raw"
8063,"Beef, chuck for stew, separable lean and fat, choice, raw"
8064,"Beef, chuck, under blade steak, boneless, separable lean only, trimmed to 0"" fat, choice, cooked, braised"
8065,"Beef, chuck, under blade steak, boneless, separable lean only, trimmed to 0"" fat, select, cooked, braised"
8066,"Beef, chuck, under blade pot roast or steak, boneless, separable lean and fat, trimmed to 0"" fat, all grades, raw"
8067,"Beef, chuck, under blade pot roast or steak, boneless, separable lean and fat, trimmed to 0"" fat, choice, raw"
8068,"Beef, chuck, under blade pot roast or steak, boneless, separable lean and fat, trimmed to 0"" fat, select, raw"
8069,"Beef, chuck, under blade center steak, boneless, Denver Cut, separable lean and fat, trimmed to 0"" fat, all grades, cooked, grilled"
8070,"Beef, chuck, under blade center steak, boneless, Denver Cut, separable lean and fat, trimmed to 0"" fat, select, raw"
8071,"Beef, shoulder pot roast or steak, boneless, separable lean and fat, trimmed to 0"" fat, choice, raw"
8072,"Beef, shoulder pot roast or steak, boneless, separable lean and fat, trimmed to 0"" fat, select, raw"
8073,"Beef, chuck eye roast, boneless, America's Beef Roast, separable lean and fat, trimmed to 0"" fat, all grades, cooked, roasted"
8074,"Beef, chuck, mock tender steak, boneless, separable lean and fat, trimmed to 0"" fat, all grades, cooked, braised"
8075,"Beef, chuck, mock tender steak, boneless, separable lean and fat, trimmed to 0"" fat, choice, cooked, braised"
8076,"Beef, chuck, mock tender steak, boneless, separable lean and fat, trimmed to 0"" fat, select, cooked, braised"
8077,"Beef, chuck, mock tender steak, boneless, separable lean and fat, trimmed to 0"" fat, all grades, raw"
8078,"Beef, chuck, short ribs, boneless, separable lean and fat, trimmed to 0"" fat, select, cooked, braised"
8079,"Beef, chuck, short ribs, boneless, separable lean and fat, trimmed to 0"" fat, all grades, raw"
8080,"Beef, chuck, short ribs, boneless, separable lean and fat, trimmed to 0"" fat, choice, raw"
8081,"Beef, chuck, short ribs, boneless, separable lean and fat, trimmed to 0"" fat, select, raw"
8082,"Beef, chuck eye Country-Style ribs, boneless, separable lean and fat, trimmed to 0"" fat, choice, cooked, braised"
8083,"Beef, chuck eye Country-Style ribs, boneless, separable lean and fat, trimmed to 0"" fat, select, cooked, braised"
8084,"Beef, chuck eye Country-Style ribs, boneless, separable lean and fat, trimmed to 0"" fat, all grades, raw"
8085,"Beef, chuck eye Country-Style ribs, boneless, separable lean and fat, trimmed to 0"" fat, choice, raw"
8086,"Beef, chuck eye Country-Style ribs, boneless, separable lean and fat, trimmed to 0"" fat, select, raw"
8087,"Beef, chuck eye steak, boneless, separable lean and fat, trimmed to 0"" fat, choice, raw"
8088,"Beef, chuck eye steak, boneless, separable lean and fat, trimmed to 0"" fat, select, raw"
8089,"Beef, rib eye roast, bone-in, lip-on, separable lean only, trimmed to 1/8"" fat, all grades, cooked, roasted"
8090,"Beef, rib eye roast, bone-in, lip-on, separable lean only, trimmed to 1/8"" fat, select, cooked, roasted"
8091,"Beef, rib eye steak/roast, bone-in, lip-on, separable lean only, trimmed to 1/8"" fat, select, raw"
8092,"Beef, rib eye steak/roast, boneless, lip-on, separable lean only, trimmed to 1/8"" fat, all grades, raw"
8093,"Beef, rib eye steak/roast, boneless, lip-on, separable lean only, trimmed to 1/8"" fat, choice, raw"
8094,"Beef, rib eye steak/roast, boneless, lip-on, separable lean only, trimmed to 1/8"" fat, select, raw"
8095,"Beef, rib eye roast, boneless, lip-on, separable lean only, trimmed to 1/8"" fat, choice, cooked, roasted"
8096,"Cheese, fontina"
8097,"Cheese, mozzarella, whole milk"
8098,"Cheese, mozzarella, whole milk, low moisture"
8099,"Cheese, mozzarella, part skim milk"
8100,"Cheese, parmesan, hard"
8101,"Cheese, port de salut"
8102,"Cheese, provolone"
8103,"Cheese, ricotta, whole milk"
8104,"Cheese, tilsit"
8105,"Cheese, pasteurized process, American, fortified with vitamin D"
8106,"Cheese, pasteurized process, pimento"
8107,"Cheese, pasteurized process, swiss"
8108,"Cheese food, cold pack, American"
8109,"Cream, fluid, light (coffee cream or table cream)"
8110,"Cream, fluid, light whipping"
8111,"Cream, fluid, heavy whipping"
8112,"Cream, whipped, cream topping, pressurized"
8113,"Milk, filled, fluid, with blend of hydrogenated vegetable oils"
8114,"Milk, filled, fluid, with lauric acid oil"
8115,"Cheese, American, nonfat or fat free"
8116,"Dessert topping, powdered"
8117,"Dessert topping, powdered, 1.5 ounce prepared with 1/2 cup milk"
8118,"Dessert topping, pressurized"
8119,"Dessert topping, semi solid, frozen"
8120,"Sour cream, imitation, cultured"
8121,"Milk, reduced fat, fluid, 2% milkfat, with added nonfat milk solids and vitamin A and vitamin D"
8122,"Milk, reduced fat, fluid, 2% milkfat, protein fortified, with added vitamin A and vitamin D"
8123,"Milk, lowfat, fluid, 1% milkfat, with added vitamin A and vitamin D"
8124,"Milk, lowfat, fluid, 1% milkfat, with added nonfat milk solids, vitamin A and vitamin D"
8125,"Milk, buttermilk, fluid, cultured, lowfat"
8126,"Milk, low sodium, fluid"
8127,"Milk, dry, whole, with added vitamin D"
8128,"Milk, dry, nonfat, regular, without added vitamin A and vitamin D"
8129,"Milk, canned, evaporated, nonfat, with added vitamin A and vitamin D"
8130,"Milk, chocolate, fluid, commercial, whole, with added vitamin A and vitamin D"
8131,"Milk, chocolate, fluid, commercial, reduced fat, with added vitamin A and vitamin D"
8132,"Milk, chocolate, lowfat, with added vitamin A and vitamin D"
8133,"Milk, sheep, fluid"
8134,"Milk shakes, thick chocolate"
8135,"Milk shakes, thick vanilla"
8136,"Whey, acid, fluid"
8137,"Yogurt, plain, low fat"
8138,"Yogurt, plain, skim milk"
8139,"Yogurt, vanilla, low fat."
8140,"Yogurt, fruit, low fat,9 g protein/8 oz"
8141,"Milk dessert bar, frozen, made from lowfat milk"
8142,"Nutritional supplement for people with diabetes, liquid"
8143,"Egg, whole, raw, frozen, salted, pasteurized"
8144,"Yogurt, Greek, plain, nonfat (Includes foods for USDA's Food Distribution Program)"
8145,"Egg, white, dried, stabilized, glucose reduced"
8146,"Cheese spread, American or Cheddar cheese base, reduced fat"
8147,"Cheese, Swiss, nonfat or fat free"
8148,"Cheese, mexican, queso cotija"
8149,"Cheese, cheddar, sharp, sliced"
8150,"Cheese, mozzarella, low moisture, part-skim, shredded"
8151,"Yogurt, Greek, strawberry, nonfat"
8152,"Yogurt, Greek, vanilla, nonfat"
8153,"Yogurt, Greek, plain, lowfat"
8154,"Yogurt, Greek, fruit, whole milk"
8155,"Yogurt, vanilla, non-fat"
8156,"Yogurt, Greek, vanilla, lowfat"
8157,"Yogurt, frozen, flavors other than chocolate, lowfat"
8158,"Milk, chocolate, lowfat, reduced sugar"
8159,"Ice cream, lowfat, no sugar added, cone, added peanuts and chocolate sauce"
8160,"Spices, bay leaf"
8161,"Spices, caraway seed"
8162,"Spices, cardamom"
8163,"Spices, celery seed"
8164,"Spices, coriander leaf, dried"
8165,"Spices, coriander seed"
8166,"Spices, cumin seed"
8167,"Spices, curry powder"
8168,"Spices, dill seed"
8169,"Spices, ginger, ground"
8170,"Spices, mace, ground"
8171,"Spices, marjoram, dried"
8172,"Spices, mustard seed, ground"
8173,"Spices, parsley, dried"
8174,"Spices, pepper, black"
8175,"Spices, pepper, red or cayenne"
8176,"Spices, pepper, white"
8177,"Spices, saffron"
8178,"Spices, sage, ground"
8179,"Spices, savory, ground"
8180,"Spices, tarragon, dried"
8181,"Spices, thyme, dried"
8182,"Babyfood, vegetables, peas, strained"
8183,"Babyfood, peas, dices, toddler"
8184,"Babyfood, vegetables, spinach, creamed, strained"
8185,"Babyfood, fruit, apricot with tapioca, junior"
8186,"Babyfood, fruit, pears, junior"
8187,"Babyfood, fruit, plums with tapioca, without ascorbic acid, strained"
8188,"Babyfood, fruit, plums with tapioca, without ascorbic acid, junior"
8189,"Babyfood, fruit, prunes with tapioca, without ascorbic acid, strained"
8190,"Babyfood, fruit, applesauce and apricots, strained"
8191,"Babyfood, fruit, applesauce and apricots, junior"
8192,"Babyfood, fruit, applesauce and cherries, strained"
8193,"Babyfood, fruit, applesauce and cherries, junior"
8194,"Babyfood, fruit, applesauce with banana, junior"
8195,"Babyfood, fruit and vegetable, apple and sweet potato"
8196,"Babyfood, fruit, bananas and pineapple with tapioca, junior"
8197,"Babyfood, fruit, bananas and pineapple with tapioca, strained"
8198,"Babyfood, fruit, pears and pineapple, strained"
8199,"Babyfood, fruit, bananas with apples and pears, strained"
8200,"Babyfood, fruit, apple and blueberry, strained"
8201,"Babyfood, fruit, apple and blueberry, junior"
8202,"Babyfood, juice, apple"
8203,"Babyfood, juice, orange and apple and banana"
8204,"Babyfood, juice, orange and apricot"
8205,"Babyfood, juice, orange and banana"
8206,"Babyfood, juice, orange and pineapple"
8207,"Babyfood, cereal, mixed, dry fortified"
8208,"Babyfood, cereal, mixed, with bananas, dry"
8209,"Babyfood, cereal, mixed, with applesauce and bananas, strained"
8210,"Babyfood, cereal, mixed, with applesauce and bananas, junior, fortified"
8211,"Babyfood, cereal, oatmeal, with honey, dry"
8212,"Babyfood, cereal, rice, dry fortified"
8213,"Babyfood, cereal, rice, with applesauce and bananas, strained"
8214,"Babyfood, cereal, with egg yolks, strained"
8215,"Babyfood, crackers, vegetable"
8216,"Babyfood, cereal, high protein, with apple and orange, dry"
8217,"Babyfood, cereal, rice, with bananas, dry"
8218,"Babyfood, cookies"
8219,"Babyfood, dessert, dutch apple, strained"
8220,"Babyfood, dessert, dutch apple, junior"
8221,"Babyfood, cherry cobbler, junior"
8222,"Babyfood, dessert, cherry vanilla pudding, strained"
8223,"Babyfood, dessert, peach melba, strained"
8224,"Babyfood, dessert, peach melba, junior"
8225,"Babyfood, dessert, fruit pudding, pineapple, strained"
8226,"Babyfood, dessert, fruit dessert, without ascorbic acid, strained"
8227,"Babyfood, juice, fruit punch, with calcium"
8228,"Babyfood, juice, apple, with calcium"
8229,"Babyfood, yogurt, whole milk, with fruit, multigrain cereal and added DHA fortified"
8230,"Babyfood, mashed cheddar potatoes and broccoli, toddlers"
8231,"Babyfood, yogurt, whole milk, with fruit, multigrain cereal and added iron fortified"
8232,"Babyfood, fruit, banana and strawberry, junior"
8233,"Babyfood, banana with mixed berries, strained"
8234,"Babyfood, Multigrain whole grain cereal, dry fortified"
8235,"Salad dressing, russian dressing"
8236,"Salad dressing, sesame seed dressing, regular"
8237,"Salad dressing, russian dressing, low calorie"
8238,"Salad dressing, thousand island dressing, reduced fat"
8239,"Salad dressing, mayonnaise, regular"
8240,"Salad dressing, mayonnaise, soybean and safflower oil, with salt"
8241,"Shortening, household, soybean (partially hydrogenated)-cottonseed (partially hydrogenated)"
8242,"Oil, soybean, salad or cooking, (partially hydrogenated)"
8243,"Oil, rice bran"
8244,"Oil, wheat germ"
8245,"Oil, palm"
8246,"Oil, sesame, salad or cooking"
8247,"Oil, sunflower, linoleic (less than 60%)"
8248,"Margarine, regular, hard, soybean (hydrogenated)"
8249,"Salad dressing, italian dressing, commercial, regular"
8250,"Salad dressing, french dressing, commercial, regular, without salt"
8251,"Salad dressing, french dressing, reduced fat, without salt"
8252,"Salad dressing, italian dressing, commercial, regular, without salt"
8253,"Salad dressing, italian dressing, reduced fat, without salt"
8254,"Oil, cottonseed, salad or cooking"
8255,"Oil, sunflower, linoleic, (approx. 65%)"
8256,"Oil, safflower, salad or cooking, linoleic, (over 70%)"
8257,"Oil, safflower, salad or cooking, high oleic (primary safflower oil of commerce)"
8258,"Oil, grapeseed"
8259,"Oil, corn, industrial and retail, all purpose salad or cooking"
8260,"Oil, walnut"
8261,"Oil, almond"
8262,"Oil, apricot kernel"
8263,"Oil, vegetable, Natreon canola, high stability, non trans, high oleic (70%)"
8264,"Salad dressing, honey mustard dressing, reduced calorie"
8265,"Salad dressing, spray-style dressing, assorted flavors"
8266,"Margarine-like, vegetable oil spread, 60% fat, tub, with salt, with added vitamin D"
8267,"Margarine-like vegetable-oil spread, stick/tub/bottle, 60% fat, with added vitamin D"
8268,"Margarine, regular, 80% fat, composite, stick, without salt, with added vitamin D"
8269,"Margarine-like, vegetable oil spread, 60% fat, stick/tub/bottle, without salt, with added vitamin D"
8270,"Oil, industrial, canola, high oleic"
8271,"Salad dressing, honey mustard, regular"
8272,"Salad dressing, poppyseed, creamy"
8273,"Salad dressing, caesar, fat-free"
8274,"Dressing, honey mustard, fat-free"
8275,"Chicken, broilers or fryers, meat and skin and giblets and neck, raw"
8276,"Chicken, broilers or fryers, meat and skin and giblets and neck, cooked, fried, batter"
8277,"Chicken, broilers or fryers, meat and skin and giblets and neck, cooked, fried, flour"
8278,"Chicken, broilers or fryers, meat and skin and giblets and neck, roasted"
8279,"Chicken, broilers or fryers, meat and skin, cooked, stewed"
8280,"Chicken, broilers or fryers, meat only, raw"
8281,"Chicken, broilers or fryers, meat only, cooked, fried"
8282,"Chicken, broilers or fryers, meat only, cooked, roasted"
8283,"Chicken, broilers or fryers, skin only, cooked, roasted"
8284,"Chicken, broilers or fryers, skin only, cooked, stewed"
8285,"Chicken, broilers or fryers, giblets, raw"
8286,"Chicken, broilers or fryers, giblets, cooked, fried"
8287,"Chicken, heart, all classes, cooked, simmered"
8288,"Chicken, liver, all classes, raw"
8289,"Chicken, liver, all classes, cooked, simmered"
8290,"Chicken, broilers or fryers, light meat, meat and skin, raw"
8291,"Chicken, broilers or fryers, dark meat, meat and skin, cooked, fried, batter"
8292,"Chicken, broilers or fryers, dark meat, meat and skin, cooked, fried, flour"
8293,"Chicken, broilers or fryers, dark meat, meat and skin, cooked, roasted"
8294,"Chicken, broilers or fryers, dark meat, meat and skin, cooked, stewed"
8295,"Chicken, broilers or fryers, dark meat, meat only, raw"
8296,"Chicken, broilers or fryers, dark meat, meat only, cooked, fried"
8297,"Chicken, broilers or fryers, dark meat, meat only, cooked, roasted"
8298,"Chicken, broilers or fryers, dark meat, meat only, cooked, stewed"
8299,"Chicken, broilers or fryers, back, meat and skin, cooked, roasted"
8300,"Chicken, broilers or fryers, back, meat and skin, cooked, stewed"
8301,"Chicken, broilers or fryers, back, meat only, raw"
8302,"Chicken, broilers or fryers, back, meat only, cooked, fried"
8303,"Chicken, broilers or fryers, breast, meat and skin, cooked, roasted"
8304,"Chicken, broilers or fryers, breast, meat and skin, cooked, stewed"
8305,"Chicken, broiler or fryers, breast, skinless, boneless, meat only, raw"
8306,"Chicken, broilers or fryers, breast, meat only, cooked, fried"
8307,"Squab, (pigeon), meat only, raw"
8308,"Squab, (pigeon), light meat without skin, raw"
8309,"Turkey, whole, meat and skin, raw"
8310,"Turkey, whole, skin (light and dark), roasted"
8311,"Turkey, whole, giblets, raw"
8312,"Turkey, whole, giblets, cooked, simmered"
8313,"Turkey, gizzard, all classes, raw"
8314,"Turkey, whole, neck, meat only, raw"
8315,"Turkey, whole, neck, meat only, cooked, simmered"
8316,"Turkey, whole, light meat, meat and skin, raw"
8317,"Turkey, whole, light meat, meat and skin, cooked, roasted"
8318,"Turkey, whole, dark meat, meat only, raw"
8319,"Turkey, whole, dark meat, cooked, roasted"
8320,"Turkey, all classes, back, meat and skin, cooked, roasted"
8321,"Turkey, all classes, breast, meat and skin, raw"
8322,"Turkey, all classes, wing, meat and skin, cooked, roasted"
8323,"Turkey, fryer-roasters, meat and skin, cooked, roasted"
8324,"Turkey, whole, back, meat only, raw"
8325,"Turkey, whole, back, meat only, cooked, roasted"
8326,"Turkey, whole, breast, meat only, raw"
8327,"Chicken, canned, meat only, with broth"
8328,"Pate de foie gras, canned (goose liver pate), smoked"
8329,"Turkey, canned, meat only, with broth"
8330,"Turkey, diced, light and dark meat, seasoned"
8331,"Turkey sticks, breaded, battered, fried"
8332,"Poultry, mechanically deboned, from backs and necks with skin, raw"
8333,"Poultry, mechanically deboned, from backs and necks without skin, raw"
8334,"Poultry, mechanically deboned, from mature hens, raw"
8335,"Chicken, cornish game hens, meat and skin, cooked, roasted"
8336,"Chicken, cornish game hens, meat only, raw"
8337,"Chicken, cornish game hens, meat only, cooked, roasted"
8338,"Chicken, canned, no broth"
8339,"Chicken, wing, frozen, glazed, barbecue flavored"
8340,"Duck, young duckling, domesticated, White Pekin, leg, meat and skin, bone in, cooked, roasted"
8341,"Duck, young duckling, domesticated, White Pekin, leg, meat only, bone in, cooked without skin, braised"
8342,"Chicken, broiler, rotisserie, BBQ, drumstick, meat only"
8343,"Chicken, wing, frozen, glazed, barbecue flavored, heated (conventional oven)"
8344,"Chicken, ground, crumbles, cooked, pan-browned"
8345,"Chicken, broiler, rotisserie, BBQ, thigh, meat only"
8346,"Chicken, feet, boiled"
8347,"Chicken, broilers or fryers, rotisserie, original seasoning, thigh, meat only, cooked"
8348,"Chicken, broilers or fryers, rotisserie, original seasoning, wing, meat only, cooked"
8349,"Chicken, broilers or fryers, rotisserie, original seasoning, back, meat and skin, cooked"
8350,"Chicken, broilers or fryers, rotisserie, original seasoning, breast, meat and skin, cooked"
8351,"Chicken, broiler, rotisserie, BBQ, back, meat and skin"
8352,"Chicken, broiler, rotisserie, BBQ, breast, meat and skin"
8353,"Chicken, broiler, rotisserie, BBQ, drumstick, meat and skin"
8354,"Chicken, broiler, rotisserie, BBQ, thigh, meat and skin"
8355,"Turkey, drumstick, from whole bird, meat only, with added solution, roasted"
8356,"Turkey, thigh, from whole bird, meat only, with added solution, raw"
8357,"Turkey, retail parts, breast, meat and skin, with added solution, raw"
8358,"Turkey, thigh, from whole bird, meat only, with added solution, roasted"
8359,"Turkey, retail parts, wing, meat and skin, raw"
8360,"Turkey, retail parts, wing, meat and skin, cooked, roasted"
8361,"Turkey, retail parts, drumstick, meat and skin, raw"
8362,"Turkey, retail parts, drumstick, meat and skin, cooked, roasted"
8363,"Turkey, drumstick, from whole bird, meat only, raw"
8364,"Turkey, retail parts, thigh, meat and skin, cooked, roasted"
8365,"Turkey, back, from whole bird, meat and skin, with added solution, raw"
8366,"Turkey, back, from whole bird, meat and skin, with added solution, roasted"
8367,"Chicken, broiler or fryers, breast, skinless, boneless, meat only, cooked, braised"
8368,"Soup, black bean, canned, condensed"
8369,"Soup, bean with pork, canned, condensed"
8370,"Soup, bean with frankfurters, canned, condensed"
8371,"Soup, bean with ham, canned, chunky, ready-to-serve"
8372,"Soup, chicken, canned, chunky, ready-to-serve"
8373,"Soup, cream of chicken, canned, condensed"
8374,"Soup, chicken gumbo, canned, condensed"
8375,"Soup, chunky chicken noodle, canned, ready-to-serve"
8376,"Soup, chicken vegetable, canned, condensed"
8377,"Soup, chili beef, canned, condensed"
8378,"Soup, clam chowder, manhattan style, canned, chunky, ready-to-serve"
8379,"Soup, clam chowder, manhattan, canned, condensed"
8380,"Soup, minestrone, canned, condensed"
8381,"Soup, mushroom barley, canned, condensed"
8382,"Soup, cream of mushroom, canned, condensed"
8383,"Soup, mushroom with beef stock, canned, condensed"
8384,"Soup, pea, split with ham, canned, condensed"
8385,"Soup, cream of potato, canned, condensed"
8386,"Soup, cream of shrimp, canned, condensed"
8387,"Soup, tomato beef with noodle, canned, condensed"
8388,"Soup, vegetarian vegetable, canned, condensed"
8389,"Soup, chunky beef, canned, ready-to-serve"
8390,"Soup, vegetable beef, canned, condensed"
8391,"Soup, vegetable with beef broth, canned, condensed"
8392,"Soup, onion, dry, mix"
8393,"Soup, cream of vegetable, dry, powder"
8394,"Sauce, teriyaki, ready-to-serve"
8395,"Gravy, au jus, canned"
8396,"Gravy, au jus, dry"
8397,"Gravy, mushroom, canned"
8398,"Gravy, mushroom, dry, powder"
8399,"Gravy, onion, dry, mix"
8400,"Gravy, pork, dry, powder"
8401,"Sauce, sofrito, prepared from recipe"
8402,"Soup, beef mushroom, canned, condensed"
8403,"Soup, tomato, canned, prepared with equal volume water, commercial"
8404,"Soup, ramen noodle, any flavor, dry"
8405,"Soup, broccoli cheese, canned, condensed, commercial"
8406,"Sauce, hot chile, sriracha"
8407,"Soup, beef and vegetables, canned, ready-to-serve"
8408,"Sauce, cheese, ready-to-serve"
8409,"Sauce, pasta, spaghetti/marinara, ready-to-serve"
8410,"Beef, chuck eye Country-Style ribs, boneless, separable lean only, trimmed to 0"" fat, select, raw"
8411,"Beef, chuck eye Country-Style ribs, boneless, separable lean only, trimmed to 0"" fat, all grades, raw"
8412,"Beef, chuck eye steak, boneless, separable lean only, trimmed to 0"" fat, choice, cooked, grilled"
8413,"Beef, chuck eye steak, boneless, separable lean only, trimmed to 0"" fat, select, cooked, grilled"
8414,"Beef, shoulder pot roast, boneless, separable lean only, trimmed to 0"" fat, choice, cooked, braised"
8415,"Beef, shoulder pot roast, boneless, separable lean only, trimmed to 0"" fat, select, cooked, braised"
8416,"Beef, shoulder pot roast, boneless, separable lean only, trimmed to 0"" fat, all grades, cooked, braised"
8417,"Beef, chuck, mock tender steak, boneless, separable lean only, trimmed to 0"" fat, choice, cooked, braised"
8418,"Beef, chuck, mock tender steak, boneless, separable lean only, trimmed to 0"" fat, all grades, raw"
8419,"Beef, chuck for stew, separable lean and fat, all grades, cooked, braised"
8420,"Beef, chuck for stew, separable lean and fat, select, cooked, braised"
8421,"Beef, chuck for stew, separable lean and fat, choice, cooked, braised"
8422,"Beef, chuck for stew, separable lean and fat, all grades, raw"
8423,"Beef, chuck, under blade steak, boneless, separable lean only, trimmed to 0"" fat, all grades, cooked, braised"
8424,"Beef, chuck, under blade pot roast, boneless, separable lean and fat, trimmed to 0"" fat, all grades, cooked, braised"
8425,"Beef, rib eye steak, boneless, lip-on, separable lean only, trimmed to 1/8"" fat, all grades, cooked, grilled"
8426,"Beef, rib eye roast, bone-in, lip-on, separable lean only, trimmed to 1/8"" fat, choice, cooked, roasted"
8427,"Beef, chuck, under blade center steak, boneless, Denver Cut, separable lean and fat, trimmed to 0"" fat, choice, cooked, grilled"
8428,"Beef, chuck, under blade center steak, boneless, Denver Cut, separable lean and fat, trimmed to 0"" fat, select, cooked, grilled"
8429,"Beef, chuck, under blade center steak, boneless, Denver Cut, separable lean and fat, trimmed to 0"" fat, all grades, raw"
8430,"Beef, chuck, under blade center steak, boneless, Denver Cut, separable lean and fat, trimmed to 0"" fat, choice, raw"
8431,"Beef, chuck eye roast, boneless, America's Beef Roast, separable lean and fat, trimmed to 0"" fat, choice, cooked, roasted"
8432,"Beef, chuck eye roast, boneless, America's Beef Roast, separable lean and fat, trimmed to 0"" fat, select, cooked, roasted"
8433,"Beef, chuck, under blade steak, boneless, separable lean and fat, trimmed to 0"" fat, all grades, cooked, braised"
8434,"Beef, chuck, under blade steak, boneless, separable lean and fat, trimmed to 0"" fat, choice, cooked, braised"
8435,"Beef, chuck, under blade steak, boneless, separable lean and fat, trimmed to 0"" fat, select, cooked, braised"
8436,"Beef, chuck, mock tender steak, boneless, separable lean and fat, trimmed to 0"" fat, choice, raw"
8437,"Beef, chuck, mock tender steak, boneless, separable lean and fat, trimmed to 0"" fat, select, raw"
8438,"Beef, chuck, short ribs, boneless, separable lean and fat, trimmed to 0"" fat, all grades, cooked, braised"
8439,"Beef, chuck, short ribs, boneless, separable lean and fat, trimmed to 0"" fat, choice, cooked, braised"
8440,"Beef, shoulder pot roast, boneless, separable lean and fat, trimmed to 0"" fat, all grades, cooked, braised"
8441,"Beef, shoulder pot roast, boneless, separable lean and fat, trimmed to 0"" fat, choice, cooked, braised"
8442,"Beef, shoulder pot roast, boneless, separable lean and fat, trimmed to 0"" fat, select, cooked, braised"
8443,"Beef, chuck eye Country-Style ribs, boneless, separable lean and fat, trimmed to 0"" fat, all grades, cooked, braised"
8444,"Beef, chuck eye steak, boneless, separable lean and fat, trimmed to 0"" fat, all grades, cooked, grilled"
8445,"Beef, chuck eye steak, boneless, separable lean and fat, trimmed to 0"" fat, choice, cooked, grilled"
8446,"Beef, chuck eye steak, boneless, separable lean and fat, trimmed to 0"" fat, select, cooked, grilled"
8447,"Beef, chuck eye steak, boneless, separable lean and fat, trimmed to 0"" fat, all grades, raw"
8448,"Beef, rib eye steak, boneless, lip-on, separable lean only, trimmed to 1/8"" fat, choice, cooked, grilled"
8449,"Beef, rib eye steak, boneless, lip-on, separable lean only, trimmed to 1/8"" fat, select, cooked, grilled"
8450,"Beef, rib eye steak/roast, bone-in, lip-on, separable lean only, trimmed to 1/8"" fat, all grades, raw"
8451,"Beef, rib eye steak/roast, bone-in, lip-on, separable lean only, trimmed to 1/8"" fat, choice, raw"
8452,"Beef, rib eye steak, bone-in, lip-on, separable lean only, trimmed to 1/8"" fat, all grades, cooked, grilled"
8453,"Beef, rib eye steak, bone-in, lip-on, separable lean only, trimmed to 1/8"" fat, choice, cooked, grilled"
8454,"Beef, rib eye steak, bone-in, lip-on, separable lean only, trimmed to 1/8"" fat, select, cooked, grilled"
8455,"Beef, rib eye roast, boneless, lip-on, separable lean only, trimmed to 1/8"" fat, all grades, cooked, roasted"
8456,"Cheese, gjetost"
8457,"Cheese, gouda"
8458,"Cheese, gruyere"
8459,"Cheese, limburger"
8460,"Cheese, mozzarella, low moisture, part-skim"
8461,"Cheese, muenster"
8462,"Cheese, neufchatel"
8463,"Cheese, parmesan, grated"
8464,"Cheese, ricotta, part skim milk"
8465,"Cheese, romano"
8466,"Cheese, roquefort"
8467,"Cheese, swiss"
8468,"Cheese food, pasteurized process, American, vitamin D fortified"
8469,"Cheese food, pasteurized process, swiss"
8470,"Cheese spread, pasteurized process, American"
8471,"Cream, fluid, half and half"
8472,"Cream, sour, reduced fat, cultured"
8473,"Cream, sour, cultured"
8474,Eggnog
8475,"Sour dressing, non-butterfat, cultured, filled cream-type"
8476,"Cream substitute, liquid, with hydrogenated vegetable oil and soy protein"
8477,"Cream substitute, liquid, with lauric acid oil and sodium caseinate"
8478,"Cream substitute, powdered"
8479,"Milk substitutes, fluid, with lauric acid oil"
8480,"Milk, whole, 3.25% milkfat, with added vitamin D"
8481,"Milk, producer, fluid, 3.7% milkfat"
8482,"Milk, reduced fat, fluid, 2% milkfat, with added vitamin A and vitamin D"
8483,"Milk, lowfat, fluid, 1% milkfat, protein fortified, with added vitamin A and vitamin D"
8484,"Milk, nonfat, fluid, with added vitamin A and vitamin D (fat free or skim)"
8485,"Milk, nonfat, fluid, with added nonfat milk solids, vitamin A and vitamin D (fat free or skim)"
8486,"Milk, nonfat, fluid, protein fortified, with added vitamin A and vitamin D (fat free and skim)"
8487,"Milk, dry, nonfat, instant, with added vitamin A and vitamin D"
8488,"Milk, dry, nonfat, calcium reduced"
8489,"Milk, buttermilk, dried"
8490,"Milk, canned, condensed, sweetened"
8491,"Milk, canned, evaporated, with added vitamin D and without added vitamin A"
8492,"Milk, chocolate beverage, hot cocoa, homemade"
8493,"Milk, goat, fluid, with added vitamin D"
8494,"Milk, human, mature, fluid"
8495,"Milk, indian buffalo, fluid"
8496,"Whey, acid, dried"
8497,"Whey, sweet, fluid"
8498,"Whey, sweet, dried"
8499,"Yogurt, plain, whole milk"
8500,"Yogurt, fruit, low fat, 10 grams protein per 8 ounce"
8501,"Yogurt, fruit, low fat, 11g protein/8 oz"
8502,"Egg, whole, raw, fresh"
8503,"Cheese, Mexican blend"
8504,"Cheese product, pasteurized process, American, vitamin D fortified"
8505,"Cheese, pasteurized process, American, without added vitamin D"
8506,"Cheese food, pasteurized process, American, without added vitamin D"
8507,"Cheese, cheddar, reduced fat (Includes foods for USDA's Food Distribution Program)"
8508,"Ice cream, light, soft serve, chocolate"
8509,"Ice cream bar, stick or nugget, with crunch coating"
8510,"Cheese, cheddar, nonfat or fat free"
8511,"Yogurt, Greek, strawberry, lowfat"
8512,"Milk, evaporated, 2% fat, with added vitamin A and vitamin D"
8513,"Milk, chocolate, fat free, with added vitamin A and vitamin D"
8514,"Yogurt, Greek, plain, whole milk"
8515,"Ice cream bar, covered with chocolate and nuts"
8516,Ice cream sundae cone
8517,"Cream, half and half, lowfat"
8518,"Butter, Clarified butter (ghee)"
8519,"Spices, allspice, ground"
8520,"Spices, anise seed"
8521,"Spices, basil, dried"
8522,"Spices, chervil, dried"
8523,"Spices, chili powder"
8524,"Spices, cinnamon, ground"
8525,"Spices, cloves, ground"
8526,"Spices, dill weed, dried"
8527,"Spices, fennel seed"
8528,"Spices, fenugreek seed"
8529,"Spices, garlic powder"
8530,"Spices, nutmeg, ground"
8531,"Spices, onion powder"
8532,"Spices, oregano, dried"
8533,"Spices, paprika"
8534,"Spices, poppy seed"
8535,"Spices, poultry seasoning"
8536,"Spices, pumpkin pie spice"
8537,"Spices, rosemary, dried"
8538,"Babyfood, vegetables, corn, creamed, junior"
8539,"Babyfood, fruit, bananas with tapioca, strained"
8540,"Babyfood, fruit, peaches, strained"
8541,"Babyfood, fruit, peaches, junior"
8542,"Babyfood, fruit, pears, strained"
8543,"Babyfood, fruit, prunes with tapioca, without ascorbic acid, junior"
8544,"Babyfood, prunes, without vitamin c, strained"
8545,"Babyfood, fruit dessert, mango with tapioca"
8546,"Babyfood, pears, dices, toddler"
8547,"Babyfood, fruit, applesauce and pineapple, strained"
8548,"Babyfood, fruit, applesauce and pineapple, junior"
8549,"Babyfood, fruit, apple and raspberry, strained"
8550,"Babyfood, fruit, apple and raspberry, junior"
8551,"Babyfood, fruit, pears and pineapple, junior"
8552,"Babyfood, fruit, guava and papaya with tapioca, strained"
8553,"Babyfood, peaches, dices, toddler"
8554,"Babyfood, fruit, papaya and applesauce with tapioca, strained"
8555,"Babyfood, apple-banana juice"
8556,"Babyfood, juice, apple and peach"
8557,"Babyfood, juice, apple and prune"
8558,"Babyfood, juice, orange"
8559,"Babyfood, juice, orange and apple"
8560,"Babyfood, juice, prune and orange"
8561,"Babyfood, juice, mixed fruit"
8562,"Babyfood, cereal, barley, dry fortified"
8563,"Babyfood, cereal, whole wheat, with apples, dry fortified"
8564,"Babyfood, cereal, oatmeal, dry fortified"
8565,"Babyfood, cereal, oatmeal, with bananas, dry"
8566,"Babyfood, cereal, oatmeal, with applesauce and bananas, strained"
8567,"Babyfood, cereal, oatmeal, with applesauce and bananas, junior, fortified"
8568,"Babyfood, cereal, with egg yolks, junior"
8569,"Babyfood, cereal, with eggs, strained"
8570,"Babyfood, cereal, egg yolks and bacon, junior"
8571,"Babyfood, oatmeal cereal with fruit, dry, instant, toddler fortified"
8572,"Babyfood, cookie, baby, fruit"
8573,"Babyfood, cookies, arrowroot"
8574,"Babyfood, pretzels"
8575,Zwieback
8576,"Babyfood, dessert, cherry vanilla pudding, junior"
8577,"Babyfood, dessert, fruit pudding, orange, strained"
8578,"Babyfood, dessert, peach cobbler, strained"
8579,"Babyfood, dessert, peach cobbler, junior"
8580,"Babyfood, dessert, fruit dessert, without ascorbic acid, junior"
8581,"Babyfood, dessert, tropical fruit, junior"
8582,"Babyfood, dessert, custard pudding, vanilla, strained"
8583,"Babyfood, dessert, custard pudding, vanilla, junior"
8584,"Babyfood, juice, apple and grape"
8585,"Babyfood, fortified cereal bar, fruit filling"
8586,"Fat, beef tallow"
8587,Lard
8588,"Salad dressing, thousand island, commercial, regular"
8589,"Salad dressing, mayonnaise type, regular, with salt"
8590,"Salad dressing, french dressing, reduced fat"
8591,"Salad dressing, italian dressing, commercial, reduced fat"
8592,"Salad dressing, mayonnaise, imitation, soybean"
8593,"Salad dressing, mayonnaise, imitation, milk cream"
8594,"Salad dressing, mayonnaise, imitation, soybean without cholesterol"
8595,"Sandwich spread, with chopped pickle, regular, unspecified oils"
8596,"Oil, peanut, salad or cooking"
8597,"Oil, soybean, salad or cooking"
8598,"Oil, coconut"
8599,"Oil, olive, salad or cooking"
8600,"Salad dressing, french dressing, commercial, regular"
8601,"Margarine,spread, 35-39% fat, tub"
8602,"Salad dressing, french, home recipe"
8603,"Salad dressing, home recipe, vinegar and oil"
8604,"Salad dressing, mayonnaise, soybean oil, without salt"
8605,"Salad dressing, french, cottonseed, oil, home recipe"
8606,"Salad dressing, french dressing, fat-free"
8607,"Oil, cocoa butter"
8608,"Vegetable oil, palm kernel"
8609,"Oil, poppyseed"
8610,"Oil, tomatoseed"
8611,"Oil, teaseed"
8612,"Oil, soybean lecithin"
8613,"Oil, hazelnut"
8614,"Oil, babassu"
8615,"Oil, sheanut"
8616,"Margarine, margarine-like vegetable oil spread, 67-70% fat, tub"
8617,"Margarine-like, vegetable oil spread, approximately 37% fat, unspecified oils, with salt, with added vitamin D"
8618,"Margarine, regular, 80% fat, composite, stick, with salt, with added vitamin D"
8619,"Margarine, regular, 80% fat, composite, tub, with salt, with added vitamin D"
8620,"Margarine-like, vegetable oil spread, 60% fat, stick, with salt, with added vitamin D"
8621,"Oil, industrial, soy, low linolenic"
8622,"Oil, industrial, soy, ultra low linolenic"
8623,"Oil, industrial, soy, fully hydrogenated"
8624,"Oil, industrial, cottonseed, fully hydrogenated"
8625,"Oil, flaxseed, contains added sliced flaxseed"
8626,"Mayonnaise, reduced fat, with olive oil"
8627,"Salad dressing, mayonnaise-type, light"
8628,"Chicken, broiler, rotisserie, BBQ, breast, meat only"
8629,"Chicken, broilers or fryers, meat and skin and giblets and neck, stewed"
8630,"Chicken, broilers or fryers, meat and skin, raw"
8631,"Chicken, broilers or fryers, meat and skin, cooked, fried, batter"
8632,"Chicken, broilers or fryers, meat and skin, cooked, fried, flour"
8633,"Chicken, broilers or fryers, meat and skin, cooked, roasted"
8634,"Chicken, broilers or fryers, meat only, cooked, stewed"
8635,"Chicken, broilers or fryers, skin only, raw"
8636,"Chicken, broilers or fryers, skin only, cooked, fried, batter"
8637,"Chicken, broilers or fryers, skin only, cooked, fried, flour"
8638,"Chicken, broilers or fryers, giblets, cooked, simmered"
8639,"Chicken, gizzard, all classes, raw"
8640,"Chicken, gizzard, all classes, cooked, simmered"
8641,"Chicken, heart, all classes, raw"
8642,"Chicken, broilers or fryers, light meat, meat and skin, cooked, fried, batter"
8643,"Chicken, broilers or fryers, light meat, meat and skin, cooked, fried, flour"
8644,"Chicken, broilers or fryers, light meat, meat and skin, cooked, roasted"
8645,"Chicken, broilers or fryers, light meat, meat and skin, cooked, stewed"
8646,"Chicken, broilers or fryers, dark meat, meat and skin, raw"
8647,"Chicken, broilers or fryers, light meat, meat only, raw"
8648,"Chicken, broilers or fryers, light meat, meat only, cooked, fried"
8649,"Chicken, broilers or fryers, light meat, meat only, cooked, roasted"
8650,"Chicken, broilers or fryers, light meat, meat only, cooked, stewed"
8651,"Chicken, broilers or fryers, separable fat, raw"
8652,"Chicken, broilers or fryers, back, meat and skin, raw"
8653,"Chicken, broilers or fryers, back, meat and skin, cooked, fried, batter"
8654,"Chicken, broilers or fryers, back, meat and skin, cooked, fried, flour"
8655,"Chicken, broilers or fryers, back, meat only, cooked, roasted"
8656,"Chicken, broilers or fryers, back, meat only, cooked, stewed"
8657,"Chicken, broilers or fryers, breast, meat and skin, raw"
8658,"Chicken, broilers or fryers, breast, meat and skin, cooked, fried, batter"
8659,"Chicken, broilers or fryers, breast, meat and skin, cooked, fried, flour"
8660,"Chicken, broilers or fryers, breast, meat only, cooked, roasted"
8661,"Chicken, broilers or fryers, breast, meat only, cooked, stewed"
8662,"Turkey, whole, meat and skin, cooked, roasted"
8663,"Turkey, whole, meat only, raw"
8664,"Turkey, whole, meat only, cooked, roasted"
8665,"Turkey, whole, skin (light and dark), raw"
8666,"Turkey, all classes, gizzard, cooked, simmered"
8667,"Turkey, all classes, heart, raw"
8668,"Turkey, all classes, heart, cooked, simmered"
8669,"Turkey, all classes, liver, raw"
8670,"Turkey, all classes, liver, cooked, simmered"
8671,"Turkey, dark meat, meat and skin, raw"
8672,"Turkey, whole, dark meat, meat and skin, cooked, roasted"
8673,"Turkey, whole, light meat, raw"
8674,"Turkey, all classes, light meat, cooked, roasted"
8675,"Turkey, all classes, breast, meat and skin, cooked, roasted"
8676,"Turkey, all classes, leg, meat and skin, raw"
8677,"Turkey, all classes, leg, meat and skin, cooked, roasted"
8678,"Turkey, all classes, wing, meat and skin, raw"
8679,"Turkey, whole, breast, meat only, cooked, roasted"
8680,"Turkey, whole, wing, meat only, raw"
8681,"Turkey, whole, wing, meat only, cooked, roasted"
8682,"Turkey, young hen, skin only, cooked, roasted"
8683,"Turkey and gravy, frozen"
8684,"Turkey breast, pre-basted, meat and skin, cooked, roasted"
8685,"Turkey thigh, pre-basted, meat and skin, cooked, roasted"
8686,"Turkey roast, boneless, frozen, seasoned, light and dark meat, raw"
8687,"Turkey, mechanically deboned, from turkey frames, raw"
8688,"Turkey, Ground, raw"
8689,"Turkey, Ground, cooked"
8690,"Chicken, cornish game hens, meat and skin, raw"
8691,"Chicken, wing, frozen, glazed, barbecue flavored, heated (microwave)"
8692,"Chicken, broilers or fryers, breast, skinless, boneless, meat only, with added solution, raw"
8693,"Duck, young duckling, domesticated, White Pekin, breast, meat and skin, boneless, cooked, roasted"
8694,"Duck, young duckling, domesticated, White Pekin, breast, meat only, boneless, cooked without skin, broiled"
8695,"Chicken patty, frozen, uncooked"
8696,"Chicken patty, frozen, cooked"
8697,"Chicken breast tenders, breaded, cooked, microwaved"
8698,"Chicken breast tenders, breaded, uncooked"
8699,"Chicken, broiler, rotisserie, BBQ, wing, meat only"
8700,"Chicken, broilers or fryers, rotisserie, original seasoning, back, meat only, cooked"
8701,"Chicken, broilers or fryers, rotisserie, original seasoning, breast, meat only, cooked"
8702,"Chicken, broilers or fryers, drumstick, rotisserie, original seasoning, meat only, cooked"
8703,"Chicken, broilers or fryers, rotisserie, original seasoning, skin only, cooked"
8704,"Chicken, broilers or fryers,  rotisserie, original seasoning, drumstick, meat and skin, cooked"
8705,"Chicken, broilers or fryers, rotisserie, original seasoning, thigh, meat and skin, cooked"
8706,"Chicken, broilers or fryers, rotisserie, original seasoning, wing, meat and skin, cooked"
8707,"Chicken, broiler, rotisserie, BBQ, skin"
8708,"Turkey, drumstick, from whole bird, meat only, with added solution, raw"
8709,"Turkey, wing, from whole bird, meat only, with added solution, raw"
8710,"Turkey, wing, from whole bird, meat only, with added solution, roasted"
8711,"Turkey, retail parts, breast, meat and skin, raw"
8712,"Turkey, retail parts, breast, meat and skin, cooked, roasted"
8713,"Turkey, drumstick, from whole bird, meat only, roasted"
8714,"Turkey, thigh, from whole bird, meat only, raw"
8715,"Turkey, thigh, from whole bird, meat only, roasted"
8716,"Turkey, retail parts, thigh, meat and skin, raw"
8717,"Chicken, broiler or fryers, breast, skinless, boneless, meat only, cooked, grilled"
8718,"Chicken, broiler or fryers, breast, skinless, boneless, meat only, with added solution, cooked, braised"
8719,"Chicken, broiler or fryers, breast, skinless, boneless, meat only, with added solution, cooked, grilled"
8720,"Soup, cream of asparagus, canned, condensed"
8721,"Soup, beef broth or bouillon canned, ready-to-serve"
8722,"Soup, beef noodle, canned, condensed"
8723,"Soup, cream of celery, canned, condensed"
8724,"Soup, cheese, canned, condensed"
8725,"Soup, chicken broth, canned, condensed"
8726,"Soup, chicken noodle, canned, condensed"
8727,"Soup, chicken rice, canned, chunky, ready-to-serve"
8728,"Soup, chicken with rice, canned, condensed"
8729,"Soup, chicken and vegetable, canned, ready-to-serve"
8730,"Soup, clam chowder, new england, canned, condensed"
8731,"Soup, beef broth bouillon and consomme, canned, condensed"
8732,"Soup, lentil with ham, canned, ready-to-serve"
8733,"Soup, minestrone, canned, chunky, ready-to-serve"
8734,"Soup, onion, canned, condensed"
8735,"Soup, cream of onion, canned, condensed"
8736,"Soup, oyster stew, canned, condensed"
8737,"Soup, pea, green, canned, condensed"
8738,"Soup, pea, split with ham, canned, chunky, ready-to-serve"
8739,"Soup, tomato rice, canned, condensed"
8740,"Soup, turkey, chunky, canned, ready-to-serve"
8741,"Soup, chunky vegetable, canned, ready-to-serve"
8742,"Soup, beef broth or bouillon, powder, dry"
8743,"Soup, beef broth, cubed, dry"
8744,"Soup, chicken broth or bouillon, dry"
8745,"Soup, chicken broth cubes, dry"
8746,"Gravy, beef, canned, ready-to-serve"
8747,"Gravy, brown, dry"
8748,"Gravy, chicken, canned or bottled, ready-to-serve"
8749,"Gravy, chicken, dry"
8750,"Gravy, turkey, canned, ready-to-serve"
8751,"Gravy, turkey, dry"
8752,"Gravy, unspecified type, dry"
8753,"Soup, chicken noodle, dry, mix"
8754,"Soup, beef mushroom, canned, prepared with equal volume water"
8755,"Soup, chicken mushroom, canned, prepared with equal volume water"
8756,"Soup, tomato bisque, canned, prepared with equal volume water"
8757,"Sauce, peanut, made from coconut, water, sugar, peanuts"
8758,"Sauce, pesto, ready-to-serve, refrigerated"
8759,"Sauce, pesto, ready-to-serve, shelf stable"
8760,"Soup, vegetable broth, ready to serve"
8761,"Sauce, cheese sauce mix, dry"
8762,"Soup, chicken corn chowder, chunky, ready-to-serve, single brand"
8763,"Soup, bean with bacon, condensed, single brand"
8764,"Soup, tomato, canned, condensed, reduced sodium"
8765,"Gravy, brown instant, dry"
8766,"Gravy, instant beef, dry"
8767,"Gravy, instant turkey, dry"
8768,"Soup, tomato, low sodium, with water"
8769,"Soup, pea, low sodium, prepared with equal volume water"
8770,"Soup, chicken noodle, low sodium, canned, prepared with equal volume water"
8771,"Soup, vegetable soup, condensed, low sodium, prepared with equal volume water"
8772,"Sauce, tomato chili sauce, bottled, with salt"
8773,"Soup, vegetable chicken, canned, prepared with water, low sodium"
8774,"Sauce, pasta, spaghetti/marinara, ready-to-serve, low sodium"
8775,"Gravy, meat or poultry, low sodium, prepared"
8776,"Barbecue loaf, pork, beef"
8777,"Soup, cream of chicken, canned, condensed, reduced sodium"
8778,"Sauce, alfredo mix, dry"
8779,"Sauce, peppers, hot, chili, mature red, canned"
8780,"Sauce, chili, peppers, hot, immature green, canned"
8781,Fish broth
8782,"Soup, cream of mushroom, low sodium, ready-to-serve, canned"
8783,"Potato soup, instant, dry mix"
8784,"Soup, chicken broth, low sodium, canned"
8785,"Sauce, worcestershire"
8786,"Soup, beef and mushroom, low sodium, chunk style"
8787,"Soup, beef stroganoff, canned, chunky style, ready-to-serve"
8788,"Soup, bouillon cubes and granules, low sodium, dry"
8789,"Soup, ramen noodle, beef flavor, dry"
8790,"Soup, ramen noodle, chicken flavor, dry"
8791,"Beerwurst, beer salami, pork"
8792,"Sausage, Berliner, pork, beef"
8793,Blood sausage
8794,"Bockwurst, pork, veal, raw"
8795,"Bratwurst, pork, cooked"
8796,"Braunschweiger (a liver sausage), pork"
8797,"Bratwurst, pork, beef, link"
8798,"Cheesefurter, cheese smokie, pork, beef"
8799,"Frankfurter, chicken"
8800,"Frankfurter, turkey"
8801,"Ham, chopped, canned"
8802,"Ham, chopped, not canned"
8803,Ham and cheese loaf or roll
8804,Ham and cheese spread
8805,"Headcheese, pork"
8806,"Sausage, Italian, pork, mild, raw"
8807,"Sausage, pork and turkey, pre-cooked"
8808,"Frankfurter, meat and poultry, cooked, boiled"
8809,"Frankfurter, meat and poultry, cooked, grilled"
8810,"Pork sausage, link/patty, reduced fat, unprepared"
8811,"Pork sausage, link/patty, reduced fat, cooked, pan-fried"
8812,"Bologna, meat and poultry"
8813,"Meatballs, frozen, Italian style"
8814,"Bacon, turkey, microwaved"
8815,"Bacon, turkey, low sodium"
8816,"Cereals ready-to-eat, granola, homemade"
8817,"Cereals, corn grits, white, regular and quick, enriched, dry"
8818,"Cereals, corn grits, white, regular and quick, enriched, cooked with water, without salt"
8819,"Cereals, oats, instant, fortified, plain, dry"
8820,"Cereals, oats, instant, fortified, plain, prepared with water (boiling water added or microwaved)"
8821,"Cereals, oats, instant, fortified, with cinnamon and spice, dry"
8822,"Cereals, whole wheat hot natural cereal, dry"
8823,"Cereals, whole wheat hot natural cereal, cooked with water, without salt"
8824,"Cereals, corn grits, yellow, regular and quick, unenriched, dry"
8825,"Cereals, corn grits, white, regular and quick, enriched, cooked with water, with salt"
8826,"Cereals, corn grits, yellow, regular and quick, enriched, cooked with water, without salt"
8827,"Cereals, corn grits, yellow, regular, quick, enriched, cooked with water, with salt"
8828,"Cereals, oats, regular and quick and instant, unenriched, cooked with water (includes boiling and microwaving), with salt"
8829,"Cereals, whole wheat hot natural cereal, cooked with water, with salt"
8830,"Acerola, (west indian cherry), raw"
8831,"Acerola juice, raw"
8832,"Apples, raw, with skin (Includes foods for USDA's Food Distribution Program)"
8833,"Apples, raw, without skin"
8834,"Apples, dehydrated (low moisture), sulfured, stewed"
8835,"Apples, dried, sulfured, uncooked"
8836,"Apples, dried, sulfured, stewed, without added sugar"
8837,"Apples, dried, sulfured, stewed, with added sugar"
8838,"Apples, frozen, unsweetened, unheated (Includes foods for USDA's Food Distribution Program)"
8839,"Applesauce, canned, unsweetened, without added ascorbic acid (Includes foods for USDA's Food Distribution Program)"
8840,"Applesauce, canned, sweetened, without salt"
8841,"Apricots, raw"
8842,"Apricots, canned, water pack, with skin, solids and liquids"
8843,"Apricots, canned, heavy syrup pack, with skin, solids and liquids"
8844,"Apricots, canned, heavy syrup pack, without skin, solids and liquids"
8845,"Apricots, canned, extra heavy syrup pack, without skin, solids and liquids"
8846,"Apricots, dehydrated (low-moisture), sulfured, uncooked"
8847,"Apricots, frozen, sweetened"
8848,"Apricot nectar, canned, with added ascorbic acid"
8849,"Avocados, raw, all commercial varieties"
8850,"Avocados, raw, California"
8851,"Avocados, raw, Florida"
8852,"Cherries, tart, dried, sweetened (Includes foods for USDA's Food Distribution Program)"
8853,"Blackberries, canned, heavy syrup, solids and liquids"
8854,"Blackberries, frozen, unsweetened"
8855,"Blueberries, raw"
8856,"Boysenberries, canned, heavy syrup"
8857,"Boysenberries, frozen, unsweetened"
8858,"Breadfruit, raw"
8859,"Carambola, (starfruit), raw"
8860,"Cherries, sour, red, canned, heavy syrup pack, solids and liquids"
8861,"Cherries, sour, red, canned, extra heavy syrup pack, solids and liquids"
8862,"Cherries, sour, red, frozen, unsweetened (Includes foods for USDA's Food Distribution Program)"
8863,"Cherries, sweet, raw"
8864,"Cherries, sweet, canned, extra heavy syrup pack, solids and liquids"
8865,"Crabapples, raw"
8866,"Cranberries, raw"
8867,"Cranberries, dried, sweetened (Includes foods for USDA's Food Distribution Program)"
8868,"Currants, zante, dried"
8869,"Custard-apple, (bullock's-heart), raw"
8870,"Dates, deglet noor"
8871,"Elderberries, raw"
8872,"Beef, Australian, imported, grass-fed,  external fat, raw"
8873,"Beef, Australian, imported, grass-fed, seam fat, raw"
8874,"Beef, Australian, imported, Wagyu, external fat, Aust. marble score 4/5, raw"
8875,"Beef, Australian, imported, Wagyu, seam fat, Aust. marble score 4/5, raw"
8876,"Beef, Australian, imported, Wagyu, loin, tenderloin steak/roast, boneless, separable lean and fat, Aust. marble score 4/5, raw"
8877,"Beef, Australian, imported, grass-fed, loin, top loin steak/roast, boneless, separable lean and fat, raw"
8878,"Beef, Australian, imported, grass-fed, loin, top sirloin cap-off steak/roast, boneless, separable lean only, raw"
8879,"Beef, Australian, imported, grass-fed, rib, ribeye steak/roast lip-on, boneless, separable lean only, raw"
8880,"Beef, Australian, imported, Wagyu, loin, top loin steak/roast, boneless, separable lean only, Aust. marble score 9, raw"
8881,"Beef, Australian, imported, Wagyu, rib, small end rib steak/roast, boneless, separable lean only, Aust. marble score 4/5, raw"
8882,"Beef, Australian, imported, Wagyu, rib, small end rib steak/roast, boneless, separable lean only, Aust. marble score 9, raw"
8883,"Beef, Australian, imported, grass-fed, loin, top sirloin cap-off steak/roast, boneless, separable lean and fat, raw"
8884,"Beef, Australian, imported, Wagyu, rib, small end rib steak/roast, boneless, separable lean and fat, Aust. marble score 4/5, raw"
8885,"Beef, Australian, imported, Wagyu, rib, small end rib steak/roast, boneless, separable lean and fat, Aust. marble score 9, raw"
8886,"Beef, Australian, imported, Wagyu, loin, tenderloin steak/roast, boneless, separable lean and fat, Aust. marble score 9, raw"
8887,"Beef, round, top round steak, boneless, separable lean and fat, trimmed to 0"" fat, all grades, raw"
8888,"Beef, round, top round roast, boneless, separable lean and fat, trimmed to 0"" fat, select, raw"
8889,"Beef, round, eye of round roast, boneless, separable lean and fat, trimmed to 0"" fat, all grades, raw"
8890,"Beef, round, eye of round roast, boneless, separable lean and fat, trimmed to 0"" fat, choice, raw"
8891,"Beef, round, eye of round roast, boneless, separable lean and fat, trimmed to 0"" fat, select, raw"
8892,"Beef, loin, tenderloin roast, boneless, separable lean and fat, trimmed to 0"" fat, choice, raw"
8893,"Beef, loin, tenderloin roast, boneless, separable lean and fat, trimmed to 0"" fat, select, raw"
8894,"Beef, loin, top loin steak, boneless, lip off, separable lean and fat, trimmed to 0"" fat, all grades, raw"
8895,"Beef, loin, top loin steak, boneless, lip off, separable lean and fat, trimmed to 0"" fat, choice, raw"
8896,"Beef, loin, top loin steak, boneless, lip off, separable lean and fat, trimmed to 0"" fat, select, raw"
8897,"Beef, loin, tenderloin roast, boneless, separable lean and fat, trimmed to 0"" fat, choice, cooked, roasted"
8898,"Beef, loin, tenderloin roast, boneless, separable lean and fat, trimmed to 0"" fat, select, cooked, roasted"
8899,"Beef, round, top round roast, boneless, separable lean and fat, trimmed to 0"" fat, all grades, cooked, roasted"
8900,"Beef, round, top round roast, boneless, separable lean and fat, trimmed to 0"" fat, choice, cooked, roasted"
8901,"Beef, round, top round steak, boneless, separable lean only, trimmed to 0"" fat, all grades, raw"
8902,"Beef, round, top round steak, boneless, separable lean only, trimmed to 0"" fat, choice, raw"
8903,"Beef, round, top round steak, boneless, separable lean only, trimmed to 0"" fat, select, raw"
8904,"Beef, round, top round roast, boneless, separable lean only, trimmed to 0"" fat, all grades, raw"
8905,"Beef, round, eye of round roast, boneless, separable lean only, trimmed to 0"" fat, select, raw"
8906,"Beef, round, eye of round steak, boneless, separable lean only, trimmed to 0"" fat, all grades, raw"
8907,"Beef, round, eye of round steak, boneless, separable lean only, trimmed to 0"" fat, choice, raw"
8908,"Beef, round, eye of round steak, boneless, separable lean only, trimmed to 0"" fat, select, raw"
8909,"Beef, loin, tenderloin roast, boneless, separable lean only, trimmed to 0"" fat, all grades, raw"
8910,"Beef, loin, top loin steak, boneless, lip off, separable lean only, trimmed to 0"" fat, select, raw"
8911,"Beef, loin, tenderloin steak, boneless, separable lean only, trimmed to 0"" fat, all grades, raw"
8912,"Beef, loin, tenderloin steak, boneless, separable lean only, trimmed to 0"" fat, choice, raw"
8913,"Beef, loin, tenderloin steak, boneless, separable lean only, trimmed to 0"" fat, select, raw"
8914,"Beef, round, top round roast, boneless, separable lean only, trimmed to 0"" fat, choice, cooked, roasted"
8915,"Beef, round, top round roast, boneless, separable lean only, trimmed to 0"" fat, select, cooked, roasted"
8916,"Beef, round, eye of round steak, boneless, separable lean only, trimmed to 0"" fat, all grades, cooked, grilled"
8917,"Beef, round, eye of round steak, boneless, separable lean only, trimmed to 0"" fat, choice, cooked, grilled"
8918,"Beef, loin, top loin steak, boneless, lip-on, separable lean and fat, trimmed to 1/8"" fat, select, raw"
8919,"Beef, loin, top loin steak, boneless, lip-on, separable lean and fat, trimmed to 1/8"" fat, all grades, raw"
8920,"Beef, composite of trimmed retail cuts, separable lean only, trimmed to 0"" fat, select, raw"
8921,"Beef, composite of trimmed retail cuts, separable lean and fat, trimmed to 0"" fat, select, raw"
8922,"Beef, composite of trimmed retail cuts, separable lean only, trimmed to 1/8"" fat, select, cooked"
8923,"Beef, composite of trimmed retail cuts, separable lean only, trimmed to 1/8"" fat, select, raw"
8924,"Beef, chuck, clod roast, separable lean only, trimmed to 1/4"" fat, all grades, cooked, roasted"
8925,"Beef, shoulder steak, boneless, separable lean only, trimmed to 0"" fat, all grades, cooked, grilled"
8926,"Beef, chuck, clod steak, separable lean only, trimmed to 1/4"" fat, all grades, cooked, braised"
8927,"Beef, chuck, mock tender steak, separable lean and fat, trimmed to 0"" fat, USDA choice, cooked, broiled"
8928,"Beef, chuck, clod roast, separable lean and fat, trimmed to 0"" fat, select, cooked, roasted"
8929,"Beef, shoulder steak, boneless, separable lean and fat, trimmed to 0"" fat, choice, cooked, grilled"
8930,"Beef, shoulder steak, boneless, separable lean and fat, trimmed to 0"" fat, select, cooked, grilled"
8931,"Beef, plate, inside skirt steak, separable lean and fat, trimmed to 0"" fat, all grades, cooked, broiled"
8932,"Beef, plate, outside skirt steak, separable lean and fat, trimmed to 0"" fat, all grades, cooked, broiled"
8933,"Beef, shoulder steak, boneless, separable lean and fat, trimmed to 0"" fat, all grades, cooked, grilled"
8934,"Beef, ground, 95% lean meat / 5% fat, raw"
8935,"Beef, ground, 95% lean meat / 5% fat, patty, cooked, broiled"
8936,"Beef, ground, 95% lean meat / 5% fat, patty, cooked, pan-broiled"
8937,"Beef, ground, 90% lean meat / 10% fat, patty, cooked, pan-broiled"
8938,"Beef, ground, 90% lean meat / 10% fat, crumbles, cooked, pan-browned"
8939,"Beef, ground, 90% lean meat / 10% fat, loaf, cooked, baked"
8940,"Beef, ground, 85% lean meat / 15% fat, raw (Includes foods for USDA's Food Distribution Program)"
8941,"Beef, ground, 80% lean meat / 20% fat, patty, cooked, broiled"
8942,"Beef, ground, 80% lean meat / 20% fat, patty, cooked, pan-broiled"
8943,"Beef, ground, 80% lean meat / 20% fat, crumbles, cooked, pan-browned"
8944,"Beef, ground, 80% lean meat / 20% fat, loaf, cooked, baked"
8945,"Beef, ground, 75% lean meat / 25% fat, loaf, cooked, baked"
8946,"Beef, rib, small end (ribs 10-12), separable lean only, trimmed to 1/8"" fat, select, raw"
8947,"Beef, tenderloin, steak, separable lean only, trimmed to 1/8"" fat, select, raw"
8948,"Beef, top sirloin, steak, separable lean only, trimmed to 1/8"" fat, select, raw"
8949,"Beef, short loin, top loin, steak, separable lean only, trimmed to 1/8"" fat, select, cooked, grilled"
8950,"Beef, round, bottom round , roast, separable lean only, trimmed to 1/8"" fat, select, cooked, roasted"
8951,"Beef, round, eye of round, roast, separable lean only, trimmed to 1/8"" fat, select, cooked, roasted"
8952,"Beef, round, top round, steak, separable lean only, trimmed to 1/8"" fat, select, cooked, broiled"
8953,"Beef, round, eye of round, roast, separable lean only, trimmed to 1/8"" fat, all grades, cooked, roasted"
8954,"Beef, rib, small end (ribs 10-12), separable lean only, trimmed to 1/8"" fat, all grades, raw"
8955,"Beef, tenderloin, steak, separable lean only, trimmed to 1/8"" fat, all grades, cooked, broiled"
8956,"Beef, tenderloin, steak, separable lean only, trimmed to 1/8"" fat, all grades, raw"
8957,"Beef, short loin, top loin, steak, separable lean only, trimmed to 1/8"" fat, all grades, cooked, broiled"
8958,"Beef, short loin, top loin steak, separable lean only, trimmed to 1/8"" fat, all grades, raw"
8959,"Beef, round, top round, steak, separable lean only, trimmed to 1/8"" fat, all grades, cooked, broiled"
8960,"Beef, round, top round, steak, separable lean only, trimmed to 1/8"" fat, all grades, raw"
8961,"Beef, chuck, arm pot roast, separable lean only, trimmed to 1/8"" fat, choice, cooked, braised"
8962,"Beef, brisket, flat half, separable lean only, trimmed to 1/8"" fat, choice, cooked, braised"
8963,"Beef, round, eye of round, roast, separable lean only, trimmed to 1/8"" fat, choice, raw"
8964,"Beef, round, top round, steak, separable lean only, trimmed to 1/8"" fat, choice, raw"
8965,"Soup, wonton, Chinese restaurant"
8966,"Soup, ramen noodle, dry, any flavor, reduced fat, reduced sodium"
8967,"Sauce, duck, ready-to-serve"
8968,"Sauce, salsa, verde, ready-to-serve"
8969,"Sauce, steak, tomato based"
8970,"Sauce, tartar, ready-to-serve"
8971,Wasabi
8972,"Dip, bean, original flavor"
8973,"Sauce, horseradish"
8974,"Cookie, vanilla with caramel, coconut, and chocolate coating"
8975,"Cookie, with peanut butter filling, chocolate-coated"
8976,"Cookies, animal, with frosting or icing"
8977,"Crackers, multigrain"
8978,"Cake, snack cakes, not chocolate, with icing or filling, low-fat, with added fiber"
8979,"Cookies, brownies, commercially prepared, reduced fat, with added fiber"
8980,"Cookies, chocolate sandwich, with creme filling, reduced fat"
8981,"Cookies, oatmeal sandwich, with creme filling"
8982,"Cookies, peanut butter, commercially prepared, sugar free"
8983,"Bread, chapati or roti, plain, commercially prepared"
8984,"Bread, naan, plain, commercially prepared, refrigerated"
8985,"Crackers, standard snack-type, with whole wheat"
8986,"Cookies, coconut macaroon"
8987,"Crackers, sandwich-type, peanut butter filled, reduced fat"
8988,"Bread, cinnamon"
8989,"Bread, wheat, sprouted"
8990,"Bread, wheat, sprouted, toasted"
8991,"Bagels, multigrain"
8992,"Pancakes, whole wheat, dry mix, incomplete"
8993,"Crackers, toast thins, low sodium"
8994,"Crackers, whole grain, sandwich-type, with peanut butter filling"
8995,"Crackers, water biscuits"
8996,"Cookies, gluten-free, chocolate sandwich, with creme filling"
8997,"Cookies, gluten-free, chocolate wafer"
8998,"Cookies, gluten-free, lemon wafer"
8999,"Cookies, gluten-free, vanilla sandwich, with creme filling"
9000,"Rolls, gluten-free, white, made with brown rice flour, tapioca starch, and potato starch"
9001,"Rolls, gluten-free, white, made with rice flour, rice starch, and corn starch"
9002,"Rolls, gluten-free, white, made with brown rice flour, tapioca starch, and sorghum flour"
9003,"Rolls, gluten-free, whole grain, made with tapioca starch and brown rice flour"
9004,"Cookies, oatmeal, reduced fat"
9005,"Cookies, chocolate cream covered biscuit sticks"
9006,"Cookies, Marie biscuit"
9007,"Cookies, vanilla sandwich with creme filling, reduced fat"
9008,"Beverages, carbonated, tonic water"
9009,"Beverages, carbonated, root beer"
9010,"Alcoholic Beverage, wine, table, red, Gamay"
9011,"Beverages, chocolate drink, milk and soy based, ready to drink, fortified"
9012,"Beverages, chocolate malt powder, prepared with 1% milk, fortified"
9013,"Beverages, carbonated, limeade, high caffeine"
9014,"Beverages, carbonated, low calorie, cola or pepper-types, with sodium saccharin, contains caffeine"
9015,"Beverages, coffee, ready to drink, vanilla, light, milk based, sweetened"
9016,"Beverages, Lemonade fruit juice drink light, fortified with vitamin E and C"
9017,"Beverages, chocolate-flavor beverage mix, powder, prepared with whole milk"
9018,"Beverages, coffee, ready to drink, milk based, sweetened"
9019,"Beverages, coffee, brewed, breakfast blend"
9020,"Beverages, Clam and tomato juice, canned"
9021,"Beverages, tea, green, ready to drink, ginseng and honey, sweetened"
9022,"Beverages, tea, green, ready-to-drink, diet"
9023,"Beverages, Cocoa mix, no sugar added, powder"
9024,"Beverages, tea, black, ready-to-drink, lemon, sweetened"
9025,"Beverages, coffee, brewed, prepared with tap water, decaffeinated"
9026,"Beverages, coffee, brewed, prepared with tap water"
9027,"Beverages, coffee, brewed, espresso, restaurant-prepared"
9028,"Beverages, tea, black, ready-to-drink, lemon, diet"
9029,"Beverages, coffee, instant, regular, powder"
9030,"Beverages, coffee, instant, decaffeinated, prepared with water"
9031,"Beverages, coffee, instant, with chicory"
9032,"Beverages, cranberry-grape juice drink, bottled"
9033,"Cranberry juice cocktail, bottled"
9034,"Cranberry juice cocktail, bottled, low calorie, with calcium, saccharin and corn sweetener"
9035,"Beverages, Eggnog-flavor mix, powder, prepared with whole milk"
9036,"Alcoholic beverages, beer, higher alcohol"
9037,"Beverages, Malt liquor beverage"
9038,"Alcoholic beverages, wine, rose"
9039,"Beverages, tea, green, brewed, decaffeinated"
9040,"Beverages, tea, green, ready to drink, unsweetened"
9041,"Beverages, citrus fruit juice drink, frozen concentrate"
9042,"Beverages, citrus fruit juice drink, frozen concentrate, prepared with water"
9043,"Beverages, fruit punch drink, without added nutrients, canned"
9044,"Beverages, Tropical Punch, ready-to-drink"
9045,"Beverages, grape drink, canned"
9046,"Beverages, tea, green, brewed, regular"
9047,"Beverages, tea, instant, lemon, with added ascorbic acid"
9048,"Alcoholic beverage, distilled, all (gin, rum, vodka, whiskey) 86 proof"
9049,"Alcoholic beverage, distilled, all (gin, rum, vodka, whiskey) 90 proof"
9050,"Carbonated beverage, chocolate-flavored soda"
9051,"Alcoholic Beverage, wine, table, red, Merlot"
9052,"Water, non-carbonated, bottles, natural fruit flavors, sweetened with low calorie sweetener"
9053,"Beverages, Meal supplement drink, canned, peanut flavor"
9054,"Water, with corn syrup and/or sugar and low calorie sweetener, fruit flavored"
9055,"Beverages, Horchata, as served in restaurant"
9056,"Beverages, rice milk, unsweetened"
9057,"Beverages, Fruit flavored drink, reduced sugar, greater than 3% fruit juice, high vitamin C, added calcium"
9058,"Beverages, fruit juice drink, greater than 3% fruit juice, high vitamin C and added thiamin"
9059,"Beverages, tea, hibiscus, brewed"
9060,"Beverages, fruit juice drink, greater than 3% juice, high vitamin C"
9061,"Fish, bass, striped, raw"
9062,"Fish, bluefish, raw"
9063,"Fish, burbot, raw"
9064,"Fish, butterfish, raw"
9065,"Fish, carp, raw"
9066,"Fish, cisco, raw"
9067,"Fish, cisco, smoked"
9068,"Fish, cod, Atlantic, raw"
9069,"Fish, cod, Atlantic, cooked, dry heat"
9070,"Fish, croaker, Atlantic, cooked, breaded and fried"
9071,"Fish, cusk, raw"
9072,"Fish, mahimahi, raw"
9073,"Fish, drum, freshwater, raw"
9074,"Fish, gefiltefish, commercial, sweet recipe"
9075,"Fish, grouper, mixed species, raw"
9076,"Fish, grouper, mixed species, cooked, dry heat"
9077,"Fish, haddock, raw"
9078,"Fish, halibut, Greenland, raw"
9079,"Crustaceans, crab, blue, canned"
9080,"Crustaceans, crab, blue, crab cakes, home recipe"
9081,"Crustaceans, crab, dungeness, raw"
9082,"Crustaceans, crab, queen, raw"
9083,"Crustaceans, shrimp, mixed species, cooked, breaded and fried"
9084,"Crustaceans, shrimp, mixed species, cooked, moist heat (may contain additives to retain moisture)"
9085,"Crustaceans, shrimp, mixed species, canned"
9086,"Crustaceans, shrimp, mixed species, imitation, made from surimi"
9087,"Mollusks, clam, mixed species, cooked, breaded and fried"
9088,"Mollusks, clam, mixed species, cooked, moist heat"
9089,"Mollusks, clam, mixed species, canned, drained solids"
9090,"Mollusks, clam, mixed species, canned, liquid"
9091,"Mollusks, oyster, eastern, wild, raw"
9092,"Mollusks, oyster, eastern, cooked, breaded and fried"
9093,"Mollusks, oyster, eastern, wild, cooked, moist heat"
9094,"Mollusks, oyster, eastern, canned"
9095,"Mollusks, squid, mixed species, cooked, fried"
9096,"Mollusks, whelk, unspecified, raw"
9097,"Mollusks, whelk, unspecified, cooked, moist heat"
9098,"Fish, salmon, chinook, smoked, (lox), regular"
9099,"Fish, tuna, light, canned in water, without salt, drained solids"
9100,"Fish, tuna, white, canned in oil, without salt, drained solids"
9101,"Fish, tuna, white, canned in water, without salt, drained solids"
9102,"Fish, bass, freshwater, mixed species, cooked, dry heat"
9103,"Fish, cod, Pacific, cooked, dry heat (may contain additives to retain moisture)"
9104,"Fish, cusk, cooked, dry heat"
9105,"Fish, mahimahi, cooked, dry heat"
9106,"Fish, drum, freshwater, cooked, dry heat"
9107,"Fish, mackerel, Pacific and jack, mixed species, cooked, dry heat"
9108,"Fish, milkfish, cooked, dry heat"
9109,"Fish, monkfish, cooked, dry heat"
9110,"Fish, pike, walleye, cooked, dry heat"
9111,"Fish, salmon, Atlantic, wild, cooked, dry heat"
9112,"Fish, salmon, chinook, cooked, dry heat"
9113,"Fish, salmon, chum, cooked, dry heat"
9114,"Fish, salmon, pink, cooked, dry heat"
9115,"Fish, sucker, white, cooked, dry heat"
9116,"Fish, sunfish, pumpkin seed, cooked, dry heat"
9117,"Fish, trout, mixed species, cooked, dry heat"
9118,"Fish, tuna, skipjack, fresh, cooked, dry heat"
9119,"Fish, tuna, yellowfin, fresh, cooked, dry heat"
9120,"Crustaceans, crab, dungeness, cooked, moist heat"
9121,"Crustaceans, crab, queen, cooked, moist heat"
9122,"Crustaceans, spiny lobster, mixed species, cooked, moist heat"
9123,"Mollusks, cuttlefish, mixed species, cooked, moist heat"
9124,"Beerwurst, beer salami, pork and beef"
9125,"Bologna, beef"
9126,"Bologna, beef and pork"
9127,"Pasta, cooked, unenriched, with added salt"
9128,"Cornmeal, degermed, unenriched, white"
9129,"Wheat flour, white (industrial), 9% protein, bleached, enriched"
9130,"Wheat flour, white (industrial), 9% protein, bleached, unenriched"
9131,"Wheat flour, white (industrial), 10% protein, bleached, enriched"
9132,"Wheat flour, white (industrial), 10% protein, bleached, unenriched"
9133,"Wheat flour, white (industrial), 13% protein, bleached, unenriched"
9134,"Wheat flour, white (industrial), 15% protein, bleached, enriched"
9135,"Wheat flour, white (industrial), 15% protein, bleached, unenriched"
9136,Millet flour
9137,"Pasta, whole grain, 51% whole wheat, remaining enriched semolina, cooked (Includes foods for USDA's Food Distribution Program)"
9138,"Pasta, whole grain, 51% whole wheat, remaining enriched semolina, dry (Includes foods for USDA's Food Distribution Program)"
9139,"Fast Foods, biscuit, with egg and sausage"
9140,"Fast foods, biscuit, with egg, cheese, and bacon"
9141,"Fast foods, biscuit, with ham"
9142,"Fast foods, biscuit, with sausage"
9143,"Fast foods, english muffin, with cheese and sausage"
9144,"Fast foods, english muffin, with egg, cheese, and canadian bacon"
9145,"Fast foods, english muffin, with egg, cheese, and sausage"
9146,"Fast foods, french toast sticks"
9147,"Fast foods, sundae, strawberry"
9148,"Fast foods, shrimp, breaded and fried"
9149,"Fast foods, burrito, with beans"
9150,"Fast foods, burrito, with beans and cheese"
9151,"Fast foods, griddle cake sandwich, egg, cheese, and sausage"
9152,"Fast foods, griddle cake sandwich, sausage"
9153,"Fast foods, griddle cake sandwich, egg, cheese, and bacon"
9154,"Fast foods, miniature cinnamon rolls"
9155,"Fast foods, hamburger; double, large patty; with condiments, vegetables and mayonnaise"
9156,"Fast foods, cheeseburger; single, large patty; with condiments, vegetables and mayonnaise"
9157,"Fast foods, cheeseburger; single, large patty; with condiments"
9158,"Fast Foods, cheeseburger; double, large patty; with condiments, vegetables and mayonnaise"
9159,"Fast foods, cheeseburger; double, regular patty; double decker bun with condiments and special sauce"
9160,"Light Ice Cream, soft serve, blended with cookie pieces"
9161,"Spaghetti with meat sauce, frozen entree"
9162,"Beef macaroni with tomato sauce, frozen entree, reduced fat"
9163,"Pasta with Sliced Franks in Tomato Sauce, canned entree"
9164,"Turkey Pot Pie, frozen entree"
9165,"Beef Pot Pie, frozen entree, prepared"
9166,"Tortellini, pasta with cheese filling, fresh-refrigerated, as purchased"
9167,"Pizza, meat topping, thick crust, frozen, cooked"
9168,"Pizza, pepperoni topping, regular crust, frozen, cooked"
9169,"Chili con carne with beans, canned entree"
9170,"Chili, no beans, canned entree"
9171,"Spaghetti, with meatballs in tomato sauce, canned"
9172,"Pasta with tomato sauce, no meat, canned"
9173,"Lasagna with meat & sauce, low-fat, frozen entree"
9174,"Burrito, beef and bean, microwaved"
9175,"Egg rolls, pork, refrigerated, heated"
9176,"Egg rolls, chicken, refrigerated, heated"
9177,"Egg rolls, vegetable, frozen, prepared"
9178,"Lasagna, Vegetable, frozen, baked"
9179,"Chili with beans, microwavable bowls"
9180,"Chicken, nuggets, dark and white meat, precooked, frozen, not reheated"
9181,"Chicken, nuggets, white meat, precooked, frozen, not reheated"
9182,"Ravioli, cheese with tomato sauce, frozen, not prepared, includes regular and light entrees"
9183,"Lasagna with meat sauce, frozen, prepared"
9184,"Beef, short loin, porterhouse steak, separable lean and fat, trimmed to 1/8"" fat, all grades, cooked, grilled"
9185,"Beef, short loin, porterhouse steak, separable lean and fat, trimmed to 1/8"" fat, select, raw"
9186,"Beef, short loin, porterhouse steak, separable lean and fat, trimmed to 1/8"" fat, select, cooked, grilled"
9187,"Beef, short loin, t-bone steak, separable lean and fat, trimmed to 1/8"" fat, all grades, raw"
9188,"Beef, round, knuckle, tip side, steak, separable lean and fat, trimmed to 0"" fat, choice, cooked, grilled"
9189,"Beef, round, knuckle, tip side, steak, separable lean and fat , trimmed to 0"" fat, select, raw"
9190,"Beef, round, knuckle, tip side, steak, separable lean and fat, trimmed to 0"" fat, select, cooked, grilled"
9191,"Beef, chuck, shoulder clod, shoulder tender, medallion, separable lean and fat, trimmed to 0"" fat, choice, raw"
9192,"Beef, chuck, shoulder clod, shoulder top and center steaks, separable lean and fat, trimmed to 0"" fat, select, raw"
9193,"Beef, chuck, shoulder clod, shoulder top and center steaks, separable lean and fat, trimmed to 0"" fat, select, cooked, grilled"
9194,"Beef, chuck, shoulder clod, top blade, steak, separable lean and fat, trimmed to 0"" fat, choice, raw"
9195,"Beef, chuck, shoulder clod, top blade, steak, separable lean and fat, trimmed to 0"" fat, choice, cooked, grilled"
9196,"Beef, round, knuckle, tip center, steak, separable lean and fat, trimmed to 0"" fat, select, cooked, grilled"
9197,"Beef, round, outside round, bottom round, steak, separable lean and fat, trimmed to 0"" fat, choice, raw"
9198,"Beef, round, outside round, bottom round, steak, separable lean and fat, trimmed to 0"" fat, choice, cooked, grilled"
9199,"Beef, round, outside round, bottom round, steak, separable lean and fat, trimmed to 0"" fat, select, raw"
9200,"Beef, round, knuckle, tip side, steak, separable lean and fat, trimmed to 0"" fat, all grades, cooked, grilled"
9201,"Beef, chuck, shoulder clod, shoulder top and center steaks, separable lean and fat, trimmed to 0"" fat, all grades, raw"
9202,"Beef, chuck, shoulder clod, shoulder top and center steaks, separable lean and fat, trimmed to 0"" fat, all grades, cooked, grilled"
9203,"Beef, chuck, shoulder clod, top blade, steak, separable lean and fat, trimmed to 0"" fat, all grades, raw"
9204,"Beef, round, outside round, bottom round, steak, separable lean and fat, trimmed to 0"" fat, all grades, cooked, grilled"
9205,"Beef, chuck, shoulder clod, shoulder tender, medallion, separable lean and fat, trimmed to 0"" fat, select, cooked, grilled"
9206,"Beef, plate steak, boneless, inside skirt, separable lean only, trimmed to 0"" fat, choice, raw"
9207,"Beef, plate steak, boneless, inside skirt, separable lean only, trimmed to 0"" fat, select, cooked, grilled"
9208,"Beef, plate steak, boneless, inside skirt, separable lean only, trimmed to 0"" fat, select, raw"
9209,"Beef, plate steak, boneless, outside skirt, separable lean only, trimmed to 0"" fat, all grades, cooked, grilled"
9210,"Beef, plate steak, boneless, outside skirt, separable lean only, trimmed to 0"" fat, select, raw"
9211,"Beef, rib eye steak, boneless, lip off, separable lean only, trimmed to 0"" fat, all grades, cooked, grilled"
9212,"Beef, rib eye steak, boneless, lip off, separable lean only, trimmed to 0"" fat, all grades, raw"
9213,"Beef, rib eye steak, boneless, lip off, separable lean only, trimmed to 0"" fat, choice, cooked, grilled"
9214,"Beef, rib, back ribs, bone-in, separable lean only, trimmed to 0"" fat, all grades, raw"
9215,"Beef, rib, back ribs, bone-in, separable lean only, trimmed to 0"" fat, choice, cooked, braised"
9216,"Beef, rib, back ribs, bone-in, separable lean only, trimmed to 0"" fat, choice, raw"
9217,"Beef, rib, back ribs, bone-in, separable lean only, trimmed to 0"" fat, select, cooked, braised"
9218,"Beef, rib eye roast, bone-in, lip-on, separable lean and fat, trimmed to 1/8"" fat, select, cooked, roasted"
9219,"Beef, rib eye roast, bone-in, lip-on, separable lean and fat, trimmed to 1/8"" fat, all grades, cooked, roasted"
9220,"Beef, rib eye steak/roast, bone-in, lip-on, separable lean and fat, trimmed to 1/8"" fat, all grades, raw"
9221,"Beef, rib eye steak/roast, bone-in, lip-on, separable lean and fat, trimmed to 1/8"" fat, choice, raw"
9222,"Beef, rib eye roast, boneless, lip-on, separable lean and fat, trimmed to 1/8"" fat, all grades, cooked, roasted"
9223,"Beef, rib eye roast, boneless, lip-on, separable lean and fat, trimmed to 1/8"" fat, choice, cooked, roasted"
9224,"Beef, rib eye roast, boneless, lip-on, separable lean and fat, trimmed to 1/8"" fat, select, cooked, roasted"
9225,"Beef, rib eye steak/roast, boneless, lip-on, separable lean and fat, trimmed to 1/8"" fat, all grades, raw"
9226,"Beef, plate steak, boneless, inside skirt, separable lean and fat, trimmed to 0"" fat, select, cooked, grilled"
9227,"Beef, plate steak, boneless, inside skirt, separable lean and fat, trimmed to 0"" fat, all grades, raw"
9228,"Beef, plate steak, boneless, inside skirt, separable lean and fat, trimmed to 0"" fat, choice, raw"
9229,"Beef, plate steak, boneless, inside skirt, separable lean and fat, trimmed to 0"" fat, select, raw"
9230,"Beef, ground, unspecified fat content, cooked"
9231,"Beef, plate steak, boneless, outside skirt, separable lean and fat, trimmed to 0"" fat, choice, raw"
9232,"Beef, plate steak, boneless, outside skirt, separable lean and fat, trimmed to 0"" fat, select, raw"
9233,"Beef, rib eye steak, boneless, lip off, separable lean and fat, trimmed to 0"" fat, all grades, cooked, grilled"
9234,"Beef, rib eye steak, boneless, lip off, separable lean and fat, trimmed to 0"" fat, choice, cooked, grilled"
9235,"Beef, rib, back ribs, bone-in, separable lean and fat, trimmed to 0"" fat, all grades, cooked, braised"
9236,"Beef, rib, back ribs, bone-in, separable lean and fat, trimmed to 0"" fat, choice, cooked, braised"
9237,"Beef, rib, back ribs, bone-in, separable lean and fat, trimmed to 0"" fat, select, cooked, braised"
9238,"Beef, rib, back ribs, bone-in, separable lean and fat, trimmed to 0"" fat, all grades, raw"
9239,"Beef, loin, top sirloin cap steak, boneless, separable lean only, trimmed to 1/8"" fat, all grades, cooked, grilled"
9240,"Beef, loin, top sirloin cap steak, boneless, separable lean only, trimmed to 1/8"" fat, choice, cooked, grilled"
9241,"Beef, loin, top sirloin cap steak, boneless, separable lean only, trimmed to 1/8"" fat, select, cooked, grilled"
9242,"Beef, loin, top sirloin cap steak, boneless, separable lean only, trimmed to 1/8"" fat, all grades, raw"
9243,"Beef, loin, top sirloin cap steak, boneless, separable lean only, trimmed to 1/8"" fat, choice, raw"
9244,"Cheese, blue"
9245,"Cheese, brick"
9246,"Cheese, brie"
9247,"Cheese, camembert"
9248,"Cheese, cottage, creamed, large or small curd"
9249,"Cheese, cottage, creamed, with fruit"
9250,"Cheese, cottage, nonfat, uncreamed, dry, large or small curd"
9251,"Cheese, cottage, lowfat, 2% milkfat"
9252,"Egg, white, raw, fresh"
9253,"Egg, yolk, raw, fresh"
9254,"Egg, whole, cooked, omelet"
9255,"Egg, whole, cooked, poached"
9256,"Egg, whole, cooked, scrambled"
9257,"Egg, whole, dried"
9258,"Egg, duck, whole, fresh, raw"
9259,"Egg, goose, whole, fresh, raw"
9260,"Egg, quail, whole, fresh, raw"
9261,"Egg, turkey, whole, fresh, raw"
9262,"Milk, reduced fat, fluid, 2% milkfat, with added nonfat milk solids, without added vitamin A"
9263,"Milk, canned, evaporated, with added vitamin A"
9264,"Milk, dry, nonfat, regular, with added vitamin A and vitamin D"
9265,"Milk, dry, nonfat, instant, without added vitamin A and vitamin D"
9266,"Cheese, goat, hard type"
9267,"Cheese substitute, mozzarella"
9268,"Cheese sauce, prepared from recipe"
9269,"Cheese, mexican, queso anejo"
9270,"Egg, whole, raw, frozen, pasteurized (Includes foods for USDA's Food Distribution Program)"
9271,"Egg, white, raw, frozen, pasteurized"
9272,"Egg, white, dried"
9273,"Milk, reduced fat, fluid, 2% milkfat, without added vitamin A and vitamin D"
9274,"Parmesan cheese topping, fat free"
9275,"Cheese, cream, fat free"
9276,"Yogurt, chocolate, nonfat milk"
9277,"Cream, half and half, fat free"
9278,"Cream substitute, flavored, powdered"
9279,"Cheese, provolone, reduced fat"
9280,"Cheese, Mexican, blend, reduced fat"
9281,"Milk, whole, 3.25% milkfat, without added vitamin A and vitamin D"
9282,"Yogurt, fruit, lowfat, with low calorie sweetener, fortified with vitamin D"
9283,"Yogurt, vanilla, low fat, fortified with vitamin D"
9284,"Yogurt, vanilla or lemon flavor, nonfat milk, sweetened with low-calorie sweetener, fortified with vitamin D"
9285,"Yogurt, chocolate, nonfat milk, fortified with vitamin D"
9286,"Cheese, dry white, queso seco"
9287,"Cheese, fresh, queso fresco"
9288,"Cheese, white, queso blanco"
9289,"Milk, buttermilk, fluid, whole"
9290,Ice cream sandwich
9291,Ice cream cookie sandwich
9292,"Ice cream cone, chocolate covered, with nuts, flavors other than chocolate"
9293,"Ice cream sandwich, made with light ice cream, vanilla"
9294,"Ice cream sandwich, vanilla, light, no sugar added"
9295,"Spices, turmeric, ground"
9296,"Basil, fresh"
9297,"Dill weed, fresh"
9298,"Mustard, prepared, yellow"
9299,"Vanilla extract, imitation, alcohol"
9300,"Vanilla extract, imitation, no alcohol"
9301,"Vinegar, distilled"
9302,"Capers, canned"
9303,"Spearmint, dried"
9304,"Vinegar, red wine"
9305,"Vinegar, balsamic"
9306,"Seasoning mix, dry, sazon, coriander & annatto"
9307,"Seasoning mix, dry, taco, original"
9308,"Babyfood, meat, beef, junior"
9309,"Babyfood, meat, veal, strained"
9310,"Babyfood, meat, pork, strained"
9311,"Babyfood, meat, ham, strained"
9312,"Babyfood, meat, chicken, junior"
9313,"Babyfood, meat, chicken sticks, junior"
9314,"Babyfood, meat, turkey, strained"
9315,"Babyfood, meat, turkey, junior"
9316,"Babyfood, tropical fruit medley"
9317,"Babyfood, dinner, vegetables and dumplings and beef, strained"
9318,"Babyfood, ravioli, cheese filled, with tomato sauce"
9319,"Babyfood, dinner, beef noodle, strained"
9320,"Babyfood, dinner, beef with vegetables"
9321,"Babyfood, dinner, vegetables and lamb, junior"
9322,"Babyfood, dinner, chicken noodle, strained"
9323,"Babyfood, dinner, chicken noodle, junior"
9324,"Babyfood, dinner, vegetables, noodles and chicken, junior"
9325,"Babyfood, dinner, pasta with vegetables"
9326,"Babyfood, dinner, vegetables and noodles and turkey, strained"
9327,"Babyfood, dinner, vegetables and noodles and turkey, junior"
9328,"Babyfood, dinner, turkey and rice, strained"
9329,"Babyfood, dinner, macaroni and cheese, junior"
9330,"Babyfood, vegetables, green beans, strained"
9331,"Babyfood, vegetables, green beans, junior"
9332,"Babyfood, green beans, dices, toddler"
9333,"Babyfood, vegetables, squash, strained"
9334,"Babyfood, vegetables, squash, junior"
9335,"Babyfood, vegetables, sweet potatoes strained"
9336,"Babyfood, vegetables, sweet potatoes, junior"
9337,"Babyfood, fruit, applesauce, junior"
9338,"Babyfood, fruit, apricot with tapioca, strained"
9339,"Babyfood, vegetables, corn, creamed, strained"
9340,"Babyfood, dinner, mixed vegetable, junior"
9341,"Babyfood, fruit, bananas with tapioca, junior"
9342,"Babyfood, vegetables, mix vegetables junior"
9343,"Babyfood, vegetables, garden vegetable, strained"
9344,"Babyfood, plums, bananas and rice, strained"
9345,"Babyfood, dinner, turkey, rice, and vegetables, toddler"
9346,"Babyfood, dinner, apples and chicken, strained"
9347,"Babyfood, dinner, broccoli and chicken, junior"
9348,"Babyfood, cereal, barley, prepared with whole milk"
9349,"Babyfood, cereal, oatmeal, with bananas, prepared with whole milk"
9350,"Babyfood, cereal, oatmeal, with honey, prepared with whole milk"
9351,"Babyfood, cereal, rice, prepared with whole milk"
9352,"Babyfood, cereal, rice, with honey, prepared with whole milk"
9353,"Babyfood, corn and sweet potatoes, strained"
9354,"Shortening, household, lard and vegetable oil"
9355,"Oil, sunflower, linoleic, (partially hydrogenated)"
9356,"Shortening bread, soybean (hydrogenated) and cottonseed"
9357,"Shortening cake mix, soybean (hydrogenated) and cottonseed (hydrogenated)"
9358,"Shortening frying (heavy duty), palm (hydrogenated)"
9359,Shortening household soybean (hydrogenated) and palm
9360,"Shortening frying (heavy duty), soybean (hydrogenated), linoleic (less than 1%)"
9361,"Shortening, confectionery, fractionated palm"
9362,"Oil, nutmeg butter"
9363,"Oil, canola"
9364,"Oil, mustard"
9365,"Oil, sunflower, high oleic (70% and over)"
9366,"Margarine-like, margarine-butter blend, soybean oil and butter"
9367,"Fish oil, herring"
9368,"Fish oil, menhaden"
9369,"Fish oil, menhaden, fully hydrogenated"
9370,"Fish oil, salmon"
9371,"Butter, light, stick, without salt"
9372,"Animal fat, bacon grease"
9373,"Margarine, regular, 80% fat, composite, stick, with salt"
9374,"Margarine, regular, 80% fat, composite, tub, with salt"
9375,"Margarine-like, vegetable oil spread, 60% fat, stick, with salt"
9376,"Margarine, regular, 80% fat, composite, tub, without salt"
9377,"Margarine-like, vegetable oil spread, 60% fat, stick/tub/bottle, without salt"
9378,"Margarine-like, vegetable oil spread, fat free, liquid, with salt"
9379,"Margarine-like spread with yogurt, 70% fat, stick, with salt"
9380,"Margarine-like, vegetable oil spread, fat-free, tub"
9381,"Margarine-like, vegetable oil spread, 20% fat, with salt"
9382,"Margarine-like, vegetable oil spread, 20% fat, without salt"
9383,"Salad dressing, thousand island dressing, fat-free"
9384,"Oil, industrial, mid-oleic, sunflower"
9385,"Oil, industrial, canola with antifoaming agent, principal uses salads, woks and light frying"
9386,"Oil, industrial, canola for salads, woks and light frying"
9387,"Oil, industrial, canola (partially hydrogenated) oil for deep fat frying"
9388,"Oil, industrial, soy (partially hydrogenated), multiuse for non-dairy butter flavor"
9389,"Oil, industrial, soy ( partially hydrogenated), all purpose"
9390,"Oil, industrial, soy (partially hydrogenated ) and soy (winterized), pourable clear fry"
9391,"Oil, industrial, soy (partially hydrogenated)  and cottonseed, principal use as a tortilla shortening"
9392,"Oil, industrial, coconut, confection fat, typical basis for ice cream coatings"
9393,"Oil, industrial, palm kernel (hydrogenated) , used for whipped toppings, non-dairy"
9394,"Oil, industrial, coconut (hydrogenated), used for whipped toppings and coffee whiteners"
9395,"Oil, industrial, palm and palm kernel, filling fat (non-hydrogenated)"
9396,"Margarine, industrial, soy and partially hydrogenated soy oil, use for baking, sauces and candy"
9397,"Oil, vegetable, soybean, refined"
9398,"Chicken, broilers or fryers, drumstick, meat and skin, raw"
9399,"Chicken, broilers or fryers, drumstick, meat and skin, cooked, fried, batter"
9400,"Chicken, broilers or fryers, drumstick, meat only, cooked, fried"
9401,"Chicken, broilers or fryers, dark meat, drumstick, meat only, cooked, roasted"
9402,"Chicken, broilers or fryers, drumstick, meat only, cooked, stewed"
9403,"Chicken, broilers or fryers, leg, meat and skin, raw"
9404,"Chicken, broilers or fryers, leg, meat only, cooked, fried"
9405,"Chicken, broilers or fryers, leg, meat only, cooked, roasted"
9406,"Chicken, broilers or fryers, leg, meat only, cooked, stewed"
9407,"Chicken, broilers or fryers, neck, meat and skin, raw"
9408,"Chicken, broilers or fryers, neck, meat only, cooked, fried"
9409,"Chicken, broilers or fryers, neck, meat only, cooked, simmered"
9410,"Chicken, broilers or fryers, thigh, meat and skin, raw"
9411,"Chicken, broilers or fryers, thigh, meat and skin, cooked, fried, batter"
9412,"Chicken, broilers or fryers, thigh, meat only, cooked, fried"
9413,"Chicken, broilers or fryers, thigh, meat only, cooked, roasted"
9414,"Chicken, broilers or fryers, thigh, meat only, cooked, stewed"
9415,"Chicken, broilers or fryers, wing, meat and skin, raw"
9416,"Chicken, broilers or fryers, wing, meat only, cooked, fried"
9417,"Chicken, broilers or fryers, wing, meat only, cooked, roasted"
9418,"Chicken, broilers or fryers, wing, meat only, cooked, stewed"
9419,"Chicken, roasting, meat and skin and giblets and neck, raw"
9420,"Chicken, roasting, meat only, cooked, roasted"
9421,"Chicken, roasting, giblets, raw"
9422,"Chicken, roasting, giblets, cooked, simmered"
9423,"Chicken, roasting, light meat, meat only, raw"
9424,"Chicken, stewing, meat and skin, and giblets and neck, cooked, stewed"
9425,"Chicken, stewing, meat and skin, raw"
9426,"Chicken, stewing, meat and skin, cooked, stewed"
9427,"Chicken, stewing, meat only, raw"
9428,"Chicken, stewing, meat only, cooked, stewed"
9429,"Chicken, stewing, dark meat, meat only, raw"
9430,"Chicken, stewing, dark meat, meat only, cooked, stewed"
9431,"Chicken, capons, meat and skin and giblets and neck, raw"
9432,"Chicken, capons, meat and skin and giblets and neck, cooked, roasted"
9433,"Duck, domesticated, meat and skin, raw"
9434,"Duck, domesticated, meat and skin, cooked, roasted"
9435,"Duck, domesticated, meat only, raw"
9436,"Duck, domesticated, meat only, cooked, roasted"
9437,"Goose, domesticated, meat and skin, cooked, roasted"
9438,"Goose, domesticated, meat only, raw"
9439,"Goose, domesticated, meat only, cooked, roasted"
9440,"Goose, liver, raw"
9441,"Guinea hen, meat and skin, raw"
9442,"Pheasant, leg, meat only, raw"
9443,"Quail, meat and skin, raw"
9444,"Quail, meat only, raw"
9445,"Lentils, raw"
9446,"Lentils, mature seeds, cooked, boiled, without salt"
9447,"Lima beans, thin seeded (baby), mature seeds, cooked, boiled, without salt"
9448,"Lupins, mature seeds, raw"
9449,"Lupins, mature seeds, cooked, boiled, without salt"
9450,"Mothbeans, mature seeds, raw"
9451,"Mothbeans, mature seeds, cooked, boiled, without salt"
9452,"Mungo beans, mature seeds, cooked, boiled, without salt"
9453,"Peas, green, split, mature seeds, raw"
9454,"Peas, split, mature seeds, cooked, boiled, without salt"
9455,"Peanuts, all types, raw"
9456,"Peanuts, spanish, oil-roasted, with salt"
9457,"Peanuts, valencia, raw"
9458,"Peanuts, valencia, oil-roasted, with salt"
9459,"Peanuts, virginia, raw"
9460,"Peanut flour, low fat"
9461,"Pigeon peas (red gram), mature seeds, raw"
9462,"Pigeon peas (red gram), mature seeds, cooked, boiled, without salt"
9463,"Refried beans, canned, traditional style"
9464,"Bacon, meatless"
9465,"Soybeans, mature seeds, roasted, salted"
9466,"Soybeans, mature seeds, dry roasted"
9467,Miso
9468,Natto
9469,"Soy flour, low-fat"
9470,"Soy meal, defatted, raw"
9471,"Soymilk, original and vanilla, unfortified"
9472,"Soy protein concentrate, produced by alcohol extraction"
9473,"Tofu, firm, prepared with calcium sulfate and magnesium chloride (nigari)"
9474,"Tofu, soft, prepared with calcium sulfate and magnesium chloride (nigari)"
9475,"Tofu, dried-frozen (koyadofu)"
9476,"Tofu, fried"
9477,Okara
9478,"Winged beans, mature seeds, cooked, boiled, without salt"
9479,"Hummus, home prepared"
9480,"Falafel, home-prepared"
9481,"Soymilk, original and vanilla, with added calcium, vitamins A and D"
9482,"Peanut spread, reduced sugar"
9483,"Peanut butter, smooth, reduced fat"
9484,"Peanut butter, smooth, vitamin and mineral fortified"
9485,"Peanut butter, chunky, vitamin and mineral fortified"
9486,"Refried beans, canned, fat-free"
9487,"Frijoles rojos volteados (Refried beans, red, canned)"
9488,"Tempeh, cooked"
9489,"Peanut butter, chunk style, without salt"
9490,"Peanut butter, smooth style, without salt"
9491,"Peanut butter with omega-3, creamy"
9492,"Pigeon peas (red gram), mature seeds, cooked, boiled, with salt"
9493,"Soy sauce made from soy and wheat (shoyu), low sodium"
9494,"Soy sauce, reduced sodium, made from hydrolyzed vegetable protein"
9495,"Tofu, raw, firm, prepared with calcium sulfate"
9496,"Tofu, raw, regular, prepared with calcium sulfate"
9497,"Winged beans, mature seeds, cooked, boiled, with salt"
9498,"Veal, Australian, rib, rib roast, separable lean only, raw"
9499,"Lamb, composite of trimmed retail cuts, separable lean and fat, trimmed to 1/4"" fat, choice, raw"
9500,"Lamb, composite of trimmed retail cuts, separable lean and fat, trimmed to 1/4"" fat, choice, cooked"
9501,"Lamb, foreshank, separable lean and fat, trimmed to 1/4"" fat, choice, raw"
9502,"Lamb, foreshank, separable lean and fat, trimmed to 1/4"" fat, choice, cooked, braised"
9503,"Lamb, foreshank, separable lean only, trimmed to 1/4"" fat, choice, raw"
9504,"Lamb, foreshank, separable lean only, trimmed to 1/4"" fat, choice, cooked, braised"
9505,"Lamb, leg, shank half, separable lean and fat, trimmed to 1/4"" fat, choice, cooked, roasted"
9506,"Lamb, leg, shank half, separable lean only, trimmed to 1/4"" fat, choice, raw"
9507,"Lamb, leg, shank half, separable lean only, trimmed to 1/4"" fat, choice, cooked, roasted"
9508,"Lamb, leg, sirloin half, separable lean and fat, trimmed to 1/4"" fat, choice, raw"
9509,"Lamb, loin, separable lean and fat, trimmed to 1/4"" fat, choice, cooked, broiled"
9510,"Lamb, loin, separable lean and fat, trimmed to 1/4"" fat, choice, cooked, roasted"
9511,"Lamb, loin, separable lean only, trimmed to 1/4"" fat, choice, raw"
9512,"Lamb, loin, separable lean only, trimmed to 1/4"" fat, choice, cooked, broiled"
9513,"Lamb, rib, separable lean only, trimmed to 1/4"" fat, choice, raw"
9514,"Lamb, rib, separable lean only, trimmed to 1/4"" fat, choice, cooked, broiled"
9515,"Lamb, rib, separable lean only, trimmed to 1/4"" fat, choice, cooked, roasted"
9516,"Lamb, shoulder, whole (arm and blade), separable lean and fat, trimmed to 1/4"" fat, choice, raw"
9517,"Lamb, shoulder, whole (arm and blade), separable lean and fat, trimmed to 1/4"" fat, choice, cooked, braised"
9518,"Lamb, shoulder, whole (arm and blade), separable lean only, trimmed to 1/4"" fat, choice, cooked, broiled"
9519,"Lamb, shoulder, whole (arm and blade), separable lean only, trimmed to 1/4"" fat, choice, cooked, roasted"
9520,"Lamb, shoulder, arm, separable lean and fat, trimmed to 1/4"" fat, choice, raw"
9521,"Lamb, shoulder, arm, separable lean and fat, trimmed to 1/4"" fat, choice, cooked, braised"
9522,"Lamb, shoulder, arm, separable lean only, trimmed to 1/4"" fat, choice, cooked, broiled"
9523,"Lamb, shoulder, arm, separable lean only, trimmed to 1/4"" fat, choice, cooked, roasted"
9524,"Lamb, shoulder, blade, separable lean and fat, trimmed to 1/4"" fat, choice, raw"
9525,"Lamb, shoulder, blade, separable lean and fat, trimmed to 1/4"" fat, choice, cooked, braised"
9526,"Lamb, shoulder, blade, separable lean only, trimmed to 1/4"" fat, choice, cooked, broiled"
9527,"Lamb, shoulder, blade, separable lean only, trimmed to 1/4"" fat, choice, cooked, roasted"
9528,"Lamb, cubed for stew or kabob (leg and shoulder), separable lean only, trimmed to 1/4"" fat, raw"
9529,"Lamb, cubed for stew or kabob (leg and shoulder), separable lean only, trimmed to 1/4"" fat, cooked, braised"
9530,"Lamb, cubed for stew or kabob (leg and shoulder), separable lean only, trimmed to 1/4"" fat, cooked, broiled"
9531,"Lamb, New Zealand, imported, frozen, composite of trimmed retail cuts, separable fat, raw"
9532,"Lamb, New Zealand, imported, frozen, composite of trimmed retail cuts, separable fat, cooked"
9533,"Lamb, New Zealand, imported, fore-shank, separable lean and fat, raw"
9534,"Lamb, New Zealand, imported, fore-shank, separable lean and fat, cooked, braised"
9535,"Lamb, New Zealand, imported, leg chop/steak, bone-in, separable lean only, raw"
9536,"Lamb, New Zealand, imported, frozen, leg, whole (shank and sirloin), separable lean only, cooked, roasted"
9537,"Lamb, New Zealand, imported, loin chop, separable lean and fat, raw"
9538,"Game meat, muskrat, raw"
9539,"Game meat, muskrat, cooked, roasted"
9540,"Game meat, opossum, cooked, roasted"
9541,"Game meat, rabbit, domesticated, composite of cuts, raw"
9542,"Game meat, rabbit, domesticated, composite of cuts, cooked, roasted"
9543,"Game meat, squirrel, raw"
9544,"Game meat, squirrel, cooked, roasted"
9545,"Lamb, variety meats and by-products, brain, raw"
9546,"Lamb, variety meats and by-products, brain, cooked, braised"
9547,"Lamb, variety meats and by-products, heart, raw"
9548,"Lamb, variety meats and by-products, heart, cooked, braised"
9549,"Veal, variety meats and by-products, heart, raw"
9550,"Veal, variety meats and by-products, heart, cooked, braised"
9551,"Lamb, variety meats and by-products, liver, raw"
9552,"Lamb, variety meats and by-products, liver, cooked, braised"
9553,"Lamb, variety meats and by-products, liver, cooked, pan-fried"
9554,"Veal, variety meats and by-products, liver, raw"
9555,"Veal, variety meats and by-products, liver, cooked, braised"
9556,"Veal, variety meats and by-products, lungs, cooked, braised"
9557,"Lamb, variety meats and by-products, mechanically separated, raw"
9558,"Lamb, variety meats and by-products, pancreas, raw"
9559,"Lamb, variety meats and by-products, pancreas, cooked, braised"
9560,"Veal, variety meats and by-products, spleen, raw"
9561,"Veal, variety meats and by-products, spleen, cooked, braised"
9562,"Veal, variety meats and by-products, thymus, raw"
9563,"Veal, variety meats and by-products, thymus, cooked, braised"
9564,"Lamb, ground, cooked, broiled"
9565,"Lamb, composite of trimmed retail cuts, separable lean and fat, trimmed to 1/8"" fat, choice, raw"
9566,"Lamb, composite of trimmed retail cuts, separable lean and fat, trimmed to 1/8"" fat, choice, cooked"
9567,"Lamb, foreshank, separable lean and fat, trimmed to 1/8"" fat, choice, raw"
9568,"Lamb, leg, shank half, separable lean and fat, trimmed to 1/8"" fat, choice, cooked, roasted"
9569,"Lamb, leg, sirloin half, separable lean and fat, trimmed to 1/8"" fat, choice, raw"
9570,"Lamb, leg, sirloin half, separable lean and fat, trimmed to 1/8"" fat, choice, cooked, roasted"
9571,"Lamb, loin, separable lean and fat, trimmed to 1/8"" fat, choice, raw"
9572,"Lamb, rib, separable lean and fat, trimmed to 1/8"" fat, choice, cooked, roasted"
9573,"Lamb, shoulder, whole (arm and blade), separable lean and fat, trimmed to 1/8"" fat, choice, raw"
9574,"Lamb, shoulder, whole (arm and blade), separable lean and fat, trimmed to 1/8"" fat, choice, cooked, braised"
9575,"Lamb, shoulder, whole (arm and blade), separable lean and fat, trimmed to 1/8"" fat, choice, cooked, broiled"
9576,"Lamb, shoulder, blade, separable lean and fat, trimmed to 1/8"" fat, choice, raw"
9577,"Lamb, shoulder, blade, separable lean and fat, trimmed to 1/8"" fat, choice, cooked, braised"
9578,"Lamb, shoulder, blade, separable lean and fat, trimmed to 1/8"" fat, choice, cooked, broiled"
9579,"Lamb, shoulder, blade, separable lean and fat, trimmed to 1/8"" fat, choice, cooked, roasted"
9580,"Lamb, New Zealand, imported, frozen, leg, whole (shank and sirloin), separable lean and fat, trimmed to 1/8"" fat, raw"
9581,"Lamb, New Zealand, imported, frozen, leg, whole (shank and sirloin), separable lean and fat, trimmed to 1/8"" fat, cooked, roasted"
9582,"Lamb, New Zealand, imported, frozen, loin, separable lean and fat, trimmed to 1/8"" fat, raw"
9583,"Lamb, New Zealand, imported, frozen, loin, separable lean and fat, trimmed to 1/8"" fat, cooked, broiled"
9584,"Game meat, bison, top sirloin, separable lean only, trimmed to 0"" fat, raw"
9585,"Game meat, bison, ribeye, separable lean only, trimmed to 0"" fat, raw"
9586,"Game meat, bison, shoulder clod, separable lean only, trimmed to 0"" fat, raw"
9587,"Veal, breast, separable fat, cooked"
9588,"Veal, shank (fore and hind), separable lean and fat, raw"
9589,"Veal, shank (fore and hind), separable lean and fat, cooked, braised"
9590,"Veal, shank (fore and hind), separable lean only, raw"
9591,"Veal, shank (fore and hind), separable lean only, cooked, braised"
9592,"Lamb, Australian, imported, fresh, separable fat, raw"
9593,"Lamb, Australian, imported, fresh, separable fat, cooked"
9594,"Lamb, Australian, imported, fresh, foreshank, separable lean and fat, trimmed to 1/8"" fat, raw"
9595,"Lamb, Australian, imported, fresh, foreshank, separable lean and fat, trimmed to 1/8"" fat, cooked, braised"
9596,"Lamb, Australian, imported, fresh, leg, whole (shank and sirloin), separable lean only, trimmed to 1/8"" fat, raw"
9597,"Lamb, Australian, imported, fresh, leg, whole (shank and sirloin), separable lean only, trimmed to 1/8"" fat, cooked, roasted"
9598,"Lamb, Australian, imported, fresh, leg, shank half, separable lean and fat, trimmed to 1/8"" fat, raw"
9599,"Lamb, Australian, imported, fresh, leg, shank half, separable lean and fat, trimmed to 1/8"" fat, cooked, roasted"
9600,"Lamb, Australian, imported, fresh, leg, shank half, separable lean only, trimmed to 1/8"" fat, raw"
9601,"Lamb, Australian, imported, fresh, leg, sirloin half, boneless, separable lean only, trimmed to 1/8"" fat, cooked, roasted"
9602,"Lamb, Australian, imported, fresh, leg, sirloin chops, boneless, separable lean and fat, trimmed to 1/8"" fat, raw"
9603,"Lamb, Australian, imported, fresh, leg, sirloin chops, boneless, separable lean and fat, trimmed to 1/8"" fat, cooked, broiled"
9604,"Lamb, Australian, imported, fresh, leg, sirloin chops, boneless, separable lean only, trimmed to 1/8"" fat, raw"
9605,"Lamb, Australian, imported, fresh, leg, center slice, bone-in, separable lean only, trimmed to 1/8"" fat, cooked, broiled"
9606,"Lamb, Australian, imported, fresh, loin, separable lean and fat, trimmed to 1/8"" fat, raw"
9607,"Lamb, Australian, imported, fresh, loin, separable lean and fat, trimmed to 1/8"" fat, cooked, broiled"
9608,"Lamb, Australian, imported, fresh, loin, separable lean only, trimmed to 1/8"" fat, raw"
9609,"Lamb, Australian, imported, fresh, rib chop, frenched, bone-in, separable lean only, trimmed to 1/8"" fat, cooked, grilled"
9610,"Lamb, Australian, imported, fresh, shoulder, whole (arm and blade), separable lean and fat, trimmed to 1/8"" fat, raw"
9611,"Lamb, Australian, imported, fresh, shoulder, whole (arm and blade), separable lean and fat, trimmed to 1/8"" fat, cooked"
9612,"Lamb, Australian, imported, fresh, shoulder, whole (arm and blade), separable lean only,   trimmed to 1/8"" fat, raw"
9613,"Lamb, Australian, imported, fresh, shoulder, whole (arm and blade), separable lean only, trimmed to 1/8"" fat, cooked"
9614,"Lamb, Australian, imported, fresh, shoulder, blade, separable lean and fat, trimmed to 1/8"" fat, raw"
9615,"Lamb, Australian, imported, fresh, shoulder, blade, separable lean and fat, trimmed to 1/8"" fat, cooked, broiled"
9616,"Lamb, Australian, imported, fresh, shoulder, blade, separable lean only, trimmed to 1/8"" fat, raw"
9617,"Lamb, Australian, imported, fresh, shoulder ,blade, separable lean only, trimmed to 1/8"" fat, cooked, broiled"
9618,"Game meat, bison, chuck, shoulder clod, separable lean only, raw"
9619,"Game meat, bison, ribeye, separable lean only, 1"" steak, cooked, broiled"
9620,"Game meat, bison, top round, separable lean only, 1"" steak, cooked, broiled"
9621,"Game meat, bison, top round, separable lean only, 1"" steak, raw"
9622,"Game meat, deer, ground, raw"
9623,"Game meat, deer, ground, cooked, pan-broiled"
9624,"Game meat, deer, loin, separable lean only, 1"" steak, cooked, broiled"
9625,"Game meat, deer, shoulder clod, separable lean only, cooked, braised"
9626,"Veal, Australian, shank, hind, bone-in, separable lean only, raw"
9627,"Veal, Australian, shank, hind, bone-in, separable lean and fat, raw"
9628,"Lamb, Australian, ground,  85% lean / 15% fat, raw"
9629,"Lamb, New Zealand, imported, Intermuscular fat, cooked"
9630,"Lamb, New Zealand, imported, breast, separable lean only, cooked, braised"
9631,"Lamb, New Zealand, imported, breast, separable lean only, raw"
9632,"Lamb, New Zealand, imported, chump, boneless, separable lean only, cooked, fast roasted"
9633,"Lamb, New Zealand, imported, subcutaneous fat, cooked"
9634,"Lamb, New Zealand, imported, liver, cooked, soaked and fried"
9635,"Lamb, New Zealand, imported, liver, raw"
9636,"Lamb, New Zealand, imported, ground lamb, cooked, braised"
9637,"Lamb, New Zealand, imported, ground lamb, raw"
9638,"Lamb, New Zealand, imported, testes, cooked, soaked and fried"
9639,"Lamb, New Zealand, imported, testes, raw"
9640,"Lamb, New Zealand, imported, tongue - swiss cut, cooked, soaked and simmered"
9641,"Lamb, New Zealand, imported, tongue - swiss cut, raw"
9642,"Lamb, New Zealand, imported, tenderloin, separable lean only, cooked, fast fried"
9643,"Lamb, New Zealand, imported, tenderloin, separable lean only, raw"
9644,"Lamb, New Zealand, imported, loin saddle, separable lean only, cooked, fast roasted"
9645,"Lamb, New Zealand, imported, loin saddle, separable lean only, raw"
9646,"Lamb, New Zealand, imported, neck chops, separable lean only, cooked, braised"
9647,"Lamb, New Zealand, imported, netted shoulder, rolled, boneless, separable lean only, cooked, slow roasted"
9648,"Lamb, New Zealand, imported, netted shoulder, rolled, boneless, separable lean only, raw"
9649,"Lamb, New Zealand, imported, rack - fully frenched, separable lean only, cooked, fast roasted"
9650,"Lamb, New Zealand, imported, flap, boneless, separable lean and fat, cooked, braised"
9651,"Lamb, New Zealand, imported, flap, boneless, separable lean and fat, raw"
9652,"Lamb, New Zealand, imported, hind-shank, separable lean and fat, cooked, braised"
9653,"Lamb, New Zealand, imported, hind-shank, separable lean and fat, raw"
9654,"Lamb, New Zealand, imported, loin, boneless, separable lean and fat, cooked, fast roasted"
9655,"Lamb, New Zealand, imported, loin, boneless, separable lean and fat, raw"
9656,"Lamb, New Zealand, imported, neck chops, separable lean and fat, cooked, braised"
9657,"Lamb, New Zealand, imported, neck chops, separable lean and fat, raw"
9658,"Lamb, New Zealand, imported, netted shoulder, rolled, boneless, separable lean and fat, cooked, slow roasted"
9659,"Lamb, New Zealand, imported, tenderloin, separable lean and fat, cooked, fast fried"
9660,"Lamb, New Zealand, imported, rack - fully frenched, separable lean and fat, cooked, fast roasted"
9661,"Lamb, New Zealand, imported, rack - fully frenched, separable lean and fat, raw"
9662,"Lamb, New Zealand, imported, tunnel-boned leg, chump off, shank off, separable lean and fat, cooked, slow roasted"
9663,"Veal, leg, top round, cap off, cutlet, boneless, raw"
9664,"Veal, loin, chop, separable lean only, cooked, grilled"
9665,"Veal, shank, separable lean only, raw"
9666,"Veal, foreshank, osso buco, separable lean only, cooked, braised"
9667,"Veal, seam fat only, cooked"
9668,"Veal, shank, separable lean and fat, raw"
9669,"Veal, foreshank, osso buco, separable lean and fat, cooked, braised"
9670,"Veal, loin, chop, separable lean and fat, cooked, grilled"
9671,"Veal, shoulder, blade chop, separable lean and fat, cooked, grilled"
9672,"Lamb, Australian, imported, fresh, tenderloin, boneless, separable lean only, trimmed to 1/8"" fat, raw"
9673,"Lamb, Australian, imported, fresh, leg, bottom, boneless, separable lean only, trimmed to 1/8"" fat, raw"
9674,"Lamb, Australian, imported, fresh, leg, trotter off, bone-in, separable lean only, trimmed to 1/8"" fat, cooked, roasted"
9675,"Lamb, Australian, imported, fresh, leg, trotter off, bone-in, separable lean only, trimmed to 1/8"" fat, raw"
9676,"Lamb, Australian, imported, fresh, seam fat, cooked"
9677,"Lamb, Australian, imported, fresh, seam fat, raw"
9678,"Lamb, Australian, imported, fresh, leg, bottom, boneless, separable lean and fat, trimmed to 1/8"" fat, cooked, roasted"
9679,"Lamb, Australian, imported, fresh, leg, bottom, boneless, separable lean and fat, trimmed to 1/8"" fat, raw"
9680,"Lamb, Australian, imported, fresh, tenderloin, boneless, separable lean and fat, trimmed to 1/8"" fat, raw"
9681,"Lamb, Australian, imported, fresh, rib chop, frenched, denuded, bone-in, separable lean only, trimmed to 0"" fat, cooked, grilled"
9682,"Lamb, Australian, imported, fresh, rack, roast, frenched, denuded, bone-in, separable lean and fat, trimmed to 0"" fat, cooked, roasted"
9683,"Lamb, Australian, imported, fresh, rack, roast, frenched, bone-in, separable lean and fat, trimmed to 1/8"" fat, cooked, roasted"
9684,"Bagels, cinnamon-raisin"
9685,"Bagels, cinnamon-raisin, toasted"
9686,"Bagels, oat bran"
9687,"Biscuits, plain or buttermilk, frozen, baked"
9688,"Biscuits, plain or buttermilk, refrigerated dough, higher fat"
9689,"Biscuits, plain or buttermilk, refrigerated dough, higher fat, baked"
9690,"Biscuits, plain or buttermilk, prepared from recipe"
9691,"Biscuits, mixed grain, refrigerated dough"
9692,"Bread, cracked-wheat"
9693,"Bread, egg"
9694,"Bread, egg, toasted"
9695,"Bread, french or vienna (includes sourdough)"
9696,"Bread, oat bran"
9697,"Bread, oat bran, toasted"
9698,"Bread, oatmeal"
9699,"Bread, oatmeal, toasted"
9700,"Bread, raisin, enriched"
9701,"Bread, raisin, enriched, toasted"
9702,"Bread, reduced-calorie, oat bran"
9703,"Bread, reduced-calorie, oat bran, toasted"
9704,"Bread, rye"
9705,"Bread, rye, toasted"
9706,"Bread, wheat"
9707,"Bread, wheat, toasted"
9708,"Bread, whole-wheat, commercially prepared"
9709,"Bread, whole-wheat, commercially prepared, toasted"
9710,"Bread, whole-wheat, prepared from recipe"
9711,"Bread, whole-wheat, prepared from recipe, toasted"
9712,"Bread, stuffing, cornbread, dry mix"
9713,"Bread, stuffing, cornbread, dry mix, prepared"
9714,"Cake, angelfood, commercially prepared"
9715,"Cake, angelfood, dry mix, prepared"
9716,"Cake, boston cream pie, commercially prepared"
9717,"Cake, chocolate, prepared from recipe without frosting"
9718,"Cake, white, prepared from recipe with coconut frosting"
9719,"Cake, coffeecake, cheese"
9720,"Cake, coffeecake, cinnamon with crumb topping, commercially prepared, enriched"
9721,"Cake, gingerbread, dry mix"
9722,"Cake, gingerbread, prepared from recipe"
9723,"Cake, pineapple upside-down, prepared from recipe"
9724,"Cake, pound, commercially prepared, butter (includes fresh and frozen)"
9725,"Cake, white, dry mix, special dietary (includes lemon-flavored)"
9726,"Cake, sponge, commercially prepared"
9727,"Cake, sponge, prepared from recipe"
9728,"Cake, pudding-type, white, enriched, dry mix"
9729,"Cake, white, prepared from recipe without frosting"
9730,"Cake, yellow, prepared from recipe without frosting"
9731,"Cake, cheesecake, commercially prepared"
9732,"Cake, cheesecake, prepared from mix, no-bake type"
9733,"Cookies, brownies, commercially prepared"
9734,"Cookies, chocolate wafers"
9735,"Cookies, chocolate chip, commercially prepared, regular, lower fat"
9736,"Cookies, chocolate chip, commercially prepared, regular, higher fat, enriched"
9737,"Cookies, chocolate chip, commercially prepared, soft-type"
9738,"Cookies, chocolate sandwich, with creme filling, regular"
9739,"Cookies, chocolate sandwich, with creme filling, regular, chocolate-coated"
9740,"Cookies, chocolate sandwich, with extra creme filling"
9741,"Cookies, fig bars"
9742,"Cookies, fortune"
9743,"Cookies, marshmallow, chocolate-coated (includes marshmallow pies)"
9744,"Cookies, molasses"
9745,"Cookies, oatmeal, commercially prepared, regular"
9746,"Cookies, oatmeal, commercially prepared, soft-type"
9747,"Cookies, peanut butter, commercially prepared, regular"
9748,"Cookies, peanut butter, commercially prepared, soft-type"
9749,"Cookies, peanut butter, refrigerated dough"
9750,"Cookies, peanut butter, refrigerated dough, baked"
9751,"Cookies, brownies, dry mix, sugar free"
9752,"Cookies, chocolate chip, commercially prepared, special dietary"
9753,"Cookies, chocolate sandwich, with creme filling, special dietary"
9754,"Cookies, oatmeal, commercially prepared, special dietary"
9755,"Cookies, sugar, refrigerated dough, baked"
9756,"Cookies, sugar wafers with creme filling, regular"
9757,"Cookies, vanilla sandwich with creme filling"
9758,"Puff pastry, frozen, ready-to-bake, baked"
9759,"Crackers, crispbread, rye"
9760,"Crackers, matzo, plain"
9761,"Crackers, matzo, egg"
9762,"Crackers, matzo, whole-wheat"
9763,"Crackers, rye, sandwich-type with cheese filling"
9764,"Crackers, rye, wafers, plain"
9765,"Crackers, rye, wafers, seasoned"
9766,"Crackers, saltines (includes oyster, soda, soup)"
9767,"Crackers, wheat, sandwich, with cheese filling"
9768,"Crackers, wheat, sandwich, with peanut butter filling"
9769,"Crackers, whole-wheat"
9770,"Cracker, meal"
9771,"Croutons, plain"
9772,"Croutons, seasoned"
9773,"Danish pastry, cinnamon, enriched"
9774,"Danish pastry, cheese"
9775,"Danish pastry, fruit, enriched (includes apple, cinnamon, raisin, lemon, raspberry, strawberry)"
9776,"Doughnuts, french crullers, glazed"
9777,"Doughnuts, yeast-leavened, with creme filling"
9778,"Doughnuts, yeast-leavened, glazed, enriched (includes honey buns)"
9779,"Doughnuts, yeast-leavened, with jelly filling"
9780,"Muffins, English, raisin-cinnamon, toasted (includes apple-cinnamon)"
9781,"Muffins, English, wheat"
9782,"Muffins, English, whole-wheat"
9783,"French toast, frozen, ready-to-heat"
9784,"Muffins, plain, prepared from recipe, made with low fat (2%) milk"
9785,"Muffins, blueberry, commercially prepared (Includes mini-muffins)"
9786,"Muffins, blueberry, dry mix"
9787,"Muffins, blueberry, toaster-type"
9788,"Muffins, blueberry, prepared from recipe, made with low fat (2%) milk"
9789,"Muffins, oat bran"
9790,"Muffins, wheat bran, dry mix"
9791,"Pancakes plain, frozen, ready-to-heat (includes buttermilk)"
9792,"Pancakes, plain, dry mix, complete (includes buttermilk)"
9793,"Pancakes, blueberry, prepared from recipe"
9794,"Pancakes, buckwheat, dry mix, incomplete"
9795,"Pancakes, special dietary, dry mix"
9796,"Pancakes, whole-wheat, dry mix, incomplete"
9797,"Pie, banana cream, prepared from recipe"
9798,"Pie, blueberry, commercially prepared"
9799,"Pie, blueberry, prepared from recipe"
9800,"Pie, cherry, commercially prepared"
9801,"Pie, cherry, prepared from recipe"
9802,"Pie, coconut custard, commercially prepared"
9803,"Pie, egg custard, commercially prepared"
9804,"Pie, fried pies, fruit"
9805,"Pie, lemon meringue, commercially prepared"
9806,"Pie, pecan, prepared from recipe"
9807,"Pie, pumpkin, commercially prepared"
9808,"Pie, pumpkin, prepared from recipe"
9809,"Pie, vanilla cream, prepared from recipe"
9810,"Puff pastry, frozen, ready-to-bake"
9811,Phyllo dough
9812,"Popovers, dry mix, enriched"
9813,"Rolls, dinner, plain, commercially prepared (includes brown-and-serve)"
9814,"Rolls, dinner, whole-wheat"
9815,"Rolls, french"
9816,"Rolls, hamburger or hotdog, plain"
9817,"Rolls, hamburger or hotdog, mixed-grain"
9818,"Sweet rolls, cinnamon, refrigerated dough with frosting"
9819,"Sweet rolls, cinnamon, refrigerated dough with frosting, baked"
9820,"Taco shells, baked"
9821,"Toaster pastries, brown-sugar-cinnamon"
9822,Wonton wrappers (includes egg roll wrappers)
9823,"Leavening agents, baking powder, double-acting, sodium aluminum sulfate"
9824,"Leavening agents, baking powder, double-acting, straight phosphate"
9825,"Leavening agents, baking powder, low-sodium"
9826,"Bread, crumbs, dry, grated, seasoned"
9827,"Cookies, oatmeal, prepared from recipe, without raisins"
9828,"Cookies, chocolate chip, prepared from recipe, made with butter"
9829,"Bread, protein, (includes gluten), toasted"
9830,"Rolls, dinner, plain, prepared from recipe, made with low fat (2%) milk"
9831,"Pie crust, cookie-type, prepared from recipe, graham cracker, chilled"
9832,"Crackers, matzo, egg and onion"
9833,"Pie crust, cookie-type, prepared from recipe, vanilla wafer, chilled"
9834,"Pie crust, standard-type, prepared from recipe, unbaked"
9835,"Bread, cornbread, dry mix, unenriched (includes corn muffin mix)"
9836,"Bread, pita, white, unenriched"
9837,"Bread, raisin, unenriched"
9838,"Bread, white, commercially prepared, low sodium, no salt"
9839,"Cookies, butter, commercially prepared, unenriched"
9840,"Cookies, chocolate chip, commercially prepared, regular, higher fat, unenriched"
9841,"Cookies, ladyfingers, without lemon juice and rind"
9842,"Crackers, melba toast, plain, without salt"
9843,"Crackers, whole-wheat, low salt"
9844,"Danish pastry, cinnamon, unenriched"
9845,"Danish pastry, fruit, unenriched (includes apple, cinnamon, raisin, strawberry)"
9846,"Bread, white, commercially prepared, toasted, low sodium no salt"
9847,"Danish pastry, lemon, unenriched"
9848,"English muffins, plain, unenriched, with calcium propionate (includes sourdough)"
9849,"Quail, breast, meat only, raw"
9850,"Chicken, broiler, rotisserie, BBQ, wing, meat and skin"
9851,"Ruffed Grouse, breast meat, skinless, raw"
9852,"Emu, ground, raw"
9853,"Emu, ground, cooked, pan-broiled"
9854,"Emu, full rump, cooked, broiled"
9855,"Emu, inside drum, raw"
9856,"Emu, inside drums, cooked, broiled"
9857,"Emu, outside drum, raw"
9858,"Emu, oyster, raw"
9859,"Ostrich, inside leg, raw"
9860,"Ostrich, inside leg, cooked"
9861,"Ostrich, inside strip, raw"
9862,"Ostrich, inside strip, cooked"
9863,"Ostrich, oyster, cooked"
9864,"Ostrich, round, raw"
9865,"Ostrich, tenderloin, raw"
9866,"Ostrich, tip trimmed, raw"
9867,"Turkey, ground, fat free, raw"
9868,"Turkey, ground, fat free, pan-broiled crumbles"
9869,"Turkey, ground, fat free, patties, broiled"
9870,"Turkey, ground, 93% lean, 7% fat, raw"
9871,"Turkey, ground, 93% lean, 7% fat, pan-broiled crumbles"
9872,"Chicken, broilers or fryers, dark meat, drumstick, meat only, cooked, braised"
9873,"Chicken, broilers or fryers, dark meat, thigh, meat only, cooked, braised"
9874,"Chicken, skin (drumsticks and thighs), cooked, braised"
9875,"Chicken, skin (drumsticks and thighs), raw"
9876,"Chicken, dark meat, drumstick, meat only, with added solution, cooked, roasted"
9877,"Chicken, dark meat, drumstick, meat only, with added solution, cooked, braised"
9878,"Chicken, dark meat, thigh, meat only, with added solution, cooked, braised"
9879,"Chicken, dark meat, thigh, meat only, with added solution, raw"
9880,"Chicken, dark meat, drumstick, meat and skin, with added solution, raw"
9881,"Chicken, dark meat, drumstick, meat and skin, with added solution, cooked, roasted"
9882,"Chicken, dark meat, thigh, meat and skin, with added solution, cooked, braised"
9883,"Chicken, dark meat, thigh, meat and skin, with added solution, raw"
9884,"Turkey from whole, light meat, meat only, with added solution, raw"
9885,"Turkey from whole, light meat, meat only, with added solution, cooked, roasted"
9886,"Turkey, skin from whole (light and dark), with added solution, raw"
9887,"Turkey, skin from whole, (light and dark), with added solution, roasted"
9888,"Turkey, whole, meat only, with added solution, raw"
9889,"Turkey, whole, meat only, with added solution, roasted"
9890,"Turkey, whole, meat and skin, with added solution, raw"
9891,"Turkey, whole, meat and skin, with added solution, roasted"
9892,"Turkey, retail parts, wing, meat only, cooked, roasted"
9893,"Turkey, skin, from retail parts, from dark meat, raw"
9894,"Turkey, skin, from retail parts, from dark meat, cooked, roasted"
9895,"Turkey, retail parts, drumstick, meat only, raw"
9896,"Turkey, breast, from whole bird, meat only, with added solution, raw"
9897,"Turkey, retail parts, thigh, meat only, cooked, roasted"
9898,"Turkey, retail parts, drumstick, meat only, cooked, roasted"
9899,"Sauce, plum, ready-to-serve"
9900,"Sauce, pizza, canned, ready-to-serve"
9901,"Soup, tomato bisque, canned, condensed"
9902,"Soup, tomato, canned, condensed"
9903,"Soup, stock, beef, home-prepared"
9904,"Soup, stock, chicken, home-prepared"
9905,"Soup, stock, fish, home-prepared"
9906,"Sauce, hoisin, ready-to-serve"
9907,"Soup, cream of mushroom, canned, condensed, reduced sodium"
9908,"Soup, chicken broth, less/reduced sodium, ready to serve"
9909,"Soup, beef broth, less/reduced sodium, ready to serve"
9910,"Sauce, teriyaki, ready-to-serve, reduced sodium"
9911,"Soup, cream of asparagus, canned, prepared with equal volume milk"
9912,"Soup, chicken vegetable with potato and cheese, chunky, ready-to-serve"
9913,"Soup, cream of celery, canned, prepared with equal volume milk"
9914,"Soup, cheese, canned, prepared with equal volume milk"
9915,"Soup, oyster stew, canned, prepared with equal volume milk"
9916,"Soup, pea, green, canned, prepared with equal volume milk"
9917,"Soup, cream of potato, canned, prepared with equal volume milk"
9918,"Soup, cream of shrimp, canned, prepared with equal volume low fat (2%) milk"
9919,"Soup, tomato bisque, canned, prepared with equal volume milk"
9920,"Soup, black bean, canned, prepared with equal volume water"
9921,"Soup, bean with pork, canned, prepared with equal volume water"
9922,"Soup, bean with frankfurters, canned, prepared with equal volume water"
9923,"Soup, beef noodle, canned, prepared with equal volume water"
9924,"Soup, cream of celery, canned, prepared with equal volume water"
9925,"Soup, chicken gumbo, canned, prepared with equal volume water"
9926,"Soup, chicken noodle, canned, prepared with equal volume water"
9927,"Soup, chicken with rice, canned, prepared with equal volume water"
9928,"Soup, chili beef, canned, prepared with equal volume water"
9929,"Soup, minestrone, canned, prepared with equal volume water"
9930,"Soup, mushroom barley, canned, prepared with equal volume water"
9931,"Soup, cream of mushroom, canned, prepared with equal volume water"
9932,"Soup, pea, split with ham, canned, prepared with equal volume water"
9933,"Soup, cream of potato, canned, prepared with equal volume water"
9934,"Soup, cream of shrimp, canned, prepared with equal volume water"
9935,"Soup, tomato beef with noodle, canned, prepared with equal volume water"
9936,"Soup, tomato rice, canned, prepared with equal volume water"
9937,"Soup, vegetable with beef broth, canned, prepared with equal volume water"
9938,"Soup, beef broth or bouillon, powder, prepared with water"
9939,"Soup, beef broth, cubed, prepared with water"
9940,"Soup, chicken broth or bouillon, dry, prepared with water"
9941,"Soup, chicken noodle, dry, mix, prepared with water"
9942,"Olive loaf, pork"
9943,"Pastrami, turkey"
9944,"Pate, chicken liver, canned"
9945,"Pate, goose liver, smoked, canned"
9946,"Pate, liver, not specified, canned"
9947,"Luxury loaf, pork"
9948,"Mother's loaf, pork"
9949,"Picnic loaf, pork, beef"
9950,"Pork sausage, link/patty, unprepared"
9951,"Salami, cooked, beef"
9952,"Salami, cooked, beef and pork"
9953,"Salami, cooked, turkey"
9954,"Salami, dry or hard, pork"
9955,"Sausage, smoked link sausage, pork and beef (nonfat dry milk added)"
9956,"Thuringer, cervelat, summer sausage, beef, pork"
9957,"Turkey breast, sliced, prepackaged"
9958,"Sausage, Vienna, canned, chicken, beef, pork"
9959,"Honey roll sausage, beef"
9960,"Sausage, turkey, pork, and beef, low fat, smoked"
9961,"Frankfurter, beef, pork, and turkey, fat free"
9962,"Sausage, Italian, sweet, links"
9963,"Sausage, Polish, beef with chicken, hot"
9964,"Sausage, Polish, pork and beef, smoked"
9965,"Sausage, pork and beef, with cheddar cheese, smoked"
9966,"Bratwurst, beef and pork, smoked"
9967,"Bratwurst, chicken, cooked"
9968,"Bratwurst, pork, beef and turkey, lite, smoked"
9969,"Pastrami, beef, 98% fat-free"
9970,"Yachtwurst, with pistachio nuts, cooked"
9971,"Beerwurst, pork and beef"
9972,"Chicken breast, fat-free, mesquite flavor, sliced"
9973,"Chicken breast, oven-roasted, fat-free, sliced"
9974,"Frankfurter, pork"
9975,"Macaroni and cheese loaf, chicken, pork and beef"
9976,"Salami, Italian, pork and beef, dry, sliced, 50% less sodium"
9977,"Pate, truffle flavor"
9978,"Frankfurter, meat"
9979,"Scrapple, pork"
9980,"Bologna, chicken, turkey, pork"
9981,"Pork sausage, link/patty, fully cooked, microwaved"
9982,"Cereals ready-to-eat, chocolate-flavored frosted puffed corn"
9983,Rice and Wheat cereal bar
9984,"Figs, raw"
9985,"Figs, canned, water pack, solids and liquids"
9986,"Figs, canned, light syrup pack, solids and liquids"
9987,"Figs, canned, heavy syrup pack, solids and liquids"
9988,"Figs, canned, extra heavy syrup pack, solids and liquids"
9989,"Fruit cocktail, (peach and pineapple and pear and grape and cherry), canned, extra light syrup, solids and liquids"
9990,"Fruit cocktail, (peach and pineapple and pear and grape and cherry), canned, light syrup, solids and liquids"
9991,"Fruit cocktail, (peach and pineapple and pear and grape and cherry), canned, heavy syrup, solids and liquids"
9992,"Fruit cocktail, (peach and pineapple and pear and grape and cherry), canned, extra heavy syrup, solids and liquids"
9993,"Gooseberries, raw"
9994,"Gooseberries, canned, light syrup pack, solids and liquids"
9995,"Goji berries, dried"
9996,"Grapefruit, raw, pink and red and white, all areas"
9997,"Grapefruit, raw, white, Florida"
9998,"Grapefruit, sections, canned, water pack, solids and liquids"
9999,"Grapefruit, sections, canned, juice pack, solids and liquids"
10000,"Grapefruit, sections, canned, light syrup pack, solids and liquids"
10001,"Grapefruit juice, pink or red, with added calcium"
10002,"Grapefruit juice, white, raw"
10003,"Grapes, muscadine, raw"
10004,"Grape juice, canned or bottled, unsweetened, with added ascorbic acid"
10005,"Grape juice, canned or bottled, unsweetened, without added ascorbic acid"
10006,"Groundcherries, (cape-gooseberries or poha), raw"
10007,"Guavas, common, raw"
10008,"Guavas, strawberry, raw"
10009,"Beef, top loin petite roast, boneless, separable lean only, trimmed to 1/8"" fat, all grades, cooked, roasted"
10010,"Beef, top loin petite roast, boneless, separable lean only, trimmed to 1/8"" fat, choice, cooked, roasted"
10011,"Beef, top loin petite roast, boneless, separable lean only, trimmed to 1/8"" fat, select, cooked, roasted"
10012,"Beef, top loin petite roast/filet, boneless, separable lean only, trimmed to 1/8"" fat, all grades, raw"
10013,"Beef, loin, top sirloin filet, boneless, separable lean only, trimmed to 0"" fat, select, cooked, grilled"
10014,"Beef, loin, top sirloin petite roast, boneless, separable lean only, trimmed to 0"" fat, all grades, cooked, roasted"
10015,"Beef, loin, top sirloin petite roast, boneless, separable lean only, trimmed to 0"" fat, select, cooked, roasted"
10016,"Beef, loin, top sirloin petite roast/filet, boneless, separable lean only, trimmed to 0"" fat, all grades, raw"
10017,"Beef, ribeye cap steak, boneless, separable lean only, trimmed to 0"" fat, all grades, cooked, grilled"
10018,"Beef, ribeye cap steak, boneless, separable lean only, trimmed to 0"" fat, choice, cooked, grilled"
10019,"Beef, ribeye cap steak, boneless, separable lean only, trimmed to 0"" fat, select, cooked, grilled"
10020,"Beef, ribeye cap steak, boneless, separable lean only, trimmed to 0"" fat, all grades, raw"
10021,"Beef, ribeye petite roast, boneless, separable lean only, trimmed to 0"" fat, all grades, cooked, roasted"
10022,"Beef, ribeye petite roast, boneless, separable lean only, trimmed to 0"" fat, choice, cooked, roasted"
10023,"Beef, ribeye petite roast, boneless, separable lean only, trimmed to 0"" fat, select, cooked, roasted"
10024,"Beef, loin, top sirloin cap steak, boneless, separable lean and fat, trimmed to 1/8"" fat, all grades, cooked, grilled"
10025,"Beef, loin, top sirloin cap steak, boneless, separable lean and fat, trimmed to 1/8"" fat, select, raw"
10026,"Beef, top loin filet, boneless, separable lean and fat, trimmed to 1/8"" fat, all grades, cooked, grilled"
10027,"Beef, top loin filet, boneless, separable lean and fat, trimmed to 1/8"" fat, choice, cooked, grilled"
10028,"Beef, top loin filet, boneless, separable lean and fat, trimmed to 1/8"" fat, select, cooked, grilled"
10029,"Beef, top loin petite roast/filet, boneless, separable lean and fat, trimmed to 1/8"" fat, choice, raw"
10030,"Beef, top loin petite roast/filet, boneless, separable lean and fat, trimmed to 1/8"" fat, select, raw"
10031,"Beef, loin, top loin steak, boneless, lip-on, separable lean only, trimmed to 1/8"" fat, choice, cooked, grilled"
10032,"Beef, loin, top loin steak, boneless, lip-on, separable lean only, trimmed to 1/8"" fat, select, cooked, grilled"
10033,"Beef, loin, top loin steak, boneless, lip-on, separable lean only, trimmed to 1/8"" fat, all grades, cooked, grilled"
10034,"Beef, loin, top loin steak, boneless, lip-on, separable lean and fat, trimmed to 1/8"" fat, choice, raw"
10035,"Beef, New Zealand, imported, brisket point end, separable lean only, cooked, braised"
10036,"Beef, New Zealand, imported, brisket point end, separable lean only, raw"
10037,"Beef, New Zealand, imported, chuck eye roll, separable lean only, raw"
10038,"Beef, New Zealand, imported, chuck eye roll, separable lean only, cooked, braised"
10039,"Beef, New Zealand, imported, flank, separable lean only, cooked, braised"
10040,"Beef, New Zealand, imported, flank, separable lean only, raw"
10041,"Beef, New Zealand, imported, flat, separable lean only, cooked, braised"
10042,"Beef, New Zealand, imported, flat, separable lean only, raw"
10043,"Beef, New Zealand, imported, variety meats and by-products, heart, cooked, boiled"
10044,"Beef, New Zealand, imported, intermuscular fat, cooked"
10045,"Beef, New Zealand, imported, intermuscular fat, raw"
10046,"Beef, New Zealand, imported, variety meats and by-products, kidney, cooked, boiled"
10047,"Beef, New Zealand, imported, knuckle, cooked, fast fried"
10048,"Beef, New Zealand, imported, manufacturing beef, raw"
10049,"Beef, New Zealand, imported, oyster blade, separable lean only, cooked, braised"
10050,"Beef, New Zealand, imported, oyster blade, separable lean only, raw"
10051,"Beef, New Zealand, imported, ribs prepared, cooked, fast roasted"
10052,"Beef, New Zealand, imported, subcutaneous fat, cooked"
10053,"Beef, New Zealand, imported, subcutaneous fat, raw"
10054,"Beef, New Zealand, imported, sweetbread, cooked, boiled"
10055,"Beef, New Zealand, imported, sweetbread, raw"
10056,"Beef, New Zealand, imported, tenderloin, separable lean only, cooked, fast fried"
10057,"Beef, New Zealand, imported, variety meats and by-products, tripe cooked, boiled"
10058,"Beef, New Zealand, imported, variety meats and by-products, tripe uncooked, raw"
10059,"Beef, New Zealand, imported, bolar blade, separable lean and fat, cooked, fast roasted"
10060,"Beef, New Zealand, imported, bolar blade, separable lean and fat, raw"
10061,"Beef, New Zealand, imported, chuck eye roll, separable lean and fat, cooked, braised"
10062,"Beef, New Zealand, imported, chuck eye roll, separable lean and fat, raw"
10063,"Beef, New Zealand, imported, cube roll, separable lean and fat, cooked, fast roasted"
10064,"Beef, New Zealand, imported, cube roll, separable lean and fat, raw"
10065,"Beef, New Zealand, imported, flat, separable lean and fat, raw"
10066,"Beef, New Zealand, imported, hind shin, separable lean and fat, cooked, braised"
10067,"Beef, New Zealand, imported, hind shin, separable lean and fat, raw"
10068,"Beef, New Zealand, imported, oyster blade, separable lean and fat, cooked, braised"
10069,"Beef, New Zealand, imported, striploin, separable lean and fat, raw"
10070,"Beef, New Zealand, imported, tenderloin, separable lean and fat, cooked, fast fried"
10071,"Beef, New Zealand, imported, tenderloin, separable lean and fat, raw"
10072,"Beef, ground, 93% lean meat / 7% fat, raw"
10073,"Beef, ground, 97% lean meat / 3% fat, raw"
10074,"Beef, ground, 97% lean meat / 3% fat, patty, cooked, broiled"
10075,"Beef, ground, 97% lean meat /3% fat, patty, cooked, pan-broiled"
10076,"Beef, ground, 97% lean meat / 3% fat, loaf, cooked, baked"
10077,"Beef, round, bottom round, steak, separable lean only, trimmed to 1/8"" fat, choice, cooked, braised"
10078,"Beef, short loin, top loin, steak, separable lean only, trimmed to 1/8"" fat, choice, raw"
10079,"Beef, tenderloin, steak, separable lean only, trimmed to 1/8"" fat, choice, cooked, broiled"
10080,"Beef, top sirloin, steak, separable lean only, trimmed to 1/8"" fat, choice, cooked, broiled"
10081,"Beef, short loin, top loin, steak, separable lean only, trimmed to 1/8"" fat, choice, cooked, broiled"
10082,"Beef, round, eye of round, roast, separable lean only, trimmed to 1/8"" fat, select, raw"
10083,"Beef, round, top round, steak, separable lean only, trimmed to 1/8"" fat, select, raw"
10084,"Beef, round, bottom round, roast, separable lean only, trimmed to 1/8"" fat, select, raw"
10085,"Beef, rib, small end (ribs 10-12), separable lean only, trimmed to 1/8"" fat, all grades, cooked, broiled"
10086,"Beef, bottom sirloin, tri-tip roast, separable lean only, trimmed to 0"" fat, select, raw"
10087,"Beef, round, tip round, roast, separable lean only, trimmed to 0"" fat, all grades, raw"
10088,"Beef, round, tip round, roast, separable lean only, trimmed to 0"" fat, choice, raw"
10089,"Beef, round, tip round, roast, separable lean only, trimmed to 0"" fat, select, raw"
10090,"Beef, brisket, flat half, separable lean and fat, trimmed to 1/8"" fat, choice, raw"
10091,"Beef, brisket, flat half, separable lean and fat, trimmed to 1/8"" fat, select, raw"
10092,"Beef, brisket, flat half, separable lean and fat, trimmed to 1/8"" fat, choice, cooked, braised"
10093,"Snacks, popcorn, microwave, 94% fat free"
10094,"Snacks, soy chips or crisps, salted"
10095,"Popcorn, microwave, regular (butter) flavor, made with palm oil"
10096,"Snacks, plantain chips, salted"
10097,"Tortilla chips, yellow, plain, salted"
10098,"Snacks, granola bar, chewy, reduced sugar, all flavors"
10099,"Snacks, pita chips, salted"
10100,"Snacks, bagel chips, plain"
10101,"Snacks, yucca (cassava) chips, salted"
10102,"Snack, Pretzel, hard chocolate coated"
10103,"Snacks, peas, roasted, wasabi-flavored"
10104,"Snacks, shrimp cracker"
10105,Rice crackers
10106,"Beverages, Whiskey sour mix, powder"
10107,"Alcoholic beverage, whiskey sour, prepared with water, whiskey and powder mix"
10108,"Beverages, water, bottled, yumberry, pomegranate with anti-oxidants, zero calories"
10109,"Alcoholic beverage, creme de menthe, 72 proof"
10110,"Beverages, Acai berry drink, fortified"
10111,"Alcoholic beverage, wine, dessert, sweet"
10112,"Beverages, Whey protein powder isolate"
10113,"Beverages, Orange juice, light, No pulp"
10114,"Beverages, Protein powder whey based"
10115,"Beverages, Protein powder soy based"
10116,"Beverages, rich chocolate, powder"
10117,"Beverages, chocolate malt, powder, prepared with fat free milk"
10118,"Alcoholic beverage, wine, table, all"
10119,"Beverages, chocolate almond milk, unsweetened, shelf-stable, fortified with vitamin D2 and E"
10120,"Alcoholic beverage, wine, table, red"
10121,"Alcoholic Beverage, wine, table, red, Barbera"
10122,"Alcoholic Beverage, wine, table, red, Zinfandel"
10123,"Alcoholic Beverage, wine, table, red, Petite Sirah"
10124,"Alcoholic Beverage, wine, table, red, Claret"
10125,"Alcoholic beverage, wine, table, white, Chenin Blanc"
10126,"Alcoholic beverage, wine, table, white, Fume Blanc"
10127,"Beverages, Mixed vegetable and fruit juice drink, with added nutrients"
10128,"Alcoholic beverage, wine, table, white, Muller Thurgau"
10129,"Carbonated beverage, cream soda"
10130,"Alcoholic beverage, wine, table, white, Riesling"
10131,"Alcoholic beverage, wine, table, white, Sauvignon Blanc"
10132,"Alcoholic beverage, wine, table, white, late harvest"
10133,"Beverages, carbonated, grape soda"
10134,"Beverages, carbonated, low calorie, other than cola or pepper,  without caffeine"
10135,"Beverages, carbonated, lemon-lime soda, no caffeine"
10136,"Beverages, carbonated, low calorie, other than cola or pepper, with aspartame, contains caffeine"
10137,"Alcoholic Beverage, wine, table, red, Burgundy"
10138,"Beverages, carbonated, pepper-type, contains caffeine"
10139,"Beverages, tea, black, ready to drink, decaffeinated"
10140,"Beverages, grape juice drink, canned"
10141,"Beverages, Cranberry juice cocktail"
10142,"Lemonade, frozen concentrate, white"
10143,"Lemonade, frozen concentrate, white, prepared with water"
10144,"Beverages, Malted drink mix, natural, with added nutrients, powder, prepared with whole milk"
10145,"Beverages, Malted drink mix, natural, powder, dairy based."
10146,"Beverages, Malted drink mix, natural, powder, prepared with whole milk"
10147,"Beverages, orange and apricot juice drink, canned"
10148,"Beverages, pineapple and grapefruit juice drink, canned"
10149,"Beverages, pineapple and orange juice drink, canned"
10150,"Shake, fast food, vanilla"
10151,"Beverages, tea, black, brewed, prepared with tap water"
10152,"Beverages, tea, instant, decaffeinated, lemon, diet"
10153,"Beverages, tea, instant, decaffeinated, lemon, sweetened"
10154,"Beverages, tea, instant, unsweetened, powder"
10155,"Beverages, tea, instant, lemon, diet"
10156,"Beverages, tea, herb, other than chamomile, brewed"
10157,"Beverages, orange-flavor drink, breakfast type, powder"
10158,"Beverages, orange-flavor drink, breakfast type, powder, prepared with water"
10159,"Beverages, Orange-flavor drink, breakfast type, low calorie, powder"
10160,"English muffins, plain, unenriched, without calcium propionate (includes sourdough)"
10161,"Pie, apple, commercially prepared, unenriched flour"
10162,"Pie, fried pies, cherry"
10163,"Tortillas, ready-to-bake or -fry, corn, without added salt"
10164,"Tortillas, ready-to-bake or -fry, flour, without added calcium"
10165,"Cake, pound, commercially prepared, fat-free"
10166,"Cake, yellow, light, dry mix"
10167,"Sorghum flour, refined, unenriched"
10168,"Pasta, gluten-free, corn and rice flour, cooked"
10169,"Fast foods, biscuit, with egg and ham"
10170,"Fast foods, biscuit, with crispy chicken fillet"
10171,"Fast foods, croissant, with egg, cheese, and bacon"
10172,"Fast foods, croissant, with egg, cheese, and ham"
10173,"Fast foods, croissant, with egg, cheese, and sausage"
10174,"Fast foods, egg, scrambled"
10175,"Fast foods, potatoes, hash browns, round pieces or patty"
10176,"Fast foods, vanilla, light, soft-serve ice cream, with cone"
10177,"Fast foods, sundae, caramel"
10178,"Fast foods, sundae, hot fudge"
10179,"Fast foods, burrito, with beans and beef"
10180,"Fast Food, Pizza Chain, 14"" pizza, cheese topping, regular crust"
10181,"Fast Food, Pizza Chain, 14"" pizza, cheese topping, thick crust"
10182,"Fast Food, Pizza Chain, 14"" pizza, cheese topping, thin crust"
10183,"Fast Food, Pizza Chain, 14"" pizza, pepperoni topping, regular crust"
10184,"Fast Food, Pizza Chain, 14"" pizza, pepperoni topping, thick crust"
10185,"Fast foods, hamburger; single, large patty; with condiments, vegetables and mayonnaise"
10186,"Fast foods, hamburger; single, regular patty; double decker bun with condiments and special sauce"
10187,"Fast foods, cheeseburger; double, regular patty; with condiments"
10188,"Fast foods, cheeseburger; double, large patty; with condiments"
10189,"Fast foods, chicken tenders"
10190,"Fast foods, bagel, with egg, sausage patty, cheese, and condiments"
10191,"Fast foods, bagel, with breakfast steak, egg, cheese, and condiments"
10192,"Light Ice Cream, soft serve, blended with milk chocolate candies"
10193,"Macaroni and Cheese, canned entree"
10194,"Ravioli, cheese-filled, canned"
10195,"Ravioli, meat-filled, with tomato sauce or meat sauce, canned"
10196,"Beef stew, canned entree"
10197,"Chicken pot pie, frozen entree, prepared"
10198,"Beef, corned beef hash, with potato, canned"
10199,"Lasagna, cheese, frozen, prepared"
10200,"Lasagna with meat & sauce, frozen entree"
10201,"Burrito, beef and bean, frozen"
10202,"Burrito, bean and cheese, frozen"
10203,"Macaroni and Cheese, canned, microwavable"
10204,"Turkey, stuffing, mashed potatoes w/gravy, assorted vegetables, frozen, microwaved"
10205,"Rice bowl with chicken, frozen entree, prepared (includes fried, teriyaki, and sweet and sour varieties)"
10206,"Macaroni and cheese dinner with dry sauce mix, boxed, uncooked"
10207,"Macaroni and cheese, dry mix, prepared with 2% milk and 80% stick margarine from dry mix"
10208,"Macaroni and cheese, frozen entree"
10209,Potato salad with egg
10210,Pulled pork in barbecue sauce
10211,"Corn dogs, frozen, prepared"
10212,"Chicken tenders, breaded, frozen, prepared"
10213,"Rice and vermicelli mix, chicken flavor, prepared with 80% margarine"
10214,"Beef, shoulder pot roast or steak, boneless, separable lean and fat, trimmed to 0"" fat, all grades, raw"
10215,"Beef, short loin, porterhouse steak, separable lean and fat, trimmed to 1/8"" fat, all grades, raw"
10216,"Beef, short loin, t-bone steak, separable lean and fat, trimmed to 1/8"" fat, all grades, cooked, grilled"
10217,"Beef, short loin, t-bone steak, separable lean and fat, trimmed to 1/8"" fat, select, raw"
10218,"Beef, short loin, t-bone steak, separable lean and fat, trimmed to 1/8"" fat, select, cooked, grilled"
10219,"Beef, round, knuckle, tip side, steak, separable lean and fat, trimmed to 0"" fat, choice, raw"
10220,"Beef, chuck, shoulder clod, shoulder tender, medallion, separable lean and fat, trimmed to 0"" fat, choice, cooked, grilled"
10221,"Beef, chuck, shoulder clod, shoulder tender, medallion, separable lean and fat, trimmed to 0"" fat, select, raw"
10222,"Beef, chuck, shoulder clod, shoulder top and center steaks, separable lean and fat, trimmed to 0"" fat, choice, raw"
10223,"Beef, chuck, shoulder clod, shoulder top and center steaks, separable lean and fat, trimmed to 0"" fat, choice, cooked, grilled"
10224,"Beef, chuck, shoulder clod, top blade, steak, separable lean and fat, trimmed to 0"" fat, select, raw"
10225,"Beef, chuck, shoulder clod, top blade, steak, separable lean and fat, trimmed to 0"" fat, select, cooked, grilled"
10226,"Beef, round, knuckle, tip center, steak, separable lean and fat, trimmed to 0"" fat, choice, raw"
10227,"Beef, round, knuckle, tip center, steak, separable lean and fat, trimmed to 0"" fat, choice, cooked, grilled"
10228,"Beef, round, knuckle, tip center, steak, separable lean and fat, trimmed to 0"" fat, select, raw"
10229,"Beef, round, outside round, bottom round, steak, separable lean and fat, trimmed to 0"" fat, select, cooked, grilled"
10230,"Beef, chuck, shoulder clod, shoulder tender, medallion, separable lean and fat, trimmed to 0"" fat, all grades, raw"
10231,"Beef, chuck, shoulder clod, shoulder tender, medallion, separable lean and fat, trimmed to 0"" fat, all grades, cooked, grilled"
10232,"Beef, round, knuckle, tip side, steak, separable lean and fat, trimmed to 0"" fat, all grades, raw"
10233,"Beef, chuck, shoulder clod, top blade, steak, separable lean and fat, trimmed to 0"" fat, all grades, cooked, grilled"
10234,"Beef, round, knuckle, tip center, steak, separable lean and fat, trimmed to 0"" fat, all grades, raw"
10235,"Beef, round, knuckle, tip center, steak, separable lean and fat, trimmed to 0"" fat, all grades, cooked, grilled"
10236,"Beef, round, outside round, bottom round, steak, separable lean and fat, trimmed to 0"" fat, all grades, raw"
10237,"Beef, rib eye roast, boneless, lip-on, separable lean only, trimmed to 1/8"" fat, select, cooked, roasted"
10238,"Beef, plate steak, boneless, inside skirt, separable lean only, trimmed to 0"" fat, all grades, cooked, grilled"
10239,"Beef, plate steak, boneless, inside skirt, separable lean only, trimmed to 0"" fat, all grades, raw"
10240,"Beef, plate steak, boneless, inside skirt, separable lean only, trimmed to 0"" fat, choice, cooked, grilled"
10241,"Beef, plate steak, boneless, outside skirt, separable lean only, trimmed to 0"" fat, all grades, raw"
10242,"Beef, plate steak, boneless, outside skirt, separable lean only, trimmed to 0"" fat, choice, cooked, grilled"
10243,"Beef, plate steak, boneless, outside skirt, separable lean only, trimmed to 0"" fat, choice, raw"
10244,"Beef, plate steak, boneless, outside skirt, separable lean only, trimmed to 0"" fat, select, cooked, grilled"
10245,"Beef, rib eye steak, boneless, lip off, separable lean only, trimmed to 0"" fat, choice, raw"
10246,"Beef, rib eye steak, boneless, lip off, separable lean only, trimmed to 0"" fat, select, cooked, grilled"
10247,"Beef, rib eye steak, boneless, lip off, separable lean only, trimmed to 0"" fat, select, raw"
10248,"Beef, rib, back ribs, bone-in, separable lean only, trimmed to 0"" fat, all grades, cooked, braised"
10249,"Beef, rib, back ribs, bone-in, separable lean only, trimmed to 0"" fat, select, raw"
10250,"Beef, rib eye steak, bone-in, lip-on, separable lean and fat, trimmed to 1/8"" fat, choice, cooked, grilled"
10251,"Beef, rib eye steak, bone-in, lip-on, separable lean and fat, trimmed to 1/8"" fat, select, cooked, grilled"
10252,"Beef, rib eye steak, bone-in, lip-on, separable lean and fat, trimmed to 1/8"" fat, all grades, cooked, grilled"
10253,"Beef, rib eye roast, bone-in, lip-on, separable lean and fat, trimmed to 1/8"" fat, choice, cooked, roasted"
10254,"Beef, rib eye steak/roast, bone-in, lip-on, separable lean and fat, trimmed to 1/8"" fat, select, raw"
10255,"Beef, rib eye steak, boneless, lip-on, separable lean and fat, trimmed to 1/8"" fat, choice, cooked, grilled"
10256,"Beef, rib eye steak, boneless, lip-on, separable lean and fat, trimmed to 1/8"" fat, select, cooked, grilled"
10257,"Beef, rib eye steak, boneless, lip-on, separable lean and fat, trimmed to 1/8"" fat, all grades, cooked, grilled"
10258,"Beef, rib eye steak/roast, boneless, lip-on, separable lean and fat, trimmed to 1/8"" fat, choice, raw"
10259,"Beef, rib eye steak/roast, boneless, lip-on, separable lean and fat, trimmed to 1/8"" fat, select, raw"
10260,"Beef, plate steak, boneless, inside skirt, separable lean and fat, trimmed to 0"" fat, all grades, cooked, grilled"
10261,"Beef, plate steak, boneless, inside skirt, separable lean and fat, trimmed to 0"" fat, choice, cooked, grilled"
10262,"Beef, plate steak, boneless, outside skirt, separable lean and fat, trimmed to 0"" fat, all grades, cooked, grilled"
10263,"Beef, plate steak, boneless, outside skirt, separable lean and fat, trimmed to 0"" fat, choice, cooked, grilled"
10264,"Beef, plate steak, boneless, outside skirt, separable lean and fat, trimmed to 0"" fat, select, cooked, grilled"
10265,"Beef, plate steak, boneless, outside skirt, separable lean and fat, trimmed to 0"" fat, all grades, raw"
10266,"Beef, rib eye steak, boneless, lip off, separable lean and fat, trimmed to 0"" fat, select, cooked, grilled"
10267,"Beef, rib eye steak, boneless, lip off, separable lean and fat, trimmed to 0"" fat, all grades, raw"
10268,"Beef, rib eye steak, boneless, lip off, separable lean and fat, trimmed to 0"" fat, choice, raw"
10269,"Beef, rib eye steak, boneless, lip off, separable lean and fat, trimmed to 0"" fat, select, raw"
10270,"Beef, rib, back ribs, bone-in, separable lean and fat, trimmed to 0"" fat, choice, raw"
10271,"Beef, rib, back ribs, bone-in, separable lean and fat, trimmed to 0"" fat, select, raw"
10272,"Beef, loin, top sirloin petite roast, boneless, separable lean only, trimmed to 0"" fat, choice, cooked, roasted"
10273,"Beef, loin, top sirloin petite roast/filet, boneless, separable lean only, trimmed to 0"" fat, choice, raw"
10274,"Beef, loin, top sirloin cap steak, boneless, separable lean only, trimmed to 1/8"" fat, select, raw"
10275,"Butter, salted"
10276,"Butter, whipped, with salt"
10277,"Butter oil, anhydrous"
10278,"Cheese, caraway"
10279,"Cheese, cheddar (Includes foods for USDA's Food Distribution Program)"
10280,"Cheese, cheshire"
10281,"Cheese, colby"
10282,"Cheese, cottage, lowfat, 1% milkfat"
10283,"Cheese, cream"
10284,"Cheese, edam"
10285,"Cheese, feta"
10286,"Egg, yolk, raw, frozen, pasteurized"
10287,"Egg, yolk, raw, frozen, sugared, pasteurized"
10288,"Egg, whole, cooked, fried"
10289,"Egg, whole, cooked, hard-boiled"
10290,"Egg, whole, dried, stabilized, glucose reduced"
10291,"Egg, white, dried, flakes, stabilized, glucose reduced"
10292,"Egg, white, dried, powder, stabilized, glucose reduced"
10293,"Egg, yolk, dried"
10294,"Egg substitute, powder"
10295,"Butter, without salt"
10296,"Cheese, parmesan, shredded"
10297,"Milk, nonfat, fluid, without added vitamin A and vitamin D (fat free or skim)"
10298,"Cheese, goat, semisoft type"
10299,"Cheese, goat, soft type"
10300,"Egg, yolk, raw, frozen, salted, pasteurized"
10301,"Cheese, mexican, queso asadero"
10302,"Cheese, mexican, queso chihuahua"
10303,"Cheese, low fat, cheddar or colby"
10304,"Cheese, low-sodium, cheddar or colby"
10305,"Milk, fluid, 1% fat, without added vitamin A and vitamin D"
10306,"Sour cream, reduced fat"
10307,"Sour cream, light"
10308,"Sour cream, fat free"
10309,"Yogurt, vanilla or lemon flavor, nonfat milk, sweetened with low-calorie sweetener"
10310,"Milk, chocolate, fluid, commercial, reduced fat, with added calcium"
10311,"Yogurt, fruit, lowfat, with low calorie sweetener"
10312,"Cheese, parmesan, dry grated, reduced fat"
10313,"Cream substitute, flavored, liquid"
10314,"Milk, dry, whole, without added vitamin D"
10315,"Cheese product, pasteurized process, American, reduced fat, fortified with vitamin D"
10316,"Yogurt, fruit, low fat, 9 grams protein per 8 ounce, fortified with vitamin D"
10317,"Yogurt, fruit, low fat, 10 grams protein per 8 ounce, fortified with vitamin D"
10318,"Yogurt, fruit variety, nonfat, fortified with vitamin D"
10319,Dulce de Leche
10320,"Egg substitute, liquid or frozen, fat free"
10321,"Yogurt, vanilla flavor, lowfat milk, sweetened with low calorie sweetener"
10322,"Yogurt, frozen, flavors not chocolate, nonfat milk, with low-calorie sweetener"
10323,"Ice cream, soft serve, chocolate"
10324,"Ice cream, bar or stick, chocolate covered"
10325,"Fat free ice cream, no sugar added, flavors other than chocolate"
10326,"Salt, table"
10327,"Vinegar, cider"
10328,"Thyme, fresh"
10329,Vanilla extract
10330,"Horseradish, prepared"
10331,"Rosemary, fresh"
10332,"Peppermint, fresh"
10333,"Spearmint, fresh"
10334,"Seasoning mix, dry, chili, original"
10335,"Babyfood, juice treats, fruit medley, toddler"
10336,"Babyfood, meat, beef, strained"
10337,"Babyfood, meat, ham, junior"
10338,"Babyfood, meat, lamb, strained"
10339,"Babyfood, meat, lamb, junior"
10340,"Babyfood, meat, chicken, strained"
10341,"Babyfood, meat, turkey sticks, junior"
10342,"Babyfood, meat, meat sticks, junior"
10343,"Babyfood, dinner, vegetables and dumplings and beef, junior"
10344,"Babyfood, dinner, beef lasagna, toddler"
10345,"Babyfood, dinner, macaroni and tomato and beef, strained"
10346,"Babyfood, dinner, macaroni and tomato and beef, junior"
10347,"Babyfood, dinner, spaghetti and tomato and meat, junior"
10348,"Babyfood, dinner, spaghetti and tomato and meat, toddler"
10349,"Babyfood, dinner, vegetables and beef, strained"
10350,"Babyfood, dinner, vegetables and beef, junior"
10351,"Babyfood, dinner, chicken soup, strained"
10352,"Babyfood, dinner, chicken stew, toddler"
10353,"Babyfood, dinner, vegetables chicken, strained"
10354,"Babyfood, dinner, vegetables, noodles and chicken, strained"
10355,"Babyfood, dinner, turkey and rice, junior"
10356,"Babyfood, dinner, vegetables and turkey, strained"
10357,"Babyfood, dinner, vegetables and turkey, junior"
10358,"Babyfood, dinner, macaroni and cheese, strained"
10359,"Babyfood, vegetable, green beans and potatoes"
10360,"Babyfood, vegetables, beets, strained"
10361,"Babyfood, vegetables, carrots, strained"
10362,"Babyfood, vegetables, carrots, junior"
10363,"Babyfood, potatoes, toddler"
10364,"Babyfood, vegetable, butternut squash and corn"
10365,"Babyfood, apples, dices, toddler"
10366,"Babyfood, fruit, applesauce, strained"
10367,"Babyfood, dinner, vegetables and chicken, junior"
10368,"Babyfood, dinner, mixed vegetable, strained"
10369,"Babyfood, vegetables, mix vegetables strained"
10370,"Babyfood, dinner, beef noodle, junior"
10371,"Babyfood, apples with ham, strained"
10372,"Babyfood, carrots and beef, strained"
10373,"Babyfood, dinner, sweet potatoes and chicken, strained"
10374,"Babyfood, cereal, high protein, prepared with whole milk"
10375,"Babyfood, cereal, mixed, prepared with whole milk"
10376,"Babyfood, cereal, mixed, with bananas, prepared with whole milk"
10377,"Babyfood, cereal, oatmeal, prepared with whole milk"
10378,"Babyfood, cereal, mixed, with honey, prepared with whole milk"
10379,"Babyfood, cereal, high protein, with apple and orange, prepared with whole milk"
10380,"Babyfood, cereal, rice, with bananas, prepared with whole milk"
10381,"Salad dressing, blue or roquefort cheese dressing, commercial, regular"
10382,"Oil, cupu assu"
10383,"Fat, chicken"
10384,"Oil, soybean, salad or cooking, (partially hydrogenated) and cottonseed"
10385,"Shortening industrial, lard and vegetable oil"
10386,"Shortening frying (heavy duty), beef tallow and cottonseed"
10387,"Shortening confectionery, coconut (hydrogenated) and or palm kernel (hydrogenated)"
10388,"Shortening industrial, soybean (hydrogenated) and cottonseed"
10389,"Oil, ucuhuba butter"
10390,"Fat, turkey"
10391,"Fat, goose"
10392,"Oil, avocado"
10393,"Shortening, special purpose for cakes and frostings, soybean (hydrogenated)"
10394,"Shortening, special purpose for baking, soybean (hydrogenated) palm and cottonseed"
10395,"Oil, oat"
10396,"Fish oil, cod liver"
10397,"Fish oil, sardine"
10398,"Shortening, multipurpose, soybean (hydrogenated) and palm (hydrogenated)"
10399,"Margarine-like, vegetable oil-butter spread, tub, with salt"
10400,"Butter, light, stick, with salt"
10401,"Margarine-like, vegetable oil spread, 60% fat, tub, with salt"
10402,"Margarine-like, vegetable oil spread, 60% fat, stick/tub/bottle, with salt"
10403,"Shortening, vegetable, household, composite"
10404,"Margarine, regular, 80% fat, composite, stick, without salt"
10405,"Margarine-like spread with yogurt, approximately 40% fat, tub, with salt"
10406,"Margarine, 80% fat, stick, includes regular and hydrogenated corn and soybean oils"
10407,"Margarine, margarine-type vegetable oil spread, 70% fat, soybean and partially hydrogenated soybean, stick"
10408,"Margarine Spread, 40-49% fat, tub"
10409,"Salad dressing, italian dressing, fat-free"
10410,"Salad dressing, ranch dressing, fat-free"
10411,"Salad dressing, ranch dressing, regular"
10412,"Salad dressing, ranch dressing, reduced fat"
10413,"Salad dressing, mayonnaise, light"
10414,"Oil, industrial, coconut, principal uses candy coatings, oil sprays, roasting nuts"
10415,"Oil, industrial, soy (partially hydrogenated), principal uses popcorn and flavoring vegetables"
10416,"Shortening, industrial, soy (partially hydrogenated), pourable liquid fry shortening"
10417,"Oil, industrial, soy, refined, for woks and light frying"
10418,"Margarine-like shortening, industrial, soy (partially hydrogenated), cottonseed, and soy, principal use flaky pastries"
10419,"Oil, industrial, palm kernel, confection fat, uses similar to high quality cocoa butter"
10420,"Oil, industrial, palm kernel (hydrogenated), confection fat, uses similar to 95 degree hard butter"
10421,"Oil, industrial, palm kernel (hydrogenated), confection fat, intermediate grade product"
10422,"Oil, industrial, palm kernel (hydrogenated), filling fat"
10423,"Oil, industrial, soy (partially hydrogenated ), palm, principal uses icings and fillings"
10424,"Margarine, industrial, non-dairy, cottonseed, soy oil (partially hydrogenated ), for flaky pastries"
10425,"Shortening, industrial, soy (partially hydrogenated ) and corn for frying"
10426,"Shortening, industrial, soy (partially hydrogenated ) for baking and confections"
10427,"Chicken, broilers or fryers, drumstick, meat and skin, cooked, fried, flour"
10428,"Chicken, broilers or fryers, drumstick, meat and skin, cooked, roasted"
10429,"Chicken, broilers or fryers, drumstick, meat and skin, cooked, stewed"
10430,"Chicken, broilers or fryers, dark meat, drumstick, meat only, raw"
10431,"Chicken, broilers or fryers, leg, meat and skin, cooked, fried, batter"
10432,"Chicken, broilers or fryers, leg, meat and skin, cooked, fried, flour"
10433,"Chicken, broilers or fryers, leg, meat and skin, cooked, roasted"
10434,"Chicken, broilers or fryers, leg, meat and skin, cooked, stewed"
10435,"Chicken, broilers or fryers, leg, meat only, raw"
10436,"Chicken, broilers or fryers, neck, meat and skin, cooked, fried, batter"
10437,"Chicken, broilers or fryers, neck, meat and skin, cooked, fried, flour"
10438,"Chicken, broilers or fryers, neck, meat and skin, cooked simmered"
10439,"Chicken, broilers or fryers, neck, meat only, raw"
10440,"Chicken, broilers or fryers, thigh, meat and skin, cooked, fried, flour"
10441,"Chicken, broilers or fryers, thigh, meat and skin, cooked, roasted"
10442,"Chicken, broilers or fryers, thigh, meat and skin, cooked, stewed"
10443,"Chicken, broilers or fryers, dark meat, thigh, meat only, raw"
10444,"Chicken, broilers or fryers, wing, meat and skin, cooked, fried, batter"
10445,"Chicken, broilers or fryers, wing, meat and skin, cooked, fried, flour"
10446,"Chicken, broilers or fryers, wing, meat and skin, cooked, roasted"
10447,"Chicken, broilers or fryers, wing, meat and skin, cooked, stewed"
10448,"Chicken, broilers or fryers, wing, meat only, raw"
10449,"Chicken, roasting, meat and skin and giblets and neck, cooked, roasted"
10450,"Canada Goose, breast meat only, skinless, raw"
10451,"Chicken, roasting, meat and skin, cooked, roasted"
10452,"Chicken, roasting, meat only, raw"
10453,"Chicken, roasting, light meat, meat only, cooked, roasted"
10454,"Chicken, roasting, dark meat, meat only, raw"
10455,"Chicken, roasting, dark meat, meat only, cooked, roasted"
10456,"Chicken, stewing, meat and skin, and giblets and neck, raw"
10457,"Chicken, stewing, giblets, raw"
10458,"Chicken, stewing, giblets, cooked, simmered"
10459,"Chicken, stewing, light meat, meat only, raw"
10460,"Chicken, stewing, light meat, meat only, cooked, stewed"
10461,"Chicken, capons, meat and skin, raw"
10462,"Chicken, capons, meat and skin, cooked, roasted"
10463,"Beverages, water, tap, drinking"
10464,"Beverages, coffee substitute, cereal grain beverage, powder, prepared with whole milk"
10465,"Beverages, Dairy drink mix, chocolate, reduced calorie, with low-calorie sweeteners, powder"
10466,"Beverages, dairy drink mix, chocolate, reduced calorie, with aspartame, powder, prepared with water and ice"
10467,"Beverages, Orange-flavor drink, breakfast type, with pulp, frozen concentrate."
10468,"Beverages, Orange-flavor drink, breakfast type, with pulp, frozen concentrate, prepared with water"
10469,"Cranberry juice cocktail, frozen concentrate"
10470,"Cranberry juice cocktail, frozen concentrate, prepared with water"
10471,"Whiskey sour mix, bottled, with added potassium and sodium"
10472,"Alcoholic beverage, whiskey sour"
10473,"Alcoholic beverage, distilled, all (gin, rum, vodka, whiskey) 94 proof"
10474,"Alcoholic beverage, distilled, all (gin, rum, vodka, whiskey) 100 proof"
10475,"Alcoholic beverage, liqueur, coffee, 63 proof"
10476,"Lemonade, frozen concentrate, pink"
10477,"Beverages, lemonade, frozen concentrate, pink, prepared with water"
10478,"Fish, herring, Atlantic, kippered"
10479,"Fish, herring, Pacific, raw"
10480,"Fish, ling, raw"
10481,"Fish, lingcod, raw"
10482,"Fish, mackerel, Pacific and jack, mixed species, raw"
10483,"Fish, mackerel, spanish, raw"
10484,"Fish, mackerel, spanish, cooked, dry heat"
10485,"Fish, milkfish, raw"
10486,"Fish, monkfish, raw"
10487,"Fish, pout, ocean, raw"
10488,"Fish, perch, mixed species, raw"
10489,"Fish, perch, mixed species, cooked, dry heat"
10490,"Fish, pike, northern, raw"
10491,"Fish, pollock, Alaska, cooked, dry heat (may contain additives to retain moisture)"
10492,"Fish, pompano, florida, raw"
10493,"Fish, pompano, florida, cooked, dry heat"
10494,"Fish, rockfish, Pacific, mixed species, raw"
10495,"Fish, sablefish, smoked"
10496,"Fish, salmon, Atlantic, wild, raw"
10497,"Fish, salmon, chinook, smoked"
10498,"Fish, salmon, chinook, raw"
10499,"Fish, salmon, chum, raw"
10500,"Fish, salmon, pink, canned, total can contents"
10501,"Fish, salmon, sockeye, raw"
10502,"Fish, salmon, sockeye, cooked, dry heat"
10503,"Fish, salmon, sockeye, canned, drained solids"
10504,"Fish, sea bass, mixed species, cooked, dry heat"
10505,"Fish, seatrout, mixed species, raw"
10506,"Fish, shad, american, raw"
10507,"Fish, shark, mixed species, raw"
10508,"Fish, snapper, mixed species, raw"
10509,"Fish, snapper, mixed species, cooked, dry heat"
10510,"Fish, spot, raw"
10511,"Fish, sturgeon, mixed species, raw"
10512,"Fish, surimi"
10513,"Fish, swordfish, raw"
10514,"Fish, swordfish, cooked, dry heat"
10515,"Fish, tilefish, raw"
10516,"Fish, tuna, fresh, bluefin, raw"
10517,"Fish, tuna, fresh, bluefin, cooked, dry heat"
10518,"Fish, tuna, light, canned in oil, drained solids"
10519,"Fish, tuna, light, canned in water, drained solids (Includes foods for USDA's Food Distribution Program)"
10520,"Fish, turbot, european, raw"
10521,"Fish, whitefish, mixed species, raw"
10522,"Fish, whitefish, mixed species, smoked"
10523,"Fish, whiting, mixed species, raw"
10524,"Fish, catfish, channel, wild, cooked, dry heat"
10525,"Fish, salmon, coho, farmed, raw"
10526,"Fish, salmon, coho, farmed, cooked, dry heat"
10527,"Fish, trout, rainbow, farmed, raw"
10528,"Fish, trout, rainbow, farmed, cooked, dry heat"
10529,"Fish, salmon, coho, wild, cooked, dry heat"
10530,"Mollusks, conch, baked or broiled"
10531,"Salmon nuggets, breaded, frozen, heated"
10532,"Salmon nuggets, cooked as purchased, unheated"
10533,"Salmon, sockeye, canned, drained solids, without skin and bones"
10534,"Fish, Salmon, pink, canned, drained solids, without skin and bones"
10535,"Fish, pollock, Alaska, raw"
10536,"Fish, pollock, Alaska, cooked"
10537,"Beans, adzuki, mature seeds, raw"
10538,"Beans, adzuki, mature seeds, cooked, boiled, without salt"
10539,"Beans, adzuki, mature seeds, canned, sweetened"
10540,"Yokan, prepared from adzuki beans and sugar"
10541,"Beans, baked, home prepared"
10542,"Beans, baked, canned, with pork and sweet sauce"
10543,"Beans, baked, canned, with pork and tomato sauce"
10544,"Beans, black, mature seeds, raw"
10545,"Beans, black, mature seeds, cooked, boiled, without salt"
10546,"Beans, cranberry (roman), mature seeds, cooked, boiled, without salt"
10547,"Beans, cranberry (roman), mature seeds, canned"
10548,"Beans, french, mature seeds, raw"
10549,"Beans, french, mature seeds, cooked, boiled, without salt"
10550,"Beans, kidney, all types, mature seeds, cooked, boiled, without salt"
10551,"Beans, kidney, all types, mature seeds, canned"
10552,"Beans, kidney, california red, mature seeds, raw"
10553,"Beans, kidney, california red, mature seeds, cooked, boiled, without salt"
10554,"Beans, kidney, red, mature seeds, raw"
10555,"Beans, navy, mature seeds, raw"
10556,"Beans, navy, mature seeds, cooked, boiled, without salt"
10557,"Beans, navy, mature seeds, canned"
10558,"Beans, pink, mature seeds, raw"
10559,"Beans, small white, mature seeds, raw"
10560,"Beans, small white, mature seeds, cooked, boiled, without salt"
10561,"Beans, yellow, mature seeds, raw"
10562,"Beans, yellow, mature seeds, cooked, boiled, without salt"
10563,"Broadbeans (fava beans), mature seeds, cooked, boiled, without salt"
10564,"Broadbeans (fava beans), mature seeds, canned"
10565,Carob flour
10566,"Chickpeas (garbanzo beans, bengal gram), mature seeds, raw"
10567,"Chickpeas (garbanzo beans, bengal gram), mature seeds, cooked, boiled, without salt"
10568,"Cowpeas, common (blackeyes, crowder, southern), mature seeds, raw"
10569,"Cowpeas, common (blackeyes, crowder, southern), mature seeds, cooked, boiled, without salt"
10570,"Cowpeas, common (blackeyes, crowder, southern), mature seeds, canned, plain"
10571,"Cowpeas, common (blackeyes, crowder, southern), mature seeds, canned with pork"
10572,"Soymilk (All flavors), enhanced"
10573,"Soymilk, original and vanilla, light, with added calcium, vitamins A and D"
10574,"Soymilk, chocolate and other flavors, light, with added calcium, vitamins A and D"
10575,"Soymilk, original and vanilla, light, unsweetened, with added calcium, vitamins A and D"
10576,"Soymilk (All flavors), lowfat, with added calcium, vitamins A and D"
10577,"Beans, adzuki, mature seed, cooked, boiled, with salt"
10578,"Beans, great northern, mature seeds, cooked, boiled, with salt"
10579,"Beans, great northern, mature seeds, canned, low sodium"
10580,"Beans, kidney, all types, mature seeds, cooked, boiled, with salt"
10581,"Beans, kidney, california red, mature seeds, cooked, boiled, with salt"
10582,"Beans, navy, mature seeds, cooked, boiled, with salt"
10583,"Beans, pink, mature seeds, cooked, boiled, with salt"
10584,"Beans, pinto, mature seeds, cooked, boiled, with salt"
10585,"Beans, pinto, mature seeds, canned, drained solids, rinsed in tap water"
10586,"Broadbeans (fava beans), mature seeds, cooked, boiled, with salt"
10587,"Chickpeas (garbanzo beans, bengal gram), mature seeds, cooked, boiled, with salt"
10588,"Chickpeas (garbanzo beans, bengal gram), mature seeds, canned, drained solids"
10589,"Chickpeas (garbanzo beans, bengal gram), mature seeds, canned, drained, rinsed in tap water"
10590,"Lima beans, large, mature seeds, cooked, boiled, with salt"
10591,"Lima beans, thin seeded (baby), mature seeds, cooked, boiled, with salt"
10592,"Lupins, mature seeds, cooked, boiled, with salt"
10593,"Mothbeans, mature seeds, cooked, boiled, with salt"
10594,"Peanuts, all types, dry-roasted, without salt"
10595,"Peanuts, spanish, oil-roasted, without salt"
10596,"Peanuts, valencia, oil-roasted, without salt"
10597,"Peanuts, virginia, oil-roasted, without salt"
10598,"Lamb, New Zealand, imported, frozen, loin, separable lean only, cooked, broiled"
10599,"Lamb, New Zealand, imported, rack - partly frenched, separable lean and fat, raw"
10600,"Lamb, New Zealand, imported, rack - partly frenched, separable lean and fat, cooked, fast roasted"
10601,"Lamb, New Zealand, imported, frozen, shoulder, whole (arm and blade), separable lean only, cooked, braised"
10602,"Veal, composite of trimmed retail cuts, separable lean and fat, raw"
10603,"Veal, composite of trimmed retail cuts, separable lean and fat, cooked"
10604,"Veal, composite of trimmed retail cuts, separable lean only, raw"
10605,"Veal, leg (top round), separable lean and fat, cooked, braised"
10606,"Veal, leg (top round), separable lean and fat, cooked, pan-fried, breaded"
10607,"Veal, leg (top round), separable lean and fat, cooked, pan-fried, not breaded"
10608,"Veal, leg (top round), separable lean and fat, cooked, roasted"
10609,"Veal, leg (top round), separable lean only, cooked, roasted"
10610,"Veal, loin, separable lean and fat, raw"
10611,"Veal, loin, separable lean and fat, cooked, braised"
10612,"Veal, loin, separable lean and fat, cooked, roasted"
10613,"Veal, loin, separable lean only, raw"
10614,"Veal, rib, separable lean and fat, cooked, roasted"
10615,"Veal, rib, separable lean only, raw"
10616,"Veal, rib, separable lean only, cooked, braised"
10617,"Veal, rib, separable lean only, cooked, roasted"
10618,"Veal, shoulder, whole (arm and blade), separable lean only, cooked, braised"
10619,"Veal, shoulder, whole (arm and blade), separable lean only, cooked, roasted"
10620,"Veal, shoulder, arm, separable lean and fat, raw"
10621,"Veal, shoulder, arm, separable lean and fat, cooked, braised"
10622,"Veal, shoulder, blade chop, separable lean and fat, raw"
10623,"Veal, shoulder, blade, separable lean and fat, cooked, braised"
10624,"Veal, shoulder, blade, separable lean and fat, cooked, roasted"
10625,"Veal, shoulder, blade chop, separable lean only, raw"
10626,"Veal, shoulder, blade, separable lean only, cooked, braised"
10627,"Veal, sirloin, separable lean only, raw"
10628,"Veal, sirloin, separable lean only, cooked, braised"
10629,"Veal, sirloin, separable lean only, cooked, roasted"
10630,"Veal, cubed for stew (leg and shoulder), separable lean only, raw"
10631,"Game meat, antelope, cooked, roasted"
10632,"Game meat, bear, raw"
10633,"Game meat, bear, cooked, simmered"
10634,"Bison, ground, grass-fed, cooked"
10635,"Game meat, beefalo, composite of cuts, cooked, roasted"
10636,"Veal, Australian, separable fat, raw"
10637,"Veal, Australian, rib, rib roast, separable lean and fat, raw"
10638,"Game meat, bison, separable lean only, raw"
10639,"Game meat, bison, separable lean only, cooked, roasted"
10640,"Game meat, caribou, raw"
10641,"Game meat, caribou, cooked, roasted"
10642,"Game meat, deer, raw"
10643,"Bologna, pork"
10644,"Bologna, turkey"
10645,Chicken spread
10646,"Sausage, pork, chorizo, link or ground, raw"
10647,"Corned beef loaf, jellied"
10648,"Dutch brand loaf, chicken, pork and beef"
10649,"Frankfurter, beef, unheated"
10650,"Ham, sliced, pre-packaged, deli meat (96%fat free, water added)"
10651,"Ham, sliced, regular (approximately 11% fat)"
10652,"Ham, minced"
10653,Ham salad spread
10654,"Knackwurst, knockwurst, pork, beef"
10655,"Lebanon bologna, beef"
10656,"Liver cheese, pork"
10657,"Liver sausage, liverwurst, pork"
10658,"Sausage, turkey, fresh, cooked"
10659,"Bologna, chicken, pork, beef"
10660,"Bologna, chicken, pork"
10661,"Chicken breast, deli, rotisserie seasoned, sliced, prepackaged"
10662,"Frankfurter, meat and poultry, unheated"
10663,"Pork sausage, link/patty, fully cooked, unheated"
10664,"Kielbasa, fully cooked, grilled"
10665,"Kielbasa, fully cooked, pan-fried"
10666,"Kielbasa, fully cooked, unheated"
10667,"Sausage, chicken or turkey, Italian style,  lower sodium"
10668,"Ham, smoked, extra lean, low sodium"
10669,"Pork sausage, reduced sodium, cooked"
10670,"Sausage, pork, turkey, and beef, reduced sodium"
10671,"Cereals ready-to-eat, wheat germ, toasted, plain"
10672,"Cereals, oats, regular and quick, not fortified, dry"
10673,"Cereals, oats, regular and quick, unenriched, cooked with water (includes boiling and microwaving), without salt"
10674,"Cereals, oats, instant, fortified, with cinnamon and spice, prepared with water"
10675,"Cereals, oats, instant, fortified, with raisins and spice, prepared with water"
10676,"Cereals ready-to-eat, rice, puffed, fortified"
10677,"Cereals ready-to-eat, wheat, puffed, fortified"
10678,"Cereals, farina, unenriched, dry"
10679,"Cereals, farina, enriched, cooked with water, with salt"
10680,"Apples, raw, without skin, cooked, boiled"
10681,"Apples, raw, without skin, cooked, microwave"
10682,"Apples, canned, sweetened, sliced, drained, heated"
10683,"Apples, dehydrated (low moisture), sulfured, uncooked"
10684,"Apples, frozen, unsweetened, heated (Includes foods for USDA's Food Distribution Program)"
10685,"Apple juice, canned or bottled, unsweetened, without added ascorbic acid"
10686,"Apple juice, frozen concentrate, unsweetened, undiluted, without added ascorbic acid"
10687,"Apple juice, frozen concentrate, unsweetened, diluted with 3 volume water without added ascorbic acid"
10688,"Apricots, canned, water pack, without skin, solids and liquids"
10689,"Apricots, canned, juice pack, with skin, solids and liquids"
10690,"Apricots, canned, extra light syrup pack, with skin, solids and liquids (Includes foods for USDA's Food Distribution Program)"
10691,"Apricots, canned, light syrup pack, with skin, solids and liquids"
10692,"Apricots, dehydrated (low-moisture), sulfured, stewed"
10693,"Apricots, dried, sulfured, uncooked"
10694,"Apricots, dried, sulfured, stewed, without added sugar"
10695,"Apricots, dried, sulfured, stewed, with added sugar"
10696,"Bananas, raw"
10697,"Bananas, dehydrated, or banana powder"
10698,"Blackberries, raw"
10699,"Blackberry juice, canned"
10700,"Blueberries, canned, heavy syrup, solids and liquids"
10701,"Blueberries, wild, frozen (Includes foods for USDA's Food Distribution Program)"
10702,"Blueberries, frozen, unsweetened (Includes foods for USDA's Food Distribution Program)"
10703,"Blueberries, frozen, sweetened"
10704,"Carissa, (natal-plum), raw"
10705,"Cherimoya, raw"
10706,"Cherries, sour, red, raw"
10707,"Cherries, sour, red, canned, water pack, solids and liquids"
10708,"Cherries, sour, red, canned, light syrup pack, solids and liquids"
10709,"Cherries, sweet, canned, water pack, solids and liquids"
10710,"Cherries, sweet, canned, juice pack, solids and liquids"
10711,"Cherries, sweet, canned, light syrup pack, solids and liquids"
10712,"Cherries, sweet, canned, pitted, heavy syrup pack, solids and liquids"
10713,"Cranberry sauce, canned, sweetened"
10714,"Cranberry-orange relish, canned"
10715,"Currants, european black, raw"
10716,"Currants, red and white, raw"
10717,"Beef, Australian, imported, grass-fed, loin, tenderloin steak/roast, boneless, separable lean only, raw"
10718,"Beef, Australian, imported, Wagyu, loin, tenderloin steak/roast, boneless, separable lean only, Aust. marble score 4/5, raw"
10719,"Beef, Australian, imported, Wagyu, external fat, Aust. marble score 9, raw"
10720,"Beef, Australian, imported, Wagyu, seam fat, Aust. marble score 9, raw"
10721,"Beef, Australian, imported, grass-fed, loin, tenderloin steak/roast, boneless, separable lean and fat, raw"
10722,"Beef, Australian, imported, grass-fed, loin, top loin steak/roast, boneless, separable lean only, raw"
10723,"Beef, Australian, imported, grass-fed, round, bottom round steak/roast, boneless, separable lean only, raw"
10724,"Beef, Australian, imported, grass-fed, round, top round cap-off steak/roast, boneless, separable lean only, raw"
10725,"Beef, Australian, imported, Wagyu, loin, tenderloin steak/roast, boneless, separable lean only, Aust. marble score 9, raw"
10726,"Beef, Australian, imported, Wagyu, loin, top loin steak/roast, boneless, separable lean only, Aust. marble score 4/5, raw"
10727,"Beef, Australian, imported, grass-fed, rib, ribeye steak/roast lip-on, boneless, separable lean and fat, raw"
10728,"Beef, Australian, imported, grass-fed, round, bottom round steak/roast, boneless, separable lean and fat, raw"
10729,"Beef, Australian, imported, grass-fed, round, top round cap-off steak/roast, boneless, separable lean and fat, raw"
10730,"Beef, Australian, imported, Wagyu, loin, top loin steak/roast, boneless, separable lean and fat, Aust. marble score 4/5, raw"
10731,"Beef, Australian, imported, Wagyu, loin, top loin steak/roast, separable lean and fat, Aust. marble score 9, raw"
10732,"Beef, round, top round steak, boneless, separable lean and fat, trimmed to 0"" fat, choice, raw"
10733,"Beef, round, top round steak, boneless, separable lean and fat, trimmed to 0"" fat, select, raw"
10734,"Beef, round, top round roast, boneless, separable lean and fat, trimmed to 0"" fat, all grades, raw"
10735,"Beef, round, top round roast, boneless, separable lean and fat, trimmed to 0"" fat, choice, raw"
10736,"Beef, round, eye of round steak, boneless, separable lean and fat, trimmed to 0"" fat, all grades, raw"
10737,"Beef, round, eye of round steak, boneless separable lean and fat, trimmed to 0"" fat, choice, raw"
10738,"Beef, round, eye of round steak, boneless, separable lean and fat, trimmed to 0"" fat, select, raw"
10739,"Beef, loin, tenderloin roast, boneless, separable lean and fat, trimmed to 0"" fat, all grades, raw"
10740,"Beef, loin, tenderloin steak, boneless, separable lean and fat, trimmed to 0"" fat, all grades, raw"
10741,"Beef, loin, tenderloin steak, boneless, separable lean and fat, trimmed to 0"" fat, choice, raw"
10742,"Beef, loin, tenderloin steak, boneless, separable lean and fat, trimmed to 0"" fat, select, raw"
10743,"Beef, loin, tenderloin roast, boneless, separable lean and fat, trimmed to 0"" fat, all grades, cooked, roasted"
10744,"Beef, round, top round roast, boneless, separable lean and fat, trimmed to 0"" fat, select, cooked, roasted"
10745,"Beef, round, eye of round steak, boneless, separable lean and fat, trimmed to 0"" fat, all grades, cooked, grilled"
10746,"Beef, round, eye of round steak, boneless, separable lean and fat, trimmed to 0"" fat, choice, cooked, grilled"
10747,"Beef, round, eye of round steak, boneless, separable lean and fat, trimmed to 0"" fat, select, cooked, grilled"
10748,"Beef, round, top round roast, boneless, separable lean only, trimmed to 0"" fat, choice, raw"
10749,"Beef, round, top round roast, boneless, separable lean only, trimmed to 0"" fat, select, raw"
10750,"Beef, round, eye of round roast, boneless, separable lean only, trimmed to 0"" fat, all grades, raw"
10751,"Beef, round, eye of round roast, boneless, separable lean only, trimmed to 0"" fat, choice, raw"
10752,"Beef, loin, tenderloin roast, boneless, separable lean only, trimmed to 0"" fat, choice, raw"
10753,"Beef, loin, tenderloin roast, boneless, separable lean only, trimmed to 0"" fat, select, raw"
10754,"Beef, loin, top loin steak, boneless, lip off, separable lean only, trimmed to 0"" fat, all grades, raw"
10755,"Beef, loin, top loin steak, boneless, lip off, separable lean only, trimmed to 0"" fat, choice, raw"
10756,"Beef, loin, tenderloin roast, boneless, separable lean only, trimmed to 0"" fat, all grades, cooked, roasted"
10757,"Beef, loin, tenderloin roast, boneless, separable lean only, trimmed to 0"" fat, choice, cooked, roasted"
10758,"Beef, loin, tenderloin roast, separable lean only, boneless, trimmed to 0"" fat, select, cooked, roasted"
10759,"Beef, round, top round roast, boneless, separable lean only, trimmed to 0"" fat, all grades, cooked, roasted"
10760,"Beef, round, eye of round steak, boneless, separable lean only, trimmed to 0"" fat, select, cooked, grilled"
10761,"Beef, loin, top loin steak, boneless, lip-on, separable lean only, trimmed to 1/8"" fat, select, raw"
10762,"Beef, loin, top loin steak, boneless, lip-on, separable lean only, trimmed to 1/8"" fat, choice, raw"
10763,"Beef, loin, top loin steak, boneless, lip-on, separable lean only, trimmed to 1/8"" fat, all grades, raw"
10764,"Beef, composite of trimmed retail cuts, separable lean only, trimmed to 1/8"" fat, choice, raw"
10765,"Beef composite, separable lean only, trimmed to 1/8"" fat, choice, cooked"
10766,"Beef, composite of trimmed retail cuts, separable lean and fat, trimmed to 0"" fat, choice, raw"
10767,"Beef, composite of trimmed retail cuts, separable lean only, trimmed to 0"" fat, choice, raw"
10768,"Beef, chuck, mock tender steak, separable lean only, trimmed to 0"" fat, all grades, cooked, broiled"
10769,"Beef, chuck, top blade, separable lean only, trimmed to 0"" fat, all grades, cooked, broiled"
10770,"Beef, chuck, clod roast, separable lean only, trimmed to 1/4"" fat, all grades, raw"
10771,"Beef, chuck, clod roast, separable lean only, trimmed to 0"" fat, all grades, cooked, roasted"
10772,"Beef, chuck, mock tender steak, separable lean and fat, trimmed to 0"" fat, USDA select, cooked, broiled"
10773,"Beef, chuck, top blade, separable lean and fat, trimmed to 0"" fat, choice, cooked, broiled"
10774,"Beef, chuck, top blade, separable lean and fat, trimmed to 0"" fat, select, cooked, broiled"
10775,"Beef, chuck, clod roast, separable lean and fat, trimmed to 0"" fat, choice, cooked, roasted"
10776,"Beef, loin, bottom sirloin butt, tri-tip steak, separable lean and fat, trimmed to 0"" fat, all grades, cooked, broiled"
10777,"Beef, chuck, mock tender steak, separable lean and fat, trimmed to 0"" fat, all grades, cooked, broiled"
10778,"Beef, chuck, top blade, separable lean and fat, trimmed to 0"" fat, all grades, cooked, broiled"
10779,"Beef, chuck, clod roast, separable lean and fat, trimmed to 0"" fat, all grades, cooked, roasted"
10780,"Beef, ground, 95% lean meat / 5% fat, crumbles, cooked, pan-browned"
10781,"Beef, ground, 95% lean meat / 5% fat, loaf, cooked, baked"
10782,"Beef, ground, 90% lean meat / 10% fat, raw"
10783,"Beef, ground, 90% lean meat / 10% fat, patty, cooked, broiled"
10784,"Beef, ground, 85% lean meat / 15% fat, patty, cooked, broiled"
10785,"Beef, ground, 85% lean meat / 15% fat, patty, cooked, pan-broiled"
10786,"Beef, ground, 85% lean meat / 15% fat, crumbles, cooked, pan-browned"
10787,"Beef, ground, 85% lean meat / 15% fat, loaf, cooked, baked"
10788,"Beef, ground, 80% lean meat / 20% fat, raw"
10789,"Beef, ground, 75% lean meat / 25% fat, raw"
10790,"Beef, ground, 75% lean meat / 25% fat, patty, cooked, broiled"
10791,"Beef, ground, 75% lean meat / 25% fat, patty, cooked, pan-broiled"
10792,"Beef, ground, 75% lean meat / 25% fat, crumbles, cooked, pan-browned"
10793,"Beef, short loin, top loin, steak, separable lean only, trimmed to 1/8"" fat, select, raw"
10794,"Beef, rib, small end (ribs 10-12), separable lean only, trimmed to 1/8"" fat, select, cooked, broiled"
10795,"Beef, tenderloin, steak, separable lean only, trimmed to 1/8"" fat, select, cooked, broiled"
10796,"Beef, top sirloin, steak, separable lean only, trimmed to 1/8"" fat, select, cooked, broiled"
10797,"Beef, round, bottom round, steak, separable lean only, trimmed to 1/8"" fat, select, cooked, braised"
10798,"Beef, round, bottom round, roast, separable lean only, trimmed to 1/8"" fat, all grades, raw"
10799,"Beef, brisket, flat half, separable lean only, trimmed to 1/8"" fat, all grades, cooked, braised"
10800,"Beef, brisket, flat half, separable lean only, trimmed to 1/8"" fat, all grades, raw"
10801,"Beef, round, eye of round, roast, separable lean only, trimmed to 1/8"" fat, all grades, raw"
10802,"Beef, chuck, arm pot roast, separable lean only, trimmed to 1/8"" fat, all grades, cooked, braised"
10803,"Beef, chuck, arm pot roast, separable lean only, trimmed to 1/8"" fat, all grades, raw"
10804,"Beef, round, bottom round, roast, separable lean only, trimmed to 1/8"" fat, all grades, cooked"
10805,"Beef, round, bottom round, steak, separable lean only, trimmed to 1/8"" fat, all grades, cooked, braised"
10806,"Beef, top sirloin, steak, separable lean only, trimmed to 1/8"" fat, all grades, cooked, broiled"
10807,"Beef, top sirloin, steak, separable lean only, trimmed to 1/8"" fat, all grades, raw"
10808,"Beef, chuck, arm pot roast, separable lean only, trimmed to 1/8"" fat, choice, raw"
10809,"Beef, brisket, flat half, separable lean only, trimmed to 1/8"" fat, choice, raw"
10810,"Beef, round, bottom round, roast, separable lean only, trimmed to 1/8"" fat, choice, raw"
10811,"Beef, round, bottom round, roast, separable lean only, trimmed to 1/8"" fat, choice, cooked, roasted"
10812,"Beef, round, eye of round, roast, separable lean only, trimmed to 1/8"" fat, choice, cooked, roasted"
10813,"Beef, round, top round, steak, separable lean only, trimmed to 1/8"" fat, choice, cooked, broiled"
10814,"Soup, clam chowder, new england, canned, ready-to-serve"
10815,"Soup, clam chowder, new england, reduced sodium, canned, ready-to-serve"
10816,"Soup, chicken noodle, reduced sodium, canned, ready-to-serve"
10817,"Soup, beef and vegetables, reduced sodium, canned, ready-to-serve"
10818,"Sauce, sweet and sour, ready-to-serve"
10819,"Sauce, cocktail, ready-to-serve"
10820,"Dip, salsa con queso, cheese and salsa- medium"
10821,"Sauce, peanut, made from peanut butter, water, soy sauce"
10822,"Soup, chunky vegetable, reduced sodium, canned, ready-to-serve"
10823,"Soup, beef barley, ready to serve"
10824,"Sauce, enchilada, red, mild, ready to serve"
10825,"Bread, chapati or roti, whole wheat, commercially prepared, frozen"
10826,"Bread, paratha, whole wheat, commercially prepared, frozen"
10827,"Bread, naan, whole wheat, commercially prepared, refrigerated"
10828,"Bread, roll, Mexican, bollilo"
10829,"Cookie, butter or sugar, with chocolate icing or filling"
10830,"Cookie, chocolate, with icing or coating"
10831,"Tortillas, ready-to-bake or -fry, whole wheat"
10832,"Cake, snack cakes, creme-filled, chocolate with frosting, low-fat, with added fiber"
10833,"Cookies, graham crackers, plain or honey, lowfat"
10834,"Crackers, cheese, whole grain"
10835,"Waffles, whole wheat, lowfat, frozen, ready-to-heat"
10836,"Pancakes, plain, reduced fat"
10837,"Cookies, shortbread, reduced fat"
10838,"Cookies, sugar wafer, chocolate-covered"
10839,"Rolls, hamburger or hot dog, wheat/cracked wheat"
10840,"Rolls, hamburger or hot dog, whole wheat"
10841,"Bread, french or vienna, whole wheat"
10842,"Bagels, whole grain white"
10843,"English muffins, whole grain white"
10844,"Rolls, hamburger, whole grain white, calcium-fortified"
10845,"Cookies, chocolate chip sandwich, with creme filling"
10846,"Cookies, chocolate, made with rice cereal"
10847,"Cookies, marshmallow, with rice cereal and chocolate chips"
10848,"Crackers, flavored, fish-shaped"
10849,"Bread, gluten-free, white, made with rice flour, corn starch, and/or tapioca"
10850,"Bread, gluten-free, white, made with tapioca starch and brown rice flour"
10851,"Bread, gluten-free, whole grain, made with tapioca starch and brown rice flour"
10852,"Crackers, gluten-free, multigrain and vegetable, made with corn starch and white rice flour"
10853,"Crackers, gluten-free, multi-seeded and multigrain"
10854,"Waffles, gluten-free, frozen, ready-to-heat"
10855,"Pancakes, gluten-free, frozen, ready-to-heat"
10856,"Rolls, dinner, sweet"
10857,"Beverages,  Energy drink, Citrus"
10858,"Alcoholic Beverage, wine, table, red, Mouvedre"
10859,"Alcoholic beverage, wine, table, white, Chardonnay"
10860,"Beverages, Kiwi Strawberry Juice Drink"
10861,"Beverages, Apple juice drink, light, fortified with vitamin C"
10862,"Beverages, Carob-flavor beverage mix, powder"
10863,"Beverages, Carob-flavor beverage mix, powder, prepared with whole milk"
10864,"Beverages, coconut milk, sweetened, fortified with calcium, vitamins A, B12, D2"
10865,"Beverages, chocolate syrup"
10866,"Beverages, chocolate syrup, prepared with whole milk"
10867,"Beverages, coffee, ready to drink, iced, mocha, milk based"
10868,"Beverages, tea, Oolong, brewed"
10869,"Beverages, tea, green, ready-to-drink, citrus, diet, fortified with vitamin C"
10870,"Beverages, Cocoa mix, powder"
10871,"Beverages, Cocoa mix, powder, prepared with water"
10872,"Beverages, coffee, brewed, espresso, restaurant-prepared, decaffeinated"
10873,"Beverages, coffee, instant, regular, half the caffeine"
10874,"Beverages, coffee and cocoa, instant, decaffeinated, with whitener and low calorie sweetener"
10875,"Beverages, tea, green, ready-to-drink, sweetened"
10876,"Beverages, tea, ready-to-drink, lemon, diet"
10877,"Beverages, coffee, instant, regular, prepared with water"
10878,"Beverages, aloe vera juice drink, fortified with Vitamin C"
10879,"Beverages, coffee, instant, decaffeinated, powder"
10880,"Beverages, coffee, instant, chicory"
10881,"Beverages, coffee, instant, mocha, sweetened"
10882,"Beverages, coffee substitute, cereal grain beverage, powder"
10883,"Beverages, coffee substitute, cereal grain beverage, prepared with water"
10884,"Beverages, cranberry-apple juice drink, bottled"
10885,"Alcoholic beverage, malt beer, hard lemonade"
10886,"Beverages, cranberry-apricot juice drink, bottled"
10887,"Beverages, tea, green, instant, decaffeinated, lemon, unsweetened, fortified with vitamin C"
10888,"Beverages, tea, black, ready to drink"
10889,"Alcoholic beverage, beer, light, higher alcohol"
10890,"Beverages, Fruit punch drink, with added nutrients, canned"
10891,"Beverages, Fruit punch drink, frozen concentrate"
10892,"Beverages, Fruit punch drink, frozen concentrate, prepared with water"
10893,"Beverages, coffee, instant, vanilla, sweetened, decaffeinated, with non dairy creamer"
10894,"Beverages, tea, black, brewed, prepared with distilled water"
10895,"Beverages, tea, herb, brewed, chamomile"
10896,"Beverages, Wine, non-alcoholic"
10897,"Water, bottled, generic"
10898,"Beverages, chocolate-flavor beverage mix for milk, powder, with added nutrients"
10899,"Beverages, chocolate-flavor beverage mix for milk, powder, with added nutrients, prepared with whole milk"
10900,"Beverages, Water with added vitamins and minerals, bottles, sweetened, assorted fruit flavors"
10901,"Beverages, Vegetable and fruit juice drink, reduced calorie, with low-calorie sweetener, added vitamin C"
10902,"Beverages, milk beverage, reduced fat, flavored and sweetened, Ready-to-drink,  added calcium, vitamin A and vitamin D"
10903,"Beverages, fruit juice drink, reduced sugar, with vitamin E added"
10904,"Beverages, Fruit flavored drink, less than 3% juice, not fortified with vitamin C"
10905,"Beverages, Fruit flavored drink containing less than 3% fruit juice, with high vitamin C"
10906,"Beverages, nutritional shake mix, high protein, powder"
10907,"Fish, anchovy, european, raw"
10908,"Fish, anchovy, european, canned in oil, drained solids"
10909,"Fish, bass, fresh water, mixed species, raw"
10910,"Fish, carp, cooked, dry heat"
10911,"Fish, catfish, channel, wild, raw"
10912,"Fish, catfish, channel, cooked, breaded and fried"
10913,"Fish, caviar, black and red, granular"
10914,"Fish, cod, Atlantic, canned, solids and liquid"
10915,"Fish, cod, Atlantic, dried and salted"
10916,"Fish, cod, Pacific, raw (may have been previously frozen)"
10917,"Fish, croaker, Atlantic, raw"
10918,"Fish, eel, mixed species, raw"
10919,"Fish, eel, mixed species, cooked, dry heat"
10920,"Fish, fish sticks, frozen, prepared"
10921,"Fish, flatfish (flounder and sole species), raw"
10922,"Fish, flatfish (flounder and sole species), cooked, dry heat"
10923,"Fish, haddock, cooked, dry heat"
10924,"Fish, haddock, smoked"
10925,"Fish, halibut, Atlantic and Pacific, raw"
10926,"Fish, halibut, Atlantic and Pacific, cooked, dry heat"
10927,"Crustaceans, crab, alaska king, cooked, moist heat"
10928,"Crustaceans, crab, alaska king, imitation, made from surimi"
10929,"Crustaceans, crab, blue, raw"
10930,"Crustaceans, crab, blue, cooked, moist heat"
10931,"Crustaceans, crayfish, mixed species, wild, raw"
10932,"Crustaceans, crayfish, mixed species, wild, cooked, moist heat"
10933,"Crustaceans, lobster, northern, raw"
10934,"Crustaceans, lobster, northern, cooked, moist heat"
10935,"Crustaceans, shrimp, mixed species, raw (may contain additives to retain moisture)"
10936,"Crustaceans, spiny lobster, mixed species, raw"
10937,"Mollusks, abalone, mixed species, raw"
10938,"Mollusks, abalone, mixed species, cooked, fried"
10939,"Mollusks, clam, mixed species, raw"
10940,"Mollusks, cuttlefish, mixed species, raw"
10941,"Mollusks, mussel, blue, raw"
10942,"Mollusks, mussel, blue, cooked, moist heat"
10943,"Mollusks, octopus, common, raw"
10944,"Mollusks, oyster, Pacific, raw"
10945,"Mollusks, scallop, mixed species, raw"
10946,"Mollusks, scallop, mixed species, cooked, breaded and fried"
10947,"Mollusks, scallop, mixed species, imitation, made from surimi"
10948,"Mollusks, squid, mixed species, raw"
10949,"Fish, salmon, chum, canned, without salt, drained solids with bone"
10950,"Fish, salmon, pink, canned, without salt, solids with bone and liquid"
10951,"Fish, salmon, sockeye, canned, without salt, drained solids with bone"
10952,"Fish, tuna, light, canned in oil, without salt, drained solids"
10953,"Fish, bass, striped, cooked, dry heat"
10954,"Fish, bluefish, cooked, dry heat"
10955,"Fish, burbot, cooked, dry heat"
10956,"Fish, butterfish, cooked, dry heat"
10957,"Fish, halibut, greenland, cooked, dry heat"
10958,"Fish, herring, Pacific, cooked, dry heat"
10959,"Fish, ling, cooked, dry heat"
10960,"Fish, lingcod, cooked, dry heat"
10961,"Fish, mackerel, king, cooked, dry heat"
10962,"Fish, pollock, Atlantic, cooked, dry heat"
10963,"Fish, pout, ocean, cooked, dry heat"
10964,"Fish, roe, mixed species, cooked, dry heat"
10965,"Fish, sablefish, cooked, dry heat"
10966,"Fish, scup, cooked, dry heat"
10967,"Fish, seatrout, mixed species, cooked, dry heat"
10968,"Fish, shad, american, cooked, dry heat"
10969,"Fish, spot, cooked, dry heat"
10970,"Fish, turbot, european, cooked, dry heat"
10971,"Fish, whitefish, mixed species, cooked, dry heat"
10972,"Fish, wolffish, Atlantic, cooked, dry heat"
10973,"Fish, yellowtail, mixed species, cooked, dry heat"
10974,"Mollusks, octopus, common, cooked, moist heat"
10975,"Mollusks, oyster, Pacific, cooked, moist heat"
10976,"Fish, roughy, orange, cooked, dry heat"
10977,"Lima beans, large, mature seeds, raw"
10978,"Lima beans, large, mature seeds, cooked, boiled, without salt"
10979,"Lima beans, large, mature seeds, canned"
10980,"Lima beans, thin seeded (baby), mature seeds, raw"
10981,"Mung beans, mature seeds, raw"
10982,"Mung beans, mature seeds, cooked, boiled, without salt"
10983,"Noodles, chinese, cellophane or long rice (mung beans), dehydrated"
10984,"Mungo beans, mature seeds, raw"
10985,"Peanuts, all types, cooked, boiled, with salt"
10986,"Peanuts, all types, oil-roasted, with salt"
10987,"Peanuts, all types, dry-roasted, with salt"
10988,"Peanuts, spanish, raw"
10989,"Peanuts, virginia, oil-roasted, with salt"
10990,"Peanut butter, chunk style, with salt"
10991,"Peanut butter, smooth style, with salt (Includes foods for USDA's Food Distribution Program)"
10992,"Peanut flour, defatted"
10993,Meat extender
10994,"Sausage, meatless"
10995,"Soybeans, mature seeds, raw"
10996,"Soybeans, mature cooked, boiled, without salt"
10997,Tempeh
10998,"Soy flour, full-fat, raw"
10999,"Soy flour, full-fat, roasted"
11000,"Soy flour, defatted"
11001,Soy protein isolate
11002,Soy sauce made from soy and wheat (shoyu)
11003,Soy sauce made from soy (tamari)
11004,Soy sauce made from hydrolyzed vegetable protein
11005,"Tofu, salted and fermented (fuyu)"
11006,"Yardlong beans, mature seeds, raw"
11007,"Yardlong beans, mature seeds, cooked, boiled, without salt"
11008,"Winged beans, mature seeds, raw"
11009,"Lentils, pink or red, raw"
11010,"Beans, kidney, red, mature seeds, canned, drained solids"
11011,"Beans, pinto, canned, drained solids"
11012,"Veggie burgers or soyburgers, unprepared"
11013,Chickpea flour (besan)
11014,"Hummus, commercial"
11015,"Tofu, extra firm, prepared with nigari"
11016,"Tofu, hard, prepared with nigari"
11017,"Soymilk, chocolate, unfortified"
11018,"Peanut Butter, smooth (Includes foods for USDA's Food Distribution Program)"
11019,"Soymilk, chocolate, with added calcium, vitamins A and D"
11020,"Refried beans, canned, vegetarian"
11021,"Refried beans, canned, traditional, reduced sodium"
11022,"Soybeans, mature seeds, cooked, boiled, with salt"
11023,"Soybeans, mature seeds, roasted, no salt added"
11024,"Soy protein concentrate, produced by acid wash"
11025,"Soy protein isolate, potassium type"
11026,"Tofu, dried-frozen (koyadofu), prepared with calcium sulfate"
11027,"Tofu, fried, prepared with calcium sulfate"
11028,"Tofu, salted and fermented (fuyu), prepared with calcium sulfate"
11029,"Yardlong beans, mature seeds, cooked, boiled, with salt"
11030,"Lamb, composite of trimmed retail cuts, separable lean only, trimmed to 1/4"" fat, choice, raw"
11031,"Lamb, composite of trimmed retail cuts, separable lean only, trimmed to 1/4"" fat, choice, cooked"
11032,"Lamb, composite of trimmed retail cuts, separable fat, trimmed to 1/4"" fat, choice, raw"
11033,"Lamb, composite of trimmed retail cuts, separable fat, trimmed to 1/4"" fat, choice, cooked"
11034,"Lamb, leg, whole (shank and sirloin), separable lean and fat, trimmed to 1/4"" fat, choice, raw"
11035,"Lamb, leg, whole (shank and sirloin), separable lean and fat, trimmed to 1/4"" fat, choice, cooked, roasted"
11036,"Lamb, leg, whole (shank and sirloin), separable lean only, trimmed to 1/4"" fat, choice, raw"
11037,"Lamb, leg, whole (shank and sirloin), separable lean only, trimmed to 1/4"" fat, choice, cooked, roasted"
11038,"Lamb, leg, shank half, separable lean and fat, trimmed to 1/4"" fat, choice, raw"
11039,"Lamb, leg, sirloin half, separable lean and fat, trimmed to 1/4"" fat, choice, cooked, roasted"
11040,"Lamb, leg, sirloin half, separable lean only, trimmed to 1/4"" fat, choice, raw"
11041,"Lamb, leg, sirloin half, separable lean only, trimmed to 1/4"" fat, choice, cooked, roasted"
11042,"Lamb, loin, separable lean and fat, trimmed to 1/4"" fat, choice, raw"
11043,"Lamb, loin, separable lean only, trimmed to 1/4"" fat, choice, cooked, roasted"
11044,"Lamb, rib, separable lean and fat, trimmed to 1/4"" fat, choice, raw"
11045,"Lamb, rib, separable lean and fat, trimmed to 1/4"" fat, choice, cooked, broiled"
11046,"Lamb, rib, separable lean and fat, trimmed to 1/4"" fat, choice, cooked, roasted"
11047,"Lamb, shoulder, whole (arm and blade), separable lean and fat, trimmed to 1/4"" fat, choice, cooked, broiled"
11048,"Lamb, shoulder, whole (arm and blade), separable lean and fat, trimmed to 1/4"" fat, choice, cooked, roasted"
11049,"Lamb, shoulder, whole (arm and blade), separable lean only, trimmed to 1/4"" fat, choice, raw"
11050,"Lamb, shoulder, whole (arm and blade), separable lean only, trimmed to 1/4"" fat, choice, cooked, braised"
11051,"Lamb, shoulder, arm, separable lean and fat, trimmed to 1/4"" fat, choice, cooked, broiled"
11052,"Lamb, shoulder, arm, separable lean and fat, trimmed to 1/4"" fat, choice, cooked, roasted"
11053,"Lamb, shoulder, arm, separable lean only, trimmed to 1/4"" fat, choice, raw"
11054,"Lamb, shoulder, arm, separable lean only, trimmed to 1/4"" fat, choice, cooked, braised"
11055,"Lamb, shoulder, blade, separable lean and fat, trimmed to 1/4"" fat, choice, cooked, broiled"
11056,"Lamb, shoulder, blade, separable lean and fat, trimmed to 1/4"" fat, choice, cooked, roasted"
11057,"Lamb, shoulder, blade, separable lean only, trimmed to 1/4"" fat, choice, raw"
11058,"Lamb, shoulder, blade, separable lean only, trimmed to 1/4"" fat, choice, cooked, braised"
11059,"Lamb, New Zealand, imported, frozen, composite of trimmed retail cuts, separable lean and fat, raw"
11060,"Lamb, New Zealand, imported, frozen, composite of trimmed retail cuts, separable lean and fat, cooked"
11061,"Lamb, New Zealand, imported, frozen, composite of trimmed retail cuts, separable lean only, raw"
11062,"Lamb, New Zealand, imported, frozen, composite of trimmed retail cuts, separable lean only, cooked"
11063,"Lamb, New Zealand, imported, fore-shank, separable lean only, raw"
11064,"Lamb, New Zealand, imported, fore-shank, separable lean only, cooked, braised"
11065,"Lamb, New Zealand, imported, leg chop/steak, bone-in, separable lean and fat, raw"
11066,"Lamb, New Zealand, imported, frozen, leg, whole (shank and sirloin), separable lean and fat, cooked, roasted"
11067,"Game meat, moose, raw"
11068,"Game meat, moose, cooked, roasted"
11069,"Game meat, rabbit, domesticated, composite of cuts, cooked, stewed"
11070,"Game meat, rabbit, wild, raw"
11071,"Game meat, rabbit, wild, cooked, stewed"
11072,"Game meat, raccoon, cooked, roasted"
11073,"Lamb, variety meats and by-products, brain, cooked, pan-fried"
11074,"Veal, variety meats and by-products, brain, raw"
11075,"Veal, variety meats and by-products, brain, cooked, braised"
11076,"Veal, variety meats and by-products, brain, cooked, pan-fried"
11077,"Lamb, variety meats and by-products, kidneys, raw"
11078,"Lamb, variety meats and by-products, kidneys, cooked, braised"
11079,"Veal, variety meats and by-products, kidneys, raw"
11080,"Veal, variety meats and by-products, kidneys, cooked, braised"
11081,"Veal, variety meats and by-products, liver, cooked, pan-fried"
11082,"Lamb, variety meats and by-products, lungs, raw"
11083,"Lamb, variety meats and by-products, lungs, cooked, braised"
11084,"Veal, variety meats and by-products, lungs, raw"
11085,"Veal, variety meats and by-products, pancreas, raw"
11086,"Veal, variety meats and by-products, pancreas, cooked, braised"
11087,"Lamb, variety meats and by-products, spleen, raw"
11088,"Lamb, variety meats and by-products, spleen, cooked, braised"
11089,"Lamb, variety meats and by-products, tongue, raw"
11090,"Lamb, variety meats and by-products, tongue, cooked, braised"
11091,"Veal, variety meats and by-products, tongue, raw"
11092,"Veal, variety meats and by-products, tongue, cooked, braised"
11093,"Lamb, ground, raw"
11094,"Lamb, foreshank, separable lean and fat, trimmed to 1/8"" fat, cooked, braised"
11095,"Lamb, leg, whole (shank and sirloin), separable lean and fat, trimmed to 1/8"" fat, choice, raw"
11096,"Lamb, leg, whole (shank and sirloin), separable lean and fat, trimmed to 1/8"" fat, choice, cooked, roasted"
11097,"Lamb, leg, shank half, separable lean and fat, trimmed to 1/8"" fat, choice, raw"
11098,"Lamb, loin, separable lean and fat, trimmed to 1/8"" fat, choice, cooked, broiled"
11099,"Lamb, loin, separable lean and fat, trimmed to 1/8"" fat, choice, cooked, roasted"
11100,"Lamb, rib, separable lean and fat, trimmed to 1/8"" fat, choice, raw"
11101,"Lamb, rib, separable lean and fat, trimmed to 1/8"" fat, choice, cooked, broiled"
11102,"Lamb, shoulder, whole (arm and blade), separable lean and fat, trimmed to 1/8"" fat, choice, cooked, roasted"
11103,"Lamb, shoulder, arm, separable lean and fat, trimmed to 1/8"" fat, choice, raw"
11104,"Lamb, shoulder, arm, separable lean and fat, trimmed to 1/8"" fat, choice, cooked, braised"
11105,"Lamb, shoulder, arm, separable lean and fat, trimmed to 1/8"" fat, cooked, broiled"
11106,"Lamb, shoulder, arm, separable lean and fat, trimmed to 1/8"" fat, choice, roasted"
11107,"Lamb, New Zealand, imported, frozen, composite of trimmed retail cuts, separable lean and fat, trimmed to 1/8"" fat, raw"
11108,"Lamb, New Zealand, imported, frozen, composite of trimmed retail cuts, separable lean and fat, trimmed to 1/8"" fat, cooked"
11109,"Lamb, New Zealand, imported, frozen, foreshank, separable lean and fat, trimmed to 1/8"" fat, raw"
11110,"Lamb, New Zealand, imported, frozen, foreshank, separable lean and fat, trimmed to 1/8"" fat, cooked, braised"
11111,"Lamb, new zealand, imported, frozen, rib, separable lean and fat, trimmed to 1/8"" fat, raw"
11112,"Lamb, New Zealand, imported, frozen, rib, separable lean and fat, trimmed to 1/8"" fat, cooked, roasted"
11113,"Lamb, New Zealand, imported, frozen, shoulder, whole (arm and blade), separable lean and fat, trimmed to 1/8"" fat, raw"
11114,"Lamb, New Zealand, imported, frozen, shoulder, whole (arm and blade), separable lean and fat, trimmed to 1/8"" fat, cooked, braised"
11115,"Veal, breast, whole, boneless, separable lean and fat, raw"
11116,"Veal, breast, whole, boneless, separable lean and fat, cooked, braised"
11117,"Veal, breast, plate half, boneless, separable lean and fat, cooked, braised"
11118,"Veal, breast, point half, boneless, separable lean and fat, cooked, braised"
11119,"Veal, breast, whole, boneless, separable lean only, cooked, braised"
11120,"Lamb, Australian, imported, fresh, composite of trimmed retail cuts, separable lean and fat, trimmed to 1/8"" fat, raw"
11121,"Lamb, Australian, imported, fresh, composite of trimmed retail cuts, separable lean and fat, trimmed to 1/8"" fat, cooked"
11122,"Lamb, Australian, imported, fresh, composite of trimmed retail cuts, separable lean only, trimmed to 1/8"" fat, raw"
11123,"Lamb, Australian, imported, fresh, composite of trimmed retail cuts, separable lean only, trimmed to 1/8"" fat, cooked"
11124,"Lamb, Australian, imported, fresh, foreshank, separable lean only, trimmed to 1/8"" fat, raw"
11125,"Lamb, Australian, imported, fresh, foreshank, separable lean only, trimmed to 1/8"" fat, cooked, braised"
11126,"Lamb, Australian, imported, fresh, leg, whole (shank and sirloin), separable lean and fat, trimmed to 1/8"" fat, raw"
11127,"Lamb, Australian, imported, fresh, leg, whole (shank and sirloin), separable lean and fat, trimmed to 1/8"" fat, cooked, roasted"
11128,"Lamb, Australian, imported, fresh, leg, shank half, separable lean only, trimmed to 1/8"" fat, cooked, roasted"
11129,"Lamb, Australian, imported, fresh, leg, sirloin half, boneless, separable lean and fat, trimmed to 1/8"" fat, raw"
11130,"Lamb, Australian, imported, fresh, leg, sirloin half, boneless, separable lean and fat, trimmed to 1/8"" fat, cooked, roasted"
11131,"Lamb, Australian, imported, fresh, leg, sirloin half, boneless, separable lean only, trimmed to 1/8"" fat, raw"
11132,"Lamb, Australian, imported, fresh, leg, sirloin chops, boneless, separable lean only, trimmed to 1/8"" fat, cooked, broiled"
11133,"Lamb, Australian, imported, fresh, leg, center slice, bone-in, separable lean and fat, trimmed to 1/8"" fat, raw"
11134,"Lamb, Australian, imported, fresh, leg, center slice, bone-in, separable lean and fat, trimmed to 1/8"" fat, cooked, broiled"
11135,"Lamb, Australian, imported, fresh, leg, center slice, bone-in, separable lean only, trimmed to 1/8"" fat, raw"
11136,"Lamb, Australian, imported, fresh, loin, separable lean only, trimmed to 1/8"" fat, cooked, broiled"
11137,"Lamb, Australian, imported, fresh, rib chop/rack roast, frenched, bone-in, separable lean and fat, trimmed to 1/8"" fat, raw"
11138,"Lamb, Australian, imported, fresh, rib chop, frenched, bone-in, separable lean and fat, trimmed to 1/8"" fat, cooked, grilled"
11139,"Lamb, Australian, imported, fresh, rib chop/rack roast, frenched, bone-in, separable lean only, trimmed to 1/8"" fat, raw"
11140,"Lamb, Australian, imported, fresh, shoulder, arm, separable lean and fat, trimmed to 1/8"" fat, raw"
11141,"Lamb, Australian, imported, fresh, shoulder, arm, separable lean and fat, trimmed to 1/8"" fat, cooked, braised"
11142,"Lamb, Australian, imported, fresh, shoulder, arm, separable lean only, trimmed to 1/8"" fat, raw"
11143,"Lamb, Australian, imported, fresh, shoulder, arm, separable lean only,   trimmed to 1/8"" fat, cooked, braised"
11144,"Game meat , bison, ground, raw"
11145,"Game meat, bison, ground, cooked, pan-broiled"
11146,"Game meat , bison, top sirloin, separable lean only, 1"" steak, cooked, broiled"
11147,"Game meat, bison, chuck, shoulder clod, separable lean only, cooked, braised"
11148,"Game meat, elk, ground, raw"
11149,"Game meat, elk, ground, cooked, pan-broiled"
11150,"Game meat, elk, loin, separable lean only, cooked, broiled"
11151,"Game meat, elk, round, separable lean only, cooked, broiled"
11152,"Game meat, elk, tenderloin, separable lean only, cooked, broiled"
11153,"Game meat, deer, tenderloin, separable lean only, cooked, broiled"
11154,"Game meat, deer, top round, separable lean only, 1"" steak, cooked, broiled"
11155,"Veal, Australian, shank, fore, bone-in, separable lean only, raw"
11156,"Veal, Australian, shank, fore, bone-in, separable lean and fat, raw"
11157,"Lamb, New Zealand, imported, Intermuscular fat, raw"
11158,"Lamb, New Zealand, imported, subcutaneous fat, raw"
11159,"Lamb, New Zealand, imported, brains, cooked, soaked and fried"
11160,"Lamb, New Zealand, imported, brains, raw"
11161,"Lamb, New Zealand, imported, chump, boneless, separable lean only, raw"
11162,"Lamb, New Zealand, imported, kidney, cooked, soaked and fried"
11163,"Lamb, New Zealand, imported, flap, boneless, separable lean only, cooked, braised"
11164,"Lamb, New Zealand, imported, flap, boneless, separable lean only, raw"
11165,"Lamb, New Zealand, imported, kidney, raw"
11166,"Lamb, New Zealand, imported, heart, cooked, soaked and simmered"
11167,"Lamb, New Zealand, imported, heart, raw"
11168,"Lamb, New Zealand, imported, sweetbread, cooked, soaked and simmered"
11169,"Lamb, New Zealand, imported, sweetbread, raw"
11170,"Lamb, New Zealand, imported, tunnel-boned leg, chump off, shank off, separable lean only, cooked, slow roasted"
11171,"Lamb, New Zealand, imported, tunnel-boned leg, chump off, shank off, separable lean only, raw"
11172,"Lamb, New Zealand, imported, square-cut shoulder chops, separable lean only, cooked, braised"
11173,"Lamb, New Zealand, imported, square-cut shoulder chops, separable lean only, raw"
11174,"Lamb, New Zealand, imported, loin, boneless, separable lean only, cooked, fast roasted"
11175,"Lamb, New Zealand, imported, loin, boneless, separable lean only, raw"
11176,"Lamb, New Zealand, imported, hind-shank, separable lean only, cooked, braised"
11177,"Lamb, New Zealand, imported, hind-shank, separable lean only, raw"
11178,"Lamb, New Zealand, imported, neck chops, separable lean only, raw"
11179,"Lamb, New Zealand, imported, rack - fully frenched, separable lean only, raw"
11180,"Lamb, New Zealand, imported, loin chop, separable lean only, cooked, fast fried"
11181,"Lamb, New Zealand, imported, square-cut shoulder, separable lean only, cooked, slow roasted"
11182,"Lamb, New Zealand, imported, leg chop/steak, bone-in, separable lean only, cooked, fast fried"
11183,"Lamb, New Zealand, imported, leg chop/steak, bone-in, separable lean and fat, cooked, fast fried"
11184,"Lamb, New Zealand, imported, loin chop, separable lean and fat, cooked, fast fried"
11185,"Lamb, New Zealand, imported, loin saddle, separable lean and fat, cooked, fast roasted"
11186,"Lamb, New Zealand, imported, loin saddle, separable lean and fat, raw"
11187,"Lamb, New Zealand, imported, netted shoulder, rolled, boneless, separable lean and fat, raw"
11188,"Chicken, capons, giblets, raw"
11189,"Chicken, capons, giblets, cooked, simmered"
11190,"Duck, domesticated, liver, raw"
11191,"Duck, wild, meat and skin, raw"
11192,"Duck, wild, breast, meat only, raw"
11193,"Goose, domesticated, meat and skin, raw"
11194,"Guinea hen, meat only, raw"
11195,"Pheasant, raw, meat and skin"
11196,"Pheasant, raw, meat only"
11197,"Pheasant, breast, meat only, raw"
11198,"Squab, (pigeon), meat and skin, raw"
11199,"Emu, fan fillet, raw"
11200,"Emu, fan fillet, cooked, broiled"
11201,"Emu, flat fillet, raw"
11202,"Emu, full rump, raw"
11203,"Emu, top loin, cooked, broiled"
11204,"Ostrich, ground, raw"
11205,"Ostrich, ground, cooked, pan-broiled"
11206,"Ostrich, fan, raw"
11207,"Ostrich, outside leg, raw"
11208,"Ostrich, outside strip, raw"
11209,"Ostrich, outside strip, cooked"
11210,"Ostrich, oyster, raw"
11211,"Ostrich, tip trimmed, cooked"
11212,"Ostrich, top loin, raw"
11213,"Ostrich, top loin, cooked"
11214,"Chicken, liver, all classes, cooked, pan-fried"
11215,"Turkey, ground, 93% lean, 7% fat, patties, broiled"
11216,"Turkey, ground, 85% lean, 15% fat, raw"
11217,"Turkey, ground, 85% lean, 15% fat, pan-broiled crumbles"
11218,"Turkey, ground, 85% lean, 15% fat, patties, broiled"
11219,"Chicken, skin (drumsticks and thighs), cooked, roasted"
11220,"Chicken, broilers or fryers, dark meat, drumstick, meat and skin, cooked, braised"
11221,"Chicken, broilers or fryers, dark meat, thigh, meat and skin, cooked, braised"
11222,"Chicken, dark meat, drumstick, meat only, with added solution, raw"
11223,"Chicken, dark meat, thigh, meat only, with added solution, cooked, roasted"
11224,"Chicken, skin (drumsticks and thighs), with added solution, cooked, braised"
11225,"Chicken, skin (drumsticks and thighs), with added solution, raw"
11226,"Chicken, skin (drumsticks and thighs), with added solution, cooked, roasted"
11227,"Chicken, dark meat, drumstick, meat and skin, with added solution, cooked, braised"
11228,"Chicken, dark meat, thigh, meat and skin, with added solution, cooked, roasted"
11229,"Chicken, broiler, rotisserie, BBQ, back meat only"
11230,"Turkey, dark meat from whole, meat only, with added solution, raw"
11231,"Turkey, dark meat, meat only, with added solution, cooked, roasted"
11232,"Turkey, dark meat from whole, meat and skin, with added solution, raw"
11233,"Turkey, dark meat from whole, meat and skin, with added solution, cooked, roasted"
11234,"Turkey from whole, light meat, meat and skin, with added solution, raw"
11235,"Turkey from whole, light meat, meat and skin, with added solution, cooked, roasted"
11236,"Turkey, retail parts, breast, meat only, with added solution, raw"
11237,"Turkey, retail parts, breast, meat only, with added solution, cooked, roasted"
11238,"Turkey, retail parts, breast, meat only, raw"
11239,"Turkey, retail parts, breast, meat only, cooked, roasted"
11240,"Turkey, retail parts, wing, meat only, raw"
11241,"Turkey, retail parts, thigh, meat only, raw"
11242,"Turkey, breast, from whole bird, meat only, with added solution, roasted"
11243,"Turkey, back, from whole bird, meat only, with added solution, raw"
11244,"Turkey, back, from whole bird, meat only, with added solution, roasted"
11245,"Soup, chicken mushroom, canned, condensed"
11246,"Sauce, barbecue"
11247,"Sauce, salsa, ready-to-serve"
11248,"Sauce, homemade, white, medium"
11249,"Sauce, homemade, white, thick"
11250,"Sauce, ready-to-serve, pepper or hot"
11251,"Sauce, oyster, ready-to-serve"
11252,"Soup, minestrone, canned, reduced sodium, ready-to-serve"
11253,"Sauce, fish, ready-to-serve"
11254,"Soup, shark fin, restaurant-prepared"
11255,"Soup, bean & ham, canned, reduced sodium, prepared with water or ready-to-serve"
11256,"Split pea soup, canned, reduced sodium, prepared with water or ready-to serve"
11257,"Split pea with ham soup, canned, reduced sodium, prepared with water or ready-to-serve"
11258,"Soup, chicken broth, ready-to-serve"
11259,"Soup, cream of chicken, canned, prepared with equal volume milk"
11260,"Soup, vegetable, canned, low sodium, condensed"
11261,"Soup, clam chowder, new england, canned, prepared with equal volume low fat (2%) milk"
11262,"Soup, cream of mushroom, canned, prepared with equal volume low fat (2%) milk"
11263,"Soup, cream of onion, canned, prepared with equal volume milk"
11264,"Sauce, white, thin, prepared-from-recipe, with butter"
11265,"Sauce, sweet and sour, prepared-from-recipe"
11266,"Soup, tomato, canned, prepared with equal volume low fat (2%) milk"
11267,"Soup, cream of asparagus, canned, prepared with equal volume water"
11268,"Soup, cheese, canned, prepared with equal volume water"
11269,"Soup, chicken broth, canned, prepared with equal volume water"
11270,"Soup, cream of chicken, canned, prepared with equal volume water"
11271,"Soup, clam chowder, manhattan, canned, prepared with equal volume water"
11272,"Soup, clam chowder, new england, canned, prepared with equal volume water"
11273,"Soup, beef broth, bouillon, consomme, prepared with equal volume water"
11274,"Soup, mushroom with beef stock, canned, prepared with equal volume water"
11275,"Soup, cream of onion, canned, prepared with equal volume water"
11276,"Soup, oyster stew, canned, prepared with equal volume water"
11277,"Soup, pea, green, canned, prepared with equal volume water"
11278,"Soup, turkey noodle, canned, prepared with equal volume water"
11279,"Soup, turkey vegetable, canned, prepared with equal volume water"
11280,"Soup, vegetarian vegetable, canned, prepared with equal volume water"
11281,"Soup, vegetable beef, canned, prepared with equal volume water"
11282,"Soup, chicken broth cubes, dry, prepared with water"
11283,"Soup, cream of chicken, dry, mix, prepared with water"
11284,"Soup, onion, dry, mix, prepared with water"
11285,"Soup, tomato, dry, mix, prepared with water"
11286,"Roast beef, deli style, prepackaged, sliced"
11287,"Luncheon meat, pork, canned"
11288,"Turkey breast, low salt, prepackaged or deli, luncheon meat"
11289,"Mortadella, beef, pork"
11290,"Peppered loaf, pork, beef"
11291,"Pepperoni, beef and pork, sliced"
11292,"Pickle and pimiento loaf, pork"
11293,"Polish sausage, pork"
11294,"Pork sausage, link/patty, cooked, pan-fried"
11295,"Sausage, pork and beef, fresh, cooked"
11296,"Sausage, turkey, reduced fat, brown and serve, cooked"
11297,Poultry salad sandwich spread
11298,"Salami, dry or hard, pork, beef"
11299,"Sandwich spread, pork, beef"
11300,"Sausage, smoked link sausage, pork"
11301,"Sausage, smoked link sausage, pork and beef"
11302,"Sausage, Italian, pork, mild, cooked, pan-fried"
11303,"Luncheon sausage, pork and beef"
11304,"Sausage, New england brand, pork, beef"
11305,"Bacon, turkey, unprepared"
11306,"Bratwurst, veal, cooked"
11307,Liverwurst spread
11308,Roast beef spread
11309,"Salami, pork, beef, less sodium"
11310,"Sausage, summer, pork and beef, sticks, with cheddar cheese"
11311,"Sausage, turkey, breakfast links, mild, raw"
11312,"Swisswurst, pork and beef, with swiss cheese, smoked"
11313,Bacon and beef sticks
11314,"Salami, Italian, pork"
11315,"Sausage, Italian, turkey, smoked"
11316,"Sausage, chicken, beef, pork, skinless, smoked"
11317,"Sausage, turkey, hot, smoked"
11318,"Kielbasa, Polish, turkey and beef, smoked"
11319,"Chicken breast, roll, oven-roasted"
11320,"Bologna, pork and turkey, lite"
11321,"Bologna, pork, turkey and beef"
11322,"Ham, honey, smoked, cooked"
11323,"Turkey, breast, smoked, lemon pepper flavor, 97% fat-free"
11324,"Turkey, white, rotisserie, deli cut"
11325,"Frankfurter, beef, heated"
11326,"Frankfurter, meat, heated"
11327,"Sausage, breakfast sausage, beef, pre-cooked, unprepared"
11328,"Sausage, turkey, fresh, raw"
11329,"Sausage, beef, fresh, cooked"
11330,Milk and cereal bar
11331,"Figs, dried, uncooked"
11332,"Figs, dried, stewed"
11333,"Fruit cocktail, (peach and pineapple and pear and grape and cherry), canned, water pack, solids and liquids"
11334,"Fruit cocktail, (peach and pineapple and pear and grape and cherry), canned, juice pack, solids and liquids"
11335,"Fruit salad, (peach and pear and apricot and pineapple and cherry), canned, water pack, solids and liquids"
11336,"Fruit salad, (peach and pear and apricot and pineapple and cherry), canned, juice pack, solids and liquids"
11337,"Fruit salad, (peach and pear and apricot and pineapple and cherry), canned, light syrup, solids and liquids"
11338,"Fruit salad, (peach and pear and apricot and pineapple and cherry), canned, extra heavy syrup, solids and liquids"
11339,"Grapefruit, raw, pink and red, all areas"
11340,"Grapefruit, raw, pink and red, California and Arizona"
11341,"Grapefruit, raw, pink and red, Florida"
11342,"Grapefruit, raw, white, all areas"
11343,"Grapefruit, raw, white, California"
11344,"Grapefruit juice, white, canned or bottled, unsweetened"
11345,"Grapefruit juice, white, canned, sweetened"
11346,"Grapefruit juice, white, frozen concentrate, unsweetened, undiluted"
11347,"Grapefruit juice, white, frozen concentrate, unsweetened, diluted with 3 volume water"
11348,"Grapes, american type (slip skin), raw"
11349,"Grapes, red or green (European type, such as Thompson seedless), raw"
11350,"Grapes, canned, thompson seedless, water pack, solids and liquids"
11351,"Grapes, canned, thompson seedless, heavy syrup pack, solids and liquids"
11352,"Guava sauce, cooked"
11353,"Jackfruit, raw"
11354,"Beef, top loin filet, boneless, separable lean only, trimmed to 1/8"" fat, all grades, cooked, grilled"
11355,"Beef, top loin filet, boneless, separable lean only, trimmed to 1/8"" fat, choice, cooked, grilled"
11356,"Beef, top loin filet, boneless, separable lean only, trimmed to 1/8"" fat, select, cooked, grilled"
11357,"Beef, top loin petite roast/filet, boneless, separable lean only, trimmed to 1/8"" fat, choice, raw"
11358,"Beef, top loin petite roast/filet, boneless, separable lean only, trimmed to 1/8"" fat, select, raw"
11359,"Beef, loin, top sirloin filet, boneless, separable lean only, trimmed to 0"" fat, all grades, cooked, grilled"
11360,"Beef, loin, top sirloin filet, boneless, separable lean only, trimmed to 0"" fat, choice, cooked, grilled"
11361,"Beef, loin, top sirloin petite roast/filet, boneless, separable lean only, trimmed to 0"" fat, select, raw"
11362,"Beef, ribeye  petite roast/filet, boneless, separable lean only, trimmed to 0"" fat, all grades, raw"
11363,"Beef, ribeye  petite roast/filet, boneless, separable lean only, trimmed to 0"" fat, choice, raw"
11364,"Beef, ribeye  petite roast/filet, boneless, separable lean only, trimmed to 0"" fat, select, raw"
11365,"Beef, ribeye cap steak, boneless, separable lean only, trimmed to 0"" fat, choice, raw"
11366,"Beef, ribeye cap steak, boneless, separable lean only, trimmed to 0"" fat, select, raw"
11367,"Beef, ribeye filet, boneless, separable lean only, trimmed to 0"" fat, all grades, cooked, grilled"
11368,"Beef, ribeye filet, boneless, separable lean only, trimmed to 0"" fat, choice, cooked, grilled"
11369,"Beef, ribeye filet, boneless, separable lean only, trimmed to 0"" fat, select, cooked, grilled"
11370,"Beef, loin, top sirloin cap steak, boneless, separable lean and fat, trimmed to 1/8"" fat, choice, cooked, grilled"
11371,"Beef, loin, top sirloin cap steak, boneless, separable lean and fat, trimmed to 1/8"" fat, select, cooked, grilled"
11372,"Beef, loin, top sirloin cap steak, boneless, separable lean and fat, trimmed to 1/8"" fat, all grades, raw"
11373,"Beef, loin, top sirloin cap steak, boneless, separable lean and fat, trimmed to 1/8"" fat, choice, raw"
11374,"Beef, top loin petite roast, boneless, separable lean and fat, trimmed to 1/8"" fat, all grades, cooked, roasted"
11375,"Beef, top loin petite roast, boneless, separable lean and fat, trimmed to 1/8"" fat, choice, cooked, roasted"
11376,"Beef, top loin petite roast, boneless, separable lean and fat, trimmed to 1/8"" fat, select, cooked, roasted"
11377,"Beef, top loin petite roast/filet, boneless, separable lean and fat, trimmed to 1/8"" fat, all grades, raw"
11378,"Beef, loin, top loin steak, boneless, lip-on, separable lean and fat, trimmed to 1/8"" fat, choice, cooked, grilled"
11379,"Beef, loin, top loin steak, boneless, lip-on, separable lean and fat, trimmed to 1/8"" fat, select, cooked, grilled"
11380,"Beef, loin, top loin steak, boneless, lip-on, separable lean and fat, trimmed to 1/8"" fat, all grades, cooked, grilled"
11381,"Beef, New Zealand, imported, bolar blade, separable lean only, cooked, fast roasted"
11382,"Beef, New Zealand, imported, bolar blade, separable lean only, raw"
11383,"Beef, New Zealand, imported, brisket navel end, separable lean only, cooked, braised"
11384,"Beef, New Zealand, imported, brisket navel end, separable lean only, raw"
11385,"Beef, New Zealand, imported, cube roll, separable lean only, cooked, fast roasted"
11386,"Beef, New Zealand, imported, cube roll, separable lean only, raw"
11387,"Beef, New Zealand, imported, eye round, separable lean only, cooked, slow roasted"
11388,"Beef, New Zealand, imported, eye round, separable lean only, raw"
11389,"Beef, New Zealand, imported, variety meats and by-products, heart, raw"
11390,"Beef, New Zealand, imported, hind shin, separable lean only, cooked, braised"
11391,"Beef, New Zealand, imported, hind shin, separable lean only, raw"
11392,"Beef, New Zealand, imported, inside, raw"
11393,"Beef, New Zealand, imported, variety meats and by-products, kidney, raw"
11394,"Beef, New Zealand, imported, variety meats and by-products liver, cooked, boiled"
11395,"Beef, New Zealand, imported, variety meats and by-products, liver, raw"
11396,"Beef, New Zealand, imported, manufacturing beef, cooked, boiled"
11397,"Beef, New Zealand, imported, ribs prepared, raw"
11398,"Beef, New Zealand, imported, rump centre, separable lean only, cooked, fast fried"
11399,"Beef, New Zealand, imported, striploin, separable lean only, cooked, fast fried"
11400,"Beef, New Zealand, imported, striploin, separable lean only, raw"
11401,"Beef, New Zealand, imported, oyster blade, separable lean and fat, raw"
11402,"Beef, New Zealand, imported, tenderloin, separable lean only, raw"
11403,"Beef, New Zealand, imported, variety meats and by-products, tongue, cooked, boiled"
11404,"Beef, New Zealand, imported, variety meats and by-products, tongue, raw"
11405,"Beef, New Zealand, imported, brisket navel end, separable lean and fat, cooked, braised"
11406,"Beef, New Zealand, imported, brisket navel end, separable lean and fat, raw"
11407,"Beef, New Zealand, imported, brisket point end, separable lean and fat, cooked, braised"
11408,"Beef, New Zealand, imported, brisket point end, separable lean and fat, raw"
11409,"Beef, New Zealand, imported, eye round, separable lean and fat, cooked, slow roasted"
11410,"Beef, New Zealand, imported, eye round, separable lean and fat, raw"
11411,"Beef, New Zealand, imported, flank, separable lean and fat, cooked, braised"
11412,"Beef, New Zealand, imported, flank, separable lean and fat, raw"
11413,"Beef, New Zealand, imported, flat, separable lean and fat, cooked, braised"
11414,"Beef, New Zealand, imported, rump centre, separable lean and fat, cooked, fast fried"
11415,"Beef, New Zealand, imported, rump centre, separable lean only, raw"
11416,"Beef, New Zealand, imported, rump centre, separable lean and fat, raw"
11417,"Beef, New Zealand, imported, striploin, separable lean and fat, cooked, fast fried"
11418,"Beef, ground, 93% lean meat / 7% fat, patty, cooked, broiled"
11419,"Beef, ground, 93% lean meat /7% fat, patty, cooked, pan-broiled"
11420,"Beef, ground, 93% lean meat / 7% fat, loaf, cooked, baked"
11421,"Beef, ground, 93% lean meat / 7% fat, crumbles, cooked, pan-browned"
11422,"Beef, ground, 97% lean meat / 3% fat, crumbles, cooked, pan-browned"
11423,"Beef, composite of trimmed retail cuts, separable lean and fat, trimmed to 0"" fat, all grades, raw"
11424,"Beef, composite of trimmed retail cuts, separable lean only, trimmed to 1/8"" fat, all grades, raw"
11425,"Beef, composite of trimmed retail cuts, separable lean only, trimmed to 1/8"" fat, all grades, cooked"
11426,"Beef, composite of trimmed retail cuts, separable lean only, trimmed to 0"" fat, all grades, raw"
11427,"Beef, rib, small end (ribs 10-12), separable lean only, trimmed to 1/8"" fat, choice, raw"
11428,"Beef, tenderloin, steak, separable lean only, trimmed to 1/8"" fat, choice, raw"
11429,"Beef, top sirloin, steak, separable lean only, trimmed to 1/8"" fat, choice, raw"
11430,"Beef, rib, small end (ribs 10-12), separable lean only, trimmed to 1/8""fat, choice, cooked, broiled"
11431,"Beef, chuck, arm pot roast, separable lean only, trimmed to 1/8"" fat, select, raw"
11432,"Beef, brisket, flat half, separable lean only, trimmed to 1/8"" fat, select, raw"
11433,"Beef, chuck, arm pot roast, separable lean only, trimmed to 1/8"" fat, select, cooked, braised"
11434,"Beef, brisket, flat half, separable lean only, trimmed to 1/8"" fat, select, cooked, braised"
11435,"Beef, variety meats and by-products, tripe, cooked, simmered"
11436,"Beef, bottom sirloin, tri-tip roast, separable lean only, trimmed to 0"" fat, all grades, raw"
11437,"Beef, bottom sirloin, tri-tip roast, separable lean only, trimmed to 0"" fat, choice, cooked, roasted"
11438,"Beef, bottom sirloin, tri-tip roast, separable lean only, trimmed to 0"" fat, choice, raw"
11439,"Beef, bottom sirloin, tri-tip roast, separable lean only, trimmed to 0"" fat, select, cooked, roasted"
11440,"Beef, flank, steak, separable lean only, trimmed to 0"" fat, all grades, cooked, broiled"
11441,"Beef, flank, steak, separable lean only, trimmed to 0"" fat, select, cooked, broiled"
11442,"Beef, flank, steak, separable lean only, trimmed to 0"" fat, all grades, raw"
11443,"Beef, flank, steak, separable lean only, trimmed to 0"" fat, select, raw"
11444,"Snacks, popcorn, microwave, low fat"
11445,"Snacks, candy rolls, yogurt-covered, fruit flavored with high vitamin C"
11446,"Snacks, sweet potato chips, unsalted"
11447,"Snacks, popcorn, microwave, regular (butter) flavor, made with partially hydrogenated oil"
11448,"Pretzels, soft, unsalted"
11449,"Snacks, vegetable chips, made from garden vegetables"
11450,"Snacks, candy bits, yogurt covered with vitamin C"
11451,"Snack, Mixed Berry Bar"
11452,"Snacks, potato chips, made from dried potatoes (preformed), multigrain"
11453,"Snacks, potato chips, lightly salted"
11454,"Snacks, Pretzels, gluten- free made with cornstarch and potato flour"
11455,"Soup, egg drop, Chinese restaurant"
11456,"Soup, hot and sour, Chinese restaurant"
11457,"Alcoholic beverage, whiskey sour, canned"
11458,"Beverages, Whiskey sour mix, bottled"
11459,"Alcoholic beverage, whiskey sour, prepared from item 14028"
11460,"Alcoholic beverage, distilled, all (gin, rum, vodka, whiskey) 80 proof"
11461,"Alcoholic beverage, distilled, rum, 80 proof"
11462,"Alcoholic beverage, distilled, vodka, 80 proof"
11463,"Alcoholic beverage, distilled, whiskey, 86 proof"
11464,"Beverages, almond milk, chocolate, ready-to-drink"
11465,"Beverages, Energy Drink with carbonated water and high fructose corn syrup"
11466,"Beverages, Energy Drink, sugar free"
11467,"Beverages, chocolate powder, no sugar added"
11468,"Beverages, yellow green colored citrus soft drink with caffeine"
11469,"Beverages, Coconut water, ready-to-drink, unsweetened"
11470,"Beverages, almond milk, unsweetened, shelf stable"
11471,"Alcoholic Beverage, wine, table, red, Cabernet Sauvignon"
11472,"Alcoholic Beverage, wine, table, red, Cabernet Franc"
11473,"Alcoholic Beverage, wine, table, red, Pinot Noir"
11474,"Alcoholic Beverage, wine, table, red, Syrah"
11475,"Alcoholic beverage, wine, table, white"
11476,"Alcoholic Beverage, wine, table, red, Lemberger"
11477,"Alcoholic Beverage, wine, table, red, Sangiovese"
11478,"Alcoholic Beverage, wine, table, red, Carignane"
11479,"Alcoholic beverage, wine, table, white, Pinot Gris (Grigio)"
11480,"Beverages, carbonated, club soda"
11481,"Alcoholic beverage, wine, table, white, Gewurztraminer"
11482,"Alcoholic beverage, wine, table, white, late harvest, Gewurztraminer"
11483,"Alcoholic beverage, wine, table, white, Semillon"
11484,"Beverages, carbonated, ginger ale"
11485,"Alcoholic beverage, wine, table, white, Pinot Blanc"
11486,"Alcoholic beverage, wine, table, white, Muscat"
11487,"Beverages, carbonated, low calorie, cola or pepper-type, with aspartame, without caffeine"
11488,"Beverages, carbonated, cola, without caffeine"
11489,"Beverages, carbonated, cola, regular"
11490,"Beverages, carbonated, reduced sugar, cola, contains caffeine and sweeteners"
11491,"Beverages, carbonated, orange"
11492,"Beverages, tea, black, ready-to-drink, peach, diet"
11493,"Beverages, Lemonade, powder"
11494,"Lemonade, powder, prepared with water"
11495,"Beverages, lemonade-flavor drink, powder"
11496,"Beverages, lemonade-flavor drink, powder, prepared with water"
11497,"Limeade, frozen concentrate, prepared with water"
11498,"Malt beverage, includes non-alcoholic beer"
11499,"Beverages, Malted drink mix, chocolate, with added nutrients, powder, prepared with whole milk"
11500,"Beverages, malted drink mix, chocolate, powder"
11501,"Beverages, Malted drink mix, chocolate, powder, prepared with whole milk"
11502,"Beverages, orange drink, canned, with added vitamin C"
11503,"Strawberry-flavor beverage mix, powder"
11504,"Beverages, Strawberry-flavor beverage mix, powder, prepared with whole milk"
11505,"Beverages, tea, black, brewed, prepared with tap water, decaffeinated"
11506,"Beverages, tea, instant, decaffeinated, unsweetened"
11507,"Beverages, tea, instant, unsweetened, prepared with water"
11508,"Lamb, New Zealand, imported, square-cut shoulder chops, separable lean and fat, cooked, braised"
11509,"Lamb, New Zealand, imported, square-cut shoulder chops, separable lean and fat, raw"
11510,"Lamb, New Zealand, imported, square-cut shoulder, separable lean and fat, cooked, slow roasted"
11511,"Lamb, New Zealand, imported, tunnel-boned leg, chump off, shank off, separable lean and fat, raw"
11512,"Lamb, New Zealand, imported, tenderloin, separable lean and fat, raw"
11513,"Veal, ground, cooked, pan-fried"
11514,"Veal, leg, top round, cap off, cutlet, boneless, cooked, grilled"
11515,"Veal, shoulder, blade chop, separable lean only, cooked, grilled"
11516,"Veal, external fat only, raw"
11517,"Veal, external fat only, cooked"
11518,"Veal, seam fat only, raw"
11519,"Lamb, Australian, imported, fresh, leg, bottom, boneless, separable lean only, trimmed to 1/8"" fat, cooked, roasted"
11520,"Lamb, Australian, imported, fresh, leg, hindshank, heel on, bone-in, separable lean only, trimmed to 1/8"" fat, cooked, braised"
11521,"Lamb, Australian, imported, fresh, leg, hindshank, heel on, bone-in, separable lean only, trimmed to 1/8"" fat, raw"
11522,"Lamb, Australian, imported, fresh, tenderloin, boneless, separable lean only, trimmed to 1/8"" fat, cooked, roasted"
11523,"Lamb, Australian, imported, fresh, rack, roast, frenched, denuded, bone-in, separable lean only, trimmed to 0"" fat, cooked, roasted"
11524,"Lamb, Australian, imported, fresh, rack, roast, frenched, bone-in, separable lean only, trimmed to 1/8"" fat, cooked, roasted"
11525,"Lamb, Australian, imported, fresh, external fat, cooked"
11526,"Lamb, Australian, imported, fresh, external fat, raw"
11527,"Lamb, Australian, imported, fresh, leg, hindshank, heel on, bone-in, separable lean and fat, trimmed to 1/8"" fat, cooked, braised"
11528,"Lamb, Australian, imported, fresh, leg, hindshank, heel on, bone-in, separable lean and fat, trimmed to 1/8"" fat, raw"
11529,"Lamb, Australian, imported, fresh, leg, trotter off, bone-in, separable lean and fat, trimmed to 1/8"" fat, cooked, roasted"
11530,"Lamb, Australian, imported, fresh, leg, trotter off, bone-in, separable lean and fat, trimmed to 1/8"" fat, raw"
11531,"Lamb, Australian, imported, fresh, tenderloin, boneless, separable lean and fat, trimmed to 1/8"" fat, cooked, roasted"
11532,"Lamb, Australian, imported, fresh, rib chop, frenched, denuded, bone-in, separable lean and fat, trimmed to 0"" fat, cooked, grilled"
11533,"Bagels, plain, enriched, with calcium propionate (includes onion, poppy, sesame), toasted"
11534,"Bagels, egg"
11535,"Biscuits, plain or buttermilk, dry mix"
11536,"Biscuits, plain or buttermilk, dry mix, prepared"
11537,"Biscuits, plain or buttermilk, refrigerated dough, lower fat"
11538,"Biscuits, plain or buttermilk, refrigerated dough, lower fat, baked"
11539,"Bread, banana, prepared from recipe, made with margarine"
11540,"Bread, boston brown, canned"
11541,"Bread, cornbread, dry mix, enriched (includes corn muffin mix)"
11542,"Bread, cornbread, dry mix, prepared with 2% milk, 80% margarine, and eggs"
11543,"Bread, cornbread, prepared from recipe, made with low fat (2%) milk"
11544,"Bread, french or vienna, toasted (includes sourdough)"
11545,"Bread, irish soda, prepared from recipe"
11546,"Bread, Italian"
11547,"Bread, multi-grain, toasted (includes whole-grain)"
11548,"Bread, pita, white, enriched"
11549,"Bread, pita, whole-wheat"
11550,"Bread, protein (includes gluten)"
11551,"Bread, pumpernickel"
11552,"Bread, reduced-calorie, oatmeal"
11553,"Bread, reduced-calorie, rye"
11554,"Bread, reduced-calorie, wheat"
11555,"Bread, reduced-calorie, white"
11556,"Bread, rice bran"
11557,"Bread, white, commercially prepared (includes soft bread crumbs)"
11558,"Bread, white, commercially prepared, toasted"
11559,"Bread, white, prepared from recipe, made with nonfat dry milk"
11560,"Bread, white, prepared from recipe, made with low fat (2%) milk"
11561,"Bread, crumbs, dry, grated, plain"
11562,"Bread, sticks, plain"
11563,"Bread, stuffing, dry mix"
11564,"Bread, stuffing, dry mix, prepared"
11565,"Cake, pudding-type, carrot, dry mix"
11566,"Cake, cherry fudge with chocolate frosting"
11567,"Cake, chocolate, commercially prepared with chocolate frosting, in-store bakery"
11568,"Cake, pudding-type, chocolate, dry mix"
11569,"Cake, coffeecake, creme-filled with chocolate frosting"
11570,"Cake, coffeecake, fruit"
11571,"Cake, coffeecake, cinnamon with crumb topping, dry mix, prepared"
11572,"Cake, fruitcake, commercially prepared"
11573,"Cake, pound, commercially prepared, other than all butter, enriched"
11574,"Cake, shortcake, biscuit-type, prepared from recipe"
11575,"Cake, snack cakes, creme-filled, chocolate with frosting"
11576,"Cake, snack cakes, creme-filled, sponge"
11577,"Cake, yellow, commercially prepared, with chocolate frosting, in-store bakery"
11578,"Cake, yellow, commercially prepared, with vanilla frosting"
11579,"Cake, pudding-type, yellow, dry mix"
11580,"Cake, yellow, enriched, dry mix"
11581,"Cookies, brownies, dry mix, regular"
11582,"Cookies, brownies, prepared from recipe"
11583,"Cookies, butter, commercially prepared, enriched"
11584,"Cookies, fudge, cake-type (includes trolley cakes)"
11585,"Cookies, chocolate chip, dry mix"
11586,"Cookies, chocolate chip, refrigerated dough"
11587,"Cookies, chocolate chip, refrigerated dough, baked"
11588,"Cookies, chocolate chip, prepared from recipe, made with margarine"
11589,"Cookies, gingersnaps"
11590,"Cookies, graham crackers, plain or honey (includes cinnamon)"
11591,"Cookies, graham crackers, chocolate-coated"
11592,"Cookies, ladyfingers, with lemon juice and rind"
11593,"Cookies, oatmeal, dry mix"
11594,"Cookies, oatmeal, refrigerated dough"
11595,"Cookies, oatmeal, refrigerated dough, baked"
11596,"Cookies, oatmeal, with raisins"
11597,"Cookies, peanut butter, prepared from recipe"
11598,"Cookies, peanut butter sandwich, regular"
11599,"Cookies, raisin, soft-type"
11600,"Cookies, shortbread, commercially prepared, plain"
11601,"Cookies, shortbread, commercially prepared, pecan"
11602,"Cookies, peanut butter sandwich, special dietary"
11603,"Cookies, sugar wafer, with creme filling, sugar free"
11604,"Cookies, sugar, commercially prepared, regular (includes vanilla)"
11605,"Cookies, sugar, refrigerated dough"
11606,"Cookies, vanilla wafers, lower fat"
11607,"Cookies, vanilla wafers, higher fat"
11608,"Crackers, cheese, regular"
11609,"Crackers, cheese, sandwich-type with peanut butter filling"
11610,"Crackers, melba toast, plain"
11611,"Crackers, melba toast, rye (includes pumpernickel)"
11612,"Crackers, melba toast, wheat"
11613,"Crackers, milk"
11614,"Crackers, rusk toast"
11615,"Crackers, standard snack-type, regular"
11616,"Crackers, standard snack-type, sandwich, with cheese filling"
11617,"Crackers, standard snack-type, sandwich, with peanut butter filling"
11618,"Crackers, wheat, regular"
11619,"Cream puff shell, prepared from recipe"
11620,"Croissants, butter"
11621,"Croissants, apple"
11622,"Croissants, cheese"
11623,"Doughnuts, cake-type, plain (includes unsugared, old-fashioned)"
11624,"Doughnuts, cake-type, plain, chocolate-coated or frosted"
11625,"Doughnuts, cake-type, plain, sugared or glazed"
11626,"Doughnuts, cake-type, chocolate, sugared or glazed"
11627,"Muffins, English, plain, enriched, with ca prop (includes sourdough)"
11628,"Muffins, English, plain, toasted, enriched, with calcium propionate (includes sourdough)"
11629,"Muffins, English, mixed-grain (includes granola)"
11630,"Muffins, English, raisin-cinnamon (includes apple-cinnamon)"
11631,"French toast, prepared from recipe, made with low fat (2%) milk"
11632,"Hush puppies, prepared from recipe"
11633,"Ice cream cones, cake or wafer-type"
11634,"Ice cream cones, sugar, rolled-type"
11635,"Muffins, corn, commercially prepared"
11636,"Muffins, corn, dry mix, prepared"
11637,"Muffins, corn, toaster-type"
11638,"Muffins, corn, prepared from recipe, made with low fat (2%) milk"
11639,"Pancakes, plain, dry mix, complete, prepared"
11640,"Pancakes, plain, dry mix, incomplete (includes buttermilk)"
11641,"Pancakes, plain, dry mix, incomplete, prepared"
11642,"Pancakes, plain, prepared from recipe"
11643,"Pancakes, whole-wheat, dry mix, incomplete, prepared"
11644,"Pie, apple, commercially prepared, enriched flour"
11645,"Pie, apple, prepared from recipe"
11646,"Pie, banana cream, prepared from mix, no-bake type"
11647,"Pie, chocolate creme, commercially prepared"
11648,"Pie, chocolate mousse, prepared from mix, no-bake type"
11649,"Pie, coconut creme, commercially prepared"
11650,"Pie, coconut cream, prepared from mix, no-bake type"
11651,"Pie, lemon meringue, prepared from recipe"
11652,"Pie, mince, prepared from recipe"
11653,"Pie, peach"
11654,"Pie, pecan, commercially prepared"
11655,"Pie crust, standard-type, dry mix"
11656,"Pie crust, standard-type, dry mix, prepared, baked"
11657,"Pie crust, standard-type, frozen, ready-to-bake, enriched"
11658,"Pie crust, standard-type, frozen, ready-to-bake, enriched, baked"
11659,"Pie crust, standard-type, prepared from recipe, baked"
11660,"Rolls, dinner, egg"
11661,"Rolls, dinner, oat bran"
11662,"Rolls, dinner, rye"
11663,"Rolls, dinner, wheat"
11664,"Rolls, hard (includes kaiser)"
11665,"Strudel, apple"
11666,"Sweet rolls, cheese"
11667,"Sweet rolls, cinnamon, commercially prepared with raisins"
11668,"Toaster pastries, fruit (includes apple, blueberry, cherry, strawberry)"
11669,"Tortillas, ready-to-bake or -fry, corn"
11670,"Tortillas, ready-to-bake or -fry, flour, refrigerated"
11671,"Waffles, plain, frozen, ready-to-heat"
11672,"Waffles, plain, prepared from recipe"
11673,"Leavening agents, baking soda"
11674,"Leavening agents, cream of tartar"
11675,"Leavening agents, yeast, baker's, compressed"
11676,"Leavening agents, yeast, baker's, active dry"
11677,"Bread, rice bran, toasted"
11678,"Muffins, blueberry, toaster-type, toasted"
11679,"Muffins, wheat bran, toaster-type with raisins, toasted"
11680,"Pancakes, buttermilk, prepared from recipe"
11681,"Waffles, plain, frozen, ready -to-heat, toasted"
11682,"Bagels, plain, enriched, without calcium propionate (includes onion, poppy, sesame)"
11683,"Bagels, plain, unenriched, with calcium propionate (includes onion, poppy, sesame)"
11684,"Bagels, plain, unenriched, without calcium propionate(includes onion, poppy, sesame)"
11685,"Cake, coffeecake, cinnamon with crumb topping, commercially prepared, unenriched"
11686,"Cake, pound, commercially prepared, other than all butter, unenriched"
11687,"Cake, pudding-type, white, unenriched, dry mix"
11688,"Cake, yellow, unenriched, dry mix"
11689,"Crackers, saltines, low salt (includes oyster, soda, soup)"
11690,"Crackers, saltines, unsalted tops (includes oyster, soda, soup)"
11691,"Crackers, standard snack-type, regular, low salt"
11692,"Crackers, wheat, low salt"
11693,"Crackers, cheese, low sodium"
11694,"Danish pastry, raspberry, unenriched"
11695,"Doughnuts, yeast-leavened, glazed, unenriched (includes honey buns)"
11696,"English muffins, plain, enriched, without calcium propionate(includes sourdough)"
11697,"Pie, fried pies, lemon"
11698,"Pie crust, standard-type, frozen, ready-to-bake, unenriched"
11699,"Popovers, dry mix, unenriched"
11700,"Taco shells, baked, without added salt"
11701,"Crackers, saltines, fat-free, low-sodium"
11702,"Tart, breakfast, low fat"
11703,"Artificial Blueberry Muffin Mix, dry"
11704,"Game meat, deer, cooked, roasted"
11705,"Game meat, horse, raw"
11706,"Game meat, horse, cooked, roasted"
11707,"Beverages, tea, instant, lemon, unsweetened"
11708,"Beverages, tea, instant, lemon, sweetened, powder"
11709,"Beverages, tea, instant, lemon, sweetened, prepared with water"
11710,"Beverages, tea, instant, sweetened with sodium saccharin, lemon-flavored, powder"
11711,"Beverages, cocoa mix, with aspartame, powder, prepared with water"
11712,"Beverages, carbonated, cola, fast-food cola"
11713,"Beverages, fruit punch juice drink, frozen concentrate"
11714,"Beverages, fruit punch juice drink, frozen concentrate, prepared with water"
11715,"Beverages, water, tap, well"
11716,"Alcoholic beverage, liqueur, coffee, 53 proof"
11717,"Alcoholic beverage, liqueur, coffee with cream, 34 proof"
11718,"Beverages, carbonated, low calorie, cola or pepper-type, with aspartame, contains caffeine"
11719,"Beverages, Orange drink, breakfast type, with juice and pulp, frozen concentrate"
11720,"Beverages, Orange drink, breakfast type, with juice and pulp, frozen concentrate, prepared with water"
11721,"Beverages, shake, fast food, strawberry"
11722,"Beverages, water, tap, municipal"
11723,"Beverages, orange breakfast drink, ready-to-drink, with added nutrients"
11724,"Alcoholic beverage, wine, dessert, dry"
11725,"Carbonated beverage, low calorie, other than cola or pepper, with sodium saccharin, without caffeine"
11726,"Beverages, Cocoa mix, low calorie, powder, with added calcium, phosphorus, aspartame, without added sodium or vitamin A"
11727,"Beverages, fruit punch-flavor drink, powder, without added sodium, prepared with water"
11728,"Fish, herring, Atlantic, raw"
11729,"Fish, herring, Atlantic, cooked, dry heat"
11730,"Fish, herring, Atlantic, pickled"
11731,"Fish, mackerel, Atlantic, raw"
11732,"Fish, mackerel, Atlantic, cooked, dry heat"
11733,"Fish, mackerel, jack, canned, drained solids"
11734,"Fish, mackerel, king, raw"
11735,"Fish, mullet, striped, raw"
11736,"Fish, mullet, striped, cooked, dry heat"
11737,"Fish, ocean perch, Atlantic, raw"
11738,"Fish, ocean perch, Atlantic, cooked, dry heat"
11739,"Fish, pike, northern, cooked, dry heat"
11740,"Fish, pike, walleye, raw"
11741,"Fish, pollock, Atlantic, raw"
11742,"Fish, pollock, Alaska, raw (may contain additives to retain moisture)"
11743,"Fish, rockfish, Pacific, mixed species, cooked, dry heat"
11744,"Fish, roe, mixed species, raw"
11745,"Fish, roughy, orange, raw"
11746,"Fish, sablefish, raw"
11747,"Fish, salmon, chum, canned, drained solids with bone"
11748,"Fish, salmon, coho, wild, raw"
11749,"Fish, salmon, coho, wild, cooked, moist heat"
11750,"Fish, salmon, pink, raw"
11751,"Fish, sardine, Atlantic, canned in oil, drained solids with bone"
11752,"Fish, sardine, Pacific, canned in tomato sauce, drained solids with bone"
11753,"Fish, scup, raw"
11754,"Fish, sea bass, mixed species, raw"
11755,"Fish, shark, mixed species, cooked, batter-dipped and fried"
11756,"Fish, sheepshead, raw"
11757,"Fish, sheepshead, cooked, dry heat"
11758,"Fish, smelt, rainbow, raw"
11759,"Fish, smelt, rainbow, cooked, dry heat"
11760,"Fish, sturgeon, mixed species, cooked, dry heat"
11761,"Fish, sturgeon, mixed species, smoked"
11762,"Fish, sucker, white, raw"
11763,"Fish, sunfish, pumpkin seed, raw"
11764,"Fish, tilefish, cooked, dry heat"
11765,"Fish, trout, mixed species, raw"
11766,"Fish, trout, rainbow, wild, raw"
11767,"Fish, trout, rainbow, wild, cooked, dry heat"
11768,"Fish, tuna, fresh, skipjack, raw"
11769,"Fish, tuna, white, canned in oil, drained solids"
11770,"Fish, tuna, white, canned in water, drained solids"
11771,"Fish, tuna, fresh, yellowfin, raw"
11772,"Fish, tuna salad"
11773,"Fish, whiting, mixed species, cooked, dry heat"
11774,"Fish, wolffish, Atlantic, raw"
11775,"Fish, yellowtail, mixed species, raw"
11776,"Crustaceans, crab, alaska king, raw"
11777,"Fish, catfish, channel, farmed, raw"
11778,"Fish, catfish, channel, farmed, cooked, dry heat"
11779,"Fish, salmon, Atlantic, farmed, raw"
11780,"Fish, salmon, Atlantic, farmed, cooked, dry heat"
11781,"Crustaceans, crayfish, mixed species, farmed, raw"
11782,"Crustaceans, crayfish, mixed species, farmed, cooked, moist heat"
11783,"Mollusks, oyster, eastern, wild, cooked, dry heat"
11784,"Mollusks, oyster, eastern, farmed, raw"
11785,"Mollusks, oyster, eastern, farmed, cooked, dry heat"
11786,"Salmon, sockeye, canned, total can contents"
11787,"Fish, salmon, pink, canned, drained solids"
11788,"Fish, tilapia, raw"
11789,"Fish, tilapia, cooked, dry heat"
11790,"Fish, cod, Pacific, cooked"
11791,"Crustaceans, shrimp, raw"
11792,"Crustaceans, shrimp, cooked"
11793,"Fish, trout, brook, raw, New York State"
11794,"Beans, baked, canned, plain or vegetarian"
11795,"Beans, baked, canned, with beef"
11796,"Beans, baked, canned, with franks"
11797,"Beans, baked, canned, with pork"
11798,"Beans, black turtle, mature seeds, raw"
11799,"Beans, black turtle, mature seeds, cooked, boiled, without salt"
11800,"Beans, black turtle, mature seeds, canned"
11801,"Beans, cranberry (roman), mature seeds, raw"
11802,"Beans, great northern, mature seeds, raw (Includes foods for USDA's Food Distribution Program)"
11803,"Beans, great northern, mature seeds, cooked, boiled, without salt"
11804,"Beans, great northern, mature seeds, canned"
11805,"Beans, kidney, all types, mature seeds, raw"
11806,"Beans, kidney, red, mature seeds, cooked, boiled, without salt"
11807,"Beans, kidney, red, mature seeds, canned, solids and liquids"
11808,"Beans, kidney, royal red, mature seeds, raw"
11809,"Beans, kidney, royal red, mature seeds, cooked, boiled, without salt"
11810,"Beans, pink, mature seeds, cooked, boiled, without salt"
11811,"Beans, pinto, mature seeds, raw (Includes foods for USDA's Food Distribution Program)"
11812,"Beans, pinto, mature seeds, cooked, boiled, without salt"
11813,"Beans, pinto, mature seeds, canned, solids and liquids"
11814,"Beans, white, mature seeds, raw"
11815,"Beans, white, mature seeds, cooked, boiled, without salt"
11816,"Beans, white, mature seeds, canned"
11817,"Broadbeans (fava beans), mature seeds, raw"
11818,"Chickpeas (garbanzo beans, bengal gram), mature seeds, canned, solids and liquids"
11819,"Chili with beans, canned"
11820,"Cowpeas, catjang, mature seeds, raw"
11821,"Cowpeas, catjang, mature seeds, cooked, boiled, without salt"
11822,"Hyacinth beans, mature seeds, raw"
11823,"Hyacinth beans, mature seeds, cooked, boiled, without salt"
11824,"Soymilk (all flavors), unsweetened, with added calcium, vitamins A and D"
11825,"Soymilk (all flavors), nonfat, with added calcium, vitamins A and D"
11826,"Soymilk, chocolate, nonfat, with added calcium, vitamins A and D"
11827,"Beans, black, mature seeds, cooked, boiled, with salt"
11828,"Beans, black, mature seeds, canned, low sodium"
11829,"Beans, black turtle, mature seeds, cooked, boiled, with salt"
11830,"Beans, cranberry (roman), mature seeds, cooked, boiled, with salt"
11831,"Beans, french, mature seeds, cooked, boiled, with salt"
11832,"Beans, kidney, red, mature seeds, cooked, boiled, with salt"
11833,"Beans, kidney, red, mature seeds, canned, drained solids, rinsed in tap water"
11834,"Beans, kidney, royal red, mature seeds, cooked, boiled with salt"
11835,"Beans, kidney, red, mature seeds, canned, solids and liquid, low sodium"
11836,"Beans, small white, mature seeds, cooked, boiled, with salt"
11837,"Beans, pinto, mature seeds, canned, solids and liquids, low sodium"
11838,"Beans, yellow, mature seeds, cooked, boiled, with salt"
11839,"Beans, white, mature seeds, cooked, boiled, with salt"
11840,"Chickpeas (garbanzo beans, bengal gram), mature seeds, canned, solids and liquids, low sodium"
11841,"Cowpeas, catjang, mature seeds, cooked, boiled, with salt"
11842,"Cowpeas, common (blackeyes, crowder, southern), mature seeds, cooked, boiled, with salt"
11843,"Hyacinth beans, mature seeds, cooked, boiled, with salt"
11844,"Lentils, mature seeds, cooked, boiled, with salt"
11845,"Mung beans, mature seeds, cooked, boiled, with salt"
11846,"Mungo beans, mature seeds, cooked, boiled, with salt"
11847,"Peas, split, mature seeds, cooked, boiled, with salt"
11848,"Peanuts, all types, oil-roasted, without salt"
11849,"Lamb, New Zealand, imported, loin chop, separable lean only, raw"
11850,"Lamb, New Zealand, imported, rack - partly frenched, separable lean only, raw"
11851,"Lamb, New Zealand, imported, rack - partly frenched, separable lean only, cooked, fast roasted"
11852,"Lamb, New Zealand, imported, square-cut shoulder, separable lean and fat, raw"
11853,"Lamb, New Zealand, imported, frozen, shoulder, whole (arm and blade), separable lean and fat, cooked, braised"
11854,"Lamb, New Zealand, imported, square-cut shoulder, separable lean only, raw"
11855,"Veal, composite of trimmed retail cuts, separable lean only, cooked"
11856,"Veal, composite of trimmed retail cuts, separable fat, raw"
11857,"Veal, composite of trimmed retail cuts, separable fat, cooked"
11858,"Veal, leg (top round), separable lean and fat, raw"
11859,"Veal, leg (top round), separable lean only, raw"
11860,"Veal, leg (top round), separable lean only, cooked, braised"
11861,"Veal, leg (top round), separable lean only, cooked, pan-fried, breaded"
11862,"Veal, leg (top round), separable lean only, cooked, pan-fried, not breaded"
11863,"Veal, loin, separable lean only, cooked, braised"
11864,"Veal, loin, separable lean only, cooked, roasted"
11865,"Veal, rib, separable lean and fat, raw"
11866,"Veal, rib, separable lean and fat, cooked, braised"
11867,"Veal, shoulder, whole (arm and blade), separable lean and fat, raw"
11868,"Veal, shoulder, whole (arm and blade), separable lean and fat, cooked, braised"
11869,"Veal, shoulder, whole (arm and blade), separable lean and fat, cooked, roasted"
11870,"Veal, shoulder, whole (arm and blade), separable lean only, raw"
11871,"Veal, shoulder, arm, separable lean and fat, cooked, roasted"
11872,"Veal, shoulder, arm, separable lean only, raw"
11873,"Veal, shoulder, arm, separable lean only, cooked, braised"
11874,"Veal, shoulder, arm, separable lean only, cooked, roasted"
11875,"Veal, shoulder, blade, separable lean only, cooked, roasted"
11876,"Veal, sirloin, separable lean and fat, raw"
11877,"Veal, sirloin, separable lean and fat, cooked, braised"
11878,"Veal, sirloin, separable lean and fat, cooked, roasted"
11879,"Veal, cubed for stew (leg and shoulder), separable lean only, cooked, braised"
11880,"Veal, ground, raw"
11881,"Veal, ground, cooked, broiled"
11882,"Game meat, antelope, raw"
11883,"Bison, ground, grass-fed, raw"
11884,"Game meat, beaver, raw"
11885,"Game meat, beaver, cooked, roasted"
11886,"Game meat, beefalo, composite of cuts, raw"
11887,"Game meat, boar, wild, raw"
11888,"Game meat, boar, wild, cooked, roasted"
11889,"Game meat, buffalo, water, raw"
11890,"Game meat, buffalo, water, cooked, roasted"
11891,"Game meat, elk, raw"
11892,"Game meat, elk, cooked, roasted"
11893,"Game meat, goat, raw"
11894,"Game meat, goat, cooked, roasted"
11895,Asafoetida
11896,Black Cardamom
11897,Black Pepper
11898,Cardamom (Green)
11899,Char Masala
11900,Chili Powder/Flakes
11901,Cilantro (Fresh Coriander)
11902,Coriander (seed)
11903,Cumin
11904,Fenugreek Leaves (Dried)
11905,Garam Masala
11906,Mint (Fresh and Dried)
11907,Rock Salt
11908,Sea Salt
11909,Sumac
11910,Animal Fat (Charbi/Liyya)
11911,Dried Plums (Aloo Bukhara)
11912,Ghee (Clarified Butter)
11913,Green Chilies
11914,Pistachios
11915,Pomegranate Seeds
11916,Leek / Scallions (Gandana)
11917,Barberries (Zirk)
11918,Basil (Rayhon)
11919,Cumin (Zira)
11920,Green Onions / Scallions
11921,Tail-fat (Dumba)
11922,Tomatoes / Tomato Paste
11923,Anise
11924,Black Cumin (Siyah Dona)
11925,Cayenne/Red Pepper
11926,Dill (fresh and dried)
11927,Fenugreek
11928,Galangal
11929,Star Anise
11930,"Dried Fruits (apricots, plums)"
11931,Carrots (often julienned and caramelized with sugar)
11932,Raisins (black and golden)
11933,Sugar (for caramelizing)
11934,Advieh (Persian spice mix)
11935,Angelica
11936,Barberries (Zereshk)
11937,Dried Limes (Loomi / Limoo Amani)
11938,Fenugreek Leaves (Shanbalileh)
11939,Golpar (Angelica / Persian Hogweed)
11940,Rose Petals/Rosewater
11941,Savory (Marzeh)
11942,Tarragon (Tarkhoon)
11943,Pomegranate Molasses
11944,Verjuice (Ab Ghooreh)
11945,Red Chili Powder / Flakes
11946,Animal Fat (Dumba / Liyya)
11947,Pomegranate (fresh seeds and dried/powdered anardana)
11948,Leek (Gandana)
11949,Mint (especially wild varieties)
11950,Red Chili Flakes
11951,Salt (often local rock salt)
11952,Thyme (especially wild mountain thyme)
11953,"Apricots (fresh and dried, often used for oil and in dishes)"
11954,Butter (clarified and regular)
11955,Cheese (local varieties)
11956,Flour (used as a thickener in soups and stews)
11957,Mulberries (fresh and dried)
11958,Nuts (especially walnuts)
11959,Bay Leaves
11960,Feta Cheese
11961,Red Pepper Flakes / Chili
11962,"Cheese (Feta, Ricotta/Gjizë)"
11963,Corn Flour (Maize)
11964,Laurel
11965,White Wine
11966,Ricotta (Gjizë)
11967,Anchovies
11968,Fennel (wild and cultivated)
11969,Hot Peppers (Peperoncino)
11970,Orange (zest and blossom water)
11971,Ricotta Cheese
11972,Cayenne Pepper
11973,Harissa
11974,Orange Blossom Water
11975,Ras el Hanout
11976,Red Chili
11977,Rosewater
11978,Argan Oil
11979,Preserved Lemons
11980,Smen (Fermented Butter)
11981,Wild Thyme (Za'atar)
11982,Dried Meat (Achedluh/Gueddid)
11983,Cayenne Pepper / Red Chili
11984,Dried Meat (Gueddid)
11985,Smen / Dhan (Fermented Butter)
11986,Lemon (fresh)
11987,Paprika (sweet)
11988,Dried Fruits (Raisins)
11989,Cilantro (Fresh)
11990,Garlic (fresh and dried)
11991,Onions (fresh and dried)
11992,Thyme (especially wild varieties)
11993,Wild Fennel
11994,"Dried Fruits (Prunes, Apricots, Raisins)"
11995,Brown Sugar
11996,Cilantro / Coriander
11997,"Coconut (milk, cream, and grated)"
11998,Lime (Moli)
11999,"Coconut (milk, cream, oil)"
12000,Salt / Sea Salt
12001,Sugar / Brown Sugar
12002,Taro Leaves (Lu'au)
12003,Ti Leaves
12004,Juniper Berries
12005,Mushrooms (especially wild)
12006,Wine (for cooking)
12007,Allioli (Garlic and Oil Sauce)
12008,Chocolate (in savory sauces)
12009,Coriander
12010,Mushrooms (wild)
12011,Paprika (sweet and hot)
12012,"Red Pepper (dried, ñora/nyora)"
12013,Animal Fat / Lard
12014,Cured Meats (as a flavor base)
12015,Chili (Piri-piri / Gindungo)
12016,Palm Oil (Red)
12017,Chili (Gindungo / Piri-piri)
12018,Cassava Leaves (Nsaka)
12019,Peanuts (Ginguba)
12020,Chili (Gindungo)
12021,Fermented Milk (as a souring agent and flavor base)
12022,Ghee / Clarified Butter
12023,Melon Seeds (egusi)
12024,Wild Greens / Herbs
12025,Chili Peppers (especially Scotch Bonnet)
12026,Hot Sauce
12027,Allspice (Pimento)
12028,Bell Peppers
12029,Scotch Bonnet Peppers
12030,Chili Peppers
12031,Coconut / Coconut Milk
12032,Annatto (Achiote)
12033,Cilantro / Culantro (Shado Beni)
12034,Coconut Milk / Cream
12035,Escallion / Scallions / Green Onions
12036,"Hot Peppers (Scotch Bonnet, Habanero)"
12037,Paprika (Pimentón)
12038,Red Pepper Flakes (Ají Molido)
12039,Salt (especially coarse grilling salt)
12040,Vinegar (especially for chimichurri)
12041,Calafate Berries
12042,Maqui Berries
12043,Paprika (especially smoked)
12044,Rosehip (Mosqueta)
12045,Salt (coarse)
12046,Chili Peppers (Ají)
12047,"Citrus (Lime, Lemon, Sour Orange)"
12048,Laurel (Bay Leaf)
12049,Manioc / Cassava (Mandioca)
12050,Yerba Mate (as an ingredient/flavor)
12051,Ají (various local chili peppers)
12052,Ají Molido (Red Pepper Flakes)
12053,Bay Leaf (Laurel)
12054,Cumin (Comino)
12055,Lard / Beef Fat
12056,Salt (especially coarse Sal Parrillera)
12057,"Dried Fruits (apricots, plums, raisins)"
12058,Aleppo Pepper
12059,Basil (especially purple)
12060,Blue Fenugreek
12061,Cayenne
12062,Chemen (spice mix)
12063,Chives
12064,Cilantro / Coriander (fresh and seed)
12065,Leek
12066,Mahleb
12067,Savory (Summer)
12068,Sorrel (Aveluk)
12069,Urfa Pepper
12070,Za'atar
12071,Basil (purple and green)
12072,Chemen (Fenugreek paste)
12073,Cilantro / Coriander (fresh)
12074,Fenugreek (seed)
12075,Pomegranate (fresh and molasses)
12076,Red Pepper / Chili
12077,Thyme (especially wild)
12078,Chemen (Fenugreek paste/mix)
12079,Pomegranate (fresh seeds and molasses)
12080,Red Pepper Flakes
12081,Annatto (Achiote/Ruku)
12082,Basil (Yerbe di Hole)
12083,Hot Sauce (Pica)
12084,Pickles / Piccalilli
12085,Annatto (Ruku)
12086,Cheese (Gouda / Edam)
12087,Akudjura (Bush Tomato)
12088,Aniseed Myrtle
12089,Bloodroot
12090,Cinnamon Myrtle
12091,Davidson's Plum
12092,Desert Lime
12093,Eucalyptus
12094,Finger Lime
12095,Kakadu Plum
12096,Lemon Aspen
12097,Lemon Ironbark
12098,Lemon Myrtle
12099,Mountain Pepper (Pepperberry & Pepperleaf)
12100,Native Basil
12101,Native Ginger
12102,Native Lemongrass
12103,Native Thyme
12104,Old Man Saltbush
12105,Quandong
12106,Riberry (Lilly Pilly)
12107,River Mint
12108,Saltbush
12109,Sea Celery
12110,Strawberry Gum
12111,Tanami Apple
12112,Warrigal Greens
12113,Wattleseed
12114,Wild Rosella
12115,Basil (Italian and Thai)
12116,Chili (fresh)
12117,Chili (dried flakes)
12118,Chinese Five Spice
12119,Cilantro / Coriander (leaf)
12120,Cilantro / Coriander (seed)
12121,Curry Leaves
12122,Kaffir Lime Leaves
12123,Lemongrass
12124,Mountain Pepper / Pepperberry
12125,Salt / Sea Salt Flakes
12126,Sesame Oil / Seeds
12127,Szechuan Pepper
12128,"Vinegar (Balsamic, Wine, Rice)"
12129,Golden Syrup
12130,Gravy Powder
12131,Ketchup / Tomato Sauce
12132,Malt Vinegar
12133,Stock Cubes
12134,Vanilla Essence
12135,Vegemite
12136,Apple Cider / Cider Vinegar
12137,Honey (especially Leatherwood)
12138,Kunzea
12139,Lavender
12140,Lemon Thyme
12141,Mountain Pepper (Tasmanian Pepperberry)
12142,Mushrooms (Wild & Cultivated)
12143,Paprika (Smoked)
12144,Whisky
12145,Muntries
12146,Vinegar (Wine and Balsamic)
12147,Basil (especially Thai)
12148,Chili (fresh and dried)
12149,"Coconut (milk, cream)"
12150,Macadamia Nuts / Oil
12151,Palm Sugar / Brown Sugar
12152,"Vinegar (Rice, White Wine)"
12153,"Chili (fresh, flakes, paste)"
12154,Dukkah
12155,Onions / Shallots
12156,Paprika (sweet and smoked)
12157,Poppy Seeds
12158,Sesame Seeds / Oil / Tahini
12159,Gochujang
12160,Sesame Oil / Seeds / Tahini
12161,Caraway Seed (Kümmel)
12162,Horseradish (Kren)
12163,Lemon (zest and juice)
12164,Lovage
12165,Vinegar (especially apple cider)
12166,White Pepper
12167,Chives (Schnittlauch)
12168,Poppy Seeds (Mohn)
12169,Cheese (especially strong mountain cheeses)
12170,Speck
12171,Apple Cider Vinegar
12172,Elderflower
12173,Pumpkin Seed Oil (Kürbiskernöl)
12174,Mint (especially Brown Mint for Kasnudeln)
12175,Topfen (Quark/Curd Cheese)
12176,Beer (for cooking)
12177,Basil (Reyhan)
12178,Cilantro / Coriander (Kişniş)
12179,Cinnamon (Darchin)
12180,Mint (Nane)
12181,Pomegranate (fresh and Narsharab sauce)
12182,Saffron (Zafran)
12183,Scallions
12184,Sorrel
12185,Sumac (Sumakh)
12186,Butter (especially clarified)
12187,"Dried Fruits (especially apricots, plums)"
12188,Salt (especially for preserving meat)
12189,Cornelian Cherry (Zogal)
12190,Dock (Sorrel)
12191,Dried Fruits (especially plums)
12192,Nettle
12193,Wild Greens (various)
12194,Butter / Clarified Butter
12195,"Dried Fruits (Plums, Raisins, Apricots)"
12196,"Dried Fruits (plums, apricots)"
12197,"Chili Peppers (Goat, Bird, Scotch Bonnet)"
12198,Lard / Salt Pork
12199,"Chili Peppers (Goat, Bird Peppers)"
12200,Sour Orange
12201,Baharat (Bzar)
12202,Loomi (Dried Black Lime)
12203,Baharat / Bzar (Spice Blend)
12204,Dates / Date Molasses
12205,Sesame Seeds / Tahini
12206,Asafoetida (Hing)
12207,Bay Leaf (Tej Patta)
12208,"Bengali Garam Masala (Cinnamon, Cardamom, Clove blend)[1][2]"
12209,Bhaja Moshla (Roasted Spice Mix)
12210,Black Cumin (Kalo Jeera)
12211,Black Salt (Bit Noon)
12212,Cardamom (Green and Black)
12213,Carom Seed (Jowan)
12214,Celery Seed (Radhuni)
12215,Chili (Green)
12216,Chili (Dried Red)
12217,Cilantro / Coriander (fresh leaves)
12218,Cubeb Pepper (Kababchini)
12219,Cumin (Jeera)
12220,Fennel Seed (Mouri)
12221,Fenugreek Seed (Methi)
12222,Jaggery (Gur)
12223,Lemon / Lime (Gondhoraj Lebu)
12224,Long Pepper (Pipli)
12225,Mace (Jayitri)
12226,"Mango (dried powder, Amchur)"
12227,"Mustard (Black, Yellow, and Brown seeds)[3]"
12228,Mustard Oil
12229,Nigella Seed (Kalonji)
12230,Nutmeg (Jaiphal)
12231,Panch Phoron (Five-Spice Blend)[4][5]
12232,Poppy Seeds (Posto)
12233,Turmeric (Holud)
12234,Fenugreek (Methi)
12235,Fried Onions (Beresta)
12236,Kewra Water
12237,Prunes (Aloo Bukhara)
12238,Shahi Jeera (Royal Cumin)
12239,Chili (fresh green and dried red)
12240,Dried Fish (Shutki - as a key flavor base)
12241,Panch Phoron
12242,Shrimp Paste (from Arakanese influence)
12243,Nigella
12244,Carom seed (Ajwain)
12245,Green cardamom
12246,Clove
12247,Dry red chili
12248,Ginger (dried)
12249,Garlic (dried)
12250,Red chili powder
12251,Poppy seed (Posto)
12252,Kewra essence (aromatic ingredient)
12253,Rose water (aromatic ingredient)
12254,Thyme (dried)
12255,Marjoram (dried)
12256,Parsley (dried)
12257,Crushed red pepper
12258,Scotch bonnet powder (dried chili)
12259,Juniper berry
12260,Dill (dried)
12261,Lovage (dried)
12262,Horseradish (dried)
12263,Cumin (less common)
12264,Angelica root
12265,Sweet flag (Calamus)
12266,Nettle (dried)
12267,Chervil (dried)
12268,Tarragon (dried)
12269,Sage (dried)
12270,Rosemary (dried)
12271,Fennel seed (for seafood)
12272,Oregano (dried)
12273,Achiote (annatto)
12274,Habanero powder (dried)
12275,Dried chilies (various)
12276,Epazote (dried)
12277,Safflower (azafrán)
12278,Vanilla (dried)
12279,Pepita spice (ground pumpkin seeds)
12280,Dried red chili
12281,Calabash nutmeg
12282,Grains of Selim
12283,African nutmeg (Ehuru)
12284,Dried chilies
12285,Uziza seed
12286,Uda seed (Negro pepper)
12287,Smoked paprika
12288,Cinnamon (light use)
12289,Nutmeg (light use)
12290,Green chili
12291,Sichuan pepper (Timur pepper)
12292,Timur pepper (Sichuan pepper)
12293,Ajwain (carom seed)
12294,Sichuan pepper (Timur)
12295,Dried chili
12296,Dried red chilies
12297,Locoto powder (dried hot pepper)
12298,Ají amarillo powder
12299,Ají panca powder
12300,"Muña (Andean mint, dried)"
12301,"Wacatay (black mint, dried)"
12302,Ají colorado powder
12303,Mint (dried)
12304,Annatto (urucum)
12305,"Coconut powder (aromatic, used in some dishes)"
12306,Achiote (urucum)
12307,"Priprioca (aromatic root, dried)"
12308,"Cumaru (Tonka bean, grated)"
12309,Galangal (dried)
12310,Lemongrass (dried)
12311,Tamarind powder (aromatic souring agent)
12312,Five-spice powder
12313,Sichuan pepper
12314,Garam masala (mixed spice)
12315,Savory (chubritsa)
12316,Spearmint (dried)
12317,Kaffir lime leaf (dried)
12318,Cardamom (Cambodian brown)
12319,Tamarind powder
12320,Annatto
12321,Wild sage
12322,Sweetgrass (aromatic)
12323,Labrador tea (dried)
12324,Cedar (aromatic)
12325,Wild ginger (dried)
12326,Wild onion (dried)
12327,Wild garlic (dried)
12328,Bearberry (aromatic)
12329,Chokecherry powder
12330,Spruce tips (dried)
12331,Black pepper (post-contact)
12332,Salt (post-contact)
12333,Merkén
12334,Five-spice powder (Chinese influence)
12335,Coconut powder (aromatic)
12336,Saffron (often substituted with turmeric)
12337,Coconut powder (aromatic enhancer)
12338,Chives (dried)
12339,Sea buckthorn powder (aromatic)
12340,Ramps / wild garlic (dried)
12341,Nigella seed
12342,Cocoa nibs (aromatic spice)
12343,Berbere spice
12344,Mitmita
12345,Berbere
12346,Niter kibbeh spice mix
12347,Basil (Ethiopian besobela)
12348,Rue seed (tena adam)
12349,Basil (besobela)
12350,Angelica root (dried)
12351,Citrus zest (aromatic)
12352,(La Bourgogne)
12353,Basil (dried)
12354,Herbes de Provence mix
12355,Piment d’Espelette
12356,Cassava pepper (fermented chili paste)
12357,Cinnamon (less common)
12358,Clove (less common)
12359,Vanilla (dried – signature Tahitian ingredient)
12360,Blue fenugreek (utskho suneli)
12361,Saffron (Imeretian saffron / marigold)
12362,Savory (dried)
12363,Saffron (Imeretian)
12364,(Western Georgia)
12365,Dittany (dried)
12366,Sea salt (post-contact)
12367,Garlic powder (post-contact)
12368,Onion powder (post-contact)
12369,Arctic thyme (dried)
12370,Dried kelp (as seasoning)
12371,Mustard seed (post-contact)
12372,Guajillo chili (dried)
12373,Pasilla chili (dried)
12374,Pepper leaf (mashán / hoja de mashán – dried seasoning)
12375,Cacao nibs (aromatic spice)
12376,Cassava pepper (fermented chili)
12377,Cinnamon (limited use)
12378,Clove (limited use)
12379,Epis seasoning blend (herb-spice base)
12380,Scotch bonnet pepper (dried)
12381,Lime zest (aromatic)
12382,Sweet paprika
12383,Hot paprika
12384,Lemon zest (dried)
12385,Black mustard
12386,Ajwain
12387,Carom seed
12388,Black cumin (shahi jeera)
12389,Kashmiri chili
12390,Kasuri methi
12391,Cilantro (dried)
12392,Kala namak
12393,Amchur
12394,Anardana
12395,Curry leaves (dried)
12396,Coconut powder
12397,Malabar pepper
12398,Radhuni
12399,Rose petal powder
12400,Kewra powder
12401,Almond powder
12402,Cashew powder
12403,Black salt
12404,Byadagi chili
12405,Ginger powder
12406,Malvani masala
12407,Goda masala
12408,Bhut jolokia (dried)
12409,Fermented bamboo powder
12410,Guntur chili
12411,Tulsi (dried)
12412,Ashwagandha powder
12413,Triphala powder
12414,Himalayan pink salt
12415,Fresh curry leaf powder
12416,Basil leaf (dried)
12417,Holy basil (dried)
12418,Himalayan salt
12419,Kencur (dried)
12420,Bay leaf (salam leaf)
12421,Candlenut
12422,Shallot powder
12423,Palm sugar (aromatic)
12424,Bay leaf (salam)
12425,Long pepper
12426,Lemon basil (kemangi)
12427,Andaliman (Sichuan pepper–like)
12428,Dried lime (limoo amani)
12429,Advieh spice
12430,Golpar (Persian hogweed)
12431,Dried mint
12432,"Za’atar components (thyme, oregano, sesame)"
12433,Dried lime
12434,Dried lime (loomi)
12435,(Mosul region)
12436,"Za’atar herbs (thyme, oregano, sesame)"
12437,Flake sea salt
12438,Za’atar herbs
12439,Pimento seed
12440,Scotch bonnet (dried)
12441,Kombu (dried kelp)
12442,Katsuobushi (dried bonito flakes)
12443,Nori (dried seaweed)
12444,Wakame (dried seaweed)
12445,"Shiso (perilla leaf, dried)"
12446,Sansho pepper
12447,Yuzu peel (dried)
12448,Wasabi powder
12449,Mustard powder
12450,Toasted sesame seed
12451,White sesame
12452,Black sesame
12453,Shichimi togarashi components
12454,Kombu
12455,Katsuobushi
12456,Shiso (dried)
12457,Lemon peel (dried)
12458,Nori
12459,Goya bitter melon leaf (dried)
12460,Curry leaf (dried)
12461,Herbal bush spices (dried local aromatic shrubs)
12462,Lime leaf (dried)
12463,Pandan leaf (dried)
12464,"Breadfruit leaf (dried, aromatic)"
12465,Sichuan pepper (flower pepper)
12466,Wild Malagasy pepper (voatsiperifery)
12467,Vanilla (aromatic)
12468,Five-spice powder components
12469,Shrimp powder
12470,Sarawak pepper (special black and white varieties)
12471,Oregano (Mexican)
12472,Hoja santa (dried)
12473,Ancho chili (dried)
12474,Chipotle chili (dried)
12475,Mulato chili (dried)
12476,Arbol chili (dried)
12477,Cascabel chili (dried)
12478,Puya chili (dried)
12479,Morita chili (dried)
12480,Mexican thyme (dried)
12481,Mexican mint marigold (dried)
12482,Ancho chili
12483,Pasilla Mixe (chile pasilla de Oaxaca)
12484,Guajillo chili
12485,Mulato chili
12486,Costeño chili
12487,Chilhuacle negro
12488,Chilhuacle rojo
12489,Chipotle
12490,Arbol chili
12491,Achiote
12492,Mexican oregano
12493,Avocado leaf (dried)
12494,Oregano (Yucatecan)
12495,Habanero chili (dried)
12496,Annatto seed
12497,Pasilla chili
12498,Chipotle chili
12499,Herbes de Provence (fusion element)
12500,Breadfruit leaf (dried)
12501,"Taro leaf (dried, aromatic)"
12502,"Noni leaf (dried, traditional)"
12503,Ras el hanout spices (components)
12504,Piri-piri chili (dried)
12505,Turmeric leaf (dried)
12506,Soybean fermented powder (dried)
12507,Timur (Sichuan pepper)
12508,Uda seed
12509,Ogiri-spice aromatics (dried)
12510,Perilla seed (dried)
12511,Soy-based dried seasonings
12512,Juniper berry (dried)
12513,Angelica leaf (dried)
12514,Kasuri methi (dried fenugreek leaf)
12515,Dry pomegranate seed (anardana)
12516,Almond powder (aromatic)
12517,Kashmiri chili powder
12518,Asafoetida (dried)
12519,Culantro (dried)
12520,Wild pepper leaf (dried)
12521,Aji amarillo (dried)
12522,Aji panca (dried)
12523,Aji mirasol (dried)
12524,Aji limo (dried)
12525,Aji rocoto (dried)
12526,Aji charapita (dried)
12527,Aji dulce (dried)
12528,"Bijao leaf (aromatic, dried)"
12529,Camu camu powder (aromatic)
12530,Dried chili flakes
12531,Kombu (dried)
12532,Nori (dried)
12533,Five-spice components
12534,Adobo seasoning herbs
12535,Sofrito herbs (dried variants)
12536,"Dried hibiscus (bissap, aromatic use)"
12537,African black pepper (Grains of Selim)
12538,Dried parsley
12539,Dried thyme
12540,Dried sage
12541,Dried rosemary
12542,Dried marjoram
12543,Red chili powder (gochugaru)
12544,Ground sesame (aromatic)
12545,Aleppo pepper (dried)
12546,Sichuan peppercorn (dried)
12547,Fermented black bean seasoning (dried)
12548,"Basil (dried, Austronesian varieties)"
12549,Thai basil (dried)
12550,Dried shallot flakes
12551,Myanmar-style dried spices
12552,Dried galangal
12553,Sticky-rice roasted powder (aromatic)
12554,Green seasoning herbs (dried variants)
12555,Chadon beni / culantro (dried)
12556,Harissa spices (dried components)
12557,Leek flakes (dried)
12558,Seaweed flakes (dried)
12559,Alaea red salt
12560,Wild mint (dried)
12561,Chokecherry powder (aromatic)
12562,Lemongrass leaf (not powder)
12563,Kaffir lime peel (dried zest)
12564,Curry powder (as a blend — used worldwide)
12565,"Curry leaf powder (you included whole/dried, not powdered)"
12566,Laurel powder (ground bay leaf)
12567,"Epazote (Mexico, Central America)"
12568,Hoja santa (Mexico)
12569,"Avocado leaf (dried, Mexico)"
12570,"Vietnamese coriander (rau răm, dried)"
12571,"Shiso (Japanese perilla leaf, dried)"
12572,"Yomogi (Japanese mugwort, dried)"
12573,"Lovage seed (you had lovage leaf, but not seed)"
12574,Chipotle chili (dried) smoked jalapeño)
12575,Chipotle chili (smoked)
12576,Chipotle chili (jalapeño)
12577,Habanero powder
12578,Ghost pepper powder
12579,Thai prik bon
12580,Green Sichuan pepper
12581,Cubeb pepper
12582,Grains of Paradise
12583,Pink peppercorns
12584,Ajwain seed
12585,Kalpasi / Dagad phool
12586,Nigella leaf
12587,Tamarind leaf
12588,Mustard leaf powder
12589,Kala jeera
12590,Garden cress seed
12591,Orris root
12592,Licorice root
12593,Lime peel
12594,Bergamot peel
12595,Rose petal
12596,Rose powder
12597,Jasmine blossom
12598,Osmanthus flower
12599,Chrysanthemum flower
12600,Soursop leaf
12601,Guava leaf
12602,Banana leaf ash seasoning
12603,Breadfruit leaf seasoning
12604,Kava leaf
12605,Pandanus fruit powder
12606,Porcini powder
12607,Shiitake mushroom powder
12608,Matsutake powder
12609,Black garlic powder
12610,Dried fish powder
12611,Dried shrimp powder
12612,Bonito flakes powder
12613,Anchovy powder
12614,Miso powder
12615,Kimchi powder
12616,Kombu granules
12617,Nori flakes
12618,Dried sea lettuce
12619,Baharat
12620,Advieh
12621,Hawayij
12622,Za’atar
12623,Chinese five-spice
12624,Jerk seasoning
12625,Cajun seasoning

