Alanine (G),"Alcohol, ethyl (G)",Arginine (G),Ash (G),Aspartic acid (G),Beta-sitosterol (MG),Betaine (MG),Caffeine (MG),"Calcium, Ca (MG)",Campesterol (MG),"Carbohydrate, by difference (G)","Carotene, alpha (UG)","Carotene, beta (UG)",Cholesterol (MG),"Choline, total (MG)","Copper, Cu (MG)","Cryptoxanthin, beta (UG)",Cystine (G),Energy (KCAL),"Fatty acids, total monounsaturated (G)","Fatty acids, total polyunsaturated (G)","Fatty acids, total saturated (G)","Fatty acids, total trans (G)","Fatty acids, total trans-monoenoic (G)","Fatty acids, total trans-polyenoic (G)","Fiber, total dietary (G)","Fluoride, F (UG)","Folate, DFE (UG)","Folate, food (UG)","Folate, total (UG)",Folic acid (UG),Fructose (G),Galactose (G),Glucose (G),Glutamic acid (G),Glycine (G),Histidine (G),Hydroxyproline (G),"Iron, Fe (MG)",Isoleucine (G),Lactose (G),Leucine (G),Lutein + zeaxanthin (UG),Lycopene (UG),Lysine (G),MUFA 14:1 (G),MUFA 15:1 (G),MUFA 16:1 (G),MUFA 17:1 (G),MUFA 18:1 (G),MUFA 20:1 (G),MUFA 22:1 (G),MUFA 24:1 (G),"Magnesium, Mg (MG)",Maltose (G),"Manganese, Mn (MG)",Methionine (G),Niacin (MG),PUFA 18:2 (G),PUFA 18:3 (G),PUFA 18:4 (G),PUFA 20:2 (G),PUFA 20:3 (G),PUFA 20:4 (G),PUFA 20:5 (G),PUFA 21:5 (G),PUFA 22:4 (G),PUFA 22:5 (G),PUFA 22:6 (G),PUFA 2:4 (G),Pantothenic acid (MG),Phenylalanine (G),"Phosphorus, P (MG)",Phytosterols (MG),"Potassium, K (MG)",Proline (G),Protein (G),Retinol (UG),Riboflavin (MG),SFA 10:0 (G),SFA 12:0 (G),SFA 13:0 (G),SFA 14:0 (G),SFA 15:0 (G),SFA 16:0 (G),SFA 17:0 (G),SFA 18:0 (G),SFA 20:0 (G),SFA 22:0 (G),SFA 24:0 (G),SFA 4:0 (G),SFA 6:0 (G),SFA 8:0 (G),"Selenium, Se (UG)",Serine (G),"Sodium, Na (MG)",Starch (G),Stigmasterol (MG),Sucrose (G),TFA 16:1 t (G),TFA 18:1 t (G),TFA 22:1 t (G),Theobromine (MG),Thiamin (MG),Threonine (G),Total Sugars (G),Total lipid (fat) (G),Tryptophan (G),Tyrosine (G),Valine (G),"Vitamin A, RAE (UG)",Vitamin B-12 (UG),Vitamin B-6 (MG),"Vitamin C, total ascorbic acid (MG)",Vitamin D (D2 + D3) (UG),Water (G),"Zinc, Zn (MG)",allergens,category,diets,min_age_months,name,weight (G),Vitamin K (UG),Vitamin E (MG),TFA 18:2 t (G),alkalinity Ph (0-14)
0.183,,0.179,4.4,0.354,,,,656.0,,67.8,,9.0,,,0.5,,0.049,297.0,0.093,0.575,0.198,,,,2.4,,,,263.0,,,,,0.584,0.197,0.106,,10.3,0.183,,0.301,,,0.285,,,,,,,,,240.0,,1.1,0.046,1.6,,,,,,,,,,,,,,0.177,278.0,,1260.0,0.181,4.0,,0.1,,,,,,,,,,,,,,,4.9,0.165,50.0,,,,,,,,0.1,0.158,14.58,1.1,0.051,0.089,0.208,1.0,,0.1,,,4.4,3.2,,Spices and Herbs,"Gluten-Free,Vegan,Vegetarian",6,Asafoetida,100.0,2.9,10.22,0.002,6.5
,,,5.82,,,,,383.0,,68.5,,,,,0.383,,,311.0,,,,,,,28.0,,20.0,,,,,,,,,,,13.9,,,,,,,,,,,,,,,229.0,,28.0,,1.79,,,,,,,,,,,,,,,183.0,,1119.0,,10.7,,0.182,,,,,,,,,,,,,,,20.7,,18.0,,,,,,,,0.198,,,6.7,,,,,,0.23,21.0,,8.28,7.47,,Spices and Herbs,"Gluten-Free,Vegan,Vegetarian",6,Black Cardamom,100.0,,,0.002,6.5
0.45,,0.638,4.8,0.963,,,,443.0,,64.81,,191.0,,11.3,1.11,,0.125,251.0,0.992,0.574,1.39,,,,26.5,,,,10.0,,,,,1.839,0.521,0.224,,28.86,0.444,,0.763,205.0,,0.528,,,,,,,,,194.0,,6.8,0.126,1.142,,,,,,,,,,,,,,0.383,173.0,,1329.0,0.428,10.95,,0.183,,,,,,,,,,,,,,,9.3,0.435,20.0,,,,,,,,0.108,0.383,0.64,3.26,0.137,0.177,0.518,16.0,,0.301,6.1,,11.75,1.41,,Spices and Herbs,"Gluten-Free,Vegan,Vegetarian",6,Black Pepper,100.0,16.3,1.05,0.002,6.5
0.437,,0.619,4.6,0.935,,,,383.0,,68.5,,177.0,,29.8,0.383,,0.123,311.0,0.917,4.095,0.63,,,,28.0,,,,20.0,,,,,1.787,0.505,0.218,,13.97,0.432,,0.742,350.0,,0.526,,,,,,,,,229.0,,28.0,0.124,1.1,,,,,,,,,,,,,,0.371,178.0,,1119.0,0.415,10.7,,0.198,,,,,,,,,,,,,,,20.3,0.422,18.0,,,,,,,,0.198,0.395,,6.7,0.141,0.173,0.509,29.0,,0.23,21.0,,8.28,7.47,,Spices and Herbs,"Gluten-Free,Vegan,Vegetarian",6,Cardamom (Green),100.0,13.8,0.72,0.002,6.5
0.534,,0.732,9.25,1.09,,,,525.0,,55.8,28.0,466.0,,,0.569,,0.125,325.0,5.06,4.09,2.94,,,,33.2,,96.0,96.0,96.0,,,,,1.48,0.486,0.29,,19.1,0.541,,0.887,,,0.573,,,,,,,,,180.0,,4.13,0.158,2.05,,,,,,,,,,,,,0.489,0.573,367.0,,1160.0,0.468,12.6,,0.41,,,,,,,,,,,,,,,13.9,0.518,280.0,,,,,,,,0.165,0.443,5.14,14.0,0.181,0.413,0.692,39.0,,0.457,0.5,,8.35,3.29,,Spices and Herbs,"Gluten-Free,Vegan,Vegetarian",6,Char Masala,100.0,99.4,2.53,0.002,6.5
0.78,,0.456,5.6,1.341,82.0,2.4,,148.0,3.0,53.99,,667.0,,100.7,0.366,,0.197,318.0,3.597,7.772,3.26,,,,27.2,,106.0,106.0,106.0,,,,,1.898,0.381,0.264,,7.8,0.443,,0.732,2240.0,5037.0,0.499,,,0.043,,3.486,,,,139.0,,1.8,0.198,8.704,7.07,0.702,,,,,,,,,,,2.519,0.48,293.0,95.0,1800.0,0.428,12.01,,0.919,,,,0.054,,2.164,,0.963,0.047,,,,,,13.4,0.569,30.0,,10.0,,,,,,0.32,0.373,10.34,17.26,0.196,0.316,0.536,67.0,,2.793,76.4,,11.14,1.3,,Spices and Herbs,"Gluten-Free,Vegan,Vegetarian",6,Chili Powder/Flakes,100.0,15.0,2.7,0.002,5.5
0.015,,0.021,1.51,0.053,5.0,,,67.0,1.0,3.67,13.0,393.0,,13.6,0.076,30.0,0.005,23.0,0.021,0.05,0.018,,,,2.8,,62.0,62.0,62.0,,,,,0.051,0.017,0.008,,1.77,0.019,,0.028,802.0,,0.026,,,,,0.021,,,,26.0,,0.333,0.007,1.114,0.03,0.02,,,,,,,,,,,0.091,0.02,48.0,6.0,521.0,0.018,2.13,,0.162,,,,,,0.012,,0.006,,,,,,,0.9,0.018,46.0,,,,,,,,0.067,0.019,0.87,0.52,0.007,0.014,0.021,337.0,,0.149,27.0,,92.21,0.5,,Spices and Herbs,"Gluten-Free,Vegan,Vegetarian",6,Cilantro (Fresh Coriander),100.0,310.0,2.5,,6.5
0.84,,0.98,5.1,2.44,88.0,1.3,,709.0,18.0,54.99,,8.0,,41.6,0.286,,0.27,298.0,11.12,1.066,1.16,,,,41.9,,66.0,66.0,66.0,,,,,4.21,0.7,0.33,,16.32,0.64,,1.13,,,0.65,,,0.03,,10.87,0.19,,,336.0,,1.9,0.21,3.17,0.85,0.21,,,,,,,,,,,0.27,0.75,377.0,128.0,1267.0,0.61,12.37,,0.15,,,,,,0.88,,0.28,,,,,,,3.3,0.68,35.0,,22.0,0.87,,,,,0.17,0.58,0.87,17.77,0.18,0.33,0.74,1.0,,0.143,21.0,,8.85,4.7,,Spices and Herbs,"Gluten-Free,Vegan,Vegetarian",6,Coriander (seed),100.0,34.3,3.33,0.002,6.2
0.686,,0.893,5.62,1.666,82.0,0.1,,931.0,18.0,44.28,,64.0,,25.3,0.867,,0.158,375.0,18.572,6.83,1.535,,,,10.5,,10.0,10.0,10.0,,,,,2.812,0.579,0.384,,66.36,0.647,,1.065,,,0.645,,,0.034,,18.338,0.169,,,366.0,,3.333,0.224,4.579,6.721,0.076,,,,,,,,,,,0.324,0.771,499.0,100.0,1788.0,0.505,17.81,,0.327,,,,,,1.378,,0.151,,,,,,,5.0,0.741,168.0,7.6,,0.3,,,,,0.628,0.564,2.25,22.27,0.22,0.41,0.852,13.0,,0.435,7.7,,8.06,4.8,,Spices and Herbs,"Gluten-Free,Vegan,Vegetarian",6,Cumin,100.0,5.4,3.33,0.002,6.0
,,,,,,,,1510.0,,43.9,,5440.0,,,,,,323.0,,,,,,,24.7,,,,,,,,,,,,,33.5,,,,,,,,,,,,,,,380.0,,,,1.6,,,,,,,,,,,,,,,550.0,,1460.0,,22.9,,0.36,,,,,,,,,,,,,,,,,95.0,,,,,,,,0.22,,6.0,6.4,,,,453.0,,0.33,3.0,,11.7,2.8,,Spices and Herbs,"Gluten-Free,Vegan,Vegetarian",6,Fenugreek Leaves (Dried),100.0,770.6,3.89,,6.3
,,,,,,,,488.0,,55.8,,14.0,,,0.33,,,377.0,4.9,6.8,1.7,,,,28.5,,11.0,,,,,,,,,,,24.0,,,,,,,,,,,,,,,189.0,,2.8,,6.2,,,,,,,,,,,,,0.7,,315.0,,1172.0,,12.8,,0.38,,,,,,,,,,,,,,,7.5,,35.0,,,,,,,,0.22,,4.1,13.6,,,,1.0,,0.4,0.2,,9.9,3.3,,Spices and Herbs,"Gluten-Free,Vegan,Vegetarian",6,Garam Masala,100.0,16.8,1.8,,6.5
,,,,,29.0,,,243.0,1.0,8.41,,2420.0,,10.9,0.24,,,44.0,0.063,0.316,0.187,,,,6.8,,105.0,,,,,,,,,,,5.08,,,,1100.0,,,,,,,0.063,,,,80.0,,1.12,,1.71,0.219,0.097,,,,,,,,,,,0.14,,70.0,32.0,458.0,,3.75,,0.18,,,,0.003,0.001,0.146,0.001,0.027,0.001,0.001,,,,,0.9,,30.0,,1.0,,,,,,0.08,,0.2,0.73,,,,202.0,,0.16,31.8,,85.58,0.6,,Spices and Herbs,"Vegan,Vegetarian",6,Mint (Fresh and Dried),100.0,494.3,0.95,,6.5
,,,100.0,,,,,24.0,,,,,,,0.01,,,,,,,,,,,,,,,,,,,,,,,0.38,,,,,,,,,,,,,,,1.0,,0.01,,,,,,,,,,,,,,,,,,,8.0,,,,,,,,,,,,,,,,,,,,,38758.0,,,,,,,,,,,,,,,,,,,,,0.01,,Spices and Herbs,"Gluten-Free,Vegan,Vegetarian",6,Rock Salt,100.0,,,,7.0
,,,100.0,,,,,24.0,,,,,,,0.01,,,,,,,,,,,,,,,,,,,,,,,0.38,,,,,,,,,,,,,,,1.0,,0.01,,,,,,,,,,,,,,,,,,,8.0,,,,,,,,,,,,,,,,,,,,,38758.0,,,,,,,,,,,,,,,,,,,,,0.01,,Spices and Herbs,"Gluten-Free,Vegan,Vegetarian",6,Sea Salt,100.0,,,,7.0
,,,,,,,,1090.0,,55.8,,,,,0.19,,,339.0,4.5,5.3,1.3,,,,36.2,,16.0,,,,,,,,,,,31.7,,,,,,,,,,,,,,,173.0,,0.6,,0.4,,,,,,,,,,,,,0.1,,194.0,,1300.0,,10.4,,0.1,,,,,,,,,,,,,,,4.5,,73.0,,,,,,,,0.1,,4.5,11.7,,,,,,0.2,2.4,,9.5,1.8,,Spices and Herbs,"Gluten-Free,Vegan,Vegetarian",6,Sumac,100.0,3.3,0.9,0.002,3.5
,,,,,,,,,,,,,109.0,,,,,902.0,41.68,3.2,50.13,4.26,,,,,,,,,,,,,,,,0.02,,,,,,,,,3.36,0.45,37.52,0.36,,,,,,,,2.86,0.33,,,0.02,,,,,0.03,0.02,,,,,,,,,,,0.08,0.06,,3.43,0.32,26.43,1.06,18.33,0.31,0.09,,0.02,0.04,0.03,0.1,,,,,,0.22,3.91,,,,,,100.0,,,,,,,,0.2,,,,Fats and Oils,"Keto,Paleo",6,Animal Fat (Charbi/Liyya),100.0,1.4,2.7,0.06,7.0
0.116,,0.322,1.8,0.597,14.0,0.4,,43.0,2.0,63.88,6.0,48.0,,7.5,0.281,,0.024,240.0,0.091,0.149,0.062,,,,7.1,2.3,4.0,4.0,4.0,,5.65,0.26,4.9,0.395,0.106,0.052,,0.93,0.076,,0.11,24.0,,0.142,,,0.005,,0.086,,,,41.0,0.28,0.179,0.034,1.882,0.134,0.015,,,,,,,,,,,0.422,0.074,69.0,17.0,732.0,0.076,2.18,,0.186,,,,0.002,,0.057,,0.003,,,,,,,0.3,0.089,2.0,0.01,1.0,0.03,,,,,0.051,0.06,38.13,0.38,0.021,0.043,0.096,38.0,,0.205,0.6,,30.92,0.29,,Dried fruits,"Gluten-Free,Halal,Kosher,Vegan,Vegetarian",6,Dried Plums (Aloo Bukhara),100.0,59.5,0.43,,4.0
,,,,,,,,4.0,,,,,256.0,0.2,0.002,,,899.0,28.7,3.6,61.9,4.15,4.15,,,,,,,,,,,,,,,0.03,,,,,,,0.68,0.07,2.81,0.19,24.64,0.21,,,,,0.001,,0.001,2.5,1.06,,0.02,0.01,,,,,,,,0.002,,3.0,,5.0,,0.28,859.0,0.005,2.33,2.44,0.03,9.94,0.22,29.74,0.19,10.45,0.17,0.06,0.03,3.31,2.05,1.12,0.7,,2.0,,,,0.1,4.05,,,0.001,,,99.8,,,,859.0,0.04,0.001,,2.8,0.16,0.01,Milk,Butter and animal fats,"Gluten-Free,Keto,Paleo,Vegetarian",6,Ghee (Clarified Butter),100.0,8.6,2.8,0.232,6.8
0.076,,0.06,0.85,0.17,,,,18.0,,5.36,20.0,534.0,,12.8,0.129,,0.007,32.0,0.024,0.187,0.032,,,,3.0,2.8,23.0,23.0,23.0,,2.35,,2.16,0.141,0.046,0.023,,0.41,0.042,,0.063,503.0,,0.052,,,0.002,,0.022,,,,24.0,,0.222,0.012,1.246,0.16,0.027,,,,,,,,,,,0.323,0.046,33.0,,322.0,0.04,1.4,,0.091,,,,0.001,,0.026,,0.005,,,,,,,0.5,0.067,9.0,,,,,,,,0.091,0.049,4.15,0.3,0.012,0.029,0.052,54.0,,0.198,80.8,,91.46,0.26,,Vegetables and Vegetable Products,"Gluten-Free,Halal,Kosher,Vegan,Vegetarian",6,Green Chilies,100.0,14.4,0.69,,5.5
0.932,,2.072,2.9,1.74,165.0,0.8,,105.0,15.0,27.17,,12.0,,28.5,1.3,,0.248,557.0,23.2,13.6,5.6,,,,10.3,3.4,51.0,51.0,51.0,,0.33,,0.25,4.217,0.783,0.477,,3.92,0.742,,1.294,1200.0,,0.87,,,0.1,,23.1,,,,109.0,0.08,1.2,0.288,1.3,13.0,0.42,,,,,,,,,,,0.52,0.701,490.0,229.0,1025.0,0.72,20.61,,0.16,,0.02,,0.06,,5.3,,0.22,0.01,0.01,,,,,7.3,0.787,1.0,1.4,33.0,5.45,,,,,0.87,0.643,7.66,44.44,0.203,0.407,0.985,7.0,,1.7,5.6,,4.37,2.2,"Nuts,Nuts (pistachio nuts)",Nuts and seeds,"Gluten-Free,Halal,Kosher,Vegan,Vegetarian",12,Pistachios,100.0,13.2,2.3,,6.2
,,,0.56,,,,,10.0,,18.7,,6.0,,7.6,0.158,,,83.0,0.093,0.088,0.103,,,,4.0,,38.0,38.0,38.0,,,,,,,,,0.3,,,,,,,,,,,0.093,,,,12.0,,0.119,,0.297,0.088,,,,,,,,,,,,0.377,,36.0,,236.0,,1.67,,0.053,,,,0.007,,0.07,,0.026,,,,,,,0.5,,3.0,,,,,,,,0.067,,13.67,1.17,,,,,,0.075,10.2,,77.93,0.35,,Fruits and Fruit Juices,"Gluten-Free,Vegan,Vegetarian",6,Pomegranate Seeds,100.0,16.4,0.6,,3.2
,,,0.9,,,,,59.0,,14.15,,1000.0,,5.6,0.039,,,61.0,0.019,0.165,0.04,,,,1.8,,83.0,83.0,83.0,,,,,,,,,2.1,,,,1223.0,,,,,,,0.019,,,,28.0,,0.481,,0.4,0.065,0.1,,,,,,,,,,,0.42,,35.0,,180.0,,1.5,,0.03,,,,,,0.035,,0.005,,,,,,,1.0,,20.0,,,,,,,,0.06,,3.9,0.3,,,,83.0,,0.23,12.0,,83.25,0.12,,Vegetables and Vegetable Products,"Gluten-Free,Vegan,Vegetarian",6,Leek / Scallions (Gandana),100.0,47.0,1.09,,6.0
,,,,,,,,68.0,,74.8,,,,,,,,326.0,,,,,,,7.4,,20.0,,,,,,,,,,,2.7,,,,,,,,,,,,,,,36.0,,,,0.3,,,,,,,,,,,,,,,70.0,,580.0,,3.6,,0.1,,,,,,,,,,,,,,,,,5.0,,,,,,,,0.1,,68.0,0.6,,,,,,0.1,14.0,,16.0,0.3,,Fruits and Fruit Juices,"Gluten-Free,Vegan,Vegetarian",6,Barberries (Zirk),100.0,,0.93,,3.3
,,,2.2,,,,,177.0,,2.65,,3142.0,,16.1,0.385,,,23.0,0.051,0.384,0.064,,,,1.6,,68.0,68.0,68.0,,,,,,,,,3.17,,,,5650.0,,,,,,,0.051,,,,64.0,,1.148,,0.902,0.089,0.295,,,,,,,,,,,0.209,,56.0,7.0,295.0,,3.15,,0.076,,,,,,0.052,,0.01,,,,,,,0.3,,4.0,0.1,2.0,0.2,,,,,0.034,,0.3,0.64,,,,264.0,,0.134,18.0,,92.06,0.8,,Spices and Herbs,"Gluten-Free,Vegan,Vegetarian",6,Basil (Rayhon),100.0,414.8,0.8,,6.5
,,,5.02,,,,,931.0,,44.28,,6.0,,13.6,0.867,,,375.0,14.04,2.81,1.535,,,,10.5,,10.0,10.0,10.0,,,,,,,,,66.36,,,,270.0,,,,,,,14.04,,,,366.0,,3.333,,4.579,2.81,,,,,,,,,,,,0.25,,499.0,119.0,1788.0,,17.81,,0.327,,,,,,1.309,,0.226,,,,,,,5.0,,168.0,,13.0,0.01,,,,,0.628,,2.25,22.27,,,,64.0,,0.435,7.7,,8.06,4.8,,Spices and Herbs,"Gluten-Free,Vegan,Vegetarian",6,Cumin (Zira),100.0,5.4,3.33,0.002,6.0
0.085,,0.084,0.64,0.19,,,,72.0,,7.34,,718.0,,10.9,0.039,,0.016,32.0,0.013,0.063,0.044,,,,2.6,,64.0,64.0,64.0,,,,,0.165,0.065,0.034,,1.25,0.061,,0.1,182.0,,0.1,,,0.002,,0.009,,,,20.0,,0.134,0.024,0.2,0.028,0.028,,,,0.004,,,,,,,0.116,0.05,37.0,,276.0,0.046,1.83,,0.07,,,,0.001,,0.038,,0.004,,,,,,,0.6,0.063,16.0,,,,,,,,0.046,0.05,2.3,0.19,0.015,0.034,0.081,60.0,,0.04,18.8,,89.81,0.04,,Spices and Herbs,"Gluten-Free,Vegan,Vegetarian",6,Green Onions / Scallions,100.0,207.0,0.85,,6.0
,,,,,,,,,,,,,95.0,,,,,882.0,40.54,4.14,47.37,1.15,1.07,0.08,,,,,,,,,,,,,,,,,,,,,0.1,0.04,2.37,0.15,36.91,0.97,0.01,0.01,,,,,,3.23,0.65,,0.06,0.08,0.11,,,,0.01,,,,,,,,,,,,0.02,0.04,0.01,2.45,0.28,25.12,0.83,18.59,0.01,0.01,0.01,0.01,0.01,0.01,,,,,,,,0.99,,,,,,99.8,,,,,,,,,0.1,,,Butter and animal fats,,6,Tail-fat (Dumba),100.0,,,0.08,7.0
0.198,,0.207,2.84,0.767,,5.1,,46.0,,18.55,,5500.0,,37.1,0.203,,0.038,82.0,0.081,0.245,0.071,,,,3.9,,44.0,44.0,44.0,,2.76,,2.72,1.896,0.174,0.106,,2.73,0.147,,0.222,1821.0,26979.0,0.229,,,0.005,,0.076,,,,46.0,,0.201,0.048,3.518,0.225,0.019,,,,,,,,,,,0.729,0.165,102.0,,1014.0,0.198,4.31,,0.091,,,,0.001,,0.063,,0.006,,,,,,,3.2,0.198,43.0,,,0.64,,,,,0.106,0.138,11.66,0.5,0.06,0.116,0.187,459.0,,0.288,21.9,,75.31,0.44,,Fruits and Fruit Juices,"Gluten-Free,Vegan,Vegetarian",6,Tomatoes / Tomato Paste,100.0,4.3,2.79,,4.2
,,,6.0,,29.0,,,646.0,5.0,50.02,,190.0,,29.8,0.91,,,337.0,9.24,3.19,1.071,,,,14.6,,10.0,10.0,10.0,,,,,,,,,36.96,,,,,,,,,,,9.24,,,,170.0,,2.3,,3.06,3.19,,,,,,,,,,,,0.797,,440.0,34.0,1441.0,,17.6,,0.3,,,,,,0.811,,0.176,,,,,,,5.0,,16.0,,,,,,,,0.34,,,15.9,,,,16.0,,0.65,21.0,,9.38,5.3,,Spices and Herbs,"Gluten-Free,Vegan,Vegetarian",6,Anise,100.0,5.9,3.33,0.002,6.5
,,,5.31,,,,,1000.0,,54.7,,,,50.0,0.6,,,450.0,8.0,12.0,2.0,,,,40.0,,10.0,10.0,10.0,,,,,,,,,18.5,,,,,,,,,,,8.0,,,,300.0,,2.0,,5.0,11.0,1.0,,,,,,,,,,,0.5,,450.0,,900.0,,19.99,,0.3,,,,,,1.0,,1.0,,,,,,,5.0,,150.0,,,,,,,,0.4,,2.25,22.0,,,,,,0.4,10.0,,7.0,6.0,,Spices and Herbs,"Gluten-Free,Vegan,Vegetarian",6,Black Cumin (Siyah Dona),100.0,5.0,1.0,0.002,6.0
,,,5.82,,,,26.3,310.0,,56.63,,2525.0,,61.3,0.373,1665.0,,318.0,2.503,8.356,3.26,,,,30.5,,106.0,,106.0,,,,,,,,,7.8,,,,651.0,1028.0,,,,0.22,,2.283,,,,152.0,,1.161,,8.701,7.971,0.385,,,,,,,,,,,2.52,,293.0,,2014.0,,12.01,,0.919,,,,0.061,,2.186,,0.913,,,,,,,19.3,,30.0,,,,,,,,0.328,,10.34,17.27,,,,2081.0,,2.45,76.4,,8.05,2.48,,Spices and Herbs,"Gluten-Free,Vegan,Vegetarian",6,Cayenne/Red Pepper,100.0,80.3,29.83,0.002,5.0
,,,11.13,,,,,1784.0,,55.17,,4630.0,,,0.767,,,299.0,1.39,10.42,0.94,,,,21.1,,194.0,,194.0,,,,,,,,,16.33,,,,5770.0,,,,,0.06,,1.33,,,,256.0,,1.3,,2.8,9.21,1.21,,,,,,,,,,,0.589,,374.0,,3100.0,,19.96,,0.29,,,,0.02,,0.71,,0.19,,,,,,,10.0,,20.0,,,,,,,,0.2,,,14.47,,,,386.0,,0.28,85.0,,9.32,4.19,,Spices and Herbs,"Gluten-Free,Vegan,Vegetarian",6,Dill (fresh and dried),100.0,264.4,3.32,,6.5
,,,3.28,,,,,177.0,,58.35,,,,28.3,1.11,,,323.0,0.82,3.23,1.26,,,,24.6,,57.0,,57.0,,,,,,,,,33.53,,,,,,,,,0.01,,0.78,,,,191.0,,1.22,,1.64,2.98,0.25,,,,,,,,,,,1.18,,296.0,,770.0,,23.0,,0.366,,,,0.01,,0.93,,0.25,,,,,,,6.3,,67.0,,,,,,,,0.322,,6.41,6.41,,,,,,0.6,3.0,,8.84,2.5,,Spices and Herbs,"Gluten-Free,Vegan,Vegetarian",6,Fenugreek,100.0,,0.05,0.002,6.4
,,,0.9,,,,,25.0,,15.0,,,,,0.05,,,71.0,,,,,,,2.0,,11.0,,11.0,,,,,,,,,1.0,,,,,,,,,,,,,,,20.0,,0.1,,0.2,,,,,,,,,,,,,,,28.0,,350.0,,1.2,,0.02,,,,,,,,,,,,,,,,,6.0,,,,,,,,0.05,,,0.7,,,,,,0.03,10.0,,82.2,0.2,,Spices and Herbs,"Gluten-Free,Vegan,Vegetarian",6,Galangal,100.0,56.3,10.22,0.002,6.0
,,,5.8,,,,,646.0,,50.0,,,,,0.5,,,337.0,,,,,,,16.0,,10.0,,10.0,,,,,,,,,36.9,,,,,,,,,,,,,,,170.0,,1.5,,1.5,,,,,,,,,,,,,,,200.0,,1441.0,,15.9,,0.2,,,,,,,,,,,,,,,,,16.0,,,,,,,,0.3,,,15.9,,,,,,0.65,21.0,,9.0,3.0,,Spices and Herbs,"Gluten-Free,Vegan,Vegetarian",6,Star Anise,100.0,56.3,10.22,0.002,6.0
0.17,,0.13,2.57,0.41,12.0,,,55.0,1.0,62.64,106.0,2169.0,,13.9,0.334,890.0,0.02,241.0,0.01,0.06,0.04,,,,7.3,,10.0,,,,19.46,,12.86,0.44,0.12,0.06,,2.66,0.1,,0.16,110.0,,0.17,,,,,0.01,,,,32.0,,0.08,0.04,1.84,0.05,0.004,,,,,,,,,,,0.38,0.09,71.0,16.0,1162.0,0.08,3.39,,0.09,,,,,,0.03,,0.002,,,,,,,1.6,0.12,10.0,,2.0,20.25,,,,,0.02,0.09,53.4,0.51,0.01,0.06,0.13,180.0,,0.14,1.0,,30.89,0.39,,Dried fruits,"Vegan,Vegetarian",6,"Dried Fruits (apricots, plums)",100.0,3.1,4.33,,4.0
0.04,,0.09,0.96,0.16,3.0,0.4,,33.0,,9.58,3477.0,8285.0,,8.8,0.045,47.0,0.01,41.0,0.01,0.12,0.04,,,,2.8,3.2,19.0,,,,0.93,,0.95,0.12,0.04,0.03,,0.3,0.04,,0.06,256.0,1.0,0.06,,,,,,,,,12.0,,0.14,0.02,0.98,,,,,,,,,,,,,0.21,0.05,35.0,,320.0,0.04,0.93,,0.06,,,,,,,,,,,,,,,0.1,0.05,69.0,1.53,,2.62,,,,,0.07,0.05,4.74,0.24,0.02,0.04,0.05,835.0,,0.14,5.9,,88.29,0.24,,Vegetables and Vegetable Products,"Vegan,Vegetarian",6,Carrots (often julienned and caramelized with sugar),100.0,13.2,0.66,,6.2
0.16,,0.21,1.86,0.33,11.0,,,50.0,,79.18,,3.0,,7.7,0.318,,0.02,299.0,0.02,0.07,0.05,,,,3.7,,5.0,,,,33.72,,29.83,0.37,0.13,0.05,,1.88,0.1,,0.15,106.0,,0.14,,,,,,,,,32.0,,0.12,0.03,0.77,,,,,,,,,,,,,0.11,0.1,98.0,,749.0,0.14,3.07,,0.08,,,,,,,,,,,,,,,0.6,0.11,11.0,,,0.18,,,,,0.11,0.12,59.19,0.46,0.01,0.06,0.12,,,0.17,2.3,,15.43,0.22,,Fruits and Fruit Juices,"Vegan,Vegetarian",6,Raisins (black and golden),100.0,3.5,0.12,,4.0
,,,0.03,,,,,1.0,,99.8,,,,0.2,0.003,,,387.0,,,,,,,,,,,,,,,,,,,,0.03,,,,,,,,,,,,,,,,,0.01,,,,,,,,,,,,,,,0.01,,,,2.0,,,,0.02,,,,,,,,,,,,,,,0.9,,1.0,,,99.8,,,,,,,99.8,,,,,,,,,,0.17,0.01,,Sugars and honey,"Vegan,Vegetarian",6,Sugar (for caramelizing),100.0,,,,7.0
0.534,,0.732,9.25,1.09,,,,525.0,,55.8,28.0,466.0,,,0.569,,0.125,325.0,5.06,4.09,2.94,,,,33.2,,96.0,96.0,96.0,,,,,1.48,0.486,0.29,,19.1,0.541,,0.887,,,0.573,,,,,,,,,180.0,,4.13,0.158,2.05,,,,,,,,,,,,,0.489,0.573,367.0,,1160.0,0.468,12.6,,0.41,,,,,,,,,,,,,,,13.9,0.518,280.0,,,,,,,,0.165,0.443,5.14,14.0,0.181,0.413,0.692,39.0,,0.457,0.5,,8.35,3.29,,Spices and Herbs,"Gluten-Free,Vegan,Vegetarian",6,Advieh (Persian spice mix),100.0,99.4,2.53,0.002,6.0
,,,0.49,,,,,100.0,,9.3,,1650.0,,,0.078,,,45.0,,,,,,,3.2,,76.0,76.0,,,,,,,,,,0.95,,,,,,,,,,,,,,,46.0,,0.2,,0.3,,,,,,,,,,,,,,,53.0,,370.0,,2.5,,0.17,,,,,,,,,,,,,,,0.7,,11.0,,,,,,,,0.05,,2.8,0.3,,,,138.0,,0.07,13.0,,87.5,0.37,,Spices and Herbs,"Gluten-Free,Vegan,Vegetarian",6,Angelica,100.0,26.0,0.7,,6.0
,,,1.2,,,,,140.0,,15.6,,600.0,,,0.1,,,71.0,,,,,,,3.6,,10.0,10.0,,,,,,,,,,1.2,,,,,,,,,,,,,,,35.0,,0.3,,0.5,,,,,,,,,,,,,,,25.0,,200.0,,1.1,,0.05,,,,,,,,,,,,,,,0.5,,3.0,,,,,,,,0.05,,10.4,0.5,,,,50.0,,0.1,25.0,,81.6,0.2,,Fruits and Fruit Juices,"Gluten-Free,Vegan,Vegetarian",6,Barberries (Zereshk),100.0,15.0,0.3,,3.0
,,,,,,,,33.0,,10.54,,3.0,,,0.076,,,30.0,0.012,0.096,0.027,,,,2.8,,,,8.0,,,,,,,,,0.6,,,,10.0,,,,,,,,,,,6.0,,0.007,,0.2,,,,,,,,,,,,,,,18.0,,102.0,,0.7,,0.02,,,,,,,,,,,,,,,0.6,,2.0,,,,,,,,0.03,,1.69,0.2,,,,2.0,,0.06,29.1,,88.29,0.08,,Dried fruits,"Gluten-Free,Vegan,Vegetarian",6,Dried Limes (Loomi / Limoo Amani),100.0,0.6,0.1,,2.8
,,,1.9,,,,,395.0,,7.3,,1610.0,,,0.088,,,49.0,,,,,,,2.5,,28.0,28.0,,,,,,,,,,1.93,,,,,,,,,,,,,,,39.0,,0.197,,0.4,,,,,,,,,,,,,,,71.0,,355.0,,4.4,,0.28,,,,,,,,,,,,,,,0.6,,30.0,,,,,,,,0.03,,3.5,0.9,,,,134.0,,0.07,25.0,,85.5,0.58,,Spices and Herbs,"Gluten-Free,Vegan,Vegetarian",6,Fenugreek Leaves (Shanbalileh),100.0,40.0,0.8,,6.3
,,,1.2,,,,,162.0,,8.9,,875.0,,,0.076,,,45.0,,,,,,,3.2,,13.0,,,,,,,,,,,0.5,,,,,,,,,,,,,,,35.0,,0.187,,0.5,,,,,,,,,,,,,,,61.0,,384.0,,1.6,,0.08,,,,,,,,,,,,,,,0.6,,53.0,,,,,,,,0.08,,,0.3,,,,73.0,,0.09,13.0,,88.0,0.4,,Spices and Herbs,"Gluten-Free,Vegan,Vegetarian",6,Golpar (Angelica / Persian Hogweed),100.0,28.5,0.1,,6.0
,,,,,,,,,,1.0,,,,,,,,4.0,,,,,,,,,,,,,,,,,,,,,,,,,,,,,,,,,,,,,,,,,,,,,,,,,,,,,,,,,,,,,,,,,,,,,,,,,,,,,,,,,,,,,,,0.5,,,,,,,,,,99.0,,,Flavored or carbonated water,"Gluten-Free,Vegan,Vegetarian",6,Rose Petals/Rosewater,100.0,28.9,1.09,,5.5
,,,10.94,,,,,2130.0,,68.7,,3120.0,,32.1,0.69,,,272.0,1.58,1.58,1.58,,,,38.2,,154.0,,,,,,,,,,,37.88,,,,1800.0,,,,,,,,,,,377.0,,6.75,,4.07,,,,,,,,,,,,,,,104.0,,1051.0,,6.73,,0.21,,,,,,,,,,,,,,,4.6,,44.0,,,,,,,,0.332,,0.8,5.91,,,,260.0,,1.81,50.0,,7.72,4.3,,Spices and Herbs,"Gluten-Free,Vegan,Vegetarian",6,Savory (Marzeh),100.0,310.0,3.42,,6.5
,,,9.38,,,,,1139.0,,50.22,,5040.0,,49.3,0.83,,,295.0,0.443,2.112,1.956,,,,28.6,,274.0,,,,,,,,,,,32.3,,,,1200.0,,,,,,,,,,,347.0,,6.8,,8.97,,,,,,,,,,,,,,,313.0,,3020.0,,23.22,,0.334,,,,,,,,,,,,,,,4.5,,62.0,,,,,,,,0.2,,,7.24,,,,420.0,,1.4,50.0,,9.94,3.9,,Spices and Herbs,"Gluten-Free,Vegan,Vegetarian",6,Tarragon (Tarkhoon),100.0,312.4,1.05,,6.0
,,,,,,,,20.0,,67.5,,,,,,,,270.0,,,,,,,0.3,,,,,,,,,,,,,0.3,,,,,,,,,,,,,,,,,,,,,,,,,,,,,,,,,,,,500.0,,0.9,,,,,,,,,,,,,,,,,,,10.0,,,,,,,,,,64.9,0.3,,,,,,,,,30.0,,,Fruits and Fruit Juices,"Gluten-Free,Vegan,Vegetarian",6,Pomegranate Molasses,100.0,28.9,1.09,,3.0
,,,,,,,,10.0,,3.5,,,,,,,,15.0,,,,,,,,,,,,,,,,,,,,0.1,,,,,,,,,,,,,,,,,,,,,,,,,,,,,,,,,,,,150.0,,0.2,,,,,,,,,,,,,,,,,,,5.0,,,,,,,,,,2.5,0.1,,,,,,,,,95.5,,,Fruits and Fruit Juices,"Gluten-Free,Vegan,Vegetarian",6,Verjuice (Ab Ghooreh),100.0,28.9,1.09,,2.5
0.589,,0.589,5.04,1.006,148.0,,,148.0,8.0,56.63,,2908.0,,35.3,0.373,,0.134,318.0,2.515,9.608,3.26,,,,27.2,,105.0,105.0,105.0,,,,,1.52,0.471,0.279,,7.8,0.388,,0.669,3032.0,4075.0,0.589,,,,,2.441,,,,162.0,,1.916,0.219,8.718,8.991,0.617,,,,,,,,,,,2.52,0.443,293.0,175.0,2014.0,0.44,12.01,,0.919,,,,0.13,,2.148,,0.783,0.081,0.05,,,,,9.8,0.505,30.0,,12.0,,,,,,0.328,0.388,10.34,17.27,0.18,0.388,0.491,369.0,,3.085,76.4,,8.05,2.48,,Spices and Herbs,"Gluten-Free,Vegan,Vegetarian",6,Red Chili Powder / Flakes,100.0,10.4,2.98,0.002,5.5
,,,,,,,,,,,,,97.0,,,,,896.0,44.6,4.1,43.2,2.8,2.8,,,,,,,,,,,,,,,0.06,,,,,,,,0.03,2.8,0.2,41.6,,,,,,,,,3.6,0.5,,,,,,,,,,,,,,,,,,,,0.15,0.22,0.01,2.71,0.3,23.3,0.9,14.9,0.6,0.07,,,,0.03,,,,,,,,,,,,,,99.5,,,,,,,,,0.08,,,Fats and Oils,Keto,6,Animal Fat (Dumba / Liyya),100.0,,,0.232,6.5
0.078,,0.112,0.47,0.117,,0.1,,10.0,,18.7,,,,7.6,0.102,,0.007,83.0,0.126,0.12,0.12,,,,4.0,3.9,38.0,38.0,38.0,,7.45,,7.15,0.344,0.067,0.038,,0.3,0.046,,0.067,,,0.056,,,,,0.126,,,,12.0,,0.119,0.015,0.293,0.12,,,,,,,,,,,,0.377,0.043,36.0,,236.0,0.04,1.67,,0.053,,,,0.004,,0.082,,0.027,,,,,,,0.5,0.053,3.0,,,,,,,,0.067,0.046,13.67,1.17,0.007,0.026,0.06,,,0.075,10.2,,77.93,0.35,,Dried fruits,"Gluten-Free,Vegan,Vegetarian",6,Pomegranate (fresh seeds and dried/powdered anardana),100.0,16.4,0.6,,3.2
0.067,,0.08,0.7,0.16,,,,59.0,,14.15,,998.0,,7.1,0.048,,0.01,61.0,0.01,0.16,0.04,,,,1.8,,57.0,57.0,57.0,,,,,0.207,0.064,0.032,,2.1,0.064,,0.091,1600.0,,0.076,,,,,0.014,,,,28.0,,0.481,0.016,0.4,0.056,0.074,,,,,,,,,,,0.26,0.057,35.0,,180.0,0.055,1.5,,0.03,,,,,,0.035,,0.005,,,,,,,1.0,0.064,20.0,,,,,,,,0.06,0.054,3.9,0.3,0.012,0.034,0.08,83.0,,0.233,12.0,,83.25,0.12,,Vegetables and Vegetable Products,"Gluten-Free,Vegan,Vegetarian",6,Leek (Gandana),100.0,47.0,1.16,,6.2
0.169,,0.187,1.99,0.354,,,,243.0,,8.41,,2410.0,,10.4,0.24,,0.038,44.0,0.06,0.25,0.19,,,,6.8,,105.0,105.0,105.0,,,,,0.457,0.164,0.076,,5.08,0.145,,0.232,680.0,,0.169,,,,,0.064,,,,80.0,,1.179,0.038,1.706,0.079,0.166,,,,,,,,,,,0.339,0.149,73.0,,458.0,0.126,3.29,,0.266,,,,,,0.124,,0.06,,,,,,,0.8,0.134,30.0,,,,,,,,0.078,0.128,0.2,0.73,0.031,0.088,0.174,202.0,,0.158,13.3,,85.58,1.11,,Spices and Herbs,"Gluten-Free,Vegan,Vegetarian",6,Mint (especially wild varieties),100.0,414.7,1.74,,6.8
0.654,,0.589,5.36,1.053,,,,296.0,,56.63,,4828.0,,46.1,0.37,,0.169,318.0,2.067,9.778,3.26,,,,28.3,,106.0,,106.0,,,,,1.583,0.573,0.301,,16.32,0.536,,0.778,,5225.0,0.655,,,,,,,,,152.0,,2.458,0.198,8.706,,,,,,,,,,,,,2.508,0.505,293.0,,1340.0,0.449,12.01,,0.919,,,,,,,,,,,,,,,10.9,0.505,30.0,,,,,,,,0.328,0.449,10.34,17.27,0.136,0.354,0.612,408.0,,2.45,76.4,,8.8,2.48,,Spices and Herbs,"Gluten-Free,Vegan,Vegetarian",6,Red Chili Flakes,100.0,105.7,2.97,0.002,5.2
,,,99.8,,,,,,,,,,,,,,,,,,,,,,,,,,,,,,,,,,,,,,,,,,,,,,,,,,,,,,,,,,,,,,,,,,,,,,,,,,,,,,,,,,,,,,,,,,,,38758.0,,,,,,,,,,,,,,,,,,,,0.2,,,Spices and Herbs,"Gluten-Free,Vegan,Vegetarian",6,Salt (often local rock salt),100.0,,,,7.0
0.395,,0.435,7.84,0.923,,,,1890.0,,63.8,,2854.0,,26.6,0.767,,0.089,276.0,0.49,2.45,2.51,,,,37.0,,274.0,,274.0,,,,,1.258,0.399,0.218,,123.6,0.396,,0.589,,,0.547,,,,,,,,,220.0,,1.717,0.129,4.108,,,,,,,,,,,,,0.406,0.407,201.0,,814.0,0.312,9.11,,0.471,,,,,,,,,,,,,,,4.6,0.428,55.0,,,,,,,,0.081,0.36,1.7,7.49,0.098,0.244,0.477,238.0,,0.34,50.0,,7.86,6.1,,Spices and Herbs,"Gluten-Free,Vegan,Vegetarian",6,Thyme (especially wild mountain thyme),100.0,1714.5,7.5,,6.0
0.155,,0.106,2.66,0.706,,,,67.0,,62.64,,7780.0,,13.5,0.334,,0.015,241.0,0.17,0.137,0.034,,,,7.3,,10.0,,10.0,,16.79,,11.17,0.612,0.127,0.046,,2.66,0.095,,0.15,,,0.138,,,,,,,,,32.0,,0.235,0.019,2.502,,,,,,,,,,,,,0.24,0.091,71.0,,1162.0,0.076,3.39,,0.183,,,,,,,,,,,,,,,2.2,0.131,10.0,,,25.48,,,,,0.061,0.099,53.44,0.51,0.01,0.05,0.123,649.0,,0.14,1.0,,30.89,0.32,,Dried fruits,"Gluten-Free,Vegan,Vegetarian",6,"Apricots (fresh and dried, often used for oil and in dishes)",100.0,3.2,4.33,,4.0
0.038,,0.026,0.11,0.065,,,,24.0,25.0,0.06,,411.0,215.0,18.8,0.005,,0.007,717.0,21.021,3.043,51.368,3.273,2.08,1.19,,,3.0,,3.0,,,,,0.187,0.016,0.02,,0.02,0.05,0.06,0.091,,,0.076,0.38,,0.87,,19.38,0.25,0.14,,2.0,,0.002,0.024,0.042,2.22,0.76,,,,,,,,,,,0.11,0.043,24.0,39.0,24.0,0.094,0.85,684.0,0.034,2.5,2.67,,8.01,0.94,21.36,0.49,9.38,0.17,,,2.76,1.83,1.15,1.0,0.045,11.0,,10.0,,0.09,1.76,,,0.005,0.035,0.06,81.11,0.013,0.043,0.065,684.0,0.17,0.003,,1.3,15.87,0.05,Milk,Butter and animal fats,Vegetarian,6,Butter (clarified and regular),100.0,7.0,2.32,0.77,6.2
2.88,,1.06,3.84,2.16,,,,710.0,,1.34,,31.0,105.0,15.4,0.038,,0.19,404.0,9.299,1.38,20.916,1.06,,,,,40.0,40.0,40.0,,,,,7.1,0.66,0.91,,0.19,1.69,0.15,3.11,,,2.68,0.33,,0.77,,7.98,,,,28.0,,0.007,0.85,0.082,1.04,0.26,,,,,,,,,,,0.261,1.69,509.0,,98.0,3.28,22.87,335.0,0.493,0.82,0.96,,3.08,,10.02,,3.28,,,,0.92,0.64,0.56,28.5,1.89,621.0,,,,,0.78,,,0.034,1.14,0.52,33.31,0.38,1.79,1.97,349.0,1.23,0.052,,0.6,38.6,3.92,Milk,Cheese,Vegetarian,6,Cheese (local varieties),100.0,2.8,0.26,,5.8
0.33,,0.4,0.44,0.47,17.0,63.3,,15.0,2.0,76.31,,,,9.9,0.057,,0.19,364.0,0.158,0.671,0.147,,,,2.7,,194.0,31.0,194.0,111.0,,,,2.9,0.35,0.19,,4.64,0.37,,0.68,,,0.24,,,,,0.158,,,,22.0,,0.682,0.15,5.385,0.617,0.054,,,,,,,,,,,0.551,0.48,108.0,20.0,166.0,0.99,10.33,,0.402,,,,,,0.113,,0.024,,,,,,,23.9,0.52,2.0,68.9,5.0,0.22,,,,,0.713,0.29,0.22,1.02,0.13,0.27,0.48,,,0.04,,,11.9,0.68,Cereals containing gluten,Cereal Grains and Pasta,Vegetarian,6,Flour (used as a thickener in soups and stews),100.0,0.3,0.1,,6.4
0.246,,0.088,0.6,0.315,,,,39.0,,9.82,,,,12.3,0.06,,0.01,43.0,0.039,0.187,0.027,,,,1.7,,6.0,6.0,6.0,,5.3,,4.15,0.165,0.057,0.046,,1.85,0.049,,0.088,,,0.087,,,,,0.039,,,,18.0,,0.134,0.013,0.6,0.168,0.019,,,,,,,,,,,0.145,0.06,38.0,,194.0,0.08,1.44,,0.101,,,,,,0.027,,,,,,,,,0.6,0.063,10.0,,,0.17,,,,,0.029,0.049,9.62,0.39,0.01,0.029,0.076,,,0.05,36.4,,87.68,0.12,,Dried fruits,"Gluten-Free,Vegan,Vegetarian",6,Mulberries (fresh and dried),100.0,7.8,0.87,,6.5
0.8,,2.28,1.8,1.74,95.0,0.3,,98.0,2.0,13.71,,6.0,,39.2,1.586,,0.22,654.0,8.933,47.174,6.126,,,,6.7,,98.0,98.0,98.0,,2.43,,2.63,4.56,0.82,0.65,,2.91,0.8,,1.46,9.0,,0.89,,,0.089,,8.775,,,,158.0,,3.414,0.24,1.125,38.093,9.081,,,,,,,,,,,0.57,0.98,346.0,120.0,441.0,0.78,15.23,,0.15,,,,0.071,,4.545,,1.498,,,,,,,4.9,0.87,2.0,0.26,18.0,2.56,,,,,0.341,0.62,2.43,65.21,0.19,0.58,1.06,1.0,,0.537,1.3,,4.07,3.09,"Nuts,Nuts (walnuts)",Nuts and seeds,"Gluten-Free,Vegan,Vegetarian",12,Nuts (especially walnuts),100.0,2.7,0.7,,6.5
0.12,,0.19,5.3,0.36,,,,834.0,,74.96,,2919.0,,13.6,0.416,,0.02,313.0,0.11,0.341,0.536,,,,26.3,,180.0,180.0,180.0,,,,,0.45,0.11,0.06,,43.0,0.12,,0.18,6280.0,,0.17,,,,,0.11,,,,120.0,,8.167,0.05,2.006,0.278,0.063,,,,,,,,,,,0.203,0.12,113.0,,529.0,0.13,7.61,,0.421,,,,,,0.334,,0.202,,,,,,,3.7,0.11,23.0,,,,,,,,0.11,0.1,2.0,1.13,0.02,0.07,0.15,243.0,,1.74,46.5,,5.44,3.7,,Spices and Herbs,"Gluten-Free,Vegan,Vegetarian",6,Bay Leaves,100.0,6.2,4.95,,6.8
1.25,,0.77,5.2,2.44,,,,493.0,,4.09,,59.0,89.0,15.4,0.024,,0.19,265.0,5.28,0.41,14.95,0.72,0.55,0.17,,,49.0,49.0,49.0,,,,,6.08,0.5,0.6,,0.33,1.34,4.09,2.36,,,2.16,0.18,,0.42,0.11,4.57,,,,22.0,,0.006,0.64,0.685,0.36,0.05,,,,,,,,,,,0.298,1.23,337.0,27.0,100.0,2.51,14.21,131.0,0.34,0.78,0.98,0.13,2.58,0.22,7.27,0.1,2.83,,,,0.16,0.23,0.45,15.4,1.32,1116.0,,,,,0.55,,,0.187,0.85,4.09,21.28,0.24,1.34,1.66,180.0,1.7,0.219,,0.4,55.22,2.81,Milk,Cheese,Vegetarian,6,Feta Cheese,100.0,2.3,0.2,0.17,5.0
,,,5.6,,,,,148.0,,56.63,145.0,2195.0,,,0.372,255.0,,318.0,1.751,2.179,1.854,,,,27.2,,106.0,106.0,106.0,,,,,,,,,7.8,,,,2379.0,,,,,0.063,,1.657,,,,140.0,,1.89,,8.705,2.179,,,,,,,,,,,,2.529,,293.0,146.0,1650.0,,12.02,,0.919,,,,0.104,,1.237,,0.51,,,,,,,9.9,,30.0,,,,,,,,0.322,,10.3,14.3,,,,1537.0,,3.376,76.4,,8.84,2.48,,Spices and Herbs,"Gluten-Free,Vegan,Vegetarian",6,Red Pepper Flakes / Chili,100.0,105.7,29.83,0.002,5.5
0.26,,0.23,1.58,0.56,,,,207.0,,3.04,,23.0,48.0,15.9,0.021,,0.08,174.0,2.518,0.306,6.878,0.34,0.265,0.075,,,16.0,16.0,16.0,,,,,1.69,0.16,0.25,,0.19,0.54,3.04,1.01,,,0.85,0.081,,0.151,0.05,2.235,,,,11.0,,0.007,0.28,0.093,0.264,0.042,,,,,,,,,,,0.21,0.45,153.0,,105.0,0.89,11.33,139.0,0.224,0.33,0.41,0.027,1.096,0.076,3.308,0.047,1.52,,,,0.063,0.097,0.15,15.3,0.58,240.0,,,,,0.265,,,0.021,0.47,3.04,10.46,0.13,0.47,0.68,154.0,0.46,0.052,,0.2,72.5,0.93,Milk,Cottage/ricotta cheese,Vegetarian,6,"Cheese (Feta, Ricotta/Gjizë)",100.0,2.8,0.25,0.075,5.5
0.618,,0.335,0.65,0.57,,5.0,,11.0,18.0,78.4,,9.0,,14.8,0.068,,0.1,361.0,0.783,1.782,0.36,,,,4.6,,27.0,27.0,27.0,,0.02,,0.05,1.15,0.287,0.2,,1.26,0.297,,1.06,135.0,,0.22,,,0.026,,0.748,,,,62.0,0.05,0.229,0.19,1.693,1.72,0.062,,,,,,,,,,,0.551,0.388,144.0,119.0,173.0,0.548,6.9,,0.06,,0.009,,0.009,,0.301,,0.041,,,,,,,11.2,0.364,9.0,77.5,22.0,0.03,,,,,0.08,0.25,0.1,3.55,0.054,0.264,0.354,10.0,,0.147,,,10.5,0.5,Cereals containing gluten,Corn,"Gluten-Free,Vegan,Vegetarian",6,Corn Flour (Maize),100.0,0.3,0.22,,6.5
,,,3.69,,,,,834.0,,74.96,,2919.0,,,0.232,,,313.0,1.34,0.85,2.28,,,,26.3,,180.0,180.0,180.0,,,,,,,,,43.0,,,,620.0,,,,,,,1.34,,,,120.0,,8.167,,2.007,0.85,,,,,,,,,,,,0.201,,163.0,,529.0,,7.61,,0.421,,,,,,2.2,,0.08,,,,,,,3.8,,23.0,,,,,,,,0.1,,3.8,8.36,,,,237.0,,1.74,46.5,,5.44,3.7,,Spices and Herbs,"Gluten-Free,Vegan,Vegetarian",6,Laurel,100.0,7.7,1.79,,5.5
,10.59,,0.27,,,,,12.0,,2.61,,,,7.5,0.021,,,82.0,,,,,,,,,1.0,1.0,1.0,,,,,,,,,0.33,,,,,,,,,,,,,,,11.0,,0.096,,0.1,,,,,,,,,,,,,0.088,,27.0,,104.0,,0.07,,0.011,,,,,,,,,,,,,,,0.1,,5.0,,,,,,,,0.007,,0.62,,,,,,,0.087,,,85.4,0.06,,Wine,"Vegan,Vegetarian",6,White Wine,100.0,0.4,,,3.5
0.41,,0.386,1.06,0.852,,,,207.0,,5.1,,5.0,30.0,15.4,0.021,,0.093,138.0,2.059,0.231,4.909,,0.198,0.052,,,10.0,10.0,10.0,,,,,1.896,0.218,0.3,,0.16,0.64,5.1,1.085,,,0.875,0.089,0.02,0.334,0.038,1.578,,,,13.0,,0.007,0.312,0.093,0.167,0.063,,,,,,,,,,,0.27,0.551,200.0,2.0,166.0,0.999,11.27,65.0,0.215,0.252,0.292,0.016,0.887,0.08,2.28,0.045,0.931,,,,0.165,0.066,0.046,9.0,0.551,84.0,,,,,,,,0.02,0.485,5.1,7.92,0.151,0.584,0.723,65.0,0.32,0.038,0.3,0.2,74.5,0.74,Milk,Cottage/ricotta cheese,Vegetarian,6,Ricotta (Gjizë),100.0,0.3,0.16,,6.5
1.745,,1.696,10.15,2.812,,,,232.0,,,,,85.0,65.5,0.165,,0.31,210.0,2.802,2.903,2.227,,0.009,,,,9.0,9.0,9.0,,,,,4.159,1.293,0.746,,4.63,1.309,,2.124,,,2.446,0.093,,0.551,0.162,1.74,0.224,0.032,,31.0,,0.088,0.78,14.3,0.58,0.236,0.364,0.11,0.134,0.231,0.685,0.007,0.035,0.217,0.309,,0.669,1.316,350.0,,380.0,0.94,28.89,15.0,0.208,,0.007,0.008,0.57,0.047,1.246,0.034,0.279,0.019,0.007,,,,,55.3,1.164,1440.0,,,,,,,,0.021,1.233,,9.73,0.323,1.127,1.411,15.0,1.0,0.198,0.9,4.1,51.23,1.69,Fish,Fish,"Keto,Paleo,Pescatarian",6,Anchovies,100.0,,0.93,,6.5
0.052,,0.034,0.9,0.076,,,,49.0,,7.3,,100.0,,12.8,0.066,,0.01,31.0,0.016,0.062,0.035,,,,3.1,1.2,27.0,27.0,27.0,,1.79,,2.11,0.147,0.048,0.023,,0.7,0.046,,0.06,22.0,,0.058,,,0.001,,0.015,,,,49.0,,0.066,0.01,0.64,0.035,0.027,,,,,,,,,,,0.232,0.042,50.0,,414.0,0.047,1.24,9.0,0.032,,,,0.001,,0.028,,0.006,,,,,,,0.7,0.046,52.0,,,,,,,,0.06,0.038,3.93,0.2,0.015,0.029,0.052,9.0,,0.047,12.0,,90.21,0.17,,Vegetables and Vegetable Products,"Gluten-Free,Keto,Paleo,Vegan,Vegetarian",6,Fennel (wild and cultivated),100.0,6.2,0.27,,6.2
0.081,,0.073,0.71,0.187,,,,14.0,,8.81,,534.0,,13.8,0.129,42.0,0.015,40.0,0.024,0.144,0.07,,,,1.5,3.3,23.0,23.0,23.0,,2.16,,3.17,0.129,0.076,0.038,,1.03,0.075,,0.106,479.0,162.0,0.098,,,,,0.024,,,,23.0,,0.14,0.025,1.24,0.117,0.027,,,,,,,,,,,0.334,0.063,43.0,,322.0,0.063,1.87,48.0,0.091,,,,,,0.046,,0.024,,,,,,,0.3,0.081,9.0,,,,,,,,0.096,0.066,5.3,0.4,0.024,0.052,0.071,48.0,,0.509,143.7,,88.1,0.26,,Vegetables and Vegetable Products,"Gluten-Free,Keto,Paleo,Vegan,Vegetarian",6,Hot Peppers (Peperoncino),100.0,14.0,0.69,,5.0
,,,,,,,,161.0,,25.2,,,,,,,,97.0,0.033,0.046,0.03,,,,10.6,,,,30.0,,,,,,,,,0.8,,,,,,,,,,,,,,,11.0,,,,0.3,,,,,,,,,,,,,,,21.0,,210.0,,1.5,,0.09,,,,,,,,,,,,,,,,,3.0,,,,,,,,0.12,,16.58,0.2,,,,21.0,,0.176,136.0,,72.5,0.14,,Fruits and Fruit Juices,"Gluten-Free,Vegan,Vegetarian",6,Orange (zest and blossom water),100.0,14.1,0.93,,3.8
0.559,,0.399,1.33,1.139,,,,269.0,,3.04,,,51.0,23.4,0.027,,0.091,174.0,3.824,0.334,8.358,0.407,0.407,,,,,18.0,18.0,,,,,2.544,0.27,0.316,,0.28,0.706,3.04,1.157,,,0.959,0.051,0.016,0.198,0.017,3.392,0.024,0.009,,12.0,,0.006,0.29,0.13,0.232,0.063,0.01,0.015,0.008,0.011,,,,,,,0.41,0.608,203.0,,105.0,0.902,11.26,116.0,0.198,0.36,0.418,0.038,1.309,0.081,3.037,0.046,1.17,0.051,0.019,0.009,0.384,0.288,0.144,7.3,0.711,77.0,,,,,,,,0.03,0.493,3.04,12.98,0.169,0.612,0.768,117.0,0.24,0.035,,0.2,71.39,0.99,Milk,Cottage/ricotta cheese,Vegetarian,6,Ricotta Cheese,100.0,28.9,1.09,,6.3
,,,5.92,,,,,148.0,,56.63,106.0,15994.0,,,,,,318.0,3.528,9.071,3.26,,,,34.8,,,,48.0,,,,,,,,,7.8,,,,2697.0,492.0,,,,,,3.407,,,,152.0,,,,9.306,8.922,0.149,,,,,,,,,,,2.508,,293.0,,2014.0,,12.01,,0.919,,,,0.08,,2.185,,0.908,,,,,,,,,30.0,,,,,,,,0.32,,10.34,17.27,,,,2081.0,,2.45,76.4,,8.05,2.48,,Spices and Herbs,"Gluten-Free,Vegan,Vegetarian",6,Cayenne Pepper,100.0,80.3,29.83,0.002,5.5
,,,2.3,,,,,27.0,,6.8,,3360.0,,,,,,119.0,4.4,3.0,1.2,,,,3.0,,,,10.0,,,,,,,,,1.1,,,,400.0,,,,,,,,,,,26.0,,,,0.9,,,,,,,,,,,,,0.45,,54.0,,215.0,,2.1,,0.06,,,,,,,,,,,,,,,,,827.0,,,,,,,,0.05,,3.8,9.2,,,,280.0,,0.15,28.0,,79.5,0.28,,Sauces,"Gluten-Free,Vegan,Vegetarian",6,Harissa,100.0,4.6,0.9,,4.5
,,,,,,,,,,,,,,,,,,,,,,,,,,,,,,,,,,,,,,,,,,,,,,,,,,,,,,,,,,,,,,,,,,,,,,,,,,,,,,,,,,,,,,,,,,,,,,,,,,,,,,,,,,,,,,,,,,,100.0,,,Citrus fruits,"Gluten-Free,Vegan,Vegetarian",6,Orange Blossom Water,100.0,7.3,0.79,,6.5
,,,,,,,,700.0,,55.0,,,,,,,,320.0,,,,,,,25.0,,,,,,,,,,,,,20.0,,,,,,,,,,,,,,,250.0,,,,,,,,,,,,,,,,,,,,,1200.0,,12.0,,,,,,,,,,,,,,,,,,,50.0,,,,,,,,,,,12.0,,,,,,0.7,15.0,,8.0,4.0,,Spices and Herbs,"Gluten-Free,Vegan,Vegetarian",6,Ras el Hanout,100.0,70.0,7.0,,6.0
,,,,,,,,14.0,,8.81,20.0,534.0,,17.4,0.129,182.0,,40.0,0.02,0.19,0.04,,,,1.5,,23.0,23.0,23.0,,,,,,,,,1.03,,,,303.0,,,,,,,0.02,,,,23.0,,0.191,,1.05,0.01,0.18,,,,,,,,,,,,,43.0,,322.0,,1.87,,0.09,,,,,,0.03,,0.01,,,,,,,0.3,,9.0,,,,,,,,0.09,,5.3,0.44,,,,48.0,,0.506,144.0,,88.02,0.26,,Spices and Herbs,"Gluten-Free,Vegan,Vegetarian",6,Red Chili,100.0,14.3,3.22,0.002,5.0
,,,,,,,,,,,,,,,,,,1.0,,,,,,,,,,,,,,,,,,,,,,,,,,,,,,,,,,,,,,,,,,,,,,,,,,,,,,,,,,,,,,,,,,,,,,,,,,,,,,,,,,,,,,,,,,,,,,,,,99.9,,,Flavored or carbonated water,"Gluten-Free,Vegan,Vegetarian",6,Rosewater,100.0,7.3,0.79,,6.0
,,,,,130.0,,,,10.0,,,,,,,,,884.0,45.0,35.0,20.0,,,,,,,,,,,,,,,,,,,,,,,,,,,,43.0,,,,,,,,,34.0,0.2,,,,,,,,,,,,,,145.0,,,,,,,,,,,12.5,,5.5,,,,,,,,,,,5.0,,,,,,,,,100.0,,,,,,,,,,,,Fats and Oils,"Gluten-Free,Vegan,Vegetarian",6,Argan Oil,100.0,5.9,18.0,0.232,6.5
,,,,,,,,20.0,,4.0,,,,,,,,15.0,,,,,,,1.0,,,,,,,,,,,,,,,,,,,,,,,,,,,,,,,,,,,,,,,,,,,,,,,,,100.0,,,,,,,,,,,,,,,,,,,,,2000.0,,,,,,,,,,,,,,,,,,10.0,,80.0,,,Citrus fruits,"Gluten-Free,Vegan,Vegetarian",6,Preserved Lemons,100.0,6.0,0.28,,3.5
,,,,,,,,,,,,,256.0,,,,,899.0,28.7,3.2,61.9,,,,,,,,,,,,,,,,,,,,,,,,,,,,,,,,,,,,,,,,,,,,,,,,,,,,,,,,840.0,,,,,,,,,,,,,,,,1.1,,2.0,,,,,,,,,,,99.8,,,,840.0,,,,0.7,0.1,0.01,Milk,Butter and animal fats,Vegetarian,6,Smen (Fermented Butter),100.0,8.6,2.8,0.232,5.0
,,,11.3,,,,,1890.0,,63.9,,4550.0,,45.4,0.86,,,276.0,,,,,,,37.0,,,,274.0,,,,,,,,,124.0,,,,1895.0,,,,,,,,,,,220.0,,1.7,,4.9,,,,,,,,,,,,,0.41,,201.0,,814.0,,9.1,,0.47,,,,,,,,,,,,,,,4.6,,55.0,,,,,,,,0.05,,1.7,7.4,,,,380.0,,0.36,50.0,,8.3,6.1,,Spices and Herbs,"Vegan,Vegetarian",6,Wild Thyme (Za'atar),100.0,1715.0,7.5,,6.0
,,,8.7,,,,,27.0,,27.8,,,83.0,159.2,0.278,,,410.0,7.64,0.56,6.94,,,,,,,,11.0,,,,,,,,,3.75,,,,,,,,,,,,,,,56.0,,0.056,,12.113,,,,,,,,,,,,,0.833,,375.0,,561.0,,33.3,,0.407,,,,,,,,,,,,,,,40.3,,2264.0,,,,,,,,0.065,,,16.7,,,,,2.5,0.611,,,13.5,7.5,,Spices and Herbs,,6,Dried Meat (Achedluh/Gueddid),100.0,28.9,1.09,,6.2
,,,5.2,,107.0,,,148.0,,56.6,,6554.0,,82.3,0.372,,,318.0,3.54,9.38,3.26,,,,34.8,,,,106.0,,,,,,,,,7.8,,,,,,,,,,,,,,,152.0,,4.3,,8.65,,,,,,,,,,,,,2.52,,293.0,,2010.0,,12.0,,0.9,,,,,,,,,,,,,,,9.3,,30.0,,,,,,,,0.328,,10.3,17.3,,,,1090.0,,2.45,76.4,,8.9,2.5,,Spices and Herbs,"Vegan,Vegetarian",6,Cayenne Pepper / Red Chili,100.0,14.9,29.8,0.002,5.2
,,,8.7,,,,,27.0,,27.8,,,83.0,159.2,0.278,,,410.0,7.64,0.56,6.94,,,,,,,,11.0,,,,,,,,,3.75,,,,,,,,,,,,,,,56.0,,0.056,,12.113,,,,,,,,,,,,,0.833,,375.0,,561.0,,33.3,,0.407,,,,,,,,,,,,,,,40.3,,2264.0,,,,,,,,0.065,,,16.7,,,,,2.5,0.611,,,13.5,7.5,,Spices and Herbs,,6,Dried Meat (Gueddid),100.0,28.9,1.09,,6.2
,,,0.05,,25.0,,,4.0,24.0,,,,256.0,1.2,,,,899.0,28.7,3.69,61.9,,,,,,,,,,,,,,,,,0.01,,,,,,,,,,,,,,,1.0,,,,,,,,,,,,,,,,,,,3.0,54.0,5.0,,0.28,783.0,,,,,,,,,,,,,,,,2.2,,2.0,,5.0,,,,,,,,,99.5,,,,783.0,,,,1.6,0.2,0.01,Milk,Cheese,Vegetarian,6,Smen / Dhan (Fermented Butter),100.0,8.6,2.8,,5.0
,,,,,,,,26.0,,9.32,,3.0,,5.1,0.037,,,29.0,,,,,,,2.8,,11.0,11.0,11.0,,0.1,,0.1,,,,,0.6,,,,11.0,,,,,,,,,,,8.0,,0.03,,0.1,,,,,,,,,,,,,0.19,,16.0,,145.0,,1.1,,0.02,,,,,,,,,,,,,,,0.4,,2.0,,,2.3,,,,,0.04,,2.5,0.3,,,,1.0,,0.08,53.0,,88.98,0.06,,Fruits and Fruit Juices,"Gluten-Free,Vegan,Vegetarian",6,Lemon (fresh),100.0,,0.15,,2.2
,,,6.88,,,,,229.0,,57.59,,2786.0,,82.2,0.698,,,289.0,0.97,7.64,2.21,,,,34.9,,49.0,49.0,49.0,,,,,,,,,21.1,,,,23674.0,498.0,,,,,,,,,,178.0,,2.45,,14.07,,,,,,,,,,,,,2.0,,315.0,,2340.0,,13.99,,1.22,,,,,,,,,,,,,,,10.7,,68.0,,,,,,,,0.33,,10.34,12.89,,,,2463.0,,2.1,0.9,,8.35,4.33,,Spices and Herbs,"Gluten-Free,Vegan,Vegetarian",6,Paprika (sweet),100.0,80.3,29.1,0.002,5.0
,,,2.15,,,,,62.0,,77.14,,1.0,,10.9,0.318,,,300.0,0.046,0.076,0.138,,,,3.7,,3.0,3.0,3.0,,28.59,,29.82,,,,,1.6,,,,10.0,,,,,,,,,,,32.0,,0.2,,0.547,,,,,,,,,,,,,0.124,,98.0,,749.0,,3.29,,0.098,,,,,,,,,,,,,,,0.6,,11.0,,,0.08,,,,,0.106,,59.19,0.46,,,,,,0.207,3.2,,16.96,0.22,,Dried fruits,"Gluten-Free,Vegan,Vegetarian",6,Dried Fruits (Raisins),100.0,3.5,0.1,,4.0
,,,1.47,,,,,67.0,,3.67,,393.0,,12.8,0.225,,,23.0,,,,,,,2.8,,62.0,62.0,62.0,,0.08,,0.08,,,,,1.77,,,,865.0,,,,,,,,,,,26.0,,0.426,,1.114,,,,,,,,,,,,,0.57,,48.0,,521.0,,2.13,,0.162,,,,,,,,,,,,,,,0.9,,46.0,,,0.7,,,,,0.067,,0.87,0.52,,,,337.0,,0.149,27.0,,92.21,0.5,,Spices and Herbs,"Gluten-Free,Vegan,Vegetarian",6,Cilantro (Fresh),100.0,310.0,2.5,,6.2
0.21,,0.63,1.5,0.355,,,,181.0,,33.06,,5.0,,23.2,0.299,,0.065,149.0,0.012,0.045,0.086,,,,2.1,,3.0,3.0,3.0,,0.44,,0.5,0.569,0.171,0.098,,1.7,0.186,,0.291,16.0,,0.291,,,,,0.006,,,,25.0,,1.672,0.087,0.7,0.038,0.007,,,,,,,,,,,0.596,0.187,153.0,,401.0,0.153,6.36,,0.08,,,,,,0.081,,0.016,,,,,,,14.2,0.203,17.0,20.0,,0.06,,,,,0.2,0.142,1.0,0.5,0.062,0.125,0.236,,,1.235,31.2,,58.58,1.16,,Spices and Herbs,"Gluten-Free,Vegan,Vegetarian",6,Garlic (fresh and dried),100.0,1.7,0.08,,5.8
0.057,,0.042,0.35,0.113,,,,23.0,,9.34,,2.0,,6.1,0.039,,0.014,40.0,0.004,0.034,0.042,,,,1.7,,10.0,10.0,10.0,,2.05,,1.63,0.179,0.045,0.025,,0.21,0.034,,0.063,4.0,,0.063,,,,,0.003,,,,10.0,,0.129,0.014,0.116,0.027,0.007,,,,,,,,,,,0.123,0.042,29.0,,146.0,0.037,1.1,,0.027,,,,,,0.025,,0.003,,,,,,,0.5,0.045,4.0,,,0.56,,,,,0.046,0.034,4.24,0.1,0.012,0.023,0.045,,,0.12,7.4,,89.11,0.17,,Vegetables and Vegetable Products,"Gluten-Free,Vegan,Vegetarian",6,Onions (fresh and dried),100.0,0.4,0.02,,6.0
0.244,,0.34,7.66,0.463,,,,405.0,,24.45,,2854.0,,40.5,0.555,,0.066,101.0,0.046,0.744,0.298,,,,14.0,,45.0,45.0,45.0,,,,,0.596,0.254,0.098,,17.45,0.209,,0.373,1883.0,,0.354,,,,,0.04,,,,160.0,,1.717,0.066,1.824,0.274,0.47,,,,,,,,,,,0.409,0.264,106.0,,609.0,0.235,5.56,,0.34,,,,,,0.081,,0.043,,,,,,,4.6,0.226,9.0,,,,,,,,0.047,0.217,1.7,1.71,0.076,0.141,0.267,238.0,,0.348,160.1,,70.62,1.81,,Spices and Herbs,"Gluten-Free,Vegan,Vegetarian",6,Thyme (especially wild varieties),100.0,171.4,7.5,,6.0
0.064,,0.05,1.06,0.147,,,,49.0,,7.29,,1060.0,,11.2,0.066,,0.009,31.0,0.007,0.138,0.024,,,,3.1,,27.0,27.0,27.0,,0.53,,0.5,0.125,0.046,0.024,,0.73,0.046,,0.064,,,0.061,,,,,0.007,,,,17.0,,0.191,0.012,0.64,0.088,0.05,,,,,,,,,,,0.232,0.046,50.0,,414.0,0.035,1.24,,0.032,,,,,,0.013,,0.003,,,,,,,0.7,0.046,45.0,,,2.9,,,,,0.01,0.04,3.93,0.2,0.012,0.033,0.057,89.0,,0.045,12.0,,90.21,0.2,,Spices and Herbs,"Gluten-Free,Vegan,Vegetarian",6,Wild Fennel,100.0,62.8,0.67,,6.5
0.106,,0.072,2.72,0.187,,,,43.0,,63.88,,451.0,,10.3,0.281,,0.014,240.0,0.01,0.084,0.027,,,,7.1,,4.0,4.0,4.0,,14.15,,13.91,0.286,0.098,0.038,,0.93,0.076,,0.126,,,0.082,,,,,0.006,,,,41.0,0.02,0.137,0.014,1.882,0.076,0.008,,,,,,,,,,,0.422,0.076,69.0,,732.0,0.102,2.18,,0.186,,,,,,0.015,,0.007,,,,,,,0.3,0.106,2.0,,,0.4,,,,,0.051,0.07,38.13,0.38,0.009,0.046,0.091,38.0,,0.205,0.6,,30.92,0.23,,Dried fruits,"Gluten-Free,Vegan,Vegetarian",6,"Dried Fruits (Prunes, Apricots, Raisins)",100.0,59.5,0.43,,3.9
,,,0.7,,,0.6,,85.0,,97.33,,,,2.3,0.02,,,377.0,0.01,0.01,0.05,,,,,,2.0,2.0,2.0,,0.24,,0.23,,,,,0.71,,,,,,,,,,,0.01,,,,29.0,,0.02,,0.076,0.01,,,,,,,,,,,,0.129,,8.0,,133.0,,0.12,,0.007,,,,,,0.04,,0.01,,,,,,,0.7,,28.0,,,95.74,,,,,0.008,,96.21,0.08,,,,,,0.03,,,1.77,0.05,,Sugars and honey,"Gluten-Free,Vegan,Vegetarian",6,Brown Sugar,100.0,,0.02,,6.5
0.084,,0.098,1.48,0.233,,0.1,,67.0,,3.67,20.0,3930.0,,10.4,0.08,,0.01,23.0,0.026,0.26,0.013,,,,2.8,,62.0,62.0,62.0,,0.27,,0.33,0.197,0.065,0.036,,1.77,0.086,,0.13,865.0,,0.125,,,,,0.026,,,,26.0,,0.43,0.025,1.114,0.22,0.03,,,,,,,,,,,0.57,0.076,48.0,,521.0,0.068,2.13,,0.162,,,,,,0.009,,0.004,,,,,,,0.9,0.086,46.0,,,0.27,,,,,0.067,0.079,0.87,0.52,0.026,0.046,0.093,337.0,,0.14,27.0,,92.21,0.5,,Spices and Herbs,"Gluten-Free,Vegan,Vegetarian",6,Cilantro / Coriander,100.0,310.0,0.51,,6.5
0.165,,0.362,1.3,0.306,28.0,0.6,,26.0,3.0,56.4,,,,14.0,0.33,,0.068,526.0,1.5,0.4,29.7,,,,6.4,,26.0,26.0,26.0,,4.6,,4.7,0.741,0.169,0.095,,2.5,0.13,,0.231,,,0.141,0.022,,0.05,,1.4,,,,89.0,,1.5,0.082,0.6,0.36,0.04,,,,,,,,,,,0.27,0.155,148.0,36.0,378.0,0.126,3.7,,0.02,2.1,14.6,,6.3,,3.5,,2.6,0.08,,,,,2.4,9.3,0.174,53.0,,4.0,40.9,,,,,0.06,0.117,50.2,33.5,0.041,0.091,0.191,,,0.04,0.9,,3.0,0.66,"Milk,Nuts,Nuts (coconut)",Nuts and seeds,Vegetarian,6,"Coconut (milk, cream, and grated)",100.0,0.5,0.1,,6.5
0.028,,0.046,0.5,0.076,2.0,,,33.0,,10.54,,6.0,,8.3,0.05,,0.007,30.0,0.01,0.03,0.01,,,,2.8,,8.0,8.0,8.0,,0.5,,0.5,0.106,0.027,0.014,,0.6,0.023,,0.038,18.0,,0.039,,,,,0.01,,,,6.0,,0.01,0.007,0.1,0.03,,,,,,,,,,,,0.18,0.023,10.0,2.0,102.0,0.026,0.7,,0.02,,,,,,0.01,,,,,,,,,0.6,0.023,2.0,,,0.7,,,,,0.03,0.014,1.7,0.2,0.007,0.014,0.028,1.0,,0.05,29.1,,88.26,0.08,,Fruits and Fruit Juices,"Gluten-Free,Vegan,Vegetarian",6,Lime (Moli),100.0,0.6,0.12,,2.4
0.088,,0.201,0.5,0.187,2.0,0.5,,16.0,,3.4,,,,10.2,0.14,,0.034,197.0,0.9,0.2,18.8,,,,2.2,,16.0,16.0,16.0,,0.2,,0.2,0.403,0.091,0.049,,1.6,0.076,,0.127,,,0.08,0.012,,0.03,,0.8,,,,36.0,,0.9,0.046,0.8,0.18,0.02,,,,,,,,,,,0.1,0.084,84.0,3.0,224.0,0.07,2.0,,0.02,1.3,9.3,,4.0,,2.2,,1.6,0.05,,,,,1.5,10.1,0.101,15.0,,1.0,1.8,,,,,0.04,0.063,2.2,21.3,0.026,0.046,0.1,,,0.05,2.8,,79.8,0.63,"Milk,Nuts,Nuts (coconut)",Plant-based milk,"Gluten-Free,Vegan,Vegetarian",6,"Coconut (milk, cream, oil)",100.0,0.7,0.15,,6.5
,,,99.83,,,,,,,,,,,,,,,,,,,,,,,,,,,,,,,,,,,,,,,,,,,,,,,,,,,,,,,,,,,,,,,,,,,,,,,,,,,,,,,,,,,,,,,,,,,,38758.0,,,,,,,,,,,,,,,,,,,,0.17,,,Spices and Herbs,"Gluten-Free,Vegan,Vegetarian",6,Salt / Sea Salt,100.0,,,,7.0
,,,,,,,,85.0,,97.3,,,,1.5,0.063,,,380.0,,,,,,,,,,,1.0,,0.17,,0.17,,,,,0.77,,,,,,,,,,,,,,,29.0,,0.117,,0.067,,,,,,,,,,,,,0.091,,12.0,,220.0,,,,0.007,,,,,,,,,,,,,,,1.2,,28.0,,,95.8,,,,,0.008,,96.2,,,,,,,0.03,,,1.78,0.1,,Sugars and honey,"Gluten-Free,Vegan,Vegetarian",6,Sugar / Brown Sugar,100.0,,1.09,,6.8
,,,,,,,,107.0,,9.37,,2892.0,,,0.155,,,42.0,0.038,0.153,0.076,,,,3.7,,131.0,131.0,131.0,,,,,,,,,1.49,,,,9740.0,,,,,,,,,,,45.0,,0.366,,1.493,,,,,,,,,,,,,,,60.0,,634.0,,3.27,,0.491,,,,,,,,,,,,,,,0.9,,3.0,,,,,,,,0.208,,1.34,0.41,,,,241.0,,0.198,52.0,,85.83,0.33,,Vegetables and Vegetable Products,"Gluten-Free,Vegan,Vegetarian",6,Taro Leaves (Lu'au),100.0,108.6,1.55,,7.2
,,,,,,,,,,,,,,,,,,,,,,,,,,,,,,,,,,,,,,,,,,,,,,,,,,,,,,,,,,,,,,,,,,,,,,,,,,,,,,,,,,,,,,,,,,,,,,,,,,,,,,,,,,,,,,,,,,,,,,Spices and Herbs,"Gluten-Free,Vegan,Vegetarian",6,Ti Leaves,100.0,28.9,1.09,,6.5
,,,,,,,,82.0,,65.3,,34.0,,,0.38,,,333.0,0.9,4.5,0.7,,,,19.0,,,,73.0,,,,,,,,,4.7,,,,,,,,,,,,,,,82.0,,0.45,,4.4,,,,,,,,,,,,,,,90.0,,732.0,,3.7,,0.12,,,,,,,,,,,,,,,4.8,,27.0,,,,,,,,0.4,,,13.0,,,,3.0,,0.2,11.1,,13.6,0.9,,Spices and Herbs,"Gluten-Free,Vegan,Vegetarian",6,Juniper Berries,100.0,7.1,0.4,,3.5
0.36,,0.26,0.95,0.64,,,,3.0,,4.1,,2.0,,17.3,0.318,,0.06,22.0,0.006,0.187,0.034,,,,2.5,,38.0,38.0,38.0,,,,,1.02,0.19,0.08,,0.5,0.16,,0.25,,,0.24,,,0.002,,0.004,,,,9.0,,0.141,0.06,3.607,0.177,0.01,,,,,,,,,,,1.52,0.16,86.0,26.0,318.0,0.13,3.09,,0.402,,,,,,0.032,,0.002,,,,,,,9.3,0.2,5.0,,2.0,,,,,,0.081,0.17,2.04,0.34,0.04,0.1,0.22,,0.04,0.11,2.1,0.2,91.82,0.52,,Not included in a food category,"Vegan,Vegetarian",6,Mushrooms (especially wild),100.0,0.1,0.01,,6.5
,10.6,,0.17,,,,,9.0,,2.64,,,,6.3,0.016,,,85.0,,,,,,,,5.6,1.0,1.0,1.0,,0.05,,0.05,,,,,0.69,,,,,,,,,,,,,,,11.0,,0.095,,0.09,,,,,,,,,,,,,0.104,,18.0,,99.0,,0.07,,0.021,,,,,,,,,,,,,,,0.1,,4.0,,,,,,,,0.005,,0.1,,,,,,0.01,0.063,,,86.5,0.1,,Wine,"Vegan,Vegetarian",6,Wine (for cooking),100.0,0.4,,,3.5
,,,1.8,,,,,7.0,,3.32,,15.0,17.0,36.8,0.021,,,664.0,14.996,36.65,11.141,0.36,0.19,0.17,0.1,,12.0,12.0,12.0,,0.06,,0.03,,,,,0.2,,,,13.0,,,,,0.134,,14.545,0.071,,,5.0,,0.016,,0.061,32.067,4.583,,,0.046,0.007,,,,,,,0.125,,15.0,,28.0,,1.37,50.0,0.061,,,,0.082,,7.527,0.038,3.238,0.158,0.086,,,,,2.4,,439.0,,,0.22,,0.19,,,0.037,,0.41,72.43,,,,50.0,0.24,0.038,0.4,0.8,20.78,0.15,Eggs,Vegetables and Vegetable Products,Vegetarian,6,Allioli (Garlic and Oil Sauce),100.0,30.3,15.01,0.17,4.5
0.449,,0.985,5.3,0.816,,15.4,80.0,73.0,,45.9,,1.0,3.0,103.7,1.766,,0.119,516.0,12.387,1.343,22.614,0.007,0.007,,13.6,,32.0,32.0,32.0,,0.33,,0.22,1.745,0.448,0.297,,11.9,0.457,0.04,0.803,22.0,,0.485,,,0.183,,11.666,0.052,,,146.0,,1.309,0.141,1.066,1.233,0.11,,,,,,,,,,,0.297,0.551,349.0,36.0,650.0,0.623,8.8,2.0,0.1,0.003,0.045,,0.258,0.038,13.687,0.081,8.324,0.177,,,,,,3.5,0.536,16.0,5.65,6.0,0.19,0.007,,,802.0,0.053,0.334,0.78,35.3,0.126,0.366,0.53,2.0,0.24,0.047,,,1.52,3.31,"Milk,Soybeans",Sauces,Vegetarian,6,Chocolate (in savory sauces),100.0,7.3,0.5,,5.5
0.596,,0.778,5.1,1.373,,,,709.0,,54.99,,12.0,,24.6,0.975,,0.176,298.0,14.008,3.172,0.966,0.038,0.038,,41.9,,24.0,24.0,24.0,,0.9,,0.33,2.223,0.612,0.279,,16.32,0.457,,0.781,,,0.757,,,0.088,,13.682,0.22,,,336.0,,1.897,0.187,3.17,2.99,0.182,,,,,,,,,,,0.318,0.493,384.0,,1267.0,0.457,12.37,,0.162,,,,0.013,,0.72,,0.233,,,,,,,3.8,0.559,35.0,,,0.22,,0.038,,,0.233,0.43,0.9,17.77,0.134,0.225,0.627,1.0,,0.168,21.0,,8.8,4.7,,Spices and Herbs,"Vegan,Vegetarian",6,Coriander,100.0,13.7,3.33,0.002,7.0
0.17,,0.13,,0.297,,,,7.0,,6.12,,,,15.1,0.267,,0.019,26.0,,,,,,,3.9,,29.0,29.0,29.0,,,,,0.643,0.134,0.06,,0.85,0.113,,0.18,,,0.15,,,,,,,,,18.0,,0.198,0.046,3.63,,,,,,,,,,,,,1.23,0.11,97.0,,350.0,0.089,2.71,,0.457,,,,,,,,,,,,,,,3.5,0.13,6.0,,,,,,,,0.158,0.112,1.52,0.56,0.026,0.063,0.155,,,0.081,3.3,3.1,88.6,0.78,,Vegetables and Vegetable Products,"Gluten-Free,Vegan,Vegetarian",6,Mushrooms (wild),100.0,0.1,0.01,,6.5
,,,,,,58.1,,229.0,,53.99,300.0,15764.0,,58.1,0.858,622.0,,289.0,0.966,6.12,2.29,,,,34.9,,49.0,49.0,49.0,,3.07,,2.71,,,,,21.1,,,,10650.0,,,,,0.063,,0.875,,,,178.0,,2.2,,10.4,5.8,0.29,,,,,,,,,,,2.52,,314.0,,2280.0,,13.9,,1.37,,0.016,,0.046,,1.74,,0.21,,,,,,,6.3,,68.0,17.7,,4.56,,,,,0.33,,10.34,12.9,,,,2463.0,,2.14,3.9,,9.68,4.33,,Spices and Herbs,"Gluten-Free,Vegan,Vegetarian",6,Paprika (sweet and hot),100.0,80.3,29.1,0.002,5.5
,,,,,,,,175.0,,56.6,,56396.0,,41.8,0.8,,,318.0,0.98,8.4,2.58,,,,25.2,,108.0,108.0,108.0,,,,,,,,,12.5,,,,2032.0,,,,,,,,,,,152.0,,2.3,,6.6,,,,,,,,,,,,,1.5,,350.0,,2340.0,,12.3,,0.45,,,,,,,,,,,,,,,3.8,,16.0,,,,,,,,0.19,,30.4,15.7,,,,5019.0,,1.5,70.3,,9.23,2.5,,Spices and Herbs,"Gluten-Free,Vegan,Vegetarian",6,"Red Pepper (dried, ñora/nyora)",100.0,105.7,1.4,0.002,5.5
,,,,,,0.1,,,,,,,95.0,0.1,,,,896.0,45.1,11.2,39.2,0.36,0.23,0.13,,,,,,,,,,,,,,,,,,,,,0.1,,2.6,0.1,41.6,0.1,,,,,,,,9.8,1.0,,,,0.1,,,,,,,,,,,,,,,,,0.06,,1.23,0.07,23.2,0.2,14.3,0.1,0.03,,,,,,,,,,,,0.23,,,,,,99.5,,,,,,,,0.7,,,,Butter and animal fats,,6,Animal Fat / Lard,100.0,0.1,0.6,0.13,6.8
0.85,,0.93,,1.34,,,,10.0,,,,,80.0,70.2,0.062,,0.16,387.0,16.9,4.64,12.8,0.07,0.07,,,,1.0,1.0,1.0,,,,,2.2,0.69,0.58,,0.78,0.72,,1.2,,,1.34,,,1.6,,14.9,,,,17.0,,0.007,0.39,4.05,4.01,0.45,,,,,,,,,,,0.64,0.6,164.0,,234.0,0.6,14.6,,0.217,,,,0.44,,7.82,,4.54,,,,,,,16.8,0.62,1390.0,,,,,0.07,,,0.339,0.68,,36.2,0.15,0.51,0.8,,0.41,0.26,,0.6,35.3,1.67,,Not included in a food category,,6,Cured Meats (as a flavor base),100.0,0.4,0.2,,6.0
,,,0.48,,,,,14.0,,8.81,,480.0,,25.2,0.129,,,40.0,0.024,0.082,0.046,,,,1.5,,23.0,23.0,23.0,,2.66,,2.66,,,,,1.03,,,,569.0,,,,,0.012,,0.012,,,,23.0,,0.22,,0.93,0.063,0.019,,,,,,,,,,,0.334,,43.0,,322.0,,1.87,,0.091,,,,0.003,,0.031,,0.011,,,,,,,0.5,,9.0,,,,,,,,0.094,,5.3,0.4,,,,48.0,,0.506,143.7,,88.02,0.26,,Spices and Herbs,"Gluten-Free,Vegan,Vegetarian",6,Chili (Piri-piri / Gindungo),100.0,14.0,0.69,0.002,5.0
,,,,,,,,,,,12240.0,18360.0,,,,,,884.0,37.04,10.5,49.3,,,,,,,,,,,,,,,,,,,,,,,,,,0.207,,36.833,,,,,,,,,9.689,0.803,,,,,,,,,,,,,,71.0,,,,,,0.007,0.021,,0.741,,43.957,,4.266,0.245,0.054,0.005,,,,,,,,,,,,,,,,,100.0,,,,2550.0,,,,,,,,Fats and Oils,"Gluten-Free,Vegan,Vegetarian",6,Palm Oil (Red),100.0,8.1,15.9,,6.8
,,,0.48,,,,,14.0,,8.81,,480.0,,25.2,0.129,,,40.0,0.024,0.082,0.046,,,,1.5,,23.0,23.0,23.0,,2.66,,2.66,,,,,1.03,,,,569.0,,,,,0.012,,0.012,,,,23.0,,0.22,,0.93,0.063,0.019,,,,,,,,,,,0.334,,43.0,,322.0,,1.87,,0.091,,,,0.003,,0.031,,0.011,,,,,,,0.5,,9.0,,,,,,,,0.094,,5.3,0.4,,,,48.0,,0.506,143.7,,88.02,0.26,,Spices and Herbs,"Gluten-Free,Vegan,Vegetarian",6,Chili (Gindungo / Piri-piri),100.0,14.0,0.69,0.002,5.2
,,,1.7,,,,,162.0,,14.4,,3342.0,,,0.197,,,71.0,0.06,0.22,0.12,,,,2.4,,274.0,274.0,274.0,,,,,,,,,4.9,,,,252.0,,,,,,,,,,,62.0,,0.856,,1.37,0.16,0.06,,,,,,,,,,,0.106,,63.0,,201.0,,6.5,,0.28,,,,,,,,,,,,,,,0.9,,16.0,,,,,,,,0.23,,,1.0,,,,278.0,,0.19,310.0,,76.4,0.26,,Vegetables and Vegetable Products,"Gluten-Free,Vegan,Vegetarian",6,Cassava Leaves (Nsaka),100.0,85.8,1.02,,6.5
1.096,,3.149,2.1,3.033,176.0,,,92.0,16.0,16.13,,1.0,,52.4,1.144,,0.284,567.0,24.436,15.558,6.892,,,,8.5,,240.0,240.0,240.0,,0.14,,0.14,5.148,1.503,0.648,,4.58,0.999,,1.691,,,0.944,0.009,,0.088,,23.606,0.718,0.005,0.005,168.0,,1.934,0.284,12.066,15.545,0.103,,0.006,,,,,,,,,1.767,1.341,376.0,209.0,705.0,1.229,25.8,,0.135,0.016,0.014,,0.093,,4.21,,2.05,0.334,0.099,0.005,,,,7.2,1.246,18.0,0.44,17.0,4.18,,,,,0.64,0.789,4.7,49.2,0.297,1.055,1.178,,,0.348,,,6.5,3.27,"Nuts,Peanuts",peas,"Gluten-Free,Vegan,Vegetarian",6,Peanuts (Ginguba),100.0,0.7,8.33,,6.5
,,,,,,,,14.0,,8.81,29.0,534.0,,,0.129,,,40.0,,,,,,,1.5,,,,23.0,,,,,,,,,1.03,,,,915.0,,,,,,,,,,,23.0,,0.191,,1.02,,,,,,,,,,,,,,,43.0,,322.0,,1.87,,0.08,,,,,,,,,,,,,,,0.5,,9.0,,,,,,,,0.07,,5.3,0.44,,,,48.0,,0.51,144.0,,88.02,0.26,,Spices and Herbs,"Gluten-Free,Vegan,Vegetarian",6,Chili (Gindungo),100.0,14.0,0.69,0.002,5.2
,,,,,,,,121.0,,4.66,,,13.0,,0.007,,,61.0,0.8,0.1,2.1,,,,,,,,5.0,,,,,,,,,0.05,,4.66,,,,,,,,,,,,,12.0,,0.005,,0.083,,,,,,,,,,,,,,,95.0,,155.0,,3.47,27.0,0.183,,,,,,,,,,,,,,,2.2,,46.0,,,,,,,,0.03,,4.66,3.25,,,,27.0,0.37,0.046,0.7,,87.9,0.41,Milk,Cheese,Vegetarian,6,Fermented Milk (as a souring agent and flavor base),100.0,0.1,0.06,,4.2
,,,,,,,,4.0,,,,,256.0,,,,,900.0,28.7,3.7,61.9,1.0,0.8,0.2,,,,,,,,,,,,,,,,,,,,,,,,,25.8,,,,,,,,,2.8,0.8,,,,,,,,,,,,,3.0,,5.0,,0.28,840.0,,2.4,2.7,,10.3,,27.6,,10.0,,,,3.1,1.8,1.1,1.0,,2.0,,,,,0.8,,,,,,99.5,,,,840.0,0.02,,,,0.2,0.01,Milk,Butter and animal fats,Vegetarian,6,Ghee / Clarified Butter,100.0,8.6,2.8,0.2,6.5
,,,,,,,,45.0,,15.3,,,,,1.2,,,590.0,15.7,22.3,9.3,,,,10.0,,,,58.0,,,,,,,,,7.3,,,,,,,,,,,15.5,,,,320.0,,1.5,,2.5,22.3,,,,,,,,,,,,,,940.0,,610.0,,28.3,,0.21,,,,,,,,,,,,,,,4.0,,20.0,,,,,,,,0.15,,0.9,47.3,,,,,,0.08,,,5.3,7.2,,Nuts and seeds,Vegan,6,Melon Seeds (egusi),100.0,13.4,2.8,,6.5
,,,,,,,,99.0,,3.63,,5626.0,,,0.13,,,23.0,,,,,,,2.2,,194.0,194.0,194.0,,,,,,,,,2.71,,,,12198.0,,,,,,,,,,,79.0,,0.897,,0.724,,,,,,,,,,,,,,,49.0,,558.0,,2.86,,0.189,,,,,,,,,,,,,,,1.0,,79.0,,,,,,,,0.078,,0.42,0.39,,,,469.0,,0.195,28.1,,91.4,0.53,,Vegetables and Vegetable Products,Vegan,6,Wild Greens / Herbs,100.0,482.9,2.03,,6.0
,,,0.71,,,0.5,,18.0,,8.8,30.0,520.0,,13.6,0.129,3.0,,40.0,0.032,0.155,0.05,,,,1.5,,23.0,23.0,23.0,,,,,,,,,1.03,,,,754.0,,,,,,,,,,,32.0,,0.22,,5.1,,,,,,,,,,,,,,,43.0,,322.0,,1.87,,0.09,,,,,,,,,,,,,,,0.5,,9.0,,,,,,,,0.09,,5.3,0.4,,,,48.0,,0.506,242.5,,88.02,0.27,,Fruits and Fruit Juices,"Gluten-Free,Vegan,Vegetarian",6,Chili Peppers (especially Scotch Bonnet),100.0,14.9,0.69,,4.8
,,,3.48,,,,,13.0,,1.63,,780.0,,10.6,0.038,,,12.0,0.038,0.183,0.02,,,,1.6,,10.0,10.0,10.0,,,,,,,,,0.45,,,,,,,,,,,,,,,13.0,,0.126,,1.32,,,,,,,,,,,,,,,22.0,,166.0,,0.63,,0.05,,,,,,,,,,,,,,,0.4,,1680.0,,,,,,,,0.04,,,0.36,,,,65.0,,0.136,4.5,,93.9,0.13,,Sauces,"Gluten-Free,Vegan,Vegetarian",6,Hot Sauce,100.0,10.4,0.68,,3.5
,,,4.67,,,,,661.0,,72.12,,228.0,,54.6,0.228,,,263.0,0.457,2.564,2.333,,,,21.6,,109.0,109.0,109.0,,,,,,,,,7.0,,,,302.0,,,,,,,,,,,135.0,,2.712,,2.9,,,,,,,,,,,,,,,113.0,,1044.0,,6.09,,0.06,,,,,,,,,,,,,,,2.8,,21.0,,,,,,,,0.106,,,8.69,,,,19.0,,0.177,0.7,,8.43,2.16,,Spices and Herbs,"Gluten-Free,Vegan,Vegetarian",6,Allspice (Pimento),100.0,23.2,0.71,0.002,6.0
,,,0.48,,,,,10.0,,6.03,,1624.0,,5.6,0.125,,,31.0,0.012,0.158,0.03,,,,2.1,,46.0,46.0,46.0,,,,,,,,,0.43,,,,487.0,,,,,,,,,,,14.0,,0.117,,0.805,,,,,,,,,,,,,,,26.0,,211.0,,0.99,,0.028,,,,,,,,,,,,,,,0.1,,3.0,,,,,,,,0.057,,4.24,0.3,,,,157.0,,0.28,127.7,,92.2,0.2,,Fruits and Fruit Juices,"Gluten-Free,Vegan,Vegetarian",6,Bell Peppers,100.0,4.9,3.16,,5.0
,,,0.71,,,0.5,,18.0,,8.8,30.0,520.0,,13.6,0.129,3.0,,40.0,0.032,0.155,0.05,,,,1.5,,23.0,23.0,23.0,,,,,,,,,1.03,,,,754.0,,,,,,,,,,,32.0,,0.22,,5.1,,,,,,,,,,,,,,,43.0,,322.0,,1.87,,0.09,,,,,,,,,,,,,,,0.5,,9.0,,,,,,,,0.09,,5.3,0.4,,,,48.0,,0.506,242.5,,88.02,0.27,,Fruits and Fruit Juices,"Gluten-Free,Vegan,Vegetarian",6,Scotch Bonnet Peppers,100.0,14.9,0.69,,4.5
,,,,,,,,14.0,,8.8,,534.0,,,0.137,,,40.0,0.027,0.058,0.029,,,,1.5,,23.0,23.0,23.0,,,,,,,,,1.0,,,,550.0,,,,,0.003,,0.024,,,,23.0,,0.191,,1.244,0.046,0.012,,,,,,,,,,,0.32,,43.0,,322.0,,1.87,,0.086,,,,0.001,,0.021,,0.003,,,,,,,0.3,,9.0,,,,,,,,0.076,,5.1,0.22,,,,48.0,,0.506,242.5,,88.02,0.26,,Spices and Herbs,"Gluten-Free,Vegan,Vegetarian",6,Chili Peppers,100.0,14.0,0.69,0.002,4.8
,,,1.02,,,,,14.0,,15.23,,,,15.3,0.435,,,354.0,1.43,0.366,29.695,,,,9.0,,26.0,26.0,26.0,,0.89,,0.99,,,,,2.43,,,,,,,0.013,,0.061,,1.328,0.024,,,32.0,,1.503,,0.547,0.334,0.032,,,,,,,,,,,0.301,,113.0,,356.0,,3.33,,0.022,1.748,15.019,,5.689,,2.816,,0.838,0.033,,,0.03,0.207,2.784,10.1,,20.0,,,4.35,,,,,0.066,,6.23,33.48,,,,,,0.054,3.3,,46.99,1.1,"Nuts,Nuts (coconut)",Fruits and Fruit Juices,"Gluten-Free,Vegan,Vegetarian",6,Coconut / Coconut Milk,100.0,,0.24,,6.5
,,,,,,,,200.0,,70.0,,,,,,,,375.0,,,,,,,20.0,,,,,,,,,,,,,5.0,,,,,,,,,,,,,,,,,,,,,,,,,,,,,,,,,,,,,,10.0,,,,,,,,,,,,,,,,,,,,,,,,,,,,,,5.0,,,,,,,,,,,,Spices and Herbs,"Gluten-Free,Vegan,Vegetarian",6,Annatto (Achiote),100.0,56.3,10.22,0.002,6.2
,,,1.49,,,,,67.0,,3.67,,3937.0,,12.8,0.246,,,23.0,0.021,0.198,0.016,,,,2.8,,62.0,62.0,62.0,,0.47,,0.4,,,,,1.77,,,,865.0,,,,,0.002,,0.019,,,,26.0,,0.333,,1.114,0.089,0.109,,,,,,,,,,,0.2,,48.0,,521.0,,2.13,,0.162,,,,,,0.013,,0.003,,,,,,,0.9,,46.0,,,,,,,,0.063,,0.87,0.52,,,,337.0,,0.149,27.0,,92.21,0.5,,Spices and Herbs,"Gluten-Free,Vegan,Vegetarian",6,Cilantro / Culantro (Shado Beni),100.0,310.0,1.58,,6.5
,,,0.78,,,,,16.0,,5.46,,,,11.1,0.207,,,230.0,1.009,0.249,21.109,,,,2.2,,16.0,16.0,16.0,,,,,,,,,1.64,,,,,,,0.01,,0.05,,0.93,0.019,,,37.0,,0.916,,0.301,0.226,0.023,,,,,,,,,,,0.199,,100.0,,263.0,,2.29,,0.022,1.492,12.833,,4.864,,2.405,,0.715,0.028,,,0.026,0.177,2.379,6.8,,15.0,,,,,,,,0.029,,3.34,23.84,,,,,,0.048,2.8,,67.63,0.66,"Nuts,Nuts (coconut)",Milk,"Gluten-Free,Vegan,Vegetarian",6,Coconut Milk / Cream,100.0,0.2,0.14,,6.2
0.088,,0.076,,0.174,18.0,,,72.0,,7.34,,697.0,,,0.039,,0.016,32.0,0.013,0.093,0.038,,,,2.6,,64.0,,,,,,,0.231,0.072,0.038,,1.25,0.063,,0.098,,,0.091,,,,,0.009,,,,20.0,,0.16,0.019,0.27,0.046,0.047,,,,,,,,,,,,0.061,37.0,18.0,276.0,0.053,1.83,,0.07,,,,,,0.023,,0.003,,,,,,,0.9,0.078,16.0,,,,,,,,0.05,0.06,2.3,0.19,0.019,0.046,0.088,58.0,,0.04,18.8,,89.9,0.22,,Spices and Herbs,"Gluten-Free,Vegan,Vegetarian",6,Escallion / Scallions / Green Onions,100.0,207.0,0.38,,6.0
0.094,,0.093,,0.198,2.0,,,14.0,,8.9,,1800.0,,,0.12,,0.015,40.0,0.02,0.19,0.04,,,,1.5,,23.0,,,,,,,0.283,0.076,0.041,,1.0,0.064,,0.11,,,0.097,,,,,0.008,,,,23.0,,0.19,0.022,0.9,0.14,0.045,,,,0.001,0.004,,,,0.008,,,0.064,37.0,2.0,322.0,0.057,1.9,,0.08,,,,,,0.038,,0.001,,,,,,,0.4,0.08,9.0,,,,,,,,0.09,0.063,5.1,0.4,0.024,0.048,0.088,150.0,,0.5,144.0,,88.0,0.25,,Spices and Herbs,"Gluten-Free,Vegan,Vegetarian",6,"Hot Peppers (Scotch Bonnet, Habanero)",100.0,14.3,0.69,0.002,5.0
0.655,,0.702,,1.341,137.0,,,229.0,13.0,53.99,,29550.0,,,0.771,5571.0,0.158,289.0,1.638,7.152,2.152,,,,34.9,,49.0,,,,,,,2.404,0.638,0.354,,21.1,0.583,,0.953,18130.0,,0.817,,,0.098,,1.54,,,,178.0,,2.97,0.169,9.38,6.845,0.106,,,,,,,,,,,,0.537,306.0,158.0,2270.0,0.499,13.99,,0.33,,,,0.067,,1.341,,0.089,0.05,,,,,,4.5,0.623,68.0,,8.0,,,,,,0.33,0.485,10.01,12.89,0.147,0.37,0.66,2463.0,,2.14,30.6,,8.32,4.33,,Spices and Herbs,"Gluten-Free,Vegan,Vegetarian",6,Paprika (Pimentón),100.0,45.9,29.1,0.002,5.5
0.569,,0.612,,1.258,130.0,,,148.0,12.0,56.63,,28726.0,,,0.37,2176.0,0.126,318.0,2.41,9.77,3.26,,,,34.2,,106.0,,,,,,,1.94,0.53,0.269,,7.8,0.494,,0.811,2690.0,,0.686,,,0.062,,2.24,0.007,,,152.0,,1.3,0.141,8.7,9.38,0.222,,,,0.001,,,,,,,,0.446,293.0,150.0,2014.0,0.43,12.01,,0.92,,,,0.126,0.007,1.94,0.016,0.166,0.009,0.001,,,,,7.5,0.529,30.0,,8.0,,,,,,0.32,0.428,10.33,17.29,0.108,0.329,0.548,4800.0,,2.45,76.4,,10.4,2.48,,Spices and Herbs,"Gluten-Free,Vegan,Vegetarian",6,Red Pepper Flakes (Ají Molido),100.0,80.3,29.83,0.002,5.0
,,,99.83,,,,,,,,,,,,,,,,,,,,,,,,,,,,,,,,,,,,,,,,,,,,,,,,,,,,,,,,,,,,,,,,,,,,,,,,,,,,,,,,,,,,,,,,,,,,38758.0,,,,,,,,,,,,,,,,,,,,0.17,,,Spices and Herbs,"Gluten-Free,Vegan,Vegetarian",6,Salt (especially coarse grilling salt),100.0,,,,7.0
,,,0.36,,,,,7.0,,0.6,,,,0.7,0.01,,,19.0,,,,,,,,,1.0,1.0,1.0,,,,,,,,,0.03,,,,,,,,,,,,,,,5.0,,0.023,,0.019,,,,,,,,,,,,,0.004,,11.0,,131.0,,0.04,,0.005,,,,,,,,,,,,,,,,,7.0,,,,,,,,0.001,,0.6,,,,,,,0.01,,,93.4,0.05,,Sauces,"Gluten-Free,Vegan,Vegetarian",6,Vinegar (especially for chimichurri),100.0,,,,2.8
,,,,,,,,25.0,,13.0,,,,,,,,55.0,,,,,,,4.5,,,,,,,,,,,,,0.7,,,,,,,,,,,,,,,,,,,,,,,,,,,,,,,,,,,,175.0,,0.7,,,,,,,,,,,,,,,,,,,,,,,,,,,,,9.0,0.4,,,,,,,15.0,,87.5,,,Fruits and Fruit Juices,"Gluten-Free,Vegan,Vegetarian",6,Calafate Berries,100.0,14.1,0.93,,3.3
,,,,,,,,30.0,,16.0,,,,,,,,65.0,,,,,,,6.0,,,,,,,,,,,,,1.0,,,,,,,,,,,,,,,,,,,,,,,,,,,,,,,,,,,,210.0,,1.0,,,,,,,,,,,,,,,,,,,,,,,,,,,,,8.5,0.7,,,,,,,25.0,,82.0,,,Fruits and Fruit Juices,"Gluten-Free,Vegan,Vegetarian",6,Maqui Berries,100.0,14.1,0.93,,3.5
,,,7.14,,,,,229.0,,53.99,,14777.0,,80.4,0.803,4780.0,,289.0,1.06,6.63,2.22,,,,34.9,,49.0,49.0,49.0,,,,,,,,,21.1,,,,24080.0,3064.0,,0.01,,0.06,,0.99,,,,178.0,,2.79,,9.29,6.35,0.28,,,,,,,,,,,2.64,,314.0,,2200.0,,13.9,,1.07,,,,0.04,,1.34,,0.71,0.05,0.02,,,,,2.4,,68.0,,,,,,,,0.33,,10.34,12.9,,,,2463.0,,2.14,80.8,,9.68,4.33,,Spices and Herbs,"Gluten-Free,Vegan,Vegetarian",6,Paprika (especially smoked),100.0,80.7,29.1,0.002,5.5
,,,2.1,,,,,169.0,,38.2,,2597.0,,10.2,0.11,112.0,,162.0,0.026,0.151,0.02,,,,24.1,,16.0,16.0,16.0,,,,,,,,,1.08,,,,594.0,,,,,,,,,,,69.0,,0.85,,1.3,0.1,0.051,,,,,,,,,,,0.3,,61.0,,429.0,,1.6,,0.14,,,,,,0.015,,0.005,,,,,,,0.3,,4.0,,,,,,,,0.035,,2.58,0.3,,,,217.0,,0.076,426.0,,63.2,0.34,,Fruits and Fruit Juices,"Gluten-Free,Vegan,Vegetarian",6,Rosehip (Mosqueta),100.0,25.9,5.84,,3.0
,,,99.83,,,,,,,,,,,,,,,,,,,,,,,,,,,,,,,,,,,,,,,,,,,,,,,,,,,,,,,,,,,,,,,,,,,,,,,,,,,,,,,,,,,,,,,,,,,,38758.0,,,,,,,,,,,,,,,,,,,,0.17,,,Spices and Herbs,"Gluten-Free,Vegan,Vegetarian",6,Salt (coarse),100.0,,,,7.0
,,,,,,,,14.0,,8.81,30.0,534.0,,14.3,0.129,100.0,,40.0,,,,,,,1.5,,23.0,23.0,23.0,,,,,,,,,1.03,,,,594.0,,,,,,,,,,,23.0,,0.201,,0.993,,,,,,,,,,,,,,,43.0,,322.0,,1.87,,0.09,,,,,,,,,,,,,,,0.3,,9.0,,,,,,,,0.08,,5.3,0.44,,,,48.0,,0.506,144.0,,88.02,0.26,,Spices and Herbs,"Vegan,Vegetarian",6,Chili Peppers (Ají),100.0,14.1,0.69,0.002,5.0
,,,,,,,,26.0,,9.32,3.0,3.0,,5.1,0.037,,,29.0,,,,,,,2.8,,11.0,11.0,11.0,,,,,,,,,0.6,,,,11.0,,,,,,,,,,,8.0,,0.03,,0.1,,,,,,,,,,,,,0.16,,16.0,,138.0,,1.1,,0.02,,,,,,,,,,,,,,,0.4,,2.0,,,,,,,,0.04,,2.5,0.3,,,,1.0,,0.08,53.0,,88.98,0.06,,Fruits and Fruit Juices,"Vegan,Vegetarian",6,"Citrus (Lime, Lemon, Sour Orange)",100.0,14.1,0.15,,2.5
,,,,,,,,834.0,,74.96,,3790.0,,27.2,0.232,,,313.0,,,,,,,26.3,,180.0,180.0,180.0,,,,,,,,,46.5,,,,610.0,,,,,,,,,,,120.0,,2.285,,2.005,,,,,,,,,,,,,0.416,,113.0,,529.0,,7.61,,0.421,,,,,,,,,,,,,,,2.8,,23.0,,,,,,,,0.109,,1.8,8.36,,,,309.0,,1.74,46.5,,8.1,3.7,,Spices and Herbs,"Vegan,Vegetarian",6,Laurel (Bay Leaf),100.0,704.9,4.55,,5.5
,,,,,,,,16.0,,38.06,,2.0,,21.6,0.1,,,160.0,,,,,,,1.8,,27.0,27.0,27.0,,,,,,,,,0.27,,,,20.0,,,,,,,,,,,21.0,,0.384,,0.854,,,,,,,,,,,,,0.108,,27.0,,271.0,,1.36,,0.048,,,,,,,,,,,,,,,0.8,,14.0,,,,,,,,0.087,,1.7,0.28,,,,1.0,,0.088,20.6,,59.68,0.34,,Vegetables and Vegetable Products,"Vegan,Vegetarian",6,Manioc / Cassava (Mandioca),100.0,1.9,0.19,,6.5
,,,,,,,360.0,,,50.8,,,,,,,,279.0,,,,,,,23.3,,,,,,,,,,,,,12.0,,,,,,,,,,,,,,,200.0,,,,,,,,,,,,,,,,,,,,,1000.0,,11.5,,,,,,,,,,,,,,,,,,,,,,,,,,,,,,,,,,,,,1.0,,,,,Spices and Herbs,"Gluten-Free,Vegan,Vegetarian",6,Yerba Mate (as an ingredient/flavor),100.0,770.6,3.89,,6.0
0.076,,0.076,,0.151,,,,18.0,,8.8,34.0,534.0,,14.3,0.129,36.0,0.023,40.0,0.09,0.2,0.04,,,,1.5,,23.0,23.0,,,,,,0.221,0.063,0.045,,1.03,0.076,,0.106,1085.0,,0.096,,,,,0.09,,,,24.0,,0.22,0.023,0.96,0.11,0.09,,,,,,,,,,,0.337,0.06,43.0,,322.0,0.067,1.87,,0.09,,,,,,0.03,,0.01,,,,,,,0.5,0.078,7.0,,,,,,,,0.08,0.057,5.3,0.44,0.021,0.045,0.084,48.0,,0.51,144.0,,88.02,0.26,,Vegetables and Vegetable Products,"Gluten-Free,Vegan,Vegetarian",6,Ají (various local chili peppers),100.0,14.9,0.69,,5.2
0.612,,0.569,,1.24,,12.8,,148.0,,56.63,,13134.0,,50.1,0.378,,0.161,318.0,3.63,9.89,3.26,,,,27.2,,46.0,46.0,,,,,,2.162,0.485,0.322,,7.8,0.589,,0.94,2087.0,,0.803,,,0.09,,3.48,0.01,,,152.0,,1.838,0.198,8.71,9.22,0.67,,,,,,,,,,,2.519,0.589,293.0,,2014.0,0.473,12.01,,0.92,,0.01,0.01,0.03,0.01,2.33,0.01,0.78,0.03,,,,,,24.5,0.506,30.0,,,,,,,,0.33,0.473,10.34,17.29,0.19,0.407,0.687,2185.0,,2.45,76.4,,8.76,2.48,,Spices and Herbs,"Gluten-Free,Vegan,Vegetarian",6,Ají Molido (Red Pepper Flakes),100.0,80.3,2.98,0.002,5.5
0.354,,0.375,,0.778,,,,834.0,,74.9,,3700.0,,18.5,0.22,,0.108,313.0,1.66,3.08,2.29,,,,26.3,,105.0,105.0,,,,,,1.05,0.364,0.198,,43.0,0.334,,0.589,6180.0,,0.456,,,0.01,,1.65,,,,121.0,,2.32,0.14,2.01,2.98,0.1,,,,,,,,,,,0.21,0.399,113.0,,529.0,0.279,7.61,,0.42,,,,0.01,,1.71,,0.57,,,,,,,3.4,0.323,23.0,,,,,,,,0.05,0.301,,8.36,0.094,0.245,0.437,309.0,,1.74,46.5,,5.44,3.7,,Spices and Herbs,"Gluten-Free,Vegan,Vegetarian",6,Bay Leaf (Laurel),100.0,,0.76,,6.0
0.672,,1.002,,1.748,10.0,,,931.0,4.0,44.28,,761.0,,20.1,0.468,,0.301,375.0,14.04,3.1,1.54,,,,10.5,,10.0,10.0,,,,,,2.569,0.643,0.477,,66.36,0.686,,1.096,,,0.963,,,0.01,,13.97,,,,366.0,,3.333,0.368,4.579,3.1,,,,,,,,,,,,0.25,0.741,499.0,17.0,1788.0,0.641,17.81,,0.327,,,,0.06,,0.91,,0.5,,,,,,,13.5,0.781,168.0,,3.0,2.25,,,,,0.628,0.722,2.25,22.27,0.264,0.528,0.932,64.0,,0.4,7.7,,8.06,4.8,,Spices and Herbs,"Gluten-Free,Vegan,Vegetarian",6,Cumin (Comino),100.0,5.4,3.33,0.002,6.0
,,,,,,,,,,,,,95.0,,,,,900.0,45.1,11.26,39.23,,,,,,,,,,,,,,,,,,,,,,,,,,,,40.85,,,,,,,,,9.9,0.95,,,,,,,,,,,,,,,,,,,,,,,1.15,,23.36,,14.5,,,,,,,,,,,,,,,,,,,,100.0,,,,,,,,,,,,Butter and animal fats,,6,Lard / Beef Fat,100.0,5.9,6.26,0.232,7.0
,,,99.83,,,,,,,,,,,,,,,,,,,,,,,,,,,,,,,,,,,,,,,,,,,,,,,,,,,,,,,,,,,,,,,,,,,,,,,,,,,,,,,,,,,,,,,,,,,,38758.0,,,,,,,,,,,,,,,,,,,,0.17,,,Spices and Herbs,"Gluten-Free,Vegan,Vegetarian",6,Salt (especially coarse Sal Parrillera),100.0,,,,7.0
,,,2.37,,,,,50.0,,79.18,,,,11.1,0.31,,,299.0,,,,,,,3.7,,5.0,,,,28.59,,27.67,,,,,1.88,,,,,,,,,,,,,,,32.0,0.3,0.3,,0.766,,,,,,,,,,,,,,,98.0,,749.0,,3.07,,0.082,,,,,,,,,,,,,,,0.6,,11.0,,,0.77,,,,,0.106,,59.19,0.46,,,,,,0.174,2.3,,15.4,0.22,,Dried fruits,"Gluten-Free,Vegan,Vegetarian",6,"Dried Fruits (apricots, plums, raisins)",100.0,3.5,0.26,,4.0
,,,5.67,,,,,296.0,,56.63,,25730.0,,,0.38,,,318.0,,,,,,,28.4,,106.0,,,,,,,,,,,7.8,,,,,,,,,,,,,,,146.0,,1.8,,8.665,,,,,,,,,,,,,,,293.0,,2014.0,,12.01,,0.686,,,,,,,,,,,,,,,1.7,,30.0,,,,,,,,0.328,,10.34,17.27,,,,2154.0,,3.268,76.4,,8.05,2.48,,Spices and Herbs,"Gluten-Free,Vegan,Vegetarian",6,Aleppo Pepper,100.0,80.3,29.83,0.002,5.5
,,,1.48,,,,,177.0,,2.65,,3142.0,,,0.32,,,23.0,,,,,,,1.6,,68.0,,,,0.1,,0.1,,,,,3.17,,,,,,,,,,,,,,,64.0,,1.15,,0.902,,,,,,,,,,,,,,,56.0,,295.0,,3.15,,0.076,,,,,,,,,,,,,,,0.3,,4.0,,,0.1,,,,,0.034,,0.3,0.64,,,,264.0,,0.155,18.0,,92.06,0.81,,Spices and Herbs,"Gluten-Free,Vegan,Vegetarian",6,Basil (especially purple),100.0,414.8,0.8,,6.5
,,,,,,68.6,,177.0,,58.35,,14.0,,68.6,1.11,,,323.0,0.99,3.23,1.46,,,,24.6,,57.0,57.0,57.0,,,,,,,,,33.52,,,,,,,,,,,0.99,,,,191.0,,1.229,,1.64,2.89,0.34,,,,,,,,,,,1.34,,296.0,,770.0,,23.0,,0.366,,,,0.02,0.01,1.16,0.01,0.24,0.02,,,,,,6.3,,67.0,,,,,,,,0.322,,6.4,6.41,,,,1.0,,0.6,3.0,,8.84,2.77,,Spices and Herbs,"Gluten-Free,Vegan,Vegetarian",6,Blue Fenugreek,100.0,4.8,0.86,0.002,6.5
0.612,,0.603,5.52,1.096,87.0,,,318.0,40.0,56.63,,24967.0,,38.6,0.373,,0.165,318.0,2.651,8.92,3.26,,,,34.8,,108.0,108.0,108.0,,,,,1.815,0.528,0.288,,7.8,0.526,,0.77,1475.0,,0.573,0.016,,0.057,0.016,2.553,0.009,,,152.0,,2.492,0.187,8.657,8.851,0.069,,,,,,,,,,,0.963,0.499,293.0,142.0,2010.0,0.407,12.01,,0.9,0.021,0.02,,0.055,0.013,1.956,0.02,0.959,0.155,0.05,,,,,4.8,0.548,30.0,,14.0,,,,,,0.328,0.436,10.34,17.27,0.137,0.439,0.654,2081.0,,2.45,76.4,,8.58,2.48,,Spices and Herbs,"Gluten-Free,Vegan,Vegetarian",6,Cayenne,100.0,80.3,29.83,0.002,5.5
0.932,,1.97,3.4,2.302,,,,177.0,,58.35,,,,69.0,1.11,,0.264,323.0,1.554,3.204,1.056,,,,24.6,,57.0,57.0,57.0,,,,,4.569,1.026,0.647,,33.53,0.992,,1.547,,,1.34,,,0.007,,1.536,,,,191.0,,1.229,0.256,1.64,2.569,0.621,,,,0.007,,,,,,,1.066,0.978,296.0,,770.0,0.85,23.0,,0.366,,,,0.007,,0.771,,0.278,,,,,,,6.3,1.14,67.0,10.0,,0.01,,,,,0.322,0.817,6.04,6.41,0.26,0.697,1.139,,,0.6,3.0,,8.84,2.77,,Spices and Herbs,"Gluten-Free,Vegan,Vegetarian",6,Chemen (spice mix),100.0,,0.06,,6.5
0.138,,0.16,0.97,0.297,,,,97.0,,4.35,,2616.0,,11.5,0.147,,0.038,30.0,0.046,0.366,0.207,,,,2.5,,105.0,105.0,105.0,,,,,0.352,0.155,0.058,,1.6,0.126,,0.198,3140.0,,0.15,,,0.007,,0.039,,,,42.0,,0.384,0.041,0.647,0.119,0.247,,,,,,,,,,,0.1,0.118,58.0,,296.0,0.088,3.27,,0.16,,,,0.003,,0.176,,0.027,,,,,,,0.3,0.116,3.0,,,,,,,,0.05,0.098,1.86,0.73,0.03,0.094,0.14,218.0,,0.138,58.1,,90.79,0.56,,Spices and Herbs,"Gluten-Free,Vegan,Vegetarian",6,Chives,100.0,212.7,0.18,,6.0
0.106,,0.119,1.47,0.189,,,,67.0,,3.67,,3937.0,,12.8,0.225,,0.021,23.0,0.031,0.23,0.015,,,,2.8,,62.0,62.0,62.0,,,,,0.198,0.089,0.043,,1.77,0.081,,0.13,800.0,,0.104,,,0.001,,0.03,,,,26.0,,0.426,0.03,1.114,0.026,0.204,,,,,,,,,,,0.252,0.081,48.0,,521.0,0.086,2.13,,0.162,,,,,,0.014,,0.001,,,,,,,0.9,0.093,46.0,,,,,,,,0.067,0.076,0.87,0.52,0.018,0.062,0.103,337.0,,0.149,27.0,,92.21,0.5,,Spices and Herbs,"Gluten-Free,Vegan,Vegetarian",6,Cilantro / Coriander (fresh and seed),100.0,310.0,2.5,,6.5
0.063,,0.082,0.77,0.155,,0.5,,59.0,,14.15,5.0,1000.0,,8.8,0.12,10.0,0.015,61.0,0.01,0.15,0.04,,,,1.8,,57.0,57.0,57.0,,,,,0.187,0.063,0.038,,2.1,0.06,,0.098,1900.0,,0.082,,,0.003,,0.007,,,,28.0,,0.481,0.019,0.4,0.094,0.052,,,,,,,,,,,0.06,0.06,35.0,,180.0,0.05,1.5,,0.03,,,,0.001,,0.034,,0.005,,,,,,,1.0,0.068,20.0,7.33,,,,,,,0.06,0.054,3.9,0.3,0.015,0.035,0.076,83.0,,0.23,12.0,,83.25,0.12,,Vegetables and Vegetable Products,"Vegan,Vegetarian",6,Leek,100.0,47.0,0.58,,6.0
,,,,,,,,220.0,,65.0,,,,,,,,450.0,,,,,,,25.0,,,,,,,,,,,,,7.0,,,,,,,,,,,,,,,120.0,,,,,,,,,,,,,,,,,,,300.0,,800.0,,18.0,,,,,,,,,,,,,,,,,,,20.0,,,,,,,,,,10.0,20.0,,,,,,,,,5.0,,,Spices and Herbs,"Vegan,Vegetarian",6,Mahleb,100.0,56.3,10.22,0.002,6.5
,,,9.4,,,,,2132.0,,68.7,,3086.0,,,0.67,,,272.0,0.5,1.9,1.5,,,,37.0,,146.0,146.0,146.0,,,,,,,,,37.88,,,,,,,,,,,0.49,,,,377.0,,3.9,,4.1,1.37,0.53,,,,,,,,,,,0.8,,140.0,,1051.0,,6.7,,0.3,,,,,,1.14,,0.35,,,,,,,4.6,,26.0,,,,,,,,0.37,,,5.9,,,,257.0,,1.8,50.0,,9.3,4.7,,Spices and Herbs,"Vegan,Vegetarian",6,Savory (Summer),100.0,310.0,3.89,,5.8
,,,2.0,,,,,66.0,,3.2,,4000.0,,,0.1,,,22.0,0.03,0.35,0.08,,,,2.9,,13.0,13.0,13.0,,,,,,,,,3.2,,,,,,,,,,,0.03,,,,103.0,,0.2,,0.4,0.13,0.22,,,,,,,,,,,0.06,,60.0,,393.0,,2.0,,0.16,,,,,,0.08,,,,,,,,,0.9,,4.0,,,0.5,,,,,0.06,,0.5,0.7,,,,334.0,,0.1,48.0,,92.0,0.2,,Spices and Herbs,"Vegan,Vegetarian",6,Sorrel (Aveluk),100.0,500.0,3.89,,3.0
,,,5.7,,,,,148.0,,56.6,,10500.0,,,0.37,,,318.0,2.4,9.3,3.3,,,,27.2,,106.0,106.0,106.0,,,,,,,,,7.8,,,,,300.0,,,,0.19,,2.21,,,,152.0,,1.9,,9.0,8.85,0.45,,,,,,,,,,,2.5,,293.0,,2014.0,,12.0,,0.9,,,,0.1,,2.6,,0.6,,,,,,,28.0,,30.0,,,10.4,,,,,0.33,,10.4,17.0,,,,950.0,,3.4,76.0,,8.6,2.5,,Spices and Herbs,"Vegan,Vegetarian",6,Urfa Pepper,100.0,14.0,3.2,0.002,5.2
,,,,,,,,400.0,,20.0,,,,,,,,500.0,15.0,18.0,5.0,,,,18.0,,,,100.0,,,,,,,,,10.0,,,,,,,,,,,,,,,150.0,,,,3.0,,,,,,,,,,,,,,,,,700.0,,18.0,,,,,,,,,,,,,,,,,,,50.0,,,,,,,,,,2.0,40.0,,,,,,0.3,,,5.0,3.0,,Spices and Herbs,"Gluten-Free,Vegan,Vegetarian",6,Za'atar,100.0,50.0,2.0,,4.5
0.126,,0.19,1.5,0.264,22.0,0.6,,177.0,1.0,2.65,3.0,3142.0,,,0.3,,0.02,23.0,0.013,0.371,0.098,,,,1.6,3.1,68.0,68.0,68.0,,0.04,,0.04,0.35,0.111,0.063,,3.17,0.116,,0.177,5650.0,,0.163,,,,,0.013,,,,64.0,,1.147,0.041,0.902,0.098,0.273,,,,,,,,,,,0.209,0.126,56.0,26.0,295.0,0.093,3.15,,0.076,,,,,,0.088,0.003,0.009,,,,,,,0.3,0.095,4.0,0.1,3.0,0.02,,,,,0.034,0.106,0.3,0.64,0.03,0.076,0.14,264.0,,0.155,18.0,,92.06,0.81,,Spices and Herbs,"Gluten-Free,Vegan,Vegetarian",6,Basil (purple and green),100.0,414.8,0.8,,5.8
0.732,,1.077,3.4,2.404,,,,177.0,,58.35,,36.0,,,1.11,,0.286,323.0,0.076,0.808,0.516,0.001,0.001,,24.6,,57.0,57.0,57.0,,,,,3.993,0.692,0.601,,33.5,0.793,,1.139,,,1.066,,,,,0.076,,,,191.0,,1.228,0.237,1.64,0.28,0.528,,,,,,,,,,,0.321,0.771,296.0,,770.0,0.817,23.0,,0.366,,,,,,0.354,0.007,0.155,,,,,,,6.3,1.06,67.0,5.89,,,,0.001,,,0.322,0.763,6.41,6.41,0.172,0.536,0.908,3.0,,0.6,3.0,,8.84,2.7,,Not included in a food category,"Gluten-Free,Vegan,Vegetarian",6,Chemen (Fenugreek paste),100.0,38.0,0.6,,6.5
0.088,,0.117,1.47,0.252,,,,67.0,,3.67,,3937.0,,,0.225,,0.02,23.0,0.019,0.274,0.062,,,,2.8,2.4,62.0,62.0,62.0,,0.09,,0.09,0.286,0.083,0.043,,1.77,0.084,,0.134,875.0,,0.131,,,,,0.019,,,,26.0,,0.426,0.035,1.114,0.116,0.158,,,,,,,,,,,0.57,0.093,48.0,,521.0,0.076,2.13,,0.162,,,,,,0.046,0.001,0.015,,,,,,,0.9,0.088,46.0,0.06,,0.07,,,,,0.067,0.083,0.87,0.52,0.025,0.05,0.106,337.0,,0.149,27.0,,92.21,0.5,,Spices and Herbs,"Gluten-Free,Vegan,Vegetarian",6,Cilantro / Coriander (fresh),100.0,310.0,2.5,,6.5
0.732,,1.077,3.4,2.404,,,,177.0,,58.35,,36.0,,,1.11,,0.286,323.0,0.076,0.808,0.516,0.001,0.001,,24.6,,57.0,57.0,57.0,,,,,3.993,0.692,0.601,,33.5,0.793,,1.139,,,1.066,,,,,0.076,,,,191.0,,1.228,0.237,1.64,0.28,0.528,,,,,,,,,,,0.321,0.771,296.0,,770.0,0.817,23.0,,0.366,,,,,,0.354,0.007,0.155,,,,,,,6.3,1.06,67.0,5.89,,,,0.001,,,0.322,0.763,6.41,6.41,0.172,0.536,0.908,3.0,,0.6,3.0,,8.84,2.7,,Spices and Herbs,"Gluten-Free,Vegan,Vegetarian",6,Fenugreek (seed),100.0,38.0,0.6,,6.5
0.088,,0.045,0.53,0.207,11.0,,,10.0,3.0,18.7,,10.0,,7.6,0.158,,0.007,83.0,0.063,0.079,0.12,,,,4.0,,38.0,38.0,38.0,,6.84,,6.83,0.258,0.098,0.035,,0.3,0.047,,0.095,17.0,,0.091,,,0.005,,0.053,,,,12.0,,0.119,0.016,0.293,0.063,0.016,,,,,,,,,,,0.377,0.063,36.0,15.0,236.0,0.076,1.67,,0.053,,,,0.005,,0.098,,0.012,,,,,,,0.5,0.088,3.0,,1.0,,,,,,0.063,0.046,13.67,1.17,0.015,0.033,0.076,,,0.075,10.2,,77.93,0.35,,Fruits and Fruit Juices,"Gluten-Free,Vegan,Vegetarian",6,Pomegranate (fresh and molasses),100.0,16.4,0.6,,2.6
0.043,,0.038,0.42,0.1,6.0,,,11.0,2.0,6.86,,1624.0,,5.6,0.124,,0.011,31.0,0.031,0.143,0.032,,,,1.7,,46.0,46.0,46.0,,2.23,,1.97,0.174,0.033,0.019,,0.44,0.033,,0.053,344.0,,0.047,,,,,0.031,,,,14.0,,0.134,0.011,0.805,0.143,,,,,,,,,,,,0.191,0.036,26.0,9.0,278.0,0.032,0.99,,0.09,,,,,,0.026,,0.006,,,,,,,0.1,0.043,3.0,,1.0,,,,,,0.08,0.034,4.2,0.3,0.012,0.027,0.042,153.0,,0.28,144.0,,92.29,0.27,,Vegetables and Vegetable Products,"Gluten-Free,Vegan,Vegetarian",6,Red Pepper / Chili,100.0,14.8,3.1,,5.0
0.261,,0.3,5.65,0.456,7.0,,,189.0,2.0,24.45,,2855.0,,47.4,0.555,,0.054,101.0,0.176,0.906,0.471,,,,14.0,,274.0,274.0,274.0,,0.85,,0.85,0.748,0.264,0.126,,17.45,0.218,,0.334,188.0,,0.279,,,,,0.176,,,,160.0,,1.717,0.071,1.824,0.906,,,,,,,,,,,,0.409,0.207,106.0,10.0,610.0,0.216,5.5,,0.34,,,,,,0.295,,0.155,,,,,,,4.6,0.219,9.0,,1.0,,,,,,0.047,0.203,1.7,1.7,0.038,0.126,0.279,238.0,,0.348,160.0,,70.65,3.1,,Spices and Herbs,"Gluten-Free,Vegan,Vegetarian",6,Thyme (especially wild),100.0,1714.5,7.5,,6.0
0.89,,0.999,3.39,2.288,161.0,,,176.0,8.0,58.35,,8.0,,69.1,1.11,,0.252,323.0,1.14,2.92,1.258,,,,24.6,,57.0,57.0,57.0,,,,,4.264,0.778,0.407,,33.53,0.923,,1.52,48.0,,1.233,,,,,1.14,,,,191.0,,1.22,0.245,1.64,2.92,,,,,,,,,,,,0.366,0.803,296.0,173.0,770.0,0.655,23.0,,0.366,,,,,,1.258,,,,,,,,,6.3,1.062,67.0,,4.0,,,,,,0.322,0.686,6.43,6.41,0.207,0.354,0.89,,,0.6,3.0,,8.84,2.45,,Spices and Herbs,"Gluten-Free,Vegan,Vegetarian",6,Chemen (Fenugreek paste/mix),100.0,48.2,0.6,0.002,6.5
,,,,,,,,20.0,,71.5,,,,5.0,0.1,,,315.0,,,,,,,0.2,,5.0,5.0,5.0,,,,,,,,,1.0,,,,,,,,,,,,,,,15.0,,,,0.2,,,,,,,,,,,,,,,30.0,,200.0,,1.2,,0.05,,,,,,,,,,,,,,,1.0,,20.0,,,,,,,,0.05,,60.0,0.3,,,,,,0.1,2.0,,26.5,0.2,,Sauces,"Gluten-Free,Vegan,Vegetarian",6,Pomegranate (fresh seeds and molasses),100.0,28.9,1.09,,3.5
,,,,,,,,316.0,,56.63,,3418.0,,,0.385,114.0,,318.0,2.052,9.395,3.257,,,,27.2,,106.0,106.0,,,,,,,,,,14.94,,,,2690.0,,,,,,,,,,,152.0,,1.545,,8.704,,,,,,,,,,,,,,,293.0,,2014.0,,12.03,,0.919,,,,,,,,,,,,,,,6.8,,30.0,,,,,,,,0.328,,10.34,17.29,,,,293.0,,2.45,76.4,,8.05,2.48,,Spices and Herbs,"Gluten-Free,Vegan,Vegetarian",6,Red Pepper Flakes,100.0,80.3,29.83,0.002,5.0
,,,7.0,,,,,300.0,,65.0,,,,,,,,377.0,,,,,,,15.0,,,,,,,,,,,,,8.0,,,,,,,,,,,,,,,,,,,,,,,,,,,,,,,,,,,,,,12.0,,,,,,,,,,,,,,,,,,,,,,,,,,,,,,16.0,,,,,,,,,,,,Spices and Herbs,"Gluten-Free,Vegan,Vegetarian",6,Annatto (Achiote/Ruku),100.0,,,0.002,6.8
,,,,,,,,1778.0,,60.94,,5057.0,,,2.008,,,251.0,0.245,2.45,0.231,,,,37.7,,310.0,310.0,,,,,,,,,,89.8,,,,13418.0,,,,,,,0.235,,,,711.0,,9.356,,4.909,0.236,2.164,,,,,,,,,,,0.63,,274.0,,2630.0,,14.37,,1.815,,,,,,0.165,,0.052,,,,,,,3.1,,32.0,,,,,,,,0.093,,6.0,3.98,,,,421.0,,1.34,61.2,,9.25,7.1,,Spices and Herbs,"Gluten-Free,Vegan,Vegetarian",6,Basil (Yerbe di Hole),100.0,1714.5,10.7,,6.5
,,,,,,,,12.0,,4.26,,1198.0,,,0.057,,,26.0,0.076,0.184,0.063,,,,1.1,,16.0,16.0,,,,,,,,,,0.58,,,,,,,,,,,,,,,12.0,,0.117,,0.963,,,,,,,,,,,,,,,26.0,,208.0,,0.94,,0.057,,,,,,,,,,,,,,,0.7,,1800.0,,,,,,,,0.033,,1.7,0.44,,,,100.0,,0.222,12.1,,89.2,0.15,,Sauces,"Gluten-Free,Vegan,Vegetarian",6,Hot Sauce (Pica),100.0,7.8,0.69,,3.8
,,,,,,,,26.0,,14.1,,,,,0.05,,,56.0,0.02,0.09,0.04,,,,1.5,,2.0,2.0,,,,,,,,,,0.5,,,,,,,,,,,,,,,12.0,,0.06,,0.1,,,,,,,,,,,,,,,26.0,,150.0,,0.7,,0.02,,,,,,,,,,,,,,,0.2,,940.0,,,,,,,,0.02,,10.7,0.2,,,,,,0.01,1.4,,83.9,0.1,,Sauces,"Gluten-Free,Vegan,Vegetarian",6,Pickles / Piccalilli,100.0,14.4,0.1,,3.5
,,,,,,,,350.0,,65.0,,59.0,,,0.8,,,370.0,,,,,,,24.0,,,,90.0,,,,,,,,,13.0,,,,,,,,,,,,,,,280.0,,0.5,,3.0,,,,,,,,,,,,,,,250.0,,800.0,,12.0,,0.3,,,,,,,,,,,,,,,4.0,,20.0,,,,,,,,0.1,,,13.0,,,,5.0,,0.1,,,5.0,2.5,,Spices and Herbs,"Gluten-Free,Vegan,Vegetarian",6,Annatto (Ruku),100.0,56.3,10.22,0.002,6.5
,,,,,,,,700.0,,2.22,,,80.0,,0.033,,,356.0,7.7,0.8,17.5,1.1,0.72,0.38,,,25.0,25.0,,,,,,,,,,0.3,,2.22,,,,,,,,,,,,,29.0,,0.009,,0.063,,,,,,,,,,,,,0.35,,489.0,,89.0,,24.94,299.0,0.322,,,,,,,,,,,,,,,14.5,,649.0,,,,,,,,0.04,,2.22,27.4,,,,299.0,1.05,0.076,,,38.03,2.97,Milk,Cheese,Vegetarian,6,Cheese (Gouda / Edam),100.0,2.3,0.22,,5.5
,,,,,,,,126.0,,54.8,,,,,,,,276.0,,,,,,,22.4,,,,,,,,,,,,,5.2,,,,,,,,,,,,,,,164.0,,,,,,,,,,,,,,,,,,,,,2120.0,,10.9,,,,,,,,,,,,,,,,,,,420.0,,,,,,,,,,,1.5,,,,,,,54.0,,,1.3,,Spices and Herbs,"Gluten-Free,Vegan,Vegetarian",6,Akudjura (Bush Tomato),100.0,56.3,10.22,0.002,4.3
,,,,,,,,,,,,,,,,,,,,,,,,,,,,,,,,,,,,,,,,,,,,,,,,,,,,,,,,,,,,,,,,,,,,,,,,,,,,,,,,,,,,,,,,,,,,,,,,,,,,,,,,,,,,,,,,,,,,,,Spices and Herbs,"Gluten-Free,Vegan,Vegetarian",6,Aniseed Myrtle,100.0,28.9,1.09,,6.0
,,,,,,,,,,,,,,,,,,,,,,,,,,,,,,,,,,,,,,,,,,,,,,,,,,,,,,,,,,,,,,,,,,,,,,,,,,,,,,,,,,,,,,,,,,,,,,,,,,,,,,,,,,,,,,,,,,,,,,Spices and Herbs,"Gluten-Free,Vegan,Vegetarian",6,Bloodroot,100.0,28.9,1.09,,5.5
,,,,,,,,,,,,,,,,,,,,,,,,,,,,,,,,,,,,,,,,,,,,,,,,,,,,,,,,,,,,,,,,,,,,,,,,,,,,,,,,,,,,,,,,,,,,,,,,,,,,,,,,,,,,,,,,,,,,,,Spices and Herbs,"Gluten-Free,Vegan,Vegetarian",6,Cinnamon Myrtle,100.0,28.9,1.09,,6.0
,,,,,,,,35.0,,14.0,,,,,,,,55.0,,,,,,,5.5,,25.0,,25.0,,,,,,,,,0.8,,,,,,,,,,,,,,,25.0,,,,,,,,,,,,,,,,,,,,,350.0,,0.8,,,,,,,,,,,,,,,,,,,5.0,,,,,,,,,,9.0,0.2,,,,,,,120.0,,85.0,,,Fruits and Fruit Juices,"Gluten-Free,Vegan,Vegetarian",6,Davidson's Plum,100.0,14.1,0.93,,3.0
,,,,,,,,40.0,,9.0,,,,,,,,42.0,,,,,,,4.0,,60.0,,60.0,,,,,,,,,,,,,,,,,,,,,,,,15.0,,,,,,,,,,,,,,,,,,,,,200.0,,0.7,,,,,,,,,,,,,,,,,,,,,,,,,,,,,,0.1,,,,,,,120.0,,88.0,,,Fruits and Fruit Juices,"Gluten-Free,Vegan,Vegetarian",6,Desert Lime,100.0,14.1,0.93,,2.5
,,,,,,,,,,,,,,,,,,,,,,,,,,,,,,,,,,,,,,,,,,,,,,,,,,,,,,,,,,,,,,,,,,,,,,,,,,,,,,,,,,,,,,,,,,,,,,,,,,,,,,,,,,,,,,,,,,,,,,Not included in a food category,"Gluten-Free,Vegan,Vegetarian",6,Eucalyptus,100.0,28.9,1.09,,6.0
,,,,,,,,20.0,,7.0,,,,,,,,30.0,,,,,,,2.5,,40.0,,40.0,,,,,,,,,,,,,,,,,,,,,,,,,,,,,,,,,,,,,,,,,,,,,120.0,,0.6,,,,,,,,,,,,,,,,,,,,,,,,,,,,,1.5,0.1,,,,,,,40.0,,91.0,,,Fruits and Fruit Juices,"Gluten-Free,Vegan,Vegetarian",6,Finger Lime,100.0,14.1,0.7,,2.5
,,,,,,,,20.0,,17.0,,,,,,,,62.0,,,,,,,9.0,,,,130.0,,,,,,,,,0.2,,,,,,,,,,,,,,,20.0,,,,0.8,,,,,,,,,,,,,,,,,300.0,,0.8,,0.1,,,,,,,,,,,,,,,,,,,,,,,,,0.2,,,0.2,,,,,,,3000.0,,80.0,0.1,,Fruits and Fruit Juices,"Gluten-Free,Vegan,Vegetarian",6,Kakadu Plum,100.0,14.1,0.2,,3.2
,,,,,,,,10.0,,11.0,,,,,,,,50.0,,,,,,,6.0,,,,14.0,,,,,,,,,0.1,,,,,,,,,,,,,,,10.0,,,,,,,,,,,,,,,,,,,,,200.0,,0.8,,,,,,,,,,,,,,,,,,,,,,,,,,,,,,0.2,,,,,,,40.0,,85.0,0.05,,Fruits and Fruit Juices,"Gluten-Free,Vegan,Vegetarian",6,Lemon Aspen,100.0,14.1,0.93,,2.5
,,,,,,,,,,,,,,,,,,,,,,,,,,,,,,,,,,,,,,,,,,,,,,,,,,,,,,,,,,,,,,,,,,,,,,,,,,,,,,,,,,,,,,,,,,,,,,,,,,,,,,,,,,,,,,,,,,,,,,Spices and Herbs,"Gluten-Free,Vegan,Vegetarian",6,Lemon Ironbark,100.0,770.6,3.89,,3.0
,,,,,,,,,,,,,,,,,,,,,,,,,,,,,,,,,,,,,,,,,,,,,,,,,,,,,,,,,,,,,,,,,,,,,,,,,,,,,,,,,,,,,,,,,,,,,,,,,,,,,,,,,,,,,,,,,,,,,,Spices and Herbs,"Gluten-Free,Vegan,Vegetarian",6,Lemon Myrtle,100.0,770.6,3.89,,3.0
,,,,,,,,30.0,,60.0,,,,,,,,300.0,,,,,,,8.0,,,,,,,,,,,,,3.0,,,,,,,,,,,,,,,30.0,,,,,,,,,,,,,,,,,,,,,,,1.0,,,,,,,,,,,,,,,,,,,,,,,,,,,,,,1.0,,,,,,,20.0,,10.0,0.5,,Spices and Herbs,"Gluten-Free,Vegan,Vegetarian",6,Mountain Pepper (Pepperberry & Pepperleaf),100.0,56.3,1.5,0.002,5.0
1.13,,1.27,21.8,2.21,85.0,,,2240.0,19.0,42.0,,4725.0,,15.3,0.619,,0.28,251.0,0.35,0.58,2.37,,,,37.7,,274.0,,274.0,,,,,2.5,1.02,0.6,,89.8,1.04,,1.89,11300.0,,1.63,,,,,,,,,711.0,,7.82,0.35,6.8,,,,,,,,,,,,,0.86,1.25,520.0,110.0,2630.0,0.89,23.0,,1.89,,,,,,,,,,,,,,,3.1,1.07,34.0,,6.0,,,,,,0.1,1.05,1.7,4.0,0.231,0.94,1.34,393.0,,0.13,61.2,,9.2,7.1,,Spices and Herbs,"Gluten-Free,Vegan,Vegetarian",6,Native Basil,100.0,1710.0,10.7,0.002,6.5
,,,,,,,,16.0,,17.77,,,,34.3,0.229,,,80.0,,,,,,,2.0,,11.0,,,,,,,,,,,0.6,,,,,,,,,,,,,,,43.0,,0.229,,0.75,,,,,,,,,,,,,,,34.0,,415.0,,1.82,,0.034,,,,,,,,,,,,,,,0.7,,13.0,,,,,,,,0.046,,1.7,0.75,,,,,,0.16,5.0,,78.89,0.34,,Spices and Herbs,"Gluten-Free,Vegan,Vegetarian",6,Native Ginger,100.0,0.1,0.26,0.002,5.8
,,,,,,,,65.0,,25.4,,179.0,,4.6,0.266,,,99.0,,,,,,,0.5,,75.0,,,,,,,,,,,5.2,,,,,,,,,,,,,,,60.0,,0.16,,1.114,,,,,,,,,,,,,,,101.0,,494.0,,1.82,,0.135,,,,,,,,,,,,,,,0.7,,6.0,,,,,,,,0.065,,,0.49,,,,15.0,,0.075,2.6,,60.1,2.2,,Spices and Herbs,"Gluten-Free,Vegan,Vegetarian",6,Native Lemongrass,100.0,770.6,3.89,,6.5
,,,,,,,,405.0,,24.45,,2854.0,,,0.555,,,101.0,,,,,,,14.0,,274.0,,,,,,,,,,,17.45,,,,1030.0,,,,,,,,,,,160.0,,1.719,,1.824,,,,,,,,,,,,,,,106.0,,609.0,,5.56,,0.342,,,,,,,,,,,,,,,4.6,,9.0,,,1.7,,,,,0.047,,1.7,1.7,,,,238.0,,0.348,160.0,,65.17,1.1,,Spices and Herbs,"Gluten-Free,Vegan,Vegetarian",6,Native Thyme,100.0,1714.5,7.5,,5.5
,,,,,,,,1700.0,,35.8,,,,,,,,344.0,,,,,,,12.8,,,,,,,,,,,,,10.0,,,,,,,,,,,,,,,400.0,,,,,,,,,,,,,,,,,,,,,1500.0,,26.8,,,,,,,,,,,,,,,,,,,2300.0,,,,,,,,,,,10.4,,,,,,,,,,3.0,,Spices and Herbs,"Gluten-Free,Vegan,Vegetarian",6,Old Man Saltbush,100.0,770.6,3.89,,8.0
,,,,,,,,24.0,,7.2,,,,,,,,40.0,,,,,,,8.4,,,,,,,,,,,,,1.2,,,,,,,,,,,,,,,15.0,,,,,,,,,,,,,,,,,,,,,200.0,,1.5,,,,,,,,,,,,,,,,,,,,,,,,,,,,,,0.7,,,,,,,16.0,,,,,Fruits and Fruit Juices,"Gluten-Free,Vegan,Vegetarian",6,Quandong,100.0,14.1,0.93,,4.0
,,,,,,,,20.0,,8.5,,,,,,,,36.0,,,,,,,3.5,,,,,,,,,,,,,,,,,,,,,,,,,,,,10.0,,,,,,,,,,,,,,,,,,,,,150.0,,0.5,,,,,,,,,,,,,,,,,,,,,,,,,,,,,,0.1,,,,,,,80.0,,,,,Fruits and Fruit Juices,"Gluten-Free,Vegan,Vegetarian",6,Riberry (Lilly Pilly),100.0,14.1,0.93,,3.5
,,,,,,,,134.0,,9.9,,2894.0,,13.4,0.24,,,48.0,,,,,,,8.0,,114.0,,,,,,,,,,,3.75,,,,2580.0,,,,,,,,,,,61.0,,0.627,,1.706,,,,,,,,,,,,,,,70.0,,458.0,,3.29,,0.175,,,,,,,,,,,,,,,0.8,,30.0,,,,,,,,0.053,,0.29,0.73,,,,241.0,,0.158,13.3,,85.5,0.52,,Spices and Herbs,"Gluten-Free,Vegan,Vegetarian",6,River Mint,100.0,414.7,0.76,,6.5
,,,,,,,,150.0,,3.0,,,,,,,,25.0,,,,,,,2.0,,,,,,,,,,,,,2.5,,,,,,,,,,,,,,,,,,,,,,,,,,,,,,,,,,,,,,2.5,,,,,,,,,,,,,,,,,,,1500.0,,,,,,,,,,,0.5,,,,,,,,,,,,Spices and Herbs,"Gluten-Free,Vegan,Vegetarian",6,Saltbush,100.0,28.9,1.09,,7.5
0.032,,0.026,,0.057,2.5,,,40.0,,2.97,,269.0,,,0.03,,0.007,14.0,0.03,0.082,0.041,,,,1.6,,36.0,36.0,36.0,,0.65,,0.69,0.067,0.029,0.015,,0.2,0.022,,0.033,,,0.029,,,,,,,,,11.0,,0.07,0.007,0.165,,,,,,,,,,,,,0.244,0.022,24.0,2.5,260.0,0.019,0.69,,0.057,,,,,,,,,,,,,,,0.4,0.025,80.0,,,,,,,,0.021,0.019,1.34,0.17,0.007,0.015,0.029,22.0,,0.07,3.1,,95.43,0.13,,Spices and Herbs,"Gluten-Free,Vegan,Vegetarian",6,Sea Celery,100.0,29.3,0.27,,7.3
,,,,,,,,,,,,,,,,,,,,,,,,,,,,,,,,,,,,,,,,,,,,,,,,,,,,,,,,,,,,,,,,,,,,,,,,,,,,,,,,,,,,,,,,,,,,,,,,,,,,,,,,,,,,,,,,,,,,,,Spices and Herbs,"Gluten-Free,Vegan,Vegetarian",6,Strawberry Gum,100.0,770.6,3.89,,4.0
,,,,,,,,30.0,,12.5,,,,,,,,,,,,,,,6.0,,,65.0,65.0,,,,,,,,,2.5,,,,,,,,,,,,,,,40.0,,,,,,,,,,,,,,,,,,,,,950.0,,1.5,,,,,,,,,,,,,,,,,,,15.0,,,,,,,,,,,0.5,,,,,,,150.0,,,0.75,,Fruits and Fruit Juices,"Gluten-Free,Vegan,Vegetarian",6,Tanami Apple,100.0,14.1,0.93,,3.5
,,,,,,,,57.0,,2.3,,1450.0,,,,,,14.0,,,,,,,1.3,,,,95.0,,,,,,,,,1.1,,,,,,,,,,,,,,,18.0,,,,0.2,,,,,,,,,,,,,,,20.0,,236.0,,1.5,,,,,,,,,,,,,,,,,,,10.0,,,,,,,,,,,0.2,,,,121.0,,0.1,13.0,,95.8,0.1,,Vegetables and Vegetable Products,"Gluten-Free,Vegan,Vegetarian",6,Warrigal Greens,100.0,290.0,0.72,,5.9
,,,,,,,,,,56.5,,,,,,,,365.0,,,0.8,,,,28.0,,,,,,,,,,,,,,,,,,,,,,,,,,,,,,,,,,,,,,,,,,,,,,,,,,,17.5,,,,,,,,,,,,,,,,,,,10.0,,,,,,,,,,0.5,7.0,,,,,,,,,,,,Nuts and seeds,"Gluten-Free,Vegan,Vegetarian",6,Wattleseed,100.0,28.9,1.09,,6.0
,,,,,,,,215.0,,11.3,,350.0,,,0.21,,,49.0,,,,,,,4.3,,,,2.0,,,,,,,,,1.48,,,,,,,,,,,,,,,150.0,,0.17,,0.61,,,,,,,,,,,,,,,51.0,,280.0,,1.83,,0.07,,,,,,,,,,,,,,,0.7,,3.0,,,,,,,,0.05,,9.92,0.63,,,,29.0,,0.23,12.0,,85.3,0.23,,Spices and Herbs,"Gluten-Free,Vegan,Vegetarian",6,Wild Rosella,100.0,28.9,1.09,,6.0
0.12,,0.199,1.48,0.334,,0.6,,177.0,,2.65,,3142.0,,11.4,0.3,,0.033,23.0,0.027,0.388,0.046,,,,1.6,,68.0,68.0,68.0,,,,,0.413,0.146,0.071,,3.17,0.126,,0.222,5650.0,,0.2,,,0.001,,0.026,,,,64.0,,1.148,0.054,0.902,0.076,0.312,,,,,,,,,,,0.209,0.155,56.0,,295.0,0.117,3.17,,0.177,,0.001,,0.001,,0.038,,0.005,,,,,,,0.3,0.138,4.0,,,,,,,,0.034,0.113,0.3,0.64,0.045,0.089,0.17,264.0,,0.134,18.0,,92.06,0.81,,Spices and Herbs,"Gluten-Free,Vegan,Vegetarian",6,Basil (Italian and Thai),100.0,414.8,0.8,,5.9
0.076,,0.091,0.87,0.165,,,,14.0,,8.8,,534.0,,25.1,0.129,,0.024,40.0,0.021,0.218,0.089,,,,1.5,,23.0,23.0,23.0,,,,,0.222,0.07,0.044,,1.03,0.066,,0.106,709.0,1345.0,0.101,,,0.003,,0.017,,,,23.0,,0.249,0.026,1.282,0.198,0.02,,,,,,,,,,,0.339,0.067,43.0,,322.0,0.071,1.87,,0.091,,0.001,,0.004,,0.073,0.001,0.008,,,,,,,0.5,0.07,9.0,,,,,,,,0.07,0.061,5.3,0.44,0.026,0.051,0.081,48.0,,0.506,144.0,,88.02,0.26,,Spices and Herbs,"Gluten-Free,Vegan,Vegetarian",6,Chili (fresh),100.0,14.2,0.69,,6.0
0.556,,0.547,6.04,1.006,,,,148.0,,56.63,,18881.0,,61.3,0.385,,0.091,318.0,1.523,9.243,3.266,,,,27.2,,106.0,106.0,106.0,,,,,1.077,0.419,0.246,,7.8,0.45,,0.771,3881.0,52627.0,0.589,,,0.024,,1.499,,,,152.0,,3.84,0.14,8.702,8.65,0.593,,,,,,,,,,,2.497,0.407,293.0,,2014.0,0.38,12.01,,0.919,,0.002,,0.02,,2.235,0.009,0.985,0.015,,,,,,9.3,0.485,30.0,,,,,,,,0.328,0.406,10.34,17.27,0.142,0.263,0.537,2081.0,,2.45,76.4,,8.05,2.48,,Spices and Herbs,"Gluten-Free,Vegan,Vegetarian",6,Chili (dried flakes),100.0,80.3,29.83,0.002,5.7
,,,8.6,,,,,1256.0,,60.1,,560.0,,31.2,0.771,,,269.0,1.691,4.869,0.85,,,,34.6,,25.0,25.0,25.0,,,,,,,,,38.65,,,,,,,,,,,1.676,,,,262.0,,5.097,,2.37,4.739,0.13,,,,,,,,,,,0.784,,146.0,,1030.0,,7.03,,0.26,,,,0.015,,0.687,,0.148,,,,,,,8.3,,46.0,,,,,,,,0.16,,1.16,13.92,,,,56.0,,0.32,,,10.35,2.76,,Spices and Herbs,"Gluten-Free,Vegan,Vegetarian",6,Chinese Five Spice,100.0,17.8,6.8,,6.2
0.093,,0.108,1.47,0.198,,,,67.0,,3.67,,3937.0,,17.0,0.225,,0.021,23.0,0.021,0.33,0.016,,,,2.8,,62.0,62.0,62.0,,,,,0.297,0.093,0.057,,1.77,0.09,,0.147,865.0,,0.128,,,0.001,,0.019,,,,26.0,,0.426,0.038,1.114,0.091,0.239,,,,,,,,,,,0.57,0.098,48.0,,521.0,0.076,2.13,,0.162,,0.001,,0.001,,0.011,,0.003,,,,,,,0.9,0.09,46.0,,,,,,,,0.067,0.082,0.87,0.52,0.028,0.063,0.111,337.0,,0.149,27.0,,92.21,0.5,,Spices and Herbs,"Gluten-Free,Vegan,Vegetarian",6,Cilantro / Coriander (leaf),100.0,310.0,2.5,,5.9
0.6,,0.589,6.01,1.101,58.0,,,709.0,,54.99,,64.0,,32.1,0.975,,0.16,298.0,11.139,2.164,0.99,,,,41.9,,140.0,140.0,140.0,,,,,2.441,0.536,0.274,,16.32,0.457,,0.778,,,0.686,,,0.007,,11.104,,,,333.0,,1.78,0.14,2.909,2.05,0.114,,,,,,,,,,,0.447,0.489,409.0,58.0,1267.0,0.419,12.37,,0.322,,,,0.02,,0.803,,0.167,,,,,,,12.2,0.597,35.0,,,,,,,,0.232,0.428,0.87,17.77,0.13,0.27,0.601,5.0,,0.416,21.0,,8.86,4.7,,Spices and Herbs,"Gluten-Free,Vegan,Vegetarian",6,Cilantro / Coriander (seed),100.0,34.5,3.33,0.002,5.7
,,,2.6,,,,,830.0,,24.0,,1440.0,,15.0,0.16,,,108.0,0.1,0.2,0.2,,,,6.4,,,,,,,,,,,,,3.1,,,,,,,,,,,,,,,44.0,,0.16,,2.1,,,,,,,,,,,,,,,57.0,,390.0,,6.1,,0.21,,,,,,,,,,,,,,,,,20.0,,,,,,,,0.08,,,1.0,,,,120.0,,0.05,4.0,,66.3,0.6,,Spices and Herbs,"Gluten-Free,Vegan,Vegetarian",6,Curry Leaves,100.0,770.6,3.89,,5.9
,,,,,,,,50.0,,7.0,,,,,,,,30.0,,,,,,,5.0,,,,,,,,,,,,,1.0,,,,,,,,,,,,,,,15.0,,,,,,,,,,,,,,,,,,,,,150.0,,2.0,,,,,,,,,,,,,,,,,,,5.0,,,,,,,,,,1.0,0.5,,,,,,,10.0,,80.0,,,Spices and Herbs,"Gluten-Free,Vegan,Vegetarian",6,Kaffir Lime Leaves,100.0,,0.75,,6.0
0.076,,0.071,3.64,0.169,14.0,,,65.0,12.0,25.31,,42.0,,8.8,0.266,,0.017,99.0,0.081,0.187,0.134,,,,5.1,,,,75.0,,,,,0.235,0.079,0.038,,5.2,0.06,,0.093,,,0.081,,,,,0.081,,,,60.0,,0.63,0.018,0.601,0.099,0.088,,,,,,,,,,,0.076,0.066,101.0,26.0,521.0,0.055,1.82,,0.135,,,,,,0.091,,0.019,,,,,,,0.7,0.076,6.0,,,,,,,,0.065,0.064,2.45,0.49,0.021,0.038,0.081,7.0,,0.075,2.6,,68.74,0.44,,Spices and Herbs,"Gluten-Free,Vegan,Vegetarian",6,Lemongrass,100.0,8.5,,,5.9
,,,,,,,,280.0,,45.4,,,,,,,,352.5,,,,,,,18.2,,,,,,,,,,,,,2.3,,,,,,,,,,,,,,,154.0,,,,,,,,,,,,,,,,,,,,,1070.0,,6.9,,,,,,,,,,,,,,,,,,,29.0,,,,,,,,,,,9.3,,,,,,,,,,,,Spices and Herbs,"Gluten-Free,Vegan,Vegetarian",6,Mountain Pepper / Pepperberry,100.0,56.3,13.6,0.002,5.7
,,,99.0,,,,,30.0,,,,,,,0.03,,,,,,,,,,,,,,,,,,,,,,,0.2,,,,,,,,,,,,,,,30.0,,0.01,,,,,,,,,,,,,,,,,,,10.0,,,,,,,,,,,,,,,,,,,0.1,,38000.0,,,,,,,,,,,,,,,,,,,,1.0,0.1,,Spices and Herbs,"Gluten-Free,Vegan,Vegetarian",6,Salt / Sea Salt Flakes,100.0,,,,7.0
0.776,,2.656,4.43,1.63,498.0,,,975.0,98.0,23.45,,9.0,,25.6,4.082,,0.324,573.0,18.755,21.773,6.957,,,,11.8,,97.0,97.0,97.0,,,,,4.098,1.139,0.472,,14.55,0.697,,1.258,,,0.49,,,0.082,,18.663,0.01,,,351.0,,2.496,0.548,4.515,21.724,0.49,,,,,,,,,,,0.05,0.884,629.0,714.0,468.0,0.732,17.73,,0.247,,0.014,,0.071,,4.292,0.012,2.375,0.165,0.021,,,,,34.4,0.875,11.0,,85.0,,,,,,0.791,0.655,0.3,49.7,0.28,0.543,1.054,,,0.79,,,4.69,7.75,Sesame seeds,Nuts and seeds,"Gluten-Free,Vegan,Vegetarian",6,Sesame Oil / Seeds,100.0,3.7,0.25,,6.5
,,,,,,,,550.0,,62.0,,500.0,,,0.6,,,320.0,,,,,,,35.0,,,,,,,,,,,,,17.0,,,,,,,,,,,,,,,280.0,,3.5,,2.5,,,,,,,,,,,,,,,180.0,,1150.0,,9.5,,0.25,,,,,,,,,,,,,,,,,15.0,,,,,,,,0.15,,,6.5,,,,83.0,,0.28,7.5,,9.0,2.5,,Spices and Herbs,"Gluten-Free,Vegan,Vegetarian",6,Szechuan Pepper,100.0,56.3,10.22,0.002,5.7
,0.01,,1.17,,,,,27.0,,17.0,,,,1.1,0.041,,,88.0,,,,,,,,1.1,4.0,4.0,4.0,,,,,,,,,0.72,,,,,,,,,,,,,,,12.0,,0.09,,0.076,,,,,,,,,,,,,0.038,,19.0,,133.0,,0.49,,0.013,,,,,,,,,,,,,,,0.3,,23.0,,,,,,,,0.007,,15.0,0.04,,,,,,0.019,,,75.3,0.12,,Sauces,"Gluten-Free,Vegan,Vegetarian",6,"Vinegar (Balsamic, Wine, Rice)",100.0,6.0,0.28,,3.4
,,,,,,,,15.0,,78.0,,,,,,,,305.0,,,,,,,,,,,,,39.0,,39.0,,,,,0.7,,,,,,,,,,,,,,,,,,,,,,,,,,,,,,,,,,,,,,0.5,,,,,,,,,,,,,,,,,,,55.0,,,,,,,,,,78.0,,,,,,,,,,20.0,,,syrups,"Vegan,Vegetarian",6,Golden Syrup,100.0,,0.01,,6.8
,,,9.38,,,,,32.0,,71.8,,,,14.8,0.129,,,374.0,1.87,1.39,3.12,,,,3.8,,13.0,13.0,13.0,,,,,,,,,1.83,,,,,,,,,,,1.764,,,,16.0,,0.05,,1.34,1.365,0.02,,,,,,,,,,,,,66.0,,353.0,,6.88,,0.045,,,,,,1.829,,1.159,,,,,,,2.4,,3323.0,,,,,,,,0.046,,1.39,6.88,,,,,,0.06,,,5.06,0.28,"Cereals containing gluten,Milk,Soybeans",Spices and Herbs,,6,Gravy Powder,100.0,1.8,0.06,,6.0
,,,2.9,,,,,12.0,,25.8,10.0,349.0,,12.1,0.07,,,100.0,0.015,0.03,0.016,,,,1.3,,9.0,9.0,9.0,,4.8,,4.8,,,,,0.4,,,,129.0,10400.0,,,,,,0.015,,,,14.0,,0.06,,1.1,0.025,0.005,,,,,,,,,,,,,30.0,,284.0,,1.4,,0.02,,,,,,0.011,,0.003,,,,,,,0.5,,1120.0,,,12.8,,,,,0.03,,22.8,0.1,,,,37.0,,0.12,15.1,,69.8,0.06,,Tomato-based condiments,"Gluten-Free,Vegan,Vegetarian",6,Ketchup / Tomato Sauce,100.0,9.3,0.3,,3.4
,0.1,,2.7,,,,,8.0,,2.5,,,,1.0,0.012,,,18.0,,,,,,,,,1.0,1.0,1.0,,,,,,,,,0.08,,,,,,,,,,,,,,,2.0,,0.038,,0.03,,,,,,,,,,,,,,,8.0,,28.0,,0.1,,0.002,,,,,,,,,,,,,,,0.3,,5.0,,,,,,,,0.002,,0.2,,,,,,,0.006,,,94.66,0.01,Cereals containing gluten,Sauces,"Gluten-Free,Vegan,Vegetarian",6,Malt Vinegar,100.0,6.0,0.01,,3.4
0.77,,0.74,58.76,1.13,,4.1,,16.0,,15.4,,,13.0,25.1,0.091,,0.12,269.0,2.977,1.834,4.676,0.036,0.036,,0.5,,8.0,8.0,8.0,,0.47,,0.81,2.06,0.81,0.35,0.02,0.81,0.52,0.06,0.94,,,0.82,,,,,,,,,32.0,0.12,0.034,0.3,0.738,,,,,,,,,,,,,0.23,0.5,97.0,,262.0,0.62,12.11,,0.065,,,,,,,,,,,,,,,3.8,0.52,22960.0,1.77,,0.43,,,,,0.016,0.44,3.99,10.53,0.11,0.35,0.59,,0.02,0.093,,,3.2,0.61,,Spices and Herbs,"Gluten-Free,Vegan,Vegetarian",6,Stock Cubes,100.0,0.5,0.07,,11.0
,53.79,,0.28,,,,,,,12.65,,,,,,,,288.0,,,,,,,,,,,,,,,,,,,,,,,,,,,,,,,,,,,,,0.014,,,,,,,,,,,,,,,,,,,12.0,,0.06,,,,,,,,,,,,,,,,,,,11.0,,,,,,,,,,12.65,0.06,,,,,,,,,32.8,,,Not included in a food category,"Gluten-Free,Vegan,Vegetarian",6,Vanilla Essence,100.0,7.3,0.79,,6.0
,,,,,,,,12.0,,15.6,,,,,0.05,,,196.0,,,0.1,,,,4.1,,2000.0,2000.0,2000.0,,,,,,,,,1.1,,,,,,,,,,,,,,,71.0,,0.1,,50.0,,,,,,,,,,,,,,,370.0,,950.0,,25.9,,17.0,,,,,,,,,,,,,,,10.0,,3520.0,,,,,,,,11.0,,2.4,0.9,,,,,0.1,0.9,,,47.7,1.4,,Not included in a food category,"Vegan,Vegetarian",6,Vegemite,100.0,28.9,1.09,,6.0
,0.13,,0.19,,,,,7.0,,0.93,,,,0.6,0.008,,,21.0,0.002,0.001,0.002,,,,,,1.0,1.0,1.0,,0.14,,0.15,,,,,0.2,,,,,,,,,,,,,,,5.0,,0.247,,0.046,,,,,,,,,,,,,0.01,,8.0,,73.0,,0.04,,0.008,,,,,,,,,,,,,,,0.4,,5.0,,,0.05,,,,,0.003,,0.4,0.01,,,,,,0.02,,,93.8,0.04,,Apples,"Gluten-Free,Vegan,Vegetarian",6,Apple Cider / Cider Vinegar,100.0,0.1,0.28,,3.4
0.006,,0.006,0.17,0.022,,,,6.0,,82.4,,,,,0.025,,0.002,304.0,0.007,0.003,0.019,,,,,,2.0,2.0,2.0,,40.9,,35.7,0.046,0.003,0.002,,0.42,0.002,,0.007,,,0.009,,,,,,,,,2.0,1.4,0.08,0.001,0.121,,,,,,,,,,,,,0.068,0.006,4.0,,52.0,0.117,0.3,,0.038,,,,,,,,,,,,,,,0.8,0.007,4.0,,,0.9,,,,,0.006,0.003,82.1,,0.002,0.005,0.005,,,0.024,0.5,,17.1,0.22,,Sugars and honey,"Gluten-Free,Vegetarian",6,Honey (especially Leatherwood),100.0,,0.01,,6.8
,,,,,,,,,,,,,,,,,,,,,,,,,,,,,,,,,,,,,,,,,,,,,,,,,,,,,,,,,,,,,,,,,,,,,,,,,,,,,,,,,,,,,,,,,,,,,,,,,,,,,,,,,,,,,,,,,,,,,,Spices and Herbs,"Gluten-Free,Vegan,Vegetarian",6,Kunzea,100.0,770.6,3.89,,5.9
,,,9.2,,,,,1083.0,,60.4,,457.0,,,0.395,,,263.0,0.59,2.11,0.61,,,,28.3,,107.0,107.0,107.0,,,,,,,,,8.36,,,,,,,,,,,,,,,256.0,,3.012,,3.8,,,,,,,,,,,,,0.45,,120.0,,1610.0,,6.8,,0.28,,,,,,,,,,,,,,,2.5,,100.0,,,,,,,,0.2,,,3.7,,,,38.0,,0.13,10.8,,9.9,1.5,,Spices and Herbs,"Gluten-Free,Vegan,Vegetarian",6,Lavender,100.0,770.6,3.89,,5.9
0.231,,0.301,3.64,0.52,,,,189.0,,24.45,188.0,2855.0,,,0.555,,0.043,101.0,0.252,0.825,0.471,,,,14.0,,274.0,274.0,274.0,,0.6,,0.56,0.669,0.222,0.111,,17.45,0.219,,0.354,,,0.27,,,,,0.198,,,,160.0,,1.719,0.06,1.824,0.126,0.62,,,,,,,,,,,0.409,0.201,106.0,,609.0,0.206,5.56,,0.21,,,,,,0.327,,0.009,,,,,,,4.6,0.231,9.0,,,0.53,,,,,0.09,0.2,1.7,1.7,0.046,0.142,0.254,238.0,,0.348,160.1,,78.65,1.1,,Spices and Herbs,"Gluten-Free,Vegan,Vegetarian",6,Lemon Thyme,100.0,1714.5,0.75,,5.9
,,,,,,,,280.0,,45.4,,,,,,,,352.5,,,,,,,18.2,,,,,,,,,,,,,2.3,,,,,,,,,,,,,,,154.0,,,,,,,,,,,,,,,,,,,,,1070.0,,6.9,,,,,,,,,,,,,,,,,,,29.0,,,,,,,,,,,9.3,,,,,,,,,,,,Spices and Herbs,"Gluten-Free,Vegan,Vegetarian",6,Mountain Pepper (Tasmanian Pepperberry),100.0,56.3,13.6,0.002,5.7
,,,,,,,,3.0,,3.26,,,,17.3,0.318,,,22.0,0.01,0.16,0.05,,,,1.0,,17.0,17.0,17.0,,,,,,,,,0.5,,,,,,,,,,,,,,,9.0,,0.047,,3.607,,,,,,,,,,,,,1.492,,86.0,,318.0,,3.09,,0.402,,,,,,,,,,,,,,,9.3,,5.0,,,,,,,,0.081,,1.98,0.34,,,,,0.04,0.104,2.1,,92.45,0.52,,Vegetables and Vegetable Products,"Gluten-Free,Vegan,Vegetarian",6,Mushrooms (Wild & Cultivated),100.0,0.1,0.01,,5.9
,,,8.05,,,,,293.0,,53.99,,29551.0,,17.5,0.697,5507.0,,282.0,1.54,7.77,2.18,,,,34.9,,49.0,49.0,49.0,,,,,,,,,21.1,,,,18376.0,,,,,,,,,,,178.0,,2.454,,9.1,,,,,,,,,,,,,2.519,,314.0,,2280.0,,13.99,,1.09,,,,,,,,,,,,,,,4.5,,68.0,,,,,,,,0.33,,10.34,12.89,,,,2463.0,,2.141,0.3,,8.05,4.33,,Spices and Herbs,"Gluten-Free,Vegan,Vegetarian",6,Paprika (Smoked),100.0,80.3,29.1,0.002,5.7
,36.6,,0.05,,,,,,,,,,,,,,,250.0,,,,,,,,,,,,,,,,,,,,0.02,,,,,,,,,,,,,,,,,,,,,,,,,,,,,,,,,,1.0,,1.0,,,,,,,,,,,,,,,,,,,,,,,,,,,,,,,,,,,,,,,,,62.4,,,Beverages,"Gluten-Free,Vegan,Vegetarian",6,Whisky,100.0,,,,3.5
,,,,,,,,40.0,,15.6,,,,,,,,81.5,,,,,,,8.8,,,,,,,,,,,,,0.8,,,,,,,,,,,,,,,14.0,,,,,,,,,,,,,,,,,,,,,228.0,,1.6,,,,,,,,,,,,,,,,,,,3.0,,,,,,,,,,,1.1,,,,,,,17.0,,,,,Fruits and Fruit Juices,"Gluten-Free,Vegan,Vegetarian",6,Muntries,100.0,14.1,0.93,,3.6
,0.08,,0.83,,,,,27.0,,17.03,,,,4.1,0.038,,,88.0,,,,,,,,,,,,,7.44,,7.44,,,,,0.72,,,,,,,,,,,,,,,12.0,,0.125,,0.076,,,,,,,,,,,,,0.012,,19.0,,112.0,,0.49,,0.013,,,,,,,,,,,,,,,0.2,,23.0,,,,,,,,,,14.88,,,,,,,0.007,,,81.65,0.08,,Sauces,"Gluten-Free,Vegan,Vegetarian",6,Vinegar (Wine and Balsamic),100.0,6.0,0.28,,3.4
0.129,,0.198,1.5,0.27,,,,177.0,,2.65,3.0,3142.0,,15.5,0.34,,0.038,23.0,0.046,0.395,0.046,,,,1.6,,68.0,68.0,68.0,,,,,0.354,0.131,0.065,,3.17,0.139,,0.211,5650.0,,0.179,,,,,0.046,,,,64.0,,1.15,0.057,0.902,0.265,0.13,,,,,,,,,,,0.209,0.138,56.0,,295.0,0.106,3.15,,0.177,,,,,,0.039,,0.003,,,,,,,0.3,0.134,4.0,,,,,,,,0.034,0.119,0.3,0.64,0.037,0.091,0.178,264.0,,0.155,18.0,,92.06,0.81,,Spices and Herbs,"Gluten-Free,Vegan,Vegetarian",6,Basil (especially Thai),100.0,414.8,0.8,,5.9
0.076,,0.081,0.87,0.19,,,,14.0,,8.8,4.0,534.0,,21.6,0.129,42.0,0.017,40.0,0.024,0.239,0.038,,,,1.5,,23.0,23.0,23.0,,,,,0.252,0.07,0.04,,1.03,0.065,,0.098,709.0,,0.096,,,,,0.024,,,,23.0,,0.22,0.017,1.28,0.22,0.019,,,,,,,,,,,0.33,0.064,43.0,,322.0,0.067,1.87,,0.08,,,,,,0.022,,0.003,,,,,,,0.5,0.08,9.0,,,,,,,,0.07,0.059,5.3,0.44,0.027,0.037,0.076,48.0,,0.509,144.0,,88.02,0.26,,Spices and Herbs,"Gluten-Free,Vegan,Vegetarian",6,Chili (fresh and dried),100.0,14.9,0.68,,3.5
0.1,,0.334,0.65,0.21,,,,16.0,,5.46,,,,9.9,0.208,,0.04,230.0,1.01,0.252,21.1,,,,2.2,,16.0,16.0,16.0,,,,,0.485,0.103,0.059,,1.6,0.105,,0.18,,,0.108,,,,,1.01,,,,37.0,,0.916,0.061,0.536,0.23,,,,,,,,,,,,0.231,0.119,100.0,,263.0,0.088,2.29,,0.023,1.64,10.32,,3.86,,1.89,,0.64,,,,,,1.95,6.2,0.108,10.0,,,,,,,,0.029,0.084,2.91,23.8,0.026,0.076,0.136,,,0.057,2.8,,67.8,0.67,"Milk,Nuts,Nuts (coconut)",Plant-based milk,Vegetarian,6,"Coconut (milk, cream)",100.0,0.7,0.27,,6.0
0.301,,0.811,1.09,0.796,,,,85.0,,13.82,,,,35.8,0.757,,0.125,718.0,58.889,1.517,12.064,,,,8.6,,11.0,11.0,11.0,,,,,1.68,0.384,0.203,,3.69,0.354,,0.603,,,0.316,,,1.2,,57.3,,,,130.0,,4.13,0.089,2.47,1.3,0.21,,,,,,,,,,,1.25,0.395,188.0,,368.0,0.329,7.91,,0.11,,,,,,7.42,,2.6,,,,,,,3.6,0.457,5.0,,,,,,,,1.195,0.259,4.57,75.77,0.081,0.25,0.449,,,0.275,1.2,,1.36,1.3,"Nuts,Nuts (macadamia nuts)",Nuts and seeds,"Gluten-Free,Vegan,Vegetarian",12,Macadamia Nuts / Oil,100.0,12.0,0.54,,6.4
,,,,,,,,1.0,,99.8,,,,,,,,380.0,,,,,,,,,,,,,,,,,,,,0.03,,,,,,,,,,,,,,,1.0,,0.003,,,,,,,,,,,,,,,,,2.0,,1.0,,,,,,,,,,,,,,,,,,,,,1.0,,,,,,,,,,99.8,,,,,,,,,,0.2,0.01,,Sugars and honey,"Gluten-Free,Vegan,Vegetarian",6,Palm Sugar / Brown Sugar,100.0,28.9,1.09,,6.0
,0.02,,0.18,,,,,10.0,,3.65,,,,0.8,0.007,,,15.0,,,,,,,,,,,,,,,,,,,,0.17,,,,,,,,,,,,,,,2.0,,0.004,,0.005,,,,,,,,,,,,,0.016,,2.0,,35.0,,0.1,,0.002,,,,,,,,,,,,,,,0.1,,2.0,,,,,,,,0.008,,3.65,0.01,,,,,,0.007,,,96.06,0.05,,Sauces,"Gluten-Free,Vegan,Vegetarian",6,"Vinegar (Rice, White Wine)",100.0,6.0,0.01,,3.4
0.088,,0.078,,0.28,,,,14.0,,8.81,,534.0,,20.0,0.129,,0.02,40.0,0.03,0.2,0.07,,,,1.5,,23.0,23.0,23.0,,,,,0.239,0.076,0.046,,1.03,0.063,,0.096,709.0,,0.091,,,,,0.02,,,,23.0,,0.191,0.026,1.28,0.17,0.03,,,,,,,,,,,0.301,0.069,43.0,,322.0,0.063,1.87,,0.091,,,,,,0.05,,0.01,,,,,,,0.5,0.086,9.0,,,,,,,,0.09,0.06,5.09,0.44,0.027,0.047,0.074,48.0,,0.51,144.0,,88.02,0.26,,Vegetables and Vegetable Products,"Gluten-Free,Vegan,Vegetarian",6,"Chili (fresh, flakes, paste)",100.0,14.3,0.69,,5.9
,,,,,,,,100.0,,20.0,,,,,0.5,,,550.0,15.0,20.0,5.0,,,,10.0,,,,,,,,,,,,,4.0,,,,,,,,,,,,,,,150.0,,1.0,,,,,,,,,,,,,,,,,350.0,,400.0,,20.0,,,,,,,,,,,,,,,,,,,500.0,,,,,,,,,,3.0,45.0,,,,,,,,,2.0,2.0,"Nuts,Sesame seeds",Spices and Herbs,Vegetarian,6,Dukkah,100.0,89.5,4.41,,6.2
0.048,,0.057,,0.084,,,,23.0,,9.34,,,,6.1,0.039,,0.01,40.0,0.01,0.03,0.04,,,,1.7,,19.0,19.0,19.0,,2.05,,1.05,0.14,0.047,0.021,,0.21,0.034,,0.052,4.0,,0.05,,,,,0.009,,,,10.0,,0.129,0.01,0.116,0.021,0.006,,,,,,,,,,,0.123,0.036,29.0,,146.0,0.032,1.1,,0.027,,,,,,0.028,,0.007,,,,,,,0.5,0.035,4.0,,,0.99,,,,,0.046,0.031,4.24,0.1,0.013,0.026,0.046,,,0.12,7.4,,89.11,0.17,,Vegetables and Vegetable Products,"Gluten-Free,Vegan,Vegetarian",6,Onions / Shallots,100.0,2.0,0.02,,5.9
0.61,,0.77,,1.39,,,,306.0,,55.7,,26369.0,,20.0,0.69,737.0,0.17,289.0,1.95,6.84,2.17,,,,34.8,,49.0,49.0,49.0,,5.16,,5.19,2.65,0.62,0.3,,21.1,0.54,,0.82,8900.0,,0.65,,,,,1.83,,,,178.0,,2.96,0.22,14.5,6.64,0.2,,,,,,,,,,,2.5,0.51,353.0,,2270.0,0.63,13.9,,1.13,0.01,0.01,,0.04,,1.4,,0.53,0.03,0.05,0.02,,,,3.9,0.69,68.0,,,,,,,,0.33,0.44,10.35,12.9,0.17,0.37,0.63,2463.0,,2.1,0.9,,9.6,4.3,,Spices and Herbs,"Gluten-Free,Vegan,Vegetarian",6,Paprika (sweet and smoked),100.0,80.3,29.1,0.002,5.7
0.749,,1.401,6.27,1.621,96.0,,,1438.0,8.0,28.13,,10.0,,24.3,1.627,,0.301,525.0,5.98,28.56,4.51,,,,19.5,,82.0,82.0,82.0,,,,,3.242,0.812,0.449,,9.76,0.733,,1.258,34.0,,0.589,,,0.05,,5.927,,,,347.0,,6.703,0.369,1.94,28.19,0.33,,,,,,,,,,,0.324,0.902,870.0,112.0,719.0,0.605,17.99,,0.179,,,,,,3.824,0.038,0.56,,,,,,,13.5,0.838,26.0,,8.0,,,,,,0.854,0.621,2.99,41.59,0.222,0.52,0.941,1.0,,0.247,1.0,,6.02,7.7,,Spices and Herbs,"Gluten-Free,Vegan,Vegetarian",6,Poppy Seeds,100.0,28.5,1.77,,6.0
0.826,,2.508,5.46,1.579,355.0,0.3,,975.0,112.0,23.45,,5.0,,25.6,4.082,,0.354,573.0,18.75,21.773,6.958,0.002,0.002,,11.8,,97.0,97.0,97.0,,0.01,,0.01,3.961,1.139,0.449,,14.55,0.778,,1.349,,,0.537,,,0.079,,18.584,0.087,0.001,,351.0,,2.496,0.505,4.515,21.369,0.38,,0.001,,,,,,,,,,0.909,629.0,714.0,468.0,0.771,17.73,,0.247,,0.003,,0.054,,4.542,0.016,2.056,0.076,0.074,0.137,,,,34.4,0.898,11.0,,8.0,0.28,,0.002,,,0.791,0.697,0.3,49.67,0.306,0.601,0.976,1.0,,0.79,,,4.69,7.75,Sesame seeds,Nuts and seeds,"Gluten-Free,Vegan,Vegetarian",6,Sesame Seeds / Oil / Tahini,100.0,3.8,0.25,,6.5
0.189,,0.198,2.1,0.298,,,,46.0,,43.1,,24.0,,11.4,0.088,,0.039,208.0,0.32,0.81,0.22,,,,3.8,,56.0,56.0,56.0,,,,,0.697,0.182,0.098,,0.52,0.189,,0.334,23.0,,0.281,,,,,0.316,,,,36.0,,0.301,0.084,2.59,0.75,0.06,,,,,,,,,,,0.155,0.231,106.0,,308.0,0.217,5.1,,0.165,,,,0.015,,0.176,0.003,0.026,,,,,,,0.7,0.203,2640.0,,,,,,,,0.057,0.158,27.5,1.8,0.039,0.133,0.224,2.0,,0.119,3.2,,47.9,0.37,,Soy-based condiments,"Gluten-Free,Vegan,Vegetarian",6,Gochujang,100.0,2.2,0.18,,4.5
0.706,,2.796,5.45,1.52,472.0,,,975.0,105.0,23.45,,9.0,,25.6,4.082,,0.304,573.0,18.759,21.181,6.957,,,,11.8,,97.0,97.0,97.0,,,,,3.75,0.992,0.505,,14.55,0.662,,1.189,11.0,,0.528,,,0.05,,18.303,0.071,,,351.0,,2.493,0.457,4.515,20.91,0.316,,,,,,,,,,,0.05,0.803,629.0,720.0,468.0,0.703,17.73,,0.247,,,,0.061,,4.821,0.054,0.547,0.187,0.258,0.03,,,,34.4,0.782,11.0,,56.0,,,,,,0.79,0.613,0.3,49.67,0.279,0.559,0.916,1.0,,0.79,,,4.69,7.75,Sesame seeds,Nuts and seeds,"Gluten-Free,Vegan,Vegetarian",6,Sesame Oil / Seeds / Tahini,100.0,3.7,0.25,0.005,6.0
0.825,,1.096,5.88,1.705,131.0,,,663.0,20.0,49.9,,31.0,,12.8,0.91,,0.283,333.0,6.44,3.27,0.62,,,,38.0,,10.0,10.0,10.0,,,,,3.239,0.902,0.457,,16.23,0.697,,1.25,180.0,,0.814,,,,,6.44,,,,258.0,,1.3,0.279,3.61,3.27,,,,,,,,,,,,0.505,0.827,575.0,165.0,1344.0,0.637,19.77,,0.38,,,,,,0.53,,0.09,,,,,,,12.1,0.865,17.0,,14.0,,,,,,0.36,0.631,0.64,14.59,0.126,0.499,0.95,3.0,,0.437,21.0,,9.87,5.48,,Spices and Herbs,"Gluten-Free,Vegan,Vegetarian",6,Caraway Seed (Kümmel),100.0,23.3,3.33,,6.0
,,,,,,29.2,,84.0,,11.3,,,,29.2,0.088,,,48.0,,,,,,,3.3,,56.0,,,,,,,,,,,1.17,,,,,,,,,,,,,,,47.0,,0.13,,0.443,,,,,,,,,,,,,,,67.0,,570.0,,2.21,,0.098,,,,,,,,,,,,,,,0.7,,30.0,,,,,,,,0.081,,6.94,0.2,,,,,,0.323,24.7,,88.08,0.52,,Spices and Herbs,"Gluten-Free,Vegan,Vegetarian",6,Horseradish (Kren),100.0,5.6,0.41,,6.0
,,,,,,,,26.0,,9.32,,3.0,,5.1,0.037,,,29.0,,,,,,,2.8,,11.0,,,,0.6,,0.6,,,,,0.6,,,,11.0,,,,,,,,,,,8.0,,0.03,,0.1,,,,,,,,,,,,,,,16.0,,138.0,,1.1,,0.02,,,,,,,,,,,,,,,0.4,,2.0,,,1.3,,,,,0.04,,2.5,0.3,,,,1.0,,0.08,53.0,,88.98,0.06,,Fruits and Fruit Juices,"Gluten-Free,Vegan,Vegetarian",6,Lemon (zest and juice),100.0,14.1,0.15,,3.6
,,,,,,,,320.0,,5.6,,3080.0,,,,,,28.0,,,,,,,2.1,,110.0,,,,,,,,,,,2.3,,,,,,,,,,,,,,,30.0,,,,,,,,,,,,,,,,,,,50.0,,450.0,,1.6,,,,,,,,,,,,,,,,,,,200.0,,,,,,,,,,,0.3,,,,257.0,,,36.0,,92.4,0.3,,Spices and Herbs,"Gluten-Free,Vegan,Vegetarian",6,Lovage,100.0,770.6,3.89,,5.9
,,,,,,,,7.0,,0.93,,,,0.3,0.008,,,21.0,,,,,,,,,,,,,,,,,,,,0.2,,,,,,,,,,,,,,,5.0,,0.033,,0.05,,,,,,,,,,,,,,,8.0,,73.0,,,,0.001,,,,,,,,,,,,,,,0.1,,5.0,,,,,,,,0.001,,0.4,,,,,,,0.001,,,93.81,0.04,,Apples,"Gluten-Free,Vegan,Vegetarian",6,Vinegar (especially apple cider),100.0,6.0,0.28,,3.4
,,,,,,,,265.0,,68.6,,,,12.0,0.457,,,304.0,,,,,,,26.5,,10.0,,,,,,,,,,,9.7,,,,136.0,,,,,,,,,,,188.0,,6.94,,1.1,,,,,,,,,,,,,,,216.0,,1390.0,,10.4,,0.2,,,,,,,,,,,,,,,2.4,,44.0,,,,,,,,0.1,,0.6,3.3,,,,,,0.3,,,12.3,1.13,,Spices and Herbs,"Gluten-Free,Vegan,Vegetarian",6,White Pepper,100.0,16.3,0.4,0.002,5.7
0.15,,0.18,1.1,0.26,,,,90.0,,4.35,,2610.0,,12.3,0.14,,0.03,30.0,0.05,0.36,0.1,,,,2.5,,105.0,105.0,105.0,,,,,0.43,0.13,0.05,,1.6,0.11,,0.18,300.0,,0.16,,,,,0.046,,,,27.0,,0.18,0.04,0.64,0.043,0.26,,,,,,,,,,,0.12,0.11,58.0,,296.0,0.13,3.27,,0.11,,,,0.005,,0.06,,0.027,,,,,,,0.9,0.12,3.0,,,,,,,,0.05,0.1,1.9,0.73,0.03,0.08,0.15,218.0,,0.16,58.1,,90.65,0.56,,Spices and Herbs,"Vegan,Vegetarian",6,Chives (Schnittlauch),100.0,212.7,1.58,,5.9
0.76,,1.98,5.5,1.69,27.0,,,1438.0,2.0,28.1,,2.0,,27.2,1.62,,0.26,525.0,5.9,28.6,4.5,,,,19.5,,82.0,82.0,82.0,,0.26,,0.26,4.26,0.94,0.56,,9.79,0.65,,1.08,,,0.59,,,,,5.8,,,,347.0,,6.7,0.37,1.73,28.2,0.38,,,,,,,,,,,0.32,0.77,870.0,31.0,363.0,0.76,18.0,,0.18,,,,0.03,,3.8,0.03,0.58,0.01,,,,,,13.5,0.79,26.0,,2.0,2.27,,,,,0.85,0.61,2.9,41.6,0.22,0.55,0.86,,,0.25,1.0,,6.2,7.9,,Spices and Herbs,"Vegan,Vegetarian",6,Poppy Seeds (Mohn),100.0,238.1,1.77,,6.0
1.36,,1.03,3.4,2.1,,,,1011.0,,0.36,,126.0,106.0,15.4,0.03,,0.09,413.0,9.1,0.9,20.2,0.95,0.95,,,,14.0,14.0,14.0,,,,,7.23,0.65,0.83,,0.26,1.8,,3.02,,,2.6,,,,,8.4,,,,33.0,,0.007,0.86,0.09,0.82,0.07,,,,,,,,,,,0.36,1.7,667.0,,81.0,3.1,29.8,260.0,0.4,0.9,1.0,,3.3,0.39,8.6,0.39,2.4,,,,1.1,0.63,0.39,14.5,1.63,336.0,,,,,,,,0.04,1.17,0.36,32.3,0.44,1.8,2.08,271.0,1.7,0.09,,,31.3,3.92,Milk,Cheese,Vegetarian,6,Cheese (especially strong mountain cheeses),100.0,2.6,0.2,,5.4
,,,,,,,,,,,,,95.0,,,,,900.0,45.0,11.1,39.2,,,,,,,,,,,,,,,,,0.01,,,,,,,,,2.6,,40.9,0.3,,,,,,,,9.7,1.4,,,,,,,,,,,,,,,,,,,,,0.04,,1.2,,25.8,,11.6,0.04,,,,,,,,,,,,,,,,,,,100.0,,,,,,,,,,,,Butter and animal fats,,6,Lard,100.0,5.9,0.6,0.232,6.5
0.67,,0.73,2.2,1.05,,,,11.0,,0.08,,,67.0,72.5,0.08,,0.1,370.0,16.5,5.2,13.8,,,,,,1.0,1.0,1.0,,,,,1.63,0.73,0.44,,0.76,0.57,,0.96,,,0.97,,,0.91,0.16,15.1,0.12,,,10.0,,0.007,0.3,3.88,4.6,0.56,,,,,,,,,,,0.59,0.5,131.0,,184.0,0.56,12.3,1.0,0.19,,0.04,,0.53,0.09,8.6,0.21,4.3,0.04,,,,,,20.9,0.52,1417.0,,,,,,,,0.39,0.54,0.08,37.3,0.14,0.45,0.62,1.0,0.66,0.26,,,48.7,1.34,,Pork Products,,6,Speck,100.0,1.5,0.25,,6.0
0.003,0.01,0.003,0.2,0.005,,,,7.0,,0.93,,,,,0.01,,0.001,21.0,,,,,,,,,,,,,0.14,,0.01,0.01,0.002,0.001,,0.2,0.002,,0.003,,,0.003,,,,,,,,,5.0,,0.03,0.001,0.06,,,,,,,,,,,,,0.05,0.002,8.0,,73.0,0.002,0.04,,,,,,,,,,,,,,,,,0.1,0.002,5.0,,,0.25,,,,,,0.002,0.4,,0.001,0.001,0.002,,,0.02,,,93.8,0.04,,Apples,"Vegan,Vegetarian",6,Apple Cider Vinegar,100.0,6.0,0.28,,3.4
,,,,,,,,,,5.0,,,,,,,,20.0,,,,,,,2.0,,,,,,,,,,,,,,,,,,,,,,,,,,,,,,,,,,,,,,,,,,,,,,,,,,,1.0,,,,,,,,,,,,,,,,,,,,,,,,,,,,,,0.2,,,,,,,5.0,,90.0,,,Spices and Herbs,"Gluten-Free,Vegan,Vegetarian",6,Elderflower,100.0,28.9,1.09,,6.0
,,,,,,,,,,,,,,,,,,884.0,30.8,47.8,17.5,,,,,,,,,,,,,,,,,,,,,,,,,,,,30.5,,,,,,,,,47.6,,,,,,,,,,,,,,,,,,,,,,,,,,12.2,,5.1,,,,,,,,,,,,,,,,,,,,100.0,,,,,,,,,,,,Fats and Oils,"Gluten-Free,Vegan,Vegetarian",6,Pumpkin Seed Oil (Kürbiskernöl),100.0,4.9,28.6,,6.0
,,,,,,,,243.0,,14.89,,2871.0,,11.2,0.329,,,70.0,,,,,,,8.0,,,114.0,114.0,,,,,,,,,5.08,,,,625.0,,,,,,,,,,,80.0,,1.6,,1.064,,,,,,,,,,,,,0.338,,73.0,,569.0,,3.75,,0.266,,,,,,,,,,,,,,,1.0,,31.0,,,,,,,,0.082,,,0.94,,,,241.0,,0.129,31.8,,78.65,1.11,,Spices and Herbs,"Gluten-Free,Vegan,Vegetarian",6,Mint (especially Brown Mint for Kasnudeln),100.0,492.7,0.08,,5.9
,,,,,,,,83.0,,3.3,,,17.0,14.1,0.016,,,98.0,1.25,0.11,2.82,,,,,,,13.0,13.0,,,,,,,,,0.08,,2.67,,,,,,,,,1.13,,,,8.0,,0.003,,0.106,0.07,,,,,,,,,,,,0.457,,146.0,,104.0,,11.1,40.0,0.233,,,,0.342,,1.09,,0.47,,,,,,,10.9,,328.0,,,,,,,,0.02,,2.67,4.3,,,,40.0,0.34,0.057,,,80.2,0.38,Milk,Cottage/ricotta cheese,Vegetarian,6,Topfen (Quark/Curd Cheese),100.0,28.9,1.09,,6.3
,3.9,,,,,,,4.0,,3.55,,,,9.9,0.005,,,43.0,,,,,,,,,,6.0,6.0,,,,,,,,,0.02,,,,,,,,,,,,,,,6.0,,0.005,,0.513,,,,,,,,,,,,,0.09,,24.0,,27.0,,0.46,,0.025,,,,,,,,,,,,,,,0.6,,4.0,,,,,,,,0.004,,,,,,,,0.02,0.046,,,91.95,0.01,Cereals containing gluten,Beverages,Vegetarian,6,Beer (for cooking),100.0,,,,3.5
,,,1.34,,,,,177.0,,2.65,31.0,3142.0,,11.4,0.3,,,23.0,0.046,0.384,0.054,,,,1.6,,,,68.0,,,,,,,,,3.17,,,,5650.0,,,,,,,0.043,,,,64.0,,1.148,,0.902,0.106,0.262,,,,,,,,,,,0.209,,56.0,,295.0,,3.15,,0.076,,,,0.001,,0.033,,0.009,,,,,,,0.3,,4.0,,,,,,,,0.034,,0.3,0.64,,,,264.0,,0.155,18.0,,92.06,0.81,,Spices and Herbs,"Gluten-Free,Vegan,Vegetarian",6,Basil (Reyhan),100.0,414.8,0.8,,5.9
,,,1.47,,,,,67.0,,3.67,72.0,3937.0,,12.8,0.113,,,23.0,0.031,0.231,0.016,,,,2.8,,,,62.0,,,,,,,,,1.77,,,,865.0,,,,,,,0.029,,,,26.0,,0.426,,1.114,0.133,0.091,,,,,,,,,,,0.57,,48.0,,521.0,,2.13,,0.162,,,,0.001,,0.012,,0.003,,,,,,,0.9,,46.0,,,,,,,,0.067,,0.87,0.52,,,,337.0,,0.149,27.0,,92.21,0.5,,Spices and Herbs,"Gluten-Free,Vegan,Vegetarian",6,Cilantro / Coriander (Kişniş),100.0,310.0,2.5,,5.9
,,,3.73,,,,,1000.0,,80.8,,112.0,,11.2,0.339,,,247.0,0.076,0.165,0.34,,,,53.1,,,,6.0,,,,,,,,,8.32,,,,220.0,,,,,0.002,,0.073,,,,60.0,,17.466,,1.332,0.155,0.01,,,,,,,,,,,0.398,,64.0,,431.0,,3.99,,0.041,0.007,0.007,,0.007,,0.274,,0.038,,,,,,,3.1,,10.0,,,,,,,,0.022,,2.17,1.24,,,,9.0,,0.158,3.8,,9.24,1.83,,Spices and Herbs,"Gluten-Free,Vegan,Vegetarian",6,Cinnamon (Darchin),100.0,31.2,2.32,0.002,5.7
,,,1.82,,,,,243.0,,14.89,,2410.0,,15.8,0.24,,,70.0,0.053,0.261,0.218,,,,8.0,,,,114.0,,,,,,,,,5.08,,,,7770.0,,,,,,,0.046,,,,80.0,,1.118,,1.706,0.151,0.09,,,,,,,,,,,0.338,,73.0,,569.0,,3.75,,0.266,,0.001,,0.002,,0.143,,0.038,,,,,,,0.8,,31.0,,,,,,,,0.082,,3.4,0.94,,,,202.0,,0.129,31.8,,78.65,1.09,,Spices and Herbs,"Gluten-Free,Vegan,Vegetarian",6,Mint (Nane),100.0,,0.94,,5.9
,,,0.53,,,,,10.0,,18.7,,,,7.6,0.158,,,83.0,0.063,0.122,0.12,,,,4.0,,,,38.0,,5.34,,5.21,,,,,0.3,,,,,,,,,0.003,,0.059,,,,12.0,,0.119,,0.29,0.027,0.095,,,,,,,,,,,0.377,,36.0,,236.0,,1.67,,0.05,,,,,,0.08,,0.038,,,,,,,0.5,,3.0,,,3.12,,,,,0.06,,13.67,1.17,,,,,,0.075,10.2,,77.93,0.35,,Fruits and Fruit Juices,"Gluten-Free,Vegan,Vegetarian",6,Pomegranate (fresh and Narsharab sauce),100.0,16.4,0.6,,3.6
,,,,,,,,111.0,,65.37,,374.0,,15.7,0.328,,,310.0,,,,,,,3.9,,,,93.0,,,,,,,,,11.1,,,,1120.0,,,,,,,,,,,264.0,,0.286,,1.46,,,,,,,,,,,,,0.774,,252.0,,1724.0,,11.43,,0.267,,,,,,,,,,,,,,,3.7,,148.0,,,,,,,,0.115,,,5.85,,,,31.0,,1.01,80.8,,11.9,1.09,,Spices and Herbs,"Gluten-Free,Vegan,Vegetarian",6,Saffron (Zafran),100.0,56.3,10.22,0.002,5.7
,,,,,,,,72.0,,7.34,,360.0,,9.3,0.081,,,32.0,,,,,,,2.6,,,,64.0,,,,,,,,,1.25,,,,1292.0,,,,,,,,,,,20.0,,0.205,,0.3,,,,,,,,,,,,,0.2,,37.0,,276.0,,1.83,,0.07,,,,,,,,,,,,,,,0.9,,16.0,,,2.33,,,,,0.05,,2.33,0.19,,,,30.0,,0.065,18.8,,89.98,0.37,,Vegetables and Vegetable Products,"Gluten-Free,Vegan,Vegetarian",6,Scallions,100.0,207.0,0.36,,5.9
,,,,,,,,58.0,,3.2,,3982.0,,9.3,0.074,,,21.0,,,,,,,2.9,,,,13.0,,,,,,,,,2.1,,,,2690.0,,,,,,,,,,,103.0,,0.457,,0.5,,,,,,,,,,,,,0.13,,61.0,,392.0,,1.6,,0.16,,,,,,,,,,,,,,,0.9,,4.0,,,,,,,,0.07,,,0.7,,,,332.0,,0.12,48.0,,92.0,0.47,,Spices and Herbs,"Gluten-Free,Vegan,Vegetarian",6,Sorrel,100.0,550.8,2.0,,5.9
,,,,,,,,,,50.0,,,,,,,,330.0,,,,,,,30.0,,,,,,,,,,,,,,,,,,,,,,,,,,,,,,,,,,,,,,,,,,,,,,,,,,,12.0,,,,,,,,,,,,,,,,,,,120.0,,,,,,,,,,,13.0,,,,,,,,,,,,Spices and Herbs,"Gluten-Free,Vegan,Vegetarian",6,Sumac (Sumakh),100.0,56.3,10.22,0.002,5.7
,,,,,,,,4.0,,,,480.0,256.0,0.9,,,,876.0,28.7,3.09,61.9,,,,,,,,,,,,,,,,,0.01,,,,,,,,,1.48,,26.15,,,,,,,,0.005,2.5,0.43,,,,,,,,,,,0.005,,3.0,,5.0,,0.28,840.0,0.003,2.8,2.64,,10.37,,26.68,,10.59,,,,2.95,1.83,1.2,1.1,,2.0,,,,,,,,,,,99.48,,,,840.0,,0.001,,0.6,0.23,0.01,Milk,Butter and animal fats,Keto,6,Butter (especially clarified),100.0,8.7,2.8,0.232,6.5
,,,,,,,,64.0,,73.1,,76.0,,24.3,0.283,,,280.0,0.046,0.233,0.151,,,,5.6,,29.0,29.0,29.0,,,,,,,,,2.5,,,,,,,,,,,,,,,53.0,,0.203,,2.2,,,,,,,,,,,,,0.245,,113.0,,941.0,,2.91,,0.126,,,,,,,,,,,,,,,0.6,,10.0,,,,,,,,0.05,,54.4,0.65,,,,10.0,,0.09,0.5,,18.9,0.4,,Dried fruits,"Gluten-Free,Vegan,Vegetarian",6,"Dried Fruits (especially apricots, plums)",100.0,4.4,0.7,,3.6
,,,,,,,,,,,,,,,,,,,,,,,,,,,,,,,,,,,,,,,,,,,,,,,,,,,,,,,,,,,,,,,,,,,,,,,,,,8.0,,,,,,,,,,,,,,,,,,,,,38758.0,,,,,,,,,,,,,,,,,,,,0.1,,,Spices and Herbs,"Gluten-Free,Vegan,Vegetarian",6,Salt (especially for preserving meat),100.0,,,,7.0
,,,,,,,,30.0,,16.0,,70.0,,,,,,67.0,,,,,,,3.8,,,,,,,,,,,,,1.0,,,,,,,,,,,,,,,15.0,,,,,,,,,,,,,,,,,,,30.0,,280.0,,1.0,,,,,,,,,,,,,,,,,,,,,,,,,,,,,,0.5,,,,7.0,,,105.0,,78.0,,,Fruits and Fruit Juices,"Gluten-Free,Vegan,Vegetarian",6,Cornelian Cherry (Zogal),100.0,14.1,0.93,,3.6
,,,,,,,,58.0,,5.4,,3896.0,,9.9,0.158,6.0,,29.0,0.021,0.297,0.059,,,,2.9,,13.0,13.0,13.0,,,,,,,,,2.41,,,,5210.0,,,,,,,,,,,103.0,,0.771,,0.4,,,,,,,,,,,,,0.063,,61.0,,500.0,,3.25,,0.16,,,,,,,,,,,,,,,0.9,,4.0,,,,,,,,0.07,,,0.6,,,,325.0,,0.111,48.0,,88.5,0.2,,Vegetables and Vegetable Products,"Gluten-Free,Vegan,Vegetarian",6,Dock (Sorrel),100.0,208.5,0.4,,5.9
,,,,,,,,43.0,,63.88,,287.0,,17.0,0.281,4.0,,240.0,0.046,0.065,0.052,,,,7.1,,4.0,4.0,4.0,,10.46,,12.01,,,,,0.93,,,,74.0,,,,,,,,,,,41.0,,0.198,,1.882,,,,,,,,,,,,,0.21,,69.0,,732.0,,2.18,,0.186,,,,,,,,,,,,,,,0.3,,2.0,,,15.65,,,,,0.051,,38.13,0.38,,,,39.0,,0.083,0.6,,30.9,0.26,,Dried fruits,"Gluten-Free,Vegan,Vegetarian",6,Dried Fruits (especially plums),100.0,59.5,0.43,,3.6
,,,,,,,,350.0,,7.5,,2410.0,,,,,,42.0,,,,,,,6.9,,,,14.0,,,,,,,,,1.6,,,,,,,,,,,,,,,57.0,,,,0.4,,,,,,,,,,,,,,,71.0,,334.0,,2.7,,0.16,,,,,,,,,,,,,,,,,4.0,,,,,,,,0.1,,,0.1,,,,201.0,,0.06,70.0,,87.6,0.34,,Spices and Herbs,"Gluten-Free,Vegan,Vegetarian",6,Nettle,100.0,499.0,3.89,,5.9
,,,,,,,,60.0,,4.4,,1920.0,,,,,,23.0,,,,,,,1.5,,,,75.0,,,,,,,,,0.8,,,,,,,,,,,,,,,15.0,,,,,,,,,,,,,,,,,,,28.0,,200.0,,1.5,,,,,,,,,,,,,,,,,,,10.0,,,,,,,,,,,0.2,,,,160.0,,,20.0,,92.3,,,Vegetables and Vegetable Products,"Gluten-Free,Vegan,Vegetarian",6,Wild Greens (various),100.0,100.0,0.72,,5.9
,,,,,,,,24.0,,0.06,,,215.0,,,,,717.0,21.0,3.0,50.5,,,,,,,,,,,,,,,,,,,,,,,,,,,,,,,,,,,,,,,,,,,,,,,,,,,24.0,,,,0.85,,,,,,,,,,,,,,,,,,,643.0,,,,,,,,,,,81.11,,,,684.0,,,,1.5,15.87,,Milk,Butter and animal fats,Vegetarian,6,Butter / Clarified Butter,100.0,7.0,2.3,0.232,6.5
,,,,,,,,,,70.0,,,,,,,,270.0,,,,,,,7.0,,,,18.0,,,,,,,,,3.0,,,,,,,,,,,,,,,,,,,,,,,,,,,,,,,,,,,,900.0,,2.5,,,,,,,,,,,,,,,,,,,,,,,,,,,,,65.0,0.3,,,,180.0,,,,,20.0,,,Dried fruits,Vegan,6,"Dried Fruits (Plums, Raisins, Apricots)",100.0,12.0,0.93,,3.6
,,,,,,,,,,65.0,,,,,,,,250.0,,,,,,,8.0,,,,20.0,,,,,,,,,2.5,,,,,,,,,,,,,,,,,,,,,,,,,,,,,,,,,,,,1000.0,,2.5,,,,,,,,,,,,,,,,,,,,,,,,,,,,,60.0,0.3,,,,220.0,,,,,23.0,,,Dried fruits,Vegan,6,"Dried Fruits (plums, apricots)",100.0,15.0,0.93,,3.6
,,,,,,,,18.0,,8.8,,534.0,,,,,,40.0,,,,,,,1.5,,23.0,,,,,,,,,,,1.0,,,,704.0,,,,,,,,,,,25.0,,,,1.1,,,,,,,,,,,,,,,43.0,,322.0,,1.9,,0.09,,,,,,,,,,,,,,,,,9.0,,,,,,,,0.09,,5.1,0.2,,,,48.0,,0.5,144.0,,88.0,0.27,Cereals containing gluten (oats),Vegetables and Vegetable Products,"Gluten-Free,Vegan,Vegetarian",6,"Chili Peppers (Goat, Bird, Scotch Bonnet)",100.0,14.0,0.72,,5.9
,,,,,,,,,,,,,95.0,,,,,850.0,41.0,10.0,34.0,,,,,,,,,,,,,,,,,,,,,,,,,,,,,,,,,,,,0.1,,,,,,,,,,,,,,,,,,,2.6,,,,,,,,,,,,,,,,,11.0,,1500.0,,,,,,,,,,,92.0,,,,,0.1,,,,7.5,,,Spices and Herbs,,6,Lard / Salt Pork,100.0,28.9,1.09,,6.0
,,,,,,,,18.0,,8.8,,534.0,,,,,,40.0,,,,,,,1.5,,23.0,,,,,,,,,,,1.0,,,,704.0,,,,,,,,,,,25.0,,,,1.1,,,,,,,,,,,,,,,43.0,,322.0,,1.9,,0.09,,,,,,,,,,,,,,,,,9.0,,,,,,,,0.09,,5.1,0.2,,,,48.0,,0.5,144.0,,88.0,0.27,Cereals containing gluten (oats),Vegetables and Vegetable Products,"Gluten-Free,Vegan,Vegetarian",6,"Chili Peppers (Goat, Bird Peppers)",100.0,14.0,0.72,,5.9
,,,,,,0.1,,42.0,,11.8,,71.0,,,,,,47.0,,,,,,,2.4,,30.0,,,,,,,,,,,0.1,,,,131.0,,,,,,,,,,,10.0,,,,0.282,,,,,,,,,,,,,,,16.0,,181.0,,0.9,,0.04,,,,,,,,,,,,,,,,,,,,,,,,,0.087,,9.4,0.1,,,,11.0,,0.06,53.2,,86.8,0.08,,Fruits and Fruit Juices,"Gluten-Free,Vegan,Vegetarian",6,Sour Orange,100.0,14.1,0.93,,3.6
,,,7.2,,,,,1100.0,,65.5,,,,,0.8,,,306.0,,,,,,,28.7,,100.0,,,,,,,,,,,27.0,,,,,,,,,,,,,,,270.0,,15.0,,4.0,,,,,,,,,,,,,,,200.0,,1300.0,,6.3,,0.4,,,,,,,,,,,,,,,4.0,,40.0,,,,,,,,0.2,,,8.6,,,,20.0,,0.6,39.0,,12.4,2.6,,Spices and Herbs,"Gluten-Free,Vegan,Vegetarian",6,Baharat (Bzar),100.0,100.0,10.0,,6.2
,,,4.8,,,,,270.0,,73.2,,,,,0.19,,,315.0,0.16,0.2,0.06,,,,32.1,,8.0,8.0,8.0,,,,,,,,,2.1,,,,,,,,,0.007,,0.15,,,,100.0,,0.15,,1.3,0.15,0.05,,,,,,,,,,,0.3,,55.0,,1190.0,,4.9,,0.2,,,,0.002,,0.04,,0.01,,,,,,,0.6,,10.0,,,,,,,,0.15,,0.1,0.4,,,,,,0.1,2.4,,16.7,0.2,,Spices and Herbs,"Gluten-Free,Vegan,Vegetarian",6,Loomi (Dried Black Lime),100.0,0.6,10.22,0.002,5.7
,,,5.5,,,,,480.0,,55.0,,149.0,,,0.42,,,370.0,4.1,7.3,2.0,,,,28.0,,50.0,50.0,50.0,,,,,,,,,18.0,,,,,,,,,,,,,,,250.0,,2.5,,5.0,,,,,,,,,,,,,0.8,,380.0,,1400.0,,12.0,,0.3,,,,,,,,,,,,,,,10.0,,150.0,,,,,,,,0.25,,2.0,15.0,,,,15.0,,0.5,5.0,,7.0,2.5,,Spices and Herbs,"Gluten-Free,Vegan,Vegetarian",6,Baharat / Bzar (Spice Blend),100.0,30.0,5.0,,6.2
0.109,,0.203,1.61,0.282,,,,64.0,,74.97,,12.0,,9.9,0.2,,0.024,282.0,0.046,0.054,0.036,,,,6.7,,15.0,15.0,15.0,,31.3,,31.3,0.334,0.13,0.063,,0.9,0.089,,0.17,23.0,,0.109,,,,,0.045,,,,54.0,,0.262,0.038,1.61,0.052,0.002,,,,,,,,,,,0.796,0.093,62.0,,696.0,0.076,2.45,,0.06,,,,0.001,,0.033,,0.002,,,,,,,3.0,0.126,2.0,,,,,,,,0.05,0.076,63.35,0.39,0.024,0.054,0.109,6.0,,0.249,0.4,,20.53,0.29,,Fruits and Fruit Juices,"Gluten-Free,Vegan,Vegetarian",6,Dates / Date Molasses,100.0,2.7,0.05,,3.6
0.932,,2.122,5.02,1.743,129.0,0.3,,975.0,48.0,23.45,,5.0,,25.6,4.08,,0.437,573.0,18.755,21.77,6.957,0.007,0.002,0.005,11.8,,97.0,97.0,97.0,,0.02,,0.02,3.84,1.066,0.55,,14.55,0.915,,1.498,9.0,,0.589,0.001,,0.052,,18.667,0.022,0.013,,351.0,,2.48,0.783,4.515,21.678,0.092,,,,,,,,,,,0.05,1.066,629.0,569.0,468.0,0.854,17.73,,0.247,,0.002,,0.012,0.001,4.414,0.009,2.404,0.089,0.025,0.001,,,,34.4,0.932,11.0,,56.0,0.3,,0.002,,,0.791,0.732,0.3,49.7,0.224,0.55,1.099,,,0.79,,,4.69,7.75,Sesame seeds,Nuts and seeds,"Gluten-Free,Vegan,Vegetarian",6,Sesame Seeds / Tahini,100.0,3.4,0.25,0.005,6.0
,,,4.0,,,,,60.0,,67.8,,,,,0.1,,,326.0,,,,,,,4.1,,,,,,,,,,,,,3.8,,,,,,,,,,,,,,,250.0,,0.2,,1.6,,,,,,,,,,,,,0.5,,49.0,,950.0,,4.0,,0.1,,,,,,,,,,,,,,,,,40.0,,,,,,,,0.03,,2.4,1.1,,,,,,,,,14.5,0.5,,Spices and Herbs,"Gluten-Free,Vegan,Vegetarian",6,Asafoetida (Hing),100.0,,,0.002,5.7
,,,11.29,,,,,834.0,,67.3,,2712.0,,,0.231,,,313.0,,,,,,,26.3,,,,106.0,,,,,,,,,43.0,,,,,,,,,,,,,,,120.0,,2.407,,2.006,,,,,,,,,,,,,,,113.0,,428.0,,7.61,,0.42,,,,,,,,,,,,,,,2.8,,23.0,,,,,,,,0.05,,1.83,8.36,,,,229.0,,1.74,4.6,,5.44,3.7,,Spices and Herbs,"Gluten-Free,Vegan,Vegetarian",6,Bay Leaf (Tej Patta),100.0,7.7,1.54,0.002,5.7
,,,,,,,,611.0,,60.5,,,,,0.548,,,374.0,,,,,,,18.6,,36.0,,,,,,,,,,,19.3,,,,,,,,,,,,,,,258.0,,4.14,,3.44,,,,,,,,,,,,,,,269.0,,1205.0,,10.9,,0.25,,,,,,,,,,,,,,,3.4,,17.0,,,,,,,,0.177,,,14.6,,,,1.0,,0.42,,,7.7,3.09,,Spices and Herbs,"Gluten-Free,Vegan,Vegetarian",6,"Bengali Garam Masala (Cinnamon, Cardamom, Clove blend)[1][2]",100.0,14.3,1.05,,6.2
,,,,,,,,,,,,,,,,,,,,,,,,,,,,,,,,,,,,,,,,,,,,,,,,,,,,,,,,,,,,,,,,,,,,,,,,,,,,,,,,,,,,,,,,,,,,,,,,,,,,,,,,,,,,,,,,,,,,,,Spices and Herbs,"Gluten-Free,Vegan,Vegetarian",6,Bhaja Moshla (Roasted Spice Mix),100.0,50.0,2.0,,4.5
,,,,,,,,186.0,,51.0,,,,,0.8,,,345.0,3.5,12.0,1.5,,,,10.5,,,,,,,,,,,,,10.4,,,,,,,,,,,,,,,,,1.2,,3.8,,,,,,,,,,,,,,,335.0,,660.0,,20.0,,0.1,,,,,,,,,,,,,,,,,16.0,,,,,,,,0.2,,,18.0,,,,,,,,,7.0,2.4,,Spices and Herbs,"Gluten-Free,Vegan,Vegetarian",6,Black Cumin (Kalo Jeera),100.0,56.3,10.22,0.002,5.7
,,,100.0,,,,,30.0,,,,,,,,,,,,,,,,,,,,,,,,,,,,,,1.5,,,,,,,,,,,,,,,10.0,,,,,,,,,,,,,,,,,,,,,300.0,,,,,,,,,,,,,,,,,,,,,37000.0,,,,,,,,,,,,,,,,,,,,,,,Spices and Herbs,"Gluten-Free,Vegan,Vegetarian",6,Black Salt (Bit Noon),100.0,,,,7.0
,,,6.82,,,,,383.0,,68.5,,,,38.7,0.383,,,311.0,0.6,0.4,0.6,,,,28.0,,20.0,20.0,20.0,,,,,,,,,13.97,,,,,,,,,0.017,,0.584,,,,229.0,,28.0,,1.102,0.363,0.026,,,,,,,,,,,0.334,,183.0,20.0,1119.0,,10.7,,0.182,0.005,0.005,,0.01,,0.339,,0.221,0.016,,,,,,2.7,,18.0,,,,,,,,0.198,,,6.7,,,,,,0.23,21.0,,8.28,7.47,,Spices and Herbs,"Gluten-Free,Vegan,Vegetarian",6,Cardamom (Green and Black),100.0,,,0.002,5.7
,,,9.9,,,,,175.0,,42.9,,,,22.2,0.767,,,305.0,7.152,10.428,2.585,,,,35.3,,290.0,290.0,290.0,,,,,,,,,7.68,,,,,,,,,,,7.152,,,,286.0,,2.716,,2.99,10.025,0.403,,,,,,,,,,,0.413,,460.0,,1273.0,,15.89,,0.316,,0.008,,0.021,,2.238,,0.267,0.05,,,,,,16.1,,10.0,,,,,,,,0.3,,,21.25,,,,,,0.417,,,9.96,4.8,,Spices and Herbs,"Gluten-Free,Vegan,Vegetarian",6,Carom Seed (Jowan),100.0,4.9,,0.002,5.7
,,,1.9,,,,,1767.0,,48.9,,,,35.3,1.12,,,409.0,12.8,9.87,1.67,,,,29.7,,290.0,290.0,290.0,,,,,,,,,44.9,,,,,,,,,0.021,,12.784,,,,397.0,,6.127,,4.4,9.734,0.14,,,,,,,,,,,0.43,,543.0,,1409.0,,17.7,,0.37,,,,0.016,,1.233,,0.334,0.041,,,,,,10.4,,160.0,,,,,,,,0.41,,,26.2,,,,,,0.44,,,5.3,6.9,,Spices and Herbs,"Gluten-Free,Vegan,Vegetarian",6,Celery Seed (Radhuni),100.0,29.3,,0.002,5.7
,,,0.6,,,,,18.0,,6.9,,678.0,,13.6,0.129,,,32.0,0.01,0.17,0.03,,,,1.5,,23.0,23.0,23.0,,,,,,,,,1.2,,,,534.0,,,,,,,0.012,,,,25.0,,0.191,,0.98,0.138,0.032,,,,,,,,,,,0.38,,35.0,,322.0,,1.5,,0.09,,,,,,0.024,,0.007,,,,,,,0.4,,7.0,,,,,,,,0.07,,4.1,0.3,,,,56.0,,0.51,120.0,,90.7,0.27,,Vegetables and Vegetable Products,"Gluten-Free,Vegan,Vegetarian",6,Chili (Green),100.0,14.8,0.65,,5.9
,,,6.04,,,,,148.0,,56.63,,13398.0,,58.1,0.37,,,318.0,2.93,9.8,3.26,,,,27.2,,100.0,100.0,100.0,,,,,,,,,7.8,,,,2672.0,30065.0,,,,0.089,,2.812,0.02,,,152.0,,3.238,,8.65,9.299,0.505,,,,,,,,,,,2.519,,293.0,260.0,2014.0,,12.01,,0.919,,0.009,,0.047,,2.053,,1.026,0.081,0.038,0.005,,,,6.1,,30.0,,,,,,,,0.328,,10.3,17.27,,,,2232.0,,2.45,76.4,,8.05,2.48,,Spices and Herbs,"Gluten-Free,Vegan,Vegetarian",6,Chili (Dried Red),100.0,80.3,29.83,0.002,5.7
,,,1.47,,,,,67.0,,3.67,,4041.0,,12.8,0.225,,,23.0,0.012,0.252,0.019,,,,2.8,,62.0,62.0,62.0,,0.09,,0.17,,,,,1.77,,,,870.0,,,,,,,0.012,,,,26.0,,0.426,,1.114,0.126,0.126,,,,,,,,,,,0.57,,48.0,,521.0,,2.13,,0.162,,,,,,0.019,,0.001,,,,,,,0.9,,46.0,,,0.6,,,,,0.067,,0.87,0.52,,,,337.0,,0.149,27.0,,92.21,0.5,,Spices and Herbs,"Gluten-Free,Vegan,Vegetarian",6,Cilantro / Coriander (fresh leaves),100.0,310.0,2.5,,5.9
0.518,,0.444,4.33,0.88,10.0,1.1,,443.0,1.0,64.81,,,,11.3,1.127,,0.17,251.0,0.966,0.709,1.39,0.002,0.002,,25.3,,17.0,17.0,,,,,0.25,1.839,0.457,0.237,,9.38,0.384,,0.655,,,0.354,0.002,,0.016,,0.835,0.076,0.038,,194.0,,5.865,0.174,1.142,0.612,0.097,,,,0.004,,,,0.003,0.003,,,0.419,170.0,13.0,1120.0,0.428,10.95,,0.116,0.008,0.006,0.003,0.012,0.003,0.906,0.006,0.334,0.046,0.035,0.009,0.003,0.007,0.005,1.6,0.432,20.0,28.9,2.0,0.33,,0.002,,,0.106,0.34,0.58,3.26,0.126,0.232,0.467,,,0.34,,,11.75,1.42,,Spices and Herbs,"Gluten-Free,Vegan,Vegetarian",6,Cubeb Pepper (Kababchini),100.0,16.3,1.05,0.002,5.7
0.69,,1.14,7.58,1.48,,,,931.0,,44.28,,299.0,,26.9,0.867,,0.198,375.0,14.04,3.27,1.535,0.007,0.007,,10.5,,10.0,10.0,10.0,,0.01,,0.01,3.01,0.81,0.406,,66.36,0.73,,1.25,175.0,,0.778,,,,,13.51,0.23,,,366.0,0.01,3.333,0.231,4.579,3.19,0.076,,,,,,,,,,,0.428,0.813,499.0,88.0,1788.0,0.655,17.81,,0.327,,,,0.057,,1.11,,0.28,,,,,,,5.0,0.771,168.0,,,2.19,,,,,0.628,0.624,2.25,22.27,0.244,0.505,0.835,25.0,,0.435,7.7,,8.06,4.8,,Spices and Herbs,"Gluten-Free,Vegan,Vegetarian",6,Cumin (Jeera),,5.4,3.33,0.002,5.7
0.628,,0.817,7.56,1.25,,,,1196.0,,52.29,,,,23.2,1.067,,0.222,345.0,0.99,3.19,0.48,,,,39.8,,27.0,27.0,27.0,,,,,2.5,0.589,0.36,,18.5,0.584,,0.923,,,0.573,,,,,0.96,,,,385.0,,6.51,0.177,6.05,3.03,0.16,,,,,,,,,,,1.08,0.64,487.0,104.0,1694.0,0.589,15.8,,0.353,,,,0.009,,0.33,,0.14,,,,,,,4.7,0.655,88.0,,,,,,,,0.622,0.54,,14.49,0.165,0.449,0.66,,,0.47,21.0,,9.86,3.7,,Spices and Herbs,"Gluten-Free,Vegan,Vegetarian",6,Fennel Seed (Mouri),,62.8,6.67,0.002,5.7
0.985,,1.13,3.4,1.84,,,,177.0,,58.35,,64.0,,60.5,1.11,,0.231,323.0,1.272,3.208,0.884,,,,24.6,,57.0,57.0,57.0,,,,,3.39,0.957,0.548,,33.53,0.983,,1.7,,,1.48,,,,,1.25,,,,191.0,,1.229,0.234,1.64,2.92,0.288,,,,,,,,,,,1.34,1.01,333.0,130.0,770.0,0.778,23.0,,0.366,,,,0.007,,0.7,,0.177,,,,,,,6.3,1.07,67.0,,,6.4,,,,,0.322,0.941,6.4,6.41,0.252,0.695,1.07,6.0,,0.6,3.0,,8.84,2.5,,Spices and Herbs,"Gluten-Free,Vegan,Vegetarian",6,Fenugreek Seed (Methi),,,0.83,0.002,5.7
,,,1.5,,,,,80.0,,98.0,,,,,,,,383.0,,,,,,,,,,,,,,,,,,,,11.0,,,,,,,,,,,,,,,70.0,,,,,,,,,,,,,,,,,,,20.0,,1050.0,,0.4,,,,,,,,,,,,,,,,,,,20.0,,,90.0,,,,,,,95.0,0.1,,,,,,,,,1.5,0.4,,Sugars and honey,"Gluten-Free,Vegan,Vegetarian",6,Jaggery (Gur),,,,,6.8
,,,0.34,,,,,26.0,,9.32,,3.0,,8.3,0.037,,,29.0,0.011,0.039,0.039,,,,2.8,,11.0,11.0,11.0,,1.25,,1.35,,,,,0.06,,,,10.0,,,,,0.003,,0.008,,,,8.0,,0.03,,0.1,0.024,0.015,,,,,,,,,,,0.19,,16.0,,138.0,,1.1,,0.02,,,,,,0.025,,0.007,,,,,,,0.4,,2.0,,,0.25,,,,,0.04,,2.5,0.3,,,,1.0,,0.08,53.0,,89.04,0.06,,Fruits and Fruit Juices,"Gluten-Free,Vegan,Vegetarian",6,Lemon / Lime (Gondhoraj Lebu),100.0,14.1,0.15,,3.6
,,,5.3,,,,,437.0,,68.3,,174.0,,,0.7,,,304.0,0.7,0.8,1.0,,,,25.3,,,,10.0,,,,,,,,,14.9,,,,29.0,,,,,,,,,,,194.0,,9.3,,1.1,,,,,,,,,,,,,,,278.0,,1317.0,,10.4,,0.2,,,,,,,,,,,,,,,5.5,,44.0,,,,,,,,0.1,,0.3,3.3,,,,29.0,,0.3,21.0,,9.3,1.1,,Spices and Herbs,"Gluten-Free,Vegan,Vegetarian",6,Long Pepper (Pipli),100.0,56.3,1.08,0.002,5.7
,,,2.71,,,,,252.0,,49.3,,306.0,,5.1,0.297,,,475.0,8.528,0.418,9.489,,,,20.2,,76.0,76.0,76.0,,,,,,,,,13.9,,,,350.0,,,,,,,8.14,,,,213.0,,2.474,,1.35,0.384,0.034,,,,,,,,,,,0.485,,110.0,9.0,462.0,,6.71,,0.463,,,,0.012,,0.432,,0.045,,,,,,,2.8,,80.0,,,2.7,,,,,0.287,,2.7,32.38,,,,51.0,,0.16,21.0,,6.23,2.15,,Spices and Herbs,"Gluten-Free,Vegan,Vegetarian",6,Mace (Jayitri),100.0,13.0,3.92,0.002,5.7
,,,3.2,,,0.9,,16.0,,78.9,100.0,1440.0,,12.3,0.09,140.0,,304.0,0.15,0.13,0.13,,,,2.8,,14.0,14.0,14.0,,,,,,,,,2.0,,,,90.0,,,,,,,0.14,,,,19.0,,0.1,,0.7,0.1,0.03,,,,,,,,,,,0.1,,22.0,,232.0,,2.7,,0.06,,,,,,0.08,,0.05,,,,,,,0.6,,8.0,,,,,,,,0.05,,63.8,0.6,,,,120.0,,0.1,61.0,,8.6,0.1,,Spices and Herbs,"Gluten-Free,Vegan,Vegetarian",6,"Mango (dried powder, Amchur)",100.0,56.3,1.5,0.002,5.7
1.066,,1.638,4.5,2.449,83.0,,,266.0,23.0,28.09,,,,120.0,0.645,,0.334,508.0,23.328,7.749,1.984,,,,12.2,,162.0,162.0,162.0,,,,,4.707,1.196,0.716,,6.96,1.006,,1.895,268.0,,1.373,,,0.198,,10.05,,10.82,,370.0,,2.474,0.485,7.897,5.021,2.42,,,,,,,,,,,0.77,1.23,738.0,110.0,738.0,0.966,26.08,,0.285,,,,0.02,,1.19,,0.492,,,,,,,200.0,1.196,13.0,,18.0,6.3,,,,,0.548,0.957,6.3,36.16,0.334,0.803,1.23,,,0.397,,,5.27,5.67,Mustard,Spices and Herbs,"Gluten-Free,Vegan,Vegetarian",6,"Mustard (Black, Yellow, and Brown seeds)[3]",100.0,5.4,0.82,0.002,5.7
,,,,,,,,,,,,,,,,,,884.0,59.23,20.6,11.77,,,,,,,,,,,,,,,,,,,,,,,,,,,,11.0,,48.0,,,,,,,15.6,5.0,,,,,,,,,,,,,,,,,,,,,,,,,4.2,,1.9,,,,,,,,,,,,,,,,,,,,100.0,,,,,,,,,,,Mustard,Fats and Oils,"Gluten-Free,Vegan,Vegetarian",6,Mustard Oil,100.0,7.1,27.7,0.232,6.5
,,,,,,,,500.0,,44.19,,,,,0.7,,,345.0,3.6,7.5,0.8,,,,40.0,,10.0,,10.0,,,,,,,,,10.4,,,,,,,,,,,,,,,178.0,,2.5,,5.7,,,,,,,,,,,,,,,335.0,,1694.0,,17.81,,0.1,,,,,,,,,,,,,,,8.9,,16.0,,,,,,,,0.3,,,14.96,,,,7.0,,0.3,21.0,,7.9,5.2,,Spices and Herbs,"Gluten-Free,Vegan,Vegetarian",6,Nigella Seed (Kalonji),100.0,96.6,3.3,,6.0
,,,,,,,,183.0,,49.3,,,,,0.2,,,525.0,3.5,0.4,25.9,,,,20.8,,76.0,,76.0,,,,,,,,,3.0,,,,,,,,,,,,,,,189.0,,2.9,,1.3,,,,,,,,,,,,,,,213.0,,350.0,,5.8,,0.1,,,,,,,,,,,,,,,2.8,,16.0,,,,,,,,0.3,,,36.3,,,,10.0,,0.2,3.0,,6.2,2.2,,Spices and Herbs,"Gluten-Free,Vegan,Vegetarian",6,Nutmeg (Jaiphal),100.0,56.3,10.22,0.002,5.7
0.91,,1.066,3.8,2.094,110.0,23.9,,177.0,18.0,58.35,,,,60.5,1.11,,0.22,323.0,0.669,3.208,1.589,,,,24.6,,57.0,57.0,,,,,,3.829,0.957,0.505,,33.53,0.852,,1.411,,,1.137,,,0.003,,0.665,,,,191.0,,1.229,0.282,1.64,2.32,0.888,,,,,,,,,,,,0.865,296.0,140.0,770.0,0.787,23.0,,0.366,,,,,,1.096,,0.493,,,,,,,6.3,0.96,67.0,,12.0,6.4,,,,,0.322,0.686,6.4,6.41,0.229,0.607,0.983,,,0.6,3.0,,8.84,2.5,,Spices and Herbs,"Gluten-Free,Vegan,Vegetarian",6,Panch Phoron (Five-Spice Blend)[4][5],100.0,89.5,0.6,,6.2
,,,,,,,,1438.0,,28.1,,,,,1.6,,,525.0,5.9,29.7,4.5,,,,19.5,,82.0,,82.0,,,,,,,,,9.8,,,,,,,,,,,,,,,347.0,,6.7,,1.0,29.7,,,,,,,,,,,,,,870.0,,719.0,,18.0,,0.2,,,,,,,,,,,,,,,13.5,,26.0,,,,,,,,0.8,,,41.6,,,,,,0.2,1.0,,6.0,8.0,,Spices and Herbs,"Gluten-Free,Vegan,Vegetarian",6,Poppy Seeds (Posto),100.0,28.9,1.8,,6.0
0.364,,0.573,4.51,0.627,,,,183.0,,64.93,,168.0,,49.2,0.603,,0.102,354.0,2.24,2.203,3.136,0.003,0.003,,21.1,,45.0,45.0,45.0,,,,,1.082,0.37,0.177,,41.42,0.24,,0.419,1846.0,,0.43,,,0.015,,2.162,0.063,,,193.0,,7.83,0.157,5.142,1.46,0.743,,,,,,,,,,,0.488,0.334,268.0,,2525.0,0.24,7.83,,0.233,,,,0.071,,1.523,,0.985,0.081,0.038,0.016,,,,4.5,0.301,38.0,,,3.21,,0.003,,,0.152,0.264,3.21,9.88,0.089,0.21,0.334,3.0,,0.107,25.9,,12.85,2.54,,Spices and Herbs,"Gluten-Free,Vegan,Vegetarian",6,Turmeric (Holud),100.0,13.4,4.43,0.002,5.7
0.966,,1.916,3.4,2.333,,,,177.0,,58.35,,,,60.5,1.11,,0.222,323.0,1.1,1.96,1.46,,,,24.6,,57.0,57.0,57.0,,,,,3.844,1.066,0.689,,33.53,0.966,,1.644,,,1.322,,,,,1.07,,,,191.0,,1.22,0.222,1.64,1.74,0.22,,,,,,,,,,,0.833,1.133,296.0,,770.0,0.855,23.0,,0.366,,,,0.03,,1.1,,0.3,0.02,0.01,,,,,6.3,1.044,67.0,,,,,,,,0.322,0.888,6.41,6.41,0.222,0.766,1.044,,,0.6,3.0,,8.84,2.5,,Spices and Herbs,"Gluten-Free,Vegan,Vegetarian",6,Fenugreek (Methi),100.0,56.3,10.22,0.002,5.7
,,,,,,,,,,50.0,,,,,,,,560.0,20.0,6.0,10.0,,,,6.0,,,,,,,,,,,,,,,,,,,,,,,,,,,,,,,,,,,,,,,,,,,,,,,,,,,6.0,,,,,,,,,,,,,,,,,,,700.0,,,,,,,,,,16.0,39.0,,,,,,,,,2.5,,,Onions,"Gluten-Free,Vegan,Vegetarian",6,Fried Onions (Beresta),100.0,6.0,0.28,,3.4
,,,,,,,,,,,,,,,,,,,,,,,,,,,,,,,,,,,,,,,,,,,,,,,,,,,,,,,,,,,,,,,,,,,,,,,,,,,,,,,,,,,,,,,,,,,,,,,,,,,,,,,,,,,,,,,,,,,100.0,,,Flavored or carbonated water,"Gluten-Free,Vegan,Vegetarian",6,Kewra Water,100.0,7.3,0.79,,6.0
0.063,,0.134,2.64,0.214,28.0,0.1,,43.0,7.0,63.88,,875.0,,10.4,0.203,,0.02,240.0,0.035,0.106,0.04,,,,7.1,,4.0,4.0,4.0,,10.61,,15.22,0.334,0.057,0.038,,0.93,0.048,,0.082,85.0,,0.063,,,0.001,,0.031,0.001,,,41.0,,0.155,0.016,1.882,0.086,0.019,,,,,,,,,,,0.218,0.063,73.0,35.0,732.0,0.125,2.18,,0.186,,,,0.001,,0.031,,0.005,0.001,0.001,,,,,0.3,0.076,2.0,,,9.51,,,,,0.051,0.057,38.13,0.38,0.008,0.036,0.063,78.0,,0.205,0.6,,30.92,0.29,,Fruits and Fruit Juices,"Gluten-Free,Vegan,Vegetarian",6,Prunes (Aloo Bukhara),100.0,59.5,0.43,,3.6
0.741,,0.985,5.33,1.895,,,,931.0,,44.19,116.0,532.0,,10.4,0.867,,0.334,375.0,12.3,4.41,1.535,,,,10.5,,10.0,10.0,10.0,,0.22,,0.22,2.834,0.858,0.456,,66.36,0.771,,1.139,270.0,,0.898,,,,,12.04,0.26,,,366.0,,3.333,0.276,4.579,4.15,0.26,,,,,,,,,,,0.25,0.732,499.0,153.0,1788.0,0.72,17.81,,0.327,0.009,0.012,,0.019,,1.309,0.011,0.17,,,,,,,5.0,0.916,168.0,,,0.2,,,,,0.628,0.641,2.25,22.27,0.198,0.551,0.898,77.0,,0.4,7.7,,8.06,4.8,,Spices and Herbs,"Gluten-Free,Vegan,Vegetarian",6,Shahi Jeera (Royal Cumin),100.0,5.4,3.33,0.002,5.7
0.119,,0.088,0.77,0.187,,,,14.0,,8.81,42.0,534.0,,12.0,0.08,217.0,0.015,40.0,0.057,0.203,0.054,,,,1.5,,23.0,23.0,23.0,,2.2,,2.17,0.174,0.063,0.038,,1.2,0.058,,0.093,349.0,,0.08,,,0.007,,0.05,,,,25.0,,0.147,0.021,0.966,0.16,0.043,,,,,,,,,,,0.334,0.059,43.0,,322.0,0.065,1.87,,0.091,,,,,,0.041,,0.012,,,,,,,0.3,0.076,9.0,0.32,,,,,,,0.072,0.063,5.3,0.2,0.019,0.05,0.076,62.0,,0.509,242.5,,88.1,0.27,,Vegetables and Vegetable Products,"Gluten-Free,Vegan,Vegetarian",6,Chili (fresh green and dried red),100.0,14.0,0.69,,5.9
3.55,,4.26,14.07,6.11,,,,5060.0,,,,,260.0,107.5,0.36,,0.5,270.0,2.448,3.551,3.518,,,,,,9.0,9.0,9.0,,,,,8.85,2.98,1.34,,4.6,2.22,,3.75,,,4.28,0.009,,0.58,0.015,1.792,0.05,0.002,,200.0,,0.21,1.4,3.75,0.191,0.07,0.021,0.025,0.022,0.09,1.107,0.038,0.015,0.06,1.912,,0.33,1.97,720.0,,1620.0,1.8,55.6,270.0,0.22,0.001,0.003,,1.105,0.014,1.892,0.051,0.45,0.001,,,,,,62.0,2.16,4860.0,,,,,,,,0.15,2.35,,10.6,0.62,1.69,2.46,270.0,30.0,0.2,,,15.9,4.2,Fish,Fish,,6,Dried Fish (Shutki - as a key flavor base),100.0,0.2,0.7,,6.0
0.91,,1.066,3.8,2.094,110.0,23.9,,177.0,18.0,58.35,,,,60.5,1.11,,0.22,323.0,0.669,3.208,1.589,,,,24.6,,57.0,57.0,,,,,,3.829,0.957,0.505,,33.53,0.852,,1.411,,,1.137,,,0.003,,0.665,,,,191.0,,1.229,0.282,1.64,2.32,0.888,,,,,,,,,,,,0.865,296.0,140.0,770.0,0.787,23.0,,0.366,,,,,,1.096,,0.493,,,,,,,6.3,0.96,67.0,,12.0,6.4,,,,,0.322,0.686,6.4,6.41,0.229,0.607,0.983,,,0.6,3.0,,8.84,2.5,,Spices and Herbs,"Gluten-Free,Vegan,Vegetarian",6,Panch Phoron,100.0,89.5,0.6,,6.2
3.59,,4.26,22.2,6.34,,,,770.0,,0.3,,,310.0,100.0,0.77,,0.58,130.0,0.641,0.858,0.806,,,,,,3.0,3.0,3.0,,,,,8.8,3.08,1.47,,2.8,2.28,,3.84,,,4.35,0.007,,0.141,0.006,0.463,0.016,0.008,,120.0,,0.13,1.48,2.1,0.089,0.009,0.003,0.008,0.013,0.024,0.22,0.011,0.004,0.028,0.448,,0.21,2.03,480.0,,380.0,1.86,32.6,14.0,0.09,,0.004,,0.199,0.014,0.485,0.017,0.088,,,,,,,60.0,2.22,13500.0,0.3,,,,,,,0.07,2.41,,2.3,0.64,1.74,2.52,14.0,1.6,0.1,,,44.6,2.1,"Crustaceans,Fish",Shellfish,,6,Shrimp Paste (from Arakanese influence),100.0,0.3,0.4,,3.4
,,,,,,,,180.0,,44.2,,,,,0.6,,,440.0,16.0,4.0,2.0,,,,10.8,,,,10.0,,,,,,,,,11.0,,,,,,,,,,,,,,,119.0,,2.5,,5.7,,,,,,,,,,,,,,,355.0,,1340.0,,17.8,,0.2,,,,,,,,,,,,,,,5.0,,16.0,,,,,,,,0.5,,2.2,22.2,,,,,,0.4,12.0,,6.4,3.0,,Spices and Herbs,"Gluten-Free,Vegan,Vegetarian",6,Nigella,100.0,56.3,3.3,0.002,5.7
,,,,,,,,1400.0,,42.99,,,,,0.5,,,377.0,0.8,1.3,0.4,,,,11.5,,,,10.0,,,,,,,,,16.5,,,,,,,,,,,,,,,320.0,,2.3,,4.5,,,,,,,,,,,,,,,530.0,,1350.0,,15.86,,0.4,,,,,,0.239,,0.053,,,,,,,,,10.0,,,,,,,,0.6,,2.5,21.25,,,,,,0.4,,,8.9,4.8,,Spices and Herbs,"Gluten-Free,Vegan,Vegetarian",6,Carom seed (Ajwain),100.0,56.3,10.22,0.002,5.7
,,,,,,,,383.0,,68.5,,62.0,,,0.383,124.0,,311.0,0.72,3.2,0.61,,,,28.0,,20.0,,20.0,,,,,,,,,13.97,,,,340.0,,,,,,,,,,,229.0,,28.0,,1.102,,,,,,,,,,,,,,,178.0,,1119.0,,10.7,,0.182,,,,,,,,,,,,,,,10.0,,18.0,,,,,,,,0.198,,0.7,6.7,,,,,,0.23,21.0,,8.28,7.47,,Spices and Herbs,"Gluten-Free,Vegan,Vegetarian",6,Green cardamom,100.0,6.7,0.7,0.002,5.7
,,,,,,,,646.0,,65.53,,113.0,,,0.129,89.0,,323.0,1.341,4.167,6.345,,,,33.9,,25.0,,25.0,,,,,,,,,11.83,,,,54.0,,,,,,,,,,,259.0,,30.0,,1.459,,,,,,,,,,,,,,,104.0,,1020.0,,5.97,,0.229,,,,,,,,,,,,,,,7.2,,277.0,,,,,,,,0.158,,2.38,20.07,,,,,,0.392,0.5,,9.87,2.32,,Spices and Herbs,"Gluten-Free,Vegan,Vegetarian",6,Clove,100.0,141.8,8.82,0.002,5.7
,,,,,,,,148.0,,56.63,20.0,1445.0,,,0.37,995.0,,318.0,2.871,8.106,3.26,,,,34.8,,106.0,,106.0,,,,,,,,,7.8,,,,1761.0,4758.0,,,,,,,,,,152.0,,1.914,,8.705,,,,,,,,,,,,,,,293.0,,2014.0,,12.01,,0.919,,,,,,,,,,,,,,,8.1,,30.0,,,,,,,,0.322,,10.34,17.27,,,,1561.0,,3.376,76.4,,10.37,2.48,,Spices and Herbs,"Gluten-Free,Vegan,Vegetarian",6,Dry red chili,100.0,80.3,29.83,0.002,5.7
,,,,,,,,116.0,,70.88,,,,53.6,0.755,,,347.0,1.139,1.488,2.031,,,,14.3,,,,13.0,,,,,,,,,19.8,,,,,,,,,,,,,,,132.0,,33.3,,9.61,,,,,,,,,,,,,,,168.0,,1342.0,,8.98,,0.16,,,,,,,,,,,,,,,5.5,,27.0,,,,,,,,0.052,,3.35,6.04,,,,,,0.598,,,9.87,4.71,,Spices and Herbs,"Gluten-Free,Vegan,Vegetarian",6,Ginger (dried),100.0,16.4,0.8,0.002,5.7
,,,,,,,,150.0,,72.73,,,,23.2,0.231,,,331.0,0.02,0.28,0.126,,,,9.9,,,,15.0,,,,,,,,,1.83,,,,,,,,,,,,,,,76.0,,0.94,,0.713,,,,,,,,,,,,,,,411.0,,1243.0,,16.55,,0.09,,,,,,,,,,,,,,,13.9,,60.0,,,,,,,,0.081,,2.43,0.72,,,,,,1.235,1.4,,7.78,0.54,,Spices and Herbs,"Gluten-Free,Vegan,Vegetarian",6,Garlic (dried),100.0,0.6,0.1,0.002,5.7
,,,,,,,,280.0,,53.99,56.0,2307.0,,94.7,0.36,2697.0,,282.0,2.41,7.37,2.19,,,,34.8,,,,108.0,,,,,,,,,22.1,,,,6176.0,,,,,,,,,,,178.0,,2.18,,10.95,,,,,,,,,,,,,,,314.0,,2280.0,,13.99,,0.43,,,,,,,,,,,,,,,7.9,,68.0,,,,,,,,0.33,,10.34,12.89,,,,1944.0,,2.45,0.9,,9.27,4.31,,Spices and Herbs,"Gluten-Free,Vegan,Vegetarian",6,Red chili powder,100.0,80.3,29.1,0.002,5.7
,,,,,,,,1438.0,,28.13,,,,25.5,1.62,,,525.0,5.9,28.56,4.51,,,,19.5,,,,82.0,,,,,,,,,9.79,,,,,,,,,,,,,,,347.0,,6.7,,1.05,,,,,,,,,,,,,,,870.0,,719.0,,17.99,,0.177,,,,,,,,,,,,,,,13.5,,26.0,,,,,,,,0.854,,2.99,41.56,,,,,,0.247,1.0,,6.13,7.97,,Nuts and seeds,"Gluten-Free,Vegan,Vegetarian",6,Poppy seed (Posto),100.0,,1.77,,6.5
,,,,,,,,,,,,,,,,,,,,,,,,,,,,,,,,,,,,,,,,,,,,,,,,,,,,,,,,,,,,,,,,,,,,,,,,,,,,,,,,,,,,,,,,,,,,,,,,,,,,,,,,,,,,,,,,,,,100.0,,,Not included in a food category,"Gluten-Free,Vegan,Vegetarian",6,Kewra essence (aromatic ingredient),100.0,7.3,0.79,,6.0
,,,,,,,,,,,,,,,,,,,,,,,,,,,,,,,,,,,,,,,,,,,,,,,,,,,,,,,,,,,,,,,,,,,,,,,,,,,,,,,,,,,,,,,,,,,,,,,,,,,,,,,,,,,,,,,,,,,100.0,,,Bottled water,"Gluten-Free,Vegan,Vegetarian",6,Rose water (aromatic ingredient),100.0,28.9,1.09,,6.0
,,,11.75,,,48.2,,1890.0,,63.94,,3600.0,,48.2,0.785,,,276.0,0.954,1.693,2.71,,,,37.0,,,,274.0,,,,,,,,,123.6,,,,1800.0,,,,,,,,,,,220.0,,1.719,,4.91,,,,,,,,,,,,,0.407,,201.0,,814.0,,9.11,,0.399,,,,,,,,,,,,,,,4.6,,55.0,,,,,,,,0.05,,1.71,7.4,,,,300.0,,0.348,50.0,,7.8,6.1,,Spices and Herbs,"Gluten-Free,Vegan,Vegetarian",6,Thyme (dried),100.0,1714.5,7.5,,5.9
,,,13.01,,,48.2,,1990.0,,60.6,,3235.0,,48.2,1.133,,,271.0,0.923,2.222,0.521,,,,40.3,,,,274.0,,,,,,,,,82.71,,,,1895.0,,,,,,,,,,,346.0,,5.688,,4.12,,,,,,,,,,,,,0.985,,306.0,,1522.0,,12.65,,0.316,,,,,,,,,,,,,,,4.5,,80.0,,,,,,,,0.306,,4.1,7.03,,,,269.0,,1.73,51.4,,6.71,3.6,,Spices and Herbs,"Gluten-Free,Vegan,Vegetarian",6,Marjoram (dried),100.0,621.7,3.33,,5.9
,,,10.6,,,48.2,,1464.0,,50.64,,10200.0,,48.2,0.354,,,292.0,0.824,1.692,0.826,,,,26.7,,,,175.0,,,,,,,,,22.04,,,,6000.0,,,,,,,,,,,466.0,,2.715,,6.6,,,,,,,,,,,,,0.687,,457.0,,3600.0,,26.63,,0.324,,,,,,,,,,,,,,,6.6,,450.0,,,,,,,,0.198,,7.27,4.8,,,,850.0,,0.9,285.2,,7.33,3.7,,Spices and Herbs,"Gluten-Free,Vegan,Vegetarian",6,Parsley (dried),100.0,1640.0,11.5,,5.9
,,,6.03,,,48.2,,148.0,,56.63,,12560.0,,48.2,0.37,,,318.0,2.98,7.96,3.26,,,,34.2,,,,106.0,,,,,,,,,7.8,,,,6024.0,,,,,,,,,,,152.0,,3.9,,9.21,,,,,,,,,,,,,2.519,,293.0,,2014.0,,12.01,,0.91,,,,,,,,,,,,,,,12.1,,30.0,,,,,,,,0.32,,10.34,17.27,,,,1098.0,,2.78,76.4,,8.06,2.48,,Spices and Herbs,"Gluten-Free,Vegan,Vegetarian",6,Crushed red pepper,100.0,80.3,29.83,0.002,5.7
,,,7.91,,,,,334.0,,55.7,89.0,2809.0,,46.2,0.37,,,318.0,3.09,8.01,3.1,,,,28.5,,102.0,102.0,102.0,,,,,,,,,12.5,,,,2082.0,3538.0,,,,,,,,,,152.0,,1.83,,11.6,,,,,,,,,,,,,2.5,,293.0,,1334.0,,12.3,,0.92,,,,,,,,,,,,,,,7.3,,78.0,,,,,,,,0.2,,10.2,17.2,,,,234.0,,2.56,12.8,,6.88,2.52,,Spices and Herbs,"Gluten-Free,Vegan,Vegetarian",6,Scotch bonnet powder (dried chili),100.0,80.3,3.23,0.002,5.7
,,,3.72,,,,,82.0,,75.0,,23.0,,,0.2,,,333.0,0.8,3.55,0.58,,,,14.5,,24.0,24.0,24.0,,,,,,,,,2.9,,,,,,,,,,,,,,,82.0,,1.12,,4.1,,,,,,,,,,,,,0.47,,82.0,,709.0,,3.7,,0.3,,,,,,,,,,,,,,,0.7,,42.0,,,,,,,,0.3,,,13.9,,,,2.0,,0.47,0.2,,6.78,0.97,,Spices and Herbs,"Gluten-Free,Vegan,Vegetarian",6,Juniper berry,100.0,71.3,0.61,0.002,5.7
,,,12.11,,,,,1516.0,,55.1,,4627.0,,,0.76,,,253.0,0.05,2.11,0.28,,,,21.1,,190.0,190.0,190.0,,,,,,,,,7.97,,,,2718.0,,,,,,,,,,,256.0,,1.3,,2.81,,,,,,,,,,,,,0.39,,306.0,,1558.0,,20.0,,0.28,,,,,,,,,,,,,,,1.1,,20.0,,,,,,,,0.42,,,4.4,,,,386.0,,0.32,85.0,,8.35,3.3,,Spices and Herbs,"Gluten-Free,Vegan,Vegetarian",6,Dill (dried),100.0,1640.0,3.89,,5.9
,,,,,,,,320.0,,3.6,,1560.0,,,0.08,,,24.0,,,,,,,1.8,,,,100.0,,,,,,,,,3.1,,,,,,,,,,,,,,,50.0,,0.15,,0.6,,,,,,,,,,,,,,,55.0,,460.0,,2.4,,0.14,,,,,,,,,,,,,,,0.3,,25.0,,,,,,,,0.1,,3.6,0.6,,,,260.0,,0.1,50.0,,90.5,0.2,,Spices and Herbs,"Gluten-Free,Vegan,Vegetarian",6,Lovage (dried),100.0,770.6,3.89,,5.9
,,,,,,,,71.0,,11.3,,,,,0.08,,,48.0,,,,,,,3.3,,,,55.0,,,,,,,,,0.4,,,,,,,,,,,,,,,32.0,,0.13,,0.3,,,,,,,,,,,,,,,60.0,,370.0,,1.6,,0.1,,,,,,,,,,,,,,,0.3,,26.0,,,,,,,,0.08,,7.7,0.3,,,,,,0.12,24.9,,88.2,0.3,,Spices and Herbs,"Gluten-Free,Vegan,Vegetarian",6,Horseradish (dried),100.0,5.4,0.18,,6.0
,,,7.58,,,,,931.0,,44.28,,766.0,,,0.333,,,375.0,15.351,3.197,1.535,,,,10.5,,10.0,,,,,,,,,,,66.36,,,,,,,,,,,15.111,,,,366.0,,3.333,,4.579,2.232,0.669,,,,,,,,,,,,,499.0,,1788.0,,17.81,,0.327,,,,0.015,,1.011,,0.264,0.065,0.039,,,,,5.1,,168.0,,,,,,,,0.628,,2.25,22.27,,,,64.0,,0.435,7.7,,8.06,4.8,,Spices and Herbs,"Gluten-Free,Vegan,Vegetarian",6,Cumin (less common),100.0,5.4,3.33,0.002,5.7
,,,0.76,,13.0,,,100.0,,8.85,,350.0,,,0.096,,,40.0,,,,,,,3.2,,23.0,23.0,,,,,,,,,,1.7,,,,150.0,,,,,,,,,,,32.0,,0.198,,0.32,,,,,,,,,,,,,0.2,,53.0,13.0,352.0,,1.53,,0.07,,,,,,,,,,,,,,,0.6,,55.0,,,,,,,,0.05,,,0.27,,,,29.0,,0.14,13.0,,88.59,0.35,,Spices and Herbs,"Gluten-Free,Vegan,Vegetarian",6,Angelica root,100.0,40.5,0.86,,6.0
,,,,,,,,,,,,,,,,,,,,,,,,,,,,,,,,,,,,,,,,,,,,,,,,,,,,,,,,,,,,,,,,,,,,,,,,,,,,,,,,,,,,,,,,,,,,,,,,,,,,,,,,,,,,,,,,,,,,,,Spices and Herbs,"Gluten-Free,Vegan,Vegetarian",6,Sweet flag (Calamus),100.0,770.6,3.89,,5.9
,,,9.6,,,,,1660.0,,50.0,,4800.0,,,0.5,,,373.0,1.1,3.5,1.3,,,,13.9,,80.0,,,,,,,,,,,11.4,,,,,,,,,,,1.1,,,,320.0,,4.1,,1.5,2.8,0.7,,,,,,,,,,,,,465.0,,1750.0,,28.6,,0.2,,,,,,0.9,,0.4,,,,,,,,,160.0,,,,,,,,0.1,,,6.8,,,,400.0,,0.3,10.0,,5.0,2.4,,Spices and Herbs,"Gluten-Free,Vegan,Vegetarian",6,Nettle (dried),100.0,1300.0,6.0,,5.9
,,,14.8,,,,,1340.0,,49.3,,6000.0,,,0.35,,,237.0,0.8,2.0,0.6,,,,10.0,,100.0,,,,,,,,,,,31.9,,,,,,,,,,,0.8,,,,306.0,,1.9,,2.5,1.5,0.5,,,,,,,,,,,,,460.0,,4740.0,,23.2,,0.5,,,,,,0.4,,0.2,,,,,,,,,180.0,,,,,,,,0.1,,6.4,4.7,,,,500.0,,0.2,50.0,,8.0,3.0,,Spices and Herbs,"Gluten-Free,Vegan,Vegetarian",6,Chervil (dried),100.0,1200.0,1.5,,5.9
,,,9.43,,,3.8,,1139.0,,50.22,,5030.0,,44.2,0.63,,,295.0,1.503,2.923,1.794,,,,8.0,,274.0,274.0,274.0,,,,,,,,,32.3,,,,6970.0,,,,,0.015,,1.488,,,,347.0,,5.41,,2.92,0.27,2.653,,,,,,,,,,,0.58,,303.0,,3020.0,,23.23,,0.33,,0.01,,0.007,,1.378,,0.373,,,,,,,4.6,,62.0,,,6.3,,,,,0.2,,6.3,7.2,,,,420.0,,1.2,50.0,,9.93,3.9,,Spices and Herbs,"Gluten-Free,Vegan,Vegetarian",6,Tarragon (dried),100.0,312.5,6.82,,5.9
,,,10.05,,,2.4,,1652.0,,60.4,,3576.0,,43.6,0.7,,,315.0,1.82,3.085,8.401,,,,40.3,,274.0,274.0,274.0,,,,,,,,,28.12,,,,1885.0,,,,,0.01,,1.78,,,,428.0,,2.73,,5.72,2.9,0.185,,,,,,,,,,,0.75,,91.0,,1070.0,,10.63,,0.34,0.02,0.02,,0.05,,7.39,,0.89,0.02,0.01,,,,,3.7,,11.0,,,1.7,,,,,0.3,,1.7,16.32,,,,298.0,,2.69,32.4,,8.4,4.7,,Spices and Herbs,"Gluten-Free,Vegan,Vegetarian",6,Sage (dried),100.0,604.0,7.48,,5.9
,,,6.89,,,1.2,,664.0,,64.06,,1872.0,,16.5,0.3,,,331.0,2.518,2.946,7.433,,,,42.6,,109.0,109.0,109.0,,,,,,,,,6.65,,,,2920.0,,,,,0.038,,2.476,,,,220.0,,1.9,,0.91,2.71,0.236,,,,,,,,,,,0.33,,70.0,,750.0,,4.88,,0.3,,0.02,,0.04,,6.618,,0.755,,,,,,,4.3,,50.0,,,10.6,,,,,0.1,,10.6,15.22,,,,156.0,,1.74,61.2,,9.25,3.2,,Spices and Herbs,"Gluten-Free,Vegan,Vegetarian",6,Rosemary (dried),100.0,220.4,0.8,,5.9
,,,7.33,,,0.5,,1196.0,,52.3,,69.0,,23.2,1.06,,,345.0,9.907,1.705,0.48,,,,39.8,,24.0,24.0,24.0,,,,,,,,,18.5,,,,,,,,,0.01,,9.878,,,,385.0,,6.51,,6.05,1.52,0.185,,,,,,,,,,,0.85,,487.0,,1694.0,,15.8,,0.35,0.005,0.005,,0.01,,0.36,,0.09,0.01,,,,,,6.2,,88.0,,,1.4,,,,,0.62,,1.4,14.5,,,,6.0,,0.47,21.0,,9.8,3.7,,Spices and Herbs,"Gluten-Free,Vegan,Vegetarian",6,Fennel seed (for seafood),100.0,62.8,2.7,0.002,5.7
,,,4.32,,,2.8,,1576.0,,64.43,,3148.0,,28.6,0.63,,,306.0,1.503,2.923,1.547,,,,42.5,,274.0,274.0,274.0,,,,,,,,,36.8,,,,1930.0,,,,,0.015,,1.488,,,,270.0,,4.92,,6.4,0.27,2.653,,,,,,,,,,,0.92,,147.0,,1260.0,,11.0,,0.53,,0.01,,0.007,,1.378,,0.152,,,,,,,4.5,,25.0,,,4.09,,,,,0.18,,4.09,10.25,,,,262.0,,0.1,5.0,,9.93,4.4,,Spices and Herbs,"Gluten-Free,Vegan,Vegetarian",6,Oregano (dried),100.0,621.7,18.27,,5.9
,,,6.4,,,,,350.0,,60.3,,36.0,,,0.8,,,374.0,,,,,,,20.9,,,,90.0,,,,,,,,,25.5,,,,,278.0,,,,,,,,,,230.0,,2.6,,3.0,,,,,,,,,,,,,,,442.0,,1350.0,,13.1,3.0,0.3,,,,,,,,,,,,,,,2.8,,35.0,,,,,,,,0.08,,,11.9,,,,3.0,,0.1,0.6,,8.0,4.5,,Spices and Herbs,"Gluten-Free,Vegan,Vegetarian",6,Achiote (annatto),100.0,56.3,10.22,0.002,5.7
,,,8.0,,,,,148.0,,56.6,,12480.0,,,0.4,,,318.0,,,,,,,28.6,,,,106.0,,,,,,,,,7.8,,,,,,,,,,,,,,,152.0,,1.8,,8.7,,,,,,,,,,,,,,,293.0,,2010.0,,12.0,2081.0,0.9,,,,,,,,,,,,,,,8.6,,30.0,,,,,,,,0.3,,,17.3,,,,2081.0,,2.4,76.4,,10.0,2.5,,Spices and Herbs,"Gluten-Free,Vegan,Vegetarian",6,Habanero powder (dried),100.0,56.3,10.22,0.002,5.7
,,,11.1,,,,,296.0,,53.9,5.0,1445.0,,,0.3,,,282.0,,,,,,,34.8,,,,100.0,,,,,,,,,11.4,,,,,,,,,,,,,,,154.0,,1.9,,10.9,,,,,,,,,,,,,,,303.0,,1600.0,,13.5,169.0,0.5,,,,,,,,,,,,,,,12.2,,78.0,,,,,,,,0.2,,,13.7,,,,169.0,,0.7,3.4,,7.8,2.7,,Spices and Herbs,"Gluten-Free,Vegan,Vegetarian",6,Dried chilies (various),100.0,56.3,10.22,0.002,5.7
,,,5.8,,,2.5,,1595.0,,60.1,,3480.0,,35.8,0.52,,,319.0,0.704,2.13,0.908,,,,11.2,,,,102.0,,,,,,,,,36.8,,,,560.0,,,,,,,,,,,533.0,,2.47,,4.1,,,,,,,,,,,,,,,230.0,,1150.0,,22.8,,0.44,,,,,,,,,,,,,,,3.9,,154.0,,,,,,,,0.35,,,4.8,,,,290.0,,0.5,112.5,,6.5,3.8,,Spices and Herbs,"Gluten-Free,Vegan,Vegetarian",6,Epazote (dried),100.0,620.0,2.7,,5.9
,,,3.9,,,,,110.0,,32.5,,,,,0.725,,,515.0,5.43,28.5,3.39,,,,14.5,,,,184.0,,,,,,,,,4.1,,,,,,,,,,,,,,,353.0,,1.114,,5.1,,,,,,,,,,,,,0.82,,574.0,,616.0,,15.8,,0.14,,,,,,,,,,,,,,,18.5,,23.0,,,,,,,,0.81,,,39.4,,,,,,0.61,,,8.4,3.2,,Spices and Herbs,"Gluten-Free,Vegan,Vegetarian",6,Safflower (azafrán),100.0,56.3,4.6,0.002,5.7
,,,,,,,,11.0,,60.5,,,,,0.05,,,287.0,,,,,,,15.9,,8.0,,,,,,,,,,,0.12,,,,,,,,,,,,,,,137.0,,0.113,,1.63,,,,,,,,,,,,,,,12.0,,148.0,,2.49,,0.18,,,,,,,,,,,,,,,0.6,,9.0,,,,,,,,0.1,,,3.23,,,,,,0.15,6.3,,12.5,0.16,,Spices and Herbs,"Gluten-Free,Vegan,Vegetarian",6,Vanilla (dried),100.0,,,0.002,5.7
1.054,,4.793,,2.872,229.0,,,52.0,18.0,14.7,1.0,10.0,,62.7,1.34,1.0,0.354,574.0,16.2,20.97,8.46,,,,6.0,,58.0,,,,,,,5.151,1.328,0.778,,8.82,1.144,,1.98,11.0,,1.094,,,,,,,,,592.0,,4.54,0.509,4.987,,,,,,,,,,,,,0.75,1.39,1174.0,265.0,788.0,0.999,24.5,,0.153,,,,,,,,,,,,,,,9.3,1.547,18.0,,19.0,,,,,,0.273,0.975,1.1,49.0,0.446,0.902,1.365,1.0,,0.143,1.9,,5.23,7.81,,Spices and Herbs,"Gluten-Free,Vegan,Vegetarian",6,Pepita spice (ground pumpkin seeds),100.0,7.3,2.18,0.002,5.7
0.547,,0.518,,1.139,,,,148.0,,56.6,,1876.0,,,0.37,,0.138,318.0,2.97,7.82,3.26,,,,27.2,,106.0,,,,,,,1.838,0.482,0.335,,7.8,0.505,,0.816,794.0,,0.59,,,,,,,,,152.0,,3.0,0.158,8.7,,,,,,,,,,,,,2.52,0.578,293.0,,2014.0,0.449,12.0,,0.91,,,,,,,,,,,,,,,9.3,0.536,30.0,,,,,,,,0.33,0.468,,17.3,0.169,0.407,0.612,2081.0,,2.45,76.4,,9.25,2.5,,Spices and Herbs,"Gluten-Free,Vegan,Vegetarian",6,Dried red chili,100.0,10.3,29.8,0.002,5.7
,,,3.0,,,,,110.0,,58.75,,,,,0.05,,,523.06,,,,,,,1.88,,,,,,,,,,,,,5.1,,,,,,,,,,,,,,,100.0,,0.48,,,,,,,,,,,,,,,,,26.0,,320.0,,7.89,,,,,,,,,,,,,,,,,,,20.0,,,,,,,,,,,28.5,,,,,,,,,5.0,0.82,,Spices and Herbs,"Gluten-Free,Vegan,Vegetarian",6,Calabash nutmeg,100.0,56.3,10.22,0.002,5.7
,,,3.55,,,,,242.0,,65.65,,,,,0.2,,,388.8,,,,,,,12.0,,,,,,,,,,,,,12.5,,,,,,,,,,,,,,,102.0,,0.15,,1.55,,,,,,,,,,,,,,,,,1650.0,,6.8,,0.21,,,,,,,,,,,,,,,,,13.0,,,,,,,,0.18,,,11.0,,,,55.0,,,35.0,,11.0,1.15,,Spices and Herbs,"Gluten-Free,Vegan,Vegetarian",6,Grains of Selim,100.0,56.3,10.22,0.002,5.7
,,,,,,,,175.0,,47.0,,,,,,,,525.0,,,,,,,22.0,,,,,,,,,,,,,4.0,,,,,,,,,,,,,,,175.0,,,,,,,,,,,,,,,,,,,275.0,,550.0,,7.0,,,,,,,,,,,,,,,,,,,5.0,,,,,,,,,,,38.0,,,,,,,,,,3.0,,Spices and Herbs,"Gluten-Free,Vegan,Vegetarian",6,African nutmeg (Ehuru),100.0,56.3,10.22,0.002,5.7
0.589,,0.645,5.94,1.082,28.0,,26.0,148.0,7.0,56.63,,4426.0,,107.5,0.339,128.0,0.158,318.0,2.793,9.215,3.279,0.063,0.052,0.011,34.8,,106.0,106.0,106.0,,,,,1.498,0.495,0.306,,7.8,0.556,,0.852,26990.0,,0.671,,,0.045,,2.73,,,,152.0,,0.916,0.17,8.44,7.957,1.258,,,,,,,,,,,2.52,0.47,293.0,55.0,1996.0,0.424,12.01,,0.919,,0.007,,0.063,0.024,2.238,0.043,0.803,0.086,,,,,,14.4,0.505,30.0,,20.0,,,0.052,,2.4,0.328,0.428,10.34,17.27,0.198,0.354,0.589,369.0,,2.45,76.4,,8.05,2.48,,Spices and Herbs,"Gluten-Free,Vegan,Vegetarian",6,Dried chilies,100.0,105.7,29.8,0.011,5.7
,,,,,,,,350.0,,48.0,,,,,,,,325.0,,,,,,,17.0,,,,,,,,,,,,,12.0,,,,,,,,,,,,,,,175.0,,,,,,,,,,,,,,,,,,,225.0,,1100.0,,11.0,,,,,,,,,,,,,,,,,,,30.0,,,,,,,,,,,12.0,,,,,,,,,,4.0,,Spices and Herbs,"Gluten-Free,Vegan,Vegetarian",6,Uziza seed,100.0,56.3,10.22,0.002,5.7
,,,,,,,,250.0,,53.0,,,,,,,,375.0,,,,,,,22.0,,,,,,,,,,,,,12.0,,,,,,,,,,,,,,,125.0,,,,,,,,,,,,,,,,,,,175.0,,1100.0,,7.0,,,,,,,,,,,,,,,,,,,15.0,,,,,,,,,,,13.0,,,,,,,,,,3.0,,Spices and Herbs,"Gluten-Free,Vegan,Vegetarian",6,Uda seed (Negro pepper),100.0,56.3,10.22,0.002,5.7
0.66,,0.686,7.8,1.23,22.0,,,229.0,5.0,53.99,1316.0,14781.0,,109.8,0.684,53.0,0.134,289.0,2.05,6.91,2.19,,,,34.8,,49.0,49.0,49.0,,5.62,,4.41,1.74,0.535,0.334,,21.1,0.589,,0.932,17796.0,18.0,0.697,,,0.03,,2.01,,,,178.0,,1.66,0.198,8.57,6.02,0.89,,,,,,,,,,,2.64,0.627,355.0,46.0,2280.0,0.612,13.9,,1.13,,,,0.06,0.01,1.52,0.04,0.55,0.01,,,,,,6.3,0.589,68.0,22.68,19.0,0.31,,,,,0.33,0.505,10.34,12.9,0.18,0.45,0.7,2463.0,,2.14,39.3,,11.1,4.33,,Spices and Herbs,"Gluten-Free,Vegan,Vegetarian",6,Smoked paprika,100.0,80.3,29.1,0.002,5.7
,,,4.73,,,,,1000.0,,80.8,5.0,180.0,,11.2,0.339,,,247.0,0.076,0.147,0.34,,,,53.1,,27.0,27.0,27.0,,0.46,,0.44,,,,,8.32,,,,220.0,,,,,,,,,,,60.0,,17.495,,1.332,,,,,,,,,,,,,0.354,,64.0,,431.0,,3.99,,0.041,,,,,,,,,,,,,,,3.1,,10.0,,,2.17,,,,,0.022,,2.17,1.24,,,,15.0,,0.158,3.8,,9.24,1.83,,Spices and Herbs,"Gluten-Free,Vegan,Vegetarian",6,Cinnamon (light use),100.0,31.2,2.32,0.002,5.7
,,,2.34,,,,,183.0,,49.29,,30.0,,7.7,0.297,,,525.0,3.22,0.7,25.36,,,,20.8,,76.0,76.0,76.0,,,,,,,,,3.04,,,,156.0,,,,,,,,,,,183.0,,2.9,,1.299,,,,,,,,,,,,,0.244,,213.0,,350.0,,5.84,,0.057,,,,,,,,,,,,,,,1.8,,16.0,,,,,,,,0.346,,,36.3,,,,5.0,,0.16,3.0,,6.23,2.15,,Spices and Herbs,"Gluten-Free,Vegan,Vegetarian",6,Nutmeg (light use),100.0,4.9,0.47,0.002,5.7
,,,0.21,,,,,18.0,,7.15,11.0,1073.0,,12.0,0.129,,,32.0,0.016,0.137,0.032,,,,1.4,,23.0,23.0,23.0,,2.05,,2.1,,,,,0.99,,,,381.0,,,,,,,,,,,25.0,,0.191,,1.096,,,,,,,,,,,,,0.297,,43.0,,322.0,,1.63,,0.093,,,,,,,,,,,,,,,0.4,,7.0,,,,,,,,0.082,,4.15,0.3,,,,104.0,,0.354,242.5,,90.71,0.26,,Vegetables and Vegetable Products,"Gluten-Free,Vegan,Vegetarian",6,Green chili,100.0,14.2,0.69,,5.9
,,,,,,,,1200.0,,60.0,,,,,0.8,,,370.0,,,,,,,30.0,,,,,,,,,,,,,25.0,,,,,,,,,,,,,,,250.0,,5.0,,10.0,,,,,,,,,,,,,,,200.0,,1300.0,,10.0,,0.4,,,,,,,,,,,,,,,,,20.0,,,,,,,,0.3,,,20.0,,,,25.0,,0.5,35.0,,,3.0,,Spices and Herbs,"Gluten-Free,Vegan,Vegetarian",6,Sichuan pepper (Timur pepper),100.0,56.3,10.22,0.002,5.7
,,,,,,,,1200.0,,60.0,,,,,0.8,,,370.0,,,,,,,30.0,,,,,,,,,,,,,25.0,,,,,,,,,,,,,,,250.0,,5.0,,10.0,,,,,,,,,,,,,,,200.0,,1300.0,,10.0,,0.4,,,,,,,,,,,,,,,,,20.0,,,,,,,,0.3,,,20.0,,,,25.0,,0.5,35.0,,,3.0,,Spices and Herbs,"Gluten-Free,Vegan,Vegetarian",6,Timur pepper (Sichuan pepper),100.0,56.3,10.22,0.002,5.7
,,,6.4,,,,,1525.0,,42.9,,,,,0.95,,,305.0,,,,,,,17.5,,,,264.0,,,,,,,,,7.6,,,,,,,,,,,,,,,378.0,,2.3,,3.2,,,,,,,,,,,,,,,443.0,,1351.0,,15.9,,0.39,,,,,,,,,,,,,,,,,16.0,,,,,,,,0.33,,,21.8,,,,,,0.37,,,8.9,4.9,,Spices and Herbs,"Gluten-Free,Vegan,Vegetarian",6,Ajwain (carom seed),100.0,24.9,0.4,0.002,5.7
,,,,,,,,280.0,,64.3,,,,,,,,372.0,,,,,,,39.4,,,,,,,,,,,,,17.7,,,,,,,,,,,,,,,,,,,,,,,,,,,,,,,,,,,,947.0,,10.4,,,,,,,,,,,,,,,,,,,26.0,,,,,,,,,,,10.5,,,,,,,,,8.0,,,Spices and Herbs,"Gluten-Free,Vegan,Vegetarian",6,Sichuan pepper (Timur),100.0,56.3,10.22,0.002,5.7
,,,5.0,,,,,166.0,,56.63,,875.0,,51.5,0.385,,,318.0,,,,,,,28.1,,,,106.0,,,,,,,,,7.8,,,,4680.0,,,,,,,,,,,145.0,,1.48,,8.7,,,,,,,,,,,,,2.547,,293.0,,1930.0,,12.01,,0.919,,,,,,,,,,,,,,,10.7,,30.0,,,,,,,,0.328,,10.34,17.27,,,,730.0,,3.869,76.4,,9.09,2.5,,Spices and Herbs,"Gluten-Free,Vegan,Vegetarian",6,Dried chili,100.0,105.7,29.83,0.002,5.7
,,,5.0,,,,,166.0,,56.63,,875.0,,51.5,0.385,,,318.0,,,,,,,28.1,,,,106.0,,,,,,,,,7.8,,,,4680.0,,,,,,,,,,,145.0,,1.48,,8.7,,,,,,,,,,,,,2.547,,293.0,,1930.0,,12.01,,0.919,,,,,,,,,,,,,,,10.7,,30.0,,,,,,,,0.328,,10.34,17.27,,,,730.0,,3.869,76.4,,9.09,2.5,,Spices and Herbs,"Gluten-Free,Vegan,Vegetarian",6,Dried red chilies,100.0,105.7,29.83,0.002,5.7
,,,5.0,,,,,166.0,,56.63,,875.0,,51.5,0.385,,,318.0,,,,,,,28.1,,,,106.0,,,,,,,,,7.8,,,,4680.0,,,,,,,,,,,145.0,,1.48,,8.7,,,,,,,,,,,,,2.547,,293.0,,1930.0,,12.01,,0.919,,,,,,,,,,,,,,,10.7,,30.0,,,,,,,,0.328,,10.34,17.27,,,,730.0,,3.869,76.4,,9.09,2.5,,Spices and Herbs,"Gluten-Free,Vegan,Vegetarian",6,Locoto powder (dried hot pepper),100.0,105.7,29.83,0.002,5.7
,,,7.27,,,,,292.0,,55.7,,5693.0,,40.5,0.373,,,318.0,2.05,9.38,3.26,,,,33.7,,104.0,,,,,,,,,,,13.9,,,,,,,,,,,,,,,151.0,,2.126,,10.6,,,,,,,,,,,,,,,293.0,,1332.0,,12.03,,0.63,,,,,,,,,,,,,,,6.3,,1640.0,,,,,,,,0.236,,10.33,17.26,,,,651.0,,1.48,15.3,,7.74,2.45,,Spices and Herbs,"Gluten-Free,Vegan,Vegetarian",6,Ají amarillo powder,100.0,80.3,13.84,0.002,5.7
,,,7.27,,,,,292.0,,55.7,,5693.0,,40.5,0.373,,,318.0,2.05,9.38,3.26,,,,33.7,,104.0,,,,,,,,,,,13.9,,,,,,,,,,,,,,,151.0,,2.126,,10.6,,,,,,,,,,,,,,,293.0,,1332.0,,12.03,,0.63,,,,,,,,,,,,,,,6.3,,1640.0,,,,,,,,0.236,,10.33,17.26,,,,651.0,,1.48,15.3,,7.74,2.45,,Spices and Herbs,"Gluten-Free,Vegan,Vegetarian",6,Ají panca powder,100.0,80.3,13.84,0.002,5.7
,,,4.02,,,,,2100.0,,60.13,,5040.0,,58.6,0.72,,,285.0,0.65,1.76,1.57,,,,39.8,,274.0,,,,,,,,,,,15.6,,,,,,,,,,,,,,,489.0,,11.5,,6.67,,,,,,,,,,,,,,,236.0,,2000.0,,19.88,,0.266,,,,,,,,,,,,,,,0.8,,52.0,,,,,,,,0.117,,8.01,6.04,,,,421.0,,1.7,2.5,,9.93,2.58,,Spices and Herbs,"Gluten-Free,Vegan,Vegetarian",6,"Muña (Andean mint, dried)",100.0,494.0,2.45,,5.9
,,,4.02,,,,,2100.0,,60.13,,5040.0,,58.6,0.72,,,285.0,0.65,1.76,1.57,,,,39.8,,274.0,,,,,,,,,,,15.6,,,,,,,,,,,,,,,489.0,,11.5,,6.67,,,,,,,,,,,,,,,236.0,,2000.0,,19.88,,0.266,,,,,,,,,,,,,,,0.8,,52.0,,,,,,,,0.117,,8.01,6.04,,,,421.0,,1.7,2.5,,9.93,2.58,,Spices and Herbs,"Gluten-Free,Vegan,Vegetarian",6,"Wacatay (black mint, dried)",100.0,494.0,2.45,,5.9
,,,9.6,,,,,314.0,,53.99,,13988.0,,87.5,0.702,,,289.0,1.83,6.84,2.19,,,,34.8,,159.0,,,,,,,,,,,22.8,,,,,,,,,,,,,,,178.0,,2.21,,12.04,,,,,,,,,,,,,,,342.0,,2280.0,,14.76,,1.62,,,,,,,,,,,,,,,4.5,,68.0,,,,,,,,0.33,,10.31,12.95,,,,2463.0,,2.14,0.9,,8.7,4.3,,Spices and Herbs,"Gluten-Free,Vegan,Vegetarian",6,Ají colorado powder,100.0,80.3,29.1,0.002,5.7
,,,9.9,,,,,2100.0,,29.9,,488.0,,,0.24,,,285.0,0.147,0.551,0.852,,,,14.9,,331.0,331.0,331.0,,,,,,,,,15.6,,,,3340.0,,,,,,,0.147,,,,600.0,,9.9,,4.82,0.29,0.261,,,,,,,,,,,,,160.0,,1490.0,,19.9,,0.95,,,,0.007,,0.655,,0.19,,,,,,,1.3,,80.0,,,,,,,,0.26,,5.67,4.9,,,,244.0,,0.26,100.0,,36.2,1.3,,Spices and Herbs,"Gluten-Free,Vegan,Vegetarian",6,Mint (dried),100.0,1640.0,10.0,,5.9
,,,,,,,,173.0,,60.0,,,,,0.11,,,370.0,1.52,2.28,1.23,,,,27.8,,,,,,,,,,,,,6.6,,,,,,,,,,,1.52,,,,169.0,,0.93,,3.16,2.16,0.12,,,,,,,,,,,0.26,,310.0,,770.0,,12.0,,0.3,,,,,,0.8,,0.4,,,,,,,5.3,,22.0,,,,,,,,0.13,,,5.9,,,,37.0,,0.33,,,9.9,1.3,,Spices and Herbs,"Gluten-Free,Vegan,Vegetarian",6,Annatto (urucum),100.0,,,0.002,5.7
,,,1.0,,39.0,,,26.0,4.0,23.7,,,,39.5,0.68,,,660.0,3.37,0.78,57.2,,,,16.3,,26.0,26.0,26.0,,0.85,,0.85,,,,,2.43,,,,,,,,,0.05,,3.27,,,,90.0,,2.68,,0.8,0.78,,,,,,,,,,,,0.78,,206.0,44.0,572.0,,7.0,,0.03,3.55,29.9,,12.3,,6.01,,2.83,0.06,,,,0.33,4.15,14.2,,37.0,,1.0,0.95,,,,,0.06,,2.65,64.5,,,,,,0.19,3.3,,3.0,1.06,"Nuts,Nuts (coconut)",Fruits and Fruit Juices,"Gluten-Free,Vegan,Vegetarian",6,"Coconut powder (aromatic, used in some dishes)",100.0,,0.27,,6.0
,,,,,,,,173.0,,60.0,,,,,0.11,,,370.0,1.52,2.28,1.23,,,,27.8,,,,,,,,,,,,,6.6,,,,,,,,,,,1.52,,,,169.0,,0.93,,3.16,2.16,0.12,,,,,,,,,,,0.26,,310.0,,770.0,,12.0,,0.3,,,,,,0.8,,0.4,,,,,,,5.3,,22.0,,,,,,,,0.13,,,5.9,,,,37.0,,0.33,,,9.9,1.3,,Spices and Herbs,"Gluten-Free,Vegan,Vegetarian",6,Achiote (urucum),100.0,,,0.002,5.7
,,,,,,,,,,,,,,,,,,,,,,,,,,,,,,,,,,,,,,,,,,,,,,,,,,,,,,,,,,,,,,,,,,,,,,,,,,,,,,,,,,,,,,,,,,,,,,,,,,,,,,,,,,,,,,,,,,,,,,Spices and Herbs,"Gluten-Free,Vegan,Vegetarian",6,"Priprioca (aromatic root, dried)",100.0,28.9,1.09,,6.0
,,,,,,,,,,,,,,,,,,,,,,,,,,,,,,,,,,,,,,,,,,,,,,,,,,,,,,,,,,,,,,,,,,,,,,,,,,,,,,,,,,,,,,,,,,,,,,,,,,,,,,,,,,,,,,,,,,,,,,Spices and Herbs,"Gluten-Free,Vegan,Vegetarian",6,"Cumaru (Tonka bean, grated)",100.0,56.3,10.22,0.002,5.7
,,,,,,,,19.0,,15.2,,10.0,,,0.054,,,71.0,,,,,,,1.3,,5.0,,,,,,,,,,,0.81,,,,,,,,,,,,,,,18.0,,0.119,,0.44,,,,,,,,,,,,,,,25.0,,269.0,,1.4,,0.013,,,,,,,,,,,,,,,0.6,,6.0,,,,,,,,0.038,,,0.6,,,,1.0,,0.076,4.9,,83.1,0.12,,Spices and Herbs,"Gluten-Free,Vegan,Vegetarian",6,Galangal (dried),100.0,56.3,10.22,0.002,5.7
,,,,,,,,65.0,,25.31,,86.0,,,0.266,3.0,,99.0,,,,,,,5.0,,75.0,,,,,,,,,,,5.2,,,,45.0,,,,,,,,,,,60.0,,0.58,,1.11,,,,,,,,,,,,,,,101.0,,494.0,,1.82,,0.135,,,,,,,,,,,,,,,0.7,,6.0,,,,,,,,0.065,,,0.49,,,,13.0,,0.08,2.6,,80.5,0.29,,Spices and Herbs,"Gluten-Free,Vegan,Vegetarian",6,Lemongrass (dried),100.0,770.6,3.89,,5.9
,,,,,,,,74.0,,62.5,,,,8.6,0.086,,,239.0,,,,,,,5.1,,14.0,,,,,,,,,,,2.8,,,,,,,,,,,,,,,92.0,,0.113,,1.938,,,,,,,,,,,,,,,113.0,,628.0,,2.8,,0.152,,,,,,,,,,,,,,,1.3,,28.0,,,,,,,,0.428,,57.4,0.6,,,,,,0.066,3.5,,30.3,0.1,,Fruits and Fruit Juices,"Gluten-Free,Vegan,Vegetarian",6,Tamarind powder (aromatic souring agent),100.0,1.2,0.61,,6.0
,,,,,,,,658.0,,59.4,10.0,249.0,,,0.75,,,290.0,1.32,2.16,1.52,,,,25.3,,,,10.0,,,,,,,,,18.3,,,,,,,,,,,,,,,234.0,,11.7,,3.9,,,,,,,,,,,,,,,196.0,,1301.0,,9.89,,0.33,,,,,,,,,,,,,,,10.4,,19.0,,,,,,,,0.13,,1.23,5.8,,,,21.0,,0.36,3.1,,8.65,2.71,,Spices and Herbs,"Gluten-Free,Vegan,Vegetarian",6,Five-spice powder,100.0,29.3,3.04,,6.2
,,,5.23,,,,,1143.0,,60.5,,,,,0.5,,,372.0,,,,,,,39.8,,180.0,,,,,,,,,,,29.5,,,,,,,,,,,,,,,230.0,,3.5,,4.5,,,,,,,,,,,,,,,460.0,,1240.0,,10.1,,0.4,,,,,,,,,,,,,,,,,35.0,,,,,,,,0.3,,,9.9,,,,30.0,,0.5,53.0,,8.3,2.5,,Spices and Herbs,"Gluten-Free,Vegan,Vegetarian",6,Sichuan pepper,100.0,26.0,2.5,0.002,5.7
,,,,,,,,600.0,,50.8,,,,,0.6,,,376.0,,,,,,,25.5,,100.0,,,,,,,,,,,35.0,,,,,,,,,,,,,,,250.0,,3.0,,3.5,,,,,,,,,,,,,,,350.0,,1300.0,,12.5,,0.3,,,,,,,,,,,,,,,10.0,,60.0,,,,,,,,0.2,,,14.5,,,,50.0,,0.4,15.0,,8.0,2.8,,Spices and Herbs,"Gluten-Free,Vegan,Vegetarian",6,Garam masala (mixed spice),100.0,20.0,3.0,,6.2
,,,17.96,,,,,2132.0,,60.1,202.0,3370.0,,,0.941,,,272.0,,,,,,,37.5,,164.0,,,,,,,,,,,37.88,,,,6980.0,,,,,,,,,,,377.0,,7.491,,4.08,,,,,,,,,,,,,,,140.0,,1051.0,,6.73,,0.58,,,,,,,,,,,,,,,4.6,,24.0,,,,,,,,0.147,,0.5,5.91,,,,281.0,,1.81,50.0,,9.31,4.09,,Spices and Herbs,"Gluten-Free,Vegan,Vegetarian",6,Savory (chubritsa),100.0,310.0,7.82,,5.9
,,,8.1,,,,,2000.0,,68.9,,2400.0,,,0.6,,,280.0,,,,,,,40.2,,200.0,,,,,,,,,,,40.0,,,,12000.0,,,,,,,,,,,600.0,,5.0,,3.0,,,,,,,,,,,,,,,150.0,,1500.0,,10.3,,0.3,,,,,,,,,,,,,,,5.0,,100.0,,,,,,,,0.1,,,4.4,,,,200.0,,0.3,50.0,,8.3,2.5,,Spices and Herbs,"Gluten-Free,Vegan,Vegetarian",6,Spearmint (dried),100.0,500.0,5.0,,5.9
,,,,,,,,,,,,,,,,,,,,,,,,,,,,,,,,,,,,,,,,,,,,,,,,,,,,,,,,,,,,,,,,,,,,,,,,,,,,,,,,,,,,,,,,,,,,,,,,,,,,,,,,,,,,,,,,,,,,,,Spices and Herbs,"Gluten-Free,Vegan,Vegetarian",6,Kaffir lime leaf (dried),100.0,770.6,3.89,,5.9
0.505,,0.536,5.8,0.99,,,,383.0,,68.5,,32.0,,,0.67,,0.111,311.0,0.96,4.14,0.6,,,,28.0,,20.0,20.0,20.0,,,,,1.832,0.443,0.23,,13.97,0.428,,0.701,,,0.436,,,0.04,,0.89,0.02,,,229.0,,28.0,0.165,6.702,4.14,,,,,,,,,,,,0.354,0.463,178.0,,1119.0,0.395,10.7,,0.182,,,,,,0.53,,0.07,,,,,,,27.6,0.43,18.0,,,,,,,,0.198,0.351,,6.7,0.096,0.297,0.537,,,0.23,21.0,,8.28,7.47,,Spices and Herbs,"Gluten-Free,Vegan,Vegetarian",6,Cardamom (Cambodian brown),100.0,,,,5.7
0.208,,0.245,4.6,0.388,,0.5,,170.0,,75.8,,23.0,,8.6,0.086,,0.038,283.0,0.05,0.26,0.14,,,,5.1,,14.0,14.0,14.0,,2.37,,1.63,0.551,0.171,0.108,,2.8,0.125,,0.249,,,0.23,,,0.02,,0.03,,,,92.0,,0.38,0.051,1.93,0.23,0.03,,,,,,,,,,,0.231,0.176,113.0,,620.0,0.142,3.4,,0.152,,,,,,0.12,,0.02,,,,,,,1.1,0.173,28.0,,,52.7,,,,,0.34,0.11,56.7,0.6,0.033,0.106,0.169,2.0,,0.077,3.5,,15.6,0.1,,Fruits and Fruit Juices,"Gluten-Free,Vegan,Vegetarian",6,Tamarind powder,100.0,2.8,0.1,,3.6
0.548,,1.144,5.9,1.258,,,,357.0,,58.3,,,,,0.395,,0.177,374.0,5.02,6.8,3.7,,,,12.3,,8.0,8.0,8.0,,,,,2.072,0.443,0.383,,14.1,0.437,,0.814,,,0.701,,,0.05,,4.97,,,,269.0,,1.6,0.198,3.057,6.75,0.05,,,,,,,,,,,0.231,0.596,308.0,,1289.0,0.482,13.4,,0.137,,,,0.01,,3.49,,0.2,,,,,,,3.6,0.536,10.0,,,,,,,,0.089,0.434,,16.2,0.155,0.457,0.612,,,0.264,,,6.1,3.8,,Spices and Herbs,"Gluten-Free,Vegan,Vegetarian",6,Annatto,100.0,,,,5.7
0.35,,0.442,2.79,0.697,,,,1652.0,,60.4,,3530.0,,,0.607,,0.082,315.0,2.2,4.39,7.7,,,,40.3,,274.0,274.0,274.0,,0.85,,0.85,1.13,0.301,0.176,,28.12,0.334,,0.547,1828.0,,0.457,,,0.05,,2.15,,,,428.0,,2.727,0.122,5.72,3.9,0.49,,,,,,,,,,,0.76,0.366,91.0,,1070.0,0.283,10.6,,0.337,,,,0.01,,7.42,,0.27,,,,,,,3.7,0.323,11.0,,,,,,,,0.34,0.297,1.7,16.3,0.091,0.244,0.398,295.0,,2.45,32.4,,9.9,4.7,,Spices and Herbs,"Gluten-Free,Vegan,Vegetarian",6,Wild sage,100.0,1714.5,7.48,,5.9
,,,,,,,,,,,,,,,,,,,,,,,,,,,,,,,,,,,,,,,,,,,,,,,,,,,,,,,,,,,,,,,,,,,,,,,,,,,,,,,,,,,,,,,,,,,,,,,,,,,,,,,,,,,,,,,,,,,,,,Spices and Herbs,"Gluten-Free,Vegan,Vegetarian",6,Sweetgrass (aromatic),100.0,770.6,3.89,,5.9
,,,,,,,,,,,,,,,,,,,,,,,,,,,,,,,,,,,,,,,,,,,,,,,,,,,,,,,,,,,,,,,,,,,,,,,,,,,,,,,,,,,,,,,,,,,,,,,,,,,,,,,,,,,,,,,,,,,,,,Spices and Herbs,"Gluten-Free,Vegan,Vegetarian",6,Labrador tea (dried),100.0,770.6,3.89,,5.9
,,,,,,,,,,,,,,,,,,,,,,,,,,,,,,,,,,,,,,,,,,,,,,,,,,,,,,,,,,,,,,,,,,,,,,,,,,,,,,,,,,,,,,,,,,,,,,,,,,,,,,,,,,,,,,,,,,,,,,Not included in a food category,"Gluten-Free,Vegan,Vegetarian",6,Cedar (aromatic),100.0,28.9,1.09,,6.0
0.334,,0.482,6.83,0.621,,,,114.0,,70.88,,14.0,,37.1,0.33,,0.063,347.0,0.854,0.992,0.852,,,,14.1,,13.0,13.0,13.0,,,,,0.966,0.312,0.199,,19.8,0.301,,0.499,188.0,,0.419,,,0.039,,0.601,0.016,0.007,,214.0,,33.327,0.1,9.62,0.778,0.126,,,,,,,,,,,0.477,0.329,168.0,57.0,1338.0,0.261,8.98,,0.17,,,,0.047,0.009,0.589,0.008,0.187,0.006,0.006,,,,,5.2,0.364,27.0,,10.0,,,,,,0.046,0.282,3.3,4.24,0.089,0.222,0.384,1.0,,0.626,0.7,,9.94,3.64,,Spices and Herbs,"Gluten-Free,Vegan,Vegetarian",6,Wild ginger (dried),100.0,11.3,0.26,0.002,5.7
0.383,,0.457,5.28,0.985,,,,105.0,,79.2,,,,28.3,0.198,,0.082,348.0,0.106,0.395,0.365,,,,10.3,,34.0,34.0,34.0,,22.28,,24.6,1.306,0.375,0.207,,2.51,0.396,,0.627,,,0.505,,,0.006,,0.091,,,,85.0,,0.744,0.11,0.6,0.32,0.075,,,,,,,,,,,0.55,0.324,289.0,,1032.0,0.264,10.43,,0.1,,0.003,,0.005,,0.287,,0.038,0.005,,,,,,1.1,0.378,77.0,,,1.08,,,,,0.2,0.284,47.96,1.05,0.104,0.244,0.413,,,0.3,25.0,,4.14,0.77,,Spices and Herbs,Vegetarian,6,Wild onion (dried),100.0,8.8,0.08,0.002,5.7
0.692,,1.096,4.01,1.346,9.0,,,291.0,1.0,75.14,,5.0,,28.5,0.368,,0.126,332.0,0.046,0.297,0.205,,,,9.3,,84.0,84.0,84.0,,0.39,,0.48,2.053,0.584,0.32,,3.3,0.449,,0.753,10.0,,0.704,,,,,0.045,0.001,,,82.0,,1.144,0.183,2.82,0.231,0.065,,,,,,,,,,,0.49,0.463,468.0,10.0,1500.0,0.536,16.55,,0.17,,,,0.007,0.002,0.147,0.001,0.048,,,,,,,14.2,0.518,53.0,72.71,,0.26,,,,,0.69,0.354,2.43,0.73,0.119,0.29,0.603,,,1.6,29.8,,3.6,2.6,,Spices and Herbs,"Vegan,Vegetarian",6,Wild garlic (dried),100.0,1.2,0.14,,5.9
,,,,,,,,,,,,,,,,,,,,,,,,,,,,,,,,,,,,,,,,,,,,,,,,,,,,,,,,,,,,,,,,,,,,,,,,,,,,,,,,,,,,,,,,,,,,,,,,,,,,,,,,,,,,,,,,,,,,,,Spices and Herbs,"Gluten-Free,Vegan,Vegetarian",6,Bearberry (aromatic),100.0,770.6,3.89,,5.9
,,,,,,,,48.0,,65.5,,,,,0.19,,,310.0,,,,,,,18.3,,5.0,5.0,5.0,,,,,,,,,0.94,,,,,,,,,,,,,,,22.0,,0.165,,0.5,,,,,,,,,,,,,,,32.0,,291.0,,2.2,,0.06,,,,,,,,,,,,,,,0.1,,1.0,,,,,,,,0.05,,38.0,1.3,,,,,,0.06,15.5,,9.5,0.27,,Fruits and Fruit Juices,"Gluten-Free,Vegan,Vegetarian",6,Chokecherry powder,100.0,3.5,0.33,,6.0
,,,,,,,,,,,,,,,,,,,,,,,,,,,,,,,,,,,,,,,,,,,,,,,,,,,,,,,,,,,,,,,,,,,,,,,,,,,,,,,,,,,,,,,,,,,,,,,,,,,,,,,,,,,,,,,,,,,,,,Spices and Herbs,"Gluten-Free,Vegan,Vegetarian",6,Spruce tips (dried),100.0,207.0,0.85,,6.0
0.22,,0.339,4.44,0.457,,,,430.0,,64.81,,,,10.6,1.327,,0.101,251.0,0.778,0.985,1.378,0.003,0.001,0.002,26.5,31.0,10.0,10.0,10.0,,,,,1.232,0.25,0.134,,9.71,0.266,,0.435,205.0,,0.324,,,0.006,,0.771,,,,194.0,,5.57,0.122,1.142,0.803,0.182,,,,,,,,,,,0.55,0.269,173.0,97.0,1329.0,0.292,10.95,,0.29,0.006,0.015,,0.012,0.003,0.992,0.006,0.344,0.001,,,,,,3.1,0.288,20.0,32.41,43.0,,,0.001,,,0.088,0.231,,3.26,0.052,0.201,0.334,,,0.34,6.1,,12.4,1.42,,Spices and Herbs,"Vegan,Vegetarian",6,Black pepper (post-contact),100.0,16.4,0.76,0.002,5.7
,,,100.0,,,,,24.0,,,,,,,,,,,,,,,,,,,,,,,,,,,,,,0.33,,,,,,,,,,,,,,,1.0,,0.01,,,,,,,,,,,,,,,,,,,8.0,,,,,,,,,,,,,,,,,,,0.1,,38758.0,,,,,,,,,,,,,,,,,,,,,0.08,,Spices and Herbs,"Vegan,Vegetarian",6,Salt (post-contact),100.0,,,,7.0
,,,7.37,,,,,296.0,,56.6,,,,,0.385,,,318.0,,,,,,,24.9,,104.0,,,,,,,,,,,17.5,,,,,,,,,,,,,,,147.0,,1.83,,11.2,,,,,,,,,,,,,,,307.0,,1390.0,,12.8,,0.34,,,,,,,,,,,,,,,13.9,,73.0,,,,,,,,0.33,,9.3,14.4,,,,743.0,,1.09,37.8,,8.79,2.5,,Spices and Herbs,"Gluten-Free,Vegan,Vegetarian",6,Merkén,100.0,80.3,29.8,0.002,5.7
,,,4.62,,,,,379.0,,67.8,,,,,0.655,,,346.0,1.06,2.92,0.81,,,,30.0,,95.0,,,,,,,,,,,19.3,,,,,,,,,,,,,,,204.0,,2.12,,4.88,,,,,,,,,,,,,,,289.0,,1180.0,,11.3,,0.49,,,,,,,,,,,,,,,13.5,,16.0,,,,,,,,0.28,,0.58,8.35,,,,10.0,,0.61,17.0,,7.9,2.15,,Spices and Herbs,"Gluten-Free,Vegan,Vegetarian",6,Five-spice powder (Chinese influence),100.0,64.6,1.5,,6.2
,,,1.97,,,,,26.0,,23.65,,,,,0.728,,,660.0,2.65,0.69,57.2,,,,16.3,,32.0,,,,,,,,,,,3.32,,,,,,,,,,,,,,,90.0,,2.68,,0.99,,,,,,,,,,,,,,,206.0,,588.0,,6.88,,0.038,,,,,,,,,,,,,,,18.2,,37.0,,,,,,,,0.066,,7.35,64.5,,,,,,0.3,3.3,,3.0,2.03,"Nuts,Nuts (coconut)",Fruits and Fruit Juices,"Gluten-Free,Vegan,Vegetarian",6,Coconut powder (aromatic),100.0,1.2,0.61,,6.0
,,,5.46,,,,,111.0,,65.4,,,,,0.328,,,310.0,0.43,1.5,1.58,,,,3.9,,93.0,,,,,,,,,,,11.1,,,,,,,,,,,,,,,264.0,,28.0,,1.46,,,,,,,,,,,,,,,252.0,,1724.0,,11.4,,0.27,,,,,,,,,,,,,,,4.4,,148.0,,,,,,,,0.17,,31.0,5.85,,,,530.0,,1.01,80.8,,11.9,1.09,,Spices and Herbs,"Gluten-Free,Vegan,Vegetarian",6,Saffron (often substituted with turmeric),100.0,56.3,10.22,0.002,5.7
,,,1.97,,,,,26.0,,23.65,,,,,0.728,,,660.0,2.65,0.69,57.2,,,,16.3,,32.0,,,,,,,,,,,3.32,,,,,,,,,,,,,,,90.0,,2.68,,0.99,,,,,,,,,,,,,,,206.0,,588.0,,6.88,,0.038,,,,,,,,,,,,,,,18.2,,37.0,,,,,,,,0.066,,7.35,64.5,,,,,,0.3,3.3,,3.0,2.03,"Nuts,Nuts (coconut)",Fruits and Fruit Juices,"Gluten-Free,Vegan,Vegetarian",6,Coconut powder (aromatic enhancer),100.0,1.2,0.61,,6.0
,,,,,,,,660.0,,47.7,,2595.0,,,0.4,,,317.0,0.2,2.2,0.6,,,,30.9,,,,105.0,,,,,,,,,14.4,,,,,,,,,,,,,,,130.0,,1.7,,3.4,,,,,,,,,,,,,,,370.0,,2790.0,,28.6,,0.5,,,,,,,,,,,,,,,3.7,,20.0,,,,,,,,0.3,,18.3,4.3,,,,216.0,,0.6,0.8,,8.6,2.6,,Spices and Herbs,"Gluten-Free,Vegan,Vegetarian",6,Chives (dried),100.0,2940.0,3.89,,5.9
,,,,,,,,100.0,,45.0,,3000.0,,,,,,380.0,5.0,10.0,2.5,,,,27.5,,,,,,,,,,,,,4.0,,,,,,,,,,,,,,,100.0,,,,,,,,,,,,,,,,,,,,,600.0,,13.5,,,,,,,,,,,,,,,,,,,10.0,,,,,,,,,,12.5,17.5,,,,300.0,,,450.0,,5.0,,,Fruits and Fruit Juices,"Gluten-Free,Vegan,Vegetarian",6,Sea buckthorn powder (aromatic),100.0,1.8,20.0,,6.0
,,,,,,,,500.0,,55.0,,,,,,,,330.0,,,,,,,18.0,,,,,,,,,,,,,9.0,,,,,,,,,,,,,,,110.0,,,,,,,,,,,,,,,,,,,,,2800.0,,22.0,,,,,,,,,,,,,,,,,,,50.0,,,,,,,,,,,2.5,,,,100.0,,,50.0,,8.0,,,Spices and Herbs,"Gluten-Free,Vegan,Vegetarian",6,Ramps / wild garlic (dried),100.0,1500.0,3.89,,5.9
,,,,,,,,1860.0,,52.0,,,,,1.5,,,344.0,3.5,9.5,1.2,,,,40.0,,,,100.0,,,,,,,,,10.0,,,,,,,,,,,,,,,240.0,,1.2,,5.7,,,,,,,,,,,,,,,560.0,,1600.0,,17.8,,0.2,,,,,,,,,,,,,,,25.0,,16.0,,,,,,,,0.6,,,15.0,,,,,,0.5,,,8.0,5.2,,Spices and Herbs,"Gluten-Free,Vegan,Vegetarian",6,Nigella seed,100.0,56.3,10.22,0.002,5.7
,,,,,,,230.0,100.0,,28.3,,,,,2.6,,,590.0,17.5,1.5,31.1,,,,14.7,,,,30.0,,,,,,,,,6.7,,,,,,,,,,,,,,,292.0,,1.2,,2.2,,,,,,,,,,,,,,,734.0,,780.0,,13.7,,0.1,,,,,,,,,,,,,,,12.0,,15.0,,,,,,,1500.0,0.1,,1.2,51.6,,,,,,0.1,,,2.4,4.5,,Spices and Herbs,"Gluten-Free,Vegan,Vegetarian",6,Cocoa nibs (aromatic spice),100.0,56.3,10.22,0.002,5.7
,,,,,,,,1000.0,,68.3,,2.0,,,0.61,,,374.0,1.6,4.5,2.9,,,,32.8,,60.0,60.0,60.0,,,,,,,,,35.8,,,,,,,,,,,,,,,230.0,,11.5,,4.1,,,,,,,,,,,,,,,330.0,,1240.0,,10.5,,0.4,,,,,,,,,,,,,,,3.7,,35.0,,,,,,,,0.16,,2.1,10.0,,,,,,0.7,3.8,,6.8,3.2,,Spices and Herbs,"Gluten-Free,Vegan,Vegetarian",6,Berbere spice,100.0,,10.0,0.002,5.7
,,,,,,,,1000.0,,68.3,,2.0,,,0.61,,,374.0,1.6,4.5,2.9,,,,32.8,,60.0,60.0,60.0,,,,,,,,,35.8,,,,,,,,,,,,,,,230.0,,11.5,,4.1,,,,,,,,,,,,,,,330.0,,1240.0,,10.5,,0.4,,,,,,,,,,,,,,,3.7,,35.0,,,,,,,,0.16,,2.1,10.0,,,,,,0.7,3.8,,6.8,3.2,,Spices and Herbs,"Gluten-Free,Vegan,Vegetarian",6,Mitmita,100.0,,10.0,0.002,5.7
,,,,,,,,854.0,,64.9,,2160.0,,,0.38,,,263.0,1.9,5.7,1.6,,,,32.7,,,,96.0,,,,,,,,,18.2,,,,,,,,,,,0.58,,,,194.0,,5.17,,2.44,3.51,0.519,,,,,,,,,,,,,287.0,,1590.0,,10.1,,0.443,,,,,,0.613,,0.178,,,,,,,13.9,,120.0,,,,,,,,0.165,,9.38,10.5,,,,180.0,,0.509,39.2,,8.8,3.29,,Spices and Herbs,"Gluten-Free,Vegan,Vegetarian",6,Berbere,100.0,105.0,2.92,,6.2
,,,,,,,,854.0,,64.9,,2160.0,,,0.38,,,263.0,1.9,5.7,1.6,,,,32.7,,,,96.0,,,,,,,,,18.2,,,,,,,,,,,0.58,,,,194.0,,5.17,,2.44,3.51,0.519,,,,,,,,,,,,,287.0,,1590.0,,10.1,,0.443,,,,,,0.613,,0.178,,,,,,,13.9,,120.0,,,,,,,,0.165,,9.38,10.5,,,,180.0,,0.509,39.2,,8.8,3.29,,Spices and Herbs,"Gluten-Free,Vegan,Vegetarian",6,Niter kibbeh spice mix,100.0,105.0,2.92,,6.2
0.183,,0.198,1.5,0.285,,,,177.0,,2.65,,3142.0,,14.8,0.385,,0.048,23.0,0.02,0.358,0.046,,,,1.6,,68.0,68.0,68.0,,,,,0.334,0.179,0.074,,3.17,0.151,,0.258,5650.0,,0.165,,,,,0.02,,,,64.0,,1.148,0.048,0.902,0.081,0.277,,,,,,,,,,,0.209,0.177,56.0,,295.0,0.138,3.15,,0.076,,,,0.001,,0.033,,0.012,,,,,,,0.3,0.126,4.0,,,,,,,,0.034,0.152,0.3,0.64,0.05,0.117,0.21,264.0,,0.155,18.0,,92.06,0.81,,Spices and Herbs,"Gluten-Free,Vegan,Vegetarian",6,Basil (Ethiopian besobela),100.0,414.8,0.8,,5.9
,,,,,,,,,,,,,,,,,,,,,,,,,,,,,,,,,,,,,,,,,,,,,,,,,,,,,,,,,,,,,,,,,,,,,,,,,,,,,,,,,,,,,,,,,,,,,,,,,,,,,,,,,,,,,,,,,,,,,,Spices and Herbs,"Gluten-Free,Vegan,Vegetarian",6,Rue seed (tena adam),100.0,1.7,0.08,,5.8
0.155,,0.174,2.5,0.322,18.0,2.3,,177.0,4.0,2.65,187.0,3142.0,,,0.3,,0.026,23.0,0.038,0.366,0.046,,,,1.6,,68.0,68.0,68.0,,,,,0.407,0.147,0.068,,3.17,0.144,,0.231,5650.0,,0.198,,,,,0.035,,,,64.0,,1.148,0.057,0.902,0.117,0.24,,,,,,,,,,,0.209,0.147,56.0,26.0,295.0,0.108,3.15,,0.177,,,,,,0.033,,0.007,,,,,,,0.3,0.134,4.0,,4.0,0.3,,,,,0.034,0.127,0.3,0.64,0.032,0.081,0.176,264.0,,0.077,18.0,,92.06,0.81,,Spices and Herbs,"Gluten-Free,Vegan,Vegetarian",6,Basil (besobela),100.0,414.8,0.8,,5.9
,,,12.8,,,,,1730.0,,28.1,,,,,0.589,,,199.0,,,,,,,34.2,,,,274.0,,,,,,,,,5.25,,,,,,,,,,,,,,,355.0,,0.99,,4.41,,,,,,,,,,,,,,,341.0,,3740.0,,13.9,,0.354,,,,,,,,,,,,,,,3.7,,100.0,,,,,,,,0.16,,,5.46,,,,,,0.57,12.0,,10.0,5.17,,Spices and Herbs,"Gluten-Free,Vegan,Vegetarian",6,Angelica root (dried),100.0,56.3,10.22,0.002,5.7
,,,1.5,,9.0,,,161.0,2.0,24.08,,128.0,,,0.092,,,97.0,0.046,0.065,0.05,,,,10.6,,30.0,30.0,30.0,,,,,,,,,0.8,,,,89.0,,,,,,,0.043,,,,10.0,,0.08,,0.3,0.024,0.041,,,,,,,,,,,0.309,,21.0,12.0,215.0,,1.5,,0.09,,,,,,0.03,,0.015,,,,,,,0.1,,5.0,,1.0,,,,,,0.12,,,0.3,,,,21.0,,0.176,136.0,,72.5,0.1,,Fruits and Fruit Juices,"Gluten-Free,Vegan,Vegetarian",6,Citrus zest (aromatic),100.0,,0.27,,6.0
0.9,,0.74,3.5,1.52,,,,534.0,,0.5,,,96.0,23.2,0.026,,0.19,334.0,8.01,0.81,17.5,1.09,0.96,0.08,,,62.0,62.0,62.0,,,,,5.21,0.5,0.58,,0.31,1.16,0.5,2.05,,,1.79,0.27,,0.45,,7.56,,,,19.0,,,0.61,0.52,0.69,0.05,,,,0.04,,,,,,,0.537,1.15,353.0,,185.0,2.44,20.7,177.0,0.528,0.77,0.74,,2.45,,7.37,,3.23,0.05,0.02,,0.84,0.49,0.32,15.1,1.23,630.0,,,,,0.96,,,0.034,0.8,0.5,27.7,0.29,1.18,1.37,177.0,1.5,0.165,,0.4,47.9,2.38,Milk,Not included in a food category,Vegetarian,6,(La Bourgogne),100.0,2.3,0.31,0.08,5.2
,,,,,,,,2240.0,,60.7,,4749.0,,68.3,0.619,,,251.0,0.6,1.8,0.3,,,,37.7,,,,685.0,,,,,,,,,89.8,,,,28148.0,,,,,,,,,,,711.0,,7.1,,4.92,,,,,,,,,,,,,0.59,,274.0,,2640.0,,23.0,,1.87,,,,,,,,,,,,,,,3.1,,32.0,,,,,,,,0.086,,1.8,4.1,,,,396.0,,0.82,61.2,,9.25,7.1,,Spices and Herbs,"Gluten-Free,Vegan,Vegetarian",6,Basil (dried),100.0,1714.5,10.7,,5.9
0.198,,0.147,9.18,0.334,27.0,,,1460.0,22.0,60.65,,552.0,,71.0,0.783,,0.052,339.0,1.32,1.89,1.34,,,,37.0,,274.0,274.0,274.0,,,,,0.457,0.165,0.06,,32.3,0.144,,0.254,1890.0,,0.207,0.01,,0.05,,1.23,0.02,0.01,,364.0,,7.228,0.046,4.94,1.58,0.31,,,,,,,,,,,0.963,0.185,328.0,130.0,1500.0,0.146,9.11,,1.082,0.02,0.05,,0.09,,0.93,,0.22,,,,,0.01,0.01,4.6,0.149,22.0,,81.0,,,,,,0.245,0.119,1.7,5.36,0.038,0.099,0.198,46.0,,1.34,50.0,,12.7,4.6,,Spices and Herbs,"Gluten-Free,Vegan,Vegetarian",6,Herbes de Provence mix,100.0,2500.0,3.33,,6.0
0.457,,0.428,5.6,1.13,95.0,,,148.0,8.0,56.6,,3154.0,,62.4,0.37,,0.193,318.0,1.52,3.01,1.35,,,,27.2,,106.0,106.0,106.0,,10.3,,10.8,1.956,0.354,0.222,,7.9,0.399,,0.655,10360.0,36358.0,0.505,0.01,,0.04,,1.46,0.01,,,152.0,,1.9,0.128,8.81,2.81,0.19,,,,,,,,,,,2.519,0.383,293.0,119.0,2014.0,0.385,12.01,,0.919,0.01,0.01,,0.03,,0.92,,0.37,0.01,,,,,,9.9,0.457,30.0,15.4,16.0,,,,,,0.32,0.306,21.1,8.06,0.147,0.263,0.407,1314.0,,3.39,76.4,,7.95,2.5,,Spices and Herbs,"Gluten-Free,Vegan,Vegetarian",6,Piment d’Espelette,100.0,80.3,29.83,,5.7
,,,10.43,,,,,25.0,,10.95,,,,,0.083,,,48.0,,,,,,,2.2,,15.0,15.0,15.0,,,,,,,,,1.34,,,,,,,,,,,,,,,28.0,,0.198,,1.363,,,,,,,,,,,,,0.222,,66.0,,439.0,,2.81,,0.062,,,,,,,,,,,,,,,1.3,,2176.0,,,,,,,,0.091,,4.97,0.68,,,,14.0,,0.334,14.5,,75.14,0.45,,Sauces,"Gluten-Free,Vegan,Vegetarian",6,Cassava pepper (fermented chili paste),100.0,5.6,0.35,,3.4
,,,,,,,,1000.0,,80.6,,99.0,,11.2,0.339,,,247.0,0.22,0.08,0.3,,,,53.1,,,,38.0,,,,,,,,,8.32,,,,293.0,,,,,,,,,,,60.0,,17.5,,1.33,,,,,,,,,,,,,0.398,,64.0,,431.0,,3.9,,0.041,,,,,,,,,,,,,,,3.1,,10.0,,,,,,,,0.022,,2.2,1.2,,,,8.0,,0.158,3.8,,9.28,1.83,,Spices and Herbs,"Gluten-Free,Vegan,Vegetarian",6,Cinnamon (less common),100.0,31.2,2.32,0.002,5.7
,,,,,,,,646.0,,65.53,,,,,0.368,,,323.0,,,,,,,33.9,,112.0,,,,,,,,,,,11.88,,,,,,,,,,,,,,,271.0,,30.0,,1.549,,,,,,,,,,,,,,,104.0,,1020.0,,5.97,,0.22,,,,,,,,,,,,,,,7.2,,277.0,,,,,,,,0.158,,2.38,13.01,,,,8.0,,0.38,0.5,,9.87,2.32,,Spices and Herbs,"Gluten-Free,Vegan,Vegetarian",6,Clove (less common),100.0,141.8,8.82,0.002,5.7
,,,,,,,,11.0,,70.8,,,,,,,,287.0,,,,,,,16.1,,,,,,,,,,,,,0.1,,,,,,,,,,,,,,,12.0,,0.1,,1.05,,,,,,,,,,,,,0.23,,148.0,,468.0,,1.4,,0.05,,,,,,,,,,,,,,,,,9.0,,,,,,,,0.11,,13.0,3.2,,,,,,0.14,,,11.8,0.1,,Spices and Herbs,"Gluten-Free,Vegan,Vegetarian",6,Vanilla (dried – signature Tahitian ingredient),100.0,56.3,10.22,0.002,5.7
0.932,,1.238,3.59,1.655,,,,177.0,,58.35,,,,60.5,1.11,,0.19,323.0,1.373,5.783,1.533,,,,24.6,,82.0,82.0,82.0,,,,,2.951,0.957,0.551,,33.53,0.778,,1.218,,,1.002,,,0.063,,1.297,0.013,,,191.0,,1.223,0.224,1.64,5.195,0.588,,,,,,,,,,,0.322,0.687,377.0,,770.0,0.641,23.0,,0.366,,,,0.026,,1.189,,0.312,0.006,,,,,,6.3,0.932,67.0,,,,,,,,0.322,0.55,6.05,6.41,0.198,0.493,0.853,,,0.6,3.0,,8.02,2.77,,Spices and Herbs,"Gluten-Free,Vegan,Vegetarian",6,Blue fenugreek (utskho suneli),100.0,48.2,1.0,0.002,5.7
,,,,,,,,111.0,,65.37,,328.0,,,0.328,,,310.0,,,,,,,3.9,,93.0,,,,,,,,,,,11.1,,,,1629.0,,,,,,,,,,,264.0,,28.0,,1.46,,,,,,,,,,,,,,,252.0,,1724.0,,11.43,,0.267,,,,,,,,,,,,,,,5.6,,148.0,,,,,,,,0.115,,,5.87,,,,27.0,,1.01,80.8,,11.9,1.09,,Spices and Herbs,"Gluten-Free,Vegan,Vegetarian",6,Saffron (Imeretian saffron / marigold),100.0,56.3,10.22,0.002,5.7
,,,,,,,,2132.0,,64.13,,3086.0,,,0.817,,,272.0,,,,,,,37.5,,238.0,,,,,,,,,,,37.88,,,,,,,,,,,,,,,377.0,,7.6,,4.09,,,,,,,,,,,,,,,120.0,,1051.0,,6.73,,0.44,,,,,,,,,,,,,,,4.6,,27.0,,,,,,,,0.36,,,5.09,,,,257.0,,1.81,50.0,,8.85,4.14,,Spices and Herbs,"Gluten-Free,Vegan,Vegetarian",6,Savory (dried),100.0,497.3,3.89,,5.9
,,,,,,,,429.0,,70.3,,3487.0,,,0.654,,,316.0,0.27,0.66,0.81,,,,16.5,,,,109.0,,,,,,,,,11.2,,,,45000.0,,,,,,,,,,,186.0,,1.838,,4.14,,,,,,,,,,,,,,,258.0,,1030.0,,10.1,,0.446,,,,,,,,,,,,,,,3.2,,82.0,,,,,,,,0.245,,,2.4,,,,291.0,,0.284,10.0,,5.0,1.51,,Spices and Herbs,"Gluten-Free,Vegan,Vegetarian",6,Saffron (Imeretian),100.0,56.3,10.22,0.002,5.7
,,,,,,,,,,,,,,,,,,,,,,,,,,,,,,,,,,,,,,,,,,,,,,,,,,,,,,,,,,,,,,,,,,,,,,,,,,,,,,,,,,,,,,,,,,,,,,,,,,,,,,,,,,,,,,,,,,,,,,Not included in a food category,,6,(Western Georgia),100.0,28.9,1.09,,6.0
,,,8.54,,,,,1570.0,,68.93,,3230.0,,26.0,0.633,,,265.0,0.44,1.05,1.35,,,,42.5,,,,237.0,,,,,,,,,36.8,,,,1895.0,,,,,,,,,,,270.0,,4.96,,4.64,,,,,,,,,,,,,0.922,,150.0,,1260.0,,9.0,,0.383,,,,,,,,,,,,,,,4.5,,25.0,,,,,,,,0.177,,4.09,4.28,,,,269.0,,0.386,2.3,,9.25,2.69,,Spices and Herbs,"Gluten-Free,Vegan,Vegetarian",6,Dittany (dried),100.0,621.7,18.26,,6.0
,,,,,,,,24.0,,,,,,,0.02,,,,,,,,,,,,,,,,,,,,,,,0.33,,,,,,,,,,,,,,,1.0,,0.01,,,,,,,,,,,,,,,,,,,8.0,,,,,,,,,,,,,,,,,,,0.1,,38758.0,,,,,,,,,,,,,,,,,,,,0.15,0.01,,Spices and Herbs,"Gluten-Free,Vegan,Vegetarian",6,Sea salt (post-contact),100.0,,,,7.0
,,,,,,,,800.0,,73.3,,,,,0.232,,,332.0,0.08,0.16,0.16,,,,9.9,,,,26.0,,0.95,,1.12,,,,,5.1,,,,,,,,,,,,,,,120.0,,1.67,,5.69,,,,,,,,,,,,,,,400.0,,1320.0,,16.6,,0.27,,,,,,,,,,,,,,,14.2,,77.0,,,0.06,,,,,0.6,,2.4,0.7,,,,,,1.235,12.9,,6.5,2.1,,Spices and Herbs,"Gluten-Free,Vegan,Vegetarian",6,Garlic powder (post-contact),100.0,56.3,10.22,0.002,5.7
0.134,,0.12,4.12,0.279,22.0,0.9,,270.0,4.0,71.18,,1.0,,33.9,0.198,,0.02,377.0,0.024,0.17,0.158,,,,9.2,,100.0,100.0,100.0,,2.81,,2.9,0.551,0.089,0.046,,3.5,0.083,,0.165,1.0,,0.152,,,,,,,,,70.0,,0.407,0.029,0.85,,,,,,,,,,,,,0.33,0.091,260.0,26.0,1090.0,0.063,10.43,,0.1,,,,,,,,,,,,,,,1.3,0.096,140.0,,,1.66,,,,,0.22,0.076,7.37,0.7,0.026,0.063,0.104,,,0.3,22.0,,3.57,0.99,,Spices and Herbs,"Gluten-Free,Vegan,Vegetarian",6,Onion powder (post-contact),100.0,12.0,0.31,0.002,5.7
0.446,,0.49,11.16,0.796,,,,1890.0,,63.88,,225.0,,,0.783,,0.079,276.0,1.65,2.449,0.999,,,,37.0,,274.0,274.0,274.0,,,,,0.852,0.366,0.19,,123.6,0.364,,0.627,1250.0,,0.56,,,,,,,,,220.0,,11.458,0.14,4.94,,,,,,,,,,,,,0.77,0.384,201.0,,814.0,0.323,9.11,,0.47,,,,,,,,,,,,,,,4.6,0.387,55.0,,,,,,,,0.09,0.329,1.7,7.4,0.088,0.264,0.435,43.0,,1.59,50.0,,8.45,2.4,,Spices and Herbs,"Gluten-Free,Vegan,Vegetarian",6,Arctic thyme (dried),100.0,62.0,7.5,,5.9
,,,29.98,,,,,740.0,,53.29,,,,,0.27,,,207.0,0.097,0.198,0.053,,,,11.6,,180.0,180.0,180.0,,,,,,,,,2.85,,,,,,,,,,,,,,,1210.0,,2.33,,3.5,,,,,,,,,,,,,,,190.0,,1070.0,,6.12,,0.3,,,,,,,,,,,,,,,0.7,,233.0,,,,,,,,0.14,,0.6,0.45,,,,,0.007,0.002,4.5,,10.16,1.3,,Spices and Herbs,"Gluten-Free,Vegan,Vegetarian",6,Dried kelp (as seasoning),100.0,66.0,0.04,,6.0
0.768,,1.423,4.67,1.49,153.0,1.8,,266.0,28.0,28.97,,11.0,,153.9,0.643,,0.334,508.0,21.059,12.062,2.923,,,,12.2,,162.0,162.0,162.0,,,,,3.284,0.852,0.58,,6.75,0.749,,1.23,584.0,,1.144,,,,,,,,,370.0,,2.479,0.395,2.76,,,,,,,,,,,,,0.79,0.871,656.0,194.0,738.0,0.686,24.94,,0.26,,,,,,,,,,,,,,,207.5,0.992,13.0,,13.0,,,,,,0.48,0.729,,36.2,0.27,0.598,0.914,1.0,,0.39,7.1,,5.19,4.15,Mustard,Spices and Herbs,"Gluten-Free,Vegan,Vegetarian",6,Mustard seed (post-contact),100.0,5.4,2.79,0.002,5.7
,,,6.64,,,,,129.0,,56.6,,3196.0,,,0.358,,,314.0,1.69,4.41,1.34,,,,27.2,,106.0,106.0,106.0,,,,,,,,,9.94,,,,1049.0,,,,,,,,,,,153.0,,1.14,,10.4,,,,,,,,,,,,,1.66,,298.0,,1800.0,,12.01,,0.85,,,,,,,,,,,,,,,7.1,,30.0,,,,,,,,0.3,,10.3,7.4,,,,266.0,,2.44,127.0,,17.35,1.66,,Spices and Herbs,"Gluten-Free,Vegan,Vegetarian",6,Guajillo chili (dried),100.0,48.0,3.3,0.002,5.7
0.485,,0.499,6.66,1.139,,,,291.0,,47.9,,12000.0,,46.5,0.378,,0.174,282.0,2.2,6.8,2.1,,,,27.2,,106.0,,,,,,,1.543,0.419,0.231,,12.5,0.383,,0.613,10500.0,,0.489,,,,,2.13,,,,159.0,,1.83,0.14,10.999,6.64,0.18,,,,,,,,,,,1.25,0.407,287.0,,1342.0,0.375,10.6,,0.9,,,,,,1.401,,0.37,,,,,,,9.3,0.437,30.0,,,,,,,,0.328,0.301,10.3,12.6,0.088,0.297,0.443,1000.0,,2.45,108.9,,12.15,2.5,,Spices and Herbs,"Gluten-Free,Vegan,Vegetarian",6,Pasilla chili (dried),100.0,112.5,2.94,0.002,5.7
,,,,,,,,,,,,,,,,,,,,,,,,,,,,,,,,,,,,,,,,,,,,,,,,,,,,,,,,,,,,,,,,,,,,,,,,,,,,,,,,,,,,,,,,,,,,,,,,,,,,,,,,,,,,,,,,,,,,,,Spices and Herbs,"Gluten-Free,Vegan,Vegetarian",6,Pepper leaf (mashán / hoja de mashán – dried seasoning),100.0,770.6,3.89,,5.9
0.69,,1.15,3.8,1.05,,,230.0,120.0,,28.9,,,,25.0,1.7,,0.2,574.0,16.6,1.5,30.5,,,,13.9,,34.0,,,,,,,2.1,0.66,0.3,,7.3,0.5,,0.82,,,0.61,,,,,16.516,,,,280.0,,1.6,0.2,2.19,1.439,,,,,,,,,,,,0.28,0.65,734.0,,884.0,0.5,12.8,,0.14,,,,,,14.502,,16.023,,,,,,,10.9,0.64,14.0,,,,,,,1300.0,0.17,0.44,0.51,51.6,0.17,0.46,0.63,,,0.057,,,2.9,3.2,,Spices and Herbs,"Gluten-Free,Vegan,Vegetarian",6,Cacao nibs (aromatic spice),100.0,56.3,0.94,0.002,5.7
0.57,,0.54,6.04,0.83,,,,148.0,,56.63,,4826.0,,46.4,0.373,,0.16,318.0,2.54,8.84,3.26,,,,28.1,,106.0,106.0,106.0,,4.2,,4.13,1.63,0.42,0.24,,7.8,0.4,,0.53,1010.0,,0.46,,,0.051,,2.428,0.005,,,137.0,0.01,1.66,0.13,9.07,7.915,0.925,,,,,,,,,,,2.52,0.34,293.0,,1898.0,0.4,12.01,,0.919,0.009,0.005,,0.053,,2.158,,0.99,0.035,,,,,,10.2,0.42,30.0,,,0.06,,,,,0.329,0.32,10.34,17.27,0.18,0.23,0.43,404.0,,2.45,76.4,,8.05,2.5,,Spices and Herbs,"Gluten-Free,Vegan,Vegetarian",6,Cassava pepper (fermented chili),100.0,80.3,29.83,0.002,5.7
0.177,,0.187,5.54,0.329,,0.7,,1000.0,,79.99,,,,11.2,0.264,,0.043,247.0,0.06,0.09,0.34,,,,53.1,,6.0,,,,,,,0.609,0.157,0.093,,8.32,0.165,,0.27,,,0.185,,,,,0.059,,,,60.0,,17.466,0.043,1.332,0.076,0.015,,,,,,,,,,,0.398,0.169,64.0,,431.0,0.134,3.99,,0.041,,,,,,0.283,,0.038,,,,,,,3.1,0.179,10.0,,,,,,,,0.022,0.137,2.17,1.24,0.042,0.103,0.191,9.0,,0.158,3.8,,9.24,1.83,,Spices and Herbs,"Gluten-Free,Vegan,Vegetarian",6,Cinnamon (limited use),100.0,31.2,2.32,0.002,5.7
0.279,,0.435,5.95,0.444,53.0,,,646.0,3.0,61.21,,970.0,,37.4,0.384,,0.053,323.0,1.2,7.2,3.8,,,,33.9,,102.0,102.0,102.0,,1.15,,1.05,0.771,0.301,0.134,,11.88,0.222,,0.37,267.0,,0.297,,,,,1.09,,,,252.0,,30.0,0.076,1.55,6.84,0.35,,,,,,,,,,,0.354,0.252,101.0,71.0,1020.0,0.211,5.97,,0.22,0.01,0.04,,0.07,,3.1,,0.44,0.06,,,,,,7.2,0.264,277.0,,13.0,0.18,,,,,0.158,0.208,2.38,13.0,0.056,0.133,0.292,81.0,,0.38,0.2,,9.87,2.32,,Spices and Herbs,"Gluten-Free,Vegan,Vegetarian",6,Clove (limited use),100.0,141.8,8.82,0.002,5.7
,,,,,,,,,,,,,,,,,,,,,,,,,,,,,,,,,,,,,,,,,,,,,,,,,,,,,,,,,,,,,,,,,,,,,,,,,,,,,,,,,,,,,,,,,,,,,,,,,,,,,,,,,,,,,,,,,,,,,,Spices and Herbs,"Gluten-Free,Vegan,Vegetarian",6,Epis seasoning blend (herb-spice base),100.0,28.9,1.09,,6.0
0.55,,0.72,5.1,1.04,130.0,,,148.0,15.0,56.6,,13800.0,,30.6,0.379,,0.12,318.0,2.58,9.77,3.23,,,,32.7,,106.0,106.0,106.0,,,,,1.48,0.53,0.31,,7.8,0.45,,0.69,2616.0,5220.0,0.61,,,,,2.54,,,,152.0,,1.58,0.17,8.7,8.87,0.89,,,,,,,,,,,2.52,0.45,293.0,150.0,2010.0,0.44,12.0,,0.91,0.01,0.02,,0.05,,2.58,,0.5,0.05,,,,,,10.3,0.51,30.0,,5.0,,,,,,0.32,0.44,10.3,17.3,0.16,0.32,0.52,1150.0,,2.45,76.4,,8.05,2.5,,Spices and Herbs,"Gluten-Free,Vegan,Vegetarian",6,Scotch bonnet pepper (dried),100.0,14.3,29.8,0.002,5.7
0.05,,0.04,0.8,0.11,,,,110.0,,16.0,,60.0,,8.3,0.05,,0.01,47.0,0.02,0.06,0.04,,,,10.6,,34.0,34.0,34.0,,,,,0.15,0.03,0.02,,0.8,0.03,,0.04,,,0.05,,,,,,,,,12.0,,0.03,0.01,0.5,,,,,,,,,,,,,0.1,0.03,10.0,,160.0,0.02,1.5,,0.06,,,,,,,,,,,,,,,1.0,0.03,6.0,,,,,,,,0.06,0.03,2.7,0.3,0.01,0.02,0.04,11.0,,0.17,129.0,,81.3,0.08,,Fruits and Fruit Juices,"Gluten-Free,Vegan,Vegetarian",6,Lime zest (aromatic),100.0,,0.5,,6.0
0.65,,0.96,8.04,1.25,125.0,,,229.0,14.0,53.99,,29600.0,,45.9,0.697,,0.15,289.0,1.48,7.95,2.14,,,,34.9,,100.0,100.0,100.0,,,,,2.04,0.62,0.39,,21.1,0.53,,0.81,26400.0,3580.0,0.7,,,,,1.45,,,,178.0,,2.9,0.19,11.2,6.94,0.94,,,,,,,,,,,2.6,0.55,315.0,143.0,2270.0,0.53,13.9,,0.61,0.01,0.02,,0.05,,1.74,,0.28,0.04,,,,,,10.3,0.61,68.0,,4.0,,,,,,0.33,0.52,10.35,12.9,0.19,0.39,0.64,2460.0,,2.14,0.9,,8.05,4.3,,Spices and Herbs,"Gluten-Free,Vegan,Vegetarian",6,Sweet paprika,100.0,80.3,29.1,0.002,5.7
,,,5.09,,,,,229.0,,53.99,,17293.0,,94.6,0.59,875.0,,289.0,2.59,6.83,2.16,,,,34.9,,138.0,,,,3.23,,2.99,,,,,21.1,,,,27804.0,5476.0,,,,,,,,,,178.0,,2.9,,7.6,,,,,,,,,,,,,,,314.0,179.0,2270.0,,13.9,,1.15,,,,,,,,,,,,,,,7.7,,68.0,,,4.08,,,,,0.33,,10.3,12.9,,,,2463.0,,2.14,39.5,,9.25,4.3,,Spices and Herbs,"Gluten-Free,Vegan,Vegetarian",6,Hot paprika,100.0,80.3,29.1,0.002,5.7
,,,2.715,,,,,727.62,,86.88,,32.58,,54.843,0.1629,,,255.21,0.1086,0.4344,0.1629,,,,57.558,,184.62,,,,9.9369,,10.5342,,,,,3.258,,,,70.59,,,,,,,,,,,70.59,,0.2172,,1.629,,,,,,,,,,,,,,,59.73,43.44,868.8,,8.145,,0.4887,,,,,,,,,,,,,,,2.172,,32.58,,,3.258,,,,,0.3258,,23.892,1.629,,,,54.3,,0.9231,700.47,,,0.543,,Citrus fruits,"Gluten-Free,Vegan,Vegetarian",6,Lemon zest (dried),100.0,7.3,1.09,,6.0
,,,4.8,,,,,370.0,,28.1,,,,77.0,0.64,,,508.0,24.8,7.9,2.1,,,,12.2,,162.0,,,,,,,,,,,7.3,,,,,,,,,,,,,,,298.0,,2.5,,7.9,,,,,,,,,,,,,,,841.0,248.0,738.0,,24.9,,0.25,,,,,,,,,,,,,,,164.0,,13.0,,,,,,,,0.54,,6.8,36.2,,,,,,0.38,7.0,,6.0,6.2,Mustard,Spices and Herbs,"Gluten-Free,Vegan,Vegetarian",6,Black mustard,100.0,5.4,2.4,0.002,5.7
,,,7.0,,,,,1340.0,,42.9,,,,,0.95,,,333.0,4.0,16.0,2.5,,,,21.2,,100.0,,,,,,,,,,,11.8,,,,,,,,,,,,,,,353.0,,1.6,,2.5,,,,,,,,,,,,,,,461.0,,1400.0,,15.8,,0.28,,,,,,,,,,,,,,,5.0,,87.0,,,,,,,,0.23,,,21.8,,,,15.0,,0.25,6.0,,9.0,5.5,,Spices and Herbs,"Gluten-Free,Vegan,Vegetarian",6,Ajwain,100.0,7.0,1.5,0.002,5.7
,,,7.0,,,,,1340.0,,42.9,,,,,0.95,,,333.0,4.0,16.0,2.5,,,,21.2,,100.0,,,,,,,,,,,11.8,,,,,,,,,,,,,,,353.0,,1.6,,2.5,,,,,,,,,,,,,,,461.0,,1400.0,,15.8,,0.28,,,,,,,,,,,,,,,5.0,,87.0,,,,,,,,0.23,,,21.8,,,,15.0,,0.25,6.0,,9.0,5.5,,Spices and Herbs,"Gluten-Free,Vegan,Vegetarian",6,Carom seed,100.0,7.0,1.5,0.002,5.7
,,,5.55,,,,,1000.0,,50.8,,78.0,,51.4,0.61,,,447.0,14.6,3.29,2.25,,,,39.8,,,,10.0,,,,,,,,,18.5,,,,45.0,,,,,,,,,,,300.0,,2.4,,5.8,,,,,,,,,,,,,,,570.0,,1200.0,,19.8,,0.17,,,,,,,,,,,,,,,34.1,,88.0,,,,,,,,0.6,,2.29,22.4,,,,13.0,,0.44,7.7,,6.4,5.1,,Spices and Herbs,"Gluten-Free,Vegan,Vegetarian",6,Black cumin (shahi jeera),100.0,0.2,3.3,0.002,5.7
0.59,,0.854,4.41,1.19,148.0,,,148.0,16.0,56.6,56.0,8159.0,,72.1,0.36,409.0,0.198,318.0,2.71,9.36,3.28,0.01,,0.01,34.2,,102.0,102.0,102.0,,2.2,,2.32,2.22,0.579,0.309,,7.8,0.548,,0.873,2903.0,,0.724,,,0.05,,2.66,,,,140.0,,1.92,0.198,9.21,8.8,0.56,,,,,,,,,,,2.35,0.53,293.0,174.0,1554.0,0.545,13.6,,0.457,,,,0.07,,2.17,,0.93,,,,,,,6.3,0.59,164.0,1.16,10.0,,,,,,0.334,0.457,10.4,17.3,0.194,0.334,0.648,680.0,,2.46,76.4,,8.09,2.47,,Spices and Herbs,"Vegan,Vegetarian",6,Kashmiri chili,100.0,105.4,3.94,0.002,5.7
,,,11.9,,,,,1700.0,,58.1,,,,,0.8,,,323.0,,,,,,,19.3,,,,100.0,,,,,,,,,41.0,,,,,,,,,,,,,,,350.0,,2.0,,4.0,,,,,,,,,,,,,,,480.0,,2000.0,,23.6,,0.6,,,,,,,,,,,,,,,,,186.0,,,,,,,,0.4,,,6.4,,,,1500.0,,0.6,60.0,,,4.0,,Spices and Herbs,"Vegan,Vegetarian",6,Kasuri methi,100.0,770.6,3.89,,5.9
0.56,,0.63,23.1,1.13,,,,1260.0,,52.1,,6886.0,,35.8,0.85,,0.14,279.0,0.771,2.71,0.334,,,,41.9,,212.0,212.0,212.0,,0.43,,0.44,1.37,0.51,0.26,,41.6,0.43,,0.76,594.0,,0.54,,,,,0.733,,,,694.0,,7.17,0.13,4.7,2.26,0.45,,,,,,,,,,,1.65,0.44,481.0,,4460.0,0.45,11.2,,0.648,,,,,,0.267,,0.052,,,,,,,1.6,0.49,211.0,,,,,,,,0.222,0.4,0.87,4.7,0.14,0.3,0.54,574.0,,0.553,30.4,,8.86,4.7,,Spices and Herbs,"Vegan,Vegetarian",6,Cilantro (dried),100.0,1640.0,2.2,,5.9
,,,96.5,,,,,200.0,,,,,,,,,,,,,,,,,,,,,,,,,,,,,,3.0,,,,,,,,,,,,,,,20.0,,,,,,,,,,,,,,,,,,,,,,,,,,,,,,,,,,,,,,,,,,38000.0,,,,,,,,,,,,,,,,,,,,,,,Spices and Herbs,"Vegan,Vegetarian",6,Kala namak,100.0,,,,7.0
,,,,,,,,20.0,,83.0,,,,,,,,330.0,,,,,,,12.0,,,,,,,,,,,,,2.2,,,,,,,,,,,,,,,,,,,,,,,,,,,,,,,,,,,,,,2.3,,,,,,,,,,,,,,,,,,,,,,,,,,,,,,1.2,,,,30.0,,,4.5,,,,,Spices and Herbs,"Gluten-Free,Vegan,Vegetarian",6,Amchur,100.0,56.3,10.22,0.002,5.7
,,,,,,,,,,80.0,,,,,,,,380.0,,,,,,,20.0,,,,60.0,,,,,,,,,3.0,,,,,,,,,,,,,,,,,,,,,,,,,,,,,,,,,,,,1100.0,,5.0,,,,,,,,,,,,,,,,,,,,,,,,,,,,,,5.0,,,,,,,10.0,,,,,Spices and Herbs,"Gluten-Free,Vegan,Vegetarian",6,Anardana,100.0,16.0,10.22,0.002,5.7
,,,,,,,,830.0,,60.0,,,,,,,,320.0,,,,,,,17.0,,,,,,,,,,,,,9.0,,,,,,,,,,,,,,,,,,,,,,,,,,,,,,,,,,110.0,,,,6.1,,,,,,,,,,,,,,,,,,,,,,,,,,,,,,4.0,,,,200.0,,,40.0,,,,,Spices and Herbs,"Gluten-Free,Vegan,Vegetarian",6,Curry leaves (dried),100.0,770.6,3.89,,5.9
,,,2.3,,,,,26.0,,23.7,,,,,0.78,,,660.0,2.7,0.7,57.2,,,,16.3,,,,26.0,,,,,,,,,3.3,,,,,,,,,,,,,,,90.0,,2.7,,0.54,,,,,,,,,,,,,,,206.0,,660.0,,7.1,,0.02,,,,,,,,,,,,,,,18.5,,37.0,,,,,,,,0.06,,7.4,64.5,,,,,,0.05,3.3,,3.0,2.0,"Nuts,Nuts (coconut)",Fruits and Fruit Juices,"Gluten-Free,Vegan,Vegetarian",6,Coconut powder,100.0,0.2,0.26,,6.0
,,,4.1,,,,,443.0,,64.8,,,,11.3,1.1,,,251.0,0.6,0.9,1.4,,,,25.3,,,,10.0,,,,,,,,,9.7,,,,,,,,,,,,,,,194.0,,5.8,,1.14,,,,,,,,,,,,,,,163.0,,1260.0,,10.4,,0.19,,,,,,,,,,,,,,,3.3,,27.0,,,,,,,,0.1,,0.6,3.3,,,,15.0,,0.3,,,12.4,1.4,,Spices and Herbs,"Gluten-Free,Vegan,Vegetarian",6,Malabar pepper,100.0,16.4,0.6,0.002,5.7
,,,5.85,,,,,1196.0,,42.92,,,,,0.587,,,525.0,10.98,14.3,4.41,,,,35.1,,,,296.0,,,,,,,,,11.23,,,,,,,,,,,,,,,294.0,,2.454,,2.053,,,,,,,,,,,,,,,467.0,,1238.0,,15.89,,0.322,,,,,,,,,,,,,,,4.6,,42.0,,,,,,,,0.354,,1.87,32.71,,,,,,0.16,21.0,,8.63,4.8,,Spices and Herbs,"Vegan,Vegetarian",6,Radhuni,100.0,56.3,10.22,0.002,5.7
,,,,,,,,,,6.8,,,,,,,,29.0,,,,,,,2.2,,,,,,,,,,,,,,,,,,,,,,,,,,,,,,,,,,,,,,,,,,,,,,,,,,,0.9,,,,,,,,,,,,,,,,,,,,,,,,,,,,,,0.2,,,,,,,17.0,,,,,Spices and Herbs,"Gluten-Free,Vegan,Vegetarian",6,Rose petal powder,100.0,770.6,3.89,,5.9
,,,,,,,,,,,,,,,,,,,,,,,,,,,,,,,,,,,,,,,,,,,,,,,,,,,,,,,,,,,,,,,,,,,,,,,,,,,,,,,,,,,,,,,,,,,,,,,,,,,,,,,,,,,,,,,,,,,,,,Spices and Herbs,"Gluten-Free,Vegan,Vegetarian",6,Kewra powder,100.0,28.9,1.09,,6.0
0.963,,2.441,3.16,2.368,,,,269.0,,19.4,,,,52.1,1.034,,0.236,595.0,33.32,12.83,4.09,,,,11.2,,44.0,44.0,44.0,,,,,6.007,0.702,0.589,,3.72,0.887,,1.708,1.0,,0.601,,,,,32.18,,,,269.0,,2.179,0.231,3.618,12.8,0.034,,,,,,,,,,,0.47,1.144,484.0,143.0,733.0,0.887,21.05,,1.138,,,,0.01,,3.31,,0.777,,,,,,,4.1,0.966,10.0,0.06,3.0,0.08,,0.02,,,0.207,0.757,4.89,52.85,0.297,0.612,1.013,,,0.137,,,3.2,3.08,"Nuts,Nuts (almonds)",Nuts and seeds,"Gluten-Free,Vegan,Vegetarian",6,Almond powder,100.0,28.9,25.63,,6.0
0.763,,2.288,2.54,1.829,136.0,0.1,,37.0,14.0,30.19,,,,61.3,2.195,,0.339,553.0,23.792,7.845,7.783,,,,3.3,,25.0,25.0,25.0,,,,,4.568,0.852,0.457,,6.68,0.771,,1.396,22.0,,0.966,,,0.245,,23.515,,,,292.0,,0.827,0.38,1.062,7.765,0.08,,,,,,,,,,,0.86,0.93,593.0,173.0,660.0,0.803,18.22,,0.19,,,,0.278,,4.455,,2.715,0.264,0.05,0.021,,,,19.9,0.966,12.0,,23.0,5.91,,,,,0.423,0.647,5.91,43.85,0.207,0.554,1.062,,,0.417,0.5,,5.2,5.78,"Nuts,Nuts (cashews)",Nuts and seeds,"Vegan,Vegetarian",6,Cashew powder,100.0,34.1,0.9,,6.0
,,,,,,,,,,,,,,,,,,,,,,,,,,,,,,,,,,,,,,1.3,,,,,,,,,,,,,,,100.0,,,,,,,,,,,,,,,,,,,,,30.0,,,,,,,,,,,,,,,,,,,,,38000.0,,,,,,,,,,,,,,,,,,,,,,,Spices and Herbs,"Vegan,Vegetarian",6,Black salt,100.0,,,,7.0
0.643,,0.646,5.68,1.373,,,,148.0,,56.63,,8908.0,,134.1,0.372,,0.198,318.0,2.766,6.804,2.583,0.013,0.013,,28.2,,106.0,106.0,106.0,,3.31,,4.99,1.677,0.584,0.297,,12.4,0.457,,0.916,1289.0,3416.0,0.709,,,0.063,,2.703,,,,152.0,,1.83,0.187,8.649,6.577,0.227,,,,,,,,,,,2.45,0.569,293.0,,1591.0,0.459,12.01,,0.919,,,,0.053,,1.895,,0.575,0.053,0.007,,,,,11.2,0.518,164.0,,,1.34,,0.013,,,0.32,0.493,10.34,14.5,0.187,0.448,0.573,742.0,,2.91,76.4,,8.8,2.48,,Spices and Herbs,"Vegan,Vegetarian",6,Byadagi chili,100.0,80.3,3.2,0.002,5.7
0.366,,0.378,5.24,0.875,,,,114.0,,71.62,,11.0,,30.9,0.354,,0.141,335.0,0.75,0.99,1.002,,,,14.1,,13.0,13.0,13.0,,1.52,,1.83,1.523,0.279,0.218,,19.8,0.323,,0.551,31.0,,0.455,,,0.016,,0.732,,,,214.0,,33.327,0.141,9.1,0.941,0.048,,,,,,,,,,,0.477,0.413,168.0,,1320.0,0.301,8.98,,0.17,,,,0.007,,0.655,,0.334,0.007,,,,,,0.7,0.36,27.0,,,,,,,,0.046,0.312,3.35,4.24,0.103,0.245,0.435,,,0.626,0.7,,9.92,4.7,,Spices and Herbs,"Vegan,Vegetarian",6,Ginger powder,100.0,11.5,0.26,0.002,5.7
0.486,,0.803,5.43,1.066,17.0,,,528.0,1.0,58.1,61.0,92.0,,,0.781,,0.129,325.0,3.11,5.91,2.98,,,,33.2,,67.0,,67.0,,,,0.01,2.05,0.463,0.292,,29.7,0.437,,0.783,350.0,,0.472,,,,,3.08,0.03,,,209.0,,3.92,0.198,3.27,5.36,0.54,,,,,,,,,,,0.796,0.528,367.0,,1165.0,0.428,12.6,,0.207,,0.01,,0.16,,1.92,,0.83,0.05,,,,,,18.3,0.485,52.0,20.5,1.0,0.01,,,,,0.194,0.383,2.16,14.0,0.134,0.32,0.53,16.0,,0.222,0.5,,8.47,3.17,,Spices and Herbs,"Gluten-Free,Vegan,Vegetarian",6,Malvani masala,100.0,99.2,3.97,,6.2
0.486,,0.803,5.43,1.066,17.0,,,528.0,1.0,58.1,61.0,92.0,,,0.781,,0.129,325.0,3.11,5.91,2.98,,,,33.2,,67.0,,67.0,,,,0.01,2.05,0.463,0.292,,29.7,0.437,,0.783,350.0,,0.472,,,,,3.08,0.03,,,209.0,,3.92,0.198,3.27,5.36,0.54,,,,,,,,,,,0.796,0.528,367.0,,1165.0,0.428,12.6,,0.207,,0.01,,0.16,,1.92,,0.83,0.05,,,,,,18.3,0.485,52.0,20.5,1.0,0.01,,,,,0.194,0.383,2.16,14.0,0.134,0.32,0.53,16.0,,0.222,0.5,,8.47,3.17,,Spices and Herbs,"Gluten-Free,Vegan,Vegetarian",6,Goda masala,100.0,99.2,3.97,,6.2
0.655,,0.638,5.92,1.031,,,,306.0,,56.63,,5845.0,,22.1,0.36,,0.177,318.0,2.93,8.16,3.26,,,,30.5,,106.0,106.0,106.0,,,,,1.632,0.548,0.287,,12.5,0.448,,0.733,2818.0,,0.641,,,,,,,,,152.0,,3.24,0.149,8.7,,,,,,,,,,,,,2.52,0.47,293.0,,2014.0,0.472,12.03,,0.919,,,,,,,,,,,,,,,8.3,0.536,30.0,,,,,,,,0.328,0.402,10.34,17.27,0.134,0.34,0.575,492.0,,2.78,76.4,,8.05,2.48,,Spices and Herbs,"Gluten-Free,Vegan,Vegetarian",6,Bhut jolokia (dried),100.0,80.3,29.83,0.002,5.7
,,,2.87,,,,,,,65.57,,,,,,,,349.03,,,,,,,4.88,,,,,,,,,,,,,,,,,,,,,,,,,,,,,,,,,,,,,,,,,,,,,,,,,,,18.06,,,,,,,,,,,,,,,,,,,,,,,,,,,,,,2.11,,,,,,,,,9.38,,,Vegetables and Vegetable Products,"Gluten-Free,Vegan,Vegetarian",6,Fermented bamboo powder,100.0,28.9,1.09,,6.0
0.655,,0.638,5.92,1.031,,,,306.0,,56.63,,5845.0,,22.1,0.36,,0.177,318.0,2.93,8.16,3.26,,,,30.5,,106.0,106.0,106.0,,,,,1.632,0.548,0.287,,12.5,0.448,,0.733,2818.0,,0.641,,,,,,,,,152.0,,3.24,0.149,8.7,,,,,,,,,,,,,2.52,0.47,293.0,,2014.0,0.472,12.03,,0.919,,,,,,,,,,,,,,,8.3,0.536,30.0,,,,,,,,0.328,0.402,10.34,17.27,0.134,0.34,0.575,492.0,,2.78,76.4,,8.05,2.48,,Spices and Herbs,"Gluten-Free,Vegan,Vegetarian",6,Guntur chili,100.0,80.3,29.83,0.002,5.7
0.69,,0.81,11.49,1.38,,,,2240.0,,60.94,,3170.0,,42.1,0.61,,0.12,251.0,0.28,1.95,1.09,,,,37.7,,274.0,274.0,274.0,,,,,1.8,0.69,0.35,,89.8,0.6,,1.08,9310.0,,0.94,,,,,,,,,317.0,,7.1,0.24,4.69,,,,,,,,,,,,,0.658,0.77,274.0,,2630.0,0.54,14.37,,0.231,,,,,,,,,,,,,,,3.9,0.73,34.0,,,,,,,,0.08,0.59,1.7,3.98,0.13,0.5,0.79,264.0,,1.34,61.2,,9.22,7.1,,Spices and Herbs,"Gluten-Free,Vegan,Vegetarian",6,Tulsi (dried),100.0,1714.5,10.7,,5.9
,,,,,,,,23.0,,46.0,,,,,,,,280.0,,,,,,,32.0,,,,,,,,,,,,,3.2,,,,,,,,,,,,,,,,,,,,,,,,,,,,,,,,,,,,,,3.7,,,,,,,,,,,,,,,,,,,,,,,,,,,,,,0.3,,,,,,,,,,,,Spices and Herbs,"Gluten-Free,Vegan,Vegetarian",6,Ashwagandha powder,100.0,770.6,3.89,,5.9
,,,,,,,,,,77.2,,,,,,,,341.0,,,,,,,46.1,,,,,,,,,,,,,,,,,,,,,,,,,,,,,,,,,,,,,,,,,,,,,,,,,,,4.8,,,,,,,,,,,,,,,,,,,,,,,,,,,,,,0.1,,,,,,,,,,,,Spices and Herbs,"Gluten-Free,Vegan,Vegetarian",6,Triphala powder,100.0,28.9,1.09,,6.0
,,,,,,,,160.0,,,,,,,,,,,,,,,,,,,,,,,,,,,,,,0.4,,,,,,,,,,,,,,,40.0,,,,,,,,,,,,,,,,,,,,,280.0,,,,,,,,,,,,,,,,,,,,,38000.0,,,,,,,,,,,,,,,,,,,,,,,Spices and Herbs,"Gluten-Free,Vegan,Vegetarian",6,Himalayan pink salt,100.0,,,,7.0
,,,,,,,,900.0,,55.0,,10000.0,,,,,,270.0,,,,,,,12.0,,,,,,,,,,,,,5.0,,,,,,,,,,,,,,,,,,,,,,,,,,,,,,,,,,,,,,8.0,,,,,,,,,,,,,,,,,,,,,,,,,,,,,,4.5,,,,900.0,,,,,,,,Spices and Herbs,"Gluten-Free,Vegan,Vegetarian",6,Fresh curry leaf powder,100.0,770.6,3.89,,5.9
,,,20.9,,,,,2240.0,,42.4,,7806.0,,36.3,1.05,,,233.0,0.44,1.05,2.05,,,,37.7,,274.0,274.0,274.0,,,,,,,,,89.8,,,,18398.0,,,,,,,,,,,317.0,,6.95,,4.92,,,,,,,,,,,,,0.635,,382.0,,2630.0,,23.3,,0.54,,,,,,,,,,,,,,,3.1,,34.0,,,,,,,,0.08,,,4.07,,,,651.0,,0.494,61.2,,9.25,7.1,,Spices and Herbs,"Gluten-Free,Vegan,Vegetarian",6,Basil leaf (dried),100.0,1714.5,10.7,,5.9
,,,,,,45.4,,2240.0,,47.75,,3162.0,,45.4,0.69,,,233.0,0.58,0.36,2.5,,,,37.7,,370.0,,370.0,,,,,,,,,89.8,,,,10000.0,,,,,,,,,,,711.0,,6.07,,4.92,,,,,,,,,,,,,0.63,,469.0,,2630.0,,23.03,264.0,1.89,,,,,,,,,,,,,,,3.3,,43.0,,,,,,,,0.28,,1.71,3.98,,,,264.0,,0.81,61.2,,9.22,6.94,,Spices and Herbs,"Gluten-Free,Vegan,Vegetarian",6,Holy basil (dried),100.0,1714.5,10.7,,5.9
,,,,,,,,,,,,,,,,,,,,,,,,,,,,,,,,,,,,,,,,,,,,,,,,,,,,,,,,,,,,,,,,,,,,,,,,,,,,,,,,,,,,,,,,,,,,,,,38760.0,,,,,,,,,,,,,,,,,,,,,,,Spices and Herbs,"Gluten-Free,Vegan,Vegetarian",6,Himalayan salt,100.0,,,,7.0
0.334,,0.483,6.0,0.658,4.0,,,114.0,1.0,71.6,,,,35.2,0.37,,0.098,335.0,0.803,1.04,1.06,,,,14.3,,13.0,,13.0,,1.46,,0.86,1.06,0.28,0.203,,19.8,0.298,,0.551,18.0,,0.41,,,,,0.76,,,,214.0,,33.3,0.103,9.11,0.95,0.09,,,,,,,,,,,0.47,0.381,168.0,,1342.0,0.278,8.98,,0.16,,,,0.07,,0.69,,0.27,,,,,,,5.3,0.344,27.0,48.9,,1.03,,,,,0.057,0.27,3.35,4.24,0.099,0.205,0.395,,,0.626,,,9.21,3.64,,Spices and Herbs,"Gluten-Free,Vegan,Vegetarian",6,Kencur (dried),100.0,16.4,0.85,0.002,5.7
,,,,,,10.9,,834.0,,74.96,,2740.0,,10.9,0.23,,,313.0,1.67,2.45,2.27,,,,26.3,,106.0,,106.0,,,,,,,,,43.0,,,,6160.0,,,,,,,,,,,120.0,,2.32,,2.01,,,,,,,,,,,,,0.54,,113.0,,529.0,,7.61,229.0,0.42,,,,,,,,,,,,,,,2.8,,23.0,,,,,,,,0.11,,,8.36,,,,229.0,,0.17,46.5,,5.44,3.7,,Spices and Herbs,"Gluten-Free,Vegan,Vegetarian",6,Bay leaf (salam leaf),100.0,108.6,1.6,,5.9
,,,,,,,,80.0,,17.6,,,,,0.5,,,630.0,13.6,35.5,9.2,,,,5.6,,,30.0,30.0,,,,,,,,,2.7,,,,,,,,,,,,,,,200.0,,1.5,,1.5,,,,,,,,,,,,,,,450.0,,500.0,,16.8,,0.08,,,,,,,,,,,,,,,,,5.0,,,,,,,,0.15,,,61.3,,,,,,0.1,,,4.5,2.5,Nuts,Nuts and seeds,"Gluten-Free,Vegan,Vegetarian",12,Candlenut,100.0,7.0,5.0,,6.4
,,,,,,,,200.0,,79.0,,3.0,,,,,,340.0,,,,,,,10.0,,,,30.0,,,,,,,,,5.0,,,,,,,,,,,,,,,30.0,,,,1.0,,,,,,,,,,,,,,,170.0,,1400.0,,10.0,,0.1,,,,,,,,,,,,,,,,,50.0,,,,,,,,0.2,,25.0,0.7,,,,5.0,,0.3,10.0,,5.0,0.5,,Spices and Herbs,"Gluten-Free,Vegan,Vegetarian",6,Shallot powder,100.0,56.3,10.22,0.002,5.7
,,,,,,,,80.0,,95.0,,,,,,,,375.0,,,,,,,,,,,,,30.0,,30.0,,,,,0.2,,,,,,,,,,,,,,,15.0,,,,0.1,,,,,,,,,,,,,,,20.0,,300.0,,,,0.01,,,,,,,,,,,,,,,,,10.0,,,30.0,,,,,0.01,,90.0,,,,,,,0.01,,,5.0,0.01,,Sugars and honey,"Vegan,Vegetarian",6,Palm sugar (aromatic),100.0,,1.09,,6.8
,,,,,,,,834.0,,75.0,,3610.0,,,0.22,,,313.0,1.6,2.3,2.3,,,,26.3,,,,100.0,,,,,,,,,43.0,,,,628.0,,,,,,,,,,,120.0,,6.1,,2.0,,,,,,,,,,,,,0.4,,113.0,,529.0,,7.6,,0.4,,,,,,,,,,,,,,,2.2,,23.0,,,,,,,,0.1,,,8.3,,,,309.0,,1.7,46.5,,5.4,3.7,,Spices and Herbs,"Vegan,Vegetarian",6,Bay leaf (salam),100.0,7.7,0.5,,5.9
,,,,,,,,440.0,,64.0,,,,,0.3,,,251.0,0.7,1.3,0.9,,,,25.0,,,,10.0,,,,,,,,,15.0,,,,,,,,,,,,,,,190.0,,6.0,,1.1,,,,,,,,,,,,,0.3,,180.0,,1300.0,,10.0,,0.2,,,,,,,,,,,,,,,3.0,,44.0,,,,,,,,0.1,,0.3,3.3,,,,,,0.3,,,10.0,1.1,,Spices and Herbs,"Vegan,Vegetarian",6,Long pepper,100.0,16.0,1.0,0.002,5.7
,,,,,,,,177.0,,2.7,,3142.0,,23.3,0.3,,,23.0,0.08,0.38,0.04,,,,1.6,,68.0,,68.0,,,,,,,,,3.17,,,,5650.0,,,,,,,,,,,64.0,,1.1,,0.9,,,,,,,,,,,,,0.2,,56.0,,295.0,,3.2,,0.26,,,,,,,,,,,,,,,0.3,,4.0,,,,,,,,0.03,,0.3,0.6,,,,264.0,,0.13,18.0,,92.0,0.8,,Spices and Herbs,"Vegan,Vegetarian",6,Lemon basil (kemangi),100.0,414.8,0.8,,5.9
,,,,,,,,1041.0,,67.2,,452.0,,,0.816,,,371.0,1.5,3.0,1.5,,,,39.8,,,270.0,270.0,,,,,,,,,10.3,,,,,,,,,,,,,,,247.0,,4.86,,2.53,,,,,,,,,,,,,,,263.0,,1260.0,,10.39,,0.613,,,,,,,,,,,,,,,4.5,,26.0,,,,,,,,0.322,,,6.94,,,,38.0,,0.655,47.0,,8.52,2.32,,Spices and Herbs,"Gluten-Free,Vegan,Vegetarian",6,Andaliman (Sichuan pepper–like),100.0,56.3,10.22,0.002,5.7
,,,,,,,,350.0,,67.0,,,,,,,,250.0,,,,,,,15.0,,,,,,,,,,,,,1.5,,,,,,,,,,,,,,,,,,,,,,,,,,,,,,,,,,,,1000.0,,4.0,,,,,,,,,,,,,,,,,,,,,,,,,,,,,,0.7,,,,,,,15.0,,10.0,,,Dried fruits,"Gluten-Free,Vegan,Vegetarian",6,Dried lime (limoo amani),100.0,28.9,1.09,,6.0
0.486,,0.803,5.43,1.066,17.0,,,528.0,1.0,58.1,61.0,92.0,,,0.781,,0.129,325.0,3.11,5.91,2.98,,,,33.2,,67.0,,67.0,,,,0.01,2.05,0.463,0.292,,29.7,0.437,,0.783,350.0,,0.472,,,,,3.08,0.03,,,209.0,,3.92,0.198,3.27,5.36,0.54,,,,,,,,,,,0.796,0.528,367.0,,1165.0,0.428,12.6,,0.207,,0.01,,0.16,,1.92,,0.83,0.05,,,,,,18.3,0.485,52.0,20.5,1.0,0.01,,,,,0.194,0.383,2.16,14.0,0.134,0.32,0.53,16.0,,0.222,0.5,,8.47,3.17,,Spices and Herbs,"Gluten-Free,Vegan,Vegetarian",6,Advieh spice,100.0,99.2,3.97,,6.2
,,,,,,,,200.0,,45.0,,,,,,,,300.0,,,,,,,25.0,,,,,,,,,,,,,5.0,,,,,,,,,,,,,,,,,,,,,,,,,,,,,,,,,,,,800.0,,12.0,,,,,,,,,,,,,,,,,,,,,,,,,,,,,,8.0,,,,,,,,,10.0,,,Spices and Herbs,"Gluten-Free,Vegan,Vegetarian",6,Golpar (Persian hogweed),100.0,56.3,10.22,0.002,5.7
,,,,,,,,1000.0,,49.3,,2400.0,,21.6,0.354,,,285.0,0.45,0.99,1.19,,,,18.2,,114.0,114.0,114.0,,,,,,,,,11.87,,,,,,,,,,,,,,,290.0,,3.869,,2.59,,,,,,,,,,,,,0.69,,170.0,,2080.0,,19.9,,0.266,,,,,,,,,,,,,,,4.6,,32.0,,,,,,,,0.171,,10.7,3.9,,,,200.0,,0.292,31.0,,9.24,1.15,,Spices and Herbs,"Gluten-Free,Vegan,Vegetarian",6,Dried mint,100.0,116.6,0.74,,6.0
,,,,,,,,948.0,,38.6,,62.0,,,1.05,,,526.0,16.2,15.5,5.9,,,,21.8,,159.0,,,,,,,,,,,16.5,,,,,,,,,,,,,,,247.0,,2.7,,4.88,,,,,,,,,,,,,,,479.0,,818.0,,15.3,,0.5,,,,,,,,,,,,,,,3.5,,58.0,,,,,,,,0.18,,,40.5,,,,56.0,,0.38,2.2,,4.8,5.61,Sesame seeds,Spices and Herbs,"Gluten-Free,Vegan,Vegetarian",6,"Za’atar components (thyme, oregano, sesame)",100.0,24.0,12.3,,6.2
,,,,,,,,270.0,,65.7,,,,,,,,258.0,,,0.11,,,,28.0,,,,,,,,,,,,,4.1,,,,,,,,,,,,,,,29.0,,,,,,,,,,,,,,,,,,,,,1420.0,,8.8,,,,,,,,,,,,,,,,,,,116.0,,,,,,,,,,43.5,1.3,,,,,,,10.0,,1.9,,,Dried fruits,"Gluten-Free,Vegan,Vegetarian",6,Dried lime,100.0,14.1,0.93,,3.6
0.024,,0.013,0.41,0.082,,,,33.0,,10.54,,34.0,,5.1,0.076,,0.007,30.0,0.01,0.08,0.03,,,,2.8,,8.0,8.0,8.0,,,,,0.039,0.017,0.007,,0.6,0.017,,0.021,80.0,,0.034,,,,,0.01,,,,6.0,,0.005,0.004,0.1,0.04,0.02,,,,,,,,,,,0.21,0.017,18.0,,102.0,0.014,0.7,,0.02,,0.001,,,,0.022,,0.006,,,,,,,0.6,0.024,2.0,,,,,,,,0.03,0.017,1.69,0.2,0.007,0.007,0.021,3.0,,0.06,29.1,,88.29,0.08,,Spices and Herbs,"Vegan,Vegetarian",6,Dried lime (loomi),100.0,0.6,0.1,0.002,5.7
,,,,,,,,,,,,,,,,,,,,,,,,,,,,,,,,,,,,,,,,,,,,,,,,,,,,,,,,,,,,,,,,,,,,,,,,,,,,,,,,,,,,,,,,,,,,,,,,,,,,,,,,,,,,,,,,,,,,,,Not included in a food category,,6,(Mosul region),100.0,28.9,1.09,,6.0
,,,4.7,,,,,1100.0,,37.5,,4800.0,,90.0,0.8,,,499.0,10.1,16.2,4.5,,,,20.1,,180.0,,,,,,,,,,,23.4,,,,2000.0,,,,,,,,,,,410.0,,2.7,,7.0,,,,,,,,,,,,,,,480.0,,1300.0,,17.7,,0.6,,,,,,,,,,,,,,,3.7,,80.0,,,,,,,,0.2,,5.5,33.0,,,,400.0,,0.5,3.0,,7.1,6.5,Sesame seeds,Spices and Herbs,"Gluten-Free,Vegan,Vegetarian",6,"Za’atar herbs (thyme, oregano, sesame)",100.0,50.0,15.0,,6.2
,,,99.8,,,,,29.0,,,,,,,,,,,,,,,,,,,,,,,,,,,,,,0.33,,,,,,,,,,,,,,,1.0,,0.01,,,,,,,,,,,,,,,,,,,8.0,,,,,,,,,,,,,,,,,,,,,38758.0,,,,,,,,,,,,,,,,,,,,0.17,0.05,,Spices and Herbs,"Gluten-Free,Vegan,Vegetarian",6,Flake sea salt,100.0,,,,7.0
,,,3.0,,,,,651.0,,47.9,,1.0,,28.1,0.8,,,471.0,11.6,10.3,3.75,,,,27.6,,74.0,74.0,74.0,,,,,,,,,11.2,,,,,,,,,,,,,,,294.0,,2.9,,4.09,,,,,,,,,,,,,,,534.0,,1111.0,,17.5,,0.69,,,,,,,,,,,,,,,3.7,,134.0,,,,,,,,0.113,,,28.5,,,,,,0.44,0.2,,3.14,3.1,,Spices and Herbs,"Gluten-Free,Vegan,Vegetarian",6,Za’atar herbs,100.0,89.5,1.15,,6.2
,,,3.7,,,,,661.0,,72.1,,26.0,,10.9,0.172,,,263.0,1.65,2.6,2.37,,,,21.6,,10.0,10.0,10.0,,,,,,,,,6.62,,,,38.0,,,,,,,,,,,135.0,,3.25,,2.9,,,,,,,,,,,,,,,113.0,,1044.0,,6.09,,0.05,,,,,,,,,,,,,,,2.8,,72.0,,,,,,,,0.106,,,8.69,,,,,,0.19,7.1,,10.5,1.63,,Spices and Herbs,"Gluten-Free,Vegan,Vegetarian",6,Pimento seed,100.0,10.6,1.76,0.002,5.7
,,,10.5,,,,,296.0,,54.0,,1627.0,,164.0,0.44,238.0,,282.0,1.55,7.55,2.36,,,,34.2,,140.0,140.0,140.0,,,,,,,,,14.2,,,,1095.0,,,,,,,,,,,182.0,,1.95,,7.72,,,,,,,,,,,,,,,316.0,,1970.0,,13.5,,0.94,,,,,,,,,,,,,,,8.6,,328.0,,,10.3,,,,,0.28,,10.3,13.9,,,,1655.0,,3.3,14.3,,8.04,2.45,,Spices and Herbs,"Gluten-Free,Vegan,Vegetarian",6,Scotch bonnet (dried),100.0,80.3,29.8,0.002,5.7
,,,5.9,,,,,168.0,,9.6,,,,6.1,0.08,,,43.0,0.04,0.08,0.05,,,,1.3,,180.0,180.0,180.0,,,,,,,,,2.8,,,,,,,,,,,,,,,121.0,,0.1,,0.6,,,,,,,,,,,,,,,42.0,,89.0,,1.6,,0.09,,,,,,,,,,,,,,,0.7,,233.0,,,,,,,,0.05,,,0.3,,,,,,0.002,3.0,0.1,81.6,0.19,,Spices and Herbs,"Gluten-Free,Vegan,Vegetarian",6,Kombu (dried kelp),100.0,66.0,0.87,,6.0
,,,,,,,,50.0,,0.1,,,150.0,,,,,336.0,,,,,,,,,,,,,,,,,,,,1.5,,,,,,,,,,,,,,,,,,,15.0,,,,,,,,,,,,,,,,,500.0,,75.0,,,,,,,,,,,,,,,,,,,500.0,,,,,,,,,,,3.5,,,,,10.0,,,10.0,15.0,1.0,Fish,Shellfish,Pescatarian,6,Katsuobushi (dried bonito flakes),100.0,28.9,1.09,,6.0
,,,,,,,,260.0,,44.3,,650.0,,,,,,349.0,,,,,,,30.8,,215.0,215.0,215.0,,,,,,,,,11.1,,,,100.0,,,,,,,,,,,300.0,,,,9.5,,,,,,,,,,,,,,,200.0,,2000.0,,31.2,,2.24,,,,,,,,,,,,,,,,,1000.0,,,,,,,,0.19,,,3.1,,,,692.0,58.0,,12.7,,5.8,,,Spices and Herbs,Vegan,6,Nori (dried seaweed),100.0,45.8,0.64,,6.0
,,,,,,,,1300.0,,44.6,,330.0,,,,,,157.0,,,,,,,33.6,,200.0,200.0,200.0,,,,,,,,,6.1,,,,,,,,,,,,,,,850.0,,,,2.5,,,,,,,,,,,,,,,200.0,,4800.0,,14.0,,0.19,,,,,,,,,,,,,,,,,2800.0,,,,,,,,,,,0.6,,,,33.0,,,3.0,,12.0,,,Spices and Herbs,Vegan,6,Wakame (dried seaweed),100.0,45.8,0.64,,6.0
,,,,,,,,1200.0,,48.0,,20000.0,,,,,,350.0,,,,,,,25.0,,200.0,200.0,200.0,,,,,,,,,15.0,,,,,,,,,,,,,,,300.0,,,,5.0,,,,,,,,,,,,,,,300.0,,1500.0,,22.0,,1.5,,,,,,,,,,,,,,,,,100.0,,,,,,,,0.5,,,7.0,,,,2000.0,,0.5,80.0,,8.0,,,Spices and Herbs,Vegan,6,"Shiso (perilla leaf, dried)",100.0,770.6,1.5,,5.9
,,,,,,,,700.0,,55.0,,,,,,,,330.0,,,,,,,35.0,,,,,,,,,,,,,12.0,,,,,,,,,,,,,,,250.0,,,,7.0,,,,,,,,,,,,,,,200.0,,1200.0,,12.0,,,,,,,,,,,,,,,,,,,15.0,,,,,,,,0.1,,,8.0,,,,,,0.3,15.0,,8.0,,,Spices and Herbs,Vegan,6,Sansho pepper,100.0,56.3,10.22,0.002,5.7
,,,,,,,,257.0,,85.08,,153.0,,26.6,0.163,,,343.0,0.11,0.11,0.11,,,,10.6,,,,59.0,,,,,,,,,2.37,,,,,,,,,,,,,,,56.0,,0.22,,0.6,,,,,,,,,,,,,0.6,,77.0,,602.0,,6.95,,0.08,,,,,,,,,,,,,,,0.6,,26.0,,,,,,,,0.08,,0.9,0.81,,,,13.0,,0.13,120.0,,5.66,0.65,,Spices and Herbs,"Vegan,Vegetarian",6,Yuzu peel (dried),100.0,6.8,1.09,,6.0
,,,,,,,,56.0,,10.95,,,,16.9,0.093,,,48.0,0.09,0.35,0.11,,,,3.3,,,,33.0,,,,,,,,,0.81,,,,,,,,,,,,,,,27.0,,0.132,,0.286,,,,,,,,,,,,,0.621,,46.0,,290.0,,1.18,,0.075,,,,,,,,,,,,,,,0.9,,41.0,,,,,,,,0.076,,5.23,0.69,,,,,,0.13,24.9,,85.91,0.62,,Spices and Herbs,"Vegan,Vegetarian",6,Wasabi powder,100.0,5.3,0.02,0.002,5.7
,,,,,,,,266.0,,28.32,,19.0,,64.9,0.828,,,508.0,23.327,7.915,1.983,,,,12.2,,,,162.0,,,,,,,,,9.21,,,,,,,,,,,23.011,,,,370.0,,2.8,,7.893,6.814,0.875,,,,,,,,,,,0.817,,738.0,,738.0,,26.08,,0.381,,,,,,0.701,,0.169,,,,,,,207.5,,13.0,,,,,,,,0.635,,6.78,36.16,,,,2.0,,0.39,7.1,,6.8,5.76,Mustard,Spices and Herbs,"Vegan,Vegetarian",6,Mustard powder,100.0,5.4,2.45,0.002,5.7
,,,,,258.0,,,1255.0,112.0,18.04,,6.0,,25.6,4.082,,,615.0,20.93,25.16,8.01,,,,11.2,,,,97.0,,,,,,,,,13.1,,,,,,,,,,,20.65,,,,346.0,,2.296,,5.09,25.07,0.27,,,,,,,,,,,0.05,,699.0,462.0,457.0,,20.3,,0.24,,,,,,4.79,,2.53,,,,,,,34.4,,34.0,,17.0,,,,,,0.79,,0.3,57.34,,,,1.0,,0.23,,,2.9,8.52,Sesame seeds,Nuts and seeds,"Gluten-Free,Vegan,Vegetarian",6,Toasted sesame seed,100.0,3.8,0.31,,6.5
,,,,,258.0,,,975.0,112.0,23.45,,6.0,,25.6,4.082,,,573.0,18.761,21.773,6.957,,,,11.8,,,,97.0,,,,,,,,,14.55,,,,,,,,,,,18.414,,,,351.0,,2.46,,4.515,21.642,0.236,,,,,,,,,,,0.05,,629.0,462.0,468.0,,17.73,,0.24,,,,,,4.195,,2.274,,,,,,,34.4,,11.0,,17.0,,,,,,0.79,,0.3,49.7,,,,1.0,,0.23,,,4.69,7.75,Sesame seeds,Nuts and seeds,"Gluten-Free,Vegan,Vegetarian",6,White sesame,100.0,3.8,0.25,,6.5
0.817,,2.378,5.14,1.564,353.0,0.2,,975.0,112.0,23.45,,5.0,,25.6,4.082,,0.352,573.0,18.798,21.773,6.958,0.068,0.068,,11.8,,97.0,97.0,97.0,,0.03,,0.03,3.961,1.115,0.495,,14.55,0.771,,1.349,,,0.58,,,0.217,,18.572,,,,351.0,0.02,2.493,0.57,4.515,21.603,0.21,,,,,,,,,,,0.05,0.941,629.0,478.0,468.0,0.749,17.73,,0.247,,,,,,4.904,0.038,1.549,0.228,0.071,0.168,,,,34.4,0.792,11.0,,13.0,0.22,,0.068,,,0.791,0.648,0.3,49.67,0.288,0.697,1.011,1.0,,0.247,,,4.69,7.75,Sesame seeds,Spices and Herbs,"Gluten-Free,Vegan,Vegetarian",6,Black sesame,100.0,3.8,0.25,,6.0
,,,6.0,,,,,250.0,,53.6,,2400.0,,50.0,0.4,,,386.0,6.1,7.5,2.5,,,,30.4,,100.0,,,,,,,,,,,8.9,,,,1000.0,,,,,,,,,,,200.0,,1.5,,5.0,,,,,,,,,,,,,,,300.0,,600.0,,12.8,,0.3,,,,,,,,,,,,,,,5.0,,150.0,,,,,,,,0.3,,7.0,17.9,,,,200.0,,0.4,10.0,,5.0,3.0,Sesame seeds,Spices and Herbs,"Gluten-Free,Vegan,Vegetarian",6,Shichimi togarashi components,100.0,30.0,10.0,,6.2
0.09,,0.088,1.1,0.165,,,,168.0,,15.6,,,,,0.08,,0.016,43.0,0.076,0.237,0.16,,,,,,180.0,180.0,180.0,,,,,0.245,0.075,0.024,,2.8,0.069,,0.123,,,0.122,,,0.038,,0.038,,,,121.0,,0.19,0.029,0.6,0.057,0.001,0.002,,,0.063,0.114,,,,,,0.07,0.068,42.0,,1000.0,0.075,1.7,,0.05,,0.003,,0.033,0.001,0.116,0.001,0.006,,,,,,,0.7,0.069,233.0,,,,,,,,0.04,0.05,,0.6,0.019,0.043,0.076,,,0.005,3.0,,81.6,0.4,,Spices and Herbs,"Gluten-Free,Vegan,Vegetarian",6,Kombu,100.0,66.2,0.86,,6.0
4.19,,4.47,7.9,7.39,,,,26.0,,,,,150.0,,0.09,,0.66,336.0,0.74,0.84,0.99,,,,,,,,,,,,,10.87,4.19,1.63,,5.1,3.01,,5.1,,,5.76,,,0.04,,0.45,0.04,0.04,,112.0,,0.01,1.83,15.6,0.04,0.04,0.01,0.02,0.01,0.04,0.16,,0.02,0.04,0.46,,0.2,2.5,771.0,,641.0,2.87,75.3,,0.4,,0.01,,0.07,0.01,0.65,0.01,0.23,,,,,,,73.0,3.08,460.0,,,,,,,,0.18,2.76,,2.9,0.8,2.18,3.25,,10.0,0.8,,,10.9,0.5,Fish,Spices and Herbs,"Keto,Pescatarian",6,Katsuobushi,100.0,0.1,0.8,,6.0
0.14,,0.22,1.6,0.36,,,,230.0,,13.9,,4080.0,,12.3,0.16,,0.04,70.0,0.69,3.9,0.52,,,,7.0,,136.0,136.0,136.0,,,,,0.46,0.18,0.08,,3.2,0.14,,0.26,,,0.21,,,,,0.69,,,,82.0,,0.7,0.06,0.4,0.57,3.3,,,,,,,,,,,0.2,0.16,61.0,,570.0,0.15,3.4,,0.1,,,,,,0.41,,0.11,,,,,,,0.9,0.13,34.0,,,,,,,,0.08,0.13,,5.6,0.03,0.1,0.17,340.0,,0.1,110.0,,74.3,0.4,,Spices and Herbs,"Gluten-Free,Vegan,Vegetarian",6,Shiso (dried),100.0,207.0,3.0,,5.9
0.198,,0.082,1.37,0.456,8.0,,,134.0,3.0,16.03,,4.0,,14.2,0.098,,0.012,47.0,0.015,0.052,0.02,,,,10.6,,37.0,37.0,37.0,,,,,0.246,0.062,0.031,,0.35,0.046,,0.084,27.0,,0.085,,,0.003,,0.012,,,,10.0,,0.06,0.015,0.197,0.038,0.014,,,,,,,,,,,0.211,0.049,21.0,11.0,160.0,0.052,0.8,,0.087,,,,,,0.014,,0.006,,,,,,,0.6,0.057,6.0,,,0.2,,,,,0.06,0.043,0.2,0.19,0.007,0.021,0.06,,,0.043,129.0,,82.38,0.07,,Dried fruits,"Gluten-Free,Vegan,Vegetarian",6,Lemon peel (dried),100.0,0.1,0.27,,6.0
2.33,,1.89,11.1,3.37,,,,260.0,,48.2,,12480.0,,,0.137,,0.5,35.0,0.006,0.196,0.08,,,,6.2,,350.0,350.0,350.0,,,,,4.14,1.37,0.58,,2.0,1.52,,2.54,8800.0,,2.62,,,0.006,,,,,,295.0,,0.334,0.78,4.0,0.027,0.015,0.035,,0.004,0.013,0.076,,,0.005,0.005,,0.79,1.52,310.0,,1360.0,1.19,5.81,,0.45,,,,,0.004,0.052,,0.015,,,,,,,5.6,1.37,330.0,,,,,,,,0.2,1.23,,0.33,0.33,0.86,1.74,1248.0,2.9,0.06,11.1,,33.7,1.3,,Spices and Herbs,"Gluten-Free,Vegan,Vegetarian",6,Nori,100.0,34.1,1.16,,6.0
,,,2.6,,,,,204.0,,7.7,,1612.0,,26.6,0.176,,,44.0,0.07,0.35,0.23,,,,4.0,,91.0,91.0,,,,,,,,,,1.7,,,,1317.0,,,,,,,0.07,,,,97.0,,0.354,,0.6,0.05,0.3,,,,,,,,,,,0.198,,76.0,,465.0,,4.8,,0.18,,,,0.01,,0.17,,0.05,,,,,,,0.9,,11.0,,,,,,,,0.1,,1.6,0.8,,,,134.0,,0.08,17.0,,84.1,0.53,,Spices and Herbs,"Gluten-Free,Vegan,Vegetarian",6,Goya bitter melon leaf (dried),100.0,291.6,1.09,,5.9
,,,3.5,,,,,830.0,,18.7,,2486.0,,16.1,0.155,,,108.0,0.19,0.28,0.32,,,,6.4,,34.0,34.0,,,,,,,,,,0.9,,,,1900.0,,,,,0.04,,0.15,,,,44.0,,1.714,,2.3,0.22,0.06,,,,,,,,,,,0.149,,57.0,,471.0,,6.1,,0.21,,,,,,0.25,,0.07,,,,,,,0.6,,36.0,,,,,,,,0.08,,,1.0,,,,207.0,,0.03,4.0,,63.8,0.8,,Spices and Herbs,"Gluten-Free,Vegan,Vegetarian",6,Curry leaf (dried),100.0,120.0,0.96,,5.9
,,,5.8,,,,,1036.0,,62.4,,,,,0.58,,,293.0,,,,,,,34.1,,,,101.0,,,,,,,,,17.4,,,,,,,,,,,,,,,270.0,,10.2,,2.12,,,,,,,,,,,,,,,306.0,,1484.0,,10.6,,0.23,,,,,,,,,,,,,,,13.9,,58.0,,,,,,,,0.1,,25.0,8.69,,,,105.0,,0.56,10.4,,4.5,2.7,,Spices and Herbs,"Gluten-Free,Vegan,Vegetarian",6,Herbal bush spices (dried local aromatic shrubs),100.0,100.0,10.2,0.002,5.7
,,,11.5,,,,,2240.0,,60.9,,3960.0,,,0.613,,,251.0,0.33,1.83,0.38,,,,37.7,,815.0,815.0,,,,,,,,,,42.0,,,,11350.0,,,,,,,,,,,711.0,,6.91,,6.09,,,,,,,,,,,,,,,274.0,,2630.0,,14.37,,1.8,,,,,,,,,,,,,,,3.2,,34.0,,,,,,,,0.08,,1.7,3.98,,,,660.0,,1.34,61.2,,9.25,3.9,,Spices and Herbs,"Gluten-Free,Vegan,Vegetarian",6,Lime leaf (dried),100.0,1714.5,10.7,,5.9
,,,11.5,,,,,2240.0,,60.9,,3960.0,,,0.613,,,251.0,0.33,1.83,0.38,,,,37.7,,815.0,815.0,,,,,,,,,,42.0,,,,11350.0,,,,,,,,,,,711.0,,6.91,,6.09,,,,,,,,,,,,,,,274.0,,2630.0,,14.37,,1.8,,,,,,,,,,,,,,,3.2,,34.0,,,,,,,,0.08,,1.7,3.98,,,,660.0,,1.34,61.2,,9.25,3.9,,Spices and Herbs,"Gluten-Free,Vegan,Vegetarian",6,Pandan leaf (dried),100.0,1714.5,10.7,,5.9
,,,11.5,,,,,2240.0,,60.9,,3960.0,,,0.613,,,251.0,0.33,1.83,0.38,,,,37.7,,815.0,815.0,,,,,,,,,,42.0,,,,11350.0,,,,,,,,,,,711.0,,6.91,,6.09,,,,,,,,,,,,,,,274.0,,2630.0,,14.37,,1.8,,,,,,,,,,,,,,,3.2,,34.0,,,,,,,,0.08,,1.7,3.98,,,,660.0,,1.34,61.2,,9.25,3.9,,Spices and Herbs,"Gluten-Free,Vegan,Vegetarian",6,"Breadfruit leaf (dried, aromatic)",100.0,1714.5,10.7,,6.0
,,,4.96,,,,,442.0,,64.81,,180.0,,,1.33,,,251.0,0.826,1.002,0.99,,,,26.5,,10.0,10.0,,,,,,,,,,9.71,,,,205.0,,,,,,,,,,,194.0,,5.56,,1.142,,,,,,,,,,,,,,,174.0,,1329.0,,10.95,,0.187,,,,,,,,,,,,,,,4.8,,20.0,,,,,,,,0.103,,0.64,3.26,,,,15.0,,0.338,0.6,,12.42,1.42,,Spices and Herbs,"Gluten-Free,Vegan,Vegetarian",6,Sichuan pepper (flower pepper),100.0,16.4,1.05,0.002,5.7
,,,4.96,,,,,442.0,,64.81,,180.0,,,1.33,,,251.0,0.826,1.002,0.99,,,,26.5,,10.0,10.0,,,,,,,,,,9.71,,,,205.0,,,,,,,,,,,194.0,,5.56,,1.142,,,,,,,,,,,,,,,174.0,,1329.0,,10.95,,0.187,,,,,,,,,,,,,,,4.8,,20.0,,,,,,,,0.103,,0.64,3.26,,,,15.0,,0.338,0.6,,12.42,1.42,Cereals containing gluten (oats),Spices and Herbs,"Gluten-Free,Vegan,Vegetarian",6,Wild Malagasy pepper (voatsiperifery),100.0,16.4,1.05,0.002,5.7
,,,9.32,,,,,110.0,,54.89,,,,11.5,0.353,,,287.0,0.037,0.021,0.038,,,,23.3,,,32.0,32.0,,,,,,,,,0.94,,,,,,,,,,,,,,,154.0,,2.1,,1.259,,,,,,,,,,,,,0.548,,178.0,,1480.0,,12.65,,0.323,,,,,,,,,,,,,,,1.5,,9.0,,,,,,,,0.093,,12.65,1.1,,,,,,0.203,6.3,,22.04,0.6,,Spices and Herbs,"Gluten-Free,Vegan,Vegetarian",6,Vanilla (aromatic),100.0,0.1,0.07,0.002,5.7
,,,3.52,,,,,757.0,,65.25,,777.0,,27.6,0.67,,,387.0,1.258,3.29,0.958,,,,28.6,,,20.0,20.0,,,,,,,,,16.59,,,,,,,,,,,,,,,153.0,,4.54,,4.19,,,,,,,,,,,,,0.817,,284.0,,1226.0,,15.35,,0.298,,,,,,,,,,,,,,,4.9,,51.0,,,,,,,,0.134,,1.58,9.38,,,,65.0,,0.443,,,6.5,2.32,,Spices and Herbs,"Gluten-Free,Vegan,Vegetarian",6,Five-spice powder components,100.0,29.3,6.94,,6.2
,,,6.22,,,284.1,,3950.0,,1.39,,,830.0,284.1,1.898,,,295.0,0.816,1.621,0.776,,,,,,,20.0,20.0,,,,,,,,,5.61,,,,,,,,,,,,,,,189.0,,0.45,,5.17,,,,,,,,,,,,,1.15,,720.0,,663.0,,62.72,5.0,0.26,,,,,,,,,,,,,,,108.6,,6530.0,,,,,,,,0.053,,,4.54,,,,5.0,5.4,0.324,,,25.13,4.88,Crustaceans,Shellfish,,6,Shrimp powder,100.0,0.1,0.5,,6.5
,,,10.24,,,,,443.0,,64.81,,171.0,,11.3,1.4,,,251.0,0.822,0.692,1.385,,,,25.3,,,10.0,10.0,,,,,,,,,9.71,,,,205.0,,,,,,,,,,,194.0,,6.955,,1.142,,,,,,,,,,,,,0.44,,172.0,,1329.0,,10.95,,0.1,,,,,,,,,,,,,,,5.4,,20.0,,,,,,,,0.107,,0.64,3.26,,,,15.0,,0.34,,,10.74,1.41,,Spices and Herbs,"Gluten-Free,Vegan,Vegetarian",6,Sarawak pepper (special black and white varieties),100.0,16.4,1.02,0.002,5.7
,,,5.06,,,,,1576.0,,64.42,,279.0,,39.4,0.744,,,306.0,1.536,4.045,2.768,,,,42.5,,,274.0,274.0,,,,,,,,,36.8,,,,,,,,,,,,,,,270.0,,4.88,,6.44,,,,,,,,,,,,,0.922,,147.0,,1260.0,,11.0,,0.528,,,,,,,,,,,,,,,4.5,,25.0,,,,,,,,0.198,,4.09,10.25,,,,23.0,,1.047,,,9.27,2.69,,Spices and Herbs,"Gluten-Free,Vegan,Vegetarian",6,Oregano (Mexican),100.0,621.7,18.26,,5.9
,,,,,,,,,,,,,,,,,,,,,,,,,,,,,,,,,,,,,,,,,,,,,,,,,,,,,,,,,,,,,,,,,,,,,,,,,,,,,,,,,,,,,,,,,,,,,,,,,,,,,,,,,,,,,,,,,,,,,,Spices and Herbs,"Gluten-Free,Vegan,Vegetarian",6,Hoja santa (dried),100.0,770.6,3.89,,5.9
0.697,,0.612,5.67,1.624,,,,148.0,,56.63,13.0,4426.0,,78.4,0.375,281.0,0.165,318.0,2.433,7.032,2.721,,,,24.9,,106.0,106.0,106.0,,,,,1.649,0.548,0.301,,7.7,0.518,,0.81,1640.0,,0.603,,,0.02,,2.115,,,,128.0,,1.815,0.198,8.718,6.13,0.551,,,,,,,,,,,2.508,0.528,293.0,,1803.0,0.537,15.89,,0.932,,,,0.08,,1.831,,0.395,,,,,,,7.3,0.655,64.0,,,,,,,,0.328,0.443,10.3,14.39,0.13,0.366,0.618,369.0,,2.45,14.3,,10.51,2.44,,Spices and Herbs,"Gluten-Free,Vegan,Vegetarian",6,Ancho chili (dried),100.0,126.9,2.37,0.002,5.7
0.697,,0.612,5.67,1.624,,,,148.0,,56.63,13.0,4426.0,,78.4,0.375,281.0,0.165,318.0,2.433,7.032,2.721,,,,24.9,,106.0,106.0,106.0,,,,,1.649,0.548,0.301,,7.7,0.518,,0.81,1640.0,,0.603,,,0.02,,2.115,,,,128.0,,1.815,0.198,8.718,6.13,0.551,,,,,,,,,,,2.508,0.528,293.0,,1803.0,0.537,15.89,,0.932,,,,0.08,,1.831,,0.395,,,,,,,7.3,0.655,64.0,,,,,,,,0.328,0.443,10.3,14.39,0.13,0.366,0.618,369.0,,2.45,14.3,,10.51,2.44,,Spices and Herbs,"Gluten-Free,Vegan,Vegetarian",6,Chipotle chili (dried),100.0,126.9,2.37,0.002,5.7
0.697,,0.612,5.67,1.624,,,,148.0,,56.63,13.0,4426.0,,78.4,0.375,281.0,0.165,318.0,2.433,7.032,2.721,,,,24.9,,106.0,106.0,106.0,,,,,1.649,0.548,0.301,,7.7,0.518,,0.81,1640.0,,0.603,,,0.02,,2.115,,,,128.0,,1.815,0.198,8.718,6.13,0.551,,,,,,,,,,,2.508,0.528,293.0,,1803.0,0.537,15.89,,0.932,,,,0.08,,1.831,,0.395,,,,,,,7.3,0.655,64.0,,,,,,,,0.328,0.443,10.3,14.39,0.13,0.366,0.618,369.0,,2.45,14.3,,10.51,2.44,,Spices and Herbs,"Gluten-Free,Vegan,Vegetarian",6,Mulato chili (dried),100.0,126.9,2.37,0.002,5.7
0.697,,0.612,5.67,1.624,,,,148.0,,56.63,13.0,4426.0,,78.4,0.375,281.0,0.165,318.0,2.433,7.032,2.721,,,,24.9,,106.0,106.0,106.0,,,,,1.649,0.548,0.301,,7.7,0.518,,0.81,1640.0,,0.603,,,0.02,,2.115,,,,128.0,,1.815,0.198,8.718,6.13,0.551,,,,,,,,,,,2.508,0.528,293.0,,1803.0,0.537,15.89,,0.932,,,,0.08,,1.831,,0.395,,,,,,,7.3,0.655,64.0,,,,,,,,0.328,0.443,10.3,14.39,0.13,0.366,0.618,369.0,,2.45,14.3,,10.51,2.44,,Spices and Herbs,"Gluten-Free,Vegan,Vegetarian",6,Arbol chili (dried),100.0,126.9,2.37,0.002,5.7
0.54,,0.53,5.92,1.16,77.0,,,313.0,6.0,56.63,,26231.0,,48.7,0.37,1083.0,0.17,318.0,2.65,8.44,3.26,,,,34.8,,106.0,106.0,106.0,,,,,1.77,0.44,0.28,,16.32,0.42,,0.74,3488.0,2854.0,0.55,,,,,,,,,152.0,,2.16,0.16,8.7,,,,,,,,,,,,,2.52,0.46,293.0,94.0,1335.0,0.46,12.03,,0.91,,,,,,,,,,,,,,,6.8,0.54,30.0,,11.0,,,,,,0.32,0.38,10.34,17.25,0.15,0.33,0.51,2185.0,,2.45,76.4,,7.74,2.48,,Spices and Herbs,"Gluten-Free,Vegan,Vegetarian",6,Cascabel chili (dried),100.0,80.3,29.83,0.002,5.7
0.54,,0.53,5.92,1.16,77.0,,,313.0,6.0,56.63,,26231.0,,48.7,0.37,1083.0,0.17,318.0,2.65,8.44,3.26,,,,34.8,,106.0,106.0,106.0,,,,,1.77,0.44,0.28,,16.32,0.42,,0.74,3488.0,2854.0,0.55,,,,,,,,,152.0,,2.16,0.16,8.7,,,,,,,,,,,,,2.52,0.46,293.0,94.0,1335.0,0.46,12.03,,0.91,,,,,,,,,,,,,,,6.8,0.54,30.0,,11.0,,,,,,0.32,0.38,10.34,17.25,0.15,0.33,0.51,2185.0,,2.45,76.4,,7.74,2.48,,Spices and Herbs,"Gluten-Free,Vegan,Vegetarian",6,Puya chili (dried),100.0,80.3,29.83,0.002,5.7
0.54,,0.53,5.92,1.16,77.0,,,313.0,6.0,56.63,,26231.0,,48.7,0.37,1083.0,0.17,318.0,2.65,8.44,3.26,,,,34.8,,106.0,106.0,106.0,,,,,1.77,0.44,0.28,,16.32,0.42,,0.74,3488.0,2854.0,0.55,,,,,,,,,152.0,,2.16,0.16,8.7,,,,,,,,,,,,,2.52,0.46,293.0,94.0,1335.0,0.46,12.03,,0.91,,,,,,,,,,,,,,,6.8,0.54,30.0,,11.0,,,,,,0.32,0.38,10.34,17.25,0.15,0.33,0.51,2185.0,,2.45,76.4,,7.74,2.48,,Spices and Herbs,"Gluten-Free,Vegan,Vegetarian",6,Morita chili (dried),100.0,80.3,29.83,0.002,5.7
0.37,,0.52,11.6,0.81,36.0,,,1890.0,4.0,63.94,,2858.0,,47.9,0.79,,0.09,276.0,0.77,3.25,2.7,,,,37.0,,274.0,274.0,274.0,,,,,1.05,0.42,0.21,,123.6,0.38,,0.65,1320.0,,0.44,,,,,,,,,220.0,,1.72,0.13,4.94,,,,,,,,,,,,,0.41,0.42,201.0,47.0,814.0,0.31,9.11,,0.39,,,,,,,,,,,,,,,4.6,0.42,55.0,,6.0,,,,,,0.08,0.34,1.7,7.49,0.08,0.28,0.46,238.0,,0.36,50.0,,7.86,6.1,,Spices and Herbs,"Gluten-Free,Vegan,Vegetarian",6,Mexican thyme (dried),100.0,1714.5,7.5,,5.9
1.02,,1.13,9.74,2.05,37.0,,,1139.0,4.0,50.32,,5040.0,,159.9,0.34,,0.25,295.0,1.15,2.5,1.63,,,,23.3,,274.0,274.0,274.0,,,,,2.27,1.01,0.52,,32.3,0.94,,1.58,2150.0,,1.05,,,,,,,,,347.0,,5.6,0.28,2.03,,,,,,,,,,,,,0.98,0.99,302.0,48.0,3020.0,0.94,22.8,,0.33,,,,,,,,,,,,,,,4.5,0.98,262.0,,6.0,,,,,,0.1,0.81,5.75,7.24,0.23,0.77,1.12,420.0,,0.69,50.0,,9.9,3.9,,Spices and Herbs,"Gluten-Free,Vegan,Vegetarian",6,Mexican mint marigold (dried),100.0,3120.0,6.8,,5.9
,,,,,,,,296.0,,54.4,139.0,8728.0,,101.4,0.37,,,282.0,2.6,7.4,2.2,,,,34.6,,,,130.0,,,,,,,,,17.5,,,,,,,,,,,,,,,179.0,,1.5,,10.3,,,,,,,,,,,,,2.5,,355.0,,1740.0,,13.5,,0.58,,,,,,,,,,,,,,,7.7,,164.0,,,,,,,,0.27,,10.3,13.6,,,,798.0,,2.45,39.5,,8.32,3.7,,Spices and Herbs,"Gluten-Free,Vegan,Vegetarian",6,Ancho chili,100.0,80.3,1.9,0.002,5.7
,,,,,,,,296.0,,54.4,139.0,8728.0,,101.4,0.37,,,282.0,2.6,7.4,2.2,,,,34.6,,,,130.0,,,,,,,,,17.5,,,,,,,,,,,,,,,179.0,,1.5,,10.3,,,,,,,,,,,,,2.5,,355.0,,1740.0,,13.5,,0.58,,,,,,,,,,,,,,,7.7,,164.0,,,,,,,,0.27,,10.3,13.6,,,,798.0,,2.45,39.5,,8.32,3.7,,Spices and Herbs,"Gluten-Free,Vegan,Vegetarian",6,Pasilla Mixe (chile pasilla de Oaxaca),100.0,80.3,1.9,0.002,5.7
,,,,,,,,296.0,,54.4,139.0,8728.0,,101.4,0.37,,,282.0,2.6,7.4,2.2,,,,34.6,,,,130.0,,,,,,,,,17.5,,,,,,,,,,,,,,,179.0,,1.5,,10.3,,,,,,,,,,,,,2.5,,355.0,,1740.0,,13.5,,0.58,,,,,,,,,,,,,,,7.7,,164.0,,,,,,,,0.27,,10.3,13.6,,,,798.0,,2.45,39.5,,8.32,3.7,,Spices and Herbs,"Gluten-Free,Vegan,Vegetarian",6,Guajillo chili,100.0,80.3,1.9,0.002,5.7
,,,,,,,,296.0,,54.4,139.0,8728.0,,101.4,0.37,,,282.0,2.6,7.4,2.2,,,,34.6,,,,130.0,,,,,,,,,17.5,,,,,,,,,,,,,,,179.0,,1.5,,10.3,,,,,,,,,,,,,2.5,,355.0,,1740.0,,13.5,,0.58,,,,,,,,,,,,,,,7.7,,164.0,,,,,,,,0.27,,10.3,13.6,,,,798.0,,2.45,39.5,,8.32,3.7,,Spices and Herbs,"Gluten-Free,Vegan,Vegetarian",6,Mulato chili,100.0,80.3,1.9,0.002,5.7
,,,,,,,,296.0,,54.4,139.0,8728.0,,101.4,0.37,,,282.0,2.6,7.4,2.2,,,,34.6,,,,130.0,,,,,,,,,17.5,,,,,,,,,,,,,,,179.0,,1.5,,10.3,,,,,,,,,,,,,2.5,,355.0,,1740.0,,13.5,,0.58,,,,,,,,,,,,,,,7.7,,164.0,,,,,,,,0.27,,10.3,13.6,,,,798.0,,2.45,39.5,,8.32,3.7,,Spices and Herbs,"Gluten-Free,Vegan,Vegetarian",6,Costeño chili,100.0,80.3,1.9,0.002,5.7
,,,6.01,,,,,148.0,,56.6,,2963.0,,46.5,0.353,,,318.0,3.869,9.803,3.204,,,,27.2,,,,106.0,,,,,,,,,7.8,,,,7710.0,,,,,,,,,,,152.0,,1.545,,10.932,,,,,,,,,,,,,2.52,,293.0,,1120.0,,12.0,,0.919,,,,,,,,,,,,,,,11.2,,30.0,,,,,,,,0.328,,10.3,17.3,,,,369.0,,2.45,76.4,,8.05,2.5,,Spices and Herbs,"Gluten-Free,Vegan,Vegetarian",6,Chilhuacle negro,100.0,105.7,29.8,0.002,5.7
,,,6.01,,,,,148.0,,56.6,,2963.0,,46.5,0.353,,,318.0,3.869,9.803,3.204,,,,27.2,,,,106.0,,,,,,,,,7.8,,,,7710.0,,,,,,,,,,,152.0,,1.545,,10.932,,,,,,,,,,,,,2.52,,293.0,,1120.0,,12.0,,0.919,,,,,,,,,,,,,,,11.2,,30.0,,,,,,,,0.328,,10.3,17.3,,,,369.0,,2.45,76.4,,8.05,2.5,,Spices and Herbs,"Gluten-Free,Vegan,Vegetarian",6,Chilhuacle rojo,100.0,105.7,29.8,0.002,5.7
,,,6.01,,,,,148.0,,56.6,,2963.0,,46.5,0.353,,,318.0,3.869,9.803,3.204,,,,27.2,,,,106.0,,,,,,,,,7.8,,,,7710.0,,,,,,,,,,,152.0,,1.545,,10.932,,,,,,,,,,,,,2.52,,293.0,,1120.0,,12.0,,0.919,,,,,,,,,,,,,,,11.2,,30.0,,,,,,,,0.328,,10.3,17.3,,,,369.0,,2.45,76.4,,8.05,2.5,,Spices and Herbs,"Gluten-Free,Vegan,Vegetarian",6,Chipotle,100.0,105.7,29.8,0.002,5.7
,,,6.01,,,,,148.0,,56.6,,2963.0,,46.5,0.353,,,318.0,3.869,9.803,3.204,,,,27.2,,,,106.0,,,,,,,,,7.8,,,,7710.0,,,,,,,,,,,152.0,,1.545,,10.932,,,,,,,,,,,,,2.52,,293.0,,1120.0,,12.0,,0.919,,,,,,,,,,,,,,,11.2,,30.0,,,,,,,,0.328,,10.3,17.3,,,,369.0,,2.45,76.4,,8.05,2.5,,Spices and Herbs,"Gluten-Free,Vegan,Vegetarian",6,Arbol chili,100.0,105.7,29.8,0.002,5.7
,,,6.6,,,,,294.0,,54.0,,3000.0,,43.1,0.61,,,370.0,9.3,12.5,1.6,,,,19.3,,,,100.0,,,,,,,,,6.7,,,,300.0,,,,,,,,,,,273.0,,0.65,,3.06,,,,,,,,,,,,,0.33,,371.0,,1345.0,,14.8,,0.28,,,,,,,,,,,,,,,13.9,,25.0,,,,,,,,0.17,,,25.1,,,,320.0,,0.04,10.7,,9.5,4.1,,Spices and Herbs,"Gluten-Free,Vegan,Vegetarian",6,Achiote,100.0,,,0.002,5.7
,,,5.43,,,,,1576.0,,64.42,,3230.0,,15.6,0.623,560.0,,306.0,1.549,4.091,2.76,,,,42.5,,274.0,274.0,274.0,,,,,,,,,36.8,,,,1898.0,,,,,,,,,,,189.0,,4.975,,6.4,,,,,,,,,,,,,0.92,,148.0,,1260.0,,9.0,,0.528,,,,,,,,,,,,,,,4.5,,25.0,,,,,,,,0.177,,4.16,10.25,,,,269.0,,0.283,5.0,,9.9,4.45,,Spices and Herbs,"Gluten-Free,Vegan,Vegetarian",6,Mexican oregano,100.0,621.7,7.24,,5.9
,,,,,,,,,,,,,,,,,,,,,,,,,,,,,,,,,,,,,,,,,,,,,,,,,,,,,,,,,,,,,,,,,,,,,,,,,,,,,,,,,,,,,,,,,,,,,,,,,,,,,,,,,,,,,,,,,,,,,,Spices and Herbs,"Gluten-Free,Vegan,Vegetarian",6,Avocado leaf (dried),100.0,770.6,3.89,,5.9
,,,5.43,,,,,1576.0,,64.42,,3230.0,,15.6,0.623,560.0,,306.0,1.549,4.091,2.76,,,,42.5,,274.0,274.0,274.0,,,,,,,,,36.8,,,,1898.0,,,,,,,,,,,189.0,,4.975,,6.4,,,,,,,,,,,,,0.92,,148.0,,1260.0,,9.0,,0.528,,,,,,,,,,,,,,,4.5,,25.0,,,,,,,,0.177,,4.16,10.25,,,,269.0,,0.283,5.0,,9.9,4.45,,Spices and Herbs,"Gluten-Free,Vegan,Vegetarian",6,Oregano (Yucatecan),100.0,621.7,7.24,,5.9
,,,4.18,,,,,198.0,,56.63,55.0,24706.0,,34.3,0.573,,,314.0,2.709,9.773,3.26,,,,29.8,,106.0,106.0,106.0,,,,,,,,,10.9,,,,5909.0,5361.0,,,,,,,,,,134.0,,2.144,,10.74,,,,,,,,,,,,,2.47,,280.0,,1965.0,,12.01,,0.926,,,,,,,,,,,,,,,13.9,,30.0,,,,,,,,0.328,,23.59,17.26,,,,2617.0,,3.336,76.4,,9.92,2.7,,Spices and Herbs,"Gluten-Free,Vegan,Vegetarian",6,Habanero chili (dried),100.0,124.6,29.81,0.002,5.7
,,,1.2,,,,,353.0,,75.8,,2110.0,,,0.6,,,370.0,0.2,0.7,0.4,,,,26.0,,90.0,,90.0,,,,,,,,,6.0,,,,180.0,,,,,,,,,,,384.0,,0.7,,3.0,,,,,,,,,,,,,,,230.0,,1378.0,,13.5,,0.2,,,,,,,,,,,,,,,0.7,,35.0,,,,,,,,0.08,,,1.8,,,,176.0,,0.3,3.0,,7.7,2.4,,Spices and Herbs,"Gluten-Free,Vegan,Vegetarian",6,Annatto seed,100.0,,,0.002,5.7
,,,16.2,,,,,294.0,,47.9,,18126.0,,105.7,0.528,,,314.0,1.55,6.09,1.95,,,,32.5,,,,106.0,,,,,,,,,12.6,,,,,,,,,,,,,,,150.0,,,,13.92,,,,,,,,,,,,,,,364.0,,1980.0,,12.04,,0.53,,,,,,,,,,,,,,,9.3,,77.0,,,,,,,,0.395,,,12.0,,,,1512.0,,3.73,10.1,,10.9,3.23,,Spices and Herbs,"Gluten-Free,Vegan,Vegetarian",6,Pasilla chili,100.0,23.3,3.59,0.002,5.7
,,,24.5,,,,,326.0,,42.4,,17590.0,,98.7,0.563,,,289.0,1.48,5.76,1.81,,,,34.2,,,,107.0,,,,,,,,,12.16,,,,,,,,,,,,,,,146.0,,,,13.56,,,,,,,,,,,,,,,321.0,,1950.0,,11.02,,0.477,,,,,,,,,,,,,,,9.4,,65.0,,,,,,,,0.402,,,11.21,,,,1466.0,,3.55,10.1,,10.9,3.2,,Spices and Herbs,"Gluten-Free,Vegan,Vegetarian",6,Chipotle chili,100.0,22.4,3.48,0.002,5.7
,,,10.0,,,,,2137.0,,60.3,,1770.0,,134.5,0.778,,,293.0,1.34,2.45,2.1,,,,29.8,,,,274.0,,,,,,,,,39.52,,,,399.0,,,,,,,,,,,332.0,,,,5.14,,,,,,,,,,,,,,,386.0,,1774.0,,13.91,,0.796,,,,,,,,,,,,,,,16.8,,39.0,,,,,,,,0.327,,,7.42,,,,148.0,,0.902,37.5,,8.4,4.19,,Spices and Herbs,"Gluten-Free,Vegan,Vegetarian",6,Herbes de Provence (fusion element),100.0,348.0,4.97,,6.0
,,,,,,,,,,,,,,,,,,,,,,,,,,,,,,,,,,,,,,,,,,,,,,,,,,,,,,,,,,,,,,,,,,,,,,,,,,,,,,,,,,,,,,,,,,,,,,,,,,,,,,,,,,,,,,,,,,,,,,Yeast breads,"Gluten-Free,Vegan,Vegetarian",6,Breadfruit leaf (dried),100.0,28.9,1.09,,6.0
,,,,,,,,156.0,,6.7,261.0,2893.0,,26.0,0.177,,,42.0,,,,,,,3.7,,108.0,108.0,108.0,,,,,,,,,2.22,,,,1590.0,,,,,,,,,,,47.0,,0.276,,0.817,,,,,,,,,,,,,0.096,,87.0,,600.0,,3.3,,0.463,,,,,,,,,,,,,,,0.7,,3.0,,,,,,,,0.155,,1.1,0.6,,,,241.0,,0.297,45.0,,87.7,0.44,,Spices and Herbs,"Gluten-Free,Vegan,Vegetarian",6,"Taro leaf (dried, aromatic)",100.0,10.8,2.27,,6.0
,,,10.9,,,,,2420.0,,47.9,,,,,,,,,,,,,,,16.9,,,,,,,,,,,,,14.5,,,,,,,,,,,,,,,433.0,,,,,,,,,,,,,,,,,,,,,1980.0,,21.6,,,,,,,,,,,,,,,,,,,17.5,,,,,,,,,,,2.7,,,,,,,17.5,,,2.1,,Spices and Herbs,"Gluten-Free,Vegan,Vegetarian",6,"Noni leaf (dried, traditional)",100.0,770.6,3.89,,5.9
,,,,,,,,840.0,,65.5,,146.0,,35.1,0.701,,,374.0,2.59,3.55,3.2,,,,31.8,,,,48.0,,,,,,,,,12.3,,,,,,,,,,,,,,,163.0,,17.5,,2.05,,,,,,,,,,,,,0.898,,198.0,,1020.0,,7.6,,0.203,,,,,,,,,,,,,,,3.2,,28.0,,,,,,,,0.169,,14.1,11.2,,,,12.0,,0.36,0.8,,7.3,2.47,,Spices and Herbs,"Gluten-Free,Vegan,Vegetarian",6,Ras el hanout spices (components),100.0,79.5,1.05,,6.2
,,,,,,,,317.0,,56.6,199.0,1851.0,,46.2,0.373,1162.0,,318.0,2.75,8.01,3.25,,,,27.2,,,,106.0,,,,,,,,,7.8,,,,2450.0,,,,,,,,,,,149.0,,3.9,,8.6,,,,,,,,,,,,,2.47,,293.0,,2010.0,,12.0,,0.919,,,,,,,,,,,,,,,11.4,,30.0,,,10.3,,,,,0.328,,10.3,17.3,,,,2081.0,,2.5,76.4,,8.05,2.48,,Spices and Herbs,"Gluten-Free,Vegan,Vegetarian",6,Piri-piri chili (dried),100.0,80.3,29.8,,6.0
,,,,,,,,,,,,,,,,,,,,,,,,,,,,,,,,,,,,,,,,,,,,,,,,,,,,,,,,,,,,,,,,,,,,,,,,,,,,,,,,,,,,,,,,,,,,,,,,,,,,,,,,,,,,,,,,,,,,,,Spices and Herbs,"Gluten-Free,Vegan,Vegetarian",6,Turmeric leaf (dried),100.0,770.6,3.89,,5.9
,,,,,,,,270.0,,35.0,,,,267.0,1.58,,,374.0,0.17,0.49,0.13,,,,15.7,,320.0,320.0,320.0,,0.04,,0.04,,,,,10.1,,,,,,,,,,,,,,,260.0,,2.7,,2.6,,,,,,,,,,,,,0.37,,610.0,,2230.0,,51.5,,0.28,,,,,,,,,,,,,,,17.5,,14.0,1.14,,10.1,,,,,0.9,,10.2,0.94,,,,,,0.4,,,8.16,4.14,Soybeans,Legumes and Legume Products,"Vegan,Vegetarian",6,Soybean fermented powder (dried),100.0,,,,6.0
,,,,,,,,405.0,,69.9,,1780.0,,,0.77,,,372.0,0.643,3.75,0.704,,,,35.8,,,,104.0,,,,,,,,,29.9,,,,,,,,,,,,,,,244.0,,10.1,,6.22,,,,,,,,,,,,,,,345.0,,1260.0,,12.7,,0.406,,,,,,,,,,,,,,,5.1,,31.0,,,6.12,,,,,0.334,,6.12,6.49,,,,148.0,,0.456,11.1,,7.88,2.13,,Spices and Herbs,"Gluten-Free,Vegan,Vegetarian",6,Timur (Sichuan pepper),100.0,21.6,11.8,0.002,5.7
,,,,,,,,,,55.0,,,,,,,,250.0,,,,,,,28.0,,,,,,,,,,,,,,,,,,,,,,,,,,,,,,,,,,,,,,,,,,,,,,,,,,,6.0,,,,,,,,,,,,,,,,,,,,,,,,,,,,,,2.5,,,,,,,,,8.0,,,Spices and Herbs,"Gluten-Free,Vegan,Vegetarian",6,Uda seed,100.0,56.3,10.22,0.002,5.7
,,,4.0,,,,,160.0,,17.0,,,,,,,,450.0,,,,,,,8.0,,,,,,,,,,,,,8.0,,,,,,,,,,,,,,,,,,,3.0,,,,,,,,,,,,,,,500.0,,800.0,,43.0,,0.3,,,,,,,,,,,,,,,,,,,,,,,,,0.4,,,27.0,,,,,,,,,5.0,,,Spices and Herbs,"Gluten-Free,Vegan,Vegetarian",6,Ogiri-spice aromatics (dried),100.0,56.3,10.22,0.002,5.7
,,,,,,,,238.0,,29.7,,,,,0.58,,,538.0,7.87,31.4,3.84,,,,17.4,,,,108.0,,,,,,,,,4.26,,,,,,,,,,,7.8,,,,371.0,,2.44,,2.05,11.1,19.3,,,,,,,,,,,,,601.0,,594.0,,19.9,,0.18,,,,,,,,,,,,,,,15.3,,10.0,,,3.62,,,,,0.199,,3.62,44.6,,,,,,0.18,,,5.8,3.55,,Nuts and seeds,"Gluten-Free,Vegan,Vegetarian",6,Perilla seed (dried),100.0,13.4,2.78,,6.5
,,,,,,,,,,44.1,,,,,,,,295.0,,,,,,,2.2,,,,,,,,,,,,,,,,,,,,,,,,,,,,,,,,,,,,,,,,,,,,,,,,,,,26.3,,,,,,,,,,,,,,,,,,,28800.0,,,,,,,,,,,,,,,,,,,,1.5,,Soybeans,Spices and Herbs,"Gluten-Free,Vegan,Vegetarian",6,Soy-based dried seasonings,100.0,0.5,0.07,,11.0
,,,,,,,,82.0,,72.3,,47.0,,,0.28,,,332.0,5.16,6.13,1.05,,,,36.4,,,,73.0,,,,,,,,,10.95,,,,,,,,,,,,,,,82.0,,0.69,,3.65,,,,,,,,,,,,,,,112.0,,805.0,,3.7,,0.17,,,,,,,,,,,,,,,1.0,,16.0,,,,,,,,0.49,,39.8,13.5,,,,4.0,,0.38,10.3,,7.33,0.95,,Spices and Herbs,"Gluten-Free,Vegan,Vegetarian",6,Juniper berry (dried),100.0,56.3,10.22,0.002,5.7
,,,8.91,,,,,1346.0,,50.64,,,,,0.584,,,292.0,,,,,,,26.7,,,,108.0,,,,,,,,,22.04,,,,,,,,,,,,,,,304.0,,6.845,,8.16,,,,,,,,,,,,,,,542.0,,3968.0,,26.63,,0.528,,,,,,,,,,,,,,,10.3,,160.0,,,,,,,,0.2,,7.21,5.5,,,,421.0,,0.9,120.0,,8.32,3.01,,Spices and Herbs,"Gluten-Free,Vegan,Vegetarian",6,Angelica leaf (dried),100.0,1640.0,3.89,,5.9
,,,,,,,,395.0,,57.3,,,,,,,,323.0,,,,,,,24.5,,,,,,,,,,,,,33.5,,,,,,,,,,,,,,,191.0,,1.3,,6.4,,,,,,,,,,,,,,,310.0,,1730.0,,23.0,,0.4,,,,,,,,,,,,,,,,,67.0,,,,,,,,0.366,,,6.4,,,,315.0,,0.6,3.0,,8.8,2.8,,Spices and Herbs,"Gluten-Free,Vegan,Vegetarian",6,Kasuri methi (dried fenugreek leaf),100.0,770.6,3.89,,5.9
0.158,,0.21,2.76,0.383,,,,100.0,,81.3,,1.0,,12.3,0.165,,0.038,348.0,0.235,1.62,0.23,,,,20.0,,38.0,38.0,38.0,,30.06,,30.04,0.638,0.158,0.088,,1.17,0.14,,0.254,17.0,,0.198,,,,,,,,,14.0,,0.231,0.05,0.297,,,,,,,,,,,,,0.528,0.164,140.0,,380.0,0.129,4.11,,0.05,,,,,,,,,,,,,,,1.2,0.177,18.0,,,,,,,,0.046,0.117,60.1,2.44,0.035,0.088,0.183,,,0.14,1.8,,9.39,1.09,,Spices and Herbs,"Gluten-Free,Vegan,Vegetarian",6,Dry pomegranate seed (anardana),100.0,16.4,0.49,0.002,5.7
1.018,,2.448,,2.99,143.0,,,269.0,5.0,21.55,,,,52.1,1.03,,0.174,579.0,31.55,12.32,3.8,,,,12.5,,44.0,44.0,,,,,,6.843,1.341,0.609,,3.72,0.828,,1.488,,,0.58,,,,,,,,,270.0,,2.18,0.208,3.618,,,,,,,,,,,,,0.469,1.164,481.0,159.0,733.0,1.018,21.15,,1.138,,,,,,,,,,,,,,,4.1,1.082,1.0,,5.0,,,,,,0.2,0.697,4.35,49.93,0.21,0.627,0.963,,,0.143,,,4.7,3.12,"Nuts,Nuts (almonds)",Nuts and seeds,"Gluten-Free,Vegan,Vegetarian",12,Almond powder (aromatic),100.0,,25.63,,6.4
,,,5.17,,,,,148.0,,56.6,,1624.0,,,0.38,,,318.0,3.21,9.77,3.25,,,,28.1,,,,100.0,,,,,,,,,7.8,,,,,,,,,,,,,,,152.0,,2.45,,8.7,,,,,,,,,,,,,,,293.0,,2010.0,,12.0,,0.92,,,,,,,,,,,,,,,10.3,,30.0,,,,,,,,0.33,,10.34,17.3,,,,1340.0,,2.76,76.4,,7.95,2.48,,Spices and Herbs,"Gluten-Free,Vegan,Vegetarian",6,Kashmiri chili powder,100.0,140.2,29.8,0.002,5.7
,,,4.0,,,,,65.0,,67.8,,,,,0.9,,,297.0,,,0.1,,,,15.6,,,,,,,,,,,,,26.6,,,,,,,,,,,,,,,280.0,,1.0,,0.7,,,,,,,,,,,,,,,50.0,,1130.0,,4.0,,0.03,,,,,,,,,,,,,,,4.7,,50.0,,,,,,,,0.05,,,1.1,,,,,,0.05,,,9.0,0.7,,Spices and Herbs,"Gluten-Free,Vegan,Vegetarian",6,Asafoetida (dried),100.0,,,0.002,5.7
,,,8.91,,,,,1346.0,,50.64,,,,,0.584,,,292.0,,,,,,,26.7,,,,108.0,,,,,,,,,22.04,,,,,,,,,,,,,,,304.0,,6.845,,8.16,,,,,,,,,,,,,,,542.0,,3968.0,,26.63,,0.528,,,,,,,,,,,,,,,10.3,,160.0,,,,,,,,0.2,,7.21,5.5,,,,421.0,,0.9,120.0,,8.32,3.01,,Spices and Herbs,"Gluten-Free,Vegan,Vegetarian",6,Culantro (dried),100.0,1640.0,3.89,,5.9
,,,8.91,,,,,1346.0,,50.64,,,,,0.584,,,292.0,,,,,,,26.7,,,,108.0,,,,,,,,,22.04,,,,,,,,,,,,,,,304.0,,6.845,,8.16,,,,,,,,,,,,,,,542.0,,3968.0,,26.63,,0.528,,,,,,,,,,,,,,,10.3,,160.0,,,,,,,,0.2,,7.21,5.5,,,,421.0,,0.9,120.0,,8.32,3.01,,Spices and Herbs,"Gluten-Free,Vegan,Vegetarian",6,Wild pepper leaf (dried),100.0,1640.0,3.89,,5.9
,,,5.17,,,,,148.0,,56.6,,1624.0,,,0.38,,,318.0,3.21,9.77,3.25,,,,28.1,,,,100.0,,,,,,,,,7.8,,,,,,,,,,,,,,,152.0,,2.45,,8.7,,,,,,,,,,,,,,,293.0,,2010.0,,12.0,,0.92,,,,,,,,,,,,,,,10.3,,30.0,,,,,,,,0.33,,10.34,17.3,,,,1340.0,,2.76,76.4,,7.95,2.48,,Spices and Herbs,"Gluten-Free,Vegan,Vegetarian",6,Aji amarillo (dried),100.0,140.2,29.8,0.002,5.7
,,,,,,,,296.0,,54.9,,1067.0,,55.4,0.385,,,282.0,2.68,7.08,2.45,,,,34.6,,105.0,,,,,,,,,,,15.6,,,,400.0,,,,,,,,,,,120.0,,2.05,,11.0,,,,,,,,,,,,,,,352.0,,1330.0,,13.5,,0.49,,,,,,,,,,,,,,,6.8,,64.0,,,,,,,,0.3,,10.3,13.9,,,,890.0,,1.51,0.6,,9.2,2.55,,Spices and Herbs,"Gluten-Free,Vegan,Vegetarian",6,Aji panca (dried),100.0,80.3,10.22,0.002,5.7
,,,,,,,,296.0,,54.9,,1067.0,,55.4,0.385,,,282.0,2.68,7.08,2.45,,,,34.6,,105.0,,,,,,,,,,,15.6,,,,400.0,,,,,,,,,,,120.0,,2.05,,11.0,,,,,,,,,,,,,,,352.0,,1330.0,,13.5,,0.49,,,,,,,,,,,,,,,6.8,,64.0,,,,,,,,0.3,,10.3,13.9,,,,890.0,,1.51,0.6,,9.2,2.55,,Spices and Herbs,"Gluten-Free,Vegan,Vegetarian",6,Aji mirasol (dried),100.0,80.3,10.22,0.002,5.7
,,,,,,,,296.0,,54.9,,1067.0,,55.4,0.385,,,282.0,2.68,7.08,2.45,,,,34.6,,105.0,,,,,,,,,,,15.6,,,,400.0,,,,,,,,,,,120.0,,2.05,,11.0,,,,,,,,,,,,,,,352.0,,1330.0,,13.5,,0.49,,,,,,,,,,,,,,,6.8,,64.0,,,,,,,,0.3,,10.3,13.9,,,,890.0,,1.51,0.6,,9.2,2.55,,Spices and Herbs,"Gluten-Free,Vegan,Vegetarian",6,Aji limo (dried),100.0,80.3,10.22,0.002,5.7
,,,,,,,,296.0,,54.9,,1067.0,,55.4,0.385,,,282.0,2.68,7.08,2.45,,,,34.6,,105.0,,,,,,,,,,,15.6,,,,400.0,,,,,,,,,,,120.0,,2.05,,11.0,,,,,,,,,,,,,,,352.0,,1330.0,,13.5,,0.49,,,,,,,,,,,,,,,6.8,,64.0,,,,,,,,0.3,,10.3,13.9,,,,890.0,,1.51,0.6,,9.2,2.55,,Spices and Herbs,"Gluten-Free,Vegan,Vegetarian",6,Aji rocoto (dried),100.0,80.3,10.22,0.002,5.7
,,,,,,,,296.0,,54.9,,1067.0,,55.4,0.385,,,282.0,2.68,7.08,2.45,,,,34.6,,105.0,,,,,,,,,,,15.6,,,,400.0,,,,,,,,,,,120.0,,2.05,,11.0,,,,,,,,,,,,,,,352.0,,1330.0,,13.5,,0.49,,,,,,,,,,,,,,,6.8,,64.0,,,,,,,,0.3,,10.3,13.9,,,,890.0,,1.51,0.6,,9.2,2.55,,Spices and Herbs,"Gluten-Free,Vegan,Vegetarian",6,Aji charapita (dried),100.0,80.3,10.22,0.002,5.7
0.76,,0.64,5.41,0.931,,,,148.0,,56.63,18.0,3074.0,,49.6,0.366,,0.14,318.0,2.16,9.89,3.26,,,,30.5,,108.0,108.0,108.0,,,,,1.677,0.556,0.334,,7.8,0.457,,0.65,3433.0,522.0,0.537,,,,,1.89,0.01,,,172.0,,0.916,0.198,9.29,9.79,0.1,,,,,,,,,,,2.52,0.413,293.0,,1620.0,0.505,12.01,,0.919,0.02,0.01,,0.02,,2.54,0.03,0.64,0.01,,,,,,10.9,0.538,30.0,,,,,,,,0.329,0.366,10.3,17.27,0.177,0.297,0.551,369.0,,2.45,76.4,,7.88,2.5,,Spices and Herbs,"Gluten-Free,Vegan,Vegetarian",6,Aji dulce (dried),100.0,105.7,29.83,0.002,5.7
,,,8.91,,,,,1346.0,,50.64,,,,,0.584,,,292.0,,,,,,,26.7,,,,108.0,,,,,,,,,22.04,,,,,,,,,,,,,,,304.0,,6.845,,8.16,,,,,,,,,,,,,,,542.0,,3968.0,,26.63,,0.528,,,,,,,,,,,,,,,10.3,,160.0,,,,,,,,0.2,,7.21,5.5,,,,421.0,,0.9,120.0,,8.32,3.01,,Spices and Herbs,"Gluten-Free,Vegan,Vegetarian",6,"Bijao leaf (aromatic, dried)",100.0,1640.0,10.7,,6.0
,,,3.0,,,,,30.0,,60.0,,1000.0,,,0.1,,,250.0,0.5,1.5,0.5,,,,7.0,,10.0,,10.0,,,,,,,,,1.0,,,,,,,,,,,,,,,20.0,,0.5,,0.5,,,,,,,,,,,,,,,50.0,,500.0,,5.5,,0.03,,,,,,,,,,,,,,,,,10.0,,,,,,,,0.05,,2.0,2.5,,,,100.0,,0.1,10000.0,,5.0,0.5,,Fruits and Fruit Juices,"Gluten-Free,Vegan,Vegetarian",6,Camu camu powder (aromatic),100.0,1.8,0.5,,6.0
0.76,,0.64,5.41,0.931,,,,148.0,,56.63,18.0,3074.0,,49.6,0.366,,0.14,318.0,2.16,9.89,3.26,,,,30.5,,108.0,108.0,108.0,,,,,1.677,0.556,0.334,,7.8,0.457,,0.65,3433.0,522.0,0.537,,,,,1.89,0.01,,,172.0,,0.916,0.198,9.29,9.79,0.1,,,,,,,,,,,2.52,0.413,293.0,,1620.0,0.505,12.01,,0.919,0.02,0.01,,0.02,,2.54,0.03,0.64,0.01,,,,,,10.9,0.538,30.0,,,,,,,,0.329,0.366,10.3,17.27,0.177,0.297,0.551,369.0,,2.45,76.4,,7.88,2.5,,Spices and Herbs,"Gluten-Free,Vegan,Vegetarian",6,Dried chili flakes,100.0,105.7,29.83,0.002,5.7
,,,28.6,,,,,700.0,,48.2,,240.0,,,0.2,,,200.0,0.1,0.3,0.1,,,,40.0,,100.0,,100.0,,,,,,,,,2.8,,,,,,,,,,,,,,,400.0,,0.3,,0.5,,,,,,,,,,,,,,,200.0,,8000.0,,12.5,,0.1,,,,,,,,,,,,,,,3.0,,2500.0,,,,,,,,0.05,,,0.7,,,,20.0,0.1,0.05,5.0,,10.0,0.5,,Spices and Herbs,"Gluten-Free,Vegan,Vegetarian",6,Kombu (dried),100.0,2.0,0.1,,6.0
2.14,,1.63,9.39,3.51,,22.9,,300.0,,47.9,,192.0,,,0.285,,0.38,269.0,0.587,1.15,0.908,,,,31.8,,100.0,100.0,100.0,,,,,5.25,1.62,0.63,,12.5,1.34,,2.05,5420.0,,1.69,,,0.007,,0.509,,,,328.0,,0.478,0.54,6.84,0.006,0.003,,,,,0.551,,,,0.537,,0.817,1.25,332.0,,2580.0,1.3,31.3,16.0,1.49,,,,,,0.758,,0.054,,,,,,,3.2,1.4,1010.0,,,,,,,,0.612,1.18,,3.79,0.38,0.96,1.57,16.0,0.5,0.247,39.3,,7.7,3.01,,Spices and Herbs,"Gluten-Free,Vegan,Vegetarian",6,Nori (dried),100.0,40.8,0.77,,6.0
0.444,,0.576,14.1,0.75,,6.7,,771.0,,60.1,,180.0,,,0.999,,0.177,269.0,1.55,3.44,1.05,,,,24.3,,48.0,48.0,48.0,,,,,1.76,0.395,0.231,,36.9,0.399,,0.697,820.0,,0.493,,,,,,,,,189.0,0.8,2.5,0.165,2.8,,,,,,,,,,,,,0.77,0.48,146.0,,1480.0,0.378,9.77,15.0,0.28,,,,,,,,,,,,,,,13.9,0.457,46.0,,,,,,,,0.158,0.399,0.8,7.61,0.088,0.28,0.551,15.0,,0.575,3.5,,8.36,3.01,,Spices and Herbs,"Gluten-Free,Vegan,Vegetarian",6,Five-spice components,100.0,63.8,3.99,,6.2
0.285,,0.354,28.5,0.485,,,,536.0,,51.5,,1800.0,,,0.316,,0.124,247.0,0.811,2.14,0.692,,,,15.3,,35.0,35.0,35.0,,,,,1.15,0.261,0.155,,10.4,0.252,,0.457,3600.0,,0.35,,,,,,,,,134.0,,1.06,0.096,1.83,,,,,,,,,,,,,0.613,0.33,150.0,,1120.0,0.244,6.46,150.0,0.211,,,,,,,,,,,,,,,5.5,0.279,6000.0,,,,,,,,0.134,0.254,0.4,5.09,0.063,0.179,0.36,150.0,,0.46,8.8,,8.5,1.63,,Spices and Herbs,"Gluten-Free,Vegan,Vegetarian",6,Adobo seasoning herbs,100.0,44.2,3.25,,6.2
0.381,,0.443,18.1,0.612,,,,1120.0,,61.3,,2880.0,,,0.761,,0.16,261.0,0.7,1.29,1.05,,,,36.3,,96.0,96.0,96.0,,,,,1.4,0.33,0.198,,26.2,0.361,,0.601,2490.0,,0.447,,,,,,,,,247.0,0.8,3.82,0.126,3.2,,,,,,,,,,,,,0.77,0.413,162.0,,1400.0,0.301,8.95,240.0,0.45,,,,,,,,,,,,,,,13.0,0.352,122.0,,,,,,,,0.21,0.339,0.8,4.29,0.084,0.23,0.454,240.0,,0.75,5.7,,7.37,1.63,,Spices and Herbs,"Gluten-Free,Vegan,Vegetarian",6,Sofrito herbs (dried variants),100.0,1500.0,8.6,,6.0
,,,9.9,,,,,150.0,,7.6,,,,,,,,37.0,,,,,,,6.9,,,,,,,,,,,,,9.0,,,,,,,,,,,,,,,,,,,,,,,,,,,,,,,,,,,,250.0,,1.6,,,,,,,,,,,,,,,,,,,20.0,,,,,,,,,,,0.6,,,,,,,14.0,,10.0,,,Spices and Herbs,"Gluten-Free,Vegan,Vegetarian",6,"Dried hibiscus (bissap, aromatic use)",100.0,770.6,3.89,,5.9
,,,4.4,,,,,120.0,,58.0,,,,,,,,350.0,,,,,,,25.0,,,,,,,,,,,,,12.0,,,,,,,,,,,,,,,150.0,,,,1.5,,,,,,,,,,,,,,,180.0,,1100.0,,8.5,,0.1,,,,,,,,,,,,,,,,,30.0,,,,,,,,0.1,,,10.0,,,,,,,15.0,,8.0,1.0,,Spices and Herbs,"Gluten-Free,Vegan,Vegetarian",6,African black pepper (Grains of Selim),100.0,56.3,10.22,0.002,5.7
,,,15.79,,,,,1141.0,,50.64,62.0,6360.0,,48.5,0.149,,,292.0,0.198,0.966,0.529,,,,26.7,,105.0,105.0,105.0,,,,,,,,,22.0,,,,8480.0,,,,,,,0.198,,,,244.0,,2.835,,8.4,0.485,0.481,,,,,,,,,,,0.852,,291.0,,3203.0,,26.47,,0.418,0.006,0.007,,0.034,,0.366,,0.106,0.004,,,,,,0.9,,452.0,12.72,,,,,,,0.207,,17.75,4.94,,,,536.0,,1.026,224.0,,2.16,3.59,,Spices and Herbs,"Gluten-Free,Vegan,Vegetarian",6,Dried parsley,100.0,1640.0,2.81,,5.9
,,,10.0,,,,,1890.0,,63.94,237.0,2856.0,,37.5,0.646,,,276.0,1.232,1.066,1.376,,,,37.7,,274.0,274.0,274.0,,,,,,,,,123.6,,,,2130.0,,,,,0.01,0.007,1.215,,,,220.0,,1.72,,4.91,0.852,0.214,,,,,,,,,,,0.407,,201.0,,814.0,,9.11,,0.471,0.01,0.01,,0.01,0.008,1.041,0.015,0.282,,,,,,,4.6,,55.0,1.7,,,,,,,0.05,,1.71,7.43,,,,252.0,,0.34,50.0,,7.52,6.1,,Spices and Herbs,"Gluten-Free,Vegan,Vegetarian",6,Dried thyme,100.0,1714.5,0.58,,5.9
,,,7.77,,,,,1652.0,,60.4,165.0,1978.0,,22.2,0.276,,,315.0,0.48,2.411,1.284,,,,40.3,,274.0,274.0,274.0,,,,,,,,,28.1,,,,1800.0,,,,,0.01,0.007,0.463,,,,428.0,,3.315,,5.72,1.859,0.552,,,,,,,,,,,0.686,,91.0,,1070.0,,10.63,,0.337,0.007,0.01,,0.015,,0.852,0.01,0.39,,,,,,,3.7,,11.0,1.69,,,,,,,0.075,,1.7,12.8,,,,165.0,,2.56,32.4,,9.9,1.06,,Spices and Herbs,"Gluten-Free,Vegan,Vegetarian",6,Dried sage,100.0,1714.5,7.48,,5.9
,,,7.52,,,,,664.0,,64.06,,,,15.0,0.301,,,331.0,1.232,2.441,1.491,,,,42.6,,109.0,109.0,109.0,,,,,,,,,29.2,,,,,,,,,0.01,0.007,1.215,,,,220.0,,1.0,,3.28,1.859,0.582,,,,,,,,,,,0.79,,119.0,,955.0,,4.88,,0.34,0.01,0.01,,0.01,0.008,1.041,0.015,0.282,,,,,,,5.5,,50.0,1.7,,,,,,,0.15,,1.71,15.22,,,,,,0.336,6.1,,8.32,3.23,,Spices and Herbs,"Gluten-Free,Vegan,Vegetarian",6,Dried rosemary,100.0,220.4,,,5.9
0.536,,0.505,12.98,1.346,,,,1990.0,,60.64,243.0,4850.0,,46.2,1.133,,0.124,271.0,1.491,1.94,0.49,,,,40.3,,274.0,274.0,274.0,,,,,1.05,0.47,0.28,,82.71,0.435,,0.707,1895.0,,0.613,,,,,,,,,346.0,,5.399,0.172,4.12,,,,,,,,,,,,,0.865,0.494,306.0,,1522.0,0.457,12.66,,0.316,,,,,,,,,,,,,,,4.5,0.491,77.0,,,,,,,,0.174,0.384,4.1,6.99,0.088,0.252,0.528,405.0,,1.19,51.4,,7.39,3.63,,Spices and Herbs,"Gluten-Free,Vegan,Vegetarian",6,Dried marjoram,100.0,621.7,1.69,,5.9
,,,5.99,,,,,148.0,,56.63,420.0,29630.0,,46.5,0.373,,,318.0,2.87,8.941,3.26,,,,27.2,,106.0,106.0,106.0,,,,,,,,,7.8,,,,1572.0,,,,,,,,,,,152.0,,3.999,,8.702,,,,,,,,,,,,,2.529,,293.0,,2014.0,,12.01,,0.919,,,,,,,,,,,,,,,9.3,,30.0,,,,,,,,0.328,,10.34,17.27,,,,4925.0,,2.45,76.4,,8.05,2.48,,Spices and Herbs,"Gluten-Free,Vegan,Vegetarian",6,Red chili powder (gochugaru),100.0,80.3,29.83,0.002,5.7
0.854,,2.656,4.24,1.674,353.0,,,60.0,120.0,18.06,,,,25.6,4.082,,0.35,597.0,20.354,23.361,7.749,,,,12.3,,97.0,97.0,97.0,,,,,3.518,1.055,0.499,,11.25,0.738,,1.341,,,0.596,,,,,20.256,,,,346.0,,2.214,0.528,5.378,22.753,0.499,,,,,,,,,,,0.05,0.957,574.0,714.0,442.0,0.738,16.96,,0.231,,,,,,4.909,,0.449,,,,,,,56.6,0.959,42.0,,10.0,,,,,,0.812,0.697,0.3,54.78,0.228,0.66,0.97,,,0.283,,,2.02,6.84,Sesame seeds,Nuts and seeds,"Gluten-Free,Vegan,Vegetarian",6,Ground sesame (aromatic),100.0,13.4,0.25,,6.5
,,,5.99,,,,,148.0,,56.63,420.0,29630.0,,46.5,0.373,,,318.0,2.87,8.941,3.26,,,,27.2,,106.0,106.0,106.0,,,,,,,,,7.8,,,,1572.0,,,,,,,,,,,152.0,,3.999,,8.702,,,,,,,,,,,,,2.529,,293.0,,2014.0,,12.01,,0.919,,,,,,,,,,,,,,,9.3,,30.0,,,,,,,,0.328,,10.34,17.27,,,,4925.0,,2.45,76.4,,8.05,2.48,,Spices and Herbs,"Gluten-Free,Vegan,Vegetarian",6,Aleppo pepper (dried),100.0,80.3,29.83,0.002,5.7
0.505,,0.443,9.21,1.055,,,,443.0,,64.81,,156.0,,11.2,0.695,,0.14,251.0,1.042,0.99,0.985,,,,25.3,,10.0,10.0,10.0,,,,,1.343,0.443,0.233,,9.71,0.413,,0.72,205.0,,0.536,,,,,,,,,194.0,,5.378,0.177,1.142,,,,,,,,,,,,,0.443,0.499,171.0,,1329.0,0.416,10.95,,0.13,,,,,,,,,,,,,,,3.1,0.508,20.0,,,,,,,,0.106,0.413,0.64,3.26,0.093,0.287,0.548,26.0,,0.34,,,11.77,1.41,,Spices and Herbs,"Gluten-Free,Vegan,Vegetarian",6,Sichuan peppercorn (dried),100.0,16.3,1.01,0.002,5.7
0.87,,1.48,2.2,2.1,,,,217.0,,16.5,,,,136.6,0.817,,0.22,212.0,2.503,5.567,1.956,,,,5.4,,104.0,104.0,104.0,,,,,3.6,0.84,0.54,,8.6,0.82,,1.34,,,1.15,,,,,2.455,,,,167.0,,1.399,0.24,0.7,4.887,0.68,,,,,,,,,,,0.316,0.87,274.0,,698.0,0.82,17.7,,0.3,,,,,,1.503,,0.453,,,,,,,8.0,0.99,7.0,,,,,,,,0.17,0.6,0.3,11.0,0.21,0.63,0.9,,0.11,0.23,1.0,,60.1,3.1,,Spices and Herbs,"Gluten-Free,Vegan,Vegetarian",6,Fermented black bean seasoning (dried),100.0,23.9,0.1,,6.0
,,,15.8,,,,,2240.0,,47.7,,5013.0,,43.6,0.697,,,233.0,0.547,1.838,0.816,,,,37.7,,274.0,274.0,274.0,,,,,,,,,89.8,,,,10400.0,,,,,,,0.528,,,,711.0,,7.76,,4.9,0.449,1.389,,,,,,,,,,,0.46,,321.0,,2630.0,,23.3,,1.25,,,,,,0.669,,0.038,,,,,,,3.1,,34.0,,,1.75,,,,,0.08,,1.75,3.9,,,,418.0,,1.34,61.2,,9.22,7.1,,Spices and Herbs,"Gluten-Free,Vegan,Vegetarian",6,"Basil (dried, Austronesian varieties)",100.0,1714.5,10.7,,6.0
,,,15.8,,,,,2240.0,,47.7,,5013.0,,43.6,0.697,,,233.0,0.547,1.838,0.816,,,,37.7,,274.0,274.0,274.0,,,,,,,,,89.8,,,,10400.0,,,,,,,0.528,,,,711.0,,7.76,,4.9,0.449,1.389,,,,,,,,,,,0.46,,321.0,,2630.0,,23.3,,1.25,,,,,,0.669,,0.038,,,,,,,3.1,,34.0,,,1.75,,,,,0.08,,1.75,3.9,,,,418.0,,1.34,61.2,,9.22,7.1,,Spices and Herbs,"Gluten-Free,Vegan,Vegetarian",6,Thai basil (dried),100.0,1714.5,10.7,,6.0
,,,2.8,,,,,502.0,,88.6,,,,16.9,0.355,,,381.0,0.08,0.51,0.22,,,,17.1,,64.0,64.0,64.0,,25.1,,11.5,,,,,10.3,,,,,,,,,,,0.07,,,,165.0,,1.3,,2.8,0.46,0.04,,,,,,,,,,,0.3,,310.0,,1090.0,,12.3,,0.4,,,,,,0.14,,0.01,,,,,,,1.2,,103.0,,,11.1,,,,,0.4,,47.7,1.2,,,,,,1.1,68.4,,5.1,2.3,,Spices and Herbs,"Gluten-Free,Vegan,Vegetarian",6,Dried shallot flakes,100.0,28.9,0.6,,6.0
,,,4.6,,,,,660.0,,58.1,,190.0,,42.6,0.613,,,325.0,2.53,6.27,1.83,,,,33.2,,78.0,78.0,78.0,,,,,,,,,55.4,,,,,,,,,,,2.47,,,,254.0,,3.7,,3.86,6.07,0.2,,,,,,,,,,,0.814,,367.0,,1170.0,,12.7,,0.384,,,,,,1.34,,0.28,,,,,,,10.6,,49.0,,,,,,,,0.106,,7.33,14.0,,,,16.0,,0.175,,,10.8,4.7,,Spices and Herbs,"Gluten-Free,Vegan,Vegetarian",6,Myanmar-style dried spices,100.0,99.4,2.7,,6.2
,,,,,,,,28.0,,15.0,,11.0,,,0.08,,,70.0,,,,,,,1.5,,,,18.0,,,,,,,,,0.6,,,,,,,,,,,,,,,20.0,,0.08,,0.3,,,,,,,,,,,,,,,29.0,,353.0,,1.2,,0.02,,,,,,,,,,,,,,,0.5,,6.0,,,,,,,,0.02,,,0.5,,,,1.0,,0.04,9.3,,81.3,0.12,,Spices and Herbs,"Gluten-Free,Vegan,Vegetarian",6,Dried galangal,100.0,56.3,10.22,0.002,5.7
,,,,,,,,11.0,,80.5,,,,,0.142,,,367.0,,,,,,,2.4,,4.0,4.0,,,,,,,,,,0.67,,,,,,,,,,,,,,,23.0,,0.758,,2.296,,,,,,,,,,,,,,,98.0,,98.0,,6.07,,0.027,,,,,,,,,,,,,,,11.9,,3.0,,,,,,,,0.174,,0.07,0.64,,,,,,0.165,,,11.2,0.77,Cereals containing gluten,Rice,"Vegan,Vegetarian",6,Sticky-rice roasted powder (aromatic),100.0,28.9,1.09,,6.0
,,,10.97,,26.0,,,1150.0,3.0,50.23,550.0,10100.0,,30.6,0.52,100.0,,292.0,0.94,2.45,0.65,,,,26.7,,152.0,152.0,,,,,,,,,,29.83,,,,10500.0,,,,,,,,,,,298.0,,3.65,,5.09,,,,,,,,,,,,,0.38,,328.0,30.0,2680.0,,26.63,,0.28,,,,,,,,,,,,,,,4.2,,462.0,,1.0,,,,,,0.12,,,4.8,,,,842.0,,0.89,104.9,,7.37,3.03,,Spices and Herbs,"Gluten-Free,Vegan,Vegetarian",6,Green seasoning herbs (dried variants),100.0,1640.0,6.8,,5.9
,,,1.8,,,,,134.0,,3.8,,3600.0,,,0.08,,,25.0,,,,,,,2.5,,10.0,10.0,,,,,,,,,,4.1,,,,286.0,,,,,,,,,,,58.0,,0.16,,0.6,,,,,,,,,,,,,,,38.0,,424.0,,2.2,,0.06,,,,,,,,,,,,,,,0.9,,42.0,,,,,,,,0.04,,,0.5,,,,300.0,,0.06,18.5,,91.8,0.8,,Spices and Herbs,"Gluten-Free,Vegan,Vegetarian",6,Chadon beni / culantro (dried),100.0,177.8,0.45,,5.9
,,,5.75,,,8.6,26.0,148.0,,56.63,,28551.0,,53.9,0.37,,,318.0,3.49,9.33,3.26,,,,30.5,,106.0,106.0,,,,,,,,,,7.8,,,,10565.0,2307.0,,,,,,,,,,139.0,,4.96,,8.7,,,,,,,,,,,,,2.5,,293.0,,2014.0,,12.01,,0.92,,,,,,,,,,,,,,,9.3,,30.0,,,,,,,,0.32,,10.34,17.29,,,,4768.0,,2.95,76.4,,8.05,2.48,,Spices and Herbs,"Gluten-Free,Vegan,Vegetarian",6,Harissa spices (dried components),100.0,80.3,29.8,0.002,5.7
0.053,,0.076,,0.143,14.0,0.4,,59.0,,14.2,,1000.0,,8.9,0.048,,0.011,61.0,0.02,0.11,0.05,,,,1.8,,48.0,48.0,48.0,,,,,0.14,0.042,0.025,,2.1,0.047,,0.076,,,0.078,,,,,0.02,,,,28.0,,0.481,0.012,0.4,0.05,0.06,,,,,,,,,,,0.089,0.045,35.0,14.0,180.0,0.039,1.5,,0.03,,,,,,0.046,,0.003,,,,,,,0.6,0.044,20.0,,,,,,,,0.06,0.046,3.9,0.3,0.015,0.029,0.064,83.0,,0.233,12.0,,90.5,0.12,,Vegetables and Vegetable Products,"Gluten-Free,Vegan,Vegetarian",6,Leek flakes (dried),100.0,47.0,1.0,,5.9
0.778,,0.672,20.6,1.258,,,,852.0,,47.9,,120.0,,,0.08,,0.144,190.0,0.44,1.41,0.77,,,,13.5,,,,198.0,,,,,1.625,0.547,0.229,,2.2,0.428,,0.771,,,0.781,,,,,0.44,,,,1070.0,,1.5,0.203,1.6,0.09,0.01,,,,,0.82,,,,0.38,,0.2,0.453,162.0,,5780.0,0.456,12.7,,0.35,,,,0.08,,0.63,,0.03,,,,,,,0.7,0.495,2600.0,,,,,,,,0.17,0.43,,3.2,0.125,0.288,0.548,10.0,,0.003,3.0,,15.6,0.45,,Spices and Herbs,"Gluten-Free,Vegan,Vegetarian",6,Seaweed flakes (dried),100.0,65.5,0.1,,6.0
,,,99.7,,,,,165.0,,,,,,,0.012,,,,,,,,,,,2.0,,,,,,,,,,,,0.45,,,,,,,,,,,,,,,112.0,,0.006,,,,,,,,,,,,,,,,,,,90.0,,,,,,,,,,,,,,,,,,,0.1,,38850.0,,,,,,,,,,,,,,,,,,,,,0.14,,Spices and Herbs,"Gluten-Free,Vegan,Vegetarian",6,Alaea red salt,100.0,,,,7.0
0.697,,0.742,12.4,1.134,,,,2000.0,,60.1,,3340.0,,,0.6,,0.126,285.0,0.12,1.76,0.8,,,,23.9,,,,274.0,,,,,1.166,0.654,0.286,,84.7,0.536,,0.963,,,0.825,,,,,0.09,,,,530.0,,18.2,0.231,6.8,0.9,0.78,,,,,,,,,,,0.94,0.587,150.0,,1900.0,0.511,13.9,,0.38,,,,,,0.53,,0.08,,,,,,,10.5,0.505,77.0,,,,,,,,0.26,0.463,,4.16,0.126,0.404,0.672,278.0,,0.48,11.8,,9.35,6.4,,Spices and Herbs,"Gluten-Free,Vegan,Vegetarian",6,Wild mint (dried),100.0,1640.0,,,5.9
0.047,,0.036,0.49,0.106,,,,28.0,,29.3,,,,6.1,0.088,,0.007,112.0,0.12,0.41,0.13,,,,3.2,,,,4.0,,10.27,,10.03,0.147,0.035,0.015,,0.52,0.038,,0.052,,,0.045,,,,,0.119,,,,12.0,,0.061,0.007,0.4,0.407,,,,,,,,,,,,0.081,0.028,24.0,,211.0,0.028,0.91,,0.04,,,,,,0.113,,0.012,,,,,,,0.1,0.031,2.0,,,,,,,,0.02,0.033,20.3,0.8,0.008,0.022,0.038,,,0.04,12.0,,68.1,0.16,,Fruits and Fruit Juices,"Gluten-Free,Vegan,Vegetarian",6,Chokecherry powder (aromatic),100.0,4.1,0.24,,3.6
,,,0.99,,,,,65.0,,25.3,,90.0,,10.9,0.266,,,99.0,0.085,0.237,0.065,,,,5.2,,75.0,75.0,75.0,,,,,,,,,5.2,,,,,,,,,0.009,,0.076,,,,60.0,,0.174,,2.4,0.22,0.017,,,,,,,,,,,0.08,,101.0,,494.0,,1.8,,0.135,,,,0.002,,0.047,,0.016,,,,,,,0.7,,6.0,,,,,,,,0.065,,3.0,0.49,,,,15.0,,0.08,2.6,,79.3,0.7,,Spices and Herbs,"Gluten-Free,Vegan,Vegetarian",6,Lemongrass leaf (not powder),100.0,,,,5.9
,,,2.1,,,,,462.0,,60.5,,150.0,,14.8,0.176,11.0,,269.0,0.07,0.33,0.22,,,,28.3,,10.0,10.0,10.0,,,,,,,,,1.6,,,,129.0,,,,,0.003,,0.063,,,,46.0,,0.35,,1.8,0.327,0.003,,,,,,,,,,,0.28,,107.0,,1004.0,,5.5,,0.06,0.006,0.006,,0.013,,0.147,,0.043,,,,,,,0.6,,37.0,,,,,,,,0.12,,17.5,2.5,,,,13.0,,0.11,100.0,,9.3,0.3,,Spices and Herbs,"Gluten-Free,Vegan,Vegetarian",6,Kaffir lime peel (dried zest),100.0,,0.8,0.002,5.7
,,,5.6,,,,,525.0,,58.2,,780.0,,33.7,0.52,100.0,,325.0,3.5,5.9,2.9,,,,33.2,,80.0,80.0,80.0,,,,,,,,,19.1,,,,560.0,,,0.01,,0.06,0.01,3.37,0.04,,,180.0,,4.2,,3.0,5.8,0.1,,,,,,,,,,,0.6,,367.0,,1160.0,,12.7,,0.24,0.01,0.01,,0.06,,1.99,,0.68,0.02,,,,,,12.9,,353.0,,,,,,,,0.17,,12.0,14.0,,,,65.0,,0.2,,,9.2,4.1,,Spices and Herbs,"Gluten-Free,Vegan,Vegetarian",6,Curry powder (as a blend — used worldwide),100.0,99.8,0.8,,6.2
,,,4.2,,,,,830.0,,55.0,,900.0,,,0.35,,,300.0,1.2,2.8,1.5,,,,20.0,,50.0,50.0,50.0,,,,,,,,,10.0,,,,,,,,,,,,,,,140.0,,0.9,,2.5,,,,,,,,,,,,,0.4,,100.0,,600.0,,6.5,,0.2,,,,,,,,,,,,,,,,,20.0,,,,,,,,0.1,,5.0,4.5,,,,150.0,,0.1,40.0,,10.0,0.7,,Spices and Herbs,"Gluten-Free,Vegan,Vegetarian",6,"Curry leaf powder (you included whole/dried, not powdered)",100.0,,1.5,,6.0
,,,4.2,,,,,834.0,,75.0,,1864.0,,15.2,0.23,,,313.0,1.6,2.4,2.3,,,,26.3,,100.0,100.0,100.0,,,,,,,,,43.0,,,,,,,,,0.063,,1.52,,,,120.0,,8.2,,2.0,2.3,0.1,,,,,,,,,,,0.4,,113.0,,529.0,,7.6,,0.42,,0.025,,0.05,,1.74,,0.48,,,,,,,2.8,,23.0,,,0.5,,,,,0.04,,0.5,8.4,,,,310.0,,1.7,46.5,,8.2,3.7,,Spices and Herbs,"Gluten-Free,Vegan,Vegetarian",6,Laurel powder (ground bay leaf),100.0,,,,6.0
,,,,,,,,242.0,,7.4,,2552.0,,9.9,0.22,,,32.0,0.06,0.2,0.09,,,,3.8,,215.0,215.0,215.0,,,,,,,,,4.1,,,,2355.0,,,,,,,,,,,85.0,,0.413,,1.1,,,,,,,,,,,,,,,57.0,,350.0,,3.29,,0.16,,,,,,,,,,,,,,,0.9,,31.0,,,,,,,,0.16,,0.65,0.52,,,,213.0,,0.15,38.0,,85.5,0.9,,Spices and Herbs,"Gluten-Free,Vegan,Vegetarian",6,"Epazote (Mexico, Central America)",100.0,300.0,0.27,,5.9
,,,1.5,,,,,250.0,,6.0,,300.0,,,,,,40.0,,,,,,,3.0,,,,,,,,,,,,,3.0,,,,,,,,,,,,,,,50.0,,,,0.5,,,,,,,,,,,,,,,30.0,,350.0,,2.0,,0.05,,,,,,,,,,,,,,,,,10.0,,,,,,,,0.05,,,0.5,,,,30.0,,,15.0,,85.0,,,Spices and Herbs,"Gluten-Free,Vegan,Vegetarian",6,Hoja santa (Mexico),100.0,770.6,3.89,,5.9
,,,7.6,,,,,115.3,,57.3,,,,,,,,,,,,,,,9.4,,,,,,,,,,,,,8.2,,,,,,,,,,,,,,,105.7,,,,,,,,,,,,,,,,,,,124.8,,1224.5,,10.7,,,,,,,,,,,,,,,,,,,11.2,,,,,,,,,,,4.5,,,,,,,,,10.5,1.2,,Spices and Herbs,"Gluten-Free,Vegan,Vegetarian",6,"Avocado leaf (dried, Mexico)",100.0,770.6,3.89,,5.9
,,,9.0,,,,,600.0,,60.0,,,,,,,,298.0,,,,,,,15.0,,,,,,,,,,,,,10.0,,,,,,,,,,,,,,,,,,,,,,,,,,,,,,,,,,,,1500.0,,15.0,,,,,,,,,,,,,,,,,,,50.0,,,,,,,,,,,4.0,,,,,,,5.0,,8.0,,,Spices and Herbs,"Gluten-Free,Vegan,Vegetarian",6,"Vietnamese coriander (rau răm, dried)",100.0,770.6,3.89,,5.9
,,,,,,,,232.0,,6.8,,3230.0,,13.9,0.13,,,40.0,0.08,0.13,0.16,,,,3.2,,108.0,108.0,108.0,,,,,,,,,3.4,,,,1200.0,,,,,,,,,,,77.0,,0.7,,1.8,,,,,,,,,,,,,,,61.0,,280.0,,2.94,,0.28,,,,,,,,,,,,,,,0.9,,11.0,,,,,,,,0.08,,0.7,0.62,,,,269.0,,0.16,51.0,,88.2,0.6,,Spices and Herbs,"Gluten-Free,Vegan,Vegetarian",6,"Shiso (Japanese perilla leaf, dried)",100.0,208.0,1.6,,5.9
,,,,,,,,1200.0,,59.8,,12000.0,,,,,,334.0,,,,,,,24.5,,,,,,,,,,,,,32.0,,,,,,,,,,,,,,,300.0,,,,4.0,,,,,,,,,,,,,,,500.0,,2400.0,,21.6,,0.7,,,,,,,,,,,,,,,,,250.0,,,,,,,,0.3,,,4.8,,,,,,,40.0,,,2.0,,Spices and Herbs,"Gluten-Free,Vegan,Vegetarian",6,"Yomogi (Japanese mugwort, dried)",100.0,770.6,2.0,,5.9
,,,6.52,,,,,1780.0,,42.5,,1.0,,46.1,0.52,,,401.0,15.3,4.63,2.33,,,,17.5,,280.0,,,,,,,,,,,44.0,,,,,,,,,,,,,,,260.0,,2.5,,4.1,,,,,,,,,,,,,,,543.0,,1390.0,,17.6,,0.44,,,,,,,,,,,,,,,34.1,,160.0,,,,,,,,0.43,,2.2,24.8,,,,,,0.4,8.4,,8.58,3.9,,Spices and Herbs,"Gluten-Free,Vegan,Vegetarian",6,"Lovage seed (you had lovage leaf, but not seed)",100.0,29.3,6.8,0.002,5.7
0.729,,0.655,5.92,1.488,,,26.6,313.0,,56.63,,26222.0,,53.6,0.374,,0.14,318.0,2.76,8.87,3.26,,,,30.5,,49.0,49.0,,,,,,1.549,0.495,0.288,,7.8,0.495,,0.817,632.0,,0.655,,,,,,,,,152.0,,3.974,0.177,8.701,,,,,,,,,,,,,2.497,0.542,293.0,,2014.0,0.419,12.01,,0.908,,,,,,,,,,,,,,,13.9,0.618,30.0,,,,,,,25.1,0.328,0.393,10.34,17.27,0.155,0.347,0.58,2185.0,,2.45,76.4,,8.05,2.48,,Spices and Herbs,"Gluten-Free,Vegan,Vegetarian",6,Chipotle chili (dried) smoked jalapeño),100.0,80.3,29.83,0.002,5.7
0.729,,0.655,5.92,1.488,,,26.6,313.0,,56.63,,26222.0,,53.6,0.374,,0.14,318.0,2.76,8.87,3.26,,,,30.5,,49.0,49.0,,,,,,1.549,0.495,0.288,,7.8,0.495,,0.817,632.0,,0.655,,,,,,,,,152.0,,3.974,0.177,8.701,,,,,,,,,,,,,2.497,0.542,293.0,,2014.0,0.419,12.01,,0.908,,,,,,,,,,,,,,,13.9,0.618,30.0,,,,,,,25.1,0.328,0.393,10.34,17.27,0.155,0.347,0.58,2185.0,,2.45,76.4,,8.05,2.48,,Spices and Herbs,"Gluten-Free,Vegan,Vegetarian",6,Chipotle chili (smoked),100.0,80.3,29.83,0.002,5.7
,,,,,,,,12.0,,6.64,10.0,782.0,,12.1,0.076,,,29.0,0.024,0.142,0.068,,,,2.8,,27.0,,,,,,,,,,,0.25,,,,409.0,,,,,,,,,,,15.0,,0.126,,1.159,,,,,,,,,,,,,,,26.0,,248.0,,1.25,,0.077,,,,,,,,,,,,,,,0.4,,3.0,,,4.12,,,,,0.04,,4.12,0.37,,,,74.0,,0.425,118.6,,91.68,0.14,,Vegetables and Vegetable Products,"Gluten-Free,Vegan,Vegetarian",6,Chipotle chili (jalapeño),100.0,18.5,0.69,,5.9
,,,,,,,,296.0,,56.6,,18000.0,,46.1,0.372,,,318.0,2.97,9.38,3.27,,,,34.8,,,,106.0,,,,,,,,,12.5,,,,,,,,,,,,,,,152.0,,3.99,,8.7,,,,,,,,,,,,,2.5,,293.0,,2010.0,,12.0,,0.919,,,,,,,,,,,,,,,13.9,,30.0,,,,,,,,0.328,,10.3,17.3,,,,1500.0,,2.45,76.4,,9.87,2.48,,Spices and Herbs,"Gluten-Free,Vegan,Vegetarian",6,Habanero powder,100.0,105.7,29.8,0.002,5.7
,,,,,,,,296.0,,56.6,,18000.0,,46.1,0.372,,,318.0,2.97,9.38,3.27,,,,34.8,,,,106.0,,,,,,,,,12.5,,,,,,,,,,,,,,,152.0,,3.99,,8.7,,,,,,,,,,,,,2.5,,293.0,,2010.0,,12.0,,0.919,,,,,,,,,,,,,,,13.9,,30.0,,,,,,,,0.328,,10.3,17.3,,,,1500.0,,2.45,76.4,,9.87,2.48,,Spices and Herbs,"Gluten-Free,Vegan,Vegetarian",6,Ghost pepper powder,100.0,105.7,29.8,0.002,5.7
,,,,,,,,148.0,,57.6,29.0,16100.0,,57.8,0.36,,,282.0,2.48,7.85,2.26,,,,34.6,,,,106.0,,,,,,,,,7.7,,,,,,,,,,,,,,,132.0,,2.21,,10.0,,,,,,,,,,,,,2.39,,254.0,,1750.0,,13.5,,0.49,,,,,,,,,,,,,,,13.7,,1640.0,,,,,,,,0.28,,10.3,13.9,,,,2340.0,,1.83,3.3,,11.2,2.47,,Spices and Herbs,"Gluten-Free,Vegan,Vegetarian",6,Thai prik bon,100.0,80.3,26.9,0.002,5.7
,,,,,,,,1000.0,,60.5,,,,,,,,372.0,,,,,,,20.0,,,,,,,,,,,,,20.0,,,,,,,,,,,,,,,,,,,,,,,,,,,,,,,,,,,,1200.0,,10.9,,,,,,,,,,,,,,,,,,,20.0,,,,,,,,,,,14.0,,,,15.0,,,20.0,,10.0,,,Spices and Herbs,"Gluten-Free,Vegan,Vegetarian",6,Green Sichuan pepper,100.0,56.3,10.22,0.002,5.7
,,,,,,,,430.0,,64.8,,,,11.3,0.69,,,251.0,0.99,0.28,1.39,,,,25.3,,,,10.0,,,,,,,,,11.2,,,,,,,,,,,,,,,194.0,,5.86,,1.14,,,,,,,,,,,,,0.61,,173.0,,1320.0,,10.9,,0.2,,,,,,,,,,,,,,,6.8,,20.0,,,,,,,,0.11,,0.37,3.26,,,,,,0.3,,,12.4,1.42,,Spices and Herbs,"Gluten-Free,Vegan,Vegetarian",6,Cubeb pepper,100.0,16.4,0.8,0.002,5.7
,,,,,,,,,,65.0,,,,,,,,350.0,,,,,,,20.0,,,,,,,,,,,,,,,,,,,,,,,,,,,,,,,,,,,,,,,,,,,,,,,,,,,10.0,,,,,,,,,,,,,,,,,,,,,,,,,,,,,,10.0,,,,,,,,,10.0,,,Spices and Herbs,"Gluten-Free,Vegan,Vegetarian",6,Grains of Paradise,100.0,56.3,10.22,0.002,5.7
,,,,,,,,,,60.0,,,,,,,,350.0,,,,,,,25.0,,,,,,,,,,,,,,,,,,,,,,,,,,,,,,,,,,,,,,,,,,,,,,,,,,,8.0,,,,,,,,,,,,,,,,,,,,,,,,,,,,,,12.0,,,,,,,,,10.0,,,Spices and Herbs,"Gluten-Free,Vegan,Vegetarian",6,Pink peppercorns,100.0,56.3,10.22,0.002,5.7
,,,,,,,,1525.0,,42.9,,,,,0.47,,,333.0,,,,,,,39.3,,,,,,,,,,,,,7.5,,,,,,,,,,,,,,,377.0,,2.3,,1.7,,,,,,,,,,,,,,,469.0,,1390.0,,15.9,,0.38,,,,,,,,,,,,,,,,,87.0,,,,,,,,0.26,,,26.1,,,,,,0.41,14.0,,7.7,4.8,,Spices and Herbs,"Gluten-Free,Vegan,Vegetarian",6,Ajwain seed,100.0,56.3,,0.002,5.7
,,,,,,,,,,,,,,,,,,,,,,,,,,,,,,,,,,,,,,,,,,,,,,,,,,,,,,,,,,,,,,,,,,,,,,,,,,,,,,,,,,,,,,,,,,,,,,,,,,,,,,,,,,,,,,,,,,,,,,Spices and Herbs,"Gluten-Free,Vegan,Vegetarian",6,Kalpasi / Dagad phool,100.0,56.3,10.22,0.002,5.7
,,,8.0,,,,,980.0,,62.5,,,,,,,,,,,,,,,10.5,,,,,,,,,,,,,11.2,,,,,,,,,,,,,,,210.0,,,,,,,,,,,,,,,,,,,,,850.0,,14.2,,,,,,,,,,,,,,,,,,,35.0,,,,,,,,,,,4.8,,,,,,,,,,,,Spices and Herbs,"Gluten-Free,Vegan,Vegetarian",6,Nigella leaf,100.0,770.6,3.89,,5.9
,,,,,,,,170.0,,,,,,,,,,50.0,,,,,,,2.7,,,,,,,,,,,,,3.5,,,,,,,,,,,,,,,,,,,,,,,,,,,,,,,,,,,,150.0,,3.1,,,,,,,,,,,,,,,,,,,,,,,,,,,,,,,,,,300.0,,,15.0,,85.0,,,Spices and Herbs,"Vegan,Vegetarian",6,Tamarind leaf,100.0,770.6,3.89,,5.9
0.142,,0.158,1.06,0.27,,,,118.0,,4.67,,4172.0,,29.5,0.088,,0.038,27.0,0.05,0.119,0.046,,,,3.2,,209.0,209.0,209.0,,0.21,,0.13,0.334,0.129,0.065,,1.64,0.106,,0.157,3892.0,,0.141,,,,,0.046,,,,32.0,,0.517,0.039,0.8,0.024,0.093,,,,,,,,,,,0.2,0.11,58.0,,384.0,0.109,2.86,,0.12,,,,,,0.036,,,,,,,,,1.3,0.108,20.0,,,0.8,,,,,0.08,0.102,1.16,0.32,0.036,0.07,0.13,348.0,,0.18,70.0,,90.9,0.3,Mustard,Vegetables and Vegetable Products,"Vegan,Vegetarian",6,Mustard leaf powder,100.0,496.3,0.9,,6.0
,,,4.5,,170.0,,,160.0,,52.0,,140.0,,,0.7,,,345.0,6.0,9.0,1.5,,,,11.0,,,,100.0,,,,,,,,,18.5,,,,,,,,,,,5.8,,,,250.0,,2.5,,5.7,8.9,,,,,,,,,,,,0.6,,541.0,250.0,1700.0,,17.8,,0.1,,,,,,1.1,,0.3,,,,,,,20.0,,88.0,,60.0,,,,,,0.3,,2.25,15.0,,,,12.0,,0.5,7.7,,7.9,4.5,,Spices and Herbs,"Vegan,Vegetarian",6,Kala jeera,100.0,56.3,0.3,0.002,5.7
,,,3.5,,,,,290.0,,26.7,,4320.0,,,0.7,,,454.0,11.5,17.5,2.5,,,,7.6,,,,80.0,,,,,,,,,13.0,,,,,,,,,,,11.0,,,,370.0,,1.6,,2.5,8.0,9.0,,,,,,,,,,,0.4,,500.0,,1400.0,,28.5,,0.3,,,,,,2.0,,0.4,,,,,,,8.5,,14.0,,,,,,,,0.6,,0.8,31.2,,,,360.0,,0.3,29.0,,8.5,5.6,,Nuts and seeds,"Vegan,Vegetarian",6,Garden cress seed,100.0,65.0,0.7,,6.5
,,,,,,,,,,,,,,,,,,,,,,,,,,,,,,,,,,,,,,,,,,,,,,,,,,,,,,,,,,,,,,,,,,,,,,,,,,,,,,,,,,,,,,,,,,,,,,,,,,,,,,,,,,,,,,,,,,,,,,Spices and Herbs,"Gluten-Free,Vegan,Vegetarian",6,Orris root,100.0,7.3,0.79,,6.0
,,,,,,,,150.0,,80.0,,,,,0.2,,,350.0,,,,,,,8.0,,,,,,,,,,,,,5.0,,,,,,,,,,,,,,,50.0,,0.3,,,,,,,,,,,,,,,,,50.0,,700.0,,2.0,,,,,,,,,,,,,,,,,1.0,,10.0,,,,,,,,,,60.0,0.5,,,,,,,,,10.0,0.5,,Spices and Herbs,"Gluten-Free,Vegan,Vegetarian",6,Licorice root,100.0,770.6,3.89,,5.9
,,,,,,,,134.0,,13.9,,10.0,,8.2,0.04,,,47.0,0.01,0.08,0.03,,,,10.6,,11.0,,11.0,,,,,,,,,0.54,,,,1.0,,,,,,,0.01,,,,11.0,,0.045,,0.1,0.05,0.02,,,,,,,,,,,,,11.0,,160.0,,1.5,,0.07,,,,,,0.02,,0.01,,,,,,,0.7,,6.0,,,,,,,,0.06,,3.16,0.3,,,,1.0,,0.08,129.0,,81.65,0.08,,Fruits and Fruit Juices,"Gluten-Free,Vegan,Vegetarian",6,Lime peel,100.0,6.8,0.15,,6.0
,,,,,,,,134.0,,13.9,,10.0,,8.2,0.04,,,47.0,0.01,0.08,0.03,,,,10.6,,11.0,,11.0,,,,,,,,,0.54,,,,1.0,,,,,,,0.01,,,,11.0,,0.045,,0.1,0.05,0.02,,,,,,,,,,,,,11.0,,160.0,,1.5,,0.07,,,,,,0.02,,0.01,,,,,,,0.7,,6.0,,,,,,,,0.06,,3.16,0.3,,,,1.0,,0.08,129.0,,81.65,0.08,,Fruits and Fruit Juices,"Gluten-Free,Vegan,Vegetarian",6,Bergamot peel,100.0,6.8,0.15,,6.0
,,,,,,,,30.0,,1.0,,,,,,,,15.0,,,,,,,0.5,,,,,,,,,,,,,0.5,,,,,,,,,,,,,,,10.0,,,,,,,,,,,,,,,,,,,,,50.0,,0.5,,,,,,,,,,,,,,,,,,,5.0,,,,,,,,,,0.5,0.1,,,,,,,10.0,,95.0,,,Not included in a food category,"Gluten-Free,Vegan,Vegetarian",6,Rose petal,100.0,28.9,1.09,,6.0
,,,,,,,,300.0,,10.0,,,,,,,,150.0,,,,,,,5.0,,,,,,,,,,,,,5.0,,,,,,,,,,,,,,,100.0,,,,,,,,,,,,,,,,,,,,,500.0,,5.0,,,,,,,,,,,,,,,,,,,50.0,,,,,,,,,,5.0,1.0,,,,,,,10.0,,5.0,,,Spices and Herbs,"Gluten-Free,Vegan,Vegetarian",6,Rose powder,100.0,28.9,1.09,,6.0
,,,,,,,,,,,,,,,,,,,,,,,,,,,,,,,,,,,,,,,,,,,,,,,,,,,,,,,,,,,,,,,,,,,,,,,,,,,,,,,,,,,,,,,,,,,,,,,,,,,,,,,,,,,,,,,,,,,,,,Not included in a food category,"Gluten-Free,Vegan,Vegetarian",6,Jasmine blossom,100.0,28.9,1.09,,6.0
,,,,,,,,,,,,,,,,,,,,,,,,,,,,,,,,,,,,,,,,,,,,,,,,,,,,,,,,,,,,,,,,,,,,,,,,,,,,,,,,,,,,,,,,,,,,,,,,,,,,,,,,,,,,,,,,,,,,,,Not included in a food category,"Gluten-Free,Vegan,Vegetarian",6,Osmanthus flower,100.0,28.9,1.09,,6.0
,,,,,,,,,,,,,,,,,,,,,,,,,,,,,,,,,,,,,,,,,,,,,,,,,,,,,,,,,,,,,,,,,,,,,,,,,,,,,,,,,,,,,,,,,,,,,,,,,,,,,,,,,,,,,,,,,,,,,,Not included in a food category,"Gluten-Free,Vegan,Vegetarian",6,Chrysanthemum flower,100.0,28.9,1.09,,6.0
,,,,,,,,130.0,,14.6,,500.0,,,,,,73.1,,,,,,,2.4,,,,,,,,,,,,,4.6,,,,,,,,,,,,,,,27.0,,,,,,,,,,,,,,,,,,,27.0,,290.0,,2.1,,,,,,,,,,,,,,,,,,,8.0,,,,,,,,,,,0.7,,,,,,,20.0,,78.4,0.1,,Spices and Herbs,"Gluten-Free,Vegan,Vegetarian",6,Soursop leaf,100.0,28.9,1.09,,6.0
,,,7.0,,,,,900.0,,55.0,,,,,,,,300.0,,,,,,,12.5,,,,,,,,,,,,,15.0,,,,,,,,,,,,,,,150.0,,,,,,,,,,,,,,,,,,,175.0,,1250.0,,12.0,,,,,,,,,,,,,,,,,,,15.0,,,,,,,,,,,3.5,,,,,,,40.0,,10.0,2.0,,Spices and Herbs,"Gluten-Free,Vegan,Vegetarian",6,Guava leaf,100.0,28.9,1.09,,6.0
,,,90.0,,,,,1200.0,,,,,,,,,,,,,,,,,,,,,,,,,,,,,,20.0,,,,,,,,,,,,,,,500.0,,,,,,,,,,,,,,,,,,,150.0,,10000.0,,,,,,,,,,,,,,,,,,,,,500.0,,,,,,,,,,,,,,,,,,,,,,,Spices and Herbs,"Gluten-Free,Vegan,Vegetarian",6,Banana leaf ash seasoning,100.0,0.5,0.07,,11.0
,,,85.0,,,,,1000.0,,,,,,,,,,,,,,,,,,,,,,,,,,,,,,15.0,,,,,,,,,,,,,,,400.0,,,,,,,,,,,,,,,,,,,120.0,,8000.0,,,,,,,,,,,,,,,,,,,,,400.0,,,,,,,,,,,,,,,,,,,,,,,Spices and Herbs,"Gluten-Free,Vegan,Vegetarian",6,Breadfruit leaf seasoning,100.0,0.5,0.07,,11.0
,,,,,,,,,,,,,,,,,,,,,,,,,,,,,,,,,,,,,,,,,,,,,,,,,,,,,,,,,,,,,,,,,,,,,,,,,,,,,,,,,,,,,,,,,,,,,,,,,,,,,,,,,,,,,,,,,,,,,,Spices and Herbs,"Gluten-Free,Vegan,Vegetarian",6,Kava leaf,100.0,28.9,1.09,,6.0
,,,2.8,,,,,27.0,,77.5,,60.0,,,0.1,,,330.0,0.05,0.1,0.03,,,,15.0,,10.0,10.0,10.0,,3.5,,3.5,,,,,1.2,,,,100.0,,,,,,,0.05,,,,25.0,,0.2,,0.5,0.08,0.02,,,,,,,,,,,0.3,,40.0,,350.0,,2.0,,0.05,,,,,,0.02,,0.01,,,,,,,,,5.0,,,,,,,,0.05,,7.0,0.5,,,,6.0,,0.1,30.0,,10.0,0.2,,Fruits and Fruit Juices,"Gluten-Free,Vegan,Vegetarian",6,Pandanus fruit powder,100.0,28.9,0.1,,6.0
1.7,,1.4,8.0,2.8,,,,30.0,,39.0,,,,,1.2,,0.3,280.0,1.0,2.5,0.5,,,,17.0,,100.0,100.0,100.0,,,,,4.5,1.2,0.6,,6.0,1.0,,1.8,,,1.6,,,,,1.0,,,,120.0,,1.5,0.4,25.0,2.0,0.5,,,,,,,,,,,2.5,1.0,600.0,,2500.0,0.8,28.0,,1.5,,,,,,0.3,,0.2,,,,,,,25.0,1.1,70.0,,,,,,,,0.7,1.0,,6.0,0.2,0.9,1.3,,0.1,0.3,,10.0,10.0,6.0,,Spices and Herbs,"Vegan,Vegetarian",6,Porcini powder,100.0,0.5,0.1,0.002,5.7
0.457,,0.528,3.82,1.11,,,,11.0,,70.8,,,,53.6,0.547,,0.088,296.0,0.024,0.529,0.178,,,,11.5,,163.0,163.0,163.0,,,,,1.54,0.418,0.222,,1.94,0.35,,0.551,,,0.52,,,0.007,,0.017,,,,64.0,,0.775,0.126,10.3,0.49,0.039,,,,,,,,,,,1.3,0.362,269.0,,1120.0,0.375,9.58,,1.27,,,,0.003,,0.138,,0.033,,,,,,,35.8,0.46,13.0,,,2.38,,,,,0.05,0.367,2.38,1.0,0.113,0.245,0.489,,,0.2,0.6,0.4,6.8,1.15,,Spices and Herbs,"Gluten-Free,Vegan,Vegetarian",6,Shiitake mushroom powder,100.0,56.3,0.09,0.002,5.7
,,,,,,,,11.0,,4.19,,,,17.3,0.345,,,27.0,,,,,,,2.5,,,,29.0,,,,,,,,,0.54,,,,,,,,,,,,,,,11.0,,0.14,,3.607,,,,,,,,,,,,,1.493,,95.0,,356.0,,2.95,,0.402,,,,,,,,,,,,,,,1.1,,3.0,,,,,,,,0.081,,0.74,0.35,,,,,,0.104,,0.2,91.1,0.55,,Vegetables and Vegetable Products,"Gluten-Free,Vegan,Vegetarian",6,Matsutake powder,100.0,0.1,1.09,,6.0
,,,6.0,,,,,110.0,,49.3,,,,46.0,0.11,,,269.0,0.03,0.1,0.09,,,,6.8,,55.0,,55.0,,,,,,,,,1.1,,,,,,,,,,,,,,,60.0,,0.4,,1.3,,,,,,,,,,,,,0.59,,120.0,,920.0,,17.5,,0.1,,,,,,,,,,,,,,,3.5,,20.0,,,,,,,,0.08,,28.1,0.3,,,,,,1.2,14.0,,27.2,0.7,,Spices and Herbs,"Gluten-Free,Vegan,Vegetarian",6,Black garlic powder,100.0,56.3,10.22,0.002,5.7
,,,23.86,,,,,160.0,,,,,103.0,150.3,0.169,,,290.0,0.697,1.257,0.692,,,,,,,,10.0,,,,,,,,,1.25,,,,,,,,,,,,,,,193.0,,,,7.7,,,,,,,,,,,,,,,600.0,,1400.0,,62.82,10.0,0.26,,,,,,,,,,,,,,,46.9,,8000.0,,,,,,,,0.08,,,3.32,,,,10.0,3.2,0.2,,1.7,10.0,3.8,Fish,Fish,,6,Dried fish powder,100.0,28.9,0.82,,6.0
3.5,,3.6,28.8,5.4,,,,260.0,,1.1,,,550.0,220.0,2.4,,0.6,269.0,0.5,1.1,1.1,,,,,,20.0,20.0,20.0,,,,,8.3,2.7,1.1,,6.8,2.2,,3.6,,,3.9,0.007,,0.08,0.003,0.35,0.02,0.001,,100.0,,0.2,1.6,3.5,0.2,0.06,0.02,0.01,0.01,0.1,0.2,,,0.1,0.4,,1.4,1.8,770.0,,820.0,2.2,57.6,20.0,0.2,,0.003,,0.2,,0.7,,0.2,,,,,,,110.0,2.1,5300.0,,,,,,,,0.05,2.0,,3.2,0.6,1.5,2.4,20.0,2.5,0.4,,0.5,9.3,3.6,"Crustaceans,Fish",Spices and Herbs,Pescatarian,6,Dried shrimp powder,100.0,0.1,0.9,0.002,5.7
,,,3.72,,,,,10.0,,,,,104.0,,0.046,,,336.0,0.985,0.589,1.006,,,,,,5.0,5.0,5.0,,,,,,,,,1.2,,,,,,,,,0.199,,0.786,,,,93.0,,0.009,,15.6,0.045,0.061,,,,0.052,0.102,,,0.065,0.264,,0.3,,509.0,,830.0,,75.3,5.0,0.05,,,,0.334,,0.472,,0.126,0.038,,,,,,65.4,,686.0,,,,,,,,0.02,,,2.98,,,,5.0,1.25,0.99,,,18.0,0.96,Fish,Spices and Herbs,"Keto,Paleo",6,Bonito flakes powder,100.0,28.9,0.28,,6.0
,,,10.32,,,,,2320.0,,1.09,,,260.0,,0.362,,,350.0,3.23,3.1,2.33,,,,,,15.0,15.0,15.0,,,,,,,,,14.1,,,,,,,,,0.716,,2.04,0.195,,,151.0,,0.165,,13.0,0.164,0.222,,0.089,0.266,0.163,0.999,,,0.41,0.787,,0.39,,1550.0,,1700.0,,63.5,18.0,0.45,,0.024,,0.565,0.088,1.08,0.084,0.419,0.04,0.027,,,,,130.0,,11200.0,,,,,,,,0.07,,,9.39,,,,18.0,5.2,0.44,,7.1,15.7,5.67,Fish,Spices and Herbs,"Keto,Paleo",6,Anchovy powder,100.0,28.9,0.64,,6.0
,0.1,,12.09,,,,,57.0,,26.6,,,,,0.165,,,198.0,1.341,3.178,0.867,,,,5.4,,73.0,73.0,73.0,,2.71,,1.36,,,,,2.7,,,,,,,,,0.024,,1.309,,,,80.0,0.03,0.597,,0.9,2.776,0.402,,,,,,,,,,,0.3,,187.0,,210.0,,11.6,,0.22,,,,0.016,,0.687,,0.144,,,,,,,8.5,,3730.0,9.84,,1.97,,,,,0.17,,6.07,6.01,,,,,,0.2,,,43.8,0.98,Soybeans,Legumes and Legume Products,"Vegan,Vegetarian",6,Miso powder,100.0,3.2,0.01,,6.0
,,,3.12,,,,,33.0,,2.91,12.0,695.0,,,0.021,18.0,,18.0,0.052,0.219,0.076,,,,1.6,,32.0,32.0,32.0,,,,,,,,,0.44,,,,68.0,,,,,0.007,,0.038,,,,16.0,,0.141,,0.8,0.143,0.076,,,,,,,,,,,0.09,,23.0,,250.0,,1.55,,0.07,,,,0.001,,0.065,,0.007,,,,,,,0.4,,654.0,,,,,,,,0.03,,1.4,0.51,,,,58.0,0.05,0.207,11.5,,92.4,0.21,"Crustaceans,Fish,Soybeans",Vegetables and Vegetable Products,"Vegan,Vegetarian",6,Kimchi powder,100.0,45.7,0.07,,6.0
,,,35.0,,,,,700.0,,50.0,,200.0,,,0.15,,,250.0,,,,,,,30.0,,180.0,180.0,180.0,,,,,,,,,12.0,,,,,,,,,,,,,,,1200.0,,0.5,,1.0,,,,,,,,,,,,,,,240.0,,9000.0,,10.0,,0.2,,,,,,,,,,,,,,,0.1,,2500.0,,,,,,,,0.05,,,1.5,,,,17.0,,0.1,30.0,,8.0,2.5,,Spices and Herbs,"Paleo,Vegan,Vegetarian",6,Kombu granules,100.0,60.0,1.0,,6.0
1.95,,1.74,8.9,2.9,,,,138.0,,44.3,,3900.0,,,0.13,,0.46,302.0,0.12,0.05,0.07,,,,6.4,,145.0,145.0,145.0,,,,,4.26,1.7,0.7,,3.3,1.26,,2.08,390.0,,1.57,,,0.03,,0.08,,,,290.0,,0.29,0.57,5.0,0.03,0.02,,,,,,,,,,,0.97,1.37,220.0,,2000.0,1.43,34.6,,0.91,,,,0.01,,0.05,,,,,,,,,4.0,1.35,1300.0,,,,,,,,0.39,1.27,0.6,0.3,0.42,0.88,1.57,390.0,0.2,0.02,21.0,,11.9,3.3,,Spices and Herbs,"Vegan,Vegetarian",6,Nori flakes,100.0,66.0,0.1,,6.0
,,,15.3,,,,,981.0,,44.4,,31.0,,,0.09,,,275.0,,,,,,,34.0,,,,,,,,,,,,,11.2,,,,,,,,,,,,,,,850.0,,1.4,,0.5,,,,,,,,,,,,,,,260.0,,1600.0,,18.6,,,,,,,,,,,,,,,,,0.7,,2500.0,,,,,,,,0.04,,,1.0,,,,3.0,,,1.4,,10.6,1.8,,Spices and Herbs,"Vegan,Vegetarian",6,Dried sea lettuce,100.0,45.8,0.64,,6.0
,,,,,,,,,,,,,,,,,,,,,,,,,,,,,,,,,,,,,,,,,,,,,,,,,,,,,,,,,,,,,,,,,,,,,,,,,,,,,,,,,,,,,,,,,,,,,,,,,,,,,,,,,,,,,,,,,,,,,,Spices and Herbs,"Gluten-Free,Vegan,Vegetarian",6,Baharat,100.0,89.5,4.41,,6.2
,,,,,,,,,,,,,,,,,,,,,,,,,,,,,,,,,,,,,,,,,,,,,,,,,,,,,,,,,,,,,,,,,,,,,,,,,,,,,,,,,,,,,,,,,,,,,,,,,,,,,,,,,,,,,,,,,,,,,,Spices and Herbs,"Gluten-Free,Vegan,Vegetarian",6,Advieh,100.0,89.5,4.41,,6.2
,,,6.5,,,,,450.0,,65.0,,500.0,,30.0,0.4,,,320.0,2.0,2.5,1.0,,,,30.0,,40.0,,40.0,,,,,,,,,18.0,,,,100.0,,,,,,,,,,,160.0,,2.5,,5.0,,,,,,,,,,,,,0.5,,250.0,,1100.0,,9.0,,0.2,,,,,,,,,,,,,,,3.5,,5000.0,,,,,,,,0.25,,5.0,6.0,,,,50.0,,0.5,10.0,,8.0,2.0,,Spices and Herbs,"Gluten-Free,Vegan,Vegetarian",6,Hawayij,100.0,25.0,1.0,,6.2
,,,,,,,,1100.0,,40.0,,,,,1.0,,,500.0,10.0,15.0,4.0,,,,15.0,,,,200.0,,,,,,,,,40.0,,,,,,,,,,,,,,,250.0,,2.0,,5.0,,,,,,,,,,,,,,,600.0,,1500.0,,25.0,,0.5,,,,,,,,,,,,,,,10.0,,60.0,,,,,,,,0.5,,1.5,30.0,,,,400.0,,0.5,10.0,,5.0,5.0,,Spices and Herbs,"Gluten-Free,Vegan,Vegetarian",6,Za’atar,100.0,1000.0,10.0,,6.2
,,,,,,,,750.0,,55.0,,,,,0.8,,,380.0,1.5,7.5,0.8,,,,30.0,,,,150.0,,,,,,,,,25.0,,,,,,,,,,,,,,,250.0,,7.0,,2.5,,,,,,,,,,,,,,,250.0,,1200.0,,12.0,,0.25,,,,,,,,,,,,,,,7.0,,75.0,,,,,,,,0.15,,3.5,12.0,,,,30.0,,0.4,3.0,,7.0,3.0,,Spices and Herbs,"Gluten-Free,Vegan,Vegetarian",6,Chinese five-spice,100.0,35.0,1.5,,6.2
,,,7.1,,,,,392.0,,68.3,,549.0,,29.8,0.32,,,341.0,,,,,,,28.5,,36.0,,36.0,,,,,,,,,16.7,,,,125.0,,,,,,,,,,,154.0,,2.45,,4.8,,,,,,,,,,,,,,,200.0,,1110.0,,8.9,,0.19,,,,,,,,,,,,,,,3.5,,5120.0,,,,,,,,0.28,,12.0,6.4,,,,50.0,,0.54,12.3,,9.3,2.34,,Spices and Herbs,"Gluten-Free,Vegan,Vegetarian",6,Jerk seasoning,100.0,24.5,4.41,,6.2
,,,17.3,,,,,457.0,,59.9,,1000.0,,35.0,0.45,,,300.0,,,,,,,24.1,,40.0,,40.0,,,,,,,,,19.5,,,,200.0,,,,,,,,,,,158.0,,3.1,,5.2,,,,,,,,,,,,,,,260.0,,1040.0,,9.9,,0.18,,,,,,,,,,,,,,,4.0,,7000.0,,,,,,,,0.25,,5.0,4.9,,,,100.0,,0.6,15.0,,8.0,2.2,,Spices and Herbs,"Gluten-Free,Vegan,Vegetarian",6,Cajun seasoning,100.0,30.0,4.41,,6.2
