fdc_id,name,food_category_id,allergens,diets,min_age_months,max_age_months
167512,"Pillsbury Golden Layer Buttermilk Biscuits, Artificial Flavor, refrigerated dough",18,"Cereals containing gluten,Milk",Vegetarian,24,
167513,"Pillsbury, Cinnamon Rolls with Icing, refrigerated dough",18,"Cereals containing gluten,Milk",Vegetarian,24,
167514,"Kraft Foods, Shake N Bake Original Recipe, Coating for Pork, dry",18,"Cereals containing gluten,Soybeans",,24,
167515,"George Weston Bakeries, Thomas English Muffins",18,Cereals containing gluten,"Vegan,Vegetarian",24,
167516,"Waffles, buttermilk, frozen, ready-to-heat",18,"Cereals containing gluten,Eggs,Milk",Vegetarian,24,
167517,"Waffle, buttermilk, frozen, ready-to-heat, toasted",18,"Cereals containing gluten,Eggs,Milk",Vegetarian,24,
167518,"Waffle, buttermilk, frozen, ready-to-heat, microwaved",18,"Cereals containing gluten,Eggs,Milk",Vegetarian,24,
167519,"Waffle, plain, frozen, ready-to-heat, microwave",18,"Cereals containing gluten,Eggs,Milk,Soybeans",Vegetarian,24,
167520,"Pie Crust, Cookie-type, Graham Cracker, Ready Crust",18,"Cereals containing gluten,Soybeans","Vegan,Vegetarian",24,
167521,"Pie Crust, Cookie-type, Chocolate, Ready Crust",18,"Cereals containing gluten,Milk,Soybeans",Vegetarian,24,
167522,"Pie, Dutch Apple, Commercially Prepared",18,"Cereals containing gluten,Milk","Vegetarian,Vitamin-Rich",24,
167524,"Waffles, chocolate chip, frozen, ready-to-heat",18,"Cereals containing gluten,Eggs,Milk,Soybeans",Vegetarian,24,
167525,"Tostada shells, corn",18,,"High-Protein,Vegan,Vegetarian",24,
167526,"Bread, salvadoran sweet cheese (quesadilla salvadorena)",18,"Cereals containing gluten,Eggs,Milk","High-Protein,Vegetarian",24,
167527,"Bread, pound cake type, pan de torta salvadoran",18,"Cereals containing gluten,Eggs,Milk",Vegetarian,24,
167528,"Pastry, Pastelitos de Guava (guava pastries)",18,"Cereals containing gluten,Eggs","Vegetarian,Vitamin-Rich",24,
167529,"Crackers, snack, Goya Crackers",18,"Cereals containing gluten,Soybeans","Vegan,Vegetarian",24,
167530,"Crackers, cream, Gamesa Sabrosas",18,"Cereals containing gluten,Milk,Soybeans",Vegetarian,24,
167531,"Crackers, cream, La Moderna Rikis Cream Crackers",18,"Cereals containing gluten,Milk,Soybeans",Vegetarian,24,
167532,"Bread, white wheat",18,Cereals containing gluten,"Vegan,Vegetarian",24,
167533,"Bagels, wheat",18,Cereals containing gluten,"Vegan,Vegetarian",24,
167534,"Cream puff, eclair, custard or cream filled, iced",18,"Cereals containing gluten,Eggs,Milk",Vegetarian,24,
167535,"Tortillas, ready-to-bake or -fry, flour, shelf stable",18,Cereals containing gluten,"Vegan,Vegetarian",24,
167536,"Snacks, beef jerky, chopped and formed",23,Soybeans,High-Protein,48,
167537,"Snacks, corn-based, extruded, chips, plain",23,,"Vegan,Vegetarian",24,
167538,"Snacks, corn-based, extruded, chips, barbecue-flavor",23,Milk,Vegetarian,24,
167539,"Snacks, corn-based, extruded, cones, plain",23,,"Vegan,Vegetarian",24,
167540,"Snacks, fruit leather, pieces",19,,"Vegan,Vegetarian,Vitamin-Rich",24,
167541,"Snacks, fruit leather, rolls",19,,"Vegan,Vegetarian,Vitamin-Rich",24,
167542,"Snacks, granola bars, hard, plain",23,"Cereals containing gluten,Cereals containing gluten (oats)",Vegetarian,24,
167543,"Snacks, granola bars, hard, almond",23,"Cereals containing gluten,Cereals containing gluten (oats),Nuts,Nuts (almonds),Peanuts,Soybeans",Vegetarian,48,
167544,"Snacks, granola bars, soft, uncoated, raisin",23,"Cereals containing gluten,Cereals containing gluten (oats),Peanuts,Soybeans","Vegetarian,Vitamin-Rich",24,
167545,"Snacks, granola bars, soft, coated, milk chocolate coating, chocolate chip",23,"Cereals containing gluten,Cereals containing gluten (oats),Milk,Peanuts,Soybeans",Vegetarian,24,
167546,"Candies, honey-combed, with peanut butter",19,"Milk,Peanuts",Vegetarian,48,
167547,"Snacks, granola bars, soft, coated, milk chocolate coating, peanut butter",23,"Cereals containing gluten,Cereals containing gluten (oats),Milk,Peanuts,Soybeans",Vegetarian,48,
167548,"Snacks, granola bars, soft, uncoated, peanut butter and chocolate chip",23,"Cereals containing gluten,Cereals containing gluten (oats),Milk,Peanuts,Soybeans",Vegetarian,48,
167549,"Snacks, popcorn, oil-popped, microwave, regular flavor, no trans fat",23,Milk,Vegetarian,48,
167550,"Snacks, popcorn, cakes",23,,"Vegan,Vegetarian",48,
167551,"Snacks, popcorn, caramel-coated, with peanuts",23,"Milk,Peanuts",Vegetarian,48,
167552,"Snacks, popcorn, caramel-coated, without peanuts",23,Milk,Vegetarian,48,
167553,"Snacks, potato chips, made from dried potatoes, reduced fat",23,,"Low-Fat,Vegan,Vegetarian",24,
167554,"Snacks, potato chips, made from dried potatoes, sour-cream and onion-flavor",23,Milk,Vegetarian,24,
167555,"Snacks, pretzels, hard, plain, salted",23,Cereals containing gluten,"Vegan,Vegetarian",24,
167556,"Snacks, pretzels, hard, confectioner's coating, chocolate-flavor",23,"Cereals containing gluten,Milk,Soybeans",Vegetarian,24,
167557,"Snacks, rice cakes, brown rice, sesame seed",23,Sesame seeds,"Vegan,Vegetarian",24,
167558,"Snacks, tortilla chips, plain, white corn, salted",23,,"Vegan,Vegetarian",24,
167559,"Snacks, tortilla chips, nacho cheese",23,Milk,Vegetarian,24,
167560,"Snacks, tortilla chips, ranch-flavor",23,Milk,Vegetarian,24,
167561,"Snacks, trail mix, regular",23,"Milk,Nuts,Peanuts,Soybeans","High-Protein,Vegetarian",48,
167562,"Candies, ALMOND JOY Candy Bar",19,"Milk,Nuts,Nuts (almonds),Nuts (coconut),Soybeans",Vegetarian,48,
167563,"Candies, TWIZZLERS CHERRY BITES",19,Cereals containing gluten,"Vegan,Vegetarian",24,
167564,"Candies, NESTLE, BIT-O'-HONEY Candy Chews",19,"Eggs,Milk,Nuts,Nuts (almonds)",Vegetarian,48,
167565,"Candies, NESTLE, BUTTERFINGER Bar",19,"Milk,Peanuts,Soybeans",Vegetarian,48,
167566,"Candies, caramels, chocolate-flavor roll",19,"Milk,Soybeans",Vegetarian,24,
167567,"Baking chocolate, unsweetened, liquid",19,Soybeans,"No Added Sugar,Vegan,Vegetarian",24,
167568,"Baking chocolate, unsweetened, squares",19,,"No Added Sugar,Vegan,Vegetarian",24,
167569,"Candies, confectioner's coating, yogurt",19,"Milk,Soybeans",Vegetarian,24,
167570,"Candies, confectioner's coating, peanut butter",19,"Milk,Peanuts,Soybeans",Vegetarian,48,
167571,"Candies, white chocolate",19,"Milk,Soybeans",Vegetarian,24,
167572,"Ice creams, vanilla, light",19,Milk,"Low-Fat,Vegetarian",24,
167573,"Ice creams, vanilla, rich",19,"Eggs,Milk",Vegetarian,24,
167574,"Desserts, flan, caramel custard, prepared-from-recipe",19,"Eggs,Milk",Vegetarian,24,
167575,"Ice creams, vanilla",19,Milk,Vegetarian,24,
167576,"Ice creams, vanilla, light, soft-serve",19,Milk,"Low-Fat,Vegetarian",24,
167577,"Sherbet, orange",19,Milk,"Low-Fat,Vegetarian,Vitamin-Rich",24,
167578,"Candies, fudge, peanut butter, prepared-from-recipe",19,"Milk,Peanuts",Vegetarian,48,
167579,"Candies, fudge, vanilla, prepared-from-recipe",19,Milk,Vegetarian,24,
167580,"Candies, fudge, vanilla with nuts",19,"Milk,Nuts",Vegetarian,48,
167581,"Candies, NESTLE, GOOBERS Chocolate Covered Peanuts",19,"Milk,Peanuts,Soybeans",Vegetarian,48,
167582,"Candies, NESTLE, BABY RUTH Bar",19,"Milk,Peanuts,Soybeans",Vegetarian,48,
167583,"Candies, TWIZZLERS Strawberry Twists Candy",19,Cereals containing gluten,"Vegan,Vegetarian",24,
167584,"Syrups, table blends, pancake, with butter",19,Milk,Vegetarian,24,
167585,"Ice creams, chocolate, light",19,Milk,"Low-Fat,Vegetarian",24,
167586,"Candies, NESTLE, CHUNKY Bar",19,"Milk,Peanuts,Soybeans",Vegetarian,48,
167587,"Candies, milk chocolate",19,"Milk,Soybeans",Vegetarian,24,
167588,"Puddings, banana, dry mix, instant, prepared with 2% milk",19,Milk,"Vegetarian,Vitamin-Rich",24,
167589,"Puddings, banana, dry mix, regular, prepared with 2% milk",19,Milk,"Vegetarian,Vitamin-Rich",24,
167590,"Andrea's, Gluten Free Soft Dinner Roll",18,"Eggs,Milk","Gluten-Free,Vegetarian",24,
167591,"Crunchmaster, Multi-Grain Crisps, Snack Crackers, Gluten-Free",18,"Sesame seeds,Soybeans","Gluten-Free,Vegan,Vegetarian",24,
167592,"Glutino, Gluten Free Cookies, Chocolate Vanilla Creme",18,"Eggs,Milk,Soybeans","Gluten-Free,Vegetarian",24,
167593,"Glutino, Gluten Free Cookies, Vanilla Creme",18,"Eggs,Milk,Soybeans","Gluten-Free,Vegetarian",24,
167594,"Pepperidge Farm, Goldfish, Baked Snack Crackers, Original",18,"Cereals containing gluten,Milk",Vegetarian,24,
167595,"Pepperidge Farm, Goldfish, Baked Snack Crackers, Parmesan",18,"Cereals containing gluten,Milk",Vegetarian,24,
167596,"Pepperidge Farm, Goldfish, Baked Snack Crackers, Pizza",18,"Cereals containing gluten,Milk",Vegetarian,24,
167597,"Rudi's, Gluten-Free Bakery, Original Sandwich Bread",18,Eggs,"Gluten-Free,Vegetarian",24,
167598,"Udi's, Gluten Free, Soft & Delicious White Sandwich Bread",18,Eggs,"Gluten-Free,Vegetarian",24,
167599,"Udi's, Gluten Free, Soft & Hearty Whole Grain Bread",18,Eggs,"Gluten-Free,Vegetarian",24,
167600,"Udi's, Gluten Free, Whole Grain Dinner Rolls",18,Eggs,"Gluten-Free,Vegetarian",24,
167601,"Van's, Gluten Free, Totally Original Pancakes",18,Soybeans,"Gluten-Free,Vegan,Vegetarian",24,
167602,"Seaweed, Canadian Cultivated EMI-TSUNOMATA, dry",11,,"High-Protein,Mineral-Rich,Vegan,Vegetarian,Vitamin-Rich",24,
167603,"Seaweed, Canadian Cultivated EMI-TSUNOMATA, rehydrated",11,,"High-Protein,Mineral-Rich,Vegan,Vegetarian,Vitamin-Rich",24,
167604,"Potatoes, hash brown, refrigerated, unprepared",11,,"Vegan,Vegetarian,Vitamin-Rich",24,
167605,"Potatoes, hash brown, refrigerated, prepared, pan-fried in canola oil",11,,"Vegan,Vegetarian,Vitamin-Rich",24,
167606,"Sweet Potatoes, french fried, frozen as packaged, salt added in processing",11,,"Vegan,Vegetarian,Vitamin-Rich",24,
167607,"Moose, meat, raw (Alaska Native)",24,,High-Protein,24,
167608,"Mashu roots, raw (Alaska Native)",24,,"Vegan,Vegetarian,Vitamin-Rich",24,
167609,"Moose, liver, braised (Alaska Native)",24,,High-Protein,24,
167610,"Seal, bearded (Oogruk), meat, raw (Alaska Native)",24,,High-Protein,24,
167611,"Oil, bearded seal (Oogruk) (Alaska Native)",24,,High-Protein,24,
167612,"Oopah (tunicate), whole animal (Alaska Native)",24,,Pescatarian,24,
167613,"Owl, horned, flesh, raw (Alaska Native)",24,,High-Protein,24,
167614,"Fish, salmon, king, chinook, smoked and canned (Alaska Native)",24,Fish,"High-Protein,Pescatarian",24,
167615,"Fish, salmon, king, chinook, smoked, brined (Alaska Native)",24,Fish,"High-Protein,Pescatarian",24,
167616,"Fish, salmon, king, chinook, liver (Alaska Native)",24,Fish,"High-Protein,Pescatarian",24,
167617,"Duck, scoter, white-winged, meat (Alaska Native)",24,,High-Protein,24,
167618,"Sea cucumber, yane (Alaska Native)",24,,Pescatarian,24,
167619,"Squirrel, ground, meat (Alaska Native)",24,,High-Protein,24,
167620,"Tea, tundra, herb and laborador combination (Alaska Native)",24,,"Vegan,Vegetarian",24,
167621,"Walrus, meat, dried (Alaska Native)",24,,High-Protein,24,
167622,"Deer (venison), sitka, raw (Alaska Native)",24,,High-Protein,24,
167623,"Whale, bowhead, subcutaneous fat (blubber) (Alaska Native)",24,,High-Protein,24,
167624,"Whale, bowhead, skin and subcutaneous fat (muktuk) (Alaska Native)",24,,High-Protein,24,
167625,"Oil, whale, bowhead (Alaska Native)",24,,High-Protein,24,
167626,"Fish, whitefish, broad, liver (Alaska Native)",24,Fish,"High-Protein,Pescatarian",24,
167627,"Mush, blue corn with ash (Navajo)",24,,"Vegan,Vegetarian",24,
167628,"Cornmeal, blue (Navajo)",24,,"Vegan,Vegetarian",24,
167629,"Melon, banana (Navajo)",24,,"Vegan,Vegetarian,Vitamin-Rich",24,
167630,Chilchen (Red Berry Beverage) (Navajo),24,,"Vegan,Vegetarian,Vitamin-Rich",24,
167631,"Corn, dried (Navajo)",24,,"Vegan,Vegetarian",24,
167632,"Squash, Indian, cooked, boiled (Navajo)",24,,"Vegan,Vegetarian,Vitamin-Rich",24,
167633,"Bread, kneel down (Navajo)",24,Cereals containing gluten,"Vegan,Vegetarian",24,
167634,"Mutton, cooked, roasted (Navajo)",24,,High-Protein,24,
167635,"Frybread, made with lard (Navajo)",24,Cereals containing gluten,High-Protein,24,
167636,Tamales (Navajo),24,,High-Protein,24,
167637,"Stew, steamed corn (Navajo)",24,,"Vegan,Vegetarian",24,
167638,"Fish, halibut, raw, with skin (Alaska Native)",24,Fish,"High-Protein,Pescatarian",24,
167639,"Fish, salmon, coho (silver), raw (Alaska Native)",24,Fish,"High-Protein,Pescatarian",24,
167640,"Blueberries, wild, raw (Alaska Native)",24,,"Vegan,Vegetarian,Vitamin-Rich",24,
167641,"Oil, spotted seal (Alaska Native)",24,,High-Protein,24,
167642,"Fish, salmon, red, canned, bones removed (Alaska Native)",24,Fish,"High-Protein,Pescatarian",24,
167643,"Fish, whitefish, eggs (Alaska Native)",24,"Eggs,Fish","High-Protein,Pescatarian",24,
167644,"Caribou, rump meat, half dried (Alaska Native)",24,,High-Protein,24,
167645,"Fish, salmon, red, (sockeye), canned, smoked (Alaska Native)",24,Fish,"High-Protein,Pescatarian",24,
167646,"Fish, salmon, red, (sockeye), kippered (Alaska Native)",24,Fish,"High-Protein,Pescatarian",24,
167647,"Fish, salmon, king, with skin, kippered, (Alaska Native)",24,Fish,"High-Protein,Pescatarian",24,
167648,"Fish, sheefish, raw (Alaska Native)",24,Fish,"High-Protein,Pescatarian",24,
167649,"Buffalo, free range, top round steak, raw (Shoshone Bannock)",24,,High-Protein,24,
167650,"Seal, bearded (Oogruk), meat, partially dried (Alaska Native)",24,,High-Protein,24,
167651,"Buffalo, free range, top round steak, cooked (Shoshone Bannock)",24,,High-Protein,24,
167652,"Elk, free range, roast, eye of round, raw (Shoshone Bannock)",24,,High-Protein,24,
167653,"Corn, dried, yellow (Northern Plains Indians)",24,,"Vegan,Vegetarian",24,
167654,"Smelt, dried (Alaska Native)",24,Fish,"High-Protein,Pescatarian",24,
167655,"Frybread, made with lard (Apache)",24,Cereals containing gluten,High-Protein,24,
167656,Corned beef and potatoes in tortilla (Apache),24,Cereals containing gluten,"High-Protein,Vitamin-Rich",24,
167657,"ON THE BORDER, soft taco with ground beef, cheese and lettuce",25,"Cereals containing gluten,Milk",High-Protein,24,
167658,"Restaurant, Mexican, soft taco with ground beef, cheese and lettuce",25,"Cereals containing gluten,Milk",High-Protein,24,
167659,"Restaurant, Latino, chicken and rice, entree, prepared",25,Cereals containing gluten,High-Protein,24,
167660,"Restaurant, Latino, empanadas, beef, prepared",25,Cereals containing gluten,High-Protein,24,
167661,"Restaurant, Latino, pupusas con frijoles (pupusas, bean)",25,,"High-Protein,Vegan,Vegetarian",24,
167662,"Restaurant, Latino, pupusas con queso (pupusas, cheese)",25,Milk,"High-Protein,Vegetarian",24,
167663,"Restaurant, Latino, pupusas del cerdo (pupusas, pork)",25,,High-Protein,24,
167664,"Restaurant, Latino, tamale, corn",25,,"Vegan,Vegetarian",24,
167665,"Restaurant, Mexican, spanish rice",25,Cereals containing gluten,"Vegan,Vegetarian",24,
167666,"Restaurant, Mexican, refried beans",25,,"High-Protein,Vegan,Vegetarian",24,
167667,"Restaurant, Chinese, egg rolls, assorted",25,"Cereals containing gluten,Eggs",Vegetarian,24,
167668,"Restaurant, Chinese, fried rice, without meat",25,Cereals containing gluten,"Vegan,Vegetarian",24,
167669,"CRACKER BARREL, steak fries",25,,"Vegan,Vegetarian,Vitamin-Rich",24,
167670,"CRACKER BARREL, grilled sirloin steak",25,,High-Protein,24,
167671,"CRACKER BARREL, macaroni n' cheese plate, from kid's menu",25,"Cereals containing gluten,Milk","High-Protein,Vegetarian",24,
167672,"DENNY'S, french fries",25,,"Vegan,Vegetarian,Vitamin-Rich",24,
167673,"DENNY'S, top sirloin steak",25,,High-Protein,24,
167674,"Restaurant, Chinese, lemon chicken",25,Cereals containing gluten,High-Protein,24,
167675,"Restaurant, Chinese, general tso's chicken",25,"Cereals containing gluten,Soybeans",High-Protein,24,
167676,"Restaurant, Chinese, kung pao chicken",25,"Cereals containing gluten,Peanuts",High-Protein,48,
167677,"Restaurant, Chinese, vegetable lo mein, without meat",25,Cereals containing gluten,"Vegan,Vegetarian,Vitamin-Rich",24,
167678,"Restaurant, Chinese, chicken and vegetables",25,,"High-Protein,Vitamin-Rich",24,
167679,"Restaurant, Chinese, orange chicken",25,Cereals containing gluten,High-Protein,24,
167680,"Restaurant, Italian, spaghetti with meat sauce",25,Cereals containing gluten,High-Protein,24,
167681,"Beverages, fruit-flavored drink, dry powdered mix, low calorie, with aspartame",14,,"No Added Sugar,Vegan,Vegetarian,Vitamin-Rich",24,
167682,"Pectin, liquid",19,,"Vegan,Vegetarian",24,
167683,"Frozen novelties, ice cream type, vanilla ice cream, light, no sugar added, chocolate coated",19,"Milk,Soybeans","Low-Fat,No Added Sugar,Vegetarian",24,
167684,"Creamy dressing, made with sour cream and/or buttermilk and oil, reduced calorie",4,"Eggs,Milk",Vegetarian,24,
167685,"Bologna, beef and pork, low fat",7,,"High-Protein,Low-Fat",24,
167686,"Milk dessert, frozen, milk-fat free, chocolate",19,Milk,"Fat-Free,Low-Fat,Vegetarian",24,
167687,"Whipped topping, frozen, low fat",1,"Milk,Soybeans","Low-Fat,Vegetarian",24,
167688,"Cream substitute, powdered, light",1,"Milk,Soybeans",Vegetarian,24,
167689,"Candies, MARS SNACKFOOD US, M&M's Peanut Butter Chocolate Candies",19,"Milk,Peanuts,Soybeans",Vegetarian,48,
167690,"Babyfood, apple yogurt dessert, strained",3,Milk,"High-Protein,Vegetarian,Vitamin-Rich",4,24.0
167691,"Vegetable oil-butter spread, reduced calorie",4,Milk,Vegetarian,24,
167692,"Salad dressing, blue or roquefort cheese dressing, light",4,"Eggs,Milk",Vegetarian,24,
167693,"Salad dressing, french dressing, reduced calorie",4,,"Vegan,Vegetarian",24,
167694,"Sausage, turkey and pork, fresh, bulk, patty or link, cooked",7,,High-Protein,24,
167695,"Mayonnaise, made with tofu",4,Soybeans,"Vegan,Vegetarian",24,
167696,"Frankfurter, beef, low fat",7,,"High-Protein,Low-Fat",24,
167697,"Milk, buttermilk, fluid, cultured, reduced fat",1,Milk,"High-Protein,Low-Fat,Vegetarian",24,
167698,"Pork sausage rice links, brown and serve, cooked",7,"Cereals containing gluten,Soybeans",High-Protein,24,
167699,"Salad dressing, blue or roquefort cheese dressing, fat-free",4,Milk,"Fat-Free,Low-Fat,Vegetarian",24,
167700,"Salad Dressing, mayonnaise-like, fat-free",4,Eggs,"Fat-Free,Low-Fat,Vegetarian",24,
167701,"Candies, MARS SNACKFOOD US, MILKY WAY Midnight Bar",19,"Eggs,Milk,Soybeans",Vegetarian,24,
167702,"Oil, flaxseed, cold pressed",4,,"Vegan,Vegetarian",24,
167703,"Cheese, cottage, lowfat, 1% milkfat, lactose reduced",1,Milk,"High-Protein,Lactose-Free,Low-Fat,Vegetarian",24,
167704,"Salad dressing, bacon and tomato",4,,"High-Protein,Vitamin-Rich",24,
167705,"Cheese, parmesan, low sodium",1,Milk,"High-Protein,Low Sodium,Vegetarian",24,
167706,"Jams, preserves, marmalade, reduced sugar",19,,"No Added Sugar,Vegan,Vegetarian,Vitamin-Rich",24,
167707,"Beverages, fruit-flavored drink, powder, with high vitamin C with other added vitamins, low calorie",14,,"No Added Sugar,Vegan,Vegetarian,Vitamin-Rich",24,
167708,"Tomato and vegetable juice, low sodium",11,Celery,"Low Sodium,Vegan,Vegetarian,Vitamin-Rich",24,
167709,"Turkey, wing, smoked, cooked, with skin, bone removed",5,,High-Protein,24,
167710,"Turkey, drumstick, smoked, cooked, with skin, bone removed",5,,High-Protein,24,
167711,"Beverages, Chocolate-flavored drink, whey and milk based",14,"Milk,Soybeans",Vegetarian,24,
167712,"Pork, cured, bacon, cooked, broiled, pan-fried or roasted, reduced sodium",10,,"High-Protein,Low Sodium",24,
167713,"Turkey, light or dark meat, smoked, cooked, skin and bone removed",5,,High-Protein,24,
167714,"Hearts of palm, raw",11,,"Vegan,Vegetarian,Vitamin-Rich",24,
167715,"Cereals ready-to-eat, POST, Shredded Wheat n' Bran, spoon-size",8,Cereals containing gluten,"Vegan,Vegetarian",24,
167716,"Cheese, cottage, lowfat, 1% milkfat, with vegetables",1,Milk,"High-Protein,Low-Fat,Vegetarian,Vitamin-Rich",24,
167717,Yeast extract spread,11,"Cereals containing gluten,Cereals containing gluten (barley),Celery","Vegan,Vegetarian",24,
167718,"Babyfood, juice, pear",3,,"Vegan,Vegetarian,Vitamin-Rich",4,24.0
167719,"Chicken, meatless, breaded, fried",16,"Cereals containing gluten,Soybeans","High-Protein,Vegetarian",24,
167720,"Babyfood, meat, beef with vegetables, toddler",3,,"High-Protein,Vitamin-Rich",12,24.0
167721,"Frozen novelties, juice type, juice with cream",19,Milk,"Vegetarian,Vitamin-Rich",24,
167722,Tofu yogurt,16,Soybeans,"High-Protein,Vegan,Vegetarian",24,
167723,"Alcoholic beverage, rice (sake)",14,,"Vegan,Vegetarian",252,
167724,"Millet, puffed",8,,"Vegan,Vegetarian",24,
167725,"Cereals ready-to-eat, OAT BRAN FLAKES, HEALTH VALLEY",8,"Cereals containing gluten,Cereals containing gluten (oats)","Vegan,Vegetarian",24,
167726,"Babyfood, mixed fruit yogurt, strained",3,Milk,"High-Protein,Vegetarian,Vitamin-Rich",4,24.0
167727,"Beverages, ABBOTT, ENSURE PLUS, ready-to-drink",14,"Milk,Soybeans","Gluten-Free,High-Protein,Kosher,Vegetarian",24,
167728,"Babyfood, rice and apples, dry",3,,"Gluten-Free,Vegan,Vegetarian,Vitamin-Rich",4,24.0
167729,"Babyfood, juice, apple - cherry",3,,"Vegan,Vegetarian,Vitamin-Rich",4,24.0
167730,"Milk, imitation, non-soy",1,,Vegetarian,24,
167731,"Babyfood, cereal, rice with pears and apple, dry, instant fortified",3,,"Gluten-Free,Vegan,Vegetarian,Vitamin-Rich",4,24.0
167732,"Babyfood, banana no tapioca, strained",3,,"Vegan,Vegetarian,Vitamin-Rich",4,24.0
167733,"Babyfood, banana apple dessert, strained",3,,"Vegan,Vegetarian,Vitamin-Rich",4,24.0
167734,"Breakfast bar, corn flake crust with fruit",23,"Cereals containing gluten,Milk,Soybeans","Vegetarian,Vitamin-Rich",24,
167735,"Cheese, mozzarella, low sodium",1,Milk,"High-Protein,Low Sodium,Vegetarian",24,
167736,"Mayonnaise dressing, no cholesterol",4,Eggs,Vegetarian,24,
167737,"Oil, corn, peanut, and olive",4,Peanuts,"Vegan,Vegetarian",48,
167738,"Pie fillings, blueberry, canned",19,,"Vegan,Vegetarian,Vitamin-Rich",24,
167739,"Beverages, Cocktail mix, non-alcoholic, concentrated, frozen",14,,"Vegan,Vegetarian,Vitamin-Rich",24,
167740,"Puddings, chocolate flavor, low calorie, regular, dry mix",19,Milk,"Low-Fat,Vegetarian",24,
167741,"Puddings, all flavors except chocolate, low calorie, regular, dry mix",19,,"Vegan,Vegetarian",24,
167742,"Mollusks, scallop, (bay and sea), cooked, steamed",15,Molluscs,"High-Protein,Pescatarian",24,
167743,"Syrup, Cane",19,,"Vegan,Vegetarian",24,
167744,"Mollusks, snail, raw",15,Molluscs,"High-Protein,Pescatarian",24,
167745,"Turtle, green, raw",15,,High-Protein,24,
167746,"Lemons, raw, without peel",9,,"Vegan,Vegetarian,Vitamin-Rich",24,
167747,"Lemon juice, raw",9,,"Vegan,Vegetarian,Vitamin-Rich",24,
167748,"Lemon juice from concentrate, canned or bottled",9,,"Vegan,Vegetarian,Vitamin-Rich",24,
167749,"Lemon peel, raw",9,,"Vegan,Vegetarian,Vitamin-Rich",24,
167750,"Prickly pears, raw",9,,"Vegan,Vegetarian,Vitamin-Rich",24,
167751,"Plums, dried (prunes), stewed, without added sugar",9,,"No Added Sugar,Vegan,Vegetarian,Vitamin-Rich",24,
167752,"Plums, dried (prunes), stewed, with added sugar",9,,"Vegan,Vegetarian,Vitamin-Rich",24,
167753,"Prune juice, canned",9,,"Vegan,Vegetarian,Vitamin-Rich",24,
167754,"Pummelo, raw",9,,"Vegan,Vegetarian,Vitamin-Rich",24,
167755,"Raspberries, raw",9,,"Vegan,Vegetarian,Vitamin-Rich",24,
167756,"Raspberries, canned, red, heavy syrup pack, solids and liquids",9,,"Vegan,Vegetarian,Vitamin-Rich",24,
167757,"Raspberries, frozen, red, sweetened",9,,"Vegan,Vegetarian,Vitamin-Rich",24,
167758,"Rhubarb, raw",9,,"Vegan,Vegetarian,Vitamin-Rich",24,
167759,"Sapodilla, raw",9,,"Vegan,Vegetarian,Vitamin-Rich",24,
167760,"Sapote, mamey, raw",9,,"Vegan,Vegetarian,Vitamin-Rich",24,
167761,"Soursop, raw",9,,"Vegan,Vegetarian,Vitamin-Rich",24,
167762,"Strawberries, raw",9,,"Vegan,Vegetarian,Vitamin-Rich",24,
167763,"Tamarinds, raw",9,,"Vegan,Vegetarian,Vitamin-Rich",24,
167764,"Fruit salad, (pineapple and papaya and banana and guava), tropical, canned, heavy syrup, solids and liquids",9,,"Vegan,Vegetarian,Vitamin-Rich",24,
167765,"Watermelon, raw",9,,"Vegan,Vegetarian,Vitamin-Rich",24,
167766,"Maraschino cherries, canned, drained",9,,"Vegan,Vegetarian,Vitamin-Rich",24,
167767,"Pineapple, canned, juice pack, drained",9,,"Vegan,Vegetarian,Vitamin-Rich",24,
167768,"Apricots, canned, heavy syrup, drained",9,,"Vegan,Vegetarian,Vitamin-Rich",24,
167769,"Cherries, sour, canned, water pack, drained",9,,"Vegan,Vegetarian,Vitamin-Rich",24,
167770,"Cherries, sweet, canned, pitted, heavy syrup, drained",9,,"Vegan,Vegetarian,Vitamin-Rich",24,
167771,"Apple juice, canned or bottled, unsweetened, with added ascorbic acid",9,,"No Added Sugar,Vegan,Vegetarian,Vitamin-Rich",24,
167772,"Applesauce, canned, unsweetened, with added ascorbic acid",9,,"No Added Sugar,Vegan,Vegetarian,Vitamin-Rich",24,
167773,"Applesauce, canned, sweetened, with salt",9,,"Vegan,Vegetarian,Vitamin-Rich",24,
167774,"Grapefruit juice, pink, raw",9,,"Vegan,Vegetarian,Vitamin-Rich",24,
167775,"Apple juice, frozen concentrate, unsweetened, diluted with 3 volume water, with added ascorbic acid",9,,"No Added Sugar,Vegan,Vegetarian,Vitamin-Rich",24,
167776,"Pears, raw, bartlett (Includes foods for USDA's Food Distribution Program)",9,,"Vegan,Vegetarian,Vitamin-Rich",24,
167777,"Pears, raw, red anjou",9,,"Vegan,Vegetarian,Vitamin-Rich",24,
167778,"Pears, raw, bosc (Includes foods for USDA's Food Distribution Program)",9,,"Vegan,Vegetarian,Vitamin-Rich",24,
167779,"Pears, raw, green anjou (Includes foods for USDA's Food Distribution Program)",9,,"Vegan,Vegetarian,Vitamin-Rich",24,
167780,Prune puree,9,,"Vegan,Vegetarian,Vitamin-Rich",24,
167781,Candied fruit,9,,"Vegan,Vegetarian,Vitamin-Rich",24,
167782,"Abiyuch, raw",9,,"Vegan,Vegetarian,Vitamin-Rich",24,
167783,"Rowal, raw",9,,"Vegan,Vegetarian,Vitamin-Rich",24,
167784,"Guava nectar, canned, with added ascorbic acid",9,,"Vegan,Vegetarian,Vitamin-Rich",24,
167785,"Mango nectar, canned",9,,"Vegan,Vegetarian,Vitamin-Rich",24,
167786,"Tamarind nectar, canned",9,,"Vegan,Vegetarian,Vitamin-Rich",24,
167787,"Pomegranate juice, bottled",9,,"Vegan,Vegetarian,Vitamin-Rich",24,
167788,"Nance, canned, syrup, drained",9,,"Vegan,Vegetarian,Vitamin-Rich",24,
167789,"Nance, frozen, unsweetened",9,,"No Added Sugar,Vegan,Vegetarian,Vitamin-Rich",24,
167790,"Naranjilla (lulo) pulp, frozen, unsweetened",9,,"No Added Sugar,Vegan,Vegetarian,Vitamin-Rich",24,
167791,Horned melon (Kiwano),9,,"Vegan,Vegetarian,Vitamin-Rich",24,
167792,Orange Pineapple Juice Blend,9,,"Vegan,Vegetarian,Vitamin-Rich",24,
167793,"Apples, raw, fuji, with skin (Includes foods for USDA's Food Distribution Program)",9,,"Vegan,Vegetarian,Vitamin-Rich",24,
167794,"Orange juice, chilled, includes from concentrate, with added calcium and vitamins A, D, E",9,,"Vegan,Vegetarian,Vitamin-Rich",24,
167795,"Fruit juice smoothie, NAKED JUICE, MIGHTY MANGO",9,,"Vegan,Vegetarian,Vitamin-Rich",24,
167796,"Fruit juice smoothie, NAKED JUICE, GREEN MACHINE",9,,"Vegan,Vegetarian,Vitamin-Rich",24,
167797,"Fruit juice smoothie, BOLTHOUSE FARMS, BERRY BOOST",9,,"Vegan,Vegetarian,Vitamin-Rich",24,
167798,"Fruit juice smoothie, BOLTHOUSE FARMS, GREEN GOODNESS",9,,"Vegan,Vegetarian,Vitamin-Rich",24,
167799,"Fruit juice smoothie, BOLTHOUSE FARMS, strawberry banana",9,,"Vegan,Vegetarian,Vitamin-Rich",24,
167800,"Apple juice, canned or bottled, unsweetened, with added ascorbic acid, calcium, and potassium",9,,"Mineral-Rich,No Added Sugar,Vegan,Vegetarian,Vitamin-Rich",24,
167801,"Lemon juice from concentrate, bottled, CONCORD",9,,"Vegan,Vegetarian,Vitamin-Rich",24,
167802,"Lemon juice from concentrate, bottled, REAL LEMON",9,,"Vegan,Vegetarian,Vitamin-Rich",24,
167803,"Cranberry sauce, whole, canned, OCEAN SPRAY",9,,"Vegan,Vegetarian,Vitamin-Rich",24,
167804,"Cranberry sauce, jellied, canned, OCEAN SPRAY",9,,"Vegan,Vegetarian,Vitamin-Rich",24,
167805,"Ruby Red grapefruit juice blend (grapefruit, grape, apple), OCEAN SPRAY, bottled, with added vitamin C",9,,"Vegan,Vegetarian,Vitamin-Rich",24,
167806,Baobab powder,9,,"Vegan,Vegetarian,Vitamin-Rich",24,
167807,"Cherry juice, tart",9,,"Vegan,Vegetarian,Vitamin-Rich",24,
167808,"Raspberries, puree, seedless",9,,"Vegan,Vegetarian,Vitamin-Rich",24,
167809,"Raspberries, puree, with seeds",9,,"Vegan,Vegetarian,Vitamin-Rich",24,
167810,"Pork, fresh, composite of trimmed leg, loin, shoulder, and spareribs, (includes cuts to be cured), separable lean and fat, raw",10,,High-Protein,24,
167811,"Pork, fresh, backfat, raw",10,,High-Protein,24,
167812,"Pork, fresh, belly, raw",10,,High-Protein,24,
167813,"Pork, fresh, separable fat, raw",10,,High-Protein,24,
167814,"Pork, fresh, leg (ham), rump half, separable lean and fat, raw",10,,High-Protein,24,
167815,"Pork, fresh, leg (ham), rump half, separable lean and fat, cooked, roasted",10,,High-Protein,24,
167816,"Pork, fresh, leg (ham), rump half, separable lean only, raw (Includes foods for USDA's Food Distribution Program)",10,,High-Protein,24,
167817,"Pork, fresh, leg (ham), rump half, separable lean only, cooked, roasted",10,,High-Protein,24,
167818,"Pork, fresh, loin, whole, separable lean and fat, raw",10,,High-Protein,24,
167819,"Pork, fresh, loin, whole, separable lean and fat, cooked, braised",10,,High-Protein,24,
167820,"Pork, fresh, loin, whole, separable lean and fat, cooked, broiled",10,,High-Protein,24,
167821,"Pork, fresh, loin, whole, separable lean and fat, cooked, roasted",10,,High-Protein,24,
167822,"Pork, fresh, loin, blade (chops or roasts), bone-in, separable lean and fat, raw",10,,High-Protein,24,
167823,"Pork, fresh, loin, blade (chops), bone-in, separable lean and fat, cooked, braised",10,,High-Protein,24,
167824,"Pork, fresh, loin, blade (chops), bone-in, separable lean and fat, cooked, broiled",10,,High-Protein,24,
167825,"Pork, fresh, loin, blade (roasts), bone-in, separable lean and fat, cooked, roasted",10,,High-Protein,24,
167826,"Pork, fresh, loin, center loin (chops), bone-in, separable lean and fat, cooked, braised",10,,High-Protein,24,
167827,"Pork, fresh, loin, center loin (chops), bone-in, separable lean and fat, cooked, broiled",10,,High-Protein,24,
167828,"Pork, fresh, loin, center loin (roasts), bone-in, separable lean and fat, cooked, roasted",10,,High-Protein,24,
167829,"Pork, fresh, loin, center loin (chops), bone-in, separable lean only, raw",10,,High-Protein,24,
167830,"Pork, fresh, loin, center rib (chops), bone-in, separable lean and fat, cooked, braised",10,,High-Protein,24,
167831,"Pork, fresh, loin, center rib (chops), bone-in, separable lean and fat, cooked, broiled",10,,High-Protein,24,
167832,"Pork, fresh, loin, center rib (roasts), bone-in, separable lean and fat, cooked, roasted",10,,High-Protein,24,
167833,"Pork, fresh, loin, center rib (chops or roasts), bone-in, separable lean only, raw",10,,High-Protein,24,
167834,"Pork, fresh, loin, sirloin (chops), bone-in, separable lean and fat, cooked, braised",10,,High-Protein,24,
167835,"Pork, fresh, loin, sirloin (chops), bone-in, separable lean and fat, cooked, broiled",10,,High-Protein,24,
167836,"Pork, fresh, loin, sirloin (roasts), bone-in, separable lean and fat, cooked, roasted",10,,High-Protein,24,
167837,"Pork, fresh, loin, sirloin (chops or roasts), bone-in, separable lean only, raw",10,,High-Protein,24,
167838,"Pork, fresh, loin, sirloin (chops), bone-in, separable lean only, cooked, braised",10,,High-Protein,24,
167839,"Pork, fresh, loin, top loin (chops), boneless, separable lean and fat, raw",10,,High-Protein,24,
167840,"Pork, fresh, loin, top loin (chops), boneless, separable lean and fat, cooked, braised",10,,High-Protein,24,
167841,"Pork, fresh, loin, top loin (chops), boneless, separable lean and fat, cooked, broiled",10,,High-Protein,24,
167842,"Pork, fresh, loin, top loin (roasts), boneless, separable lean and fat, cooked, roasted",10,,High-Protein,24,
167843,"Pork, fresh, shoulder, whole, separable lean and fat, raw",10,,High-Protein,24,
167844,"Pork, fresh, shoulder, whole, separable lean and fat, cooked, roasted",10,,High-Protein,24,
167845,"Pork, fresh, shoulder, whole, separable lean only, raw",10,,High-Protein,24,
167846,"Pork, fresh, shoulder, whole, separable lean only, cooked, roasted",10,,High-Protein,24,
167847,"Pork, fresh, shoulder, arm picnic, separable lean only, cooked, braised",10,,High-Protein,24,
167848,"Pork, fresh, shoulder, arm picnic, separable lean only, cooked, roasted",10,,High-Protein,24,
167849,"Pork, fresh, shoulder, (Boston butt), blade (steaks), separable lean and fat, raw",10,,High-Protein,24,
167850,"Pork, fresh, shoulder, (Boston butt), blade (steaks), separable lean and fat, cooked, braised",10,,High-Protein,24,
167851,"Pork, fresh, shoulder, blade, boston (steaks), separable lean and fat, cooked, broiled",10,,High-Protein,24,
167852,"Pork, fresh, shoulder, blade, boston (roasts), separable lean only, cooked, roasted",10,,High-Protein,24,
167853,"Pork, fresh, spareribs, separable lean and fat, raw",10,,High-Protein,24,
167854,"Pork, fresh, spareribs, separable lean and fat, cooked, braised",10,,High-Protein,24,
167855,"Pork, fresh, composite of trimmed retail cuts (leg, loin, and shoulder), separable lean only, cooked",10,,High-Protein,24,
167856,"Pork, fresh, variety meats and by-products, chitterlings, cooked, simmered",10,,High-Protein,24,
167857,"Pork, fresh, variety meats and by-products, ears, frozen, raw",10,,High-Protein,24,
167858,"Pork, fresh, variety meats and by-products, ears, frozen, cooked, simmered",10,,High-Protein,24,
167859,"Pork, fresh, variety meats and by-products, feet, raw",10,,High-Protein,24,
167860,"Pork, fresh, variety meats and by-products, kidneys, cooked, braised",10,,High-Protein,24,
167861,"Pork, fresh, variety meats and by-products, leaf fat, raw",10,,High-Protein,24,
167862,"Pork, fresh, variety meats and by-products, liver, raw",10,,High-Protein,24,
167863,"Pork, fresh, variety meats and by-products, liver, cooked, braised",10,,High-Protein,24,
167864,"Pork, fresh, variety meats and by-products, lungs, raw",10,,High-Protein,24,
167865,"Pork, fresh, variety meats and by-products, spleen, raw",10,,High-Protein,24,
167866,"Pork, fresh, variety meats and by-products, spleen, cooked, braised",10,,High-Protein,24,
167867,"Pork, fresh, variety meats and by-products, stomach, raw",10,,High-Protein,24,
167868,"Pork, fresh, loin, blade (chops), bone-in, separable lean only, cooked, pan-fried",10,,High-Protein,24,
167869,"Canadian bacon, unprepared",10,,High-Protein,24,
167870,"Pork, cured, feet, pickled",10,,High-Protein,24,
167871,"Pork, cured, ham, boneless, extra lean (approximately 5% fat), roasted",10,,"High-Protein,Low-Fat",24,
167872,"Pork, cured, ham, boneless, regular (approximately 11% fat), roasted",10,,High-Protein,24,
167873,"Pork, cured, ham, patties, unheated",10,,High-Protein,24,
167874,"Pork, cured, ham, steak, boneless, extra lean, unheated",10,,"High-Protein,Low-Fat",24,
167875,"Pork, cured, ham, whole, separable lean and fat, unheated",10,,High-Protein,24,
167876,"Pork, cured, ham, whole, separable lean only, unheated",10,,High-Protein,24,
167877,"Pork, cured, separable fat (from ham and arm picnic), unheated",10,,High-Protein,24,
167878,"Pork, cured, separable fat (from ham and arm picnic), roasted",10,,High-Protein,24,
167879,"Pork, cured, shoulder, arm picnic, separable lean and fat, roasted",10,,High-Protein,24,
167880,"Pork, cured, shoulder, arm picnic, separable lean only, roasted",10,,High-Protein,24,
167881,"Pork, fresh, variety meats and by-products, tail, cooked, simmered",10,,High-Protein,24,
167882,"Pork, fresh, loin, center loin (chops), bone-in, separable lean only, cooked, pan-fried",10,,High-Protein,24,
167883,"Pork, fresh, loin, center rib (chops), bone-in, separable lean only, cooked, pan-fried",10,,High-Protein,24,
167884,"Pork, fresh, loin, blade (chops), bone-in, separable lean and fat, cooked, pan-fried",10,,High-Protein,24,
167885,"Pork, cured, ham, extra lean and regular, canned, unheated",10,,High-Protein,24,
167886,"Pork, cured, ham, extra lean and regular, canned, roasted",10,,High-Protein,24,
167887,"Pork, fresh, loin, top loin (chops), boneless, separable lean and fat, cooked, pan-fried",10,,High-Protein,24,
167888,"Pork, fresh, composite of trimmed retail cuts (leg, loin, shoulder, and spareribs), separable lean and fat, raw",10,,High-Protein,24,
167889,"Pork, fresh, loin, center rib (chops or roasts), boneless, separable lean and fat, raw",10,,High-Protein,24,
167890,"Pork, fresh, loin, center rib (chops), boneless, separable lean and fat, cooked, braised",10,,High-Protein,24,
167891,"Pork, fresh, loin, center rib (chops), boneless, separable lean and fat, cooked, broiled",10,,High-Protein,24,
167892,"Pork, fresh, loin, center rib (chops), boneless, separable lean and fat, cooked, pan-fried",10,,High-Protein,24,
167893,"Pork, fresh, loin, center rib (chops), boneless, separable lean only, cooked, pan-fried",10,,High-Protein,24,
167894,"Pork, fresh, loin, center rib (roasts), boneless, separable lean only, cooked, roasted",10,,High-Protein,24,
167895,"Pork, fresh, loin, country-style ribs, separable lean and fat, raw",10,,High-Protein,24,
167896,"Pork, fresh, loin, country-style ribs, separable lean and fat, cooked, braised",10,,High-Protein,24,
167897,"Pork, fresh, loin, country-style ribs, separable lean and fat, bone-in, cooked, roasted",10,,High-Protein,24,
167898,"Pork, fresh, loin, sirloin (chops), boneless, separable lean and fat, cooked, braised",10,,High-Protein,24,
167899,"Pork, fresh, loin, sirloin (chops), boneless, separable lean and fat, cooked, broiled",10,,High-Protein,24,
167900,"Pork, fresh, loin, sirloin (roasts), boneless, separable lean and fat, cooked, roasted",10,,High-Protein,24,
167901,"Pork, fresh, loin, sirloin (chops or roasts), boneless, separable lean only, raw",10,,High-Protein,24,
167902,"Pork, fresh, ground, raw",10,,High-Protein,24,
167903,"Pork, fresh, ground, cooked",10,,High-Protein,24,
167904,"Pork, fresh, loin, tenderloin, separable lean and fat, cooked, broiled",10,,High-Protein,24,
167905,"Pork, fresh, loin, tenderloin, separable lean and fat, cooked, roasted",10,,High-Protein,24,
167906,"Pork, fresh, composite of trimmed retail cuts (loin and shoulder blade), separable lean and fat, cooked",10,,High-Protein,24,
167907,"Pork, fresh, composite of trimmed retail cuts (loin and shoulder blade), separable lean only, raw",10,,High-Protein,24,
167908,"Pork, fresh, composite of trimmed retail cuts (loin and shoulder blade), separable lean only, cooked",10,,High-Protein,24,
167909,"HORMEL, Cure 81 Ham",10,,High-Protein,24,
167910,"HORMEL ALWAYS TENDER, Pork Tenderloin, Teriyaki-Flavored",10,Soybeans,High-Protein,24,
167911,HORMEL Canadian Style Bacon,10,,High-Protein,24,
167912,"Pork, fresh, loin, top loin (chops), boneless, separable lean only, with added solution, cooked, pan-broiled",10,,High-Protein,24,
167913,"Pork, fresh, loin, top loin (chops), boneless, separable lean and fat, with added solution, cooked, pan-broiled",10,,High-Protein,24,
167914,"Pork, cured, bacon, cooked, baked",10,,High-Protein,24,
167915,"Pork, cured, ham -- water added, rump, bone-in, separable lean only, heated, roasted",10,,High-Protein,24,
167916,"Pork, cured, ham -- water added, rump, bone-in, separable lean only, unheated",10,,High-Protein,24,
167917,"Pork, cured, ham -- water added, shank, bone-in, separable lean only, heated, roasted",10,,High-Protein,24,
167918,"Pork, cured, ham -- water added, slice, bone-in, separable lean only, heated, pan-broil",10,,High-Protein,24,
167919,"Pork, cured, ham with natural juices, rump, bone-in, separable lean only, heated, roasted",10,,High-Protein,24,
167920,"Pork, cured, ham with natural juices, shank, bone-in, separable lean only, heated, roasted",10,,High-Protein,24,
167921,"Pillsbury Grands, Buttermilk Biscuits, refrigerated dough",18,"Cereals containing gluten,Milk,Soybeans",Vegetarian,24,
167922,"Heinz, Weight Watcher, Chocolate Eclair, frozen",18,"Cereals containing gluten,Eggs,Milk,Soybeans",Vegetarian,24,
167923,"Interstate Brands Corp, Wonder Hamburger Rolls",18,"Cereals containing gluten,Soybeans","Vegan,Vegetarian",24,
167924,"Nabisco, Nabisco Snackwell's Fat Free Devil's Food Cookie Cakes",18,"Cereals containing gluten,Eggs,Milk,Soybeans","Fat-Free,Low-Fat,Vegetarian",24,
167925,"Crackers, cheese, sandwich-type with cheese filling",18,"Cereals containing gluten,Milk,Peanuts,Soybeans",Vegetarian,48,
167926,"Pancakes, plain, frozen, ready-to-heat, microwave (includes buttermilk)",18,"Cereals containing gluten,Eggs,Milk,Soybeans",Vegetarian,24,
167927,"Toaster Pastries, fruit, frosted (include apples, blueberry, cherry, strawberry)",18,"Cereals containing gluten,Milk,Soybeans","Vegetarian,Vitamin-Rich",24,
167928,"Toaster pastries, fruit, toasted (include apple, blueberry, cherry, strawberry)",18,"Cereals containing gluten,Milk,Soybeans","Vegetarian,Vitamin-Rich",24,
167929,"Muffin, blueberry, commercially prepared, low-fat",18,"Cereals containing gluten,Eggs,Soybeans","Low-Fat,Vegetarian,Vitamin-Rich",24,
167930,"Pie crust, refrigerated, regular, baked",18,Cereals containing gluten,"Vegan,Vegetarian",24,
167932,"Pie crust, refrigerated, regular, unbaked",18,Cereals containing gluten,"Vegan,Vegetarian",24,
167933,"Crackers, whole-wheat, reduced fat",18,"Cereals containing gluten,Soybeans","Low-Fat,Vegan,Vegetarian",24,
167934,"Crackers, wheat, reduced fat",18,"Cereals containing gluten,Soybeans","Low-Fat,Vegan,Vegetarian",24,
167935,"Bread, pan dulce, sweet yeast bread",18,"Cereals containing gluten,Eggs,Milk",Vegetarian,24,
167936,"Keikitos (muffins), Latino bakery item",18,"Cereals containing gluten,Eggs,Milk",Vegetarian,24,
167937,"Cake, pound, Bimbo Bakeries USA, Panque Casero, home baked style",18,"Cereals containing gluten,Eggs,Milk,Soybeans",Vegetarian,24,
167938,"Pan Dulce, La Ricura, Salpora de Arroz con Azucar, cookie-like, contains wheat flour and rice flour",18,"Cereals containing gluten,Eggs",Vegetarian,24,
167939,"Garlic bread, frozen",18,"Cereals containing gluten,Milk,Soybeans",Vegetarian,24,
167940,"Cinnamon buns, frosted (includes honey buns)",18,"Cereals containing gluten,Eggs,Milk,Soybeans",Vegetarian,24,
167941,"Crackers, cheese, reduced fat",18,"Cereals containing gluten,Milk,Soybeans","Low-Fat,Vegetarian",24,
167942,"Crackers, saltines, whole wheat (includes multi-grain)",18,"Cereals containing gluten,Soybeans","Vegan,Vegetarian",24,
167943,"Bread, potato",18,"Cereals containing gluten,Milk,Soybeans","Vegetarian,Vitamin-Rich",24,
167944,"Bread, cheese",18,"Cereals containing gluten,Milk",Vegetarian,24,
167945,"Focaccia, Italian flatbread, plain",18,Cereals containing gluten,"Vegan,Vegetarian",24,
167946,"SCHIFF,TIGER'S MILK BAR",19,"Cereals containing gluten,Milk,Peanuts,Soybeans","High-Protein,Vegetarian",48,
167947,"Candies, TOBLERONE, milk chocolate with honey and almond nougat",19,"Eggs,Milk,Nuts,Nuts (almonds),Soybeans",Vegetarian,48,
167948,"Snacks, corn-based, extruded, onion-flavor",23,Milk,Vegetarian,24,
167949,"Snacks, corn-based, extruded, puffs or twists, cheese-flavor",23,Milk,Vegetarian,24,
167950,"Snacks, KRAFT, CORNNUTS, plain",23,,"Vegan,Vegetarian",48,
167951,"Snacks, crisped rice bar, chocolate chip",23,"Cereals containing gluten,Milk,Soybeans",Vegetarian,24,
167952,"Snacks, granola bars, hard, chocolate chip",23,"Cereals containing gluten,Cereals containing gluten (oats),Soybeans","Vegan,Vegetarian",24,
167953,Fruit syrup,19,,"Vegan,Vegetarian,Vitamin-Rich",24,
167954,"Snacks, granola bars, soft, uncoated, plain",23,"Cereals containing gluten,Cereals containing gluten (oats),Peanuts,Soybeans",Vegetarian,48,
167955,"Snacks, granola bars, soft, uncoated, peanut butter",23,"Cereals containing gluten,Cereals containing gluten (oats),Peanuts,Soybeans",Vegetarian,48,
167956,"Topping, SMUCKER'S MAGIC SHELL",19,"Milk,Nuts (coconut),Soybeans",Vegetarian,24,
167957,"Syrup, fruit flavored",19,,"Vegan,Vegetarian,Vitamin-Rich",24,
167958,"Snacks, oriental mix, rice-based",23,"Cereals containing gluten,Peanuts,Sesame seeds,Soybeans",Vegetarian,48,
167959,"Snacks, popcorn, air-popped",23,,"Vegan,Vegetarian",48,
167960,"Snacks, popcorn, cheese-flavor",23,Milk,Vegetarian,48,
167961,"Snacks, pork skins, plain",23,,High-Protein,24,
167962,"Snacks, potato chips, barbecue-flavor",23,,"Vegan,Vegetarian,Vitamin-Rich",24,
167963,"Snacks, potato chips, sour-cream-and-onion-flavor",23,Milk,"Vegetarian,Vitamin-Rich",24,
167964,"Snacks, M&M MARS, COMBOS Snacks Cheddar Cheese Pretzel",23,"Cereals containing gluten,Milk,Soybeans",Vegetarian,24,
167965,"Snacks, pretzels, hard, whole-wheat including both salted and unsalted",23,Cereals containing gluten,"Vegan,Vegetarian",24,
167966,"Snacks, rice cracker brown rice, plain",23,,"Vegan,Vegetarian",24,
167967,"Snacks, rice cakes, brown rice, buckwheat",23,,"Vegan,Vegetarian",24,
167968,"Snacks, trail mix, tropical",23,"Nuts,Nuts (coconut),Peanuts,Soybeans,Sulphur dioxide/sulphites","High-Protein,Vegetarian,Vitamin-Rich",48,
167969,"Snacks, trail mix, regular, with chocolate chips, salted nuts and seeds",23,"Milk,Nuts,Peanuts,Soybeans","High-Protein,Vegetarian",48,
167970,"Snacks, tortilla chips, taco-flavor",23,Milk,Vegetarian,24,
167971,"Candies, TOOTSIE ROLL, chocolate-flavor roll",19,"Milk,Soybeans",Vegetarian,24,
167972,"Candies, butterscotch",19,"Milk,Soybeans",Vegetarian,48,
167973,"Candies, carob, unsweetened",19,"Milk,Soybeans","No Added Sugar,Vegetarian",24,
167974,"Candies, caramels",19,"Milk,Soybeans",Vegetarian,24,
167975,"Candies, CARAMELLO Candy Bar",19,"Milk,Soybeans",Vegetarian,24,
167976,"Candies, semisweet chocolate",19,"Milk,Soybeans",Vegetarian,24,
167977,"Candies, sweet chocolate",19,"Milk,Soybeans",Vegetarian,24,
167978,"Candies, sweet chocolate coated fondant",19,"Eggs,Milk,Soybeans",Vegetarian,24,
167979,"Candies, HERSHEY'S GOLDEN ALMOND SOLITAIRES",19,"Milk,Nuts,Nuts (almonds),Soybeans",Vegetarian,48,
167980,"Candies, confectioner's coating, butterscotch",19,"Milk,Soybeans",Vegetarian,24,
167981,"Ice creams, french vanilla, soft-serve",19,"Eggs,Milk",Vegetarian,24,
167982,"Candies, YORK Peppermint Pattie",19,"Eggs,Milk,Soybeans",Vegetarian,24,
167983,"Candies, TWIZZLERS NIBS CHERRY BITS",19,Cereals containing gluten,"Vegan,Vegetarian",24,
167984,"Candies, SYMPHONY Milk Chocolate Bar",19,"Milk,Nuts,Nuts (almonds),Soybeans",Vegetarian,48,
167985,"Candies, 5TH AVENUE Candy Bar",19,"Milk,Peanuts,Soybeans",Vegetarian,48,
167986,"Candies, fondant, prepared-from-recipe",19,Eggs,Vegetarian,24,
167987,"Candies, fudge, chocolate, prepared-from-recipe",19,Milk,Vegetarian,24,
167988,"Candies, fudge, chocolate, with nuts, prepared-from-recipe",19,"Milk,Nuts",Vegetarian,48,
167989,"Candies, gumdrops, starch jelly pieces",19,,"Vegan,Vegetarian",48,
167990,"Candies, hard",19,,"Vegan,Vegetarian",48,
167991,"Candies, jellybeans",19,,"Vegan,Vegetarian",48,
167992,"Candies, KIT KAT Wafer Bar",19,"Cereals containing gluten,Milk,Soybeans",Vegetarian,24,
167993,"Candies, KRACKEL Chocolate Bar",19,"Cereals containing gluten,Milk,Soybeans",Vegetarian,24,
167994,"Candies, MARS SNACKFOOD US, MARS Almond Bar",19,"Eggs,Milk,Nuts,Nuts (almonds),Soybeans",Vegetarian,48,
167995,"Candies, marshmallows",19,,"Gluten-Free,Vegetarian",24,
167996,"Candies, halavah, plain",19,"Eggs,Sesame seeds",Vegetarian,24,
167997,"Candies, NESTLE, OH HENRY! Bar",19,"Milk,Peanuts,Soybeans",Vegetarian,48,
167998,"Puddings, chocolate, dry mix, instant, prepared with 2% milk",19,Milk,Vegetarian,24,
167999,"Baking chocolate, mexican, squares",19,"Nuts,Nuts (almonds),Soybeans","Vegan,Vegetarian",48,
168000,Chocolate-flavored hazelnut spread,19,"Milk,Nuts,Nuts (hazelnuts),Soybeans",Vegetarian,48,
168001,"Candies, milk chocolate coated peanuts",19,"Milk,Peanuts,Soybeans",Vegetarian,48,
168002,"Glutino, Gluten Free Wafers, Lemon Flavored",18,"Milk,Nuts,Nuts (coconut),Soybeans","Gluten-Free,Vegetarian",48,
168003,"Glutino, Gluten Free Wafers, Milk Chocolate",18,"Milk,Nuts,Nuts (coconut),Soybeans","Gluten-Free,Vegetarian",48,
168004,"Mary's Gone Crackers, Original Crackers, Organic Gluten Free",18,"Sesame seeds,Soybeans","Gluten-Free,Vegan,Vegetarian",24,
168005,"Pepperidge Farm, Goldfish, Baked Snack Crackers, Cheddar",18,"Cereals containing gluten,Milk",Vegetarian,24,
168006,"Pepperidge Farm, Goldfish, Baked Snack Crackers, Explosive Pizza",18,"Cereals containing gluten,Milk",Vegetarian,24,
168007,"Sage Valley, Gluten Free Vanilla Sandwich Cookies",18,"Eggs,Soybeans","Gluten-Free,Vegetarian",24,
168008,"Schar, Gluten-Free, Classic White Rolls",18,Soybeans,"Gluten-Free,Vegan,Vegetarian",24,
168009,"Schar, Gluten-Free, Wheat-Free, Classic White Bread",18,Soybeans,"Gluten-Free,Vegan,Vegetarian",24,
168010,"Udi's, Gluten Free, Classic French Dinner Rolls",18,Eggs,"Gluten-Free,Vegetarian",24,
168011,"Van's, Gluten Free, Totally Original Waffles",18,Soybeans,"Gluten-Free,Vegan,Vegetarian",24,
168012,"Van's, The Perfect 10, Crispy Six Whole Grain + Four Seed Baked Crackers, Gluten Free",18,"Cereals containing gluten,Cereals containing gluten (oats),Sesame seeds,Soybeans","Gluten-Free,Vegan,Vegetarian",24,
168013,"Bread, multi-grain (includes whole-grain)",18,"Cereals containing gluten,Cereals containing gluten (oats)","Vegan,Vegetarian",24,
168014,"Cookies, animal crackers (includes arrowroot, tea biscuits)",18,"Cereals containing gluten,Soybeans","Vegan,Vegetarian",24,
168015,"Sweet Potatoes, french fried, crosscut, frozen, unprepared",11,,"Vegan,Vegetarian,Vitamin-Rich",24,
168016,"Sweet Potato puffs, frozen, unprepared",11,Cereals containing gluten,"Vegan,Vegetarian,Vitamin-Rich",24,
168017,"Mouse nuts, roots (Alaska Native)",24,Nuts,"Vegan,Vegetarian",48,
168018,"Mouse nuts, seedlings (Alaska Native)",24,Nuts,"Vegan,Vegetarian",48,
168019,Octopus (Alaska Native),24,Molluscs,"High-Protein,Pescatarian",24,
168020,"Seal, bearded (Oogruk), meat, dried (Alaska Native)",24,,High-Protein,24,
168021,"Fish, pike, northern, liver (Alaska Native)",24,Fish,"High-Protein,Pescatarian",24,
168022,"Rhubarb, wild, leaves (Alaska Native)",24,,"Vegan,Vegetarian,Vitamin-Rich",24,
168023,"Fish, salmon, tipnuk, fermented (Alaska Native)",24,Fish,"High-Protein,Pescatarian",24,
168024,"Fish, salmon, king, chinook, kippered, canned (Alaska Native)",24,Fish,"High-Protein,Pescatarian",24,
168025,"Seal, ringed, meat (Alaska Native)",24,,High-Protein,24,
168026,"Seal, ringed, liver (Alaska Native)",24,,High-Protein,24,
168027,"Soup, fish, homemade (Alaska Native)",24,Fish,"High-Protein,Pescatarian",24,
168028,"Sourdock, young leaves (Alaska Native)",24,,"Vegan,Vegetarian,Vitamin-Rich",24,
168029,"Walrus, meat, raw (Alaska Native)",24,,High-Protein,24,
168030,"Walrus, meat and subcutaneous fat raw (Alaska Native)",24,,High-Protein,24,
168031,"Walrus, liver, raw (Alaska Native)",24,,High-Protein,24,
168032,"Oil, walrus (Alaska Native)",24,,High-Protein,24,
168033,"Fish, whitefish, mixed species, raw (Alaska Native)",24,Fish,"High-Protein,Pescatarian",24,
168034,"Fish, whitefish, broad, head, eyes, cheeks and soft bones (Alaska Native)",24,Fish,"High-Protein,Pescatarian",24,
168035,"Willow, leaves in oil (Alaska Native)",24,,"Vegan,Vegetarian",24,
168036,"Willow, young leaves, chopped (Alaska Native)",24,,"Vegan,Vegetarian",24,
168037,"Corn, white, steamed (Navajo)",24,,"Vegan,Vegetarian",24,
168038,"Cornmeal, white (Navajo)",24,,"Vegan,Vegetarian",24,
168039,"Cornmeal, yellow (Navajo)",24,,"Vegan,Vegetarian",24,
168040,"Squash, Indian, raw (Navajo)",24,,"Vegan,Vegetarian,Vitamin-Rich",24,
168041,"Tortilla, includes plain and from mutton sandwich (Navajo)",24,Cereals containing gluten,High-Protein,24,
168042,"Stew, dumpling with mutton (Navajo)",24,Cereals containing gluten,High-Protein,24,
168043,"Stew, hominy with mutton (Navajo)",24,,High-Protein,24,
168044,"Stew, mutton, corn, squash (Navajo)",24,,"High-Protein,Vitamin-Rich",24,
168045,"Fish, salmon, sockeye (red), raw (Alaska Native)",24,Fish,"High-Protein,Pescatarian",24,
168046,"Fish, Salmon, Chum, raw (Alaska Native)",24,Fish,"High-Protein,Pescatarian",24,
168047,"Fish, salmon, king (chinook), raw (Alaska Native)",24,Fish,"High-Protein,Pescatarian",24,
168048,"Salmonberries, raw (Alaska Native)",24,,"Vegan,Vegetarian,Vitamin-Rich",24,
168049,"Caribou, shoulder meat, dried (Alaska Native)",24,,High-Protein,24,
168050,"Caribou, hind quarter meat, raw (Alaska Native)",24,,High-Protein,24,
168051,"Seal, bearded (Oogruk), meat, dried, in oil (Alaska Native)",24,,High-Protein,24,
168052,"Fish, whitefish, dried (Alaska Native)",24,Fish,"High-Protein,Pescatarian",24,
168053,"Seal, bearded (Oogruk), meat, low quadrant, raw (Alaska Native)",24,,High-Protein,24,
168054,"Fish, salmon, chum, dried (Alaska Native)",24,Fish,"High-Protein,Pescatarian",24,
168055,"Elk, free range, ground, cooked patties (Shoshone Bannock)",24,,High-Protein,24,
168056,"Elk, free range, ground, raw (Shoshone Bannock)",24,,High-Protein,24,
168057,"Elk, free range, roast, eye of round, cooked (Shoshone Bannock)",24,,High-Protein,24,
168058,"Chokecherries, raw, pitted (Shoshone Bannock)",24,,"Vegan,Vegetarian,Vitamin-Rich",24,
168059,"Steelhead trout, dried, flesh (Shoshone Bannock)",24,Fish,"High-Protein,Pescatarian",24,
168060,"Steelhead trout, boiled, canned (Alaska Native)",24,Fish,"High-Protein,Pescatarian",24,
168061,Acorn stew (Apache),24,Nuts,"Vegan,Vegetarian",48,
168062,"Restaurant, Italian, chicken parmesan without pasta",25,"Cereals containing gluten,Milk",High-Protein,24,
168063,"Restaurant, Latino, arroz con leche (rice pudding)",25,"Cereals containing gluten,Milk",Vegetarian,24,
168064,"Restaurant, Latino, Arroz con frijoles negros (rice and black beans)",25,Cereals containing gluten,"High-Protein,Vegan,Vegetarian",24,
168065,"Restaurant, Latino, Arroz con habichuelas colorados (Rice And Red Beans)",25,Cereals containing gluten,"High-Protein,Vegan,Vegetarian",24,
168066,"Restaurant, Latino, Arroz con grandules (rice and pigeonpeas)",25,Cereals containing gluten,"High-Protein,Vegan,Vegetarian",24,
168067,"Restaurant, Latino, tamale, pork",25,,High-Protein,24,
168068,"Restaurant, Latino, black bean soup",25,,"High-Protein,Vegan,Vegetarian",24,
168069,"Restaurant, Latino, tripe soup",25,,High-Protein,24,
168070,"Restaurant, Latino, arepa (unleavened cornmeal bread)",25,,"Vegan,Vegetarian",24,
168071,"Restaurant, Latino, bunuelos (fried yeast bread)",25,"Cereals containing gluten,Eggs",Vegetarian,24,
168072,"Restaurant, Chinese, beef and vegetables",25,Soybeans,"High-Protein,Vitamin-Rich",24,
168073,"CRACKER BARREL, chicken tenderloin platter, fried, from kid's menu",25,Cereals containing gluten,High-Protein,24,
168074,"CRACKER BARREL, country fried shrimp platter",25,"Cereals containing gluten,Crustaceans,Milk","High-Protein,Pescatarian",24,
168075,"CRACKER BARREL, farm raised catfish platter",25,"Cereals containing gluten,Fish","High-Protein,Pescatarian",24,
168076,"DENNY'S, mozzarella cheese sticks",25,"Cereals containing gluten,Milk","High-Protein,Vegetarian",24,
168077,"DENNY'S, golden fried shrimp",25,"Cereals containing gluten,Crustaceans,Eggs,Milk","High-Protein,Pescatarian",24,
168078,"DENNY'S, macaroni & cheese, from kid's menu",25,"Cereals containing gluten,Milk","High-Protein,Vegetarian",24,
168079,"DENNY'S, chicken nuggets, star shaped, from kid's menu",25,Cereals containing gluten,High-Protein,24,
168080,"Restaurant, Chinese, shrimp and vegetables",25,Crustaceans,"High-Protein,Pescatarian,Vitamin-Rich",24,
168081,"Restaurant, Chinese, sweet and sour chicken",25,Cereals containing gluten,High-Protein,24,
168082,"Restaurant, Chinese, sweet and sour pork",25,Cereals containing gluten,High-Protein,24,
168083,"Restaurant, Chinese, chicken chow mein",25,Cereals containing gluten,High-Protein,24,
168084,"Restaurant, Chinese, vegetable chow mein, without meat or noodles",25,Soybeans,"Vegan,Vegetarian,Vitamin-Rich",24,
168085,"OLIVE GARDEN, spaghetti with meat sauce",25,Cereals containing gluten,High-Protein,24,
168086,"CARRABBA'S ITALIAN GRILL, spaghetti with meat sauce",25,Cereals containing gluten,High-Protein,24,
168087,"Restaurant, Chinese, sesame chicken",25,"Cereals containing gluten,Sesame seeds",High-Protein,24,
168088,"Syrups, grenadine",19,,"Vegan,Vegetarian",24,
168089,"Imitation cheese, american or cheddar, low cholesterol",1,"Milk,Soybeans","High-Protein,Vegetarian",24,
168090,"Babyfood, banana juice with low fat yogurt",3,Milk,"High-Protein,Low-Fat,Vegetarian,Vitamin-Rich",4,24.0
168091,"Babyfood, mixed fruit juice with low fat yogurt",3,Milk,"High-Protein,Low-Fat,Vegetarian,Vitamin-Rich",4,24.0
168092,"Ham, turkey, sliced, extra lean, prepackaged or deli",7,,"High-Protein,Low-Fat",24,
168093,"Salad dressing, peppercorn dressing, commercial, regular",4,"Eggs,Milk",Vegetarian,24,
168094,"Mayonnaise, reduced-calorie or diet, cholesterol-free",4,Eggs,Vegetarian,24,
168095,"Granola bar, soft, milk chocolate coated, peanut butter",23,"Cereals containing gluten,Cereals containing gluten (oats),Milk,Peanuts,Soybeans",Vegetarian,48,
168096,"Salad dressing, italian dressing, reduced calorie",4,,"Vegan,Vegetarian",24,
168097,"Cream substitute, liquid, light",1,"Milk,Soybeans",Vegetarian,24,
168098,"Cheese, monterey, low fat",1,Milk,"High-Protein,Low-Fat,Vegetarian",24,
168099,"Creamy dressing, made with sour cream and/or buttermilk and oil, reduced calorie, fat-free",4,Milk,"Fat-Free,Low-Fat,Vegetarian",24,
168100,"Creamy dressing, made with sour cream and/or buttermilk and oil, reduced calorie, cholesterol-free",4,"Eggs,Milk",Vegetarian,24,
168101,"Bologna, beef, low fat",7,,"High-Protein,Low-Fat",24,
168102,"Candies, MARS SNACKFOOD US, TWIX chocolate fudge cookie bars",19,"Cereals containing gluten,Milk,Soybeans",Vegetarian,24,
168103,"Frozen yogurts, chocolate, nonfat milk, sweetened without sugar",19,Milk,"Fat-Free,Low-Fat,No Added Sugar,Vegetarian",24,
168104,"Frozen yogurts, chocolate",19,Milk,Vegetarian,24,
168105,"Frozen yogurts, flavors other than chocolate",19,Milk,Vegetarian,24,
168106,Papad,16,,"High-Protein,Vegan,Vegetarian",24,
168107,"Rice cake, cracker (include hain mini rice cakes)",23,,"Vegan,Vegetarian",24,
168108,"Candies, MARS SNACKFOOD US, M&M's Almond Chocolate Candies",19,"Milk,Nuts,Nuts (almonds),Soybeans",Vegetarian,48,
168109,"Salad Dressing, coleslaw, reduced fat",4,Eggs,"Low-Fat,Vegetarian,Vitamin-Rich",24,
168110,"Pork, cured, ham, low sodium, lean and fat, cooked",10,,"High-Protein,Low Sodium",24,
168111,"Pork, cured, ham, boneless, low sodium, extra lean (approximately 5% fat), roasted",10,,"High-Protein,Low Sodium,Low-Fat",24,
168112,"Salad dressing, mayonnaise and mayonnaise-type, low calorie",4,Eggs,Vegetarian,24,
168113,"Frozen novelties, juice type, orange",19,,"Vegan,Vegetarian,Vitamin-Rich",24,
168114,"Cheese, cottage, lowfat, 1% milkfat, no sodium added",1,Milk,"High-Protein,Low Sodium,Low-Fat,Vegetarian",24,
168115,"Mayonnaise, low sodium, low calorie or diet",4,Eggs,"Low Sodium,Vegetarian",24,
168116,"Snacks, tortilla chips, unsalted, white corn",23,,"Low Sodium,Vegan,Vegetarian",24,
168117,"Cranberry juice, unsweetened",9,,"No Added Sugar,Vegan,Vegetarian,Vitamin-Rich",24,
168118,"Beef, bologna, reduced sodium",7,,"High-Protein,Low Sodium",24,
168119,"Turnip greens, canned, no salt added",11,,"Low Sodium,Vegan,Vegetarian,Vitamin-Rich",24,
168120,"Turkey, light or dark meat, smoked, cooked, with skin, bone removed",5,,High-Protein,24,
168121,"Cheese, pasteurized process, cheddar or American, low sodium",1,Milk,"High-Protein,Low Sodium,Vegetarian",24,
168122,"Beverages, coffee, instant, with whitener, reduced calorie",14,"Milk,Soybeans",Vegetarian,24,
168123,"Beverages, cranberry-apple juice drink, low calorie, with vitamin C added",14,,"No Added Sugar,Vegan,Vegetarian,Vitamin-Rich",24,
168124,"Cheese, swiss, low sodium",1,Milk,"High-Protein,Low Sodium,Vegetarian",24,
168125,"Babyfood, dinner, macaroni, beef and tomato sauce, toddler",3,Cereals containing gluten,"High-Protein,Vitamin-Rich",12,24.0
168126,"Rolls, pumpernickel",18,"Cereals containing gluten,Cereals containing gluten (rye)","Vegan,Vegetarian",24,
168127,"Snacks, corn-based, extruded, chips, unsalted",23,,"Low Sodium,Vegan,Vegetarian",24,
168128,"Beans, baked, canned, no salt added",16,,"High-Protein,Low Sodium,Vegan,Vegetarian",24,
168129,"Jellyfish, dried, salted",15,,"High-Protein,Pescatarian",24,
168130,"Frozen novelties, ice cream type, chocolate or caramel covered, with nuts",19,"Milk,Nuts,Peanuts,Soybeans",Vegetarian,48,
168131,"Frankfurter, low sodium",7,,"High-Protein,Low Sodium",24,
168132,"Frozen novelties, ice type, pop, with low calorie sweetener",19,,"No Added Sugar,Vegan,Vegetarian",24,
168133,"Babyfood, dessert, peach yogurt",3,Milk,"High-Protein,Vegetarian,Vitamin-Rich",4,24.0
168134,"Babyfood, dessert, blueberry yogurt, strained",3,Milk,"High-Protein,Vegetarian,Vitamin-Rich",4,24.0
168135,"Babyfood, dessert, banana yogurt, strained",3,Milk,"High-Protein,Vegetarian,Vitamin-Rich",4,24.0
168136,"Ice creams, chocolate, rich",19,"Eggs,Milk",Vegetarian,24,
168137,"Snacks, tortilla chips, light (baked with less oil)",23,,"Low-Fat,Vegan,Vegetarian",24,
168138,"Cereals ready-to-eat, POST, HONEY BUNCHES OF OATS, honey roasted",8,"Cereals containing gluten,Cereals containing gluten (barley),Cereals containing gluten (oats)",Vegetarian,24,
168139,"Popcorn, microwave, low fat and sodium",23,,"Low Sodium,Low-Fat,Vegan,Vegetarian",48,
168140,"Babyfood, fruit supreme dessert",3,,"Vegan,Vegetarian,Vitamin-Rich",4,24.0
168141,"Cheese, swiss, low fat",1,Milk,"High-Protein,Low-Fat,Vegetarian",24,
168142,"Sweeteners, tabletop, fructose, liquid",19,,"Vegan,Vegetarian",24,
168143,"Puddings, chocolate flavor, low calorie, instant, dry mix",19,Milk,"Low-Fat,Vegetarian",24,
168144,"Babyfood, grape juice, no sugar, canned",3,,"No Added Sugar,Vegan,Vegetarian,Vitamin-Rich",4,24.0
168145,"Jellies, reduced sugar, home preserved",19,,"No Added Sugar,Vegan,Vegetarian,Vitamin-Rich",24,
168146,"Puddings, all flavors except chocolate, low calorie, instant, dry mix",19,,"Vegan,Vegetarian",24,
168147,Vital wheat gluten,20,Cereals containing gluten,"High-Protein,Vegan,Vegetarian",24,
168148,"Frog legs, raw",15,,"High-Protein,Pescatarian",24,
168149,"Fish, mackerel, salted",15,Fish,"High-Protein,Pescatarian",24,
168150,"Java-plum, (jambolan), raw",9,,"Vegan,Vegetarian,Vitamin-Rich",24,
168151,"Jujube, raw",9,,"Vegan,Vegetarian,Vitamin-Rich",24,
168152,"Jujube, Chinese, fresh, dried",9,,"Vegan,Vegetarian,Vitamin-Rich",24,
168153,"Kiwifruit, green, raw",9,,"Vegan,Vegetarian,Vitamin-Rich",24,
168154,"Kumquats, raw",9,,"Vegan,Vegetarian,Vitamin-Rich",24,
168155,"Limes, raw",9,,"Vegan,Vegetarian,Vitamin-Rich",24,
168156,"Lime juice, raw",9,,"Vegan,Vegetarian,Vitamin-Rich",24,
168157,"Lime juice, canned or bottled, unsweetened",9,,"No Added Sugar,Vegan,Vegetarian,Vitamin-Rich",24,
168158,"Blueberries, dried, sweetened",9,Sulphur dioxide/sulphites,"Vegan,Vegetarian,Vitamin-Rich",24,
168159,"Prunes, canned, heavy syrup pack, solids and liquids",9,,"Vegan,Vegetarian,Vitamin-Rich",24,
168160,"Prunes, dehydrated (low-moisture), uncooked",9,Sulphur dioxide/sulphites,"Vegan,Vegetarian,Vitamin-Rich",24,
168161,"Prunes, dehydrated (low-moisture), stewed",9,Sulphur dioxide/sulphites,"Vegan,Vegetarian,Vitamin-Rich",24,
168162,"Plums, dried (prunes), uncooked",9,Sulphur dioxide/sulphites,"Vegan,Vegetarian,Vitamin-Rich",24,
168163,"Quinces, raw",9,,"Vegan,Vegetarian,Vitamin-Rich",24,
168164,"Raisins, golden, seedless",9,Sulphur dioxide/sulphites,"Vegan,Vegetarian,Vitamin-Rich",24,
168165,"Raisins, dark, seedless (Includes foods for USDA's Food Distribution Program)",9,,"Vegan,Vegetarian,Vitamin-Rich",24,
168166,"Raisins, seeded",9,,"Vegan,Vegetarian,Vitamin-Rich",24,
168167,"Rambutan, canned, syrup pack",9,,"Vegan,Vegetarian,Vitamin-Rich",24,
168168,"Rhubarb, frozen, uncooked",9,,"Vegan,Vegetarian,Vitamin-Rich",24,
168169,"Rhubarb, frozen, cooked, with sugar",9,,"Vegan,Vegetarian,Vitamin-Rich",24,
168170,"Roselle, raw",9,,"Vegan,Vegetarian,Vitamin-Rich",24,
168171,"Rose-apples, raw",9,,"Vegan,Vegetarian,Vitamin-Rich",24,
168172,"Strawberries, canned, heavy syrup pack, solids and liquids",9,,"Vegan,Vegetarian,Vitamin-Rich",24,
168173,"Strawberries, frozen, unsweetened (Includes foods for USDA's Food Distribution Program)",9,,"No Added Sugar,Vegan,Vegetarian,Vitamin-Rich",24,
168174,"Strawberries, frozen, sweetened, sliced",9,,"Vegan,Vegetarian,Vitamin-Rich",24,
168175,"Sugar-apples, (sweetsop), raw",9,,"Vegan,Vegetarian,Vitamin-Rich",24,
168176,"Feijoa, raw",9,,"Vegan,Vegetarian,Vitamin-Rich",24,
168177,"Pears, asian, raw",9,,"Vegan,Vegetarian,Vitamin-Rich",24,
168178,"Fruit cocktail, canned, heavy syrup, drained",9,,"Vegan,Vegetarian,Vitamin-Rich",24,
168179,"Blueberries, canned, light syrup, drained",9,,"Vegan,Vegetarian,Vitamin-Rich",24,
168180,"Blueberries, wild, canned, heavy syrup, drained",9,,"Vegan,Vegetarian,Vitamin-Rich",24,
168181,"Peaches, canned, heavy syrup, drained",9,,"Vegan,Vegetarian,Vitamin-Rich",24,
168182,"Pears, canned, heavy syrup, drained",9,,"Vegan,Vegetarian,Vitamin-Rich",24,
168183,"Plums, canned, heavy syrup, drained",9,,"Vegan,Vegetarian,Vitamin-Rich",24,
168184,"Tangerines, (mandarin oranges), canned, juice pack, drained",9,,"Vegan,Vegetarian,Vitamin-Rich",24,
168185,"Peach nectar, canned, with added ascorbic acid",9,,"Vegan,Vegetarian,Vitamin-Rich",24,
168186,"Pear nectar, canned, with added ascorbic acid",9,,"Vegan,Vegetarian,Vitamin-Rich",24,
168187,"Pineapple juice, canned or bottled, unsweetened, with added ascorbic acid",9,,"No Added Sugar,Vegan,Vegetarian,Vitamin-Rich",24,
168188,"Apple juice, frozen concentrate, unsweetened, undiluted, with added ascorbic acid",9,,"No Added Sugar,Vegan,Vegetarian,Vitamin-Rich",24,
168189,"Grapefruit juice, white, bottled, unsweetened, OCEAN SPRAY",9,,"No Added Sugar,Vegan,Vegetarian,Vitamin-Rich",24,
168190,"Jackfruit, canned, syrup pack",9,,"Vegan,Vegetarian,Vitamin-Rich",24,
168191,"Dates, medjool",9,,"Vegan,Vegetarian,Vitamin-Rich",24,
168192,"Durian, raw or frozen",9,,"Vegan,Vegetarian,Vitamin-Rich",24,
168193,"Pineapple, raw, traditional varieties",9,,"Vegan,Vegetarian,Vitamin-Rich",24,
168194,"Pineapple, raw, extra sweet variety",9,,"Vegan,Vegetarian,Vitamin-Rich",24,
168195,"Clementines, raw",9,,"Vegan,Vegetarian,Vitamin-Rich",24,
168196,"Guanabana nectar, canned",9,,"Vegan,Vegetarian,Vitamin-Rich",24,
168197,"Juice, apple and grape blend, with added ascorbic acid",9,,"Vegan,Vegetarian,Vitamin-Rich",24,
168198,"Juice, apple, grape and pear blend, with added ascorbic acid and calcium",9,,"Mineral-Rich,Vegan,Vegetarian,Vitamin-Rich",24,
168199,"Plantains, green, fried",9,,"Vegan,Vegetarian,Vitamin-Rich",24,
168200,"Plantains, yellow, fried, Latino restaurant",9,,"Vegan,Vegetarian,Vitamin-Rich",24,
168201,"Apples, raw, red delicious, with skin (Includes foods for USDA's Food Distribution Program)",9,,"Vegan,Vegetarian,Vitamin-Rich",24,
168202,"Apples, raw, golden delicious, with skin",9,,"Vegan,Vegetarian,Vitamin-Rich",24,
168203,"Apples, raw, granny smith, with skin (Includes foods for USDA's Food Distribution Program)",9,,"Vegan,Vegetarian,Vitamin-Rich",24,
168204,"Apples, raw, gala, with skin (Includes foods for USDA's Food Distribution Program)",9,,"Vegan,Vegetarian,Vitamin-Rich",24,
168205,"Pineapple juice, canned, not from concentrate, unsweetened, with added vitamins A, C and E",9,,"No Added Sugar,Vegan,Vegetarian,Vitamin-Rich",24,
168206,"Fruit juice smoothie, NAKED JUICE, BLUE MACHINE",9,,"Vegan,Vegetarian,Vitamin-Rich",24,
168207,"Grape juice, canned or bottled, unsweetened, with added ascorbic acid and calcium",9,,"Mineral-Rich,No Added Sugar,Vegan,Vegetarian,Vitamin-Rich",24,
168208,"Fruit juice smoothie, ODWALLA, ORIGINAL SUPERFOOD",9,,"Vegan,Vegetarian,Vitamin-Rich",24,
168209,"Raspberries, frozen, red, unsweetened",9,,"No Added Sugar,Vegan,Vegetarian,Vitamin-Rich",24,
168210,"Guava nectar, with sucralose, canned",9,,"Vegan,Vegetarian,Vitamin-Rich",24,
168211,"Kiwifruit, ZESPRI SunGold, raw",9,,"Vegan,Vegetarian,Vitamin-Rich",24,
168212,"Cranberry juice blend, 100% juice, bottled, with added vitamin C and calcium",9,,"Mineral-Rich,Vegan,Vegetarian,Vitamin-Rich",24,
168213,"Fruit juice smoothie, ODWALLA, strawberry banana",9,,"Vegan,Vegetarian,Vitamin-Rich",24,
168214,"Fruit juice smoothie, NAKED JUICE, strawberry banana",9,,"Vegan,Vegetarian,Vitamin-Rich",24,
168215,"Plantains, green, raw",9,,"Vegan,Vegetarian,Vitamin-Rich",24,
168216,"Plantains, green, boiled",9,,"Vegan,Vegetarian,Vitamin-Rich",24,
168217,Raspberry juice concentrate,9,,"Vegan,Vegetarian,Vitamin-Rich",24,
168218,"Pork, fresh, composite of separable fat, with added solution, cooked",10,,High-Protein,24,
168219,"Pork, fresh, carcass, separable lean and fat, raw",10,,High-Protein,24,
168220,"Pork, fresh, composite of trimmed retail cuts (leg, loin, shoulder), separable lean only, raw",10,,High-Protein,24,
168221,"Pork, fresh, separable fat, cooked",10,,High-Protein,24,
168222,"Pork, fresh, leg (ham), whole, separable lean and fat, raw",10,,High-Protein,24,
168223,"Pork, fresh, leg (ham), whole, separable lean and fat, cooked, roasted",10,,High-Protein,24,
168224,"Pork, fresh, leg (ham), whole, separable lean only, raw",10,,High-Protein,24,
168225,"Pork, fresh, leg (ham), whole, separable lean only, cooked, roasted",10,,High-Protein,24,
168226,"Pork, fresh, leg (ham), shank half, separable lean and fat, raw",10,,High-Protein,24,
168227,"Pork, fresh, leg (ham), shank half, separable lean and fat, cooked, roasted",10,,High-Protein,24,
168228,"Pork, fresh, leg (ham), shank half, separable lean only, raw",10,,High-Protein,24,
168229,"Pork, fresh, leg (ham), shank half, separable lean only, cooked, roasted",10,,High-Protein,24,
168230,"Pork, fresh, loin, whole, separable lean only, raw",10,,High-Protein,24,
168231,"Pork, fresh, loin, whole, separable lean only, cooked, braised",10,,High-Protein,24,
168232,"Pork, fresh, loin, whole, separable lean only, cooked, broiled",10,,High-Protein,24,
168233,"Pork, fresh, loin, whole, separable lean only, cooked, roasted",10,,High-Protein,24,
168234,"Pork, fresh, loin, blade (chops or roasts), bone-in, separable lean only, raw",10,,High-Protein,24,
168235,"Pork, fresh, loin, blade (chops), bone-in, separable lean only, cooked, braised",10,,High-Protein,24,
168236,"Pork, fresh, loin, blade (chops), bone-in, separable lean only, cooked, broiled",10,,High-Protein,24,
168237,"Pork, fresh, loin, blade (roasts), bone-in, separable lean only, cooked, roasted",10,,High-Protein,24,
168238,"Pork, fresh, loin, center loin (chops), bone-in, separable lean and fat, raw",10,,High-Protein,24,
168239,"Pork, fresh, loin, center loin (chops), bone-in, separable lean only, cooked, braised",10,,High-Protein,24,
168240,"Pork, fresh, loin, center loin (chops), bone-in, separable lean only, cooked, broiled",10,,High-Protein,24,
168241,"Pork, fresh, loin, center loin (roasts), bone-in, separable lean only, cooked, roasted",10,,High-Protein,24,
168242,"Pork, fresh, loin, center rib (chops or roasts), bone-in, separable lean and fat, raw",10,,High-Protein,24,
168243,"Pork, fresh, loin, center rib (chops), bone-in, separable lean only, cooked, braised",10,,High-Protein,24,
168244,"Pork, fresh, loin, center rib (chops), bone-in, separable lean only, cooked, broiled",10,,High-Protein,24,
168245,"Pork, fresh, loin, center rib (roasts), bone-in, separable lean only, cooked, roasted",10,,High-Protein,24,
168246,"Pork, fresh, loin, sirloin (chops or roasts), bone-in, separable lean and fat, raw",10,,High-Protein,24,
168247,"Pork, fresh, loin, sirloin (chops), bone-in, separable lean only, cooked, broiled",10,,High-Protein,24,
168248,"Pork, fresh, loin, sirloin (roasts), bone-in, separable lean only, cooked, roasted",10,,High-Protein,24,
168249,"Pork, fresh, loin, tenderloin, separable lean only, raw",10,,High-Protein,24,
168250,"Pork, fresh, loin, tenderloin, separable lean only, cooked, roasted",10,,High-Protein,24,
168251,"Pork, fresh, loin, top loin (chops), boneless, separable lean only, raw",10,,High-Protein,24,
168252,"Pork, fresh, loin, top loin (chops), boneless, separable lean only, cooked, braised",10,,High-Protein,24,
168253,"Pork, fresh, loin, top loin (chops), boneless, separable lean only, cooked, broiled",10,,High-Protein,24,
168254,"Pork, fresh, loin, top loin (roasts), boneless, separable lean only, cooked, roasted",10,,High-Protein,24,
168255,"Pork, fresh, shoulder, arm picnic, separable lean and fat, raw",10,,High-Protein,24,
168256,"Pork, fresh, shoulder, arm picnic, separable lean and fat, cooked, braised",10,,High-Protein,24,
168257,"Pork, fresh, shoulder, arm picnic, separable lean and fat, cooked, roasted",10,,High-Protein,24,
168258,"Pork, fresh, shoulder, arm picnic, separable lean only, raw",10,,High-Protein,24,
168259,"Pork, fresh, shoulder, blade, boston (roasts), separable lean and fat, cooked, roasted",10,,High-Protein,24,
168260,"Pork, fresh, shoulder, (Boston butt), blade (steaks), separable lean only, raw",10,,High-Protein,24,
168261,"Pork, fresh, shoulder, (Boston butt), blade (steaks), separable lean only, cooked, braised",10,,High-Protein,24,
168262,"Pork, fresh, shoulder, blade, boston (steaks), separable lean only, cooked, broiled",10,,High-Protein,24,
168263,"Pork, fresh, loin, center loin (chops), boneless, separable lean only, raw",10,,High-Protein,24,
168264,"Pork, fresh, variety meats and by-products, brain, raw",10,,High-Protein,24,
168265,"Pork, fresh, variety meats and by-products, brain, cooked, braised",10,,High-Protein,24,
168266,"Pork, fresh, variety meats and by-products, chitterlings, raw",10,,High-Protein,24,
168267,"Pork, fresh, variety meats and by-products, heart, raw",10,,High-Protein,24,
168268,"Pork, fresh, variety meats and by-products, heart, cooked, braised",10,,High-Protein,24,
168269,"Pork, fresh, variety meats and by-products, jowl, raw",10,,High-Protein,24,
168270,"Pork, fresh, variety meats and by-products, kidneys, raw",10,,High-Protein,24,
168271,"Pork, fresh, variety meats and by-products, lungs, cooked, braised",10,,High-Protein,24,
168272,"Pork, fresh, variety meats and by-products, mechanically separated, raw",10,,High-Protein,24,
168273,"Pork, fresh, variety meats and by-products, pancreas, raw",10,,High-Protein,24,
168274,"Pork, fresh, variety meats and by-products, pancreas, cooked, braised",10,,High-Protein,24,
168275,"Pork, fresh, variety meats and by-products, tongue, raw",10,,High-Protein,24,
168276,"Pork, fresh, variety meats and by-products, tongue, cooked, braised",10,,High-Protein,24,
168277,"Pork, cured, bacon, unprepared",10,,High-Protein,24,
168278,"Pork, cured, breakfast strips, raw or unheated",10,,High-Protein,24,
168279,"Pork, cured, ham, extra lean (approximately 4% fat), canned, unheated",10,,"High-Protein,Low-Fat",24,
168280,"Pork, cured, ham, extra lean (approximately 4% fat), canned, roasted",10,,"High-Protein,Low-Fat",24,
168281,"Pork, cured, ham, regular (approximately 13% fat), canned, roasted",10,,High-Protein,24,
168282,"Pork, cured, ham, center slice, country-style, separable lean only, raw",10,,High-Protein,24,
168283,"Pork, cured, ham, center slice, separable lean and fat, unheated",10,,High-Protein,24,
168284,"Pork, cured, ham, whole, separable lean only, roasted",10,,High-Protein,24,
168285,"Pork, fresh, loin, center loin (chops), boneless, separable lean only, cooked, pan-broiled",10,,High-Protein,24,
168286,"Pork, fresh, loin, center loin (chops), boneless, separable lean and fat, raw",10,,High-Protein,24,
168287,"Pork, cured, salt pork, raw",10,,High-Protein,24,
168288,"Pork, cured, shoulder, blade roll, separable lean and fat, unheated",10,,High-Protein,24,
168289,"Pork, cured, shoulder, blade roll, separable lean and fat, roasted",10,,High-Protein,24,
168290,"Pork, fresh, variety meats and by-products, feet, cooked, simmered",10,,High-Protein,24,
168291,"Pork, fresh, variety meats and by-products, tail, raw",10,,High-Protein,24,
168292,"Pork, fresh, loin, center loin (chops), bone-in, separable lean and fat, cooked, pan-fried",10,,High-Protein,24,
168293,"Pork, fresh, loin, center rib (chops), bone-in, separable lean and fat, cooked, pan-fried",10,,High-Protein,24,
168294,"Pork, fresh, loin, top loin (chops), boneless, separable lean only, cooked, pan-fried",10,,High-Protein,24,
168295,"Pork, cured, ham, boneless, extra lean and regular, unheated",10,,High-Protein,24,
168296,"Pork, cured, ham, boneless, extra lean and regular, roasted",10,,High-Protein,24,
168297,"Pork, fresh, composite of trimmed retail cuts (leg, loin, shoulder, and spareribs), separable lean and fat, cooked",10,,High-Protein,24,
168298,"Pork, fresh, loin, center loin (chops), boneless, separable lean and fat, cooked, pan-broiled",10,,High-Protein,24,
168299,"Pork, fresh, backribs, separable lean and fat, raw",10,,High-Protein,24,
168300,"Pork, fresh, backribs, separable lean and fat, cooked, roasted",10,,High-Protein,24,
168301,"Pork, fresh, loin, center rib (roasts), boneless, separable lean and fat, cooked, roasted",10,,High-Protein,24,
168302,"Pork, fresh, loin, center rib (chops or roasts), boneless, separable lean only, raw",10,,High-Protein,24,
168303,"Pork, fresh, loin, center rib (chops), boneless, separable lean only, cooked, braised",10,,High-Protein,24,
168304,"Pork, fresh, loin, center rib (chops), boneless, separable lean only, cooked, broiled",10,,High-Protein,24,
168305,"Pork, fresh, loin, country-style ribs, separable lean only, raw",10,,High-Protein,24,
168306,"Pork, fresh, loin, country-style ribs, separable lean only, cooked, braised",10,,High-Protein,24,
168307,"Pork, fresh, loin, country-style ribs, separable lean only, bone-in, cooked, roasted",10,,High-Protein,24,
168308,"Pork, fresh, loin, sirloin (chops or roasts), boneless, separable lean and fat, raw",10,,High-Protein,24,
168309,"Pork, fresh, loin, sirloin (chops), boneless, separable lean only, cooked, braised",10,,High-Protein,24,
168310,"Pork, fresh, loin, sirloin (chops), boneless, separable lean only, cooked, broiled",10,,High-Protein,24,
168311,"Pork, fresh, loin, sirloin (roasts), boneless, separable lean only, cooked, roasted",10,,High-Protein,24,
168312,"Pork, fresh, loin, tenderloin, separable lean and fat, raw",10,,High-Protein,24,
168313,"Pork, fresh, loin, tenderloin, separable lean only, cooked, broiled",10,,High-Protein,24,
168314,"Pork, fresh, loin, top loin (roasts), boneless, separable lean and fat, raw",10,,High-Protein,24,
168315,"Pork, fresh, loin, top loin (roasts), boneless, separable lean only, raw",10,,High-Protein,24,
168316,"Pork, fresh, composite of trimmed retail cuts (loin and shoulder blade), separable lean and fat, raw",10,,High-Protein,24,
168317,"HORMEL ALWAYS TENDER, Pork Tenderloin, Peppercorn-Flavored",10,,High-Protein,24,
168318,"HORMEL ALWAYS TENDER, Pork Loin Filets, Lemon Garlic-Flavored",10,,High-Protein,24,
168319,"HORMEL ALWAYS TENDER, Center Cut Chops, Fresh Pork",10,,High-Protein,24,
168320,"HORMEL ALWAYS TENDER, Boneless Pork Loin, Fresh Pork",10,,High-Protein,24,
168321,"Pork, cured, bacon, cooked, microwaved",10,,High-Protein,24,
168322,"Pork, cured, bacon, pre-sliced, cooked, pan-fried",10,,High-Protein,24,
168323,"Pork, fresh, variety meats and by-products, stomach, cooked, simmered",10,,High-Protein,24,
168324,"Pork, bacon, rendered fat, cooked",10,,High-Protein,24,
168325,"Pork, cured, ham and water product, slice, bone-in, separable lean only, heated, pan-broil",10,,High-Protein,24,
168326,"Pork, cured, ham and water product, slice, boneless, separable lean only, heated, pan-broil",10,,High-Protein,24,
168327,"Pork, cured, ham and water product, whole, boneless, separable lean only, heated, roasted",10,,High-Protein,24,
168328,"Pork, cured, ham and water product, whole, boneless, separable lean only, unheated",10,,High-Protein,24,
168329,"Pork, cured, ham -- water added, slice, boneless, separable lean only, heated, pan-broil",10,,High-Protein,24,
168330,"Pork, cured, ham with natural juices, slice, bone-in, separable lean only, heated, pan-broil",10,,High-Protein,24,
168331,"Pork, cured, ham with natural juices, spiral slice, meat only, boneless, separable lean only, heated, roasted",10,,High-Protein,24,
168332,"Pork, cured, ham and water product, rump, bone-in, separable lean only, heated, roasted",10,,High-Protein,24,
168333,"Pork, cured, ham with natural juices, slice, boneless, separable lean only, heated, pan-broil",10,,High-Protein,24,
168334,"Pork, cured, ham with natural juices, whole, boneless, separable lean only, heated, roasted",10,,High-Protein,24,
168335,"Pork, cured, ham with natural juices, whole, boneless, separable lean only, unheated",10,,High-Protein,24,
168336,"Pork, cured, ham -- water added, shank, bone-in, separable lean only, unheated",10,,High-Protein,24,
168337,"Pork, cured, ham with natural juices, rump, bone-in, separable lean only, unheated",10,,High-Protein,24,
168338,"Pork, cured, ham with natural juices, shank, bone-in, separable lean only, unheated",10,,High-Protein,24,
168339,"Pork, cured, ham with natural juices, slice, bone-in, separable lean only, unheated",10,,High-Protein,24,
168340,"Pork, cured, ham with natural juices, spiral slice, boneless, separable lean only, unheated",10,,High-Protein,24,
168341,"Pork, cured, ham with natural juices, spiral slice, boneless, separable lean and fat, unheated",10,,High-Protein,24,
168342,"Pork, cured, ham with natural juices, slice, bone-in, separable lean and fat, unheated",10,,High-Protein,24,
168343,"Pork, cured, ham with natural juices, shank, bone-in, separable lean and fat, unheated",10,,High-Protein,24,
168344,"Pork, cured, ham with natural juices, rump, bone-in, separable lean and fat, unheated",10,,High-Protein,24,
168345,"Pork, cured, ham -- water added, whole, boneless, separable lean and fat, unheated",10,,High-Protein,24,
168346,"Pork, cured, ham -- water added, slice, bone-in, separable lean and fat, unheated",10,,High-Protein,24,
168347,"Pork, cured, ham -- water added, shank, bone-in, separable lean and fat, unheated",10,,High-Protein,24,
168348,"Pork, cured, ham -- water added, rump, bone-in, separable lean and fat, unheated",10,,High-Protein,24,
168349,"Pork, cured, ham -- water added, whole, boneless, separable lean and fat, heated, roasted",10,,High-Protein,24,
168350,"Pork, cured, ham and water product, rump, bone-in, separable lean and fat, heated, roasted",10,,High-Protein,24,
168351,"Pork, cured, ham and water product, shank, bone-in, separable lean and fat, heated, roasted",10,,High-Protein,24,
168352,"Pork, cured, ham and water product, slice, bone-in, separable lean and fat, heated, pan-broil",10,,High-Protein,24,
168353,"Pork, cured, ham with natural juices, slice, boneless, separable lean and fat, heated, pan-broil",10,,High-Protein,24,
168354,"Pork, cured, ham with natural juices, spiral slice, boneless, separable lean and fat, heated, roasted",10,,High-Protein,24,
168355,"Pork, cured, ham with natural juices, whole, boneless, separable lean and fat, heated, roasted",10,,High-Protein,24,
168356,"Pork, cured, ham, rump, bone-in, separable lean and fat, heated, roasted",10,,High-Protein,24,
168357,"Pork, cured, ham, shank, bone-in, separable lean and fat, heated, roasted",10,,High-Protein,24,
168358,"Pork, cured, ham, shank, bone-in, separable lean and fat, unheated",10,,High-Protein,24,
168359,"Pork, cured, ham, slice, bone-in, separable lean and fat, heated, pan-broil",10,,High-Protein,24,
168360,"Pork, cured, ham, slice, bone-in, separable lean only, unheated",10,,High-Protein,24,
168361,"Pork, fresh, enhanced, loin, tenderloin, separable lean only, raw",10,,High-Protein,24,
168362,"Pork, fresh, shoulder, (Boston butt), blade (steaks), separable lean only, with added solution cooked, braised",10,,High-Protein,24,
168363,"Pork, fresh, shoulder, (Boston butt), blade (steaks), separable lean only, with added solution, raw",10,,High-Protein,24,
168364,"Pork, fresh, loin, top loin (chops), boneless, separable lean only, with added solution, cooked, broiled",10,,High-Protein,24,
168365,"Pork, fresh, shoulder, (Boston butt), blade (steaks), separable lean and fat,with added solution, raw",10,,High-Protein,24,
168366,"Pork, fresh, shoulder, (Boston butt), blade (steaks), separable lean and fat, with added solution, cooked, braised",10,,High-Protein,24,
168367,"Pork, cured, ham, rump, bone-in, separable lean and fat, unheated",10,,High-Protein,24,
168368,"Pork, loin, leg cap steak, boneless, separable lean and fat, cooked, broiled",10,,High-Protein,24,
168369,"Pork, Shoulder petite tender, boneless, separable lean and fat, raw",10,,High-Protein,24,
168370,"Pork, Leg sirloin tip roast, boneless, separable lean and fat, cooked, braised",10,,High-Protein,24,
168371,"Pork, Leg sirloin tip roast, boneless, separable lean and fat, raw",10,,High-Protein,24,
168372,"Pork, ground, 84% lean / 16% fat, raw",10,,High-Protein,24,
168373,"Pork, ground, 72% lean / 28% fat, cooked, pan-broiled",10,,High-Protein,24,
168374,"Pork, ground, 84% lean / 16% fat, cooked, pan-broiled",10,,High-Protein,24,
168375,"Pork, ground, 96% lean / 4% fat, cooked, pan-broiled",10,,"High-Protein,Low-Fat",24,
168376,"Pork loin, fresh, backribs, bone-in, raw, lean only",10,,High-Protein,24,
168377,"Pork loin, fresh, backribs, bone-in, cooked-roasted, lean only",10,,High-Protein,24,
168378,"Pork, fresh, loin, country-style ribs, separable lean only, bone-in, cooked, broiled",10,,High-Protein,24,
168379,"Pork, fresh, loin, country-style ribs, separable lean only, boneless, cooked, roasted",10,,High-Protein,24,
168380,"Pork, fresh, blade, (chops), boneless, separable lean and fat, cooked, broiled",10,,High-Protein,24,
168381,"Pork, fresh, loin, blade (chops or roasts), boneless, separable lean and fat only, raw",10,,High-Protein,24,
168382,"Bacon, pre-sliced, reduced/low sodium, unprepared",10,,"High-Protein,Low Sodium",24,
168383,"Canadian bacon, cooked, pan-fried",10,,High-Protein,24,
168384,"Alfalfa seeds, sprouted, raw",11,,"Vegan,Vegetarian,Vitamin-Rich",24,
168385,"Amaranth leaves, raw",11,,"Vegan,Vegetarian,Vitamin-Rich",24,
168386,"Artichokes, (globe or french), cooked, boiled, drained, without salt",11,,"Low Sodium,Vegan,Vegetarian,Vitamin-Rich",24,
168387,"Artichokes, (globe or french), frozen, unprepared",11,,"Vegan,Vegetarian,Vitamin-Rich",24,
168388,"Artichokes, (globe or french), frozen, cooked, boiled, drained, without salt",11,,"Low Sodium,Vegan,Vegetarian,Vitamin-Rich",24,
168389,"Asparagus, raw",11,,"Vegan,Vegetarian,Vitamin-Rich",24,
168390,"Asparagus, cooked, boiled, drained",11,,"Vegan,Vegetarian,Vitamin-Rich",24,
168391,"Balsam-pear (bitter gourd), leafy tips, raw",11,,"Vegan,Vegetarian,Vitamin-Rich",24,
168392,"Balsam-pear (bitter gourd), leafy tips, cooked, boiled, drained, without salt",11,,"Low Sodium,Vegan,Vegetarian,Vitamin-Rich",24,
168393,"Balsam-pear (bitter gourd), pods, raw",11,,"Vegan,Vegetarian,Vitamin-Rich",24,
168394,"Balsam-pear (bitter gourd), pods, cooked, boiled, drained, without salt",11,,"Low Sodium,Vegan,Vegetarian,Vitamin-Rich",24,
168395,"Beans, kidney, mature seeds, sprouted, cooked, boiled, drained, without salt",11,,"High-Protein,Low Sodium,Vegan,Vegetarian,Vitamin-Rich",24,
168396,"Lima beans, immature seeds, raw",11,,"High-Protein,Vegan,Vegetarian,Vitamin-Rich",24,
168397,"Corn, sweet, yellow, canned, drained solids, rinsed with tap water",11,,"Vegan,Vegetarian",24,
168398,"Corn, sweet, yellow, frozen, kernels cut off cob, unprepared (Includes foods for USDA's Food Distribution Program)",11,,"Vegan,Vegetarian",24,
168399,"Corn, sweet, yellow, frozen, kernels cut off cob, boiled, drained, without salt",11,,"Low Sodium,Vegan,Vegetarian",24,
168400,"Corn, sweet, yellow, frozen, kernels on cob, unprepared",11,,"Vegan,Vegetarian",24,
168401,"Corn, sweet, yellow, frozen, kernels on cob, cooked, boiled, drained, without salt",11,,"Low Sodium,Vegan,Vegetarian",24,
168402,"Cowpeas (blackeyes), immature seeds, cooked, boiled, drained, without salt",11,,"High-Protein,Low Sodium,Vegan,Vegetarian,Vitamin-Rich",24,
168403,"Cowpeas (blackeyes), immature seeds, frozen, unprepared",11,,"High-Protein,Vegan,Vegetarian,Vitamin-Rich",24,
168404,"Cowpeas (blackeyes), immature seeds, frozen, cooked, boiled, drained, without salt",11,,"High-Protein,Low Sodium,Vegan,Vegetarian,Vitamin-Rich",24,
168405,"Cowpeas, young pods with seeds, raw",11,,"High-Protein,Vegan,Vegetarian,Vitamin-Rich",24,
168406,"Cowpeas, leafy tips, cooked, boiled, drained, without salt",11,,"High-Protein,Low Sodium,Vegan,Vegetarian,Vitamin-Rich",24,
168407,"Cress, garden, raw",11,,"Vegan,Vegetarian,Vitamin-Rich",24,
168408,"Cress, garden, cooked, boiled, drained, without salt",11,,"Low Sodium,Vegan,Vegetarian,Vitamin-Rich",24,
168409,"Cucumber, with peel, raw",11,,"Vegan,Vegetarian,Vitamin-Rich",24,
168410,"Edamame, frozen, unprepared",11,Soybeans,"High-Protein,Vegan,Vegetarian,Vitamin-Rich",24,
168411,"Edamame, frozen, prepared",11,Soybeans,"High-Protein,Vegan,Vegetarian,Vitamin-Rich",24,
168412,"Endive, raw",11,,"Vegan,Vegetarian,Vitamin-Rich",24,
168413,"Escarole, cooked, boiled, drained, no salt added",11,,"Low Sodium,Vegan,Vegetarian,Vitamin-Rich",24,
168414,"Gourd, dishcloth (towelgourd), raw",11,,"Vegan,Vegetarian,Vitamin-Rich",24,
168415,"Gourd, dishcloth (towelgourd), cooked, boiled, drained, without salt",11,,"Low Sodium,Vegan,Vegetarian,Vitamin-Rich",24,
168416,"Drumstick leaves, raw",11,,"High-Protein,Vegan,Vegetarian,Vitamin-Rich",24,
168417,"Drumstick leaves, cooked, boiled, drained, without salt",11,,"High-Protein,Low Sodium,Vegan,Vegetarian,Vitamin-Rich",24,
168418,"Pepeao, dried",11,,"High-Protein,Vegan,Vegetarian",24,
168419,"Jute, potherb, raw",11,,"Vegan,Vegetarian,Vitamin-Rich",24,
168420,"Jute, potherb, cooked, boiled, drained, without salt",11,,"Low Sodium,Vegan,Vegetarian,Vitamin-Rich",24,
168421,"Kale, raw",11,,"Vegan,Vegetarian,Vitamin-Rich",24,
168422,"Mushrooms, Chanterelle, raw",11,,"Vegan,Vegetarian,Vitamin-Rich",24,
168423,"Mushrooms, morel, raw",11,,"Vegan,Vegetarian,Vitamin-Rich",24,
168424,"Kohlrabi, raw",11,,"Vegan,Vegetarian,Vitamin-Rich",24,
168425,"Kohlrabi, cooked, boiled, drained, without salt",11,,"Low Sodium,Vegan,Vegetarian,Vitamin-Rich",24,
168426,"Leeks, (bulb and lower leaf-portion), cooked, boiled, drained, without salt",11,,"Low Sodium,Vegan,Vegetarian,Vitamin-Rich",24,
168427,"Lentils, sprouted, raw",11,,"High-Protein,Vegan,Vegetarian,Vitamin-Rich",24,
168428,"Lentils, sprouted, cooked, stir-fried, without salt",11,,"High-Protein,Low Sodium,Vegan,Vegetarian,Vitamin-Rich",24,
168429,"Lettuce, butterhead (includes boston and bibb types), raw",11,,"Vegan,Vegetarian,Vitamin-Rich",24,
168430,"Lotus root, cooked, boiled, drained, without salt",11,,"Low Sodium,Vegan,Vegetarian",24,
168431,"Lettuce, red leaf, raw",11,,"Vegan,Vegetarian,Vitamin-Rich",24,
168432,"Mountain yam, hawaii, raw",11,,"Vegan,Vegetarian,Vitamin-Rich",24,
168433,"Mountain yam, hawaii, cooked, steamed, without salt",11,,"Low Sodium,Vegan,Vegetarian,Vitamin-Rich",24,
168434,"Mushrooms, brown, italian, or crimini, raw",11,,"Vegan,Vegetarian,Vitamin-Rich",24,
168435,"Mushrooms, shiitake, stir-fried",11,,"Vegan,Vegetarian,Vitamin-Rich",24,
168436,"Mushrooms, shiitake, dried",11,,"Vegan,Vegetarian,Vitamin-Rich",24,
168437,"Mushrooms, shiitake, cooked, without salt",11,,"Low Sodium,Vegan,Vegetarian,Vitamin-Rich",24,
168438,"Mustard spinach, (tendergreen), raw",11,Mustard,"Vegan,Vegetarian,Vitamin-Rich",24,
168439,"Mustard spinach, (tendergreen), cooked, boiled, drained, without salt",11,Mustard,"Low Sodium,Vegan,Vegetarian,Vitamin-Rich",24,
168440,"New Zealand spinach, raw",11,,"Vegan,Vegetarian,Vitamin-Rich",24,
168441,"New Zealand spinach, cooked, boiled, drained, without salt",11,,"Low Sodium,Vegan,Vegetarian,Vitamin-Rich",24,
168442,"Potatoes, french fried, all types, salt added in processing, frozen, unprepared",11,,"Vegan,Vegetarian,Vitamin-Rich",24,
168443,"Potato wedges, frozen (Includes foods for USDA's Food Distribution Program)",11,,"Vegan,Vegetarian,Vitamin-Rich",24,
168444,"Potatoes, french fried, steak fries, salt added in processing, frozen, as purchased",11,,"Vegan,Vegetarian,Vitamin-Rich",24,
168445,"Potatoes, french fried, steak fries, salt added in processing, frozen, oven-heated",11,,"Vegan,Vegetarian,Vitamin-Rich",24,
168446,Potato flour,11,,"Vegan,Vegetarian,Vitamin-Rich",24,
168447,"Pumpkin leaves, cooked, boiled, drained, without salt",11,,"Low Sodium,Vegan,Vegetarian,Vitamin-Rich",24,
168448,"Pumpkin, raw",11,,"Vegan,Vegetarian,Vitamin-Rich",24,
168449,"Pumpkin, cooked, boiled, drained, without salt",11,,"Low Sodium,Vegan,Vegetarian,Vitamin-Rich",24,
168450,"Pumpkin, canned, without salt",11,,"Low Sodium,Vegan,Vegetarian,Vitamin-Rich",24,
168451,"Radishes, oriental, raw",11,,"Vegan,Vegetarian,Vitamin-Rich",24,
168452,"Radishes, oriental, cooked, boiled, drained, without salt",11,,"Low Sodium,Vegan,Vegetarian,Vitamin-Rich",24,
168453,"Radishes, oriental, dried",11,,"Vegan,Vegetarian,Vitamin-Rich",24,
168454,"Rutabagas, raw",11,,"Vegan,Vegetarian,Vitamin-Rich",24,
168455,"Rutabagas, cooked, boiled, drained, without salt",11,,"Low Sodium,Vegan,Vegetarian,Vitamin-Rich",24,
168456,"Seaweed, irishmoss, raw",11,,"High-Protein,Mineral-Rich,Vegan,Vegetarian,Vitamin-Rich",24,
168457,"Seaweed, kelp, raw",11,,"High-Protein,Mineral-Rich,Vegan,Vegetarian,Vitamin-Rich",24,
168458,"Seaweed, laver, raw",11,,"High-Protein,Mineral-Rich,Vegan,Vegetarian,Vitamin-Rich",24,
168459,"Sesbania flower, raw",11,,"Vegan,Vegetarian,Vitamin-Rich",24,
168460,"Soybeans, mature seeds, sprouted, cooked, steamed",11,Soybeans,"High-Protein,Vegan,Vegetarian,Vitamin-Rich",24,
168461,"Soybeans, mature seeds, sprouted, cooked, stir-fried",11,Soybeans,"High-Protein,Vegan,Vegetarian,Vitamin-Rich",24,
168462,"Spinach, raw",11,,"Vegan,Vegetarian,Vitamin-Rich",24,
168463,"Spinach, cooked, boiled, drained, without salt",11,,"Low Sodium,Vegan,Vegetarian,Vitamin-Rich",24,
168464,"Squash, summer, crookneck and straightneck, raw",11,,"Vegan,Vegetarian,Vitamin-Rich",24,
168465,"Squash, summer, crookneck and straightneck, cooked, boiled, drained, without salt",11,,"Low Sodium,Vegan,Vegetarian,Vitamin-Rich",24,
168466,"Squash, summer, crookneck and straightneck, canned, drained, solid, without salt",11,,"Low Sodium,Vegan,Vegetarian,Vitamin-Rich",24,
168467,"Squash, summer, crookneck and straightneck, frozen, unprepared",11,,"Vegan,Vegetarian,Vitamin-Rich",24,
168468,"Squash, summer, crookneck and straightneck, frozen, cooked, boiled, drained, without salt",11,,"Low Sodium,Vegan,Vegetarian,Vitamin-Rich",24,
168469,"Squash, summer, zucchini, includes skin, frozen, unprepared",11,,"Vegan,Vegetarian,Vitamin-Rich",24,
168470,"Squash, summer, zucchini, includes skin, frozen, cooked, boiled, drained, without salt",11,,"Low Sodium,Vegan,Vegetarian,Vitamin-Rich",24,
168471,"Squash, summer, zucchini, italian style, canned",11,,"Vegan,Vegetarian,Vitamin-Rich",24,
168472,"Squash, winter, acorn, raw",11,,"Vegan,Vegetarian,Vitamin-Rich",24,
168473,"Squash, winter, butternut, frozen, unprepared",11,,"Vegan,Vegetarian,Vitamin-Rich",24,
168474,"Squash, winter, butternut, frozen, cooked, boiled, without salt",11,,"Low Sodium,Vegan,Vegetarian,Vitamin-Rich",24,
168475,"Squash, winter, hubbard, raw",11,,"Vegan,Vegetarian,Vitamin-Rich",24,
168476,"Squash, winter, hubbard, baked, without salt",11,,"Low Sodium,Vegan,Vegetarian,Vitamin-Rich",24,
168477,"Succotash, (corn and limas), cooked, boiled, drained, without salt",11,,"High-Protein,Low Sodium,Vegan,Vegetarian,Vitamin-Rich",24,
168478,"Succotash, (corn and limas), canned, with cream style corn",11,,"Vegan,Vegetarian,Vitamin-Rich",24,
168479,"Succotash, (corn and limas), canned, with whole kernel corn, solids and liquids",11,,"High-Protein,Vegan,Vegetarian,Vitamin-Rich",24,
168480,"Succotash, (corn and limas), frozen, unprepared",11,,"High-Protein,Vegan,Vegetarian,Vitamin-Rich",24,
168481,"Succotash, (corn and limas), frozen, cooked, boiled, drained, without salt",11,,"High-Protein,Low Sodium,Vegan,Vegetarian,Vitamin-Rich",24,
168482,"Sweet potato, raw, unprepared (Includes foods for USDA's Food Distribution Program)",11,,"Vegan,Vegetarian,Vitamin-Rich",24,
168483,"Sweet potato, cooked, baked in skin, flesh, without salt",11,,"Low Sodium,Vegan,Vegetarian,Vitamin-Rich",24,
168484,"Sweet potato, cooked, boiled, without skin",11,,"Vegan,Vegetarian,Vitamin-Rich",24,
168485,"Sweet potato, canned, vacuum pack",11,,"Vegan,Vegetarian,Vitamin-Rich",24,
168486,"Taro, cooked, without salt",11,,"Low Sodium,Vegan,Vegetarian,Vitamin-Rich",24,
168487,"Taro leaves, raw",11,,"Vegan,Vegetarian,Vitamin-Rich",24,
168488,"Taro leaves, cooked, steamed, without salt",11,,"Low Sodium,Vegan,Vegetarian,Vitamin-Rich",24,
168489,"Taro shoots, raw",11,,"Vegan,Vegetarian,Vitamin-Rich",24,
168490,"Arrowroot, raw",11,,"Vegan,Vegetarian",24,
168491,"Chrysanthemum leaves, raw",11,,"Vegan,Vegetarian,Vitamin-Rich",24,
168492,"Amaranth leaves, cooked, boiled, drained, with salt",11,,"Vegan,Vegetarian,Vitamin-Rich",24,
168493,"Arrowhead, cooked, boiled, drained, with salt",11,,"Vegan,Vegetarian,Vitamin-Rich",24,
168494,"Asparagus, frozen, cooked, boiled, drained, with salt",11,,"Vegan,Vegetarian,Vitamin-Rich",24,
168495,"Balsam-pear (bitter gourd), leafy tips, cooked, boiled, drained, with salt",11,,"Vegan,Vegetarian,Vitamin-Rich",24,
168496,"Balsam-pear (bitter gourd), pods, cooked, boiled, drained, with salt",11,,"Vegan,Vegetarian,Vitamin-Rich",24,
168497,"Bamboo shoots, cooked, boiled, drained, with salt",11,,"Vegan,Vegetarian,Vitamin-Rich",24,
168498,"Lima beans, immature seeds, frozen, fordhook, cooked, boiled, drained, with salt",11,,"High-Protein,Vegan,Vegetarian,Vitamin-Rich",24,
168499,"Mung beans, mature seeds, sprouted, cooked, boiled, drained, with salt",11,,"High-Protein,Vegan,Vegetarian,Vitamin-Rich",24,
168500,"Beans, navy, mature seeds, sprouted, cooked, boiled, drained, with salt",11,,"High-Protein,Vegan,Vegetarian,Vitamin-Rich",24,
168501,"Beans, pinto, immature seeds, frozen, cooked, boiled, drained, with salt",11,,"High-Protein,Vegan,Vegetarian,Vitamin-Rich",24,
168502,"Beans, snap, green, canned, no salt added, solids and liquids",11,,"Low Sodium,Vegan,Vegetarian,Vitamin-Rich",24,
168503,"Beans, snap, yellow, canned, regular pack, solids and liquids",11,,"Vegan,Vegetarian,Vitamin-Rich",24,
168504,"Beans, snap, yellow, canned, no salt added, solids and liquids",11,,"Low Sodium,Vegan,Vegetarian,Vitamin-Rich",24,
168505,"Beans, snap, green, canned, no salt added, drained solids",11,,"Low Sodium,Vegan,Vegetarian,Vitamin-Rich",24,
168506,"Beets, cooked, boiled. drained, with salt",11,,"Vegan,Vegetarian,Vitamin-Rich",24,
168507,"Beets, canned, no salt added, solids and liquids",11,,"Low Sodium,Vegan,Vegetarian,Vitamin-Rich",24,
168508,"Beet greens, cooked, boiled, drained, with salt",11,,"Vegan,Vegetarian,Vitamin-Rich",24,
168509,"Borage, cooked, boiled, drained, with salt",11,,"Vegan,Vegetarian,Vitamin-Rich",24,
168510,"Broccoli, cooked, boiled, drained, with salt",11,,"Vegan,Vegetarian,Vitamin-Rich",24,
168511,"Broccoli, frozen, chopped, cooked, boiled, drained, with salt",11,,"Vegan,Vegetarian,Vitamin-Rich",24,
168512,"Broccoli, frozen, spears, cooked, boiled, drained, with salt",11,,"Vegan,Vegetarian,Vitamin-Rich",24,
168513,"Brussels sprouts, cooked, boiled, drained, with salt",11,,"Vegan,Vegetarian,Vitamin-Rich",24,
168514,"Cabbage, common, cooked, boiled, drained, with salt",11,,"Vegan,Vegetarian,Vitamin-Rich",24,
168515,"Cabbage, red, cooked, boiled, drained, with salt",11,,"Vegan,Vegetarian,Vitamin-Rich",24,
168516,"Cabbage, savoy, cooked, boiled, drained, with salt",11,,"Vegan,Vegetarian,Vitamin-Rich",24,
168517,"Cabbage, chinese (pak-choi), cooked, boiled, drained, with salt",11,,"Vegan,Vegetarian,Vitamin-Rich",24,
168518,"Carrots, canned, no salt added, drained solids",11,,"Low Sodium,Vegan,Vegetarian,Vitamin-Rich",24,
168519,"Carrots, frozen, cooked, boiled, drained, with salt",11,,"Vegan,Vegetarian,Vitamin-Rich",24,
168520,"Cauliflower, cooked, boiled, drained, with salt",11,,"Vegan,Vegetarian,Vitamin-Rich",24,
168521,"Cauliflower, frozen, cooked, boiled, drained, with salt",11,,"Vegan,Vegetarian,Vitamin-Rich",24,
168522,"Chrysanthemum, garland, cooked, boiled, drained, with salt",11,,"Vegan,Vegetarian,Vitamin-Rich",24,
168523,"Collards, cooked, boiled, drained, with salt",11,,"Vegan,Vegetarian,Vitamin-Rich",24,
168524,"Collards, frozen, chopped, cooked, boiled, drained, with salt",11,,"Vegan,Vegetarian,Vitamin-Rich",24,
168525,"Corn, sweet, yellow, cooked, boiled, drained, with salt",11,,"Vegan,Vegetarian",24,
168526,"Cowpeas (blackeyes), immature seeds, cooked, boiled, drained, with salt",11,,"High-Protein,Vegan,Vegetarian,Vitamin-Rich",24,
168527,"Cowpeas (blackeyes), immature seeds, frozen, cooked, boiled, drained, with salt",11,,"High-Protein,Vegan,Vegetarian,Vitamin-Rich",24,
168528,"Cowpeas, young pods with seeds, cooked, boiled, drained, with salt",11,,"High-Protein,Vegan,Vegetarian,Vitamin-Rich",24,
168529,"Cowpeas, leafy tips, cooked, boiled, drained, with salt",11,,"High-Protein,Vegan,Vegetarian,Vitamin-Rich",24,
168530,"Gourd, dishcloth (towelgourd), cooked, boiled, drained, with salt",11,,"Vegan,Vegetarian,Vitamin-Rich",24,
168531,"Drumstick leaves, cooked, boiled, drained, with salt",11,,"High-Protein,Vegan,Vegetarian,Vitamin-Rich",24,
168532,"Drumstick pods, cooked, boiled, drained, with salt",11,,"Vegan,Vegetarian,Vitamin-Rich",24,
168533,"Hyacinth-beans, immature seeds, cooked, boiled, drained, with salt",11,,"High-Protein,Vegan,Vegetarian,Vitamin-Rich",24,
168534,"Lambsquarters, cooked, boiled, drained, with salt",11,,"High-Protein,Vegan,Vegetarian,Vitamin-Rich",24,
168535,"Leeks, (bulb and lower leaf-portion), cooked, boiled, drained, with salt",11,,"Vegan,Vegetarian,Vitamin-Rich",24,
168536,"Lotus root, cooked, boiled, drained, with salt",11,,"Vegan,Vegetarian",24,
168537,"Mushrooms, white, cooked, boiled, drained, with salt",11,,"Vegan,Vegetarian,Vitamin-Rich",24,
168538,"Corn, sweet, white, raw",11,,"Vegan,Vegetarian",24,
168539,"Corn, sweet, white, cooked, boiled, drained, without salt",11,,"Low Sodium,Vegan,Vegetarian",24,
168540,"Corn, sweet, white, cooked, boiled, drained, with salt",11,,"Vegan,Vegetarian",24,
168541,"Corn, sweet, white, canned, whole kernel, regular pack, solids and liquids",11,,"Vegan,Vegetarian",24,
168542,"Corn, sweet, white, canned, vacuum pack, regular pack",11,,"Vegan,Vegetarian",24,
168543,"Corn, sweet, white, canned, vacuum pack, no salt added",11,,"Low Sodium,Vegan,Vegetarian",24,
168544,"Corn, sweet, white, frozen, kernels cut off cob, unprepared",11,,"Vegan,Vegetarian",24,
168545,"Corn, sweet, white, frozen, kernels cut off cob, boiled, drained, without salt",11,,"Low Sodium,Vegan,Vegetarian",24,
168546,"Peppers, sweet, red, canned, solids and liquids",11,,"Vegan,Vegetarian,Vitamin-Rich",24,
168547,"Peppers, sweet, red, frozen, chopped, unprepared",11,,"Vegan,Vegetarian,Vitamin-Rich",24,
168548,"Peppers, sweet, red, frozen, chopped, boiled, drained, without salt",11,,"Low Sodium,Vegan,Vegetarian,Vitamin-Rich",24,
168549,"Peppers, sweet, red, frozen, chopped, boiled, drained, with salt",11,,"Vegan,Vegetarian,Vitamin-Rich",24,
168550,"Peppers, sweet, red, sauteed",11,,"Vegan,Vegetarian,Vitamin-Rich",24,
168551,"Lentils, sprouted, cooked, stir-fried, with salt",11,,"High-Protein,Vegan,Vegetarian,Vitamin-Rich",24,
168552,"Mountain yam, hawaii, cooked, steamed, with salt",11,,"Vegan,Vegetarian,Vitamin-Rich",24,
168553,"Tree fern, cooked, with salt",11,,"Vegan,Vegetarian,Vitamin-Rich",24,
168554,"Potatoes, mashed, prepared from granules, without milk, whole milk and margarine",11,Milk,"Vegetarian,Vitamin-Rich",24,
168555,"Potatoes, mashed, home-prepared, whole milk and butter added",11,Milk,"Vegetarian,Vitamin-Rich",24,
168556,Catsup,11,,"Vegan,Vegetarian",24,
168557,"Mushrooms, brown, italian, or crimini, exposed to ultraviolet light, raw",11,,"Vegan,Vegetarian,Vitamin-Rich",24,
168558,"Pickles, cucumber, dill or kosher dill",11,,"Kosher,Vegan,Vegetarian",24,
168559,"Pimento, canned",11,,"Vegan,Vegetarian,Vitamin-Rich",24,
168560,"Pickle relish, hot dog",11,,"Vegan,Vegetarian",24,
168561,"Pickle relish, sweet",11,,"Vegan,Vegetarian",24,
168562,"Pickles, cucumber, sour, low sodium",11,,"Low Sodium,Vegan,Vegetarian",24,
168563,"Pickles, cucumber, dill, reduced sodium",11,,"Low Sodium,Vegan,Vegetarian",24,
168564,"Radicchio, raw",11,,"Vegan,Vegetarian,Vitamin-Rich",24,
168565,"Squash, zucchini, baby, raw",11,,"Vegan,Vegetarian,Vitamin-Rich",24,
168566,"Tomatillos, raw",11,,"Vegan,Vegetarian,Vitamin-Rich",24,
168567,"Tomatoes, sun-dried",11,Sulphur dioxide/sulphites,"Vegan,Vegetarian,Vitamin-Rich",24,
168568,"Carrots, baby, raw",11,,"Vegan,Vegetarian,Vitamin-Rich",24,
168569,"Hearts of palm, canned",11,,"Vegan,Vegetarian,Vitamin-Rich",24,
168570,"Peppers, hot chile, sun-dried",11,Sulphur dioxide/sulphites,"Vegan,Vegetarian,Vitamin-Rich",24,
168571,"Nopales, raw",11,,"Vegan,Vegetarian,Vitamin-Rich",24,
168572,"Cabbage, napa, cooked",11,,"Vegan,Vegetarian,Vitamin-Rich",24,
168573,"Lemon grass (citronella), raw",11,,"Vegan,Vegetarian,Vitamin-Rich",24,
168574,"Beans, fava, in pod, raw",11,,"High-Protein,Vegan,Vegetarian,Vitamin-Rich",24,
168575,"Grape leaves, raw",11,,"Vegan,Vegetarian,Vitamin-Rich",24,
168576,"Peppers, jalapeno, raw",11,,"Vegan,Vegetarian,Vitamin-Rich",24,
168577,"Peppers, chili, green, canned",11,,"Vegan,Vegetarian,Vitamin-Rich",24,
168578,"Peppers, hungarian, raw",11,,"Vegan,Vegetarian,Vitamin-Rich",24,
168579,"Peppers, pasilla, dried",11,Sulphur dioxide/sulphites,"Vegan,Vegetarian,Vitamin-Rich",24,
168580,"Mushrooms, oyster, raw",11,,"Vegan,Vegetarian,Vitamin-Rich",24,
168581,"Fungi, Cloud ears, dried",11,,"Vegan,Vegetarian,Vitamin-Rich",24,
168582,"Mushrooms, straw, canned, drained solids",11,,"Vegan,Vegetarian,Vitamin-Rich",24,
168583,"Wasabi, root, raw",11,,"Vegan,Vegetarian",24,
168584,"Fiddlehead ferns, frozen, unprepared",11,,"Vegan,Vegetarian,Vitamin-Rich",24,
168585,"Nuts, coconut meat, dried (desiccated), creamed",12,"Nuts,Nuts (coconut),Sulphur dioxide/sulphites","Vegan,Vegetarian",48,
168586,"Nuts, coconut meat, dried (desiccated), sweetened, shredded",12,"Nuts,Nuts (coconut),Sulphur dioxide/sulphites","Vegan,Vegetarian",48,
168587,"Seeds, sisymbrium sp. seeds, whole, dried",12,,"Vegan,Vegetarian",24,
168588,"Nuts, almond butter, plain, without salt added",12,"Nuts,Nuts (almonds)","Low Sodium,Vegan,Vegetarian",48,
168589,"Nuts, chestnuts, japanese, boiled and steamed",12,"Nuts,Nuts (chestnuts)","Vegan,Vegetarian",48,
168590,"Nuts, chestnuts, japanese, roasted",12,"Nuts,Nuts (chestnuts)","Vegan,Vegetarian",48,
168591,"Seeds, lotus seeds, raw",12,,"Vegan,Vegetarian",24,
168592,"Nuts, almonds, honey roasted, unblanched",12,"Nuts,Nuts (almonds),Peanuts",Vegetarian,48,
168593,"Seeds, sunflower seed kernels, oil roasted, with salt added",12,,"Vegan,Vegetarian",24,
168594,"Seeds, sunflower seed kernels, toasted, with salt added",12,,"Vegan,Vegetarian",24,
168595,"Seeds, sunflower seed butter, with salt added (Includes foods for USDA's Food Distribution Program)",12,,"Vegan,Vegetarian",24,
168596,"Nuts, almonds, dry roasted, with salt added",12,"Nuts,Nuts (almonds)","Vegan,Vegetarian",48,
168597,"Nuts, cashew butter, plain, with salt added",12,"Nuts,Nuts (cashews)","Vegan,Vegetarian",48,
168598,"Nuts, macadamia nuts, dry roasted, with salt added",12,"Nuts,Nuts (macadamia nuts)","Vegan,Vegetarian",48,
168599,"Nuts, mixed nuts, dry roasted, with peanuts, with salt added",12,"Nuts,Peanuts","Vegan,Vegetarian",48,
168600,"Nuts, mixed nuts, oil roasted, with peanuts, with salt added",12,"Nuts,Peanuts","Vegan,Vegetarian",48,
168601,"Seeds, pumpkin and squash seeds, whole, roasted, with salt added",12,,"Vegan,Vegetarian",24,
168602,"Nuts, almonds, oil roasted, lightly salted",12,"Nuts,Nuts (almonds)","Vegan,Vegetarian",48,
168603,"Nuts, almond butter, plain, with salt added",12,"Nuts,Nuts (almonds)","Vegan,Vegetarian",48,
168604,"Seeds, sesame butter, tahini, type of kernels unspecified",12,Sesame seeds,"Vegan,Vegetarian",24,
168605,"Beef, retail cuts, separable fat, raw",13,,High-Protein,24,
168606,"Beef, retail cuts, separable fat, cooked",13,,High-Protein,24,
168607,"Beef, brisket, whole, separable lean only, all grades, raw",13,,High-Protein,24,
168608,"Beef, grass-fed, ground, raw",13,,High-Protein,24,
168609,"Beef, flank, steak, separable lean only, trimmed to 0"" fat, choice, raw",13,,"High-Protein,Low-Fat",24,
168610,"Beef, flank, steak, separable lean only, trimmed to 0"" fat, choice, cooked, braised",13,,"High-Protein,Low-Fat",24,
168611,"Beef, flank, steak, separable lean only, trimmed to 0"" fat, choice, cooked, broiled",13,,"High-Protein,Low-Fat",24,
168612,"Beef, rib, eye, small end (ribs 10-12), separable lean and fat, trimmed to 0"" fat, choice, raw",13,,"High-Protein,Low-Fat",24,
168613,"Beef, rib, shortribs, separable lean and fat, choice, cooked, braised",13,,High-Protein,24,
168614,"Beef, rib, shortribs, separable lean only, choice, raw",13,,High-Protein,24,
168615,"Beef, rib, shortribs, separable lean only, choice, cooked, braised",13,,High-Protein,24,
168616,"Beef, round, full cut, separable lean only, trimmed to 1/4"" fat, choice, cooked, broiled",13,,High-Protein,24,
168617,"Beef, round, full cut, separable lean only, trimmed to 1/4"" fat, select, cooked, broiled",13,,High-Protein,24,
168618,"Beef, short loin, porterhouse steak, separable lean only, trimmed to 1/8"" fat, choice, cooked, grilled",13,,High-Protein,24,
168619,"Beef, short loin, t-bone steak, bone-in, separable lean only, trimmed to 1/8"" fat, choice, raw",13,,High-Protein,24,
168620,"Beef, short loin, t-bone steak, bone-in, separable lean only, trimmed to 1/8"" fat, choice, cooked, grilled",13,,High-Protein,24,
168621,"Beef, rib eye, small end (ribs 10-12), separable lean only, trimmed to 0"" fat, select, raw",13,,"High-Protein,Low-Fat",24,
168622,"Beef, variety meats and by-products, brain, raw",13,,High-Protein,24,
168623,"Beef, variety meats and by-products, brain, cooked, pan-fried",13,,High-Protein,24,
168624,"Beef, variety meats and by-products, brain, cooked, simmered",13,,High-Protein,24,
168625,"Beef, variety meats and by-products, heart, raw",13,,High-Protein,24,
168626,"Beef, variety meats and by-products, liver, cooked, braised",13,,High-Protein,24,
168627,"Beef, variety meats and by-products, liver, cooked, pan-fried",13,,High-Protein,24,
168628,"Beef, variety meats and by-products, lungs, raw",13,,High-Protein,24,
168629,"Beef, variety meats and by-products, lungs, cooked, braised",13,,High-Protein,24,
168630,"Beef, variety meats and by-products, mechanically separated beef, raw",13,,High-Protein,24,
168631,"Beef, loin, top loin steak, boneless, lip off, separable lean and fat, trimmed to 0"" fat, select, cooked, grilled",13,,"High-Protein,Low-Fat",24,
168632,"Beef, loin, top loin steak, boneless, lip off, separable lean only, trimmed to 0"" fat, all grades, cooked, grilled",13,,"High-Protein,Low-Fat",24,
168633,"Beef, top sirloin, steak, separable lean and fat, trimmed to 0"" fat, select, cooked, broiled",13,,"High-Protein,Low-Fat",24,
168634,"Beef, top sirloin, steak, separable lean only, trimmed to 0"" fat, all grades, cooked, broiled",13,,"High-Protein,Low-Fat",24,
168635,"Beef, top sirloin, steak, separable lean only, trimmed to 0"" fat, choice, cooked, broiled",13,,"High-Protein,Low-Fat",24,
168636,"Beef, top sirloin, steak, separable lean only, trimmed to 0"" fat, select, cooked, broiled",13,,"High-Protein,Low-Fat",24,
168637,"Beef, short loin, porterhouse steak, separable lean only,  trimmed to 1/8"" fat, all grades, cooked, grilled",13,,High-Protein,24,
168638,"Beef, short loin, porterhouse steak, separable lean only, trimmed to 0"" fat, all grades, cooked, broiled",13,,"High-Protein,Low-Fat",24,
168639,"Beef, short loin, porterhouse steak, separable lean only, trimmed to 0"" fat, choice, cooked, broiled",13,,"High-Protein,Low-Fat",24,
168640,"Beef, short loin, porterhouse steak, separable lean only, trimmed to 1/8"" fat, select, raw",13,,High-Protein,24,
168641,"Beef, short loin, porterhouse steak, separable lean only, trimmed to 1/8"" fat, select, cooked, grilled",13,,High-Protein,24,
168642,"Beef, short loin, t-bone steak, bone-in, separable lean only, trimmed to 1/8"" fat, all grades, raw",13,,High-Protein,24,
168643,"Beef, short loin, t-bone steak, bone-in, separable lean only, trimmed to 1/8"" fat, all grades, cooked, grilled",13,,High-Protein,24,
168644,"Beef, short loin, t-bone steak, separable lean only, trimmed to 0"" fat, choice, cooked, broiled",13,,"High-Protein,Low-Fat",24,
168645,"Beef, short loin, t-bone steak, bone-in, separable lean only, trimmed to 1/8"" fat, select, raw",13,,High-Protein,24,
168646,"Beef, round, tip round, roast, separable lean and fat, trimmed to 0"" fat, choice, raw",13,,"High-Protein,Low-Fat",24,
168647,"Beef, round, tip round, roast, separable lean and fat, trimmed to 0"" fat, select, raw",13,,"High-Protein,Low-Fat",24,
168648,"Beef, rib, eye, small end (ribs 10- 12) separable lean only, trimmed to 0"" fat, select, cooked, broiled",13,,"High-Protein,Low-Fat",24,
168649,"Beef, round, top round steak, boneless, separable lean only, trimmed to 0"" fat, all grades, cooked, grilled",13,,"High-Protein,Low-Fat",24,
168650,"Beef, ground, 70% lean meat / 30% fat, patty cooked, pan-broiled",13,,High-Protein,24,
168651,"Beef, ground, 70% lean meat / 30% fat, patty, cooked, broiled",13,,High-Protein,24,
168652,"Beef, ground, 70% lean meat / 30% fat, raw",13,,High-Protein,24,
168653,"Beef, chuck, under blade center steak, boneless, Denver Cut, separable lean only, trimmed to 0"" fat, select, raw",13,,"High-Protein,Low-Fat",24,
168654,"Beef, shoulder top blade steak, boneless, separable lean only, trimmed to 0"" fat, all grades, cooked, grilled",13,,"High-Protein,Low-Fat",24,
168655,"Beef, shoulder top blade steak, boneless, separable lean only, trimmed to 0"" fat, select, raw",13,,"High-Protein,Low-Fat",24,
168656,"Beef, brisket, flat half, boneless separable lean only, trimmed to 0"" fat, all grades, raw",13,,"High-Protein,Low-Fat",24,
168657,"Beef, brisket, flat half, boneless, separable lean only, trimmed to 0"" fat, choice, raw",13,,"High-Protein,Low-Fat",24,
168658,"Beef, brisket, flat half, boneless, separable lean only, trimmed to 0"" fat, select, raw",13,,"High-Protein,Low-Fat",24,
168659,"Beef, shoulder top blade steak, boneless, separable lean and fat, trimmed to 0"" fat, choice, cooked, grilled",13,,"High-Protein,Low-Fat",24,
168660,"Beef, chuck eye roast, boneless, America's Beef Roast, separable lean and fat, trimmed to 0"" fat, all grades, raw",13,,"High-Protein,Low-Fat",24,
168661,"Beef, chuck eye roast, boneless, America's Beef Roast, separable lean and fat, trimmed to 0"" fat, choice, raw",13,,"High-Protein,Low-Fat",24,
168662,"Beef, chuck eye roast, boneless, America's Beef Roast, separable lean and fat, trimmed to 0"" fat, select, raw",13,,"High-Protein,Low-Fat",24,
168663,"Beef, composite of trimmed retail cuts, separable lean and fat, trimmed to 1/8"" fat, select, cooked",13,,High-Protein,24,
168664,"Beef, brisket, whole, separable lean and fat, trimmed to 1/8"" fat, all grades, raw",13,,High-Protein,24,
168665,"Beef, brisket, whole, separable lean and fat, trimmed to 1/8"" fat, all grades, cooked, braised",13,,High-Protein,24,
168666,"Beef, brisket, flat half, separable lean and fat, trimmed to 1/8"" fat, all grades, raw",13,,High-Protein,24,
168667,"Beef, chuck, arm pot roast, separable lean and fat, trimmed to 1/8"" fat, all grades, cooked, braised",13,,High-Protein,24,
168668,"Beef, chuck, arm pot roast, separable lean and fat, trimmed to 1/8"" fat, choice, raw",13,,High-Protein,24,
168669,"Beef, chuck, arm pot roast, separable lean and fat, trimmed to 1/8"" fat, choice, cooked, braised",13,,High-Protein,24,
168670,"Beef, chuck, arm pot roast, separable lean and fat, trimmed to 1/8"" fat, select, raw",13,,High-Protein,24,
168671,"Beef, chuck, blade roast, separable lean and fat, trimmed to 1/8"" fat, choice, cooked, braised",13,,High-Protein,24,
168672,"Beef, chuck, blade roast, separable lean and fat, trimmed to 1/8"" fat, select, raw",13,,High-Protein,24,
168673,"Beef, chuck, blade roast, separable lean and fat, trimmed to 1/8"" fat, select, cooked, braised",13,,High-Protein,24,
168674,"Beef, chuck eye roast, boneless, America's Beef Roast, separable lean only, trimmed to 0"" fat, all grades, cooked, roasted",13,,"High-Protein,Low-Fat",24,
168675,"Beef, rib, whole (ribs 6-12), separable lean and fat, trimmed to 1/8"" fat, choice, raw",13,,High-Protein,24,
168676,"Beef, rib, whole (ribs 6-12), separable lean and fat, trimmed to 1/8"" fat, choice, cooked, broiled",13,,High-Protein,24,
168677,"Beef, rib, whole (ribs 6-12), separable lean and fat, trimmed to 1/8"" fat, choice, cooked, roasted",13,,High-Protein,24,
168678,"Beef, rib, whole (ribs 6-12), separable lean and fat, trimmed to 1/8"" fat, select, raw",13,,High-Protein,24,
168679,"Beef, rib, whole (ribs 6-12), separable lean and fat, trimmed to 1/8"" fat, prime, cooked, roasted",13,,High-Protein,24,
168680,"Beef, rib, large end (ribs 6-9), separable lean and fat, trimmed to 1/8"" fat, all grades, raw",13,,High-Protein,24,
168681,"Beef, rib, large end (ribs 6-9), separable lean and fat, trimmed to 1/8"" fat, all grades, cooked, broiled",13,,High-Protein,24,
168682,"Beef, rib, large end (ribs 6-9), separable lean and fat, trimmed to 1/8"" fat, all grades, cooked, roasted",13,,High-Protein,24,
168683,"Beef, rib, large end (ribs 6-9), separable lean and fat, trimmed to 1/8"" fat, select, cooked, broiled",13,,High-Protein,24,
168684,"Beef, rib, large end (ribs 6-9), separable lean and fat, trimmed to 1/8"" fat, select, cooked, roasted",13,,High-Protein,24,
168685,"Beef, rib, large end (ribs 6-9), separable lean and fat, trimmed to 1/8"" fat, prime, raw",13,,High-Protein,24,
168686,"Beef, rib, large end (ribs 6-9), separable lean and fat, trimmed to 1/8"" fat, prime, cooked, broiled",13,,High-Protein,24,
168687,"Beef, rib, large end (ribs 6-9), separable lean and fat, trimmed to 1/8"" fat, prime, cooked, roasted",13,,High-Protein,24,
168688,"Beef, rib, small end (ribs 10-12), separable lean and fat, trimmed to 1/8"" fat, choice, cooked, broiled",13,,High-Protein,24,
168689,"Beef, rib, small end (ribs 10-12), separable lean and fat, trimmed to 1/8"" fat, choice, cooked, roasted",13,,High-Protein,24,
168690,"Beef, rib, small end (ribs 10-12), separable lean and fat, trimmed to 1/8"" fat, select, raw",13,,High-Protein,24,
168691,"Beef, rib, small end (ribs 10-12), separable lean and fat, trimmed to 1/8"" fat, select, cooked, broiled",13,,High-Protein,24,
168692,"Beef, shoulder top blade steak, boneless, separable lean and fat, trimmed to 0"" fat, select, cooked, grilled",13,,"High-Protein,Low-Fat",24,
168693,"Beef, shoulder top blade steak, boneless, separable lean and fat, trimmed to 0"" fat, all grades, raw",13,,"High-Protein,Low-Fat",24,
168694,"Beef, round, full cut, separable lean and fat, trimmed to 1/8"" fat, choice, raw",13,,High-Protein,24,
168695,"Beef, round, full cut, separable lean and fat, trimmed to 1/8"" fat, choice, cooked, broiled",13,,High-Protein,24,
168696,"Beef, round, bottom round, roast, separable lean and fat, trimmed to 1/8"" fat, all grades, cooked, roasted",13,,High-Protein,24,
168697,"Beef, round, bottom round, steak, separable lean and fat, trimmed to 1/8"" fat, choice, raw",13,,High-Protein,24,
168698,"Beef, round, bottom round, steak, separable lean and fat, trimmed to 1/8"" fat, choice, cooked, braised",13,,High-Protein,24,
168699,"Beef, round, bottom round, roast, separable lean and fat, trimmed to 1/8"" fat, choice, cooked, roasted",13,,High-Protein,24,
168700,"Beef, round, bottom round, steak, separable lean and fat, trimmed to 1/8"" fat, select, raw",13,,High-Protein,24,
168701,"Beef, round, eye of round, roast, separable lean and fat, trimmed to 1/8"" fat, choice, raw",13,,High-Protein,24,
168702,"Beef, round, eye of round, roast, separable lean and fat, trimmed to 1/8"" fat, choice, cooked, roasted",13,,High-Protein,24,
168703,"Beef, round, eye of round, roast, separable lean and fat, trimmed to 1/8"" fat, select, raw",13,,High-Protein,24,
168704,"Beef, round, eye of round, roast, separable lean and fat, trimmed to 1/8"" fat, select, cooked, roasted",13,,High-Protein,24,
168705,"Beef, round, tip round, separable lean and fat, trimmed to 1/8"" fat, select, raw",13,,High-Protein,24,
168706,"Beef, round, tip round, roast, separable lean and fat, trimmed to 1/8"" fat, select, cooked, roasted",13,,High-Protein,24,
168707,"Beef, shoulder top blade steak, boneless, separable lean and fat, trimmed to 0"" fat, choice, raw",13,,"High-Protein,Low-Fat",24,
168708,"Beef, round, top round, separable lean only, trimmed to 1/8"" fat, choice, cooked, pan-fried",13,,High-Protein,24,
168709,"Beef, round, top round, separable lean and fat, trimmed to 1/8"" fat, choice, cooked, braised",13,,High-Protein,24,
168710,"Beef, round, top round, steak, separable lean and fat, trimmed to 1/8"" fat, choice, cooked, broiled",13,,High-Protein,24,
168711,"Beef, round, top round, separable lean and fat, trimmed to 1/8"" fat, choice, cooked, pan-fried",13,,High-Protein,24,
168712,"Beef, round, top round, steak, separable lean and fat, trimmed to 1/8"" fat, select, raw",13,,High-Protein,24,
168713,"Beef, round, top round, separable lean and fat, trimmed to 1/8"" fat, select, cooked, braised",13,,High-Protein,24,
168714,"Beef, brisket, flat half, boneless, separable lean and fat, trimmed to 0"" fat, all grades, raw",13,,"High-Protein,Low-Fat",24,
168715,"Beef, short loin, porterhouse steak, separable lean and fat, trimmed to 1/8"" fat, choice, raw",13,,High-Protein,24,
168716,"Beef, short loin, porterhouse steak, separable lean and fat, trimmed to 1/8"" fat, choice, cooked, grilled",13,,High-Protein,24,
168717,"Beef, short loin, t-bone steak, separable lean and fat, trimmed to 1/8"" fat, choice, raw",13,,High-Protein,24,
168718,"Beef, short loin, top loin, steak, separable lean and fat, trimmed to 1/8"" fat, choice, cooked, grilled",13,,High-Protein,24,
168719,"Beef, loin, top loin, separable lean and fat, trimmed to 1/8"" fat, select, raw",13,,High-Protein,24,
168720,"Beef, loin, top loin, separable lean and fat, trimmed to 1/8"" fat, select, cooked, grilled",13,,High-Protein,24,
168721,"Beef, short loin, top loin, steak, separable lean and fat, trimmed to 1/8"" fat, prime, raw",13,,High-Protein,24,
168722,"Beef, tenderloin, steak, separable lean and fat, trimmed to 1/8"" fat, choice, cooked, broiled",13,,High-Protein,24,
168723,"Beef, tenderloin, roast, separable lean and fat, trimmed to 1/8"" fat, choice, cooked, roasted",13,,High-Protein,24,
168724,"Beef, tenderloin, steak, separable lean and fat, trimmed to 1/8"" fat, select, raw",13,,High-Protein,24,
168725,"Beef, tenderloin, steak, separable lean and fat, trimmed to 1/8"" fat, select, cooked, broiled",13,,High-Protein,24,
168726,"Beef, top sirloin, steak, separable lean and fat, trimmed to 1/8"" fat, all grades, raw",13,,High-Protein,24,
168727,"Beef, top sirloin, steak, separable lean and fat, trimmed to 1/8"" fat, all grades, cooked, broiled",13,,High-Protein,24,
168728,"Beef, top sirloin, steak, separable lean and fat, trimmed to 1/8"" fat, choice, raw",13,,High-Protein,24,
168729,"Beef, top sirloin, steak, separable lean and fat, trimmed to 1/8"" fat, choice, cooked, broiled",13,,High-Protein,24,
168730,"Beef, chuck, clod roast, separable lean only, trimmed to 0"" fat, select, cooked, roasted",13,,"High-Protein,Low-Fat",24,
168731,"Beef, shoulder steak, boneless, separable lean only, trimmed to 0"" fat, choice, cooked, grilled",13,,"High-Protein,Low-Fat",24,
168732,"Beef, shoulder steak, boneless, separable lean only, trimmed to 0"" fat, select, cooked, grilled",13,,"High-Protein,Low-Fat",24,
168733,"Beef, flank, steak, separable lean and fat, trimmed to 0"" fat, all grades, cooked, broiled",13,,"High-Protein,Low-Fat",24,
168734,"Beef, bottom sirloin, tri-tip roast, separable lean and fat, trimmed to 0"" fat, all grades, raw",13,,"High-Protein,Low-Fat",24,
168735,"Beef, bottom sirloin, tri-tip roast, separable lean and fat, trimmed to 0"" fat, choice, cooked, roasted",13,,"High-Protein,Low-Fat",24,
168736,"Beef, bottom sirloin, tri-tip roast, separable lean and fat, trimmed to 0"" fat, choice, raw",13,,"High-Protein,Low-Fat",24,
168737,"Beef, bottom sirloin, tri-tip roast, separable lean and fat, trimmed to 0"" fat, select, cooked, roasted",13,,"High-Protein,Low-Fat",24,
168738,"Beef, chuck, top blade, separable lean only, trimmed to 0"" fat, choice, cooked, broiled",13,,"High-Protein,Low-Fat",24,
168739,"Beef, chuck, top blade, separable lean only, trimmed to 0"" fat, select, cooked, broiled",13,,"High-Protein,Low-Fat",24,
168740,"Beef, round, top round steak, boneless, separable lean and fat, trimmed to 0"" fat, choice, cooked, grilled",13,,"High-Protein,Low-Fat",24,
168741,"Beef, round, top round steak, boneless, separable lean and fat, trimmed to 0"" fat, select, cooked, grilled",13,,"High-Protein,Low-Fat",24,
168742,"Beef, chuck eye roast, boneless, America's Beef Roast, separable lean only, trimmed to 0"" fat, select, raw",13,,"High-Protein,Low-Fat",24,
168743,"Beef, brisket, flat half, boneless, separable lean and fat, trimmed to 0"" fat, choice, raw",13,,"High-Protein,Low-Fat",24,
168744,"Beef, plate, inside skirt steak, separable lean only, trimmed to 0"" fat, all grades, cooked, broiled",13,,"High-Protein,Low-Fat",24,
168745,"Beef, plate, outside skirt steak, separable lean only, trimmed to 0"" fat, all grades, cooked, broiled",13,,"High-Protein,Low-Fat",24,
168746,"Alcoholic beverage, beer, regular, all",14,"Cereals containing gluten,Cereals containing gluten (barley)","Vegan,Vegetarian",252,
168747,"Alcoholic beverage, beer, regular, BUDWEISER",14,"Cereals containing gluten,Cereals containing gluten (barley)","Vegan,Vegetarian",252,
168748,"Alcoholic beverage, beer, light, BUDWEISER SELECT",14,"Cereals containing gluten,Cereals containing gluten (barley)","Vegan,Vegetarian",252,
168749,"Alcoholic beverage, beer, light",14,"Cereals containing gluten,Cereals containing gluten (barley)","Vegan,Vegetarian",252,
168750,"Alcoholic beverage, pina colada, canned",14,"Milk,Nuts,Nuts (coconut)",Vegetarian,252,
168751,"Beverages, almond milk, sweetened, vanilla flavor, ready-to-drink",14,"Nuts,Nuts (almonds)","Vegan,Vegetarian",48,
168752,"Alcoholic beverage, pina colada, prepared-from-recipe",14,"Nuts,Nuts (coconut)","Vegan,Vegetarian",252,
168753,"Alcoholic beverage, tequila sunrise, canned",14,,"Vegan,Vegetarian",252,
168754,"Candies, milk chocolate, with almonds",19,"Milk,Nuts,Nuts (almonds),Soybeans",Vegetarian,48,
168755,"Candies, milk chocolate, with rice cereal",19,"Cereals containing gluten,Cereals containing gluten (barley),Milk,Soybeans",Vegetarian,24,
168756,"Candies, MARS SNACKFOOD US, MILKY WAY Bar",19,"Eggs,Milk,Soybeans",Vegetarian,24,
168757,"Candies, HERSHEY'S SKOR Toffee Bar",19,"Milk,Nuts,Nuts (almonds),Soybeans",Vegetarian,48,
168758,"Toppings, strawberry",19,,"Vegan,Vegetarian,Vitamin-Rich",24,
168759,"Candies, MOUNDS Candy Bar",19,"Milk,Nuts,Nuts (coconut),Soybeans",Vegetarian,48,
168760,"Candies, MR. GOODBAR Chocolate Bar",19,"Milk,Peanuts,Soybeans",Vegetarian,48,
168761,"Candies, NESTLE, 100 GRAND Bar",19,"Cereals containing gluten,Cereals containing gluten (barley),Milk,Soybeans",Vegetarian,24,
168762,"Candies, NESTLE, CRUNCH Bar and Dessert Topping",19,"Cereals containing gluten,Cereals containing gluten (barley),Milk,Soybeans",Vegetarian,24,
168763,"Candies, REESE'S Peanut Butter Cups",19,"Milk,Peanuts,Soybeans",Vegetarian,48,
168764,"Candies, REESE'S PIECES Candy",19,"Peanuts,Soybeans",Vegetarian,48,
168765,"Candies, ROLO Caramels in Milk Chocolate",19,"Milk,Soybeans",Vegetarian,24,
168766,"Candies, NESTLE, AFTER EIGHT Mints",19,"Milk,Soybeans",Vegetarian,24,
168767,"Candies, MARS SNACKFOOD US, 3 MUSKETEERS Bar",19,"Eggs,Milk,Soybeans",Vegetarian,24,
168768,"Candies, MARS SNACKFOOD US, TWIX Caramel Cookie Bars",19,"Cereals containing gluten,Milk,Soybeans",Vegetarian,24,
168769,"Candies, MARS SNACKFOOD US, TWIX Peanut Butter Cookie Bars",19,"Cereals containing gluten,Milk,Peanuts,Soybeans",Vegetarian,48,
168770,"Candies, WHATCHAMACALLIT Candy Bar",19,"Milk,Peanuts,Soybeans",Vegetarian,48,
168771,Chewing gum,19,Soybeans,"Vegan,Vegetarian",48,
168772,"Egg custards, dry mix",19,"Eggs,Milk",Vegetarian,24,
168773,"Egg custards, dry mix, prepared with whole milk",19,"Eggs,Milk",Vegetarian,24,
168774,"Cocoa, dry powder, unsweetened, HERSHEY'S European Style Cocoa",19,,"No Added Sugar,Vegan,Vegetarian",24,
168775,"Gelatin desserts, dry mix",19,,No Added Sugar,24,
168776,"Candies, YORK BITES",19,"Eggs,Milk,Soybeans",Vegetarian,24,
168777,"Desserts, mousse, chocolate, prepared-from-recipe",19,"Eggs,Milk",Vegetarian,24,
168778,"Puddings, chocolate, ready-to-eat",19,Milk,Vegetarian,24,
168779,"Puddings, chocolate, dry mix, instant",19,,"Vegan,Vegetarian",24,
168780,"Puddings, chocolate, dry mix, regular, prepared with 2% milk",19,Milk,Vegetarian,24,
168781,"Puddings, coconut cream, dry mix, instant, prepared with 2% milk",19,"Milk,Nuts,Nuts (coconut)",Vegetarian,48,
168782,"Puddings, rice, ready-to-eat",19,Milk,Vegetarian,24,
168783,"Puddings, rice, dry mix",19,,"Vegan,Vegetarian",24,
168784,"Puddings, vanilla, dry mix, instant",19,,"Vegan,Vegetarian",24,
168785,"Puddings, vanilla, dry mix, instant, prepared with whole milk",19,Milk,Vegetarian,24,
168786,"Puddings, lemon, dry mix, instant, prepared with 2% milk",19,Milk,Vegetarian,24,
168787,"Egg custards, dry mix, prepared with 2% milk",19,"Eggs,Milk",Vegetarian,24,
168788,"Puddings, vanilla, dry mix, regular, prepared with 2% milk",19,Milk,Vegetarian,24,
168789,"Rennin, chocolate, dry mix, prepared with 2% milk",19,Milk,Vegetarian,24,
168790,"Rennin, vanilla, dry mix, prepared with 2% milk",19,Milk,Vegetarian,24,
168791,"Candies, praline, prepared-from-recipe",19,"Milk,Nuts,Nuts (pecans)",Vegetarian,48,
168792,"Desserts, rennin, vanilla, dry mix",19,,Vegetarian,24,
168793,"Rennin, vanilla, dry mix, prepared with whole milk",19,Milk,Vegetarian,24,
168794,"Desserts, rennin, tablets, unsweetened",19,,"No Added Sugar,Vegetarian",24,
168795,"Frostings, chocolate, creamy, ready-to-eat",19,"Milk,Soybeans",Vegetarian,24,
168796,"Flan, caramel custard, dry mix, prepared with whole milk",19,"Eggs,Milk",Vegetarian,24,
168797,"Puddings, vanilla, ready-to-eat, fat free",19,Milk,"Fat-Free,Low-Fat,Vegetarian",24,
168798,"Puddings, tapioca, ready-to-eat, fat free",19,Milk,"Fat-Free,Low-Fat,Vegetarian",24,
168799,"Puddings, chocolate, ready-to-eat, fat free",19,Milk,"Fat-Free,Low-Fat,Vegetarian",24,
168800,"Frostings, chocolate, creamy, dry mix, prepared with butter",19,"Milk,Soybeans",Vegetarian,24,
168801,"Candies, HEATH BITES",19,"Milk,Nuts,Nuts (almonds),Soybeans",Vegetarian,48,
168802,"Frostings, vanilla, creamy, dry mix",19,"Milk,Soybeans",Vegetarian,24,
168803,"Frostings, white, fluffy, dry mix",19,Eggs,Vegetarian,24,
168804,"Candies, MARS SNACKFOOD US, DOVE Milk Chocolate",19,"Milk,Soybeans",Vegetarian,24,
168805,"Candies, MARS SNACKFOOD US, DOVE Dark Chocolate",19,"Milk,Soybeans",Vegetarian,24,
168806,"Candies, MARS SNACKFOOD US, MILKY WAY Caramels, milk chocolate covered",19,"Milk,Soybeans",Vegetarian,24,
168807,"Candies, MARS SNACKFOOD US, MILKY WAY Caramels. dark chocolate covered",19,"Milk,Soybeans",Vegetarian,24,
168808,"Snacks, GENERAL MILLS, BETTY CROCKER Fruit Roll Ups, berry flavored, with vitamin C",23,,"Vegan,Vegetarian,Vitamin-Rich",24,
168809,"Ice creams, chocolate",19,Milk,Vegetarian,24,
168810,"Ice creams, strawberry",19,Milk,"Vegetarian,Vitamin-Rich",24,
168811,"Snacks, FARLEY CANDY, FARLEY Fruit Snacks, with vitamins A, C, and E",23,,"Vegan,Vegetarian,Vitamin-Rich",24,
168812,"Frozen novelties, ice type, italian, restaurant-prepared",19,,"Vegan,Vegetarian",24,
168813,"Frozen novelties, ice type, pop",19,,"Vegan,Vegetarian",24,
168814,"Candies, MARS SNACKFOOD US, M&M's Crispy Chocolate Candies",19,"Cereals containing gluten,Cereals containing gluten (barley),Milk,Soybeans",Vegetarian,24,
168815,"Frozen yogurts, vanilla, soft-serve",19,Milk,Vegetarian,24,
168816,"Fruit butters, apple",19,,"Vegan,Vegetarian,Vitamin-Rich",24,
168817,"Candies, fudge, chocolate marshmallow, with nuts, prepared-by-recipe",19,"Milk,Nuts",Vegetarian,48,
168818,"Candies, MARS SNACKFOOD US, SNICKERS Almond bar",19,"Eggs,Milk,Nuts,Nuts (almonds),Soybeans",Vegetarian,48,
168819,"Marmalade, orange",19,,"Vegan,Vegetarian,Vitamin-Rich",24,
168820,Molasses,19,,"Vegan,Vegetarian",24,
168821,"Pectin, unsweetened, dry mix",19,,"No Added Sugar,Vegan,Vegetarian",24,
168822,"Pie fillings, apple, canned",19,,"Vegan,Vegetarian,Vitamin-Rich",24,
168823,"Candies, MARS SNACKFOOD US, STARBURST Fruit Chews, Tropical fruits",19,,"Vegan,Vegetarian",24,
168824,"Pie fillings, canned, cherry",19,,"Vegan,Vegetarian,Vitamin-Rich",24,
168825,"Puddings, banana, dry mix, regular, prepared with whole milk",19,Milk,"Vegetarian,Vitamin-Rich",24,
168826,"Puddings, coconut cream, dry mix, instant",19,"Nuts,Nuts (coconut)","Vegan,Vegetarian",48,
168827,"Puddings, coconut cream, dry mix, instant, prepared with whole milk",19,"Milk,Nuts,Nuts (coconut)",Vegetarian,48,
168828,"Puddings, coconut cream, dry mix, regular",19,"Nuts,Nuts (coconut)","Vegan,Vegetarian",48,
168829,"Puddings, coconut cream, dry mix, regular, prepared with whole milk",19,"Milk,Nuts,Nuts (coconut)",Vegetarian,48,
168830,"Puddings, lemon, dry mix, instant, prepared with whole milk",19,Milk,Vegetarian,24,
168831,"Puddings, lemon, dry mix, regular",19,,"Vegan,Vegetarian",24,
168832,"Pudding, lemon, dry mix, regular, prepared with sugar, egg yolk and water",19,Eggs,Vegetarian,24,
168833,"Sugars, brown",19,,"Vegan,Vegetarian",24,
168834,"Syrups, chocolate, HERSHEY'S Genuine Chocolate Flavored Lite Syrup",19,,"Vegan,Vegetarian",24,
168835,"Syrups, chocolate, fudge-type",19,Milk,Vegetarian,24,
168836,"Syrups, corn, dark",19,,"Vegan,Vegetarian",24,
168837,"Syrups, corn, light",19,,"Vegan,Vegetarian",24,
168838,"Syrups, table blends, pancake, with 2% maple",19,,"Vegan,Vegetarian",24,
168839,"Syrups, table blends, corn, refiner, and sugar",19,,"Vegan,Vegetarian",24,
168840,"Candies, MARS SNACKFOOD US, SKITTLES Wild Berry Bite Size Candies",19,,"Vegan,Vegetarian",24,
168841,"Toppings, butterscotch or caramel",19,Milk,Vegetarian,24,
168842,"Candies, MARS SNACKFOOD US, SKITTLES Sours Original",19,,"Vegan,Vegetarian",24,
168843,"Candies, MARS SNACKFOOD US, SKITTLES Original Bite Size Candies",19,,"Vegan,Vegetarian",24,
168844,"Frostings, vanilla, creamy, dry mix, prepared with margarine",19,"Milk,Soybeans",Vegetarian,24,
168845,"Frostings, chocolate, creamy, dry mix, prepared with margarine",19,"Milk,Soybeans",Vegetarian,24,
168846,"Candies, divinity, prepared-from-recipe",19,"Eggs,Nuts",Vegetarian,48,
168847,"Frozen novelties, ice type, pineapple-coconut",19,"Nuts,Nuts (coconut)","Vegan,Vegetarian,Vitamin-Rich",48,
168848,"Frozen yogurts, chocolate, soft-serve",19,Milk,Vegetarian,24,
168849,"Snacks, banana chips",23,"Nuts,Nuts (coconut)","Vegan,Vegetarian,Vitamin-Rich",24,
168850,"Snacks, beef sticks, smoked",23,"Cereals containing gluten,Soybeans",High-Protein,24,
168851,"Snacks, pork skins, barbecue-flavor",23,,High-Protein,24,
168852,"Frostings, glaze, chocolate, prepared-from-recipe, with butter, NFSMI Recipe No. C-32",19,"Milk,Soybeans",Vegetarian,24,
168853,"Snack, potato chips, made from dried potatoes, plain",23,,"Vegan,Vegetarian,Vitamin-Rich",24,
168854,"Snacks, potato sticks",23,,"Vegan,Vegetarian,Vitamin-Rich",24,
168855,"Snacks, rice cakes, brown rice, rye",23,"Cereals containing gluten,Cereals containing gluten (rye)","Vegan,Vegetarian",24,
168856,"Snacks, sesame sticks, wheat-based, salted",23,"Cereals containing gluten,Sesame seeds","Vegan,Vegetarian",24,
168857,"Snacks, corn cakes",23,,"Vegan,Vegetarian",24,
168858,"Snacks, tortilla chips, nacho-flavor, reduced fat",23,Milk,"Low-Fat,Vegetarian",24,
168859,"Tortilla chips, low fat, baked without fat",23,,"Low-Fat,Vegan,Vegetarian",24,
168860,"Cheese puffs and twists, corn based, baked, low fat",23,Milk,"Low-Fat,Vegetarian",24,
168861,"Snacks, granola bar, fruit-filled, nonfat",23,"Cereals containing gluten,Cereals containing gluten (oats),Soybeans","Fat-Free,Low-Fat,Vegan,Vegetarian,Vitamin-Rich",24,
168862,"Snacks, KELLOGG, KELLOGG'S, NUTRI-GRAIN Cereal Bars, fruit",23,"Cereals containing gluten,Cereals containing gluten (oats),Milk,Soybeans","Vegetarian,Vitamin-Rich",24,
168863,"Snacks, tortilla chips, low fat, made with olestra, nacho cheese",23,Milk,"Low-Fat,Vegetarian",24,
168864,"Snacks, potato chips, made from dried potatoes, fat-free, made with olestra",23,,"Fat-Free,Low-Fat,Vegan,Vegetarian,Vitamin-Rich",24,
168865,"Snacks, taro chips",23,,"Vegan,Vegetarian,Vitamin-Rich",24,
168866,"Puddings, banana, dry mix, instant, with added oil",19,,"Vegan,Vegetarian,Vitamin-Rich",24,
168867,"Cornmeal, degermed, enriched, yellow",20,,"Vegan,Vegetarian",24,
168868,"Cornmeal, yellow, self-rising, bolted, plain, enriched",20,,"Vegan,Vegetarian",24,
168869,"Cornmeal, yellow, self-rising, bolted, with wheat flour added, enriched",20,Cereals containing gluten,"Vegan,Vegetarian",24,
168870,"Cornmeal, yellow, self-rising, degermed, enriched",20,,"Vegan,Vegetarian",24,
168871,"Millet, cooked",20,,"Vegan,Vegetarian",24,
168872,"Oat bran, raw",20,Cereals containing gluten (oats),"High-Protein,Vegan,Vegetarian",24,
168873,"Oat bran, cooked",20,Cereals containing gluten (oats),"High-Protein,Vegan,Vegetarian",24,
168874,"Quinoa, uncooked",20,,"High-Protein,Vegan,Vegetarian",24,
168875,"Rice, brown, medium-grain, cooked (Includes foods for USDA's Food Distribution Program)",20,,"Vegan,Vegetarian",24,
168876,"Rice, brown, parboiled, dry, UNCLE BEN'S",20,,"Vegan,Vegetarian",24,
168877,"Rice, white, long-grain, regular, raw, enriched",20,,"Vegan,Vegetarian",24,
168878,"Rice, white, long-grain, regular, enriched, cooked",20,,"Vegan,Vegetarian",24,
168879,"Rice, white, medium-grain, raw, enriched",20,,"Vegan,Vegetarian",24,
168880,"Rice, white, medium-grain, enriched, cooked",20,,"Vegan,Vegetarian",24,
168881,"Rice, white, short-grain, enriched, uncooked",20,,"Vegan,Vegetarian",24,
168882,"Rice, white, short-grain, enriched, cooked",20,,"Vegan,Vegetarian",24,
168883,"Rice, white, glutinous, unenriched, uncooked",20,,"Vegan,Vegetarian",24,
168884,Rye grain,20,"Cereals containing gluten,Cereals containing gluten (rye)","Vegan,Vegetarian",24,
168885,"Rye flour, dark",20,"Cereals containing gluten,Cereals containing gluten (rye)","Vegan,Vegetarian",24,
168886,"Rye flour, medium",20,"Cereals containing gluten,Cereals containing gluten (rye)","Vegan,Vegetarian",24,
168887,"Rye flour, light",20,"Cereals containing gluten,Cereals containing gluten (rye)","Vegan,Vegetarian",24,
168888,"Triticale flour, whole-grain",20,Cereals containing gluten,"High-Protein,Vegan,Vegetarian",24,
168889,"Wheat, hard red spring",20,Cereals containing gluten,"High-Protein,Vegan,Vegetarian",24,
168890,"Wheat, hard red winter",20,Cereals containing gluten,"High-Protein,Vegan,Vegetarian",24,
168891,"Wheat, soft red winter",20,Cereals containing gluten,"High-Protein,Vegan,Vegetarian",24,
168892,"Wheat germ, crude",20,Cereals containing gluten,"High-Protein,Vegan,Vegetarian",24,
168893,"Wheat flour, whole-grain (Includes foods for USDA's Food Distribution Program)",20,Cereals containing gluten,"High-Protein,Vegan,Vegetarian",24,
168894,"Wheat flour, white, all-purpose, enriched, bleached",20,Cereals containing gluten,"Vegan,Vegetarian",24,
168895,"Wheat flour, white, all-purpose, self-rising, enriched",20,Cereals containing gluten,"Vegan,Vegetarian",24,
168896,"Wheat flour, white, bread, enriched",20,Cereals containing gluten,"High-Protein,Vegan,Vegetarian",24,
168897,"Wild rice, cooked",20,,"Vegan,Vegetarian",24,
168898,"Rice flour, brown",20,,"Vegan,Vegetarian",24,
168899,"Pasta, gluten-free, corn, dry",20,,"Gluten-Free,Vegan,Vegetarian",24,
168900,"Pasta, gluten-free, corn, cooked",20,,"Gluten-Free,Vegan,Vegetarian",24,
168901,"Pasta, homemade, made with egg, cooked",20,"Cereals containing gluten,Eggs",Vegetarian,24,
168902,"Pasta, homemade, made without egg, cooked",20,Cereals containing gluten,"Vegan,Vegetarian",24,
168903,"Macaroni, vegetable, enriched, dry",20,Cereals containing gluten,"Vegan,Vegetarian,Vitamin-Rich",24,
168904,"Macaroni, vegetable, enriched, cooked",20,Cereals containing gluten,"Vegan,Vegetarian,Vitamin-Rich",24,
168905,"Noodles, chinese, chow mein",20,"Cereals containing gluten,Eggs",Vegetarian,24,
168906,"Noodles, japanese, soba, dry",20,Cereals containing gluten,"Vegan,Vegetarian",24,
168907,"Noodles, japanese, soba, cooked",20,Cereals containing gluten,"Vegan,Vegetarian",24,
168908,"Noodles, japanese, somen, dry",20,Cereals containing gluten,"Vegan,Vegetarian",24,
168909,"Noodles, japanese, somen, cooked",20,Cereals containing gluten,"Vegan,Vegetarian",24,
168910,"Pasta, whole-wheat, cooked (Includes foods for USDA's Food Distribution Program)",20,Cereals containing gluten,"Vegan,Vegetarian",24,
168911,"Spaghetti, spinach, dry",20,"Cereals containing gluten,Eggs","Vegetarian,Vitamin-Rich",24,
168912,"Spaghetti, spinach, cooked",20,"Cereals containing gluten,Eggs","Vegetarian,Vitamin-Rich",24,
168913,"Wheat flours, bread, unenriched",20,Cereals containing gluten,"High-Protein,Vegan,Vegetarian",24,
168914,"Rice noodles, cooked",20,,"Vegan,Vegetarian",24,
168915,"Pasta, whole grain, 51% whole wheat, remaining unenriched semolina, dry",20,Cereals containing gluten,"Vegan,Vegetarian",24,
168916,"Pasta, whole grain, 51% whole wheat, remaining unenriched semolina, cooked",20,Cereals containing gluten,"Vegan,Vegetarian",24,
168917,"Quinoa, cooked",20,,"High-Protein,Vegan,Vegetarian",24,
168918,"Teff, cooked",20,,"High-Protein,Vegan,Vegetarian",24,
168919,"Noodles, egg, cooked, enriched, with added salt",20,"Cereals containing gluten,Eggs",Vegetarian,24,
168920,"Corn grain, white",20,,"Vegan,Vegetarian",24,
168921,"Corn flour, whole-grain, blue (harina de maiz morado)",20,,"Vegan,Vegetarian",24,
168922,"Cornmeal, degermed, enriched, white",20,,"Vegan,Vegetarian",24,
168923,"Cornmeal, white, self-rising, bolted, plain, enriched",20,,"Vegan,Vegetarian",24,
168924,"Cornmeal, white, self-rising, bolted, with wheat flour added, enriched",20,Cereals containing gluten,"Vegan,Vegetarian",24,
168925,"Cornmeal, white, self-rising, degermed, enriched",20,,"Vegan,Vegetarian",24,
168926,"Noodles, egg, unenriched, cooked, without added salt",20,"Cereals containing gluten,Eggs","Low Sodium,Vegetarian",24,
168927,"Pasta, dry, unenriched",20,Cereals containing gluten,"Vegan,Vegetarian",24,
168928,"Pasta, cooked, unenriched, without added salt",20,Cereals containing gluten,"Low Sodium,Vegan,Vegetarian",24,
168929,"Cornmeal, degermed, unenriched, yellow",20,,"Vegan,Vegetarian",24,
168930,"Rice, white, medium-grain, cooked, unenriched",20,,"Vegan,Vegetarian",24,
168931,"Rice, white, short-grain, raw, unenriched",20,,"Vegan,Vegetarian",24,
168932,"Rice, white, short-grain, cooked, unenriched",20,,"Vegan,Vegetarian",24,
168933,"Semolina, unenriched",20,Cereals containing gluten,"Vegan,Vegetarian",24,
168934,"Spaghetti, protein-fortified, cooked, enriched (n x 6.25)",20,Cereals containing gluten,"High-Protein,Vegan,Vegetarian",24,
168935,"Rice, white, long-grain, regular, cooked, unenriched, with salt",20,,"Vegan,Vegetarian",24,
168936,"Wheat flour, white, all-purpose, enriched, unbleached",20,Cereals containing gluten,"Vegan,Vegetarian",24,
168937,"Spaghetti, protein-fortified, dry, enriched (n x 6.25)",20,Cereals containing gluten,"High-Protein,Vegan,Vegetarian",24,
168938,"Wheat flour, white (industrial), 10% protein, unbleached, enriched",20,Cereals containing gluten,"High-Protein,Vegan,Vegetarian",24,
168939,"Wheat flour, white (industrial), 11.5% protein, bleached, enriched",20,Cereals containing gluten,"High-Protein,Vegan,Vegetarian",24,
168940,"Wheat flour, white (industrial), 11.5% protein, bleached, unenriched",20,Cereals containing gluten,"High-Protein,Vegan,Vegetarian",24,
168941,"Wheat flour, white (industrial), 11.5% protein, unbleached, enriched",20,Cereals containing gluten,"High-Protein,Vegan,Vegetarian",24,
168942,"Wheat flour, white (industrial), 13% protein, bleached, enriched",20,Cereals containing gluten,"High-Protein,Vegan,Vegetarian",24,
168943,"Sorghum flour, whole-grain",20,,"Gluten-Free,Vegan,Vegetarian",24,
168944,"Wheat flour, whole-grain, soft wheat",20,Cereals containing gluten,"High-Protein,Vegan,Vegetarian",24,
168945,"Potatoes, yellow fleshed, hash brown, shredded, salt added in processing, frozen, unprepared",11,,"Vegan,Vegetarian,Vitamin-Rich",24,
168946,"Potatoes, french fried, wedge cut, frozen, unprepared",11,,"Vegan,Vegetarian,Vitamin-Rich",24,
168947,"Potatoes, french fried, steak cut, salt not added in processing, frozen, unprepared",11,,"Low Sodium,Vegan,Vegetarian,Vitamin-Rich",24,
168948,"Potatoes, french fried, cross cut, frozen, unprepared",11,,"Vegan,Vegetarian,Vitamin-Rich",24,
168949,"Rice and vermicelli mix, beef flavor, unprepared",22,"Cereals containing gluten,Milk,Soybeans",,24,
168950,"Rice and vermicelli mix, beef flavor, prepared with 80% margarine",22,"Cereals containing gluten,Milk,Soybeans",,24,
168951,"Rice and vermicelli mix, rice pilaf flavor, unprepared",22,Cereals containing gluten,Vegetarian,24,
168952,"Rice and vermicelli mix, rice pilaf flavor, prepared with 80% margarine",22,Cereals containing gluten,Vegetarian,24,
168953,"Pasta mix, classic cheeseburger macaroni, unprepared",22,"Cereals containing gluten,Milk,Soybeans",High-Protein,24,
168954,"Pasta mix, classic beef, unprepared",22,"Cereals containing gluten,Eggs,Milk,Soybeans",High-Protein,24,
168955,"Pasta mix, Italian lasagna, unprepared",22,"Cereals containing gluten,Milk","High-Protein,Vegetarian",24,
168956,"Yellow rice with seasoning, dry packet mix, unprepared",22,,"Vegan,Vegetarian",24,
168957,"Pizza rolls, frozen, unprepared",22,"Cereals containing gluten,Milk,Soybeans",Vegetarian,24,
168958,"Pasta mix, Italian four cheese lasagna, unprepared",22,"Cereals containing gluten,Milk","High-Protein,Vegetarian",24,
168959,"Spanish rice mix, dry mix, unprepared",22,,"Vegan,Vegetarian",24,
168960,"Lasagna, cheese, frozen, unprepared",22,"Cereals containing gluten,Eggs,Milk","High-Protein,Vegetarian",24,
168961,"Chicken, thighs, frozen, breaded, reheated",22,"Cereals containing gluten,Milk,Soybeans",High-Protein,24,
168962,"Turnover, meat- and cheese-filled, tomato-based sauce, reduced fat, frozen",22,"Cereals containing gluten,Milk,Soybeans","High-Protein,Low-Fat",24,
168963,"Turnover, filled with egg, meat and cheese, frozen",22,"Cereals containing gluten,Eggs,Milk,Soybeans",High-Protein,24,
168964,"Rice mix, white and wild, flavored, unprepared",22,"Cereals containing gluten,Soybeans",Vegetarian,24,
168965,"Salisbury steak with gravy, frozen",22,"Cereals containing gluten,Soybeans",High-Protein,24,
168966,"Infant Formula, MEAD JOHNSON, ENFAMIL, Newborn, with ARA and DHA, powder",3,"Milk,Soybeans",High-Protein,0,12.0
168967,"Infant Formula, MEAD JOHNSON, ENFAMIL, Premium LIPIL, Infant, powder",3,"Milk,Soybeans",High-Protein,0,12.0
168968,"Infant Formula, MEAD JOHNSON, ENFAMIL, Premium LIPIL, Infant, Liquid concentrate, not reconstituted",3,"Milk,Soybeans",High-Protein,0,12.0
168969,"Infant Formula, MEAD JOHNSON, ENFAMIL, Premium, Infant, Liquid concentrate, not reconstituted",3,"Milk,Soybeans",High-Protein,0,12.0
168970,"Infant formula, MEAD JOHNSON, ENFAMIL, ENFAGROW, GENTLEASE, Toddler transitions, with ARA and DHA, powder",3,"Milk,Soybeans",High-Protein,12,24.0
168971,"Infant formula, ABBOTT NUTRITION, SIMILAC, GO AND GROW, powder, with ARA and DHA",3,"Milk,Soybeans",High-Protein,12,24.0
168972,"Infant formula, GERBER, GOOD START 2 SOY, with iron, powder",3,Soybeans,"Dairy-Free,High-Protein,Lactose-Free,Vegan,Vegetarian",6,24.0
168973,"Infant formula, MEAD JOHNSON, ENFAMIL, NUTRAMIGEN, PurAmino, powder, not reconstituted",3,,"Dairy-Free,High-Protein,Lactose-Free,Vegan,Vegetarian",0,12.0
168974,"Infant formula, MEAD JOHNSON, ENFAMIL, Premature, 20 calories ready-to-feed Low iron",3,"Milk,Soybeans",High-Protein,0,12.0
168975,"Babyfood, rice cereal, dry, EARTHS BEST ORGANIC WHOLE GRAIN, fortified only with iron",3,,"Gluten-Free,Vegan,Vegetarian",4,24.0
168976,"Agutuk, fish/berry with seal oil (Alaskan ice cream) (Alaska Native)",24,Fish,"High-Protein,Pescatarian",24,
168977,"Agutuk, meat-caribou (Alaskan ice cream) (Alaska Native)",24,,High-Protein,24,
168978,Ascidians (tunughnak) (Alaska Native),24,,"High-Protein,Pescatarian",24,
168979,"Whale, beluga, flipper, raw (Alaska Native)",24,,High-Protein,24,
168980,"Whale, beluga, liver, raw (Alaska Native)",24,,High-Protein,24,
168981,"Oil, beluga, whale (Alaska Native)",24,,High-Protein,24,
168982,"Blackberries, wild, raw (Alaska Native)",24,,"Vegan,Vegetarian,Vitamin-Rich",24,
168983,"Caribou, liver, raw (Alaska Native)",24,,High-Protein,24,
168984,"Stew/soup, caribou (Alaska Native)",24,,High-Protein,24,
168985,"Caribou, tongue, raw (Alaska Native)",24,,High-Protein,24,
168986,"Chiton, leathery, gumboots (Alaska Native)",24,Molluscs,"High-Protein,Pescatarian",24,
168987,"Fish, devilfish, meat (Alaska Native)",24,Fish,"High-Protein,Pescatarian",24,
168988,"Fireweed, young leaves, raw (Alaska Native)",24,,"Vegan,Vegetarian,Vitamin-Rich",24,
168989,"Fish, herring eggs on giant kelp, Pacific (Alaska Native)",24,"Eggs,Fish","High-Protein,Pescatarian",24,
168990,"Fish, herring eggs, Pacific, dry (Alaska Native)",24,"Eggs,Fish","High-Protein,Pescatarian",24,
168991,"Stew, moose (Alaska Native)",24,,High-Protein,24,
168992,"Agave, cooked (Southwest)",24,,"Vegan,Vegetarian",24,
168993,"Agave, dried (Southwest)",24,,"Vegan,Vegetarian",24,
168994,"Cattail, Narrow Leaf Shoots (Northern Plains Indians)",24,,"Vegan,Vegetarian",24,
168995,"Lambsquarters, raw (Northern Plains Indians)",24,,"High-Protein,Vegan,Vegetarian,Vitamin-Rich",24,
168996,"Prairie Turnips, boiled (Northern Plains Indians)",24,,"Vegan,Vegetarian,Vitamin-Rich",24,
168997,"Raspberries, wild (Northern Plains Indians)",24,,"Vegan,Vegetarian,Vitamin-Rich",24,
168998,"Rose Hips, wild (Northern Plains Indians)",24,,"Vegan,Vegetarian,Vitamin-Rich",24,
168999,"Chokecherries, raw, pitted (Northern Plains Indians)",24,,"Vegan,Vegetarian,Vitamin-Rich",24,
169000,"Sea lion, Steller, liver (Alaska Native)",24,,High-Protein,24,
169001,"Sea lion, Steller, kidney (Alaska Native)",24,,High-Protein,24,
169002,"Sea lion, Steller, heart (Alaska Native)",24,,High-Protein,24,
169003,"Sea lion, Steller, meat (Alaska Native)",24,,High-Protein,24,
169004,"Piki bread, made from blue cornmeal (Hopi)",24,,"Vegan,Vegetarian",24,
169005,"Wocas, tuber, cooked, Oregon, yellow pond lily (Klamath)",24,,"Vegan,Vegetarian",24,
169006,"Stew, pinto bean and hominy, badufsuki (Hopi)",24,,"High-Protein,Vegan,Vegetarian",24,
169007,"Tamales, masa and pork filling (Hopi)",24,,High-Protein,24,
169008,"APPLEBEE'S, Double Crunch Shrimp",25,"Cereals containing gluten,Crustaceans","High-Protein,Pescatarian",24,
169009,"APPLEBEE'S, french fries",25,,"Vegan,Vegetarian,Vitamin-Rich",24,
169010,"APPLEBEE'S, KRAFT, Macaroni & Cheese, from kid's menu",25,"Cereals containing gluten,Milk","High-Protein,Vegetarian",24,
169011,"APPLEBEE'S, mozzarella sticks",25,"Cereals containing gluten,Milk","High-Protein,Vegetarian",24,
169012,"APPLEBEE'S, chicken tenders, from kids' menu",25,Cereals containing gluten,High-Protein,24,
169013,"T.G.I. FRIDAY'S, chicken fingers, from kids' menu",25,"Cereals containing gluten,Eggs,Milk",High-Protein,24,
169014,"T.G.I. FRIDAY'S, classic sirloin steak (10 oz)",25,,High-Protein,24,
169015,"Restaurant, family style, fried mozzarella sticks",25,"Cereals containing gluten,Milk","High-Protein,Vegetarian",24,
169016,"Restaurant, family style, sirloin steak",25,,High-Protein,24,
169017,"APPLEBEE'S, fish, hand battered",25,"Cereals containing gluten,Fish","High-Protein,Pescatarian",24,
169018,"APPLEBEE'S, chili",25,,High-Protein,24,
169019,"T.G.I. FRIDAY'S, chicken fingers",25,"Cereals containing gluten,Eggs,Milk",High-Protein,24,
169020,"APPLEBEE'S, coleslaw",25,Eggs,Vegetarian,24,
169021,"CRACKER BARREL, onion rings, thick-cut",25,"Cereals containing gluten,Milk",Vegetarian,24,
169022,"DENNY'S, chicken strips",25,Cereals containing gluten,High-Protein,24,
169023,"DENNY'S, coleslaw",25,"Eggs,Milk",Vegetarian,24,
169024,"DENNY'S, fish fillet, battered or breaded, fried",25,"Cereals containing gluten,Fish","High-Protein,Pescatarian",24,
169025,"DENNY'S, hash browns",25,,"Vegan,Vegetarian,Vitamin-Rich",24,
169026,"Restaurant, family style, coleslaw",25,Eggs,Vegetarian,24,
169027,"Restaurant, family style, onion rings",25,Cereals containing gluten,Vegetarian,24,
169028,"Restaurant, family style, chili with meat and beans",25,,High-Protein,24,
169029,"Restaurant, family style, spaghetti and meatballs",25,"Cereals containing gluten,Eggs",High-Protein,24,
169030,"CARRABBA'S ITALIAN GRILL, lasagne",25,"Cereals containing gluten,Eggs,Milk",High-Protein,24,
169031,"ON THE BORDER, Mexican rice",25,Cereals containing gluten,"Vegan,Vegetarian",24,
169032,"ON THE BORDER, refried beans",25,,"High-Protein,Vegan,Vegetarian",24,
169033,"Restaurant, Italian, spaghetti with pomodoro sauce (no meat)",25,"Cereals containing gluten,Eggs","Vegetarian,Vitamin-Rich",24,
169034,"ON THE BORDER, cheese quesadilla",25,"Cereals containing gluten,Milk","High-Protein,Vegetarian",24,
169035,"Restaurant, Mexican, cheese quesadilla",25,"Cereals containing gluten,Milk","High-Protein,Vegetarian",24,
169036,"CARRABBA'S ITALIAN GRILL, cheese ravioli with marinara sauce",25,"Cereals containing gluten,Eggs,Milk","High-Protein,Vegetarian",24,
169037,"OLIVE GARDEN, cheese ravioli with marinara sauce",25,"Cereals containing gluten,Eggs,Milk","High-Protein,Vegetarian",24,
169038,"Restaurant, Italian, cheese ravioli with marinara sauce",25,"Cereals containing gluten,Eggs,Milk","High-Protein,Vegetarian",24,
169039,"Cereals ready-to-eat, frosted oat cereal with marshmallows",8,"Cereals containing gluten,Cereals containing gluten (oats)",Vegetarian,24,
169040,"Cereals ready-to-eat, WEETABIX whole grain cereal",8,Cereals containing gluten,"High-Protein,Vegan,Vegetarian",24,
169041,"Cereals ready-to-eat, POST, GREAT GRAINS, Raisin, Date & Pecan",8,"Cereals containing gluten,Nuts,Nuts (pecans)","Vegetarian,Vitamin-Rich",48,
169042,"Babyfood, juice, apple-sweet potato",3,,"Vegan,Vegetarian,Vitamin-Rich",4,24.0
169043,"Babyfood, juice, orange-carrot",3,,"Vegan,Vegetarian,Vitamin-Rich",4,24.0
169044,"Beverages, Orange juice drink",14,,"Vegan,Vegetarian,Vitamin-Rich",24,
169045,"Gums, seed gums (includes locust bean, guar)",19,,"Vegan,Vegetarian",24,
169046,"Snacks, potato chips, white, restructured, baked",23,,"Vegan,Vegetarian,Vitamin-Rich",24,
169047,"Babyfood, baked product, finger snacks cereal fortified",3,Cereals containing gluten,"Vegetarian,Vitamin-Rich",8,24.0
169048,"Babyfood, cereal, brown rice, dry, instant",3,,"Gluten-Free,Vegan,Vegetarian",4,24.0
169049,"Babyfood, green beans and turkey, strained",3,,"High-Protein,Vitamin-Rich",6,24.0
169050,"Cheese, muenster, low fat",1,Milk,"High-Protein,Low-Fat,Vegetarian",24,
169051,"Cheese, mozzarella, nonfat",1,Milk,"Fat-Free,High-Protein,Low-Fat,Vegetarian",24,
169052,"Margarine-like, butter-margarine blend, 80% fat, stick, without salt",4,"Milk,Soybeans","Low Sodium,Vegetarian",24,
169053,"Margarine-like, vegetable oil-butter spread, reduced calorie, tub, with salt",4,"Milk,Soybeans",Vegetarian,24,
169054,"Babyfood, dinner, chicken and rice",3,,High-Protein,6,24.0
169055,"Salad dressing, caesar dressing, regular",4,"Eggs,Fish,Milk",Pescatarian,24,
169056,"Salad dressing, coleslaw",4,Eggs,"Vegetarian,Vitamin-Rich",24,
169057,"Salad dressing, green goddess, regular",4,"Eggs,Fish",Pescatarian,24,
169058,"Jams and preserves, no sugar (with sodium saccharin), any flavor",19,,"No Added Sugar,Vegan,Vegetarian,Vitamin-Rich",24,
169059,"Candies, chocolate covered, caramel with nuts",19,"Milk,Nuts,Peanuts,Soybeans",Vegetarian,48,
169060,"Candies, nougat, with almonds",19,"Eggs,Nuts,Nuts (almonds),Soybeans",Vegetarian,48,
169061,"Candies, gum drops, no sugar or low calorie (sorbitol)",19,,"No Added Sugar,Vegan,Vegetarian",48,
169062,"Pie fillings, cherry, low calorie",19,,"Low-Fat,Vegan,Vegetarian,Vitamin-Rich",24,
169063,"Breakfast bars, oats, sugar, raisins, coconut (include granola bar)",23,"Cereals containing gluten,Cereals containing gluten (oats),Nuts,Nuts (coconut),Sulphur dioxide/sulphites","Vegetarian,Vitamin-Rich",48,
169064,"Pretzels, soft",23,Cereals containing gluten,"Vegan,Vegetarian",24,
169065,"Beans, chili, barbecue, ranch style, cooked",16,,"High-Protein,Vegan,Vegetarian",24,
169066,"Luncheon slices, meatless",16,"Cereals containing gluten,Eggs,Soybeans","High-Protein,Vegetarian",24,
169067,"Meatballs, meatless",16,"Cereals containing gluten,Soybeans","High-Protein,Vegan,Vegetarian",24,
169068,Vegetarian fillets,16,"Cereals containing gluten,Soybeans","High-Protein,Vegan,Vegetarian",24,
169069,"Sandwich spread, meatless",16,"Cereals containing gluten,Soybeans","Vegan,Vegetarian",24,
169070,"Alcoholic beverage, wine, cooking",14,Sulphur dioxide/sulphites,"Vegan,Vegetarian",252,
169071,"Alcoholic beverage, wine, light",14,Sulphur dioxide/sulphites,"Vegan,Vegetarian",252,
169072,"Sweeteners, tabletop, saccharin (sodium saccharin)",19,,"No Added Sugar,Vegan,Vegetarian",24,
169073,"Beverage, instant breakfast powder, chocolate, not reconstituted",1,"Milk,Soybeans","High-Protein,Vegetarian",24,
169074,"Tomato sauce, canned, no salt added",11,,"Low Sodium,Vegan,Vegetarian,Vitamin-Rich",24,
169075,"Cereals ready-to-eat, ALPEN",8,"Cereals containing gluten,Cereals containing gluten (barley),Cereals containing gluten (oats),Milk,Nuts,Nuts (almonds),Nuts (hazelnuts)",Vegetarian,48,
169076,"Cereals ready-to-eat, FAMILIA",8,"Cereals containing gluten,Cereals containing gluten (oats),Cereals containing gluten (rye),Nuts,Nuts (almonds),Nuts (hazelnuts)","Vegetarian,Vitamin-Rich",48,
169077,"Cereals ready-to-eat, wheat and bran, presweetened with nuts and fruits",8,"Cereals containing gluten,Nuts","Vegetarian,Vitamin-Rich",48,
169078,"Cheese, cottage, with vegetables",1,Milk,"High-Protein,Vegetarian,Vitamin-Rich",24,
169079,"Cheese, cream, low fat",1,Milk,"Low-Fat,Vegetarian",24,
169080,"Cheese, pasteurized process, American, low fat",1,Milk,"Low-Fat,Vegetarian",24,
169081,"Cheese spread, cream cheese base",1,Milk,Vegetarian,24,
169082,"Pork, oriental style, dehydrated",10,,High-Protein,24,
169083,"Soybean, curd cheese",16,Soybeans,"High-Protein,Vegan,Vegetarian",24,
169084,"Potatoes, canned, drained solids, no salt added",11,,"Low Sodium,Vegan,Vegetarian,Vitamin-Rich",24,
169085,"Vegetables, mixed (corn, lima beans, peas, green beans, carrots) canned, no salt added",11,,"High-Protein,Low Sodium,Vegan,Vegetarian,Vitamin-Rich",24,
169086,"Litchis, raw",9,,"Vegan,Vegetarian,Vitamin-Rich",24,
169087,"Litchis, dried",9,Sulphur dioxide/sulphites,"Vegan,Vegetarian,Vitamin-Rich",24,
169088,"Loganberries, frozen",9,,"Vegan,Vegetarian,Vitamin-Rich",24,
169089,"Longans, raw",9,,"Vegan,Vegetarian,Vitamin-Rich",24,
169090,"Mangosteen, canned, syrup pack",9,,"Vegan,Vegetarian,Vitamin-Rich",24,
169091,"Mango, dried, sweetened",9,Sulphur dioxide/sulphites,"Vegan,Vegetarian,Vitamin-Rich",24,
169092,"Melons, cantaloupe, raw",9,,"Vegan,Vegetarian,Vitamin-Rich",24,
169093,"Melons, casaba, raw",9,,"Vegan,Vegetarian,Vitamin-Rich",24,
169094,"Olives, ripe, canned (small-extra large)",9,,"Vegan,Vegetarian",24,
169095,"Olives, ripe, canned (jumbo-super colossal)",9,,"Vegan,Vegetarian",24,
169096,"Olives, pickled, canned or bottled, green",9,,"Vegan,Vegetarian",24,
169097,"Oranges, raw, all commercial varieties",9,,"Vegan,Vegetarian,Vitamin-Rich",24,
169098,"Orange juice, raw (Includes foods for USDA's Food Distribution Program)",9,,"Vegan,Vegetarian,Vitamin-Rich",24,
169099,"Orange juice, canned, unsweetened",9,,"No Added Sugar,Vegan,Vegetarian,Vitamin-Rich",24,
169100,"Orange juice, chilled, includes from concentrate",9,,"Vegan,Vegetarian,Vitamin-Rich",24,
169101,"Orange juice, chilled, includes from concentrate, with added calcium and vitamin D",9,,"Mineral-Rich,Vegan,Vegetarian,Vitamin-Rich",24,
169102,"Orange juice, frozen concentrate, unsweetened, diluted with 3 volume water",9,,"No Added Sugar,Vegan,Vegetarian,Vitamin-Rich",24,
169103,"Orange peel, raw",9,,"Vegan,Vegetarian,Vitamin-Rich",24,
169104,"Orange-grapefruit juice, canned or bottled, unsweetened",9,,"No Added Sugar,Vegan,Vegetarian,Vitamin-Rich",24,
169105,"Tangerines, (mandarin oranges), raw",9,,"Vegan,Vegetarian,Vitamin-Rich",24,
169106,"Tangerines, (mandarin oranges), canned, juice pack",9,,"Vegan,Vegetarian,Vitamin-Rich",24,
169107,"Papaya nectar, canned",9,,"Vegan,Vegetarian,Vitamin-Rich",24,
169108,"Passion-fruit, (granadilla), purple, raw",9,,"Vegan,Vegetarian,Vitamin-Rich",24,
169109,"Passion-fruit juice, purple, raw",9,,"Vegan,Vegetarian,Vitamin-Rich",24,
169110,"Passion-fruit juice, yellow, raw",9,,"Vegan,Vegetarian,Vitamin-Rich",24,
169111,"Peaches, canned, light syrup pack, solids and liquids",9,,"Vegan,Vegetarian,Vitamin-Rich",24,
169112,"Peaches, canned, heavy syrup pack, solids and liquids",9,,"Vegan,Vegetarian,Vitamin-Rich",24,
169113,"Peaches, canned, extra heavy syrup pack, solids and liquids",9,,"Vegan,Vegetarian,Vitamin-Rich",24,
169114,"Peaches, spiced, canned, heavy syrup pack, solids and liquids",9,,"Vegan,Vegetarian,Vitamin-Rich",24,
169115,"Peaches, dried, sulfured, stewed, with added sugar",9,Sulphur dioxide/sulphites,"Vegan,Vegetarian,Vitamin-Rich",24,
169116,"Peaches, frozen, sliced, sweetened",9,,"Vegan,Vegetarian,Vitamin-Rich",24,
169117,"Peach nectar, canned, with sucralose, without added ascorbic acid",9,,"Vegan,Vegetarian,Vitamin-Rich",24,
169118,"Pears, raw",9,,"Vegan,Vegetarian,Vitamin-Rich",24,
169119,"Pears, canned, water pack, solids and liquids",9,,"Vegan,Vegetarian,Vitamin-Rich",24,
169120,"Pears, canned, extra heavy syrup pack, solids and liquids",9,,"Vegan,Vegetarian,Vitamin-Rich",24,
169121,"Pears, dried, sulfured, uncooked",9,Sulphur dioxide/sulphites,"Vegan,Vegetarian,Vitamin-Rich",24,
169122,"Pears, dried, sulfured, stewed, without added sugar",9,Sulphur dioxide/sulphites,"No Added Sugar,Vegan,Vegetarian,Vitamin-Rich",24,
169123,"Pears, dried, sulfured, stewed, with added sugar",9,Sulphur dioxide/sulphites,"Vegan,Vegetarian,Vitamin-Rich",24,
169124,"Pineapple, raw, all varieties",9,,"Vegan,Vegetarian,Vitamin-Rich",24,
169125,"Pineapple, canned, water pack, solids and liquids",9,,"Vegan,Vegetarian,Vitamin-Rich",24,
169126,"Pineapple, canned, juice pack, solids and liquids",9,,"Vegan,Vegetarian,Vitamin-Rich",24,
169127,"Pineapple, canned, light syrup pack, solids and liquids",9,,"Vegan,Vegetarian,Vitamin-Rich",24,
169128,"Pineapple juice, frozen concentrate, unsweetened, diluted with 3 volume water",9,,"No Added Sugar,Vegan,Vegetarian,Vitamin-Rich",24,
169129,"Pitanga, (surinam-cherry), raw",9,,"Vegan,Vegetarian,Vitamin-Rich",24,
169130,"Plantains, yellow, raw",9,,"Vegan,Vegetarian,Vitamin-Rich",24,
169131,"Plantains, yellow, baked",9,,"Vegan,Vegetarian,Vitamin-Rich",24,
169132,"Plums, canned, purple, heavy syrup pack, solids and liquids",9,,"Vegan,Vegetarian,Vitamin-Rich",24,
169133,"Plums, canned, purple, extra heavy syrup pack, solids and liquids",9,,"Vegan,Vegetarian,Vitamin-Rich",24,
169134,"Pomegranates, raw",9,,"Vegan,Vegetarian,Vitamin-Rich",24,
169135,"Lima beans, immature seeds, cooked, boiled, drained, without salt",11,,"High-Protein,Low Sodium,Vegan,Vegetarian,Vitamin-Rich",24,
169136,"Lima beans, immature seeds, canned, regular pack, solids and liquids",11,,"High-Protein,Vegan,Vegetarian,Vitamin-Rich",24,
169137,"Mung beans, mature seeds, sprouted, cooked, boiled, drained, without salt",11,,"High-Protein,Low Sodium,Vegan,Vegetarian,Vitamin-Rich",24,
169138,"Mung beans, mature seeds, sprouted, cooked, stir-fried",11,,"High-Protein,Vegan,Vegetarian,Vitamin-Rich",24,
169139,"Beans, navy, mature seeds, sprouted, raw",11,,"High-Protein,Vegan,Vegetarian,Vitamin-Rich",24,
169140,"Beans, navy, mature seeds, sprouted, cooked, boiled, drained, without salt",11,,"High-Protein,Low Sodium,Vegan,Vegetarian,Vitamin-Rich",24,
169141,"Beans, snap, green, cooked, boiled, drained, without salt",11,,"Low Sodium,Vegan,Vegetarian,Vitamin-Rich",24,
169142,"Beans, snap, green, canned, regular pack, solids and liquids",11,,"Vegan,Vegetarian,Vitamin-Rich",24,
169143,"Beans, snap, green, canned, regular pack, drained solids",11,,"Vegan,Vegetarian,Vitamin-Rich",24,
169144,"Beans, snap, canned, all styles, seasoned, solids and liquids",11,,"Vegan,Vegetarian,Vitamin-Rich",24,
169145,"Beets, raw",11,,"Vegan,Vegetarian,Vitamin-Rich",24,
169146,"Beets, cooked, boiled, drained",11,,"Vegan,Vegetarian,Vitamin-Rich",24,
169147,"Beets, canned, regular pack, solids and liquids",11,,"Vegan,Vegetarian,Vitamin-Rich",24,
169148,"Pork, cured, ham -- water added, whole, boneless, separable lean only, heated, roasted",10,,High-Protein,24,
169149,"Pork, cured, ham -- water added, whole, boneless, separable lean only, unheated",10,,High-Protein,24,
169150,"Pork, cured, ham and water product, shank, bone-in, separable lean only, heated, roasted",10,,High-Protein,24,
169151,"Pork, cured, ham -- water added, slice, bone-in, separable lean only, unheated",10,,High-Protein,24,
169152,"Pork, cured, ham and water product, rump, bone-in, separable lean only, unheated",10,,High-Protein,24,
169153,"Pork, cured, ham and water product, slice, bone-in, separable lean only, unheated",10,,High-Protein,24,
169154,"Pork, cured, ham and water product, shank, bone-in, unheated, separable lean only",10,,High-Protein,24,
169155,"Pork, cured, ham, separable fat, boneless, heated",10,,High-Protein,24,
169156,"Pork, cured, ham, separable fat, boneless, unheated",10,,High-Protein,24,
169157,"Pork, pickled pork hocks",10,,High-Protein,24,
169158,"Pork, cured, ham, slice, bone-in, separable lean only, heated, pan-broil",10,,High-Protein,24,
169159,"Pork, cured, ham with natural juices, whole, boneless, separable lean and fat, unheated",10,,High-Protein,24,
169160,"Pork, cured, ham and water product, whole, boneless, separable lean and fat, unheated",10,,High-Protein,24,
169161,"Pork, cured, ham and water product, slice, bone-in, separable lean and fat, unheated",10,,High-Protein,24,
169162,"Pork, cured, ham and water product, shank, bone-in, separable lean and fat, unheated",10,,High-Protein,24,
169163,"Pork, cured, ham and water product, rump, bone-in, separable lean and fat, unheated",10,,High-Protein,24,
169164,"Pork, cured, ham -- water added, rump, bone-in, separable lean and fat, heated, roasted",10,,High-Protein,24,
169165,"Pork, cured, ham -- water added, shank, bone-in, separable lean and fat, heated, roasted",10,,High-Protein,24,
169166,"Pork, cured, ham -- water added, slice, bone-in, separable lean and fat, heated, pan-broil",10,,High-Protein,24,
169167,"Pork, cured, ham -- water added, slice, boneless, separable lean and fat, heated, pan-broil",10,,High-Protein,24,
169168,"Pork, cured, ham and water product, slice, boneless, separable lean and fat, heated, pan-broil",10,,High-Protein,24,
169169,"Pork, cured, ham and water product, whole, boneless, separable lean and fat, heated, roasted",10,,High-Protein,24,
169170,"Pork, cured, ham with natural juices, rump, bone-in, separable lean and fat, heated, roasted",10,,High-Protein,24,
169171,"Pork, cured, ham with natural juices, shank, bone-in, separable lean and fat, heated, roasted",10,,High-Protein,24,
169172,"Pork, cured, ham with natural juices, slice, bone-in, separable lean and fat, heated, pan-broil",10,,High-Protein,24,
169173,"Pork, cured, ham, rump, bone-in, separable lean only, heated, roasted",10,,High-Protein,24,
169174,"Pork, cured, ham, rump, bone-in, separable lean only, unheated",10,,High-Protein,24,
169175,"Pork, cured, ham, shank, bone-in, separable lean only, heated, roasted",10,,High-Protein,24,
169176,"Pork, cured, ham, shank, bone-in, separable lean only, unheated",10,,High-Protein,24,
169177,"Pork, cured, ham, slice, bone-in, separable lean and fat, unheated",10,,High-Protein,24,
169178,"Pork, fresh, spareribs, separable lean and fat, cooked, roasted",10,,High-Protein,24,
169179,"Pork, fresh, composite of separable fat, with added solution, raw",10,,High-Protein,24,
169180,"Pork, fresh, loin, tenderloin, separable lean only, with added solution, cooked, roasted",10,,High-Protein,24,
169181,"Pork, fresh, loin, top loin (chops), boneless, separable lean only, with added solution, raw",10,,High-Protein,24,
169182,"Pork, fresh, loin, top loin (chops), boneless, separable lean and fat, with added solution, raw",10,,High-Protein,24,
169183,"Pork, fresh, loin, top loin (chops), boneless, separable lean and fat, with added solution, cooked, broiled",10,,High-Protein,24,
169184,"Pork, fresh, loin, tenderloin, separable lean and fat, with added solution, raw",10,,High-Protein,24,
169185,"Pork, fresh, loin, tenderloin, separable lean and fat, with added solution, cooked, roasted",10,,High-Protein,24,
169186,"Pork, Leg Cap Steak, boneless, separable lean and fat, raw",10,,High-Protein,24,
169187,"Pork, Shoulder breast, boneless, separable lean and fat, raw",10,,High-Protein,24,
169188,"Pork, Shoulder breast, boneless, separable lean and fat, cooked, broiled",10,,High-Protein,24,
169189,"Pork, shoulder, petite tender, boneless, separable lean and fat, cooked, broiled",10,,High-Protein,24,
169190,"Pork, ground, 96% lean / 4% fat, raw",10,,"High-Protein,Low-Fat",24,
169191,"Pork, ground, 72% lean / 28% fat, cooked, crumbles",10,,High-Protein,24,
169192,"Pork, ground, 84% lean / 16% fat, cooked, crumbles",10,,High-Protein,24,
169193,"Pork, ground, 96% lean / 4% fat, cooked, crumbles",10,,"High-Protein,Low-Fat",24,
169194,"Pork, fresh, loin, blade (chops or roasts), boneless, separable lean only, raw",10,,High-Protein,24,
169195,"Pork, fresh, loin, blade (roasts), boneless, separable lean only, cooked, roasted",10,,High-Protein,24,
169196,"Pork, fresh, loin, blade (chops), boneless, separable lean only, boneless, cooked, broiled",10,,High-Protein,24,
169197,"Pork, fresh, loin, country-style ribs, separable lean only, boneless, cooked, broiled",10,,High-Protein,24,
169198,"Pork, fresh, loin, blade (roasts), boneless, separable lean and fat, cooked, roasted",10,,High-Protein,24,
169199,"Pork, fresh, loin, country-style ribs, separable lean and fat, boneless, cooked, broiled",10,,High-Protein,24,
169200,"Pork, fresh, loin, country-style ribs, separable lean and fat, bone-in, cooked, broiled",10,,High-Protein,24,
169201,"Pork, fresh, loin, country-style ribs, separable lean and fat, boneless, cooked, roasted",10,,High-Protein,24,
169202,"Amaranth leaves, cooked, boiled, drained, without salt",11,,"Low Sodium,Vegan,Vegetarian,Vitamin-Rich",24,
169203,"Arrowhead, raw",11,,"Vegan,Vegetarian,Vitamin-Rich",24,
169204,"Arrowhead, cooked, boiled, drained, without salt",11,,"Low Sodium,Vegan,Vegetarian,Vitamin-Rich",24,
169205,"Artichokes, (globe or french), raw",11,,"Vegan,Vegetarian,Vitamin-Rich",24,
169206,"Asparagus, canned, regular pack, solids and liquids",11,,"Vegan,Vegetarian,Vitamin-Rich",24,
169207,"Asparagus, canned, drained solids",11,,"Vegan,Vegetarian,Vitamin-Rich",24,
169208,"Asparagus, frozen, unprepared",11,,"Vegan,Vegetarian,Vitamin-Rich",24,
169209,"Asparagus, frozen, cooked, boiled, drained, without salt",11,,"Low Sodium,Vegan,Vegetarian,Vitamin-Rich",24,
169210,"Bamboo shoots, raw",11,,"Vegan,Vegetarian,Vitamin-Rich",24,
169211,"Bamboo shoots, cooked, boiled, drained, without salt",11,,"Low Sodium,Vegan,Vegetarian,Vitamin-Rich",24,
169212,"Bamboo shoots, canned, drained solids",11,,"Vegan,Vegetarian,Vitamin-Rich",24,
169213,"Beans, kidney, mature seeds, sprouted, raw",11,,"High-Protein,Vegan,Vegetarian,Vitamin-Rich",24,
169214,"Corn, sweet, yellow, canned, whole kernel, drained solids",11,,"Vegan,Vegetarian",24,
169215,"Corn, sweet, yellow, canned, cream style, regular pack",11,,"Vegan,Vegetarian",24,
169216,"Corn, sweet, yellow, canned, vacuum pack, regular pack",11,,"Vegan,Vegetarian",24,
169217,"Corn, yellow, whole kernel, frozen, microwaved",11,,"Vegan,Vegetarian",24,
169218,"Corn with red and green peppers, canned, solids and liquids",11,,"Vegan,Vegetarian,Vitamin-Rich",24,
169219,"Cornsalad, raw",11,,"Vegan,Vegetarian,Vitamin-Rich",24,
169220,"Cowpeas (blackeyes), immature seeds, raw",11,,"High-Protein,Vegan,Vegetarian,Vitamin-Rich",24,
169221,"Cowpeas, young pods with seeds, cooked, boiled, drained, without salt",11,,"High-Protein,Low Sodium,Vegan,Vegetarian,Vitamin-Rich",24,
169222,"Yardlong bean, raw",11,,"High-Protein,Vegan,Vegetarian,Vitamin-Rich",24,
169223,"Yardlong bean, cooked, boiled, drained, without salt",11,,"High-Protein,Low Sodium,Vegan,Vegetarian,Vitamin-Rich",24,
169224,"Cowpeas, leafy tips, raw",11,,"High-Protein,Vegan,Vegetarian,Vitamin-Rich",24,
169225,"Cucumber, peeled, raw",11,,"Vegan,Vegetarian,Vitamin-Rich",24,
169226,"Dandelion greens, raw",11,,"Vegan,Vegetarian,Vitamin-Rich",24,
169227,"Dandelion greens, cooked, boiled, drained, without salt",11,,"Low Sodium,Vegan,Vegetarian,Vitamin-Rich",24,
169228,"Eggplant, raw",11,,"Vegan,Vegetarian,Vitamin-Rich",24,
169229,"Eggplant, cooked, boiled, drained, without salt",11,,"Low Sodium,Vegan,Vegetarian,Vitamin-Rich",24,
169230,"Garlic, raw",11,,"Vegan,Vegetarian,Vitamin-Rich",24,
169231,"Ginger root, raw",11,,"Vegan,Vegetarian,Vitamin-Rich",24,
169232,"Gourd, white-flowered (calabash), raw",11,,"Vegan,Vegetarian,Vitamin-Rich",24,
169233,"Gourd, white-flowered (calabash), cooked, boiled, drained, without salt",11,,"Low Sodium,Vegan,Vegetarian,Vitamin-Rich",24,
169234,"Hyacinth-beans, immature seeds, raw",11,,"High-Protein,Vegan,Vegetarian,Vitamin-Rich",24,
169235,"Hyacinth-beans, immature seeds, cooked, boiled, drained, without salt",11,,"High-Protein,Low Sodium,Vegan,Vegetarian,Vitamin-Rich",24,
169236,"Jerusalem-artichokes, raw",11,,"Vegan,Vegetarian,Vitamin-Rich",24,
169237,"Jew's ear, (pepeao), raw",11,,"Vegan,Vegetarian",24,
169238,"Kale, cooked, boiled, drained, without salt",11,,"Low Sodium,Vegan,Vegetarian,Vitamin-Rich",24,
169239,"Kale, frozen, unprepared",11,,"Vegan,Vegetarian,Vitamin-Rich",24,
169240,"Kale, frozen, cooked, boiled, drained, without salt",11,,"Low Sodium,Vegan,Vegetarian,Vitamin-Rich",24,
169241,"Kanpyo, (dried gourd strips)",11,,"Vegan,Vegetarian,Vitamin-Rich",24,
169242,"Mushrooms, shiitake, raw",11,,"Vegan,Vegetarian,Vitamin-Rich",24,
169243,"Mushrooms, portabella, grilled",11,,"Vegan,Vegetarian,Vitamin-Rich",24,
169244,"Lambsquarters, raw",11,,"High-Protein,Vegan,Vegetarian,Vitamin-Rich",24,
169245,"Lambsquarters, cooked, boiled, drained, without salt",11,,"High-Protein,Low Sodium,Vegan,Vegetarian,Vitamin-Rich",24,
169246,"Leeks, (bulb and lower leaf-portion), raw",11,,"Vegan,Vegetarian,Vitamin-Rich",24,
169247,"Lettuce, cos or romaine, raw",11,,"Vegan,Vegetarian,Vitamin-Rich",24,
169248,"Lettuce, iceberg (includes crisphead types), raw",11,,"Vegan,Vegetarian,Vitamin-Rich",24,
169249,"Lettuce, green leaf, raw",11,,"Vegan,Vegetarian,Vitamin-Rich",24,
169250,"Lotus root, raw",11,,"Vegan,Vegetarian",24,
169251,"Mushrooms, white, raw",11,,"Vegan,Vegetarian,Vitamin-Rich",24,
169252,"Mushrooms, white, cooked, boiled, drained, without salt",11,,"Low Sodium,Vegan,Vegetarian,Vitamin-Rich",24,
169253,"Mushrooms, white, stir-fried",11,,"Vegan,Vegetarian,Vitamin-Rich",24,
169254,"Mushrooms, canned, drained solids",11,,"Vegan,Vegetarian,Vitamin-Rich",24,
169255,"Mushrooms, portabella, raw",11,,"Vegan,Vegetarian,Vitamin-Rich",24,
169256,"Mustard greens, raw",11,Mustard,"Vegan,Vegetarian,Vitamin-Rich",24,
169257,"Mustard greens, cooked, boiled, drained, without salt",11,Mustard,"Low Sodium,Vegan,Vegetarian,Vitamin-Rich",24,
169258,"Mustard greens, frozen, unprepared",11,Mustard,"Vegan,Vegetarian,Vitamin-Rich",24,
169259,"Mustard greens, frozen, cooked, boiled, drained, without salt",11,Mustard,"Low Sodium,Vegan,Vegetarian,Vitamin-Rich",24,
169260,"Okra, raw",11,,"Vegan,Vegetarian,Vitamin-Rich",24,
169261,"Okra, cooked, boiled, drained, without salt",11,,"Low Sodium,Vegan,Vegetarian,Vitamin-Rich",24,
169262,"Okra, frozen, unprepared",11,,"Vegan,Vegetarian,Vitamin-Rich",24,
169263,"Okra, frozen, cooked, boiled, drained, without salt",11,,"Low Sodium,Vegan,Vegetarian,Vitamin-Rich",24,
169264,"Potatoes, french fried, all types, salt added in processing, frozen, home-prepared, oven heated",11,,"Vegan,Vegetarian,Vitamin-Rich",24,
169265,"Potatoes, french fried, cottage-cut, salt not added in processing, frozen, as purchased",11,,"Low Sodium,Vegan,Vegetarian,Vitamin-Rich",24,
169266,"Potatoes, french fried, cottage-cut, salt not added in processing, frozen, oven-heated",11,,"Low Sodium,Vegan,Vegetarian,Vitamin-Rich",24,
169267,"Potatoes, frozen, french fried, par fried, extruded, unprepared",11,,"Vegan,Vegetarian,Vitamin-Rich",24,
169268,"Potatoes, frozen, french fried, par fried, extruded, prepared, heated in oven, without salt",11,,"Low Sodium,Vegan,Vegetarian,Vitamin-Rich",24,
169269,"Potato salad, home-prepared",11,"Eggs,Celery,Mustard","Vegetarian,Vitamin-Rich",24,
169270,"Pumpkin flowers, raw",11,,"Vegan,Vegetarian,Vitamin-Rich",24,
169271,"Pumpkin flowers, cooked, boiled, drained, without salt",11,,"Low Sodium,Vegan,Vegetarian,Vitamin-Rich",24,
169272,"Pumpkin leaves, raw",11,,"Vegan,Vegetarian,Vitamin-Rich",24,
169273,"Pumpkin pie mix, canned",11,,"Vegan,Vegetarian,Vitamin-Rich",24,
169274,"Purslane, raw",11,,"Vegan,Vegetarian,Vitamin-Rich",24,
169275,"Purslane, cooked, boiled, drained, without salt",11,,"Low Sodium,Vegan,Vegetarian,Vitamin-Rich",24,
169276,"Radishes, raw",11,,"Vegan,Vegetarian,Vitamin-Rich",24,
169277,"Salsify, (vegetable oyster), raw",11,,"Vegan,Vegetarian",24,
169278,"Salsify, cooked, boiled, drained, without salt",11,,"Low Sodium,Vegan,Vegetarian",24,
169279,"Sauerkraut, canned, solids and liquids",11,,"Vegan,Vegetarian,Vitamin-Rich",24,
169280,"Seaweed, agar, raw",11,,"Vegan,Vegetarian",24,
169281,"Sesbania flower, cooked, steamed, without salt",11,,"Low Sodium,Vegan,Vegetarian,Vitamin-Rich",24,
169282,"Soybeans, green, raw",11,Soybeans,"High-Protein,Vegan,Vegetarian,Vitamin-Rich",24,
169283,"Soybeans, green, cooked, boiled, drained, without salt",11,Soybeans,"High-Protein,Low Sodium,Vegan,Vegetarian,Vitamin-Rich",24,
169284,"Soybeans, mature seeds, sprouted, raw",11,Soybeans,"High-Protein,Vegan,Vegetarian,Vitamin-Rich",24,
169285,"Spinach, canned, regular pack, solids and liquids",11,,"Vegan,Vegetarian,Vitamin-Rich",24,
169286,"Spinach, canned, regular pack, drained solids",11,,"Vegan,Vegetarian,Vitamin-Rich",24,
169287,"Spinach, frozen, chopped or leaf, unprepared (Includes foods for USDA's Food Distribution Program)",11,,"Vegan,Vegetarian,Vitamin-Rich",24,
169288,"Spinach, frozen, chopped or leaf, cooked, boiled, drained, without salt",11,,"Low Sodium,Vegan,Vegetarian,Vitamin-Rich",24,
169289,"Squash, summer, scallop, raw",11,,"Vegan,Vegetarian,Vitamin-Rich",24,
169290,"Squash, summer, scallop, cooked, boiled, drained, without salt",11,,"Low Sodium,Vegan,Vegetarian,Vitamin-Rich",24,
169291,"Squash, summer, zucchini, includes skin, raw",11,,"Vegan,Vegetarian,Vitamin-Rich",24,
169292,"Squash, summer, zucchini, includes skin, cooked, boiled, drained, without salt",11,,"Low Sodium,Vegan,Vegetarian,Vitamin-Rich",24,
169293,"Squash, winter, acorn, cooked, baked, without salt",11,,"Low Sodium,Vegan,Vegetarian,Vitamin-Rich",24,
169294,"Squash, winter, acorn, cooked, boiled, mashed, without salt",11,,"Low Sodium,Vegan,Vegetarian,Vitamin-Rich",24,
169295,"Squash, winter, butternut, raw",11,,"Vegan,Vegetarian,Vitamin-Rich",24,
169296,"Squash, winter, butternut, cooked, baked, without salt",11,,"Low Sodium,Vegan,Vegetarian,Vitamin-Rich",24,
169297,"Squash, winter, hubbard, cooked, boiled, mashed, without salt",11,,"Low Sodium,Vegan,Vegetarian,Vitamin-Rich",24,
169298,"Squash, winter, spaghetti, raw",11,,"Vegan,Vegetarian,Vitamin-Rich",24,
169299,"Squash, winter, spaghetti, cooked, boiled, drained, or baked, without salt",11,,"Low Sodium,Vegan,Vegetarian,Vitamin-Rich",24,
169300,"Succotash, (corn and limas), raw",11,,"High-Protein,Vegan,Vegetarian,Vitamin-Rich",24,
169301,"Water convolvulus,raw",11,,"Vegan,Vegetarian,Vitamin-Rich",24,
169302,"Water convolvulus, cooked, boiled, drained, without salt",11,,"Low Sodium,Vegan,Vegetarian,Vitamin-Rich",24,
169303,"Sweet potato leaves, raw",11,,"Vegan,Vegetarian,Vitamin-Rich",24,
169304,"Sweet potato leaves, cooked, steamed, without salt",11,,"Low Sodium,Vegan,Vegetarian,Vitamin-Rich",24,
169305,"Sweet potato, canned, mashed",11,,"Vegan,Vegetarian,Vitamin-Rich",24,
169306,"Sweet potato, frozen, unprepared (Includes foods for USDA's Food Distribution Program)",11,,"Vegan,Vegetarian,Vitamin-Rich",24,
169307,"Sweet potato, frozen, cooked, baked, without salt",11,,"Low Sodium,Vegan,Vegetarian,Vitamin-Rich",24,
169308,"Taro, raw",11,,"Vegan,Vegetarian,Vitamin-Rich",24,
169309,"Taro shoots, cooked, without salt",11,,"Low Sodium,Vegan,Vegetarian,Vitamin-Rich",24,
169310,"Taro, tahitian, raw",11,,"Vegan,Vegetarian,Vitamin-Rich",24,
169311,"Artichokes, (globe or french), cooked, boiled, drained, with salt",11,,"Vegan,Vegetarian,Vitamin-Rich",24,
169312,"Artichokes, (globe or french), frozen, cooked, boiled, drained, with salt",11,,"Vegan,Vegetarian,Vitamin-Rich",24,
169313,"Asparagus, cooked, boiled, drained, with salt",11,,"Vegan,Vegetarian,Vitamin-Rich",24,
169314,"Asparagus, canned, no salt added, solids and liquids",11,,"Low Sodium,Vegan,Vegetarian,Vitamin-Rich",24,
169315,"Beans, kidney, mature seeds, sprouted, cooked, boiled, drained, with salt",11,,"High-Protein,Vegan,Vegetarian,Vitamin-Rich",24,
169316,"Lima beans, immature seeds, cooked, boiled, drained, with salt",11,,"High-Protein,Vegan,Vegetarian,Vitamin-Rich",24,
169317,"Lima beans, immature seeds, canned, no salt added, solids and liquids",11,,"High-Protein,Low Sodium,Vegan,Vegetarian,Vitamin-Rich",24,
169318,"Lima beans, immature seeds, frozen, baby, cooked, boiled, drained, with salt",11,,"High-Protein,Vegan,Vegetarian,Vitamin-Rich",24,
169319,"Beans, pinto, mature seeds, sprouted, cooked, boiled, drained, with salt",11,,"High-Protein,Vegan,Vegetarian,Vitamin-Rich",24,
169320,"Beans, snap, yellow, raw",11,,"Vegan,Vegetarian,Vitamin-Rich",24,
169321,"Beans, snap, green, cooked, boiled, drained, with salt",11,,"Vegan,Vegetarian,Vitamin-Rich",24,
169322,"Beans, snap, yellow, cooked, boiled, drained, without salt",11,,"Low Sodium,Vegan,Vegetarian,Vitamin-Rich",24,
169323,"Beans, snap, yellow, cooked, boiled, drained, with salt",11,,"Vegan,Vegetarian,Vitamin-Rich",24,
169324,"Beans, snap, yellow, frozen, all styles, unprepared",11,,"Vegan,Vegetarian,Vitamin-Rich",24,
169325,"Beans, snap, green, frozen, cooked, boiled, drained, with salt",11,,"Vegan,Vegetarian,Vitamin-Rich",24,
169326,"Beans, snap, yellow, frozen, cooked, boiled, drained, without salt",11,,"Low Sodium,Vegan,Vegetarian,Vitamin-Rich",24,
169327,"Beans, snap, yellow, frozen, cooked, boiled, drained, with salt",11,,"Vegan,Vegetarian,Vitamin-Rich",24,
169328,"Broadbeans, immature seeds, cooked, boiled, drained, with salt",11,,"High-Protein,Vegan,Vegetarian,Vitamin-Rich",24,
169329,"Broccoli, leaves, raw",11,,"Vegan,Vegetarian,Vitamin-Rich",24,
169330,"Broccoli, flower clusters, raw",11,,"Vegan,Vegetarian,Vitamin-Rich",24,
169331,"Broccoli, stalks, raw",11,,"Vegan,Vegetarian,Vitamin-Rich",24,
169332,"Brussels sprouts, frozen, cooked, boiled, drained, with salt",11,,"Vegan,Vegetarian,Vitamin-Rich",24,
169333,"Burdock root, cooked, boiled, drained, with salt",11,,"Vegan,Vegetarian,Vitamin-Rich",24,
169334,"Butterbur, cooked, boiled, drained, with salt",11,,"Vegan,Vegetarian,Vitamin-Rich",24,
169335,"Cabbage, common (danish, domestic, and pointed types), freshly harvest, raw",11,,"Vegan,Vegetarian,Vitamin-Rich",24,
169336,"Cabbage, common (danish, domestic, and pointed types), stored, raw",11,,"Vegan,Vegetarian,Vitamin-Rich",24,
169337,"Cabbage, chinese (pe-tsai), cooked, boiled, drained, with salt",11,,"Vegan,Vegetarian,Vitamin-Rich",24,
169338,"Cardoon, cooked, boiled, drained, with salt",11,,"Vegan,Vegetarian,Vitamin-Rich",24,
169339,"Carrots, cooked, boiled, drained, with salt",11,,"Vegan,Vegetarian,Vitamin-Rich",24,
169340,"Carrots, canned, no salt added, solids and liquids",11,,"Low Sodium,Vegan,Vegetarian,Vitamin-Rich",24,
169341,"Celeriac, cooked, boiled, drained, with salt",11,Celery,"Vegan,Vegetarian,Vitamin-Rich",24,
169342,"Celery, cooked, boiled, drained, with salt",11,Celery,"Vegan,Vegetarian,Vitamin-Rich",24,
169343,"Chard, swiss, cooked, boiled, drained, with salt",11,,"Vegan,Vegetarian,Vitamin-Rich",24,
169344,"Chayote, fruit, cooked, boiled, drained, with salt",11,,"Vegan,Vegetarian,Vitamin-Rich",24,
169345,"Corn, sweet, yellow, canned, no salt added, solids and liquids (Includes foods for USDA's Food Distribution Program)",11,,"Low Sodium,Vegan,Vegetarian",24,
169346,"Corn, sweet, yellow, canned, cream style, no salt added",11,,"Low Sodium,Vegan,Vegetarian",24,
169347,"Corn, sweet, yellow, canned, vacuum pack, no salt added",11,,"Low Sodium,Vegan,Vegetarian",24,
169348,"Corn, sweet, yellow, frozen, kernels, cut off cob, boiled, drained, with salt",11,,"Vegan,Vegetarian",24,
169349,"Corn, sweet, yellow, frozen, kernels on cob, cooked, boiled, drained, with salt",11,,"Vegan,Vegetarian",24,
169350,"Cress, garden, cooked, boiled, drained, with salt",11,,"Vegan,Vegetarian,Vitamin-Rich",24,
169351,"Dandelion greens, cooked, boiled, drained, with salt",11,,"Vegan,Vegetarian,Vitamin-Rich",24,
169352,"Eggplant, cooked, boiled, drained, with salt",11,,"Vegan,Vegetarian,Vitamin-Rich",24,
169353,"Gourd, white-flowered (calabash), cooked, boiled, drained, with salt",11,,"Vegan,Vegetarian,Vitamin-Rich",24,
169354,"Jute, potherb, cooked, boiled, drained, with salt",11,,"Vegan,Vegetarian,Vitamin-Rich",24,
169355,"Kale, cooked, boiled, drained, with salt",11,,"Vegan,Vegetarian,Vitamin-Rich",24,
169356,"Kale, frozen, cooked, boiled, drained, with salt",11,,"Vegan,Vegetarian,Vitamin-Rich",24,
169357,"Kohlrabi, cooked, boiled, drained, with salt",11,,"Vegan,Vegetarian,Vitamin-Rich",24,
169358,"Yambean (jicama), cooked, boiled, drained, with salt",11,,"Vegan,Vegetarian,Vitamin-Rich",24,
169359,"Yardlong bean, cooked, boiled, drained, with salt",11,,"High-Protein,Vegan,Vegetarian,Vitamin-Rich",24,
169360,"Corn, sweet, white, canned, whole kernel, no salt added, solids and liquids",11,,"Low Sodium,Vegan,Vegetarian",24,
169361,"Corn, sweet, white, canned, whole kernel, drained solids",11,,"Vegan,Vegetarian",24,
169362,"Corn, sweet, white, canned, cream style, regular pack",11,,"Vegan,Vegetarian",24,
169363,"Corn, sweet, white, canned, cream style, no salt added",11,,"Low Sodium,Vegan,Vegetarian",24,
169364,"Corn, sweet, white, frozen, kernels cut off cob, boiled, drained, with salt",11,,"Vegan,Vegetarian",24,
169365,"Corn, sweet, white, frozen, kernels on cob, unprepared",11,,"Vegan,Vegetarian",24,
169366,"Corn, sweet, white, frozen, kernels on cob, cooked, boiled, drained, without salt",11,,"Low Sodium,Vegan,Vegetarian",24,
169367,"Corn, sweet, white, frozen, kernels on cob, cooked, boiled, drained, with salt",11,,"Vegan,Vegetarian",24,
169368,"Sesbania flower, cooked, steamed, with salt",11,,"Vegan,Vegetarian,Vitamin-Rich",24,
169369,"Soybeans, mature seeds, sprouted, cooked, steamed, with salt",11,Soybeans,"High-Protein,Vegan,Vegetarian,Vitamin-Rich",24,
169370,"Soybeans, mature seeds, sprouted, cooked, stir-fried, with salt",11,Soybeans,"High-Protein,Vegan,Vegetarian,Vitamin-Rich",24,
169371,"Dock, cooked, boiled, drained, with salt",11,,"Vegan,Vegetarian,Vitamin-Rich",24,
169372,"Potatoes, mashed, dehydrated, prepared from flakes without milk, whole milk and margarine added",11,Milk,"Vegetarian,Vitamin-Rich",24,
169373,"Peppers, sweet, red, freeze-dried",11,,"Vegan,Vegetarian,Vitamin-Rich",24,
169374,"Beans, snap, yellow, canned, regular pack, drained solids",11,,"Vegan,Vegetarian,Vitamin-Rich",24,
169375,"Beans, snap, yellow, canned, no salt added, drained solids",11,,"Low Sodium,Vegan,Vegetarian,Vitamin-Rich",24,
169376,"Mushroom, white, exposed to ultraviolet light, raw",11,,"Vegan,Vegetarian,Vitamin-Rich",24,
169377,"Mushrooms, portabella, exposed to ultraviolet light, grilled",11,,"Vegan,Vegetarian,Vitamin-Rich",24,
169378,"Pickles, cucumber, sweet (includes bread and butter pickles)",11,,"Vegan,Vegetarian",24,
169379,"Pickles, cucumber, sour",11,,"Vegan,Vegetarian",24,
169380,"Pickles, cucumber, sweet, low sodium (includes bread and butter pickles)",11,,"Low Sodium,Vegan,Vegetarian",24,
169381,"Catsup, low sodium",11,,"Low Sodium,Vegan,Vegetarian",24,
169382,"Mushrooms, enoki, raw",11,,"Vegan,Vegetarian",24,
169383,"Peppers, sweet, yellow, raw",11,,"Vegan,Vegetarian,Vitamin-Rich",24,
169384,"Tomatoes, sun-dried, packed in oil, drained",11,Sulphur dioxide/sulphites,"Vegan,Vegetarian,Vitamin-Rich",24,
169385,"Fennel, bulb, raw",11,,"Vegan,Vegetarian,Vitamin-Rich",24,
169386,"Pickle relish, hamburger",11,,"Vegan,Vegetarian",24,
169387,"Arugula, raw",11,,"Vegan,Vegetarian,Vitamin-Rich",24,
169388,"Nopales, cooked, without salt",11,,"Low Sodium,Vegan,Vegetarian,Vitamin-Rich",24,
169389,"Cauliflower, green, raw",11,,"Vegan,Vegetarian,Vitamin-Rich",24,
169390,"Cauliflower, green, cooked, no salt added",11,,"Low Sodium,Vegan,Vegetarian,Vitamin-Rich",24,
169391,"Cauliflower, green, cooked, with salt",11,,"Vegan,Vegetarian,Vitamin-Rich",24,
169392,"Broccoli, chinese, cooked",11,,"Vegan,Vegetarian,Vitamin-Rich",24,
169393,"Grape leaves, canned",11,,"Vegan,Vegetarian,Vitamin-Rich",24,
169394,"Pepper, banana, raw",11,,"Vegan,Vegetarian,Vitamin-Rich",24,
169395,"Peppers, serrano, raw",11,,"Vegan,Vegetarian,Vitamin-Rich",24,
169396,"Peppers, ancho, dried",11,Sulphur dioxide/sulphites,"Vegan,Vegetarian,Vitamin-Rich",24,
169397,"Pickles, chowchow, with cauliflower onion mustard, sweet",11,Mustard,"Vegan,Vegetarian,Vitamin-Rich",24,
169398,"Epazote, raw",11,,"Vegan,Vegetarian,Vitamin-Rich",24,
169399,"Fireweed, leaves, raw",11,,"Vegan,Vegetarian,Vitamin-Rich",24,
169400,"Malabar spinach, cooked",11,,"Vegan,Vegetarian,Vitamin-Rich",24,
169401,"Yautia (tannier), raw",11,,"Vegan,Vegetarian,Vitamin-Rich",24,
169402,"Mushrooms, white, microwaved",11,,"Vegan,Vegetarian,Vitamin-Rich",24,
169403,"Mushrooms, maitake, raw",11,,"Vegan,Vegetarian,Vitamin-Rich",24,
169404,"Broccoli, chinese, raw",11,,"Vegan,Vegetarian,Vitamin-Rich",24,
169405,"Fiddlehead ferns, raw",11,,"Vegan,Vegetarian,Vitamin-Rich",24,
169406,"Seeds, sesame butter, tahini, from unroasted kernels (non-chemically removed seed coat)",12,Sesame seeds,"Vegan,Vegetarian",24,
169407,"Seeds, watermelon seed kernels, dried",12,,"Vegan,Vegetarian",24,
169408,"Nuts, chestnuts, japanese, dried",12,"Nuts,Nuts (chestnuts)","Vegan,Vegetarian",48,
169409,"Nuts, coconut milk, frozen (liquid expressed from grated meat and water)",12,"Nuts,Nuts (coconut)","Vegan,Vegetarian",48,
169410,"Seeds, sesame butter, tahini, from raw and stone ground kernels",12,Sesame seeds,"Vegan,Vegetarian",24,
169411,"Nuts, formulated, wheat-based, all flavors except macadamia, without salt",12,Cereals containing gluten,"Low Sodium,Vegan,Vegetarian",48,
169412,"Seeds, sesame seed kernels, dried (decorticated)",12,Sesame seeds,"Vegan,Vegetarian",24,
169413,"Nuts, chestnuts, japanese, raw",12,"Nuts,Nuts (chestnuts)","Vegan,Vegetarian",48,
169414,"Seeds, flaxseed",12,,"Vegan,Vegetarian",24,
169415,"Seeds, pumpkin and squash seed kernels, roasted, with salt added",12,,"Vegan,Vegetarian",24,
169416,"Seeds, sesame seed kernels, toasted, with salt added (decorticated)",12,Sesame seeds,"Vegan,Vegetarian",24,
169417,"Seeds, sunflower seed kernels from shell, dry roasted, with salt added",12,,"Vegan,Vegetarian",24,
169418,"Seeds, sunflower seed kernels, dry roasted, with salt added",12,,"Vegan,Vegetarian",24,
169419,"Nuts, almonds, oil roasted, with salt added",12,"Nuts,Nuts (almonds)","Vegan,Vegetarian",48,
169420,"Nuts, almonds, oil roasted, with salt added, smoke flavor",12,"Nuts,Nuts (almonds)","Vegan,Vegetarian",48,
169421,"Nuts, cashew nuts, dry roasted, with salt added",12,"Nuts,Nuts (cashews)","Vegan,Vegetarian",48,
169422,"Nuts, cashew nuts, oil roasted, with salt added",12,"Nuts,Nuts (cashews)","Vegan,Vegetarian",48,
169423,"Nuts, mixed nuts, oil roasted, without peanuts, with salt added",12,Nuts,"Vegan,Vegetarian",48,
169424,"Nuts, pecans, dry roasted, with salt added",12,"Nuts,Nuts (pecans)","Vegan,Vegetarian",48,
169425,"Nuts, pecans, oil roasted, with salt added",12,"Nuts,Nuts (pecans)","Vegan,Vegetarian",48,
169426,"Nuts, pistachio nuts, dry roasted, with salt added",12,"Nuts,Nuts (pistachio nuts)","Vegan,Vegetarian",48,
169427,"Nuts, mixed nuts, oil roasted, with peanuts, lightly salted",12,"Nuts,Peanuts","Vegan,Vegetarian",48,
169428,"Nuts, mixed nuts, oil roasted, without peanuts, lightly salted",12,Nuts,"Vegan,Vegetarian",48,
169429,"Beef, grass-fed, strip steaks, lean only, raw",13,,High-Protein,24,
169430,"Beef, carcass, separable lean and fat, choice, raw",13,,High-Protein,24,
169431,"Beef, carcass, separable lean and fat, select, raw",13,,High-Protein,24,
169432,"Beef, brisket, flat half, separable lean and fat, trimmed to 1/8"" fat, select, cooked, braised",13,,High-Protein,24,
169433,"Beef, flank, steak, separable lean and fat, trimmed to 0"" fat, choice, raw",13,,"High-Protein,Low-Fat",24,
169434,"Beef, flank, steak, separable lean and fat, trimmed to 0"" fat, choice, cooked, braised",13,,"High-Protein,Low-Fat",24,
169435,"Beef, flank, steak, separable lean and fat, trimmed to 0"" fat, choice, cooked, broiled",13,,"High-Protein,Low-Fat",24,
169436,"Beef, rib, eye, small end (ribs 10-12), separable lean and fat, trimmed to 0"" fat, choice, cooked, broiled",13,,"High-Protein,Low-Fat",24,
169437,"Beef, rib, eye, small end (ribs 10-12), separable lean only, trimmed to 0"" fat, choice, raw",13,,"High-Protein,Low-Fat",24,
169438,"Beef, rib, eye, small end (ribs 10-12), separable lean only, trimmed to 0"" fat, choice, cooked, broiled",13,,"High-Protein,Low-Fat",24,
169439,"Beef, rib, shortribs, separable lean and fat, choice, raw",13,,High-Protein,24,
169440,"Beef, brisket, flat half, separable lean and fat, trimmed to 0"" fat, choice, cooked, braised",13,,"High-Protein,Low-Fat",24,
169441,"Beef, shank crosscuts, separable lean only, trimmed to 1/4"" fat, choice, raw",13,,High-Protein,24,
169442,"Beef, shank crosscuts, separable lean only, trimmed to 1/4"" fat, choice, cooked, simmered",13,,High-Protein,24,
169443,"Beef, short loin, porterhouse steak, separable lean only, trimmed to 1/8"" fat, choice, raw",13,,High-Protein,24,
169444,"Beef, chuck, under blade pot roast, boneless, separable lean only, trimmed to 0"" fat, all grades, cooked, braised",13,,"High-Protein,Low-Fat",24,
169445,"Beef, chuck, under blade pot roast or steak, boneless, separable lean only, trimmed to 0"" fat, all grades, raw",13,,"High-Protein,Low-Fat",24,
169446,"Beef, chuck, under blade pot roast or steak, boneless, separable lean only, trimmed to 0"" fat, choice, raw",13,,"High-Protein,Low-Fat",24,
169447,"Beef, ground, patties, frozen, cooked, broiled",13,,High-Protein,24,
169448,"Beef, variety meats and by-products, heart, cooked, simmered",13,,High-Protein,24,
169449,"Beef, variety meats and by-products, kidneys, raw",13,,High-Protein,24,
169450,"Beef, variety meats and by-products, kidneys, cooked, simmered",13,,High-Protein,24,
169451,"Beef, variety meats and by-products, liver, raw",13,,High-Protein,24,
169452,"Beef, variety meats and by-products, pancreas, raw",13,,High-Protein,24,
169453,"Beef, variety meats and by-products, pancreas, cooked, braised",13,,High-Protein,24,
169454,"Beef, variety meats and by-products, spleen, raw",13,,High-Protein,24,
169455,"Beef, loin, top loin steak, boneless, lip off, separable lean only, trimmed to 0"" fat, choice, cooked, grilled",13,,"High-Protein,Low-Fat",24,
169456,"Beef, loin, top loin steak, boneless, lip off, separable lean only, trimmed to 0"" fat, select, cooked, grilled",13,,"High-Protein,Low-Fat",24,
169457,"Beef, top sirloin, steak, separable lean and fat, trimmed to 0"" fat, all grades, cooked, broiled",13,,"High-Protein,Low-Fat",24,
169458,"Beef, top sirloin, steak, separable lean and fat, trimmed to 0"" fat, choice, cooked, broiled",13,,"High-Protein,Low-Fat",24,
169459,"Beef, short loin, porterhouse steak, separable lean and fat, trimmed to 0"" fat, all grades, cooked, broiled",13,,"High-Protein,Low-Fat",24,
169460,"Beef, short loin, porterhouse steak, separable lean and fat, trimmed to 0"" fat, USDA choice, cooked, broiled",13,,"High-Protein,Low-Fat",24,
169461,"Beef, short loin, porterhouse steak, separable lean and fat, trimmed to 0"" fat, USDA select, cooked, broiled",13,,"High-Protein,Low-Fat",24,
169462,"Beef, short loin, porterhouse steak, separable lean only, trimmed to 1/8"" fat, all grades, raw",13,,High-Protein,24,
169463,"Beef, short loin, porterhouse steak, separable lean only, trimmed to 0"" fat, select, cooked, broiled",13,,"High-Protein,Low-Fat",24,
169464,"Beef, short loin, t-bone steak, separable lean and fat, trimmed to 0"" fat, all grades, cooked, broiled",13,,"High-Protein,Low-Fat",24,
169465,"Beef, short loin, t-bone steak, separable lean and fat, trimmed to 0"" fat, USDA choice, cooked, broiled",13,,"High-Protein,Low-Fat",24,
169466,"Beef, short loin, t-bone steak, separable lean and fat, trimmed to 0"" fat, USDA select, cooked, broiled",13,,"High-Protein,Low-Fat",24,
169467,"Beef, short loin, t-bone steak, bone-in, separable lean only, trimmed to 1/8"" fat, select, cooked, grilled",13,,High-Protein,24,
169468,"Beef, short loin, t-bone steak, separable lean only, trimmed to 0"" fat, select, cooked, broiled",13,,"High-Protein,Low-Fat",24,
169469,"Beef, brisket, flat half, separable lean only, trimmed to 0"" fat, select, cooked, braised",13,,"High-Protein,Low-Fat",24,
169470,"Beef, round, tip round, roast, separable lean and fat, trimmed to 0"" fat, all grades, raw",13,,"High-Protein,Low-Fat",24,
169471,"Beef, round, top round steak, boneless, separable lean only, trimmed to 0"" fat, choice, cooked, grilled",13,,"High-Protein,Low-Fat",24,
169472,"Beef, round, top round steak, boneless, separable lean only, trimmed to 0"" fat, select, cooked, grilled",13,,"High-Protein,Low-Fat",24,
169473,"Beef, ground, 70% lean meat / 30% fat, crumbles, cooked, pan-browned",13,,High-Protein,24,
169474,"Beef, ground, 70% lean meat / 30% fat, loaf, cooked, baked",13,,High-Protein,24,
169475,"Beef, shoulder top blade steak, boneless, separable lean only, trimmed to 0"" fat, choice, cooked, grilled",13,,"High-Protein,Low-Fat",24,
169476,"Beef, shoulder top blade steak, boneless, separable lean only, trimmed to 0"" fat, select, cooked, grilled",13,,"High-Protein,Low-Fat",24,
169477,"Beef, shoulder top blade steak, boneless, separable lean only, trimmed to 0"" fat, all grades, raw",13,,"High-Protein,Low-Fat",24,
169478,"Beef, shoulder top blade steak, boneless, separable lean only, trimmed to 0"" fat, choice, raw",13,,"High-Protein,Low-Fat",24,
169479,"Beef, shoulder top blade steak, boneless, separable lean and fat, trimmed to 0"" fat, all grades, cooked, grilled",13,,"High-Protein,Low-Fat",24,
169480,"Beef, shoulder pot roast or steak, boneless, separable lean only, trimmed to 0"" fat, all grades, raw",13,,"High-Protein,Low-Fat",24,
169481,"Beef, shoulder pot roast or steak, boneless, separable lean only, trimmed to 0"" fat, choice, raw",13,,"High-Protein,Low-Fat",24,
169482,"Beef, shoulder pot roast or steak, boneless, separable lean only, trimmed to 0"" fat, select, raw",13,,"High-Protein,Low-Fat",24,
169483,"Beef, composite of trimmed retail cuts, separable lean and fat, trimmed to 1/8"" fat, all grades, raw",13,,High-Protein,24,
169484,"Beef, composite of trimmed retail cuts, separable lean and fat, trimmed to 1/8"" fat, all grades, cooked",13,,High-Protein,24,
169485,"Beef, composite of trimmed retail cuts, separable lean and fat, trimmed to 1/8"" fat, choice, raw",13,,High-Protein,24,
169486,"Beef, composite of trimmed retail cuts, separable lean and fat, trimmed to 1/8"" fat, choice, cooked",13,,High-Protein,24,
169487,"Beef, composite of trimmed retail cuts, separable lean and fat, trimmed to 1/8"" fat, select, raw",13,,High-Protein,24,
169488,"Beef, brisket, flat half, separable lean and fat, trimmed to 1/8"" fat, all grades, cooked, braised",13,,High-Protein,24,
169489,"Beef, brisket, point half, separable lean and fat, trimmed to 1/8"" fat, all grades, raw",13,,High-Protein,24,
169490,"Beef, brisket, point half, separable lean and fat, trimmed to 1/8"" fat, all grades, cooked, braised",13,,High-Protein,24,
169491,"Beef, chuck, arm pot roast, separable lean and fat, trimmed to 1/8"" fat, all grades, raw",13,,High-Protein,24,
169492,"Beef, chuck, arm pot roast, separable lean and fat, trimmed to 1/8"" fat, select, cooked, braised",13,,High-Protein,24,
169493,"Beef, chuck, blade roast, separable lean and fat, trimmed to 1/8"" fat, all grades, raw",13,,High-Protein,24,
169494,"Beef, chuck, blade roast, separable lean and fat, trimmed to 1/8"" fat, all grades, cooked, braised",13,,High-Protein,24,
169495,"Beef, chuck, blade roast, separable lean and fat, trimmed to 1/8"" fat, choice, raw",13,,High-Protein,24,
169496,"Beef, chuck eye roast, boneless, America's Beef Roast, separable lean only, trimmed to 0"" fat, choice, cooked, roasted",13,,"High-Protein,Low-Fat",24,
169497,"Beef, chuck eye roast, boneless, America's Beef Roast, separable lean only, trimmed to 0"" fat, select, cooked, roasted",13,,"High-Protein,Low-Fat",24,
169498,"Beef, rib, whole (ribs 6-12), separable lean and fat, trimmed to 1/8"" fat, all grades, raw",13,,High-Protein,24,
169499,"Beef, rib, whole (ribs 6-12), separable lean and fat, trimmed to 1/8"" fat, all grades, cooked, broiled",13,,High-Protein,24,
169500,"Beef, rib, whole (ribs 6-12), separable lean and fat, trimmed to 1/8"" fat, all grades, cooked, roasted",13,,High-Protein,24,
169501,"Beef, rib, whole (ribs 6-12), separable lean and fat, trimmed to 1/8"" fat, select, cooked, broiled",13,,High-Protein,24,
169502,"Beef, rib, whole (ribs 6-12), separable lean and fat, trimmed to 1/8"" fat, select, cooked, roasted",13,,High-Protein,24,
169503,"Beef, rib, whole (ribs 6-12), separable lean and fat, trimmed to 1/8"" fat, prime, raw",13,,High-Protein,24,
169504,"Beef, rib, whole (ribs 6-12), separable lean and fat, trimmed to 1/8"" fat, prime, cooked, broiled",13,,High-Protein,24,
169505,"Beef, rib, large end (ribs 6-9), separable lean and fat, trimmed to 1/8"" fat, choice, raw",13,,High-Protein,24,
169506,"Beef, rib, large end (ribs 6-9), separable lean and fat, trimmed to 1/8"" fat, choice, cooked, broiled",13,,High-Protein,24,
169507,"Beef, rib, large end (ribs 6-9), separable lean and fat, trimmed to 1/8"" fat, choice, cooked, roasted",13,,High-Protein,24,
169508,"Beef, rib, large end (ribs 6-9), separable lean and fat, trimmed to 1/8"" fat, select, raw",13,,High-Protein,24,
169509,"Beef, rib, small end (ribs 10-12), separable lean and fat, trimmed to 1/8"" fat, all grades, raw",13,,High-Protein,24,
169510,"Beef, rib, small end (ribs 10-12), separable lean and fat, trimmed to 1/8"" fat, all grades, cooked, broiled",13,,High-Protein,24,
169511,"Beef, rib, small end (ribs 10-12), separable lean and fat, trimmed to 1/8"" fat, all grades, cooked, roasted",13,,High-Protein,24,
169512,"Beef, rib, small end (ribs 10-12), separable lean and fat, trimmed to 1/8"" fat, choice, raw",13,,High-Protein,24,
169513,"Beef, rib, small end (ribs 10-12), separable lean and fat, trimmed to 1/8"" fat, select, cooked, roasted",13,,High-Protein,24,
169514,"Beef, rib, small end (ribs 10-12), separable lean and fat, trimmed to 1/8"" fat, prime, raw",13,,High-Protein,24,
169515,"Beef, rib, small end (ribs 10-12), separable lean and fat, trimmed to 1/8"" fat, prime, cooked, broiled",13,,High-Protein,24,
169516,"Beef, rib, small end (ribs 10-12), separable lean and fat, trimmed to 1/8"" fat, prime, cooked, roasted",13,,High-Protein,24,
169517,"Beef, round, full cut, separable lean and fat, trimmed to 1/8"" fat, select, raw",13,,High-Protein,24,
169518,"Beef, round, full cut, separable lean and fat, trimmed to 1/8"" fat, select, cooked, broiled",13,,High-Protein,24,
169519,"Beef, round, bottom round, steak, separable lean and fat, trimmed to 1/8"" fat, all grades, raw",13,,High-Protein,24,
169520,"Beef, round, bottom round, steak, separable lean and fat, trimmed to 1/8"" fat, all grades, cooked, braised",13,,High-Protein,24,
169521,"Beef, round, bottom round, steak, separable lean and fat, trimmed to 1/8"" fat, select, cooked, braised",13,,High-Protein,24,
169522,"Beef, round, bottom round, roast, separable lean and fat, trimmed to 1/8"" fat, select, cooked, roasted",13,,High-Protein,24,
169523,"Beef, round, eye of round, roast, separable lean and fat, trimmed to 1/8"" fat, all grades, raw",13,,High-Protein,24,
169524,"Beef, round, eye of round, roast, separable lean and fat, trimmed to 1/8"" fat, all grades, cooked, roasted",13,,High-Protein,24,
169525,"Beef, round, tip round, separable lean and fat, trimmed to 1/8"" fat, all grades, raw",13,,High-Protein,24,
169526,"Beef, round, tip round, roast, separable lean and fat, trimmed to 1/8"" fat, all grades, cooked, roasted",13,,High-Protein,24,
169527,"Beef, round, tip round, separable lean and fat, trimmed to 1/8"" fat, choice, raw",13,,High-Protein,24,
169528,"Beef, round, tip round, roast, separable lean and fat, trimmed to 1/8"" fat, choice, cooked, roasted",13,,High-Protein,24,
169529,"Beef, round, top round, steak, separable lean and fat, trimmed to 1/8"" fat, all grades, raw",13,,High-Protein,24,
169530,"Beef, round, top round, separable lean and fat, trimmed to 1/8"" fat, all grades, cooked, braised",13,,High-Protein,24,
169531,"Beef, round, top round steak, separable lean and fat, trimmed to 1/8"" fat, all grades, cooked, broiled",13,,High-Protein,24,
169532,"Beef, round, top round, steak, separable lean and fat, trimmed to 1/8"" fat, choice, raw",13,,High-Protein,24,
169533,"Beef, round, top round, steak, separable lean and fat, trimmed to 1/8"" fat, select, cooked, broiled",13,,High-Protein,24,
169534,"Beef, round, top round, separable lean and fat, trimmed to 1/8"" fat, prime, raw",13,,High-Protein,24,
169535,"Beef, round, top round, steak, separable lean and fat, trimmed to 1/8"" fat, prime, cooked, broiled",13,,High-Protein,24,
169536,"Beef, shoulder top blade steak, boneless, separable lean and fat, trimmed to 0"" fat, select, raw",13,,"High-Protein,Low-Fat",24,
169537,"Beef, short loin, t-bone steak, separable lean and fat, trimmed to 1/8"" fat, choice, cooked, grilled",13,,High-Protein,24,
169538,"Beef, short loin, top loin, steak, separable lean and fat, trimmed to 1/8"" fat, all grades, raw",13,,High-Protein,24,
169539,"Beef, loin, top loin, separable lean and fat, trimmed to 1/8"" fat, all grades, cooked, grilled",13,,High-Protein,24,
169540,"Beef, loin, top loin, separable lean and fat, trimmed to 1/8"" fat, choice, raw",13,,High-Protein,24,
169541,"Beef, short loin, top loin, separable lean and fat, trimmed to 1/8"" fat, prime, cooked, broiled",13,,High-Protein,24,
169542,"Beef, tenderloin, steak, separable lean and fat, trimmed to 1/8"" fat, all grades, raw",13,,High-Protein,24,
169543,"Beef, tenderloin, steak, separable lean and fat, trimmed to 1/8"" fat, all grades, cooked, broiled",13,,High-Protein,24,
169544,"Beef, tenderloin, roast, separable lean and fat, trimmed to 1/8"" fat, all grades, cooked, roasted",13,,High-Protein,24,
169545,"Beef, tenderloin, steak, separable lean and fat, trimmed to 1/8"" fat, choice, raw",13,,High-Protein,24,
169546,"Beef, tenderloin, roast, separable lean and fat, trimmed to 1/8"" fat, select, cooked, roasted",13,,High-Protein,24,
169547,"Beef, tenderloin, separable lean and fat, trimmed to 1/8"" fat, prime, raw",13,,High-Protein,24,
169548,"Beef, tenderloin, steak, separable lean and fat, trimmed to 1/8"" fat, prime, cooked, broiled",13,,High-Protein,24,
169549,"Beef, tenderloin, roast, separable lean and fat, trimmed to 1/8"" fat, prime, cooked, roasted",13,,High-Protein,24,
169550,"Beef, top sirloin, steak, separable lean and fat, trimmed to 1/8"" fat, choice, cooked, pan-fried",13,,High-Protein,24,
169551,"Beef, top sirloin, steak, separable lean and fat, trimmed to 1/8"" fat, select, raw",13,,High-Protein,24,
169552,"Beef, top sirloin, steak, separable lean and fat, trimmed to 1/8"" fat, select, cooked, broiled",13,,High-Protein,24,
169553,"Beef, chuck, clod roast, separable lean only, trimmed to 0"" fat, choice, cooked, roasted",13,,"High-Protein,Low-Fat",24,
169554,"Beef, flank, steak, separable lean and fat, trimmed to 0"" fat, select, cooked, broiled",13,,"High-Protein,Low-Fat",24,
169555,"Beef, brisket, flat half, separable lean and fat, trimmed to 0"" fat, select, cooked, braised",13,,"High-Protein,Low-Fat",24,
169556,"Beef, rib eye, small end (ribs 10-12), separable lean and fat, trimmed to 0"" fat, select, cooked, broiled",13,,"High-Protein,Low-Fat",24,
169557,"Beef, rib eye, small end (ribs 10-12), separable lean and fat, trimmed to 0"" fat, all grades, cooked, broiled",13,,"High-Protein,Low-Fat",24,
169558,"Beef, bottom sirloin, tri-tip roast, separable lean and fat, trimmed to 0"" fat, all grades, cooked, roasted",13,,"High-Protein,Low-Fat",24,
169559,"Beef, bottom sirloin, tri-tip roast, separable lean and fat, trimmed to 0"" fat, select, raw",13,,"High-Protein,Low-Fat",24,
169560,"Beef, round, top round steak, boneless, separable lean and fat, trimmed to 0"" fat, all grades, cooked, grilled",13,,"High-Protein,Low-Fat",24,
169561,"Beef, chuck, mock tender steak, separable lean only, trimmed to 0"" fat, choice, cooked, broiled",13,,"High-Protein,Low-Fat",24,
169562,"Beef, chuck, mock tender steak, separable lean only, trimmed to 0"" fat, select, cooked, broiled",13,,"High-Protein,Low-Fat",24,
169563,"Beef, flank, steak, separable lean and fat, trimmed to 0"" fat, all grades, raw",13,,"High-Protein,Low-Fat",24,
169564,"Beef, flank, steak, separable lean and fat, trimmed to 0"" fat, select, raw",13,,"High-Protein,Low-Fat",24,
169565,"Beef, chuck eye roast, boneless, America's Beef Roast, separable lean only, trimmed to 0"" fat, all grades, raw",13,,"High-Protein,Low-Fat",24,
169566,"Beef, chuck eye roast, boneless, America's Beef Roast, separable lean only, trimmed to 0"" fat, choice, raw",13,,"High-Protein,Low-Fat",24,
169567,"Beef, chuck, short ribs, boneless, separable lean only, trimmed to 0"" fat, choice, cooked, braised",13,,"High-Protein,Low-Fat",24,
169568,"Beef, chuck, short ribs, boneless, separable lean only, trimmed to 0"" fat, select, cooked, braised",13,,"High-Protein,Low-Fat",24,
169569,"Beef, chuck, short ribs, boneless, separable lean only, trimmed to 0"" fat, all grades, cooked, braised",13,,"High-Protein,Low-Fat",24,
169570,"Beef, brisket, flat half, boneless, separable lean and fat, trimmed to 0"" fat, select, raw",13,,"High-Protein,Low-Fat",24,
169571,"Beef, loin, bottom sirloin butt, tri-tip roast, separable lean only, trimmed to 0"" fat, all grades, cooked, roasted",13,,"High-Protein,Low-Fat",24,
169572,"Alcoholic beverage, beer, light, BUD LIGHT",14,"Cereals containing gluten,Cereals containing gluten (barley)","Vegan,Vegetarian",252,
169573,"Alcoholic beverage, daiquiri, canned",14,,"Vegan,Vegetarian",252,
169574,"Alcoholic beverage, daiquiri, prepared-from-recipe",14,,"Vegan,Vegetarian",252,
169575,"Alcoholic beverage, beer, light, low carb",14,"Cereals containing gluten,Cereals containing gluten (barley)","Low-Carb,Vegan,Vegetarian",252,
169576,"Candies, milk chocolate coated raisins",19,"Milk,Soybeans,Sulphur dioxide/sulphites",Vegetarian,24,
169577,"Syrups, table blends, pancake, reduced-calorie",19,,"Vegan,Vegetarian",24,
169578,"Syrups, table blends, pancake",19,,"Vegan,Vegetarian",24,
169579,"Candies, HERSHEY'S POT OF GOLD Almond Bar",19,"Milk,Nuts,Nuts (almonds),Soybeans",Vegetarian,48,
169580,"Candies, truffles, prepared-from-recipe",19,"Milk,Soybeans",Vegetarian,24,
169581,"Baking chocolate, MARS SNACKFOOD US, M&M's Semisweet Chocolate Mini Baking Bits",19,"Milk,Soybeans",Vegetarian,24,
169582,"Candies, MARS SNACKFOOD US, M&M's Peanut Chocolate Candies",19,"Milk,Peanuts,Soybeans",Vegetarian,48,
169583,"Candies, MARS SNACKFOOD US, M&M's Milk Chocolate Candies",19,"Milk,Peanuts,Soybeans",Vegetarian,48,
169584,"Baking chocolate, MARS SNACKFOOD US, M&M's Milk Chocolate Mini Baking Bits",19,"Milk,Soybeans",Vegetarian,24,
169585,"Candies, peanut bar",19,"Peanuts,Soybeans","Vegan,Vegetarian",48,
169586,"Candies, peanut brittle, prepared-from-recipe",19,Peanuts,"Vegan,Vegetarian",48,
169587,"Candies, NESTLE, RAISINETS Chocolate Covered Raisins",19,"Milk,Soybeans",Vegetarian,24,
169588,"Candies, sesame crunch",19,Sesame seeds,"Vegan,Vegetarian",24,
169589,"Candies, MARS SNACKFOOD US, SNICKERS Bar",19,"Eggs,Milk,Peanuts,Soybeans",Vegetarian,48,
169590,"Candies, MARS SNACKFOOD US, STARBURST Fruit Chews, Original fruits",19,,"Vegan,Vegetarian",24,
169591,"Candies, MARS SNACKFOOD US, M&M's MINIs Milk Chocolate Candies",19,"Milk,Peanuts,Soybeans",Vegetarian,48,
169592,"Candies, SPECIAL DARK Chocolate Bar",19,"Milk,Soybeans",Vegetarian,24,
169593,"Cocoa, dry powder, unsweetened",19,,"No Added Sugar,Vegan,Vegetarian",24,
169594,"Cocoa, dry powder, unsweetened, processed with alkali",19,,"No Added Sugar,Vegan,Vegetarian",24,
169595,"Desserts, egg custard, baked, prepared-from-recipe",19,"Eggs,Milk",Vegetarian,24,
169596,"Gelatin desserts, dry mix, prepared with water",19,,,24,
169597,"Gelatin desserts, dry mix, reduced calorie, with aspartame",19,,No Added Sugar,24,
169598,"Gelatin desserts, dry mix, reduced calorie, with aspartame, prepared with water",19,,No Added Sugar,24,
169599,"Gelatins, dry powder, unsweetened",19,,No Added Sugar,24,
169600,"Puddings, chocolate, dry mix, instant, prepared with whole milk",19,Milk,Vegetarian,24,
169601,"Desserts, apple crisp, prepared-from-recipe",19,"Cereals containing gluten,Cereals containing gluten (oats),Milk","Vegetarian,Vitamin-Rich",24,
169602,"Flan, caramel custard, dry mix",19,Eggs,Vegetarian,24,
169603,"Puddings, chocolate, dry mix, regular",19,,"Vegan,Vegetarian",24,
169604,"Puddings, chocolate, dry mix, regular, prepared with whole milk",19,Milk,Vegetarian,24,
169605,"Puddings, rice, dry mix, prepared with whole milk",19,Milk,Vegetarian,24,
169606,"Puddings, tapioca, dry mix",19,,"Vegan,Vegetarian",24,
169607,"Puddings, tapioca, dry mix, prepared with whole milk",19,Milk,Vegetarian,24,
169608,"Puddings, vanilla, ready-to-eat",19,Milk,Vegetarian,24,
169609,"Puddings, vanilla, dry mix, regular",19,,"Vegan,Vegetarian",24,
169610,"Puddings, vanilla, dry mix, regular, prepared with whole milk",19,Milk,Vegetarian,24,
169611,"Puddings, rice, dry mix, prepared with 2% milk",19,Milk,Vegetarian,24,
169612,"Puddings, tapioca, dry mix, prepared with 2% milk",19,Milk,Vegetarian,24,
169613,"Frozen novelties, ice type, fruit, no sugar added",19,,"No Added Sugar,Vegan,Vegetarian,Vitamin-Rich",24,
169614,"Puddings, tapioca, ready-to-eat",19,Milk,Vegetarian,24,
169615,"Puddings, coconut cream, dry mix, regular, prepared with 2% milk",19,"Milk,Nuts,Nuts (coconut)",Vegetarian,48,
169616,"Desserts, rennin, chocolate, dry mix",19,,Vegetarian,24,
169617,"Rennin, chocolate, dry mix, prepared with whole milk",19,Milk,Vegetarian,24,
169618,"Frostings, coconut-nut, ready-to-eat",19,"Milk,Nuts,Nuts (coconut),Nuts (pecans),Soybeans",Vegetarian,48,
169619,"Frostings, cream cheese-flavor, ready-to-eat",19,"Milk,Soybeans",Vegetarian,24,
169620,"Frostings, vanilla, creamy, ready-to-eat",19,Soybeans,"Vegan,Vegetarian",24,
169621,"Flan, caramel custard, dry mix, prepared with 2% milk",19,"Eggs,Milk",Vegetarian,24,
169622,"Candies, HERSHEY'S MILK CHOCOLATE WITH ALMOND BITES",19,"Milk,Nuts,Nuts (almonds),Soybeans",Vegetarian,48,
169623,"Candies, REESE'S BITES",19,"Milk,Peanuts,Soybeans",Vegetarian,48,
169624,"Candies, REESE'S NUTRAGEOUS Candy Bar",19,"Milk,Peanuts,Soybeans",Vegetarian,48,
169625,"Frostings, chocolate, creamy, dry mix",19,"Milk,Soybeans",Vegetarian,24,
169626,"Frostings, white, fluffy, dry mix, prepared with water",19,Eggs,Vegetarian,24,
169627,"Candies, HERSHEY'S, ALMOND JOY BITES",19,"Milk,Nuts,Nuts (almonds),Nuts (coconut),Soybeans",Vegetarian,48,
169628,"Candies, HERSHEY, REESESTICKS crispy wafers, peanut butter, milk chocolate",19,"Cereals containing gluten,Milk,Peanuts,Soybeans",Vegetarian,48,
169629,"Candies, HERSHEY, KIT KAT BIG KAT Bar",19,"Cereals containing gluten,Milk,Soybeans",Vegetarian,24,
169630,"Candies, REESE'S, FAST BREAK, milk chocolate peanut butter and soft nougats",19,"Eggs,Milk,Peanuts,Soybeans",Vegetarian,48,
169631,"Ice creams, vanilla, light, no sugar added",19,Milk,"Low-Fat,No Added Sugar,Vegetarian",24,
169632,"Frozen novelties, fruit and juice bars",19,,"Vegan,Vegetarian,Vitamin-Rich",24,
169633,"Ice creams, chocolate, light, no sugar added",19,Milk,"Low-Fat,No Added Sugar,Vegetarian",24,
169634,"Candies, dark chocolate coated coffee beans",19,"Milk,Soybeans",Vegetarian,24,
169635,"Snacks, SUNKIST, SUNKIST Fruit Roll, strawberry, with vitamins A, C, and E",23,,"Vegan,Vegetarian,Vitamin-Rich",24,
169636,"Snacks, fruit leather, pieces, with vitamin C",23,,"Vegan,Vegetarian,Vitamin-Rich",24,
169637,"Candies, milk chocolate coated coffee beans",19,"Milk,Soybeans",Vegetarian,24,
169638,"Frozen novelties, ice type, lime",19,,"Vegan,Vegetarian,Vitamin-Rich",24,
169639,"Candies, MARS SNACKFOOD US, SNICKERS MUNCH bar",19,"Milk,Peanuts,Soybeans",Vegetarian,48,
169640,Honey,19,,Vegetarian,12,
169641,Jams and preserves,19,,"Vegan,Vegetarian,Vitamin-Rich",24,
169642,Jellies,19,,"Vegan,Vegetarian,Vitamin-Rich",24,
169643,"Candies, MARS SNACKFOOD US, POP'ABLES SNICKERS Brand Bite Size Candies",19,"Eggs,Milk,Peanuts,Soybeans",Vegetarian,48,
169644,"Candies, MARS SNACKFOOD US, POP'ABLES MILKY WAY Brand Bite Size Candies",19,"Eggs,Milk,Soybeans",Vegetarian,24,
169645,"Candies, MARS SNACKFOOD US, POP'ABLES 3 MUSKETEERS Brand Bite Size Candies",19,"Eggs,Milk,Soybeans",Vegetarian,24,
169646,"Candies, MARS SNACKFOOD US, STARBURST Fruit Chews, Fruit and Creme",19,Milk,Vegetarian,24,
169647,"Candies, MARS SNACKFOOD US, STARBURST Sour Fruit Chews",19,,"Vegan,Vegetarian",24,
169648,"Puddings, banana, dry mix, instant",19,,"Vegan,Vegetarian,Vitamin-Rich",24,
169649,"Puddings, banana, dry mix, instant, prepared with whole milk",19,Milk,"Vegetarian,Vitamin-Rich",24,
169650,"Puddings, banana, dry mix, regular",19,,"Vegan,Vegetarian,Vitamin-Rich",24,
169651,"Candies, MARS SNACKFOOD US, COCOAVIA Chocolate Bar",19,Soybeans,"Vegan,Vegetarian",24,
169652,"Candies, MARS SNACKFOOD US, COCOAVIA Blueberry and Almond Chocolate Bar",19,"Nuts,Nuts (almonds),Soybeans","Vegan,Vegetarian,Vitamin-Rich",48,
169653,"Candies, MARS SNACKFOOD US, COCOAVIA Crispy Chocolate Bar",19,"Cereals containing gluten,Soybeans","Vegan,Vegetarian",24,
169654,"Puddings, lemon, dry mix, instant",19,,"Vegan,Vegetarian",24,
169655,"Sugars, granulated",19,,"Vegan,Vegetarian",24,
169656,"Sugars, powdered",19,,"Vegan,Vegetarian",24,
169657,"Sweeteners, tabletop, aspartame, EQUAL, packets",19,,"No Added Sugar,Vegan,Vegetarian",24,
169658,"Sugars, maple",19,,"Vegan,Vegetarian",24,
169659,"Syrups, corn, high-fructose",19,,"Vegan,Vegetarian",24,
169660,"Syrups, malt",19,"Cereals containing gluten,Cereals containing gluten (barley)","Vegan,Vegetarian",24,
169661,"Syrups, maple",19,,"Vegan,Vegetarian",24,
169662,"Syrups, sorghum",19,,"Vegan,Vegetarian",24,
169663,"Candies, MARS SNACKFOOD US, SNICKERS CRUNCHER",19,"Milk,Peanuts,Soybeans",Vegetarian,48,
169664,"Toppings, marshmallow cream",19,Eggs,Vegetarian,24,
169665,"Toppings, pineapple",19,,"Vegan,Vegetarian,Vitamin-Rich",24,
169666,"Toppings, nuts in syrup",19,"Nuts,Peanuts","Vegan,Vegetarian",48,
169667,"Candies, MARS SNACKFOOD US, SKITTLES Tropical Bite Size Candies",19,,"Vegan,Vegetarian",24,
169668,"Frostings, glaze, prepared-from-recipe",19,Milk,Vegetarian,24,
169669,"Candies, fudge, chocolate marshmallow, prepared-from-recipe",19,Milk,Vegetarian,24,
169670,"Candies, taffy, prepared-from-recipe",19,,"Vegan,Vegetarian",24,
169671,"Candies, toffee, prepared-from-recipe",19,Milk,Vegetarian,24,
169672,"Snacks, cornnuts, barbecue-flavor",23,,"Vegan,Vegetarian",48,
169673,"Snacks, crisped rice bar, almond",23,"Nuts,Nuts (almonds),Soybeans","Vegan,Vegetarian",48,
169674,"Snacks, granola bars, soft, uncoated, chocolate chip",23,"Cereals containing gluten,Cereals containing gluten (oats),Milk,Peanuts,Soybeans",Vegetarian,24,
169675,"Snacks, granola bars, soft, uncoated, chocolate chip, graham and marshmallow",23,"Cereals containing gluten,Cereals containing gluten (oats),Milk,Soybeans",Vegetarian,24,
169676,"Snacks, granola bars, soft, uncoated, nut and raisin",23,"Cereals containing gluten,Cereals containing gluten (oats),Nuts,Peanuts,Soybeans","Vegetarian,Vitamin-Rich",48,
169677,"Snacks, potato chips, plain, salted",23,,"Vegan,Vegetarian,Vitamin-Rich",24,
169678,"Snacks, potato chips, made from dried potatoes, cheese-flavor",23,Milk,"Vegetarian,Vitamin-Rich",24,
169679,"Snacks, rice cakes, brown rice, corn",23,,"Vegan,Vegetarian",24,
169680,"Snacks, rice cakes, brown rice, multigrain",23,,"Vegan,Vegetarian",24,
169681,"Snacks, granola bars, hard, peanut butter",23,"Cereals containing gluten,Cereals containing gluten (oats),Peanuts,Soybeans",Vegetarian,48,
169682,"Snacks, potato chips, cheese-flavor",23,Milk,"Vegetarian,Vitamin-Rich",24,
169683,"Snacks, potato chips, reduced fat",23,,"Low-Fat,Vegan,Vegetarian,Vitamin-Rich",24,
169684,"Snacks, potato chips, fat-free, made with olestra",23,,"Fat-Free,Low-Fat,Vegan,Vegetarian,Vitamin-Rich",24,
169685,"Popcorn, sugar syrup/caramel, fat-free",23,,"Fat-Free,Low-Fat,Vegan,Vegetarian",48,
169686,"Snacks, potato chips, fat free, salted",23,,"Fat-Free,Low-Fat,Vegan,Vegetarian,Vitamin-Rich",24,
169687,"Snacks, KELLOGG, KELLOGG'S RICE KRISPIES TREATS Squares",23,"Cereals containing gluten,Cereals containing gluten (barley),Milk,Soybeans",Vegetarian,24,
169688,"Snacks, KELLOGG, KELLOGG'S Low Fat Granola Bar, Crunchy Almond/Brown Sugar",23,"Cereals containing gluten,Cereals containing gluten (oats),Nuts,Nuts (almonds),Peanuts,Soybeans","Low-Fat,Vegetarian",48,
169689,"Snacks, M&M MARS, KUDOS Whole Grain Bar, chocolate chip",23,"Cereals containing gluten,Cereals containing gluten (barley),Cereals containing gluten (oats),Milk,Peanuts,Soybeans",Vegetarian,24,
169690,"Candies, semisweet chocolate, made with butter",19,"Milk,Soybeans",Vegetarian,24,
169691,"Gelatin desserts, dry mix, with added ascorbic acid, sodium-citrate and salt",19,,"No Added Sugar,Vitamin-Rich",24,
169692,"Gelatin desserts, dry mix, reduced calorie, with aspartame, added phosphorus, potassium, sodium, vitamin C",19,,"Mineral-Rich,No Added Sugar,Vitamin-Rich",24,
169693,"Gelatin desserts, dry mix, reduced calorie, with aspartame, no added sodium",19,,"Low Sodium,No Added Sugar",24,
169694,"Corn flour, masa, enriched, white",20,,"Vegan,Vegetarian",24,
169695,"Corn flour, yellow, degermed, unenriched",20,,"Vegan,Vegetarian",24,
169696,"Corn flour, masa, unenriched, white",20,,"Vegan,Vegetarian",24,
169697,"Cornmeal, whole-grain, yellow",20,,"Vegan,Vegetarian",24,
169698,Cornstarch,20,,"Vegan,Vegetarian",24,
169699,"Couscous, dry",20,Cereals containing gluten,"Vegan,Vegetarian",24,
169700,"Couscous, cooked",20,Cereals containing gluten,"Vegan,Vegetarian",24,
169701,"Hominy, canned, white",20,,"Vegan,Vegetarian",24,
169702,"Millet, raw",20,,"Vegan,Vegetarian",24,
169703,"Rice, brown, long-grain, raw (Includes foods for USDA's Food Distribution Program)",20,,"Vegan,Vegetarian",24,
169704,"Rice, brown, long-grain, cooked (Includes foods for USDA's Food Distribution Program)",20,,"Vegan,Vegetarian",24,
169705,Oats (Includes foods for USDA's Food Distribution Program),20,Cereals containing gluten (oats),"High-Protein,Vegan,Vegetarian",24,
169706,"Rice, brown, medium-grain, raw (Includes foods for USDA's Food Distribution Program)",20,,"Vegan,Vegetarian",24,
169707,"Rice, white, long-grain, parboiled, enriched, dry",20,,"Vegan,Vegetarian",24,
169708,"Rice, white, long-grain, parboiled, enriched, cooked",20,,"Vegan,Vegetarian",24,
169709,"Rice, white, long-grain, precooked or instant, enriched, dry",20,,"Vegan,Vegetarian",24,
169710,"Rice, white, long-grain, precooked or instant, enriched, prepared",20,,"Vegan,Vegetarian",24,
169711,"Rice, white, glutinous, unenriched, cooked",20,,"Vegan,Vegetarian",24,
169712,"Rice, white, steamed, Chinese restaurant",20,,"Vegan,Vegetarian",24,
169713,"Rice bran, crude",20,,"Vegan,Vegetarian",24,
169714,"Rice flour, white, unenriched",20,,"Vegan,Vegetarian",24,
169715,"Semolina, enriched",20,Cereals containing gluten,"Vegan,Vegetarian",24,
169716,Sorghum grain,20,,"Gluten-Free,Vegan,Vegetarian",24,
169717,"Tapioca, pearl, dry",20,,"Vegan,Vegetarian",24,
169718,Triticale,20,Cereals containing gluten,"High-Protein,Vegan,Vegetarian",24,
169719,"Wheat, hard white",20,Cereals containing gluten,"High-Protein,Vegan,Vegetarian",24,
169720,"Wheat, soft white",20,Cereals containing gluten,"High-Protein,Vegan,Vegetarian",24,
169721,"Wheat, durum",20,Cereals containing gluten,"High-Protein,Vegan,Vegetarian",24,
169722,"Wheat bran, crude",20,Cereals containing gluten,"High-Protein,Vegan,Vegetarian",24,
169723,"Wheat flour, white, cake, enriched",20,Cereals containing gluten,"Vegan,Vegetarian",24,
169724,"Wheat flour, white, tortilla mix, enriched",20,Cereals containing gluten,"Vegan,Vegetarian",24,
169725,"Wheat, sprouted",20,Cereals containing gluten,"Vegan,Vegetarian",24,
169726,"Wild rice, raw",20,,"Vegan,Vegetarian",24,
169727,"Pasta, fresh-refrigerated, plain, as purchased",20,"Cereals containing gluten,Eggs",Vegetarian,24,
169728,"Pasta, fresh-refrigerated, plain, cooked",20,"Cereals containing gluten,Eggs",Vegetarian,24,
169729,"Pasta, fresh-refrigerated, spinach, as purchased",20,"Cereals containing gluten,Eggs","Vegetarian,Vitamin-Rich",24,
169730,"Pasta, fresh-refrigerated, spinach, cooked",20,"Cereals containing gluten,Eggs","Vegetarian,Vitamin-Rich",24,
169731,"Noodles, egg, dry, enriched",20,"Cereals containing gluten,Eggs",Vegetarian,24,
169732,"Noodles, egg, enriched, cooked",20,"Cereals containing gluten,Eggs",Vegetarian,24,
169733,"Noodles, egg, spinach, enriched, dry",20,"Cereals containing gluten,Eggs","Vegetarian,Vitamin-Rich",24,
169734,"Noodles, egg, spinach, enriched, cooked",20,"Cereals containing gluten,Eggs","Vegetarian,Vitamin-Rich",24,
169735,"Noodles, flat, crunchy, Chinese restaurant",20,Cereals containing gluten,"Vegan,Vegetarian",24,
169736,"Pasta, dry, enriched",20,Cereals containing gluten,"Vegan,Vegetarian",24,
169737,"Pasta, cooked, enriched, without added salt",20,Cereals containing gluten,"Low Sodium,Vegan,Vegetarian",24,
169738,"Pasta, whole-wheat, dry (Includes foods for USDA's Food Distribution Program)",20,Cereals containing gluten,"Vegan,Vegetarian",24,
169739,Barley flour or meal,20,"Cereals containing gluten,Cereals containing gluten (barley)","Vegan,Vegetarian",24,
169740,Barley malt flour,20,"Cereals containing gluten,Cereals containing gluten (barley)","Vegan,Vegetarian",24,
169741,"Oat flour, partially debranned",20,"Cereals containing gluten,Cereals containing gluten (oats)","Vegan,Vegetarian",24,
169742,"Rice noodles, dry",20,,"Vegan,Vegetarian",24,
169743,"Wheat, KAMUT khorasan, uncooked",20,Cereals containing gluten,"High-Protein,Vegan,Vegetarian",24,
169744,"Wheat, KAMUT khorasan, cooked",20,Cereals containing gluten,"High-Protein,Vegan,Vegetarian",24,
169745,"Spelt, uncooked",20,Cereals containing gluten,"High-Protein,Vegan,Vegetarian",24,
169746,"Spelt, cooked",20,Cereals containing gluten,"High-Protein,Vegan,Vegetarian",24,
169747,"Teff, uncooked",20,,"High-Protein,Vegan,Vegetarian",24,
169748,"Corn flour, whole-grain, white",20,,"Vegan,Vegetarian",24,
169749,"Corn flour, yellow, masa, enriched",20,,"Vegan,Vegetarian",24,
169750,"Cornmeal, whole-grain, white",20,,"Vegan,Vegetarian",24,
169751,"Pasta, cooked, enriched, with added salt",20,Cereals containing gluten,"Vegan,Vegetarian",24,
169752,"Hominy, canned, yellow",20,,"Vegan,Vegetarian",24,
169753,"Rice, white, long-grain, regular, cooked, enriched, with salt",20,,"Vegan,Vegetarian",24,
169754,"Wheat flour, white, all-purpose, enriched, calcium-fortified",20,Cereals containing gluten,"Mineral-Rich,Vegan,Vegetarian",24,
169755,"Noodles, egg, dry, unenriched",20,"Cereals containing gluten,Eggs",Vegetarian,24,
169756,"Rice, white, long-grain, regular, raw, unenriched",20,,"Vegan,Vegetarian",24,
169757,"Rice, white, long-grain, regular, unenriched, cooked without salt",20,,"Low Sodium,Vegan,Vegetarian",24,
169758,"Rice, white, long-grain, parboiled, unenriched, dry",20,,"Vegan,Vegetarian",24,
169759,"Rice, white, long-grain, parboiled, unenriched, cooked",20,,"Vegan,Vegetarian",24,
169760,"Rice, white, medium-grain, raw, unenriched",20,,"Vegan,Vegetarian",24,
169761,"Wheat flour, white, all-purpose, unenriched",20,Cereals containing gluten,"Vegan,Vegetarian",24,
169762,"Noodles, egg, cooked, unenriched, with added salt",20,"Cereals containing gluten,Eggs",Vegetarian,24,
169763,"Potatoes, yellow fleshed, roasted, salt added in processing, frozen, unprepared",11,,"Vegan,Vegetarian,Vitamin-Rich",24,
169764,"Potatoes, yellow fleshed, french fried, frozen, unprepared",11,,"Vegan,Vegetarian,Vitamin-Rich",24,
169765,"Ginger root, pickled, canned, with artificial sweetener",11,,"Vegan,Vegetarian",24,
169766,"Peppers, hot pickled, canned",11,,"Vegan,Vegetarian,Vitamin-Rich",24,
169767,"Vegetable juice, BOLTHOUSE FARMS, DAILY GREENS",11,,"Vegan,Vegetarian,Vitamin-Rich",24,
169768,"Potatoes, mashed, ready-to-eat",11,"Milk,Soybeans","Vegetarian,Vitamin-Rich",24,
169769,"Macaroni and cheese, box mix with cheese sauce, unprepared",22,"Cereals containing gluten,Milk",Vegetarian,24,
169770,"Macaroni and cheese, box mix with cheese sauce, prepared",22,"Cereals containing gluten,Milk",Vegetarian,24,
169771,"Taquitos, frozen, chicken and cheese, oven-heated",22,"Cereals containing gluten,Milk,Soybeans",High-Protein,24,
169772,"Taquitos, frozen, beef and cheese, oven-heated",22,"Cereals containing gluten,Milk,Soybeans",High-Protein,24,
169773,"Potsticker or wonton, pork and vegetable, frozen, unprepared",22,"Cereals containing gluten,Soybeans",High-Protein,24,
169774,"Macaroni or noodles with cheese, made from reduced fat packaged mix, unprepared",22,"Cereals containing gluten,Milk","Low-Fat,Vegetarian",24,
169775,"Turnover, cheese-filled, tomato-based sauce, frozen, unprepared",22,"Cereals containing gluten,Milk",Vegetarian,24,
169776,"Macaroni or noodles with cheese, microwaveable, unprepared",22,"Cereals containing gluten,Milk",Vegetarian,24,
169777,"Spanish rice mix, dry mix, prepared (with canola/vegetable oil blend or diced tomatoes and margarine)",22,Soybeans,"Vegan,Vegetarian",24,
169778,"Rice mix, cheese flavor, dry mix, unprepared",22,"Cereals containing gluten,Milk",Vegetarian,24,
169779,"Dumpling, potato- or cheese-filled, frozen",22,"Cereals containing gluten,Milk",Vegetarian,24,
169780,"Turnover, chicken- or turkey-, and vegetable-filled, reduced fat, frozen",22,"Cereals containing gluten,Soybeans","High-Protein,Low-Fat",24,
169781,"Sausage, egg and cheese breakfast biscuit",22,"Cereals containing gluten,Eggs,Milk,Soybeans",High-Protein,24,
169782,"HUNGRY MAN, Salisbury Steak With Gravy, frozen, unprepared",22,"Cereals containing gluten,Soybeans",High-Protein,24,
169783,"BANQUET, Salisbury Steak With Gravy, family size, frozen, unprepared",22,"Cereals containing gluten,Soybeans",High-Protein,24,
169784,"JIMMY DEAN, Sausage, Egg, and Cheese Breakfast Biscuit, frozen, unprepared",22,"Cereals containing gluten,Eggs,Milk,Soybeans",High-Protein,24,
169785,"Infant formula, GERBER, GOOD START, PROTECT PLUS, powder",3,"Milk,Soybeans",High-Protein,0,12.0
169786,"Infant Formula, GERBER GOOD START 2, GENTLE PLUS, powder",3,"Milk,Soybeans",High-Protein,6,24.0
169787,"Infant formula, GERBER, GOOD START 2, PROTECT PLUS, powder",3,"Milk,Soybeans",High-Protein,6,24.0
169788,"Infant formula, MEAD JOHNSON, ENFAMIL, ENFAGROW, Soy, Toddler transitions, with ARA and DHA,  powder",3,Soybeans,"Dairy-Free,High-Protein,Lactose-Free,Vegan,Vegetarian",12,24.0
169789,"Infant formula, MEAD JOHNSON, ENFAMIL, Premature, 24 calories ready-to-feed Low iron",3,"Milk,Soybeans",High-Protein,0,12.0
169790,"Infant Formula, MEAD JOHNSON, ENFAMIL, Premium, Infant, ready-to-feed",3,"Milk,Soybeans",High-Protein,0,12.0
169791,"Infant Formula, MEAD JOHNSON, ENFAMIL, Premium, Infant, powder",3,"Milk,Soybeans",High-Protein,0,12.0
169792,"Babyfood, GERBER, Banana with orange medley",3,,"Vegan,Vegetarian,Vitamin-Rich",4,24.0
169793,"Bear, black, meat (Alaska Native)",24,,High-Protein,24,
169794,"Bear, polar, meat, raw (Alaska Native)",24,,High-Protein,24,
169795,"Whale, beluga, meat, dried (Alaska Native)",24,,High-Protein,24,
169796,"Whale, beluga, eyes (Alaska Native)",24,,High-Protein,24,
169797,"Whale, beluga, meat, raw (Alaska Native)",24,,High-Protein,24,
169798,"Fish, blackfish, whole (Alaska Native)",24,Fish,"High-Protein,Pescatarian",24,
169799,"Blueberries, wild, frozen (Alaska Native)",24,,"Vegan,Vegetarian,Vitamin-Rich",24,
169800,"Caribou, bone marrow, raw (Alaska Native)",24,,High-Protein,24,
169801,"Caribou, eye, raw (Alaska Native)",24,,High-Protein,24,
169802,"Cloudberries, raw (Alaska Native)",24,,"Vegan,Vegetarian,Vitamin-Rich",24,
169803,"Cockles, raw (Alaska Native)",24,Molluscs,"High-Protein,Pescatarian",24,
169804,"Cranberries, wild, bush, raw (Alaska Native)",24,,"Vegan,Vegetarian,Vitamin-Rich",24,
169805,"Cranberry, low bush or lingenberry, raw (Alaska Native)",24,,"Vegan,Vegetarian,Vitamin-Rich",24,
169806,"Fish, herring eggs, Pacific, plain (Alaska Native)",24,"Eggs,Fish","High-Protein,Pescatarian",24,
169807,"Fish, herring, Pacific, flesh, air-dried, packed in oil (Alaska Native)",24,Fish,"High-Protein,Pescatarian",24,
169808,"Huckleberries, raw (Alaska Native)",24,,"Vegan,Vegetarian,Vitamin-Rich",24,
169809,"Fish, lingcod, meat, raw (Alaska Native)",24,Fish,"High-Protein,Pescatarian",24,
169810,"Fish, lingcod, liver (Alaska Native)",24,Fish,"High-Protein,Pescatarian",24,
169811,"Tennis Bread, plain (Apache)",24,"Cereals containing gluten,Eggs,Milk",Vegetarian,24,
169812,"Fish, halibut, cooked, with skin (Alaska Native)",24,Fish,"High-Protein,Pescatarian",24,
169813,"Salmon, red (sockeye), filets with skin, smoked (Alaska Native)",24,Fish,"High-Protein,Pescatarian",24,
169814,"Agave, raw (Southwest)",24,,"Vegan,Vegetarian",24,
169815,"Lambsquarters, steamed (Northern Plains Indians)",24,,"High-Protein,Vegan,Vegetarian,Vitamin-Rich",24,
169816,"Prickly pears, raw (Northern Plains Indians)",24,,"Vegan,Vegetarian,Vitamin-Rich",24,
169817,"Prickly pears, broiled (Northern Plains Indians)",24,,"Vegan,Vegetarian,Vitamin-Rich",24,
169818,"Prairie Turnips, raw (Northern Plains Indians)",24,,"Vegan,Vegetarian,Vitamin-Rich",24,
169819,"Stinging Nettles, blanched (Northern Plains Indians)",24,,"Vegan,Vegetarian,Vitamin-Rich",24,
169820,"Plums, wild (Northern Plains Indians)",24,,"Vegan,Vegetarian,Vitamin-Rich",24,
169821,"Pinon Nuts, roasted (Navajo)",24,"Nuts,Nuts (pine nuts)","Vegan,Vegetarian",48,
169822,"Caribou, hind quarter, meat, cooked (Alaska Native)",24,,High-Protein,24,
169823,"Agutuk, fish with shortening (Alaskan ice cream) (Alaska Native)",24,Fish,"High-Protein,Pescatarian",24,
169824,"Sea lion, Steller, meat with fat (Alaska Native)",24,,High-Protein,24,
169825,"Sea lion, Steller, fat (Alaska Native)",24,,High-Protein,24,
169826,"Wocas, dried seeds, Oregon, yellow pond lily (Klamath)",24,,"Vegan,Vegetarian",24,
169827,"Hazelnuts, beaked (Northern Plains Indians)",24,"Nuts,Nuts (hazelnuts)","Vegan,Vegetarian",48,
169828,"Tea, herbal, brewed, Hohoysi (Hopi)",24,,"Vegan,Vegetarian",24,
169829,"Tortilla, blue corn, Sakwavikaviki (Hopi)",24,,"Vegan,Vegetarian",24,
169830,"Bread, blue corn, somiviki (Hopi)",24,,"Vegan,Vegetarian",24,
169831,"APPLEBEE'S, 9 oz house sirloin steak",25,,High-Protein,24,
169832,"T.G.I. FRIDAY'S, FRIDAY'S Shrimp, breaded",25,"Cereals containing gluten,Crustaceans,Eggs,Milk","High-Protein,Pescatarian",24,
169833,"T.G.I. FRIDAY'S, french fries",25,,"Vegan,Vegetarian,Vitamin-Rich",24,
169834,"T.G.I. FRIDAY'S, fried mozzarella",25,"Cereals containing gluten,Eggs,Milk","High-Protein,Vegetarian",24,
169835,"T.G.I. FRIDAY'S, macaroni & cheese, from kid's menu",25,"Cereals containing gluten,Milk","High-Protein,Vegetarian",24,
169836,"Restaurant, family style, french fries",25,,"Vegan,Vegetarian,Vitamin-Rich",24,
169837,"Restaurant, family style, chicken fingers, from kid's menu",25,Cereals containing gluten,High-Protein,24,
169838,"Restaurant, family style, shrimp, breaded and fried",25,"Cereals containing gluten,Crustaceans","High-Protein,Pescatarian",24,
169839,"Restaurant, family style, macaroni & cheese, from kids' menu",25,"Cereals containing gluten,Milk","High-Protein,Vegetarian",24,
169840,"APPLEBEE'S, crunchy onion rings",25,Cereals containing gluten,Vegetarian,24,
169841,"APPLEBEE'S, chicken tenders platter",25,Cereals containing gluten,High-Protein,24,
169842,"CRACKER BARREL, chicken tenderloin platter, fried",25,Cereals containing gluten,High-Protein,24,
169843,"CRACKER BARREL, coleslaw",25,"Eggs,Milk,Soybeans",Vegetarian,24,
169844,"DENNY'S, onion rings",25,Cereals containing gluten,Vegetarian,24,
169845,"DENNY'S, spaghetti and meatballs",25,"Cereals containing gluten,Eggs",High-Protein,24,
169846,"Restaurant, family style, fish fillet, battered or breaded, fried",25,"Cereals containing gluten,Fish","High-Protein,Pescatarian",24,
169847,"Restaurant, family style, chicken tenders",25,Cereals containing gluten,High-Protein,24,
169848,"Restaurant, family style, hash browns",25,,"Vegan,Vegetarian,Vitamin-Rich",24,
169849,"CRACKER BARREL, macaroni n' cheese",25,"Cereals containing gluten,Milk","High-Protein,Vegetarian",24,
169850,"Restaurant, Italian, lasagna with meat",25,"Cereals containing gluten,Eggs,Milk",High-Protein,24,
169851,"OLIVE GARDEN, lasagna classico",25,"Cereals containing gluten,Eggs,Milk",High-Protein,24,
169852,"OLIVE GARDEN, spaghetti with pomodoro sauce",25,"Cereals containing gluten,Eggs","Vegetarian,Vitamin-Rich",24,
169853,"CARRABBA'S ITALIAN GRILL, spaghetti with pomodoro sauce",25,"Cereals containing gluten,Eggs","Vegetarian,Vitamin-Rich",24,
169854,"ON THE BORDER, cheese enchilada",25,Milk,"High-Protein,Vegetarian",24,
169855,"Restaurant, Mexican, cheese enchilada",25,Milk,"High-Protein,Vegetarian",24,
169856,"Restaurant, Mexican, cheese tamales",25,Milk,"High-Protein,Vegetarian",24,
169857,"CARRABBA'S ITALIAN GRILL, chicken parmesan without cavatappi pasta",25,"Cereals containing gluten,Milk",High-Protein,24,
169858,"OLIVE GARDEN, chicken parmigiana without pasta",25,"Cereals containing gluten,Milk",High-Protein,24,
169859,"Cereals ready-to-eat, POST, HONEY BUNCHES OF OATS, with almonds",8,"Cereals containing gluten,Cereals containing gluten (barley),Cereals containing gluten (oats),Nuts,Nuts (almonds)",Vegetarian,48,
169860,"Margarine-like, vegetable oil spread, stick or tub, sweetened",4,Soybeans,"Vegan,Vegetarian",24,
169861,"Snacks, popcorn, home-prepared, oil-popped, unsalted",23,,"Low Sodium,Vegan,Vegetarian",48,
169862,"Cereals ready-to-eat, POST, GREAT GRAINS Crunchy Pecan Cereal",8,"Cereals containing gluten,Nuts,Nuts (pecans)",Vegetarian,48,
169863,"Snacks, granola bar, with coconut, chocolate coated",23,"Cereals containing gluten,Cereals containing gluten (oats),Milk,Nuts,Nuts (coconut),Soybeans",Vegetarian,48,
169864,"Babyfood, vegetable and brown rice, strained",3,,"Vegan,Vegetarian,Vitamin-Rich",4,24.0
169865,"Babyfood, peas and brown rice",3,,"Vegan,Vegetarian,Vitamin-Rich",4,24.0
169866,"Frankfurter, meat and poultry, low fat",7,,"High-Protein,Low-Fat",24,
169867,"Oil, corn and canola",4,,"Vegan,Vegetarian",24,
169868,"Milk, fluid, nonfat, calcium fortified (fat free or skim)",1,Milk,"Fat-Free,High-Protein,Low-Fat,Mineral-Rich,Vegetarian",24,
169869,"Peanut butter, reduced sodium",16,Peanuts,"High-Protein,Low Sodium,Vegan,Vegetarian",48,
169870,"Cereals ready-to-eat, POST GREAT GRAINS Banana Nut Crunch",8,"Cereals containing gluten,Nuts,Nuts (walnuts),Peanuts","Vegetarian,Vitamin-Rich",48,
169871,"Babyfood, carrots, toddler",3,,"Vegan,Vegetarian,Vitamin-Rich",12,24.0
169872,"Babyfood, dessert, banana pudding, strained",3,Milk,"Vegetarian,Vitamin-Rich",4,24.0
169873,"Babyfood, fruit, tutti frutti, strained",3,,"Vegan,Vegetarian,Vitamin-Rich",4,24.0
169874,"Babyfood, fruit, tutti frutti, junior",3,,"Vegan,Vegetarian,Vitamin-Rich",8,24.0
169875,"Salad dressing, sweet and sour",4,,"Vegan,Vegetarian",24,
169876,"Salad dressing, blue or roquefort cheese, low calorie",4,Milk,Vegetarian,24,
169877,"Salad dressing, caesar, low calorie",4,"Eggs,Fish,Milk",Pescatarian,24,
169878,"Syrups, sugar free",19,,"No Added Sugar,Vegan,Vegetarian",24,
169879,"Jellies, no sugar (with sodium saccharin), any flavors",19,,"No Added Sugar,Vegan,Vegetarian,Vitamin-Rich",24,
169880,"Candies, hard, dietetic or low calorie (sorbitol)",19,,"No Added Sugar,Vegan,Vegetarian",48,
169881,"Candies, chocolate covered, low sugar or low calorie",19,"Milk,Soybeans","No Added Sugar,Vegetarian",24,
169882,"Chewing gum, sugarless",19,Soybeans,"No Added Sugar,Vegan,Vegetarian",48,
169883,"Fluid replacement, electrolyte solution (include PEDIALYTE)",3,,"Vegan,Vegetarian",0,24.0
169884,"Vermicelli, made from soy",16,Soybeans,"High-Protein,Vegan,Vegetarian",24,
169885,"Beans, liquid from stewed kidney beans",16,,"Vegan,Vegetarian",24,
169886,"Chicken, meatless",16,"Cereals containing gluten,Eggs,Soybeans","High-Protein,Vegetarian",24,
169887,"Frankfurter, meatless",16,"Cereals containing gluten,Eggs,Soybeans","High-Protein,Vegetarian",24,
169888,Vegetarian meatloaf or patties,16,"Cereals containing gluten,Eggs,Soybeans","High-Protein,Vegetarian",24,
169889,"Radishes, hawaiian style, pickled",11,,"Vegan,Vegetarian",24,
169890,"Cabbage, japanese style, fresh, pickled",11,,"Vegan,Vegetarian",24,
169891,"Cabbage, mustard, salted",11,Mustard,"Vegan,Vegetarian,Vitamin-Rich",24,
169892,"Eggplant, pickled",11,,"Vegan,Vegetarian,Vitamin-Rich",24,
169893,"Bacon bits, meatless",16,Soybeans,"Vegan,Vegetarian",24,
169894,"Butter replacement, without fat, powder",4,Milk,"Fat-Free,Low-Fat,Vegetarian",24,
169895,"Salad dressing, buttermilk, lite",4,"Eggs,Milk","Low-Fat,Vegetarian",24,
169896,"Sweeteners, tabletop, fructose, dry, powder",19,,"Vegan,Vegetarian",24,
169897,"Beverage, instant breakfast powder, chocolate, sugar-free, not reconstituted",1,"Milk,Soybeans","High-Protein,No Added Sugar,Vegetarian",24,
169898,"Yogurt, fruit variety, nonfat",1,Milk,"Fat-Free,High-Protein,Low-Fat,Vegetarian,Vitamin-Rich",24,
169899,"Whipped cream substitute, dietetic, made from powdered mix",1,Milk,"Low-Fat,Vegetarian",24,
169900,"Frozen novelties, ice cream type, sundae, prepackaged",19,"Milk,Peanuts,Soybeans",Vegetarian,48,
169901,"Cheese, american cheddar, imitation",1,Milk,Vegetarian,24,
169902,"Quail, cooked, total edible",5,,High-Protein,24,
169903,"Pheasant, cooked, total edible",5,,High-Protein,24,
169904,"Eggs, scrambled, frozen mixture",1,"Eggs,Milk","High-Protein,Vegetarian",24,
169905,"Dove, cooked (includes squab)",5,,High-Protein,24,
169906,"Pork, cured, ham, boneless, low sodium, extra lean and regular, roasted",10,,"High-Protein,Low Sodium",24,
169907,"Longans, dried",9,Sulphur dioxide/sulphites,"Vegan,Vegetarian,Vitamin-Rich",24,
169908,"Loquats, raw",9,,"Vegan,Vegetarian,Vitamin-Rich",24,
169909,"Mammy-apple, (mamey), raw",9,,"Vegan,Vegetarian,Vitamin-Rich",24,
169910,"Mangos, raw",9,,"Vegan,Vegetarian,Vitamin-Rich",24,
169911,"Melons, honeydew, raw",9,,"Vegan,Vegetarian,Vitamin-Rich",24,
169912,"Melon balls, frozen",9,,"Vegan,Vegetarian,Vitamin-Rich",24,
169913,"Mulberries, raw",9,,"Vegan,Vegetarian,Vitamin-Rich",24,
169914,"Nectarines, raw",9,,"Vegan,Vegetarian,Vitamin-Rich",24,
169915,"Oheloberries, raw",9,,"Vegan,Vegetarian,Vitamin-Rich",24,
169916,"Oranges, raw, California, valencias",9,,"Vegan,Vegetarian,Vitamin-Rich",24,
169917,"Oranges, raw, navels (Includes foods for USDA's Food Distribution Program)",9,,"Vegan,Vegetarian,Vitamin-Rich",24,
169918,"Oranges, raw, Florida",9,,"Vegan,Vegetarian,Vitamin-Rich",24,
169919,"Oranges, raw, with peel",9,,"Vegan,Vegetarian,Vitamin-Rich",24,
169920,"Orange juice, chilled, includes from concentrate, with added calcium",9,,"Mineral-Rich,Vegan,Vegetarian,Vitamin-Rich",24,
169921,"Orange juice, frozen concentrate, unsweetened, diluted with 3 volume water, with added calcium",9,,"Mineral-Rich,No Added Sugar,Vegan,Vegetarian,Vitamin-Rich",24,
169922,"Orange juice, frozen concentrate, unsweetened, undiluted, with added calcium",9,,"Mineral-Rich,No Added Sugar,Vegan,Vegetarian,Vitamin-Rich",24,
169923,"Orange juice, frozen concentrate, unsweetened, undiluted",9,,"No Added Sugar,Vegan,Vegetarian,Vitamin-Rich",24,
169924,"Tangerines, (mandarin oranges), canned, light syrup pack",9,,"Vegan,Vegetarian,Vitamin-Rich",24,
169925,"Tangerine juice, raw",9,,"Vegan,Vegetarian,Vitamin-Rich",24,
169926,"Papayas, raw",9,,"Vegan,Vegetarian,Vitamin-Rich",24,
169927,"Papaya, canned, heavy syrup, drained",9,,"Vegan,Vegetarian,Vitamin-Rich",24,
169928,"Peaches, yellow, raw",9,,"Vegan,Vegetarian,Vitamin-Rich",24,
169929,"Peaches, canned, water pack, solids and liquids",9,,"Vegan,Vegetarian,Vitamin-Rich",24,
169930,"Peaches, canned, juice pack, solids and liquids",9,,"Vegan,Vegetarian,Vitamin-Rich",24,
169931,"Peaches, canned, extra light syrup, solids and liquids (Includes foods for USDA's Food Distribution Program)",9,,"Vegan,Vegetarian,Vitamin-Rich",24,
169932,"Peaches, dehydrated (low-moisture), sulfured, uncooked",9,Sulphur dioxide/sulphites,"Vegan,Vegetarian,Vitamin-Rich",24,
169933,"Peaches, dehydrated (low-moisture), sulfured, stewed",9,Sulphur dioxide/sulphites,"Vegan,Vegetarian,Vitamin-Rich",24,
169934,"Peaches, dried, sulfured, uncooked",9,Sulphur dioxide/sulphites,"Vegan,Vegetarian,Vitamin-Rich",24,
169935,"Peaches, dried, sulfured, stewed, without added sugar",9,Sulphur dioxide/sulphites,"No Added Sugar,Vegan,Vegetarian,Vitamin-Rich",24,
169936,"Pears, canned, juice pack, solids and liquids",9,,"Vegan,Vegetarian,Vitamin-Rich",24,
169937,"Pears, canned, extra light syrup pack, solids and liquids (Includes foods for USDA's Food Distribution Program)",9,,"Vegan,Vegetarian,Vitamin-Rich",24,
169938,"Pears, canned, light syrup pack, solids and liquids",9,,"Vegan,Vegetarian,Vitamin-Rich",24,
169939,"Pears, canned, heavy syrup pack, solids and liquids",9,,"Vegan,Vegetarian,Vitamin-Rich",24,
169940,"Pear nectar, canned, without added ascorbic acid",9,,"Vegan,Vegetarian,Vitamin-Rich",24,
169941,"Persimmons, japanese, raw",9,,"Vegan,Vegetarian,Vitamin-Rich",24,
169942,"Persimmons, japanese, dried",9,Sulphur dioxide/sulphites,"Vegan,Vegetarian,Vitamin-Rich",24,
169943,"Persimmons, native, raw",9,,"Vegan,Vegetarian,Vitamin-Rich",24,
169944,"Pineapple, canned, heavy syrup pack, solids and liquids",9,,"Vegan,Vegetarian,Vitamin-Rich",24,
169945,"Pineapple, canned, extra heavy syrup pack, solids and liquids",9,,"Vegan,Vegetarian,Vitamin-Rich",24,
169946,"Pineapple, frozen, chunks, sweetened",9,,"Vegan,Vegetarian,Vitamin-Rich",24,
169947,"Pineapple juice, canned or bottled, unsweetened, without added ascorbic acid",9,,"No Added Sugar,Vegan,Vegetarian,Vitamin-Rich",24,
169948,"Pineapple juice, frozen concentrate, unsweetened, undiluted",9,,"No Added Sugar,Vegan,Vegetarian,Vitamin-Rich",24,
169949,"Plums, raw",9,,"Vegan,Vegetarian,Vitamin-Rich",24,
169950,"Plums, canned, purple, water pack, solids and liquids",9,,"Vegan,Vegetarian,Vitamin-Rich",24,
169951,"Plums, canned, purple, juice pack, solids and liquids",9,,"Vegan,Vegetarian,Vitamin-Rich",24,
169952,"Plums, canned, purple, light syrup pack, solids and liquids",9,,"Vegan,Vegetarian,Vitamin-Rich",24,
169953,"Lima beans, immature seeds, frozen, fordhook, unprepared",11,,"High-Protein,Vegan,Vegetarian,Vitamin-Rich",24,
169954,"Lima beans, immature seeds, frozen, fordhook, cooked, boiled, drained, without salt",11,,"High-Protein,Low Sodium,Vegan,Vegetarian,Vitamin-Rich",24,
169955,"Lima beans, immature seeds, frozen, baby, unprepared",11,,"High-Protein,Vegan,Vegetarian,Vitamin-Rich",24,
169956,"Lima beans, immature seeds, frozen, baby, cooked, boiled, drained, without salt",11,,"High-Protein,Low Sodium,Vegan,Vegetarian,Vitamin-Rich",24,
169957,"Mung beans, mature seeds, sprouted, raw",11,,"High-Protein,Vegan,Vegetarian,Vitamin-Rich",24,
169958,"Beans, pinto, immature seeds, frozen, unprepared",11,,"High-Protein,Vegan,Vegetarian,Vitamin-Rich",24,
169959,"Beans, pinto, immature seeds, frozen, cooked, boiled, drained, without salt",11,,"High-Protein,Low Sodium,Vegan,Vegetarian,Vitamin-Rich",24,
169960,"Beans, shellie, canned, solids and liquids",11,,"High-Protein,Vegan,Vegetarian,Vitamin-Rich",24,
169961,"Beans, snap, green, raw",11,,"Vegan,Vegetarian,Vitamin-Rich",24,
169962,"Beans, snap, green, frozen, all styles, unprepared (Includes foods for USDA's Food Distribution Program)",11,,"Vegan,Vegetarian,Vitamin-Rich",24,
169963,"Beans, snap, green, frozen, cooked, boiled, drained without salt",11,,"Low Sodium,Vegan,Vegetarian,Vitamin-Rich",24,
169964,"Beans, snap, green, frozen, all styles, microwaved",11,,"Vegan,Vegetarian,Vitamin-Rich",24,
169965,"Beans, snap, green, microwaved",11,,"Vegan,Vegetarian,Vitamin-Rich",24,
169966,"Beets, canned, drained solids",11,,"Vegan,Vegetarian,Vitamin-Rich",24,
169967,"Broccoli, cooked, boiled, drained, without salt",11,,"Low Sodium,Vegan,Vegetarian,Vitamin-Rich",24,
169968,"Broccoli, frozen, chopped, unprepared",11,,"Vegan,Vegetarian,Vitamin-Rich",24,
169969,"Broccoli, frozen, chopped, cooked, boiled, drained, without salt",11,,"Low Sodium,Vegan,Vegetarian,Vitamin-Rich",24,
169970,"Broccoli, frozen, spears, unprepared (Includes foods for USDA's Food Distribution Program)",11,,"Vegan,Vegetarian,Vitamin-Rich",24,
169971,"Brussels sprouts, cooked, boiled, drained, without salt",11,,"Low Sodium,Vegan,Vegetarian,Vitamin-Rich",24,
169972,"Brussels sprouts, frozen, unprepared",11,,"Vegan,Vegetarian,Vitamin-Rich",24,
169973,"Brussels sprouts, frozen, cooked, boiled, drained, without salt",11,,"Low Sodium,Vegan,Vegetarian,Vitamin-Rich",24,
169974,"Burdock root, raw",11,,"Vegan,Vegetarian,Vitamin-Rich",24,
169975,"Cabbage, raw",11,,"Vegan,Vegetarian,Vitamin-Rich",24,
169976,"Cabbage, cooked, boiled, drained, without salt",11,,"Low Sodium,Vegan,Vegetarian,Vitamin-Rich",24,
169977,"Cabbage, red, raw",11,,"Vegan,Vegetarian,Vitamin-Rich",24,
169978,"Cabbage, red, cooked, boiled, drained, without salt",11,,"Low Sodium,Vegan,Vegetarian,Vitamin-Rich",24,
169979,"Cabbage, chinese (pe-tsai), raw",11,,"Vegan,Vegetarian,Vitamin-Rich",24,
169980,"Cabbage, chinese (pe-tsai), cooked, boiled, drained, without salt",11,,"Low Sodium,Vegan,Vegetarian,Vitamin-Rich",24,
169981,"Cardoon, raw",11,,"Vegan,Vegetarian,Vitamin-Rich",24,
169982,"Cardoon, cooked, boiled, drained, without salt",11,,"Low Sodium,Vegan,Vegetarian,Vitamin-Rich",24,
169983,"Carrots, frozen, unprepared (Includes foods for USDA's Food Distribution Program)",11,,"Vegan,Vegetarian,Vitamin-Rich",24,
169984,"Carrots, frozen, cooked, boiled, drained, without salt",11,,"Low Sodium,Vegan,Vegetarian,Vitamin-Rich",24,
169985,"Cassava, raw",11,,"Vegan,Vegetarian",24,
169986,"Cauliflower, raw",11,,"Vegan,Vegetarian,Vitamin-Rich",24,
169987,"Celeriac, cooked, boiled, drained, without salt",11,Celery,"Low Sodium,Vegan,Vegetarian,Vitamin-Rich",24,
169988,"Celery, raw",11,Celery,"Vegan,Vegetarian,Vitamin-Rich",24,
169989,"Celery, cooked, boiled, drained, without salt",11,Celery,"Low Sodium,Vegan,Vegetarian,Vitamin-Rich",24,
169990,"Celtuce, raw",11,,"Vegan,Vegetarian,Vitamin-Rich",24,
169991,"Chard, swiss, raw",11,,"Vegan,Vegetarian,Vitamin-Rich",24,
169992,"Chicory greens, raw",11,,"Vegan,Vegetarian,Vitamin-Rich",24,
169993,"Chicory roots, raw",11,,"Vegan,Vegetarian",24,
169994,"Chives, raw",11,,"Vegan,Vegetarian,Vitamin-Rich",24,
169995,"Chrysanthemum, garland, raw",11,,"Vegan,Vegetarian,Vitamin-Rich",24,
169996,"Collards, frozen, chopped, cooked, boiled, drained, without salt",11,,"Low Sodium,Vegan,Vegetarian,Vitamin-Rich",24,
169997,"Coriander (cilantro) leaves, raw",11,,"Vegan,Vegetarian,Vitamin-Rich",24,
169998,"Corn, sweet, yellow, raw",11,,"Vegan,Vegetarian",24,
169999,"Corn, sweet, yellow, cooked, boiled, drained, without salt",11,,"Low Sodium,Vegan,Vegetarian",24,
170000,"Onions, raw",11,,"Vegan,Vegetarian,Vitamin-Rich",24,
170001,"Onions, cooked, boiled, drained, without salt",11,,"Low Sodium,Vegan,Vegetarian,Vitamin-Rich",24,
170002,"Onions, dehydrated flakes",11,,"Vegan,Vegetarian,Vitamin-Rich",24,
170003,"Onions, canned, solids and liquids",11,,"Vegan,Vegetarian,Vitamin-Rich",24,
170004,"Onions, yellow, sauteed",11,,"Vegan,Vegetarian,Vitamin-Rich",24,
170005,"Onions, spring or scallions (includes tops and bulb), raw",11,,"Vegan,Vegetarian,Vitamin-Rich",24,
170006,"Onions, young green, tops only",11,,"Vegan,Vegetarian,Vitamin-Rich",24,
170007,"Onions, welsh, raw",11,,"Vegan,Vegetarian,Vitamin-Rich",24,
170008,"Onions, sweet, raw",11,,"Vegan,Vegetarian,Vitamin-Rich",24,
170009,"Parsnips, cooked, boiled, drained, without salt",11,,"Low Sodium,Vegan,Vegetarian,Vitamin-Rich",24,
170010,"Peas, edible-podded, raw",11,,"High-Protein,Vegan,Vegetarian,Vitamin-Rich",24,
170011,"Peas, edible-podded, boiled, drained, without salt",11,,"High-Protein,Low Sodium,Vegan,Vegetarian,Vitamin-Rich",24,
170012,"Peas, edible-podded, frozen, unprepared",11,,"High-Protein,Vegan,Vegetarian,Vitamin-Rich",24,
170013,"Peas, green (includes baby and lesuer types), canned, drained solids, unprepared",11,,"High-Protein,Vegan,Vegetarian,Vitamin-Rich",24,
170014,"Peas, green, canned, seasoned, solids and liquids",11,,"High-Protein,Vegan,Vegetarian,Vitamin-Rich",24,
170015,"Peas, green, canned, drained solids, rinsed in tap water",11,,"High-Protein,Vegan,Vegetarian,Vitamin-Rich",24,
170016,"Peas, green, frozen, unprepared (Includes foods for USDA's Food Distribution Program)",11,,"High-Protein,Vegan,Vegetarian,Vitamin-Rich",24,
170017,"Peas, green, frozen, cooked, boiled, drained, without salt",11,,"High-Protein,Low Sodium,Vegan,Vegetarian,Vitamin-Rich",24,
170018,"Peas and carrots, frozen, cooked, boiled, drained, without salt",11,,"Low Sodium,Vegan,Vegetarian,Vitamin-Rich",24,
170019,"Peas and onions, canned, solids and liquids",11,,"High-Protein,Vegan,Vegetarian,Vitamin-Rich",24,
170020,"Peas and onions, frozen, unprepared",11,,"High-Protein,Vegan,Vegetarian,Vitamin-Rich",24,
170021,"Peas and onions, frozen, cooked, boiled, drained, without salt",11,,"High-Protein,Low Sodium,Vegan,Vegetarian,Vitamin-Rich",24,
170022,"Peppers, sweet, green, frozen, chopped, unprepared",11,,"Vegan,Vegetarian,Vitamin-Rich",24,
170023,"Peppers, sweet, green, frozen, chopped, boiled, drained, without salt",11,,"Low Sodium,Vegan,Vegetarian,Vitamin-Rich",24,
170024,"Peppers, sweet, green, sauteed",11,,"Vegan,Vegetarian,Vitamin-Rich",24,
170025,"Pigeonpeas, immature seeds, raw",11,,"High-Protein,Vegan,Vegetarian,Vitamin-Rich",24,
170026,"Potatoes, flesh and skin, raw",11,,"Vegan,Vegetarian,Vitamin-Rich",24,
170027,"Potatoes, russet, flesh and skin, raw (Includes foods for USDA's Food Distribution Program)",11,,"Vegan,Vegetarian,Vitamin-Rich",24,
170028,"Potatoes, white, flesh and skin, raw",11,,"Vegan,Vegetarian,Vitamin-Rich",24,
170029,"Potatoes, red, flesh and skin, raw",11,,"Vegan,Vegetarian,Vitamin-Rich",24,
170030,"Potatoes, Russet, flesh and skin, baked",11,,"Vegan,Vegetarian,Vitamin-Rich",24,
170031,"Potatoes, roasted, salt added in processing, frozen, unprepared",11,,"Vegan,Vegetarian,Vitamin-Rich",24,
170032,"Potatoes, raw, skin",11,,"Vegan,Vegetarian,Vitamin-Rich",24,
170033,"Potatoes, baked, flesh, without salt",11,,"Low Sodium,Vegan,Vegetarian,Vitamin-Rich",24,
170034,"Potatoes, baked, skin, without salt",11,,"Low Sodium,Vegan,Vegetarian,Vitamin-Rich",24,
170035,"Potatoes, microwaved, cooked in skin, skin, without salt",11,,"Low Sodium,Vegan,Vegetarian,Vitamin-Rich",24,
170036,"Potatoes, hash brown, home-prepared",11,,"Vegan,Vegetarian,Vitamin-Rich",24,
170037,"Potatoes, mashed, home-prepared, whole milk and margarine added",11,Milk,"Vegetarian,Vitamin-Rich",24,
170038,"Potatoes, scalloped, home-prepared with butter",11,Milk,"Vegetarian,Vitamin-Rich",24,
170039,"Potatoes, mashed, dehydrated, granules without milk, dry form",11,,"Vegan,Vegetarian,Vitamin-Rich",24,
170040,"Potatoes, mashed, dehydrated, prepared from granules without milk, whole milk and butter added",11,Milk,"Vegetarian,Vitamin-Rich",24,
170041,"Potatoes, mashed, dehydrated, granules with milk, dry form",11,Milk,"Vegetarian,Vitamin-Rich",24,
170042,"Potatoes, mashed, dehydrated, prepared from granules with milk, water and margarine added",11,Milk,"Vegetarian,Vitamin-Rich",24,
170043,"Potatoes, hash brown, frozen, plain, unprepared",11,,"Vegan,Vegetarian,Vitamin-Rich",24,
170044,"Potatoes, hash brown, frozen, plain, prepared, pan fried in canola oil",11,,"Vegan,Vegetarian,Vitamin-Rich",24,
170045,"Potatoes, hash brown, frozen, with butter sauce, unprepared",11,"Milk,Soybeans","Vegetarian,Vitamin-Rich",24,
170046,"Potatoes, hash brown, frozen, with butter sauce, prepared",11,"Milk,Soybeans","Vegetarian,Vitamin-Rich",24,
170047,"Potato puffs, frozen, unprepared",11,Cereals containing gluten,"Vegan,Vegetarian,Vitamin-Rich",24,
170048,"Potato puffs, frozen, oven-heated",11,Cereals containing gluten,"Vegan,Vegetarian,Vitamin-Rich",24,
170049,"Potatoes, frozen, whole, cooked, boiled, drained, without salt",11,,"Low Sodium,Vegan,Vegetarian,Vitamin-Rich",24,
170050,"Tomatoes, red, ripe, cooked",11,,"Vegan,Vegetarian,Vitamin-Rich",24,
170051,"Tomatoes, red, ripe, canned, packed in tomato juice",11,,"Vegan,Vegetarian,Vitamin-Rich",24,
170052,"Tomatoes, red, ripe, canned, stewed",11,,"Vegan,Vegetarian,Vitamin-Rich",24,
170053,"Tomatoes, red, ripe, canned, with green chilies",11,,"Vegan,Vegetarian,Vitamin-Rich",24,
170054,"Tomato products, canned, sauce",11,,"Vegan,Vegetarian,Vitamin-Rich",24,
170055,"Tomato products, canned, sauce, with mushrooms",11,,"Vegan,Vegetarian,Vitamin-Rich",24,
170056,"Tomato products, canned, sauce, with onions",11,,"Vegan,Vegetarian,Vitamin-Rich",24,
170057,"Tomato products, canned, sauce, with herbs and cheese",11,Milk,"Vegetarian,Vitamin-Rich",24,
170058,"Turnips, cooked, boiled, drained, without salt",11,,"Low Sodium,Vegan,Vegetarian,Vitamin-Rich",24,
170059,"Turnips, frozen, unprepared",11,,"Vegan,Vegetarian,Vitamin-Rich",24,
170060,"Turnips, frozen, cooked, boiled, drained, without salt",11,,"Low Sodium,Vegan,Vegetarian,Vitamin-Rich",24,
170061,"Turnip greens, raw",11,,"Vegan,Vegetarian,Vitamin-Rich",24,
170062,"Turnip greens and turnips, frozen, cooked, boiled, drained, without salt",11,,"Low Sodium,Vegan,Vegetarian,Vitamin-Rich",24,
170063,"Vegetable juice cocktail, canned",11,Celery,"Vegan,Vegetarian,Vitamin-Rich",24,
170064,"Vegetables, mixed, canned, solids and liquids",11,,"Vegan,Vegetarian,Vitamin-Rich",24,
170065,"Vegetables, mixed, canned, drained solids",11,,"Vegan,Vegetarian,Vitamin-Rich",24,
170066,"Waterchestnuts, chinese, (matai), raw",11,,"Vegan,Vegetarian",24,
170067,"Waterchestnuts, chinese, canned, solids and liquids",11,,"Vegan,Vegetarian",24,
170068,"Watercress, raw",11,,"Vegan,Vegetarian,Vitamin-Rich",24,
170069,"Waxgourd, (chinese preserving melon), raw",11,,"Vegan,Vegetarian,Vitamin-Rich",24,
170070,"Winged bean tuber, raw",11,,"High-Protein,Vegan,Vegetarian",24,
170071,"Yam, raw",11,,"Vegan,Vegetarian",24,
170072,"Yam, cooked, boiled, drained, or baked, without salt",11,,"Low Sodium,Vegan,Vegetarian",24,
170073,"Yambean (jicama), raw",11,,"Vegan,Vegetarian,Vitamin-Rich",24,
170074,"Yambean (jicama), cooked, boiled, drained, without salt",11,,"Low Sodium,Vegan,Vegetarian,Vitamin-Rich",24,
170075,"Chives, freeze-dried",11,,"Vegan,Vegetarian,Vitamin-Rich",24,
170076,"Dock, raw",11,,"Vegan,Vegetarian,Vitamin-Rich",24,
170077,"Dock, cooked, boiled, drained, without salt",11,,"Low Sodium,Vegan,Vegetarian,Vitamin-Rich",24,
170078,"Eppaw, raw",11,,"Vegan,Vegetarian",24,
170079,"Beans, mung, mature seeds, sprouted, canned, drained solids",11,,"High-Protein,Vegan,Vegetarian,Vitamin-Rich",24,
170080,"Peppers, jalapeno, canned, solids and liquids",11,,"Vegan,Vegetarian,Vitamin-Rich",24,
170081,"Radishes, white icicle, raw",11,,"Vegan,Vegetarian,Vitamin-Rich",24,
170082,"Shallots, freeze-dried",11,,"Vegan,Vegetarian,Vitamin-Rich",24,
170083,"Sweet potato, canned, syrup pack, solids and liquids",11,,"Vegan,Vegetarian,Vitamin-Rich",24,
170084,"Sweet potato, canned, syrup pack, drained solids",11,,"Vegan,Vegetarian,Vitamin-Rich",24,
170085,"Tomato products, canned, sauce, spanish style",11,,"Vegan,Vegetarian,Vitamin-Rich",24,
170086,"Beans, pinto, mature seeds, sprouted, raw",11,,"High-Protein,Vegan,Vegetarian,Vitamin-Rich",24,
170087,"Beans, pinto, mature seeds, sprouted, cooked, boiled, drained, without salt",11,,"High-Protein,Low Sodium,Vegan,Vegetarian,Vitamin-Rich",24,
170088,"Sweet potato, cooked, candied, home-prepared",11,,"Vegan,Vegetarian,Vitamin-Rich",24,
170089,"Tomatoes, red, ripe, cooked, stewed",11,,"Vegan,Vegetarian,Vitamin-Rich",24,
170090,"Seaweed, agar, dried",11,,"Vegan,Vegetarian",24,
170091,"Seaweed, spirulina, raw",11,,"High-Protein,Mineral-Rich,Vegan,Vegetarian,Vitamin-Rich",24,
170092,Potato pancakes,11,"Cereals containing gluten,Eggs","Vegetarian,Vitamin-Rich",24,
170093,"Potatoes, baked, flesh and skin, without salt",11,,"Low Sodium,Vegan,Vegetarian,Vitamin-Rich",24,
170094,"Potatoes, microwaved, cooked in skin, flesh and skin, without salt",11,,"Low Sodium,Vegan,Vegetarian,Vitamin-Rich",24,
170095,"Radish seeds, sprouted, raw",11,,"Vegan,Vegetarian,Vitamin-Rich",24,
170096,"Tomatoes, yellow, raw",11,,"Vegan,Vegetarian,Vitamin-Rich",24,
170097,"Mushrooms, shiitake, cooked, with salt",11,,"Vegan,Vegetarian,Vitamin-Rich",24,
170098,"Okra, cooked, boiled, drained, with salt",11,,"Vegan,Vegetarian,Vitamin-Rich",24,
170099,"Okra, frozen, cooked, boiled, drained, with salt",11,,"Vegan,Vegetarian,Vitamin-Rich",24,
170100,"Onions, cooked, boiled, drained, with salt",11,,"Vegan,Vegetarian,Vitamin-Rich",24,
170101,"Onions, frozen, chopped, cooked, boiled, drained, with salt",11,,"Vegan,Vegetarian,Vitamin-Rich",24,
170102,"Peas, green, cooked, boiled, drained, with salt",11,,"High-Protein,Vegan,Vegetarian,Vitamin-Rich",24,
170103,"Peas, green, canned, no salt added, solids and liquids",11,,"High-Protein,Low Sodium,Vegan,Vegetarian,Vitamin-Rich",24,
170104,"Peas, green, canned, no salt added, drained solids",11,,"High-Protein,Low Sodium,Vegan,Vegetarian,Vitamin-Rich",24,
170105,"Peas, green, frozen, cooked, boiled, drained, with salt",11,,"High-Protein,Vegan,Vegetarian,Vitamin-Rich",24,
170106,"Peppers, hot chili, red, raw",11,,"Vegan,Vegetarian,Vitamin-Rich",24,
170107,"Peppers, hot chili, red, canned, excluding seeds, solids and liquids",11,,"Vegan,Vegetarian,Vitamin-Rich",24,
170108,"Peppers, sweet, red, raw",11,,"Vegan,Vegetarian,Vitamin-Rich",24,
170109,"Peppers, sweet, green, cooked, boiled, drained, with salt",11,,"Vegan,Vegetarian,Vitamin-Rich",24,
170110,"Peppers, sweet, red, cooked, boiled, drained, without salt",11,,"Low Sodium,Vegan,Vegetarian,Vitamin-Rich",24,
170111,"Potatoes, baked, flesh and skin, with salt",11,,"Vegan,Vegetarian,Vitamin-Rich",24,
170112,"Potatoes, baked, flesh, with salt",11,,"Vegan,Vegetarian,Vitamin-Rich",24,
170113,"Potatoes, baked, skin only, with salt",11,,"Vegan,Vegetarian,Vitamin-Rich",24,
170114,"Potatoes, boiled, cooked in skin, flesh, with salt",11,,"Vegan,Vegetarian,Vitamin-Rich",24,
170115,"Potatoes, microwaved, cooked, in skin, skin with salt",11,,"Vegan,Vegetarian,Vitamin-Rich",24,
170116,"Potatoes, frozen, whole, cooked, boiled, drained, with salt",11,,"Vegan,Vegetarian,Vitamin-Rich",24,
170117,"Potatoes, frozen, french fried, par fried, cottage-cut, prepared, heated in oven, with salt",11,,"Vegan,Vegetarian,Vitamin-Rich",24,
170118,"Potatoes, french fried, all types, salt not added in processing, frozen, oven-heated",11,,"Low Sodium,Vegan,Vegetarian,Vitamin-Rich",24,
170119,"Pumpkin, flowers, cooked, boiled, drained, with salt",11,,"Vegan,Vegetarian,Vitamin-Rich",24,
170120,"Pumpkin leaves, cooked, boiled, drained, with salt",11,,"Vegan,Vegetarian,Vitamin-Rich",24,
170121,"Purslane, cooked, boiled, drained, with salt",11,,"Vegan,Vegetarian,Vitamin-Rich",24,
170122,"Radishes, oriental, cooked, boiled, drained, with salt",11,,"Vegan,Vegetarian,Vitamin-Rich",24,
170123,"Spinach, canned, no salt added, solids and liquids",11,,"Low Sodium,Vegan,Vegetarian,Vitamin-Rich",24,
170124,"Spinach, frozen, chopped or leaf, cooked, boiled, drained, with salt",11,,"Vegan,Vegetarian,Vitamin-Rich",24,
170125,"Squash, summer, all varieties, cooked, boiled, drained, with salt",11,,"Vegan,Vegetarian,Vitamin-Rich",24,
170126,"Squash, summer, crookneck and straightneck, cooked, boiled, drained, with salt",11,,"Vegan,Vegetarian,Vitamin-Rich",24,
170127,"Squash, winter, all varieties, cooked, baked, with salt",11,,"Vegan,Vegetarian,Vitamin-Rich",24,
170128,"Squash, winter, acorn, cooked, baked, with salt",11,,"Vegan,Vegetarian,Vitamin-Rich",24,
170129,"Squash, winter, acorn, cooked, boiled, mashed, with salt",11,,"Vegan,Vegetarian,Vitamin-Rich",24,
170130,"Squash, winter, butternut, cooked, baked, with salt",11,,"Vegan,Vegetarian,Vitamin-Rich",24,
170131,"Succotash, (corn and limas), frozen, cooked, boiled, drained, with salt",11,,"High-Protein,Vegan,Vegetarian,Vitamin-Rich",24,
170132,"Water convolvulus, cooked, boiled, drained, with salt",11,,"Vegan,Vegetarian,Vitamin-Rich",24,
170133,"Sweet potato leaves, cooked, steamed, with salt",11,,"Vegan,Vegetarian,Vitamin-Rich",24,
170134,"Sweet potato, cooked, baked in skin, flesh, with salt",11,,"Vegan,Vegetarian,Vitamin-Rich",24,
170135,"Taro, shoots, cooked, with salt",11,,"Vegan,Vegetarian,Vitamin-Rich",24,
170136,"Taro, tahitian, cooked, with salt",11,,"Vegan,Vegetarian,Vitamin-Rich",24,
170137,"Tomatoes, red, ripe, cooked, with salt",11,,"Vegan,Vegetarian,Vitamin-Rich",24,
170138,"Tomatoes, red, ripe, canned, packed in tomato juice, no salt added",11,,"Low Sodium,Vegan,Vegetarian,Vitamin-Rich",24,
170139,"Turnip greens, cooked, boiled, drained, with salt",11,,"Vegan,Vegetarian,Vitamin-Rich",24,
170140,"Turnip greens, frozen, cooked, boiled, drained, with salt",11,,"Vegan,Vegetarian,Vitamin-Rich",24,
170141,"Turnip greens and turnips, frozen, cooked, boiled, drained, with salt",11,,"Vegan,Vegetarian,Vitamin-Rich",24,
170142,"Vegetables, mixed, frozen, cooked, boiled, drained, with salt",11,,"Vegan,Vegetarian,Vitamin-Rich",24,
170143,"Mushrooms, portabella, exposed to ultraviolet light, raw",11,,"Vegan,Vegetarian,Vitamin-Rich",24,
170144,"Seeds, breadfruit seeds, raw",12,,"Vegan,Vegetarian",24,
170145,"Seeds, breadfruit seeds, boiled",12,,"Vegan,Vegetarian",24,
170146,"Seeds, cottonseed flour, low fat (glandless)",12,,"High-Protein,Low-Fat,Vegan,Vegetarian",24,
170147,"Seeds, cottonseed meal, partially defatted (glandless)",12,,"High-Protein,Vegan,Vegetarian",24,
170148,"Seeds, hemp seed, hulled",12,,"High-Protein,Vegan,Vegetarian",24,
170149,"Seeds, lotus seeds, dried",12,,"Vegan,Vegetarian",24,
170150,"Seeds, sesame seeds, whole, dried",12,Sesame seeds,"Vegan,Vegetarian",24,
170151,"Seeds, sesame seeds, whole, roasted and toasted",12,Sesame seeds,"Vegan,Vegetarian",24,
170152,"Seeds, sesame seed kernels, toasted, without salt added (decorticated)",12,"Low Sodium,Sesame seeds","Vegan,Vegetarian",24,
170153,"Seeds, sesame flour, partially defatted",12,Sesame seeds,"High-Protein,Vegan,Vegetarian",24,
170154,"Seeds, sunflower seed kernels, toasted, without salt",12,,"Low Sodium,Vegan,Vegetarian",24,
170155,"Seeds, sunflower seed butter, without salt",12,,"Low Sodium,Vegan,Vegetarian",24,
170156,"Seeds, sunflower seed flour, partially defatted",12,,"High-Protein,Vegan,Vegetarian",24,
170157,"Nuts, acorns, raw",12,Nuts,"Vegan,Vegetarian",48,
170158,"Nuts, almonds, dry roasted, without salt added",12,"Nuts,Nuts (almonds)","Low Sodium,Vegan,Vegetarian",48,
170159,"Nuts, almonds, oil roasted, without salt added",12,"Nuts,Nuts (almonds)","Low Sodium,Vegan,Vegetarian",48,
170160,"Nuts, almond paste",12,"Nuts,Nuts (almonds)","Vegan,Vegetarian",48,
170161,"Nuts, beechnuts, dried",12,Nuts,"Vegan,Vegetarian",48,
170162,"Nuts, cashew nuts, raw",12,"Nuts,Nuts (cashews)","Vegan,Vegetarian",48,
170163,"Nuts, cashew butter, plain, without salt added",12,"Nuts,Nuts (cashews)","Low Sodium,Vegan,Vegetarian",48,
170164,"Nuts, chestnuts, chinese, raw",12,"Nuts,Nuts (chestnuts)","Vegan,Vegetarian",48,
170165,"Nuts, chestnuts, chinese, dried",12,"Nuts,Nuts (chestnuts)","Vegan,Vegetarian",48,
170166,"Nuts, chestnuts, chinese, boiled and steamed",12,"Nuts,Nuts (chestnuts)","Vegan,Vegetarian",48,
170167,"Nuts, chestnuts, european, dried, peeled",12,"Nuts,Nuts (chestnuts)","Vegan,Vegetarian",48,
170168,"Nuts, chestnuts, european, boiled and steamed",12,"Nuts,Nuts (chestnuts)","Vegan,Vegetarian",48,
170169,"Nuts, coconut meat, raw",12,"Nuts,Nuts (coconut)","Vegan,Vegetarian",48,
170170,"Nuts, coconut meat, dried (desiccated), not sweetened",12,"Nuts,Nuts (coconut),Sulphur dioxide/sulphites","Vegan,Vegetarian",48,
170171,"Nuts, coconut cream, canned, sweetened",12,"Nuts,Nuts (coconut)","Vegan,Vegetarian",48,
170172,"Nuts, coconut milk, raw (liquid expressed from grated meat and water)",12,"Nuts,Nuts (coconut)","Vegan,Vegetarian",48,
170173,"Nuts, coconut milk, canned (liquid expressed from grated meat and water)",12,"Nuts,Nuts (coconut)","Vegan,Vegetarian",48,
170174,"Nuts, coconut water (liquid from coconuts)",12,"Nuts,Nuts (coconut)","Vegan,Vegetarian",48,
170175,"Nuts, ginkgo nuts, dried",12,Nuts,"Vegan,Vegetarian",48,
170176,"Nuts, ginkgo nuts, canned",12,Nuts,"Vegan,Vegetarian",48,
170177,"Nuts, hickorynuts, dried",12,Nuts,"Vegan,Vegetarian",48,
170178,"Nuts, macadamia nuts, raw",12,"Nuts,Nuts (macadamia nuts)","Vegan,Vegetarian",48,
170179,"Nuts, macadamia nuts, dry roasted, without salt added",12,"Nuts,Nuts (macadamia nuts)","Low Sodium,Vegan,Vegetarian",48,
170180,"Nuts, formulated, wheat-based, unflavored, with salt added",12,Cereals containing gluten,"Vegan,Vegetarian",48,
170181,"Nuts, mixed nuts, dry roasted, with peanuts, salt added, CHOSEN ROASTER",12,"Nuts,Peanuts","Vegan,Vegetarian",48,
170182,"Nuts, pecans",12,"Nuts,Nuts (pecans)","Vegan,Vegetarian",48,
170183,"Nuts, pecans, dry roasted, without salt added",12,"Nuts,Nuts (pecans)","Low Sodium,Vegan,Vegetarian",48,
170184,"Nuts, pistachio nuts, raw",12,"Nuts,Nuts (pistachio nuts)","Vegan,Vegetarian",48,
170185,"Nuts, pistachio nuts, dry roasted, without salt added",12,"Nuts,Nuts (pistachio nuts)","Low Sodium,Vegan,Vegetarian",48,
170186,"Nuts, walnuts, black, dried",12,"Nuts,Nuts (walnuts)","Vegan,Vegetarian",48,
170187,"Nuts, walnuts, english",12,"Nuts,Nuts (walnuts)","Vegan,Vegetarian",48,
170188,"Seeds, pumpkin and squash seeds, whole, roasted, without salt",12,,"Low Sodium,Vegan,Vegetarian",24,
170189,"Seeds, sesame butter, tahini, from roasted and toasted kernels (most common type)",12,Sesame seeds,"Vegan,Vegetarian",24,
170190,"Nuts, chestnuts, european, roasted",12,"Nuts,Nuts (chestnuts)","Vegan,Vegetarian",48,
170191,"Seeds, sesame butter, paste",12,Sesame seeds,"Vegan,Vegetarian",24,
170192,"Seeds, sesame flour, high-fat",12,Sesame seeds,"High-Protein,Vegan,Vegetarian",24,
170193,"Beef, variety meats and by-products, suet, raw",13,,High-Protein,24,
170194,"Beef, variety meats and by-products, thymus, raw",13,,High-Protein,24,
170195,"Beef, variety meats and by-products, thymus, cooked, braised",13,,High-Protein,24,
170196,"Beef, variety meats and by-products, tongue, raw",13,,High-Protein,24,
170197,"Beef, cured, breakfast strips, raw or unheated",13,,High-Protein,24,
170198,"Beef, cured, breakfast strips, cooked",13,,High-Protein,24,
170199,"Beef, cured, corned beef, brisket, raw",13,,High-Protein,24,
170200,"Beef, cured, corned beef, brisket, cooked",13,,High-Protein,24,
170201,"Beef, chuck, under blade center steak, boneless, Denver Cut, separable lean only, trimmed to 0"" fat, choice, cooked, grilled",13,,"High-Protein,Low-Fat",24,
170202,"Beef, cured, luncheon meat, jellied",7,,High-Protein,24,
170203,"Beef, chuck, under blade center steak, boneless, Denver Cut, separable lean only, trimmed to 0"" fat, select, cooked, grilled",13,,"High-Protein,Low-Fat",24,
170204,"Beef, cured, pastrami",7,,High-Protein,24,
170205,"Beef, chuck, under blade center steak, boneless, Denver Cut, separable lean only, trimmed to 0"" fat, all grades, raw",13,,"High-Protein,Low-Fat",24,
170206,"Beef, composite of trimmed retail cuts, separable lean and fat, trimmed to 0"" fat, choice, cooked",13,,"High-Protein,Low-Fat",24,
170207,"Beef, composite of trimmed retail cuts, separable lean and fat, trimmed to 0"" fat, select, cooked",13,,"High-Protein,Low-Fat",24,
170208,"Beef, composite of trimmed retail cuts, separable lean only, trimmed to 0"" fat, all grades, cooked",13,,"High-Protein,Low-Fat",24,
170209,"Beef, composite of trimmed retail cuts, separable lean only, trimmed to 0"" fat, choice, cooked",13,,"High-Protein,Low-Fat",24,
170210,"Beef, brisket, flat half, separable lean only, trimmed to 0"" fat, all grades, cooked, braised",13,,"High-Protein,Low-Fat",24,
170211,"Beef, brisket, point half, separable lean and fat, trimmed to 0"" fat, all grades, cooked, braised",13,,"High-Protein,Low-Fat",24,
170212,"Beef, brisket, point half, separable lean only, trimmed to 0"" fat, all grades, cooked, braised",13,,"High-Protein,Low-Fat",24,
170213,"Beef, chuck, arm pot roast, separable lean and fat, trimmed to 0"" fat, all grades, cooked, braised",13,,"High-Protein,Low-Fat",24,
170214,"Beef, chuck, under blade pot roast, boneless, separable lean and fat, trimmed to 0"" fat, select, cooked, braised",13,,"High-Protein,Low-Fat",24,
170215,"Beef, chuck, blade roast, separable lean only, trimmed to 0"" fat, all grades, cooked, braised",13,,"High-Protein,Low-Fat",24,
170216,"Beef, chuck, under blade pot roast, boneless, separable lean only, trimmed to 0"" fat, choice, cooked, braised",13,,"High-Protein,Low-Fat",24,
170217,"Beef, chuck, under blade pot roast, boneless, separable lean only, trimmed to 0"" fat, select, cooked, braised",13,,"High-Protein,Low-Fat",24,
170218,"Beef, rib, large end (ribs 6-9), separable lean only, trimmed to 0"" fat, select, cooked, roasted",13,,"High-Protein,Low-Fat",24,
170219,"Beef, rib, small end (ribs 10-12), separable lean and fat, trimmed to 0"" fat, all grades, cooked, broiled",13,,"High-Protein,Low-Fat",24,
170220,"Beef, rib, small end (ribs 10-12), separable lean and fat, trimmed to 0"" fat, choice, cooked, broiled",13,,"High-Protein,Low-Fat",24,
170221,"Beef, rib, small end (ribs 10-12), separable lean and fat, trimmed to 0"" fat, select, cooked, broiled",13,,"High-Protein,Low-Fat",24,
170222,"Beef, round, bottom round, roast, separable lean and fat, trimmed to 0"" fat, all grades, cooked, roasted",13,,"High-Protein,Low-Fat",24,
170223,"Beef, round, bottom round, steak, separable lean and fat, trimmed to 0"" fat, choice, cooked, braised",13,,"High-Protein,Low-Fat",24,
170224,"Beef, round, bottom round, roast, separable lean and fat, trimmed to 0"" fat, choice, cooked, roasted",13,,"High-Protein,Low-Fat",24,
170225,"Beef, round, bottom round, steak, separable lean and fat, trimmed to 0"" fat, select, cooked, braised",13,,"High-Protein,Low-Fat",24,
170226,"Beef, round, bottom round, steak, separable lean only, trimmed to 0"" fat, select, cooked, braised",13,,"High-Protein,Low-Fat",24,
170227,"Beef, round, bottom round roast, separable lean only, trimmed to 0"" fat, select, cooked, roasted",13,,"High-Protein,Low-Fat",24,
170228,"Beef, round, eye of round roast, boneless, separable lean and fat, trimmed to 0"" fat, all grades, cooked, roasted",13,,"High-Protein,Low-Fat",24,
170229,"Beef, round, eye of round roast, boneless, separable lean and fat, trimmed to 0"" fat, choice, cooked, roasted",13,,"High-Protein,Low-Fat",24,
170230,"Beef, round, tip round, roast, separable lean and fat, trimmed to 0"" fat, all grades, cooked, roasted",13,,"High-Protein,Low-Fat",24,
170231,"Beef, round, tip round, roast, separable lean and fat, trimmed to 0"" fat, choice, cooked, roasted",13,,"High-Protein,Low-Fat",24,
170232,"Beef, round, tip round, roast, separable lean and fat, trimmed to 0"" fat, select, cooked, roasted",13,,"High-Protein,Low-Fat",24,
170233,"Beef, round, tip round, roast, separable lean only, trimmed to 0"" fat, all grades, cooked, roasted",13,,"High-Protein,Low-Fat",24,
170234,"Beef, round, top round, separable lean and fat, trimmed to 0"" fat, select, cooked, braised",13,,"High-Protein,Low-Fat",24,
170235,"Beef, round, top round, separable lean only, trimmed to 0"" fat, choice, cooked, braised",13,,"High-Protein,Low-Fat",24,
170236,"Beef, round, top round, separable lean only, trimmed to 0"" fat, select, cooked, braised",13,,"High-Protein,Low-Fat",24,
170237,"Beef, loin, tenderloin steak, boneless, separable lean and fat, trimmed to 0"" fat, all grades, cooked, grilled",13,,"High-Protein,Low-Fat",24,
170238,"Beef, loin, tenderloin steak, boneless, separable lean and fat, trimmed to 0"" fat, choice, cooked, grilled",13,,"High-Protein,Low-Fat",24,
170239,"Beef, loin, top loin steak, boneless, lip off, separable lean and fat, trimmed to 0"" fat, all grades, cooked, grilled",13,,"High-Protein,Low-Fat",24,
170240,"Beef, loin, top loin steak, boneless, lip off, separable lean and fat, trimmed to 0"" fat, choice, cooked, grilled",13,,"High-Protein,Low-Fat",24,
170241,"Puddings, banana, dry mix, regular, with added oil",19,,"Vegan,Vegetarian,Vitamin-Rich",24,
170242,"Puddings, lemon, dry mix, regular, with added oil, potassium, sodium",19,,"Vegan,Vegetarian",24,
170243,"Puddings, tapioca, dry mix, with no added salt",19,,"Low Sodium,Vegan,Vegetarian",24,
170244,"Snacks, corn-based, extruded, puffs or twists, cheese-flavor, unenriched",23,Milk,Vegetarian,24,
170245,"Snacks, corn-based, extruded, chips, barbecue-flavor, made with enriched masa flour",23,Milk,Vegetarian,24,
170246,"Snacks, popcorn, air-popped (Unsalted)",23,,"Low Sodium,Vegan,Vegetarian",48,
170247,"Snacks, popcorn, oil-popped, white popcorn, salt added",23,,"Vegan,Vegetarian",48,
170248,"Snacks, potato chips, plain, made with partially hydrogenated soybean oil, salted",23,Soybeans,"Vegan,Vegetarian,Vitamin-Rich",24,
170249,"Snacks, pretzels, hard, plain, made with enriched flour, unsalted",23,Cereals containing gluten,"Low Sodium,Vegan,Vegetarian",24,
170250,"Snacks, rice cakes, brown rice, plain, unsalted",23,,"Low Sodium,Vegan,Vegetarian",24,
170251,"Snacks, rice cakes, brown rice, buckwheat, unsalted",23,,"Low Sodium,Vegan,Vegetarian",24,
170252,"Snacks, rice cakes, brown rice, multigrain, unsalted",23,,"Low Sodium,Vegan,Vegetarian",24,
170253,"Potato chips, without salt, reduced fat",23,,"Low Sodium,Low-Fat,Vegan,Vegetarian,Vitamin-Rich",24,
170254,"Snacks, tortilla chips, low fat, unsalted",23,,"Low Sodium,Low-Fat,Vegan,Vegetarian",24,
170255,"Frozen novelties, juice type, POPSICLE SCRIBBLERS",19,,"Vegan,Vegetarian,Vitamin-Rich",24,
170256,"Snacks, tortilla chips, nacho-flavor, made with enriched masa flour",23,Milk,Vegetarian,24,
170257,"Sweeteners, tabletop, sucralose, SPLENDA packets",19,,"No Added Sugar,Vegan,Vegetarian",24,
170258,"Frozen novelties, No Sugar Added, FUDGSICLE pops",19,"Milk,Soybeans","No Added Sugar,Vegetarian",24,
170259,"Frozen novelties, ice type, sugar free, orange, cherry, and grape POPSICLE pops",19,,"No Added Sugar,Vegan,Vegetarian",24,
170260,"Frozen novelties, KLONDIKE, SLIM-A-BEAR Fudge Bar, 98% fat free, no sugar added",19,Milk,"Fat-Free,Low-Fat,No Added Sugar,Vegetarian",24,
170261,"Ice creams, BREYERS, All Natural Light Vanilla",19,Milk,"Low-Fat,Vegetarian",24,
170262,"Ice creams, BREYERS, No Sugar Added, Butter Pecan",19,"Milk,Nuts,Nuts (pecans)","No Added Sugar,Vegetarian",48,
170263,"Ice creams, BREYERS, No Sugar Added, French Vanilla",19,"Eggs,Milk","No Added Sugar,Vegetarian",24,
170264,"Ice creams, BREYERS, No Sugar Added, Vanilla",19,Milk,"No Added Sugar,Vegetarian",24,
170265,"Ice creams, BREYERS, No Sugar Added, Vanilla Fudge Twirl",19,"Milk,Soybeans","No Added Sugar,Vegetarian",24,
170266,"Frozen novelties, No Sugar Added CREAMSICLE Pops",19,Milk,"No Added Sugar,Vegetarian",24,
170267,"Frozen novelties, Sugar Free, CREAMSICLE Pops",19,Milk,"No Added Sugar,Vegetarian",24,
170268,"Ice creams, BREYERS, All Natural Light French Chocolate",19,"Eggs,Milk","Low-Fat,Vegetarian",24,
170269,"Ice creams, BREYERS, 98% Fat Free Chocolate",19,Milk,"Fat-Free,Low-Fat,Vegetarian",24,
170270,"Ice creams, regular, low carbohydrate, chocolate",19,"Eggs,Milk","Low-Carb,Vegetarian",24,
170271,"Chocolate, dark, 45- 59% cacao solids",19,"Milk,Soybeans",Vegetarian,24,
170272,"Chocolate, dark, 60-69% cacao solids",19,"Milk,Soybeans",Vegetarian,24,
170273,"Chocolate, dark, 70-85% cacao solids",19,Soybeans,"Vegan,Vegetarian",24,
170274,"Candies, chocolate, dark, NFS (45-59% cacao solids 90%; 60-69% cacao solids 5%; 70-85% cacao solids 5%)",19,"Milk,Soybeans",Vegetarian,24,
170275,"Candies, crispy bar with peanut butter filling",19,"Cereals containing gluten,Milk,Peanuts,Soybeans",Vegetarian,48,
170276,"Syrup, maple, Canadian",19,,"Vegan,Vegetarian",24,
170277,"Sweetener, syrup, agave",19,,"Vegan,Vegetarian",24,
170278,"Candies, NESTLE, BUTTERFINGER Crisp",19,"Cereals containing gluten,Milk,Peanuts,Soybeans",Vegetarian,48,
170279,"Candies, fruit snacks, with high vitamin C",19,,"Vegan,Vegetarian,Vitamin-Rich",24,
170280,"Jams, preserves, marmalades, sweetened with fruit juice",19,,"Vegan,Vegetarian,Vitamin-Rich",24,
170281,"Candies, Tamarind",19,,"Vegan,Vegetarian",24,
170282,"Candies, coconut bar, not chocolate covered",19,"Eggs,Nuts,Nuts (coconut)",Vegetarian,48,
170283,"Barley, hulled",20,"Cereals containing gluten,Cereals containing gluten (barley)","Vegan,Vegetarian",24,
170284,"Barley, pearled, raw",20,"Cereals containing gluten,Cereals containing gluten (barley)","Vegan,Vegetarian",24,
170285,"Barley, pearled, cooked",20,"Cereals containing gluten,Cereals containing gluten (barley)","Vegan,Vegetarian",24,
170286,Buckwheat,20,,"Vegan,Vegetarian",24,
170287,"Bulgur, cooked",20,Cereals containing gluten,"Vegan,Vegetarian",24,
170288,"Corn grain, yellow",20,,"Vegan,Vegetarian",24,
170289,"Corn bran, crude",20,,"Vegan,Vegetarian",24,
170290,"Corn flour, whole-grain, yellow",20,,"Vegan,Vegetarian",24,
170291,"Fast foods, nachos, with cheese",21,Milk,"High-Protein,Vegetarian",24,
170292,"Fast foods, nachos, with cheese, beans, ground beef, and tomatoes",21,Milk,High-Protein,24,
170293,"Fast foods, cheeseburger, double, regular patty and bun, with condiments",21,"Cereals containing gluten,Milk,Soybeans",High-Protein,24,
170294,"Fast foods, cheeseburger; single, large patty; plain",21,"Cereals containing gluten,Milk,Soybeans",High-Protein,24,
170295,"Fast foods, chicken fillet sandwich, plain with pickles",21,"Cereals containing gluten,Milk",High-Protein,24,
170296,"Fast foods, fish sandwich, with tartar sauce",21,"Cereals containing gluten,Eggs,Fish,Soybeans","High-Protein,Pescatarian",24,
170297,"Fast foods, fish sandwich, with tartar sauce and cheese",21,"Cereals containing gluten,Eggs,Fish,Milk,Soybeans","High-Protein,Pescatarian",24,
170298,"Fast foods, submarine sandwich, roast beef on white bread with lettuce and tomato",21,Cereals containing gluten,High-Protein,24,
170299,"Fast foods, submarine sandwich, tuna on white bread with lettuce and tomato",21,"Cereals containing gluten,Eggs,Fish,Soybeans","High-Protein,Pescatarian",24,
170300,"Fast foods, coleslaw",21,Eggs,Vegetarian,24,
170301,"Fast foods, hush puppies",21,"Cereals containing gluten,Eggs,Milk",Vegetarian,24,
170302,"Fast food, biscuit",21,"Cereals containing gluten,Milk",Vegetarian,24,
170303,"CHICK-FIL-A, Chick-n-Strips",21,"Cereals containing gluten,Eggs,Milk",High-Protein,24,
170304,"CHICK-FIL-A, hash browns",21,,"Vegan,Vegetarian,Vitamin-Rich",24,
170305,"School Lunch, pizza, BIG DADDY'S LS 16"" 51% Whole Grain Rolled Edge Cheese Pizza, frozen",21,"Cereals containing gluten,Milk,Soybeans","High-Protein,Vegetarian",24,
170306,"Fast foods, submarine sandwich, sweet onion chicken teriyaki on white bread with lettuce, tomato and sweet onion sauce",21,"Cereals containing gluten,Soybeans",High-Protein,24,
170307,"SUBWAY, SUBWAY CLUB sub on white bread with lettuce and tomato",21,Cereals containing gluten,High-Protein,24,
170308,"Fast foods, submarine sandwich, turkey, roast beef and ham on white bread with lettuce and tomato",21,Cereals containing gluten,High-Protein,24,
170309,"Fast foods, submarine sandwich, oven roasted chicken on white bread with lettuce and tomato",21,Cereals containing gluten,High-Protein,24,
170310,"SUBWAY, steak & cheese sub on white bread with American cheese, lettuce and tomato",21,"Cereals containing gluten,Milk",High-Protein,24,
170311,"Fast foods, submarine sandwich, steak and cheese on white bread with cheese, lettuce and tomato",21,"Cereals containing gluten,Milk",High-Protein,24,
170312,"SUBWAY, B.L.T. sub on white bread with bacon, lettuce and tomato",21,Cereals containing gluten,High-Protein,24,
170313,"Fast foods, submarine sandwich, bacon, lettuce, and tomato on white bread",21,Cereals containing gluten,High-Protein,24,
170314,"SUBWAY, oven roasted chicken sub on white bread with lettuce and tomato",21,Cereals containing gluten,High-Protein,24,
170315,"SUBWAY, cold cut sub on white bread with lettuce and tomato",21,Cereals containing gluten,High-Protein,24,
170316,"SUBWAY, tuna sub on white bread with lettuce and tomato",21,"Cereals containing gluten,Eggs,Fish","High-Protein,Pescatarian",24,
170317,"Pizza, cheese topping, regular crust, frozen, cooked",21,"Cereals containing gluten,Milk,Soybeans","High-Protein,Vegetarian",24,
170318,"Fast Foods, crispy chicken filet sandwich, with lettuce and mayonnaise",21,"Cereals containing gluten,Eggs,Milk",High-Protein,24,
170319,"McDONALD'S, FILET-O-FISH",21,"Cereals containing gluten,Eggs,Fish,Milk,Soybeans","High-Protein,Pescatarian",24,
170320,"McDONALD'S, Cheeseburger",21,"Cereals containing gluten,Milk,Soybeans",High-Protein,24,
170321,"McDONALD'S, QUARTER POUNDER",21,"Cereals containing gluten,Soybeans",High-Protein,24,
170322,"WENDY'S, CLASSIC SINGLE Hamburger, with cheese",21,"Cereals containing gluten,Eggs,Milk,Soybeans",High-Protein,24,
170323,"WENDY'S, Jr. Hamburger, without cheese",21,"Cereals containing gluten,Eggs,Soybeans",High-Protein,24,
170324,"WENDY'S, Jr. Hamburger, with cheese",21,"Cereals containing gluten,Eggs,Milk,Soybeans",High-Protein,24,
170325,"WENDY'S, CLASSIC DOUBLE, with cheese",21,"Cereals containing gluten,Eggs,Milk,Soybeans",High-Protein,24,
170326,"WENDY'S, Frosty Dairy Dessert",21,"Milk,Soybeans",Vegetarian,24,
170327,"BURGER KING, french fries",21,Cereals containing gluten,"Vegetarian,Vitamin-Rich",24,
170328,"BURGER KING, Hamburger",21,"Cereals containing gluten,Sesame seeds",High-Protein,24,
170329,"BURGER KING, Cheeseburger",21,"Cereals containing gluten,Milk,Sesame seeds",High-Protein,24,
170330,"BURGER KING, Premium Fish Sandwich",21,"Cereals containing gluten,Eggs,Fish,Soybeans","High-Protein,Pescatarian",24,
170331,"BURGER KING, Original Chicken Sandwich",21,"Cereals containing gluten,Eggs,Sesame seeds,Soybeans",High-Protein,24,
170332,"TACO BELL, Original Taco with beef, cheese and lettuce",21,Milk,High-Protein,24,
170333,"TACO BELL, Soft Taco with beef, cheese and lettuce",21,"Cereals containing gluten,Milk",High-Protein,24,
170334,"TACO BELL, BURRITO SUPREME with chicken",21,"Cereals containing gluten,Milk,Soybeans",High-Protein,24,
170335,"TACO BELL, BURRITO SUPREME with steak",21,"Cereals containing gluten,Milk,Soybeans",High-Protein,24,
170336,"TACO BELL, Nachos",21,Milk,Vegetarian,24,
170337,"TACO BELL, Nachos Supreme",21,Milk,High-Protein,24,
170338,"POPEYES, Spicy Chicken Strips, analyzed 2006",21,"Cereals containing gluten,Eggs,Milk,Soybeans",High-Protein,24,
170339,"KFC, biscuit",21,"Cereals containing gluten,Milk,Soybeans",Vegetarian,24,
170340,"KFC, Coleslaw",21,"Eggs,Soybeans",Vegetarian,24,
170341,"KFC, Crispy Chicken Strips",21,"Cereals containing gluten,Eggs,Milk",High-Protein,24,
170342,"KFC, Fried Chicken, ORIGINAL RECIPE, Wing, meat only, skin and breading removed",21,"Cereals containing gluten,Eggs,Milk,Soybeans",High-Protein,24,
170343,"KFC, Fried Chicken, EXTRA CRISPY, Skin and Breading",21,"Cereals containing gluten,Eggs,Milk",High-Protein,24,
170344,"KFC, Fried Chicken, EXTRA CRISPY, Breast, meat only, skin and breading removed",21,"Cereals containing gluten,Eggs,Milk",High-Protein,24,
170345,"KFC, Fried Chicken, EXTRA CRISPY, Drumstick, meat only, skin and breading removed",21,"Cereals containing gluten,Eggs,Milk",High-Protein,24,
170346,"KFC, Fried Chicken, ORIGINAL RECIPE, Thigh, meat and skin with breading",21,"Cereals containing gluten,Eggs,Milk,Soybeans",High-Protein,24,
170347,"KFC, Fried Chicken, ORIGINAL RECIPE, Wing, meat and skin with breading",21,"Cereals containing gluten,Eggs,Milk,Soybeans",High-Protein,24,
170348,"KFC, Fried Chicken, EXTRA CRISPY, Breast, meat and skin with breading",21,"Cereals containing gluten,Eggs,Milk",High-Protein,24,
170349,"KFC, Fried Chicken, EXTRA CRISPY, Drumstick, meat and skin with breading",21,"Cereals containing gluten,Eggs,Milk",High-Protein,24,
170350,"POPEYES, Fried Chicken, Mild, Skin and Breading",21,"Cereals containing gluten,Eggs,Milk,Soybeans",High-Protein,24,
170351,"POPEYES, Fried Chicken, Mild, Thigh, meat only, skin and breading removed",21,"Cereals containing gluten,Eggs,Milk,Soybeans",High-Protein,24,
170352,"POPEYES, Fried Chicken, Mild, Wing, meat only, skin and breading removed",21,"Cereals containing gluten,Eggs,Milk,Soybeans",High-Protein,24,
170353,"POPEYES, Fried Chicken, Mild, Breast, meat and skin with breading",21,"Cereals containing gluten,Eggs,Milk,Soybeans",High-Protein,24,
170354,"POPEYES, Fried Chicken, Mild, Drumstick, meat and skin with breading",21,"Cereals containing gluten,Eggs,Milk,Soybeans",High-Protein,24,
170355,"Yogurt parfait, lowfat, with fruit and granola",21,"Cereals containing gluten,Cereals containing gluten (oats),Milk","Low-Fat,Vegetarian,Vitamin-Rich",24,
170356,"Fast Foods, Fried Chicken, Breast, meat only, skin and breading removed",21,"Cereals containing gluten,Eggs,Milk,Soybeans",High-Protein,24,
170357,"Fast Foods, Fried Chicken, Drumstick, meat only, skin and breading removed",21,"Cereals containing gluten,Eggs,Milk,Soybeans",High-Protein,24,
170358,"Fast Foods, Fried Chicken, Thigh, meat only, skin and breading removed",21,"Cereals containing gluten,Eggs,Milk,Soybeans",High-Protein,24,
170359,"Fast Foods, Fried Chicken, Thigh, meat and skin and breading",21,"Cereals containing gluten,Eggs,Milk,Soybeans",High-Protein,24,
170360,"Fast Foods, Fried Chicken, Wing, meat and skin and breading",21,"Cereals containing gluten,Eggs,Milk,Soybeans",High-Protein,24,
170361,"DIGIORNO Pizza, cheese topping, cheese stuffed crust, frozen, baked",21,"Cereals containing gluten,Milk,Soybeans","High-Protein,Vegetarian",24,
170362,"DIGIORNO Pizza, cheese topping, rising crust, frozen, baked",21,"Cereals containing gluten,Milk,Soybeans","High-Protein,Vegetarian",24,
170363,"DIGIORNO Pizza, supreme topping, rising crust, frozen, baked",21,"Cereals containing gluten,Milk,Soybeans",High-Protein,24,
170364,"DIGIORNO Pizza, supreme topping, thin crispy crust, frozen, baked",21,"Cereals containing gluten,Milk,Soybeans",High-Protein,24,
170365,"Fast Food, Pizza Chain, 14"" pizza, sausage topping, thick crust",21,"Cereals containing gluten,Milk,Soybeans",High-Protein,24,
170366,"Fast Food, Pizza Chain, 14"" pizza, sausage topping, thin crust",21,"Cereals containing gluten,Milk,Soybeans",High-Protein,24,
170367,"Fast Food, Pizza Chain, 14"" pizza, sausage topping, regular crust",21,"Cereals containing gluten,Milk,Soybeans",High-Protein,24,
170368,"Fast Foods, grilled chicken filet sandwich, with lettuce, tomato and spread",21,"Cereals containing gluten,Eggs,Milk,Soybeans",High-Protein,24,
170369,"PIZZA HUT 14"" Pepperoni Pizza, THIN 'N CRISPY Crust",21,"Cereals containing gluten,Milk,Soybeans",High-Protein,24,
170370,"DOMINO'S 14"" Pepperoni Pizza, Crunchy Thin Crust",21,"Cereals containing gluten,Milk,Soybeans",High-Protein,24,
170371,"DOMINO'S 14"" Sausage Pizza, Crunchy Thin Crust",21,"Cereals containing gluten,Milk,Soybeans",High-Protein,24,
170372,"PIZZA HUT 14"" Sausage Pizza, Pan Crust",21,"Cereals containing gluten,Milk,Soybeans",High-Protein,24,
170373,"Pizza, cheese topping, thin crust, frozen, cooked",21,"Cereals containing gluten,Milk,Soybeans","High-Protein,Vegetarian",24,
170374,"BURGER KING, Double Cheeseburger",21,"Cereals containing gluten,Milk,Sesame seeds",High-Protein,24,
170375,"Beet greens, raw",11,,"Vegan,Vegetarian,Vitamin-Rich",24,
170376,"Beet greens, cooked, boiled, drained, without salt",11,,"Low Sodium,Vegan,Vegetarian,Vitamin-Rich",24,
170377,"Broadbeans, immature seeds, raw",11,,"High-Protein,Vegan,Vegetarian,Vitamin-Rich",24,
170378,"Broadbeans, immature seeds, cooked, boiled, drained, without salt",11,,"High-Protein,Low Sodium,Vegan,Vegetarian,Vitamin-Rich",24,
170379,"Broccoli, raw",11,,"Vegan,Vegetarian,Vitamin-Rich",24,
170380,"Broccoli, frozen, spears, cooked, boiled, drained, without salt",11,,"Low Sodium,Vegan,Vegetarian,Vitamin-Rich",24,
170381,"Broccoli raab, raw",11,,"Vegan,Vegetarian,Vitamin-Rich",24,
170382,"Broccoli raab, cooked",11,,"Vegan,Vegetarian,Vitamin-Rich",24,
170383,"Brussels sprouts, raw",11,,"Vegan,Vegetarian,Vitamin-Rich",24,
170384,"Burdock root, cooked, boiled, drained, without salt",11,,"Low Sodium,Vegan,Vegetarian,Vitamin-Rich",24,
170385,"Butterbur, (fuki), raw",11,,"Vegan,Vegetarian,Vitamin-Rich",24,
170386,"Butterbur, cooked, boiled, drained, without salt",11,,"Low Sodium,Vegan,Vegetarian,Vitamin-Rich",24,
170387,"Butterbur, canned",11,,"Vegan,Vegetarian,Vitamin-Rich",24,
170388,"Cabbage, savoy, raw",11,,"Vegan,Vegetarian,Vitamin-Rich",24,
170389,"Cabbage, savoy, cooked, boiled, drained, without salt",11,,"Low Sodium,Vegan,Vegetarian,Vitamin-Rich",24,
170390,"Cabbage, chinese (pak-choi), raw",11,,"Vegan,Vegetarian,Vitamin-Rich",24,
170391,"Cabbage, chinese (pak-choi), cooked, boiled, drained, without salt",11,,"Low Sodium,Vegan,Vegetarian,Vitamin-Rich",24,
170392,"Cabbage, kimchi",11,,"Vegan,Vegetarian,Vitamin-Rich",24,
170393,"Carrots, raw",11,,"Vegan,Vegetarian,Vitamin-Rich",24,
170394,"Carrots, cooked, boiled, drained, without salt",11,,"Low Sodium,Vegan,Vegetarian,Vitamin-Rich",24,
170395,"Carrots, canned, regular pack, solids and liquids",11,,"Vegan,Vegetarian,Vitamin-Rich",24,
170396,"Carrots, canned, regular pack, drained solids",11,,"Vegan,Vegetarian,Vitamin-Rich",24,
170397,"Cauliflower, cooked, boiled, drained, without salt",11,,"Low Sodium,Vegan,Vegetarian,Vitamin-Rich",24,
170398,"Cauliflower, frozen, unprepared",11,,"Vegan,Vegetarian,Vitamin-Rich",24,
170399,"Cauliflower, frozen, cooked, boiled, drained, without salt",11,,"Low Sodium,Vegan,Vegetarian,Vitamin-Rich",24,
170400,"Celeriac, raw",11,Celery,"Vegan,Vegetarian,Vitamin-Rich",24,
170401,"Chard, swiss, cooked, boiled, drained, without salt",11,,"Low Sodium,Vegan,Vegetarian,Vitamin-Rich",24,
170402,"Chayote, fruit, raw",11,,"Vegan,Vegetarian,Vitamin-Rich",24,
170403,"Chayote, fruit, cooked, boiled, drained, without salt",11,,"Low Sodium,Vegan,Vegetarian,Vitamin-Rich",24,
170404,"Chicory, witloof, raw",11,,"Vegan,Vegetarian,Vitamin-Rich",24,
170405,"Chrysanthemum, garland, cooked, boiled, drained, without salt",11,,"Low Sodium,Vegan,Vegetarian,Vitamin-Rich",24,
170406,"Collards, raw",11,,"Vegan,Vegetarian,Vitamin-Rich",24,
170407,"Collards, cooked, boiled, drained, without salt",11,,"Low Sodium,Vegan,Vegetarian,Vitamin-Rich",24,
170408,"Collards, frozen, chopped, unprepared",11,,"Vegan,Vegetarian,Vitamin-Rich",24,
170409,"Corn, sweet, yellow, canned, brine pack, regular pack, solids and liquids",11,,"Vegan,Vegetarian",24,
170410,"Onions, frozen, chopped, unprepared",11,,"Vegan,Vegetarian,Vitamin-Rich",24,
170411,"Onions, frozen, chopped, cooked, boiled, drained, without salt",11,,"Low Sodium,Vegan,Vegetarian,Vitamin-Rich",24,
170412,"Onions, frozen, whole, unprepared",11,,"Vegan,Vegetarian,Vitamin-Rich",24,
170413,"Onions, frozen, whole, cooked, boiled, drained, without salt",11,,"Low Sodium,Vegan,Vegetarian,Vitamin-Rich",24,
170414,"Onion rings, breaded, par fried, frozen, unprepared",11,Cereals containing gluten,"Vegan,Vegetarian",24,
170415,"Onion rings, breaded, par fried, frozen, prepared, heated in oven",11,Cereals containing gluten,"Vegan,Vegetarian",24,
170416,"Parsley, fresh",11,,"Vegan,Vegetarian,Vitamin-Rich",24,
170417,"Parsnips, raw",11,,"Vegan,Vegetarian,Vitamin-Rich",24,
170418,"Peas, edible-podded, frozen, cooked, boiled, drained, without salt",11,,"High-Protein,Low Sodium,Vegan,Vegetarian,Vitamin-Rich",24,
170419,"Peas, green, raw",11,,"High-Protein,Vegan,Vegetarian,Vitamin-Rich",24,
170420,"Peas, green, cooked, boiled, drained, without salt",11,,"High-Protein,Low Sodium,Vegan,Vegetarian,Vitamin-Rich",24,
170421,"Peas, green, canned, regular pack, solids and liquids",11,,"High-Protein,Vegan,Vegetarian,Vitamin-Rich",24,
170422,"Peas, mature seeds, sprouted, raw",11,,"High-Protein,Vegan,Vegetarian,Vitamin-Rich",24,
170423,"Peas, mature seeds, sprouted, cooked, boiled, drained, without salt",11,,"High-Protein,Low Sodium,Vegan,Vegetarian,Vitamin-Rich",24,
170424,"Peas and carrots, canned, regular pack, solids and liquids",11,,"Vegan,Vegetarian,Vitamin-Rich",24,
170425,"Peas and carrots, frozen, unprepared",11,,"Vegan,Vegetarian,Vitamin-Rich",24,
170426,"Peppers, hot chili, green, canned, pods, excluding seeds, solids and liquids",11,,"Vegan,Vegetarian,Vitamin-Rich",24,
170427,"Peppers, sweet, green, raw",11,,"Vegan,Vegetarian,Vitamin-Rich",24,
170428,"Peppers, sweet, green, cooked, boiled, drained, without salt",11,,"Low Sodium,Vegan,Vegetarian,Vitamin-Rich",24,
170429,"Peppers, sweet, green, canned, solids and liquids",11,,"Vegan,Vegetarian,Vitamin-Rich",24,
170430,"Pigeonpeas, immature seeds, cooked, boiled, drained, without salt",11,,"High-Protein,Low Sodium,Vegan,Vegetarian,Vitamin-Rich",24,
170431,Poi,11,,"Vegan,Vegetarian",24,
170432,"Pokeberry shoots, (poke), raw",11,,"Vegan,Vegetarian",24,
170433,"Pokeberry shoots, (poke), cooked, boiled, drained, without salt",11,,"Low Sodium,Vegan,Vegetarian",24,
170434,"Potatoes, white, flesh and skin, baked",11,,"Vegan,Vegetarian,Vitamin-Rich",24,
170435,"Potatoes, red, flesh and skin, baked",11,,"Vegan,Vegetarian,Vitamin-Rich",24,
170436,"Potatoes, french fried, crinkle or regular cut, salt added in processing, frozen, as purchased",11,,"Vegan,Vegetarian,Vitamin-Rich",24,
170437,"Potatoes, french fried, crinkle or regular cut, salt added in processing, frozen, oven-heated",11,,"Vegan,Vegetarian,Vitamin-Rich",24,
170438,"Potatoes, boiled, cooked in skin, flesh, without salt",11,,"Low Sodium,Vegan,Vegetarian,Vitamin-Rich",24,
170439,"Potatoes, boiled, cooked in skin, skin, without salt",11,,"Low Sodium,Vegan,Vegetarian,Vitamin-Rich",24,
170440,"Potatoes, boiled, cooked without skin, flesh, without salt",11,,"Low Sodium,Vegan,Vegetarian,Vitamin-Rich",24,
170441,"Potatoes, microwaved, cooked in skin, flesh, without salt",11,,"Low Sodium,Vegan,Vegetarian,Vitamin-Rich",24,
170442,"Potatoes, au gratin, home-prepared from recipe using butter",11,Milk,"Vegetarian,Vitamin-Rich",24,
170443,"Potatoes, canned, solids and liquids",11,,"Vegan,Vegetarian,Vitamin-Rich",24,
170444,"Potatoes, canned, drained solids",11,,"Vegan,Vegetarian,Vitamin-Rich",24,
170445,"Potatoes, mashed, dehydrated, flakes without milk, dry form",11,,"Vegan,Vegetarian,Vitamin-Rich",24,
170446,"Potatoes, mashed, dehydrated, prepared from flakes without milk, whole milk and butter added",11,Milk,"Vegetarian,Vitamin-Rich",24,
170447,"Potatoes, au gratin, dry mix, unprepared",11,"Cereals containing gluten,Milk,Soybeans","Vegetarian,Vitamin-Rich",24,
170448,"Potatoes, au gratin, dry mix, prepared with water, whole milk and butter",11,"Cereals containing gluten,Milk,Soybeans","Vegetarian,Vitamin-Rich",24,
170449,"Potatoes, scalloped, dry mix, unprepared",11,"Cereals containing gluten,Milk,Soybeans","Vegetarian,Vitamin-Rich",24,
170450,"Potatoes, scalloped, dry mix, prepared with water, whole milk and butter",11,"Cereals containing gluten,Milk,Soybeans","Vegetarian,Vitamin-Rich",24,
170451,"Potatoes, french fried, shoestring, salt added in processing, frozen, as purchased",11,,"Vegan,Vegetarian,Vitamin-Rich",24,
170452,"Potatoes, french fried, shoestring, salt added in processing, frozen, oven-heated",11,,"Vegan,Vegetarian,Vitamin-Rich",24,
170453,"Potatoes, o'brien, frozen, unprepared",11,,"Vegan,Vegetarian,Vitamin-Rich",24,
170454,"Potatoes, o'brien, frozen, prepared",11,,"Vegan,Vegetarian,Vitamin-Rich",24,
170455,"Taro, tahitian, cooked, without salt",11,,"Low Sodium,Vegan,Vegetarian,Vitamin-Rich",24,
170456,"Tomatoes, green, raw",11,,"Vegan,Vegetarian,Vitamin-Rich",24,
170457,"Tomatoes, red, ripe, raw, year round average",11,,"Vegan,Vegetarian,Vitamin-Rich",24,
170458,"Tomato juice, canned, with salt added",11,,"Vegan,Vegetarian,Vitamin-Rich",24,
170459,"Tomato products, canned, paste, without salt added (Includes foods for USDA's Food Distribution Program)",11,,"Low Sodium,Vegan,Vegetarian,Vitamin-Rich",24,
170460,"Tomato products, canned, puree, without salt added",11,,"Low Sodium,Vegan,Vegetarian,Vitamin-Rich",24,
170461,Tomato powder,11,,"Vegan,Vegetarian,Vitamin-Rich",24,
170462,"Tomato products, canned, sauce, with onions, green peppers, and celery",11,Celery,"Vegan,Vegetarian,Vitamin-Rich",24,
170463,"Tomato products, canned, sauce, with tomato tidbits",11,,"Vegan,Vegetarian,Vitamin-Rich",24,
170464,"Tree fern, cooked, without salt",11,,"Low Sodium,Vegan,Vegetarian,Vitamin-Rich",24,
170465,"Turnips, raw",11,,"Vegan,Vegetarian,Vitamin-Rich",24,
170466,"Turnip greens, cooked, boiled, drained, without salt",11,,"Low Sodium,Vegan,Vegetarian,Vitamin-Rich",24,
170467,"Turnip greens, canned, solids and liquids",11,,"Vegan,Vegetarian,Vitamin-Rich",24,
170468,"Turnip greens, frozen, unprepared",11,,"Vegan,Vegetarian,Vitamin-Rich",24,
170469,"Turnip greens, frozen, cooked, boiled, drained, without salt",11,,"Low Sodium,Vegan,Vegetarian,Vitamin-Rich",24,
170470,"Turnip greens and turnips, frozen, unprepared",11,,"Vegan,Vegetarian,Vitamin-Rich",24,
170471,"Vegetables, mixed, frozen, unprepared",11,,"Vegan,Vegetarian,Vitamin-Rich",24,
170472,"Vegetables, mixed, frozen, cooked, boiled, drained, without salt",11,,"Low Sodium,Vegan,Vegetarian,Vitamin-Rich",24,
170473,"Vegetable juice cocktail, low sodium, canned",11,Celery,"Low Sodium,Vegan,Vegetarian,Vitamin-Rich",24,
170474,"Vinespinach, (basella), raw",11,,"Vegan,Vegetarian,Vitamin-Rich",24,
170475,"Waxgourd, (chinese preserving melon), cooked, boiled, drained, without salt",11,,"Low Sodium,Vegan,Vegetarian,Vitamin-Rich",24,
170476,"Winged beans, immature seeds, raw",11,,"High-Protein,Vegan,Vegetarian,Vitamin-Rich",24,
170477,"Winged beans, immature seeds, cooked, boiled, drained, without salt",11,,"High-Protein,Low Sodium,Vegan,Vegetarian,Vitamin-Rich",24,
170478,"Winged bean leaves, raw",11,,"High-Protein,Vegan,Vegetarian,Vitamin-Rich",24,
170479,"Beets, harvard, canned, solids and liquids",11,,"Vegan,Vegetarian,Vitamin-Rich",24,
170480,"Beets, pickled, canned, solids and liquids",11,,"Vegan,Vegetarian,Vitamin-Rich",24,
170481,"Borage, raw",11,,"Vegan,Vegetarian,Vitamin-Rich",24,
170482,"Borage, cooked, boiled, drained, without salt",11,,"Low Sodium,Vegan,Vegetarian,Vitamin-Rich",24,
170483,"Drumstick pods, raw",11,,"Vegan,Vegetarian,Vitamin-Rich",24,
170484,"Drumstick pods, cooked, boiled, drained, without salt",11,,"Low Sodium,Vegan,Vegetarian,Vitamin-Rich",24,
170485,"Leeks, (bulb and lower-leaf portion), freeze-dried",11,,"Vegan,Vegetarian,Vitamin-Rich",24,
170486,"Parsley, freeze-dried",11,,"Vegan,Vegetarian,Vitamin-Rich",24,
170487,"Squash, summer, all varieties, raw",11,,"Vegan,Vegetarian,Vitamin-Rich",24,
170488,"Squash, summer, all varieties, cooked, boiled, drained, without salt",11,,"Low Sodium,Vegan,Vegetarian,Vitamin-Rich",24,
170489,"Squash, winter, all varieties, raw",11,,"Vegan,Vegetarian,Vitamin-Rich",24,
170490,"Squash, winter, all varieties, cooked, baked, without salt",11,,"Low Sodium,Vegan,Vegetarian,Vitamin-Rich",24,
170491,"Carrot juice, canned",11,,"Vegan,Vegetarian,Vitamin-Rich",24,
170492,"Corn pudding, home prepared",11,"Cereals containing gluten,Eggs,Milk",Vegetarian,24,
170493,"Potatoes, mashed, home-prepared, whole milk added",11,Milk,"Vegetarian,Vitamin-Rich",24,
170494,Spinach souffle,11,"Cereals containing gluten,Eggs,Milk","Vegetarian,Vitamin-Rich",24,
170495,"Seaweed, spirulina, dried",11,,"High-Protein,Mineral-Rich,Vegan,Vegetarian,Vitamin-Rich",24,
170496,"Seaweed, wakame, raw",11,,"High-Protein,Mineral-Rich,Vegan,Vegetarian,Vitamin-Rich",24,
170497,"Peppers, hot chili, green, raw",11,,"Vegan,Vegetarian,Vitamin-Rich",24,
170498,"Potatoes, o'brien, home-prepared",11,,"Vegan,Vegetarian,Vitamin-Rich",24,
170499,"Shallots, raw",11,,"Vegan,Vegetarian,Vitamin-Rich",24,
170500,"Carrot, dehydrated",11,,"Vegan,Vegetarian,Vitamin-Rich",24,
170501,"Tomatoes, crushed, canned",11,,"Vegan,Vegetarian,Vitamin-Rich",24,
170502,"Tomatoes, orange, raw",11,,"Vegan,Vegetarian,Vitamin-Rich",24,
170503,"Mustard greens, cooked, boiled, drained, with salt",11,Mustard,"Vegan,Vegetarian,Vitamin-Rich",24,
170504,"Mustard greens, frozen, cooked, boiled, drained, with salt",11,Mustard,"Vegan,Vegetarian,Vitamin-Rich",24,
170505,"Mustard spinach, (tendergreen), cooked, boiled, drained, with salt",11,Mustard,"Vegan,Vegetarian,Vitamin-Rich",24,
170506,"New zealand spinach, cooked, boiled, drained, with salt",11,,"Vegan,Vegetarian,Vitamin-Rich",24,
170507,"Onions, frozen, whole, cooked, boiled, drained, with salt",11,,"Vegan,Vegetarian,Vitamin-Rich",24,
170508,"Parsnips, cooked, boiled, drained, with salt",11,,"Vegan,Vegetarian,Vitamin-Rich",24,
170509,"Peas, edible-podded, cooked, boiled, drained, with salt",11,,"High-Protein,Vegan,Vegetarian,Vitamin-Rich",24,
170510,"Peas, edible-podded, frozen, cooked, boiled, drained, with salt",11,,"High-Protein,Vegan,Vegetarian,Vitamin-Rich",24,
170511,"Peas, mature seeds, sprouted, cooked, boiled, drained, with salt",11,,"High-Protein,Vegan,Vegetarian,Vitamin-Rich",24,
170512,"Peas and carrots, canned, no salt added, solids and liquids",11,,"Low Sodium,Vegan,Vegetarian,Vitamin-Rich",24,
170513,"Peas and carrots, frozen, cooked, boiled, drained, with salt",11,,"Vegan,Vegetarian,Vitamin-Rich",24,
170514,"Peas and onions, frozen, cooked, boiled, drained, with salt",11,,"High-Protein,Vegan,Vegetarian,Vitamin-Rich",24,
170515,"Peppers, sweet, red, cooked, boiled, drained, with salt",11,,"Vegan,Vegetarian,Vitamin-Rich",24,
170516,"Peppers, sweet, green, frozen, chopped, cooked, boiled, drained, with salt",11,,"Vegan,Vegetarian,Vitamin-Rich",24,
170517,"Pigeonpeas, immature seeds, cooked, boiled, drained, with salt",11,,"High-Protein,Vegan,Vegetarian,Vitamin-Rich",24,
170518,"Pokeberry shoots, (poke), cooked, boiled, drained, with salt",11,,"Vegan,Vegetarian",24,
170519,"Potatoes, boiled, cooked in skin, skin, with salt",11,,"Vegan,Vegetarian,Vitamin-Rich",24,
170520,"Potatoes, boiled, cooked without skin, flesh, with salt",11,,"Vegan,Vegetarian,Vitamin-Rich",24,
170521,"Potatoes, microwaved, cooked, in skin, flesh and skin, with salt",11,,"Vegan,Vegetarian,Vitamin-Rich",24,
170522,"Potatoes, microwaved, cooked in skin, flesh, with salt",11,,"Vegan,Vegetarian,Vitamin-Rich",24,
170523,"Potatoes, french fried, all types, salt not added in processing, frozen, as purchased",11,,"Low Sodium,Vegan,Vegetarian,Vitamin-Rich",24,
170524,"Potatoes, au gratin, home-prepared from recipe using margarine",11,Milk,"Vegetarian,Vitamin-Rich",24,
170525,"Potatoes, scalloped, home-prepared with margarine",11,Milk,"Vegetarian,Vitamin-Rich",24,
170526,"Pumpkin, cooked, boiled, drained, with salt",11,,"Vegan,Vegetarian,Vitamin-Rich",24,
170527,"Pumpkin, canned, with salt",11,,"Vegan,Vegetarian,Vitamin-Rich",24,
170528,"Rutabagas, cooked, boiled, drained, with salt",11,,"Vegan,Vegetarian,Vitamin-Rich",24,
170529,"Salsify, cooked, boiled, drained, with salt",11,,"Vegan,Vegetarian",24,
170530,"Soybeans, green, cooked, boiled, drained, with salt",11,Soybeans,"High-Protein,Vegan,Vegetarian,Vitamin-Rich",24,
170531,"Spinach, cooked, boiled, drained, with salt",11,,"Vegan,Vegetarian,Vitamin-Rich",24,
170532,"Squash, summer, crookneck and straightneck, frozen, cooked, boiled, drained, with salt",11,,"Vegan,Vegetarian,Vitamin-Rich",24,
170533,"Squash, summer, scallop, cooked, boiled, drained, with salt",11,,"Vegan,Vegetarian,Vitamin-Rich",24,
170534,"Squash, summer, zucchini, includes skin, cooked, boiled, drained, with salt",11,,"Vegan,Vegetarian,Vitamin-Rich",24,
170535,"Squash, summer, zucchini, includes skin, frozen, cooked, boiled, drained, with salt",11,,"Vegan,Vegetarian,Vitamin-Rich",24,
170536,"Squash, winter, butternut, frozen, cooked, boiled, with salt",11,,"Vegan,Vegetarian,Vitamin-Rich",24,
170537,"Squash, winter, hubbard, baked, with salt",11,,"Vegan,Vegetarian,Vitamin-Rich",24,
170538,"Squash, winter, hubbard, cooked, boiled, mashed, with salt",11,,"Vegan,Vegetarian,Vitamin-Rich",24,
170539,"Squash, winter, spaghetti, cooked, boiled, drained, or baked, with salt",11,,"Vegan,Vegetarian,Vitamin-Rich",24,
170540,"Succotash, (corn and limas), cooked, boiled, drained, with salt",11,,"High-Protein,Vegan,Vegetarian,Vitamin-Rich",24,
170541,"Sweet potato, cooked, boiled, without skin, with salt",11,,"Vegan,Vegetarian,Vitamin-Rich",24,
170542,"Sweet potato, frozen, cooked, baked, with salt",11,,"Vegan,Vegetarian,Vitamin-Rich",24,
170543,"Taro, cooked, with salt",11,,"Vegan,Vegetarian,Vitamin-Rich",24,
170544,"Taro, leaves, cooked, steamed, with salt",11,,"Vegan,Vegetarian,Vitamin-Rich",24,
170545,"Tomato juice, canned, without salt added",11,,"Low Sodium,Vegan,Vegetarian,Vitamin-Rich",24,
170546,"Tomato products, canned, puree, with salt added",11,,"Vegan,Vegetarian,Vitamin-Rich",24,
170547,"Turnips, cooked, boiled, drained, with salt",11,,"Vegan,Vegetarian,Vitamin-Rich",24,
170548,"Turnips, frozen, cooked, boiled, drained, with salt",11,,"Vegan,Vegetarian,Vitamin-Rich",24,
170549,"Waxgourd, (chinese preserving melon), cooked, boiled, drained, with salt",11,,"Vegan,Vegetarian,Vitamin-Rich",24,
170550,"Winged bean, immature seeds, cooked, boiled, drained, with salt",11,,"High-Protein,Vegan,Vegetarian,Vitamin-Rich",24,
170551,"Yam, cooked, boiled, drained, or baked, with salt",11,,"Vegan,Vegetarian",24,
170552,"Seeds, breadnut tree seeds, raw",12,,"Vegan,Vegetarian",24,
170553,"Seeds, breadnut tree seeds, dried",12,,"Vegan,Vegetarian",24,
170554,"Seeds, chia seeds, dried",12,,"Vegan,Vegetarian",24,
170555,"Seeds, cottonseed flour, partially defatted (glandless)",12,,"High-Protein,Vegan,Vegetarian",24,
170556,"Seeds, pumpkin and squash seed kernels, dried",12,,"Vegan,Vegetarian",24,
170557,"Seeds, pumpkin and squash seed kernels, roasted, without salt",12,,"Low Sodium,Vegan,Vegetarian",24,
170558,"Seeds, safflower seed kernels, dried",12,,"Vegan,Vegetarian",24,
170559,"Seeds, safflower seed meal, partially defatted",12,,"High-Protein,Vegan,Vegetarian",24,
170560,"Seeds, sesame flour, low-fat",12,Sesame seeds,"High-Protein,Low-Fat,Vegan,Vegetarian",24,
170561,"Seeds, sesame meal, partially defatted",12,Sesame seeds,"High-Protein,Vegan,Vegetarian",24,
170562,"Seeds, sunflower seed kernels, dried",12,,"Vegan,Vegetarian",24,
170563,"Seeds, sunflower seed kernels, dry roasted, without salt",12,,"Low Sodium,Vegan,Vegetarian",24,
170564,"Seeds, sunflower seed kernels, oil roasted, without salt",12,,"Low Sodium,Vegan,Vegetarian",24,
170565,"Nuts, acorns, dried",12,Nuts,"Vegan,Vegetarian",48,
170566,"Nuts, acorn flour, full fat",12,Nuts,"Vegan,Vegetarian",48,
170567,"Nuts, almonds",12,"Nuts,Nuts (almonds)","Vegan,Vegetarian",48,
170568,"Nuts, almonds, blanched",12,"Nuts,Nuts (almonds)","Vegan,Vegetarian",48,
170569,"Nuts, brazilnuts, dried, unblanched",12,"Nuts,Nuts (Brazil nuts)","Vegan,Vegetarian",48,
170570,"Nuts, butternuts, dried",12,Nuts,"Vegan,Vegetarian",48,
170571,"Nuts, cashew nuts, dry roasted, without salt added",12,"Nuts,Nuts (cashews)","Low Sodium,Vegan,Vegetarian",48,
170572,"Nuts, cashew nuts, oil roasted, without salt added",12,"Nuts,Nuts (cashews)","Low Sodium,Vegan,Vegetarian",48,
170573,"Nuts, chestnuts, chinese, roasted",12,"Nuts,Nuts (chestnuts)","Vegan,Vegetarian",48,
170574,"Nuts, chestnuts, european, raw, unpeeled",12,"Nuts,Nuts (chestnuts)","Vegan,Vegetarian",48,
170575,"Nuts, chestnuts, european, raw, peeled",12,"Nuts,Nuts (chestnuts)","Vegan,Vegetarian",48,
170576,"Nuts, chestnuts, european, dried, unpeeled",12,"Nuts,Nuts (chestnuts)","Vegan,Vegetarian",48,
170577,"Nuts, coconut meat, dried (desiccated), sweetened, flaked, packaged",12,"Nuts,Nuts (coconut),Sulphur dioxide/sulphites","Vegan,Vegetarian",48,
170578,"Nuts, coconut meat, dried (desiccated), sweetened, flaked, canned",12,"Nuts,Nuts (coconut),Sulphur dioxide/sulphites","Vegan,Vegetarian",48,
170579,"Nuts, coconut meat, dried (desiccated), toasted",12,"Nuts,Nuts (coconut),Sulphur dioxide/sulphites","Vegan,Vegetarian",48,
170580,"Nuts, coconut cream, raw (liquid expressed from grated meat)",12,"Nuts,Nuts (coconut)","Vegan,Vegetarian",48,
170581,"Nuts, hazelnuts or filberts",12,"Nuts,Nuts (hazelnuts)","Vegan,Vegetarian",48,
170582,"Nuts, hazelnuts or filberts, blanched",12,"Nuts,Nuts (hazelnuts)","Vegan,Vegetarian",48,
170583,"Nuts, hazelnuts or filberts, dry roasted, without salt added",12,"Nuts,Nuts (hazelnuts)","Low Sodium,Vegan,Vegetarian",48,
170584,"Nuts, ginkgo nuts, raw",12,Nuts,"Vegan,Vegetarian",48,
170585,"Nuts, mixed nuts, dry roasted, with peanuts, without salt added",12,"Nuts,Peanuts","Low Sodium,Vegan,Vegetarian",48,
170586,"Nuts, mixed nuts, dry roasted, with peanuts, salt added, PLANTERS pistachio blend",12,"Nuts,Peanuts","Vegan,Vegetarian",48,
170587,"Nuts, mixed nuts, oil roasted, with peanuts, without salt added",12,"Nuts,Peanuts","Low Sodium,Vegan,Vegetarian",48,
170588,"Nuts, mixed nuts, oil roasted, without peanuts, without salt added",12,Nuts,"Low Sodium,Vegan,Vegetarian",48,
170589,"Nuts, pecans, oil roasted, without salt added",12,"Nuts,Nuts (pecans)","Low Sodium,Vegan,Vegetarian",48,
170590,"Nuts, pilinuts, dried",12,Nuts,"Vegan,Vegetarian",48,
170591,"Nuts, pine nuts, dried",12,"Nuts,Nuts (pine nuts)","Vegan,Vegetarian",48,
170592,"Nuts, pine nuts, pinyon, dried",12,"Nuts,Nuts (pine nuts)","Vegan,Vegetarian",48,
170593,"Nuts, walnuts, glazed",12,"Nuts,Nuts (walnuts)","Vegan,Vegetarian",48,
170594,"Nuts, walnuts, dry roasted, with salt added",12,"Nuts,Nuts (walnuts)","Vegan,Vegetarian",48,
170595,"Seeds, breadfruit seeds, roasted",12,,"Vegan,Vegetarian",24,
170596,"Seeds, cottonseed kernels, roasted (glandless)",12,,"High-Protein,Vegan,Vegetarian",24,
170597,"Beef, variety meats and by-products, spleen, cooked, braised",13,,High-Protein,24,
170598,"Beef, variety meats and by-products, tongue, cooked, simmered",13,,High-Protein,24,
170599,"Beef, variety meats and by-products, tripe, raw",13,,High-Protein,24,
170600,"Beef, sandwich steaks, flaked, chopped, formed and thinly sliced, raw",13,,High-Protein,24,
170601,"Beef, brisket, flat half, separable lean only, trimmed to 0"" fat, choice, cooked, braised",13,,"High-Protein,Low-Fat",24,
170602,"Beef, cured, corned beef, canned",7,,High-Protein,24,
170603,"Beef, chuck, under blade pot roast or steak, boneless, separable lean only, trimmed to 0"" fat, select, raw",13,,"High-Protein,Low-Fat",24,
170604,"Beef, cured, dried",7,,High-Protein,24,
170605,"Beef, chuck, under blade center steak, boneless, Denver Cut, separable lean only, trimmed to 0"" fat, all grades, cooked, grilled",13,,"High-Protein,Low-Fat",24,
170606,"Sausage, beef, cured, cooked, smoked",7,,High-Protein,24,
170607,"Beef, chopped, cured, smoked",7,,High-Protein,24,
170608,"Beef, chuck, under blade center steak, boneless, Denver Cut, separable lean only, trimmed to 0"" fat, choice, raw",13,,"High-Protein,Low-Fat",24,
170609,"Beef, composite of trimmed retail cuts, separable lean and fat, trimmed to 0"" fat, all grades, cooked",13,,"High-Protein,Low-Fat",24,
170610,"Beef, composite of trimmed retail cuts, separable lean only, trimmed to 0"" fat, select, cooked",13,,"High-Protein,Low-Fat",24,
170611,"Beef, brisket, whole, separable lean and fat, trimmed to 0"" fat, all grades, cooked, braised",13,,"High-Protein,Low-Fat",24,
170612,"Beef, brisket, whole, separable lean only, trimmed to 0"" fat, all grades, cooked, braised",13,,"High-Protein,Low-Fat",24,
170613,"Beef, brisket, flat half, separable lean and fat, trimmed to 0"" fat, all grades, cooked, braised",13,,"High-Protein,Low-Fat",24,
170614,"Beef, chuck, arm pot roast, separable lean and fat, trimmed to 0"" fat, select, cooked, braised",13,,"High-Protein,Low-Fat",24,
170615,"Beef, chuck, arm pot roast, separable lean only, trimmed to 0"" fat, choice, cooked, braised",13,,"High-Protein,Low-Fat",24,
170616,"Beef, chuck, arm pot roast, separable lean only, trimmed to 0"" fat, select, cooked, braised",13,,"High-Protein,Low-Fat",24,
170617,"Beef, chuck, blade roast, separable lean and fat, trimmed to 0"" fat, all grades, cooked, braised",13,,"High-Protein,Low-Fat",24,
170618,"Beef, chuck, under blade pot roast, boneless, separable lean and fat, trimmed to 0"" fat, choice, cooked, braised",13,,"High-Protein,Low-Fat",24,
170619,"Beef, rib, large end (ribs 6-9), separable lean and fat, trimmed to 0"" fat, choice, cooked, roasted",13,,"High-Protein,Low-Fat",24,
170620,"Beef, rib, large end (ribs 6-9), separable lean and fat, trimmed to 0"" fat, select, cooked, roasted",13,,"High-Protein,Low-Fat",24,
170621,"Beef, rib, large end (ribs 6-9), separable lean only, trimmed to 0"" fat, all grades, cooked, roasted",13,,"High-Protein,Low-Fat",24,
170622,"Beef, rib, large end (ribs 6-9), separable lean only, trimmed to 0"" fat, choice, cooked, roasted",13,,"High-Protein,Low-Fat",24,
170623,"Beef, rib, small end (ribs 10-12), separable lean only, trimmed to 0"" fat, all grades, cooked, broiled",13,,"High-Protein,Low-Fat",24,
170624,"Beef, rib, small end (ribs 10-12), separable lean only, trimmed to 0"" fat, choice, cooked, broiled",13,,"High-Protein,Low-Fat",24,
170625,"Beef, rib, small end (ribs 10-12), separable lean only, trimmed to 0"" fat, select, cooked, broiled",13,,"High-Protein,Low-Fat",24,
170626,"Beef, round, bottom round, steak, separable lean and fat, trimmed to 0"" fat, all grades, cooked, braised",13,,"High-Protein,Low-Fat",24,
170627,"Beef, round, bottom round, roast, separable lean and fat, trimmed to 0"" fat, select, cooked, roasted",13,,"High-Protein,Low-Fat",24,
170628,"Beef, round, bottom round, steak, separable lean only, trimmed to 0"" fat, all grades, cooked, braised",13,,"High-Protein,Low-Fat",24,
170629,"Beef, round, bottom round, roast, separable lean only, trimmed to 0"" fat, all grades, cooked, roasted",13,,"High-Protein,Low-Fat",24,
170630,"Beef, round, bottom round, steak, separable lean only, trimmed to 0"" fat, choice, cooked, braised",13,,"High-Protein,Low-Fat",24,
170631,"Beef, round, bottom round, roast, separable lean only, trimmed to 0"" fat, choice, cooked, roasted",13,,"High-Protein,Low-Fat",24,
170632,"Beef, round, eye of round roast, boneless, separable lean and fat, trimmed to 0"" fat, select, cooked, roasted",13,,"High-Protein,Low-Fat",24,
170633,"Beef, round, eye of round roast, boneless, separable lean only, trimmed to 0"" fat, all grades, cooked, roasted",13,,"High-Protein,Low-Fat",24,
170634,"Beef, round, eye of round roast, boneless, separable lean only, trimmed to 0"" fat, choice, cooked, roasted",13,,"High-Protein,Low-Fat",24,
170635,"Beef, round, eye of round roast, boneless, separable lean only, trimmed to 0"" fat, select, cooked, roasted",13,,"High-Protein,Low-Fat",24,
170636,"Beef, round, tip round, roast, separable lean only, trimmed to 0"" fat, choice, cooked, roasted",13,,"High-Protein,Low-Fat",24,
170637,"Beef, round, tip round, roast, separable lean only, trimmed to 0"" fat, select, cooked, roasted",13,,"High-Protein,Low-Fat",24,
170638,"Beef, round, top round, separable lean and fat, trimmed to 0"" fat, all grades, cooked, braised",13,,"High-Protein,Low-Fat",24,
170639,"Beef, round, top round, separable lean and fat, trimmed to 0"" fat, choice, cooked, braised",13,,"High-Protein,Low-Fat",24,
170640,"Beef, loin, tenderloin steak, boneless, separable lean and fat, trimmed to 0"" fat, select, cooked, grilled",13,,"High-Protein,Low-Fat",24,
170641,"Beef, loin, tenderloin steak, boneless, separable lean only, trimmed to 0"" fat, all grades, cooked, grilled",13,,"High-Protein,Low-Fat",24,
170642,"Beef, loin, tenderloin steak, boneless, separable lean only, trimmed to 0"" fat, choice, cooked, grilled",13,,"High-Protein,Low-Fat",24,
170643,"Beef, loin, tenderloin steak, boneless, separable lean only, trimmed to 0"" fat, select, cooked, grilled",13,,"High-Protein,Low-Fat",24,
170644,"Puddings, vanilla, dry mix, regular, with added oil",19,,"Vegan,Vegetarian",24,
170645,"Jams and preserves, apricot",19,,"Vegan,Vegetarian,Vitamin-Rich",24,
170646,"Syrups, table blends, pancake, with 2% maple, with added potassium",19,,"Mineral-Rich,Vegan,Vegetarian",24,
170647,"Snacks, corn cakes, very low sodium",23,,"Low Sodium,Vegan,Vegetarian",24,
170648,"Snacks, potato chips, plain, made with partially hydrogenated soybean oil, unsalted",23,Soybeans,"Low Sodium,Vegan,Vegetarian,Vitamin-Rich",24,
170649,"Snacks, potato chips, plain, unsalted",23,,"Low Sodium,Vegan,Vegetarian,Vitamin-Rich",24,
170650,"Snacks, pretzels, hard, plain, made with unenriched flour, salted",23,Cereals containing gluten,"Vegan,Vegetarian",24,
170651,"Snacks, pretzels, hard, plain, made with unenriched flour, unsalted",23,Cereals containing gluten,"Low Sodium,Vegan,Vegetarian",24,
170652,"Snacks, rice cakes, brown rice, sesame seed, unsalted",23,Sesame seeds,"Low Sodium,Vegan,Vegetarian",24,
170653,"Snacks, sesame sticks, wheat-based, unsalted",23,"Cereals containing gluten,Sesame seeds","Low Sodium,Vegan,Vegetarian",24,
170654,"Snacks, trail mix, regular, unsalted",23,"Milk,Nuts,Peanuts,Soybeans","High-Protein,Low Sodium,Vegetarian",48,
170655,"Snacks, trail mix, regular, with chocolate chips, unsalted nuts and seeds",23,"Milk,Nuts,Peanuts,Soybeans","High-Protein,Low Sodium,Vegetarian",48,
170656,"Candies, sugar-coated almonds",19,"Nuts,Nuts (almonds)","Vegan,Vegetarian",48,
170657,"Cocoa, dry powder, hi-fat or breakfast, processed with alkali",19,,"Vegan,Vegetarian",24,
170658,"Candies, soft fruit and nut squares",19,Nuts,"Vegan,Vegetarian,Vitamin-Rich",48,
170659,"Ice creams, vanilla, fat free",19,Milk,"Fat-Free,Low-Fat,Vegetarian",24,
170660,"Ice creams, BREYERS, All Natural Light French Vanilla",19,"Eggs,Milk","Low-Fat,Vegetarian",24,
170661,"Ice creams, BREYERS, 98% Fat Free Vanilla",19,Milk,"Fat-Free,Low-Fat,Vegetarian",24,
170662,"Ice creams, BREYERS, All Natural Light Vanilla Chocolate Strawberry",19,Milk,"Low-Fat,Vegetarian",24,
170663,"Ice creams, BREYERS, All Natural Light Mint Chocolate Chip",19,Milk,"Low-Fat,Vegetarian",24,
170664,"Ice creams, BREYERS, No Sugar Added, Vanilla Chocolate Strawberry",19,Milk,"No Added Sugar,Vegetarian",24,
170665,"Frozen novelties, KLONDIKE, SLIM-A-BEAR Chocolate Cone",19,"Cereals containing gluten,Milk,Peanuts,Soybeans","Low-Fat,Vegetarian",48,
170666,"Frozen novelties, KLONDIKE, SLIM-A-BEAR Vanilla Sandwich",19,"Cereals containing gluten,Milk,Soybeans","Low-Fat,Vegetarian",24,
170667,"Frozen novelties, KLONDIKE, SLIM-A-BEAR, No Sugar Added, Stickless Bar",19,"Milk,Nuts,Nuts (coconut),Soybeans","No Added Sugar,Vegetarian",48,
170668,"Ice creams, BREYERS, No Sugar Added, Chocolate Caramel",19,Milk,"No Added Sugar,Vegetarian",24,
170669,"Candies, REESE's Fast Break, milk chocolate, peanut butter, soft nougats, candy bar",19,"Eggs,Milk,Peanuts,Soybeans",Vegetarian,48,
170670,"Candies, MARS SNACKFOOD US, COCOAVIA Chocolate Covered Almonds",19,"Nuts,Nuts (almonds),Soybeans","Vegan,Vegetarian",48,
170671,"Ice creams, regular, low carbohydrate, vanilla",19,"Eggs,Milk","Low-Carb,Vegetarian",24,
170672,"Sweeteners, for baking, brown, contains sugar and sucralose",19,,"Vegan,Vegetarian",24,
170673,"Sweeteners, for baking, contains sugar and sucralose",19,,"Vegan,Vegetarian",24,
170674,"Sugar, turbinado",19,,"Vegan,Vegetarian",24,
170675,"Sweeteners, sugar substitute, granulated, brown",19,,"No Added Sugar,Vegan,Vegetarian",24,
170676,"Candies, M&M MARS 3 MUSKETEERS Truffle Crisp",19,"Cereals containing gluten,Milk,Soybeans",Vegetarian,24,
170677,"Syrups, chocolate, HERSHEY'S Sugar free, Genuine Chocolate Flavored, Lite Syrup",19,,"No Added Sugar,Vegan,Vegetarian",24,
170678,"Candies, M&M MARS Pretzel Chocolate Candies",19,"Cereals containing gluten,Milk,Soybeans",Vegetarian,24,
170679,"Sweetener, herbal extract powder from Stevia leaf",19,,"No Added Sugar,Vegan,Vegetarian",24,
170680,"Candies, HERSHEYS, PAYDAY Bar",19,"Eggs,Peanuts,Soybeans",Vegetarian,48,
170681,"Syrup, NESTLE, chocolate",19,,"Vegan,Vegetarian",24,
170682,"Amaranth grain, uncooked",20,,"High-Protein,Vegan,Vegetarian",24,
170683,"Amaranth grain, cooked",20,,"High-Protein,Vegan,Vegetarian",24,
170684,Arrowroot flour,20,,"Vegan,Vegetarian",24,
170685,"Buckwheat groats, roasted, dry",20,,"Vegan,Vegetarian",24,
170686,"Buckwheat groats, roasted, cooked",20,,"Vegan,Vegetarian",24,
170687,"Buckwheat flour, whole-groat",20,,"Vegan,Vegetarian",24,
170688,"Bulgur, dry",20,Cereals containing gluten,"Vegan,Vegetarian",24,
170689,"Fast foods, taco with beef, cheese and lettuce, hard shell",21,"Milk,Soybeans",High-Protein,24,
170690,"Fast foods, cheeseburger; single, regular patty; plain",21,"Cereals containing gluten,Milk,Soybeans",High-Protein,24,
170691,"Fast foods, cheeseburger; single, regular patty, with condiments",21,"Cereals containing gluten,Milk,Soybeans",High-Protein,24,
170692,"Fast foods, cheeseburger; single, regular patty, with condiments and vegetables",21,"Cereals containing gluten,Eggs,Milk,Soybeans",High-Protein,24,
170693,"Fast foods, hamburger; single, regular patty; plain",21,"Cereals containing gluten,Soybeans",High-Protein,24,
170694,"Fast foods, hamburger; single, regular patty; with condiments",21,"Cereals containing gluten,Soybeans",High-Protein,24,
170695,"Fast foods, roast beef sandwich, plain",21,Cereals containing gluten,High-Protein,24,
170696,"Fast foods, submarine sandwich, cold cut on white bread with lettuce and tomato",21,"Cereals containing gluten,Soybeans",High-Protein,24,
170697,"Fast foods, onion rings, breaded and fried",21,Cereals containing gluten,Vegetarian,24,
170698,"Fast foods, potato, french fried in vegetable oil",21,,"Vegan,Vegetarian,Vitamin-Rich",24,
170699,"Fast foods, potato, mashed",21,Milk,"Vegetarian,Vitamin-Rich",24,
170700,"BURGER KING, Vanilla Shake",21,Milk,Vegetarian,24,
170701,"School Lunch, pizza, BIG DADDY'S LS 16"" 51% Whole Grain Rolled Edge Turkey Pepperoni Pizza, frozen",21,"Cereals containing gluten,Milk,Soybeans",High-Protein,24,
170702,"School Lunch, pizza, TONY'S SMARTPIZZA Whole Grain 4x6 Cheese Pizza 50/50 Cheese, frozen",21,"Cereals containing gluten,Milk,Soybeans","High-Protein,Vegetarian",24,
170703,"School Lunch, pizza, TONY'S SMARTPIZZA Whole Grain 4x6 Pepperoni Pizza 50/50 Cheese, frozen",21,"Cereals containing gluten,Milk,Soybeans",High-Protein,24,
170704,"School Lunch, pizza, TONY'S Breakfast Pizza Sausage, frozen",21,"Cereals containing gluten,Eggs,Milk,Soybeans",High-Protein,24,
170705,"SUBWAY, sweet onion chicken teriyaki sub on white bread with lettuce, tomato and sweet onion sauce",21,"Cereals containing gluten,Soybeans",High-Protein,24,
170706,"Fast foods, submarine sandwich, turkey breast on white bread with lettuce and tomato",21,Cereals containing gluten,High-Protein,24,
170707,"Fast foods, submarine sandwich, ham on white bread with lettuce and tomato",21,Cereals containing gluten,High-Protein,24,
170708,"SUBWAY, meatball marinara sub on white bread (no toppings)",21,"Cereals containing gluten,Soybeans",High-Protein,24,
170709,"Fast foods, submarine sandwich, meatball marinara on white bread",21,Cereals containing gluten,High-Protein,24,
170710,"Fast foods, hamburger, large, single patty, with condiments",21,"Cereals containing gluten,Soybeans",High-Protein,24,
170711,"SUBWAY, turkey breast sub on white bread with lettuce and tomato",21,Cereals containing gluten,High-Protein,24,
170712,"SUBWAY, black forest ham sub on white bread with lettuce and tomato",21,Cereals containing gluten,High-Protein,24,
170713,"SUBWAY, roast beef sub on white bread with lettuce and tomato",21,Cereals containing gluten,High-Protein,24,
170714,"Pizza, cheese topping, rising crust, frozen, cooked",21,"Cereals containing gluten,Milk,Soybeans","High-Protein,Vegetarian",24,
170715,"Pizza, meat and vegetable topping, regular crust, frozen, cooked",21,"Cereals containing gluten,Milk,Soybeans",High-Protein,24,
170716,"Pizza, meat and vegetable topping, rising crust, frozen, cooked",21,"Cereals containing gluten,Milk,Soybeans",High-Protein,24,
170717,"McDONALD'S, Hamburger",21,"Cereals containing gluten,Soybeans",High-Protein,24,
170718,"Fast foods, chicken, breaded and fried, boneless pieces, plain",21,Cereals containing gluten,High-Protein,24,
170719,"McDONALD'S, QUARTER POUNDER with Cheese",21,"Cereals containing gluten,Milk,Soybeans",High-Protein,24,
170720,"McDONALD'S, BIG MAC",21,"Cereals containing gluten,Eggs,Milk,Soybeans",High-Protein,24,
170721,"McDONALD'S, french fries",21,Cereals containing gluten,"Vegetarian,Vitamin-Rich",24,
170722,"WENDY'S, CLASSIC SINGLE Hamburger, no cheese",21,"Cereals containing gluten,Eggs,Soybeans",High-Protein,24,
170723,"WENDY'S, Homestyle Chicken Fillet Sandwich",21,"Cereals containing gluten,Eggs,Milk,Soybeans",High-Protein,24,
170724,"WENDY'S, Ultimate Chicken Grill Sandwich",21,"Cereals containing gluten,Eggs,Soybeans",High-Protein,24,
170725,"WENDY'S, Chicken Nuggets",21,Cereals containing gluten,High-Protein,24,
170726,"WENDY'S, french fries",21,,"Vegan,Vegetarian,Vitamin-Rich",24,
170727,"BURGER KING, WHOPPER, no cheese",21,"Cereals containing gluten,Eggs,Sesame seeds,Soybeans",High-Protein,24,
170728,"BURGER KING, WHOPPER, with cheese",21,"Cereals containing gluten,Eggs,Milk,Sesame seeds,Soybeans",High-Protein,24,
170729,"BURGER KING, DOUBLE WHOPPER, no cheese",21,"Cereals containing gluten,Eggs,Sesame seeds,Soybeans",High-Protein,24,
170730,"BURGER KING, DOUBLE WHOPPER, with cheese",21,"Cereals containing gluten,Eggs,Milk,Sesame seeds,Soybeans",High-Protein,24,
170731,"BURGER KING, Chicken Strips",21,Cereals containing gluten,High-Protein,24,
170732,"TACO BELL, Soft Taco with chicken, cheese and lettuce",21,"Cereals containing gluten,Milk,Soybeans",High-Protein,24,
170733,"TACO BELL, Soft Taco with steak",21,"Cereals containing gluten,Milk,Soybeans",High-Protein,24,
170734,"TACO BELL, Bean Burrito",21,"Cereals containing gluten,Milk,Soybeans","High-Protein,Vegetarian",24,
170735,"TACO BELL, BURRITO SUPREME with beef",21,"Cereals containing gluten,Milk,Soybeans",High-Protein,24,
170736,"TACO BELL, Taco Salad",21,"Cereals containing gluten,Milk,Soybeans",High-Protein,24,
170737,"KFC, Popcorn Chicken",21,"Cereals containing gluten,Eggs,Milk",High-Protein,48,
170738,"KFC, Fried Chicken, ORIGINAL RECIPE, Skin and Breading",21,"Cereals containing gluten,Eggs,Milk,Soybeans",High-Protein,24,
170739,"KFC, Fried Chicken, ORIGINAL RECIPE, Breast, meat only, skin and breading removed",21,"Cereals containing gluten,Eggs,Milk,Soybeans",High-Protein,24,
170740,"KFC, Fried Chicken, ORIGINAL RECIPE, Drumstick, meat only, skin and breading removed",21,"Cereals containing gluten,Eggs,Milk,Soybeans",High-Protein,24,
170741,"KFC, Fried Chicken, ORIGINAL RECIPE, Thigh, meat only, skin and breading removed",21,"Cereals containing gluten,Eggs,Milk,Soybeans",High-Protein,24,
170742,"KFC, Fried Chicken, EXTRA CRISPY, Thigh, meat only, skin and breading removed",21,"Cereals containing gluten,Eggs,Milk",High-Protein,24,
170743,"KFC, Fried Chicken, EXTRA CRISPY, Wing, meat only, skin and breading removed",21,"Cereals containing gluten,Eggs,Milk",High-Protein,24,
170744,"KFC, Fried Chicken, ORIGINAL RECIPE, Breast, meat and skin with breading",21,"Cereals containing gluten,Eggs,Milk,Soybeans",High-Protein,24,
170745,"KFC, Fried Chicken, ORIGINAL RECIPE, Drumstick, meat and skin with breading",21,"Cereals containing gluten,Eggs,Milk,Soybeans",High-Protein,24,
170746,"KFC, Fried Chicken, EXTRA CRISPY, Thigh, meat and skin with breading",21,"Cereals containing gluten,Eggs,Milk",High-Protein,24,
170747,"KFC, Fried Chicken, EXTRA CRISPY, Wing, meat and skin with breading",21,"Cereals containing gluten,Eggs,Milk",High-Protein,24,
170748,"POPEYES, Fried Chicken, Mild, Breast, meat only, skin and breading removed",21,"Cereals containing gluten,Eggs,Milk,Soybeans",High-Protein,24,
170749,"POPEYES, Fried Chicken, Mild, Drumstick, meat only, skin and breading removed",21,"Cereals containing gluten,Eggs,Milk,Soybeans",High-Protein,24,
170750,"POPEYES, Fried Chicken, Mild, Thigh, meat and skin with breading",21,"Cereals containing gluten,Eggs,Milk,Soybeans",High-Protein,24,
170751,"POPEYES, Fried Chicken, Mild, Wing, meat and skin with breading",21,"Cereals containing gluten,Eggs,Milk,Soybeans",High-Protein,24,
170752,"Fast foods, grilled chicken, bacon and tomato club sandwich, with cheese, lettuce, and mayonnaise",21,"Cereals containing gluten,Eggs,Milk",High-Protein,24,
170753,"Fast foods, crispy chicken, bacon, and tomato club sandwich, with cheese, lettuce, and mayonnaise",21,"Cereals containing gluten,Eggs,Milk",High-Protein,24,
170754,"Fast Foods, Fried Chicken, Wing, meat only, skin and breading removed",21,"Cereals containing gluten,Eggs,Milk,Soybeans",High-Protein,24,
170755,"Fast Foods, Fried Chicken, Skin and breading from all pieces",21,"Cereals containing gluten,Eggs,Milk,Soybeans",High-Protein,24,
170756,"Fast Foods, Fried Chicken, Breast, meat and skin and breading",21,"Cereals containing gluten,Eggs,Milk,Soybeans",High-Protein,24,
170757,"Fast Foods, Fried Chicken, Drumstick, meat and skin with breading",21,"Cereals containing gluten,Eggs,Milk,Soybeans",High-Protein,24,
170758,"DIGIORNO Pizza, cheese topping, thin crispy crust, frozen, baked",21,"Cereals containing gluten,Milk,Soybeans","High-Protein,Vegetarian",24,
170759,"DIGIORNO Pizza, pepperoni topping, cheese stuffed crust, frozen, baked",21,"Cereals containing gluten,Milk,Soybeans",High-Protein,24,
170760,"DIGIORNO Pizza, pepperoni topping, rising crust, frozen, baked",21,"Cereals containing gluten,Milk,Soybeans",High-Protein,24,
170761,"DIGIORNO Pizza, pepperoni topping, thin crispy crust, frozen, baked",21,"Cereals containing gluten,Milk,Soybeans",High-Protein,24,
170762,"Fast Food, Pizza Chain, 14"" pizza, pepperoni topping, thin crust",21,"Cereals containing gluten,Milk,Soybeans",High-Protein,24,
170763,"Fast foods, taco with beef, cheese and lettuce, soft",21,"Cereals containing gluten,Milk,Soybeans",High-Protein,24,
170764,"Fast foods, taco with chicken, lettuce and cheese, soft",21,"Cereals containing gluten,Milk",High-Protein,24,
170765,"Fast foods, quesadilla, with chicken",21,"Cereals containing gluten,Milk",High-Protein,24,
170766,"DOMINO'S 14"" Sausage Pizza, Classic Hand-Tossed Crust",21,"Cereals containing gluten,Milk,Soybeans",High-Protein,24,
170767,"DOMINO'S 14"" Sausage Pizza, Ultimate Deep Dish Crust",21,"Cereals containing gluten,Milk,Soybeans",High-Protein,24,
170768,"PIZZA HUT 14"" Sausage Pizza, THIN 'N CRISPY Crust",21,"Cereals containing gluten,Milk,Soybeans",High-Protein,24,
170769,"PIZZA HUT 14"" Sausage Pizza, Hand-Tossed Crust",21,"Cereals containing gluten,Milk,Soybeans",High-Protein,24,
170770,"WEND'YS, Crispy Chicken Sandwich",21,"Cereals containing gluten,Eggs,Soybeans",High-Protein,24,
170771,"BURGER KING, Onion Rings",21,Cereals containing gluten,Vegetarian,24,
170772,"WENDY'S, DAVE'S Hot 'N Juicy 1/4 LB, single",21,"Cereals containing gluten,Eggs,Milk,Soybeans",High-Protein,24,
170773,"Fast Food, Pizza Chain, 14"" pizza, cheese topping, stuffed crust",21,"Cereals containing gluten,Milk,Soybeans","High-Protein,Vegetarian",24,
170774,"PIZZA HUT 14"" Cheese Pizza, Stuffed Crust",21,"Cereals containing gluten,Milk,Soybeans","High-Protein,Vegetarian",24,
170775,"Fast foods, strawberry banana smoothie made with ice and low-fat yogurt",21,Milk,"Low-Fat,Vegetarian,Vitamin-Rich",24,
170776,"McDONALD'S, Southern Style Chicken Biscuit",21,"Cereals containing gluten,Milk",High-Protein,24,
170777,"McDONALD'S, RANCH SNACK WRAP, Crispy",21,"Cereals containing gluten,Eggs,Milk,Soybeans",High-Protein,24,
170778,"McDONALD'S, RANCH SNACK WRAP, Grilled",21,"Cereals containing gluten,Eggs,Milk,Soybeans",High-Protein,24,
170779,"School Lunch, pizza, cheese topping, thick crust, whole grain, frozen, cooked",21,"Cereals containing gluten,Milk,Soybeans","High-Protein,Vegetarian",24,
170780,"School Lunch, pizza, pepperoni topping, thin crust, whole grain, frozen, cooked",21,"Cereals containing gluten,Milk,Soybeans",High-Protein,24,
170781,"School Lunch, pizza, pepperoni topping, thick crust, whole grain, frozen, cooked",21,"Cereals containing gluten,Milk,Soybeans",High-Protein,24,
170782,"School Lunch, pizza, sausage topping, thin crust, whole grain, frozen, cooked",21,"Cereals containing gluten,Milk,Soybeans",High-Protein,24,
170783,"Beef, chuck, short ribs, boneless, separable lean only, trimmed to 0"" fat, choice, raw",13,,"High-Protein,Low-Fat",24,
170784,"WENDY'S, Double Stack, with cheese",21,"Cereals containing gluten,Eggs,Milk,Soybeans",High-Protein,24,
170785,"Fast foods, crispy chicken in tortilla, with lettuce, cheese, and ranch sauce",21,"Cereals containing gluten,Eggs,Milk",High-Protein,24,
170786,"Fast foods, grilled chicken in tortilla, with lettuce, cheese, and ranch sauce",21,"Cereals containing gluten,Eggs,Milk",High-Protein,24,
170787,"Fast foods, breakfast burrito, with egg, cheese, and sausage",21,"Cereals containing gluten,Eggs,Milk,Soybeans",High-Protein,24,
170788,"Fast foods, breadstick, soft, prepared with garlic and parmesan cheese",21,"Cereals containing gluten,Milk",Vegetarian,24,
170789,"PIZZA HUT, breadstick, parmesan garlic",21,"Cereals containing gluten,Milk",Vegetarian,24,
170790,"CHICK-FIL-A, chicken sandwich",21,"Cereals containing gluten,Eggs,Milk",High-Protein,24,
170791,"ARBY'S, roast beef sandwich, classic",21,"Cereals containing gluten,Soybeans",High-Protein,24,
170792,"School Lunch, pizza, cheese topping, thin crust, whole grain, frozen, cooked",21,"Cereals containing gluten,Milk,Soybeans","High-Protein,Vegetarian",24,
170793,"School Lunch, pizza, sausage topping, thick crust, whole grain, frozen, cooked",21,"Cereals containing gluten,Milk,Soybeans",High-Protein,24,
170794,"School Lunch, chicken patty, whole grain breaded",21,"Cereals containing gluten,Eggs,Soybeans",High-Protein,24,
170795,"School Lunch, chicken nuggets, whole grain breaded",21,"Cereals containing gluten,Eggs,Soybeans",High-Protein,24,
170796,"Beef, chuck, short ribs, boneless, separable lean only, trimmed to 0"" fat, all grades, raw",13,,"High-Protein,Low-Fat",24,
170797,"Beef, chuck eye Country-Style ribs, boneless, separable lean only, trimmed to 0"" fat, choice, cooked, braised",13,,"High-Protein,Low-Fat",24,
170798,"Beef, chuck eye Country-Style ribs, boneless, separable lean only, trimmed to 0"" fat, select, cooked, braised",13,,"High-Protein,Low-Fat",24,
170799,"Beef, chuck eye Country-Style ribs, boneless, separable lean only, trimmed to 0"" fat, all grades, cooked, braised",13,,"High-Protein,Low-Fat",24,
170800,"Beef, chuck eye Country-Style ribs, boneless, separable lean only, trimmed to 0"" fat, choice, raw",13,,"High-Protein,Low-Fat",24,
170801,"Beef, chuck eye steak, boneless, separable lean only, trimmed to 0"" fat, all grades, cooked, grilled",13,,"High-Protein,Low-Fat",24,
170802,"Beef, chuck eye steak, boneless, separable lean only, trimmed to 0"" fat, choice, raw",13,,"High-Protein,Low-Fat",24,
170803,"Beef, chuck eye steak, boneless, separable lean only, trimmed to 0"" fat, select, raw",13,,"High-Protein,Low-Fat",24,
170804,"Beef, chuck eye steak, boneless, separable lean only, trimmed to 0"" fat, all grades, raw",13,,"High-Protein,Low-Fat",24,
170805,"Beef, chuck, mock tender steak, boneless, separable lean only, trimmed to 0"" fat, select, cooked, braised",13,,"High-Protein,Low-Fat",24,
170806,"Beef, chuck, mock tender steak, boneless, separable lean only, trimmed to 0"" fat, all grades, cooked, braised",13,,"High-Protein,Low-Fat",24,
170807,"Beef, chuck, mock tender steak, boneless, separable lean only, trimmed to 0"" fat, choice, raw",13,,"High-Protein,Low-Fat",24,
170808,"Beef, chuck, mock tender steak, boneless, separable lean only, trimmed to 0"" fat, select, raw",13,,"High-Protein,Low-Fat",24,
170809,"Beef, chuck for stew, separable lean and fat, select, raw",13,,High-Protein,24,
170810,"Beef, chuck for stew, separable lean and fat, choice, raw",13,,High-Protein,24,
170811,"Beef, chuck, under blade steak, boneless, separable lean only, trimmed to 0"" fat, choice, cooked, braised",13,,"High-Protein,Low-Fat",24,
170812,"Beef, chuck, under blade steak, boneless, separable lean only, trimmed to 0"" fat, select, cooked, braised",13,,"High-Protein,Low-Fat",24,
170813,"Beef, chuck, under blade pot roast or steak, boneless, separable lean and fat, trimmed to 0"" fat, all grades, raw",13,,"High-Protein,Low-Fat",24,
170814,"Beef, chuck, under blade pot roast or steak, boneless, separable lean and fat, trimmed to 0"" fat, choice, raw",13,,"High-Protein,Low-Fat",24,
170815,"Beef, chuck, under blade pot roast or steak, boneless, separable lean and fat, trimmed to 0"" fat, select, raw",13,,"High-Protein,Low-Fat",24,
170816,"Beef, chuck, under blade center steak, boneless, Denver Cut, separable lean and fat, trimmed to 0"" fat, all grades, cooked, grilled",13,,"High-Protein,Low-Fat",24,
170817,"Beef, chuck, under blade center steak, boneless, Denver Cut, separable lean and fat, trimmed to 0"" fat, select, raw",13,,"High-Protein,Low-Fat",24,
170818,"Beef, shoulder pot roast or steak, boneless, separable lean and fat, trimmed to 0"" fat, choice, raw",13,,"High-Protein,Low-Fat",24,
170819,"Beef, shoulder pot roast or steak, boneless, separable lean and fat, trimmed to 0"" fat, select, raw",13,,"High-Protein,Low-Fat",24,
170820,"Beef, chuck eye roast, boneless, America's Beef Roast, separable lean and fat, trimmed to 0"" fat, all grades, cooked, roasted",13,,"High-Protein,Low-Fat",24,
170821,"Beef, chuck, mock tender steak, boneless, separable lean and fat, trimmed to 0"" fat, all grades, cooked, braised",13,,"High-Protein,Low-Fat",24,
170822,"Beef, chuck, mock tender steak, boneless, separable lean and fat, trimmed to 0"" fat, choice, cooked, braised",13,,"High-Protein,Low-Fat",24,
170823,"Beef, chuck, mock tender steak, boneless, separable lean and fat, trimmed to 0"" fat, select, cooked, braised",13,,"High-Protein,Low-Fat",24,
170824,"Beef, chuck, mock tender steak, boneless, separable lean and fat, trimmed to 0"" fat, all grades, raw",13,,"High-Protein,Low-Fat",24,
170825,"Beef, chuck, short ribs, boneless, separable lean and fat, trimmed to 0"" fat, select, cooked, braised",13,,"High-Protein,Low-Fat",24,
170826,"Beef, chuck, short ribs, boneless, separable lean and fat, trimmed to 0"" fat, all grades, raw",13,,"High-Protein,Low-Fat",24,
170827,"Beef, chuck, short ribs, boneless, separable lean and fat, trimmed to 0"" fat, choice, raw",13,,"High-Protein,Low-Fat",24,
170828,"Beef, chuck, short ribs, boneless, separable lean and fat, trimmed to 0"" fat, select, raw",13,,"High-Protein,Low-Fat",24,
170829,"Beef, chuck eye Country-Style ribs, boneless, separable lean and fat, trimmed to 0"" fat, choice, cooked, braised",13,,"High-Protein,Low-Fat",24,
170830,"Beef, chuck eye Country-Style ribs, boneless, separable lean and fat, trimmed to 0"" fat, select, cooked, braised",13,,"High-Protein,Low-Fat",24,
170831,"Beef, chuck eye Country-Style ribs, boneless, separable lean and fat, trimmed to 0"" fat, all grades, raw",13,,"High-Protein,Low-Fat",24,
170832,"Beef, chuck eye Country-Style ribs, boneless, separable lean and fat, trimmed to 0"" fat, choice, raw",13,,"High-Protein,Low-Fat",24,
170833,"Beef, chuck eye Country-Style ribs, boneless, separable lean and fat, trimmed to 0"" fat, select, raw",13,,"High-Protein,Low-Fat",24,
170834,"Beef, chuck eye steak, boneless, separable lean and fat, trimmed to 0"" fat, choice, raw",13,,"High-Protein,Low-Fat",24,
170835,"Beef, chuck eye steak, boneless, separable lean and fat, trimmed to 0"" fat, select, raw",13,,"High-Protein,Low-Fat",24,
170836,"Beef, rib eye roast, bone-in, lip-on, separable lean only, trimmed to 1/8"" fat, all grades, cooked, roasted",13,,High-Protein,24,
170837,"Beef, rib eye roast, bone-in, lip-on, separable lean only, trimmed to 1/8"" fat, select, cooked, roasted",13,,High-Protein,24,
170838,"Beef, rib eye steak/roast, bone-in, lip-on, separable lean only, trimmed to 1/8"" fat, select, raw",13,,High-Protein,24,
170839,"Beef, rib eye steak/roast, boneless, lip-on, separable lean only, trimmed to 1/8"" fat, all grades, raw",13,,High-Protein,24,
170840,"Beef, rib eye steak/roast, boneless, lip-on, separable lean only, trimmed to 1/8"" fat, choice, raw",13,,High-Protein,24,
170841,"Beef, rib eye steak/roast, boneless, lip-on, separable lean only, trimmed to 1/8"" fat, select, raw",13,,High-Protein,24,
170842,"Beef, rib eye roast, boneless, lip-on, separable lean only, trimmed to 1/8"" fat, choice, cooked, roasted",13,,High-Protein,24,
170843,"Cheese, fontina",1,Milk,"High-Protein,Vegetarian",24,
170844,"Cheese, monterey",1,Milk,"High-Protein,Vegetarian",24,
170845,"Cheese, mozzarella, whole milk",1,Milk,"High-Protein,Vegetarian",24,
170846,"Cheese, mozzarella, whole milk, low moisture",1,Milk,"High-Protein,Vegetarian",24,
170847,"Cheese, mozzarella, part skim milk",1,Milk,"High-Protein,Vegetarian",24,
170848,"Cheese, parmesan, hard",1,Milk,"High-Protein,Vegetarian",24,
170849,"Cheese, port de salut",1,Milk,"High-Protein,Vegetarian",24,
170850,"Cheese, provolone",1,Milk,"High-Protein,Vegetarian",24,
170851,"Cheese, ricotta, whole milk",1,Milk,"High-Protein,Vegetarian",24,
170852,"Cheese, tilsit",1,Milk,"High-Protein,Vegetarian",24,
170853,"Cheese, pasteurized process, American, fortified with vitamin D",1,Milk,"High-Protein,Vegetarian,Vitamin-Rich",24,
170854,"Cheese, pasteurized process, pimento",1,Milk,"High-Protein,Vegetarian",24,
170855,"Cheese, pasteurized process, swiss",1,Milk,"High-Protein,Vegetarian",24,
170856,"Cheese food, cold pack, American",1,Milk,"High-Protein,Vegetarian",24,
170857,"Cream, fluid, light (coffee cream or table cream)",1,Milk,Vegetarian,24,
170858,"Cream, fluid, light whipping",1,Milk,Vegetarian,24,
170859,"Cream, fluid, heavy whipping",1,Milk,Vegetarian,24,
170860,"Cream, whipped, cream topping, pressurized",1,Milk,Vegetarian,24,
170861,"Milk, filled, fluid, with blend of hydrogenated vegetable oils",1,"Milk,Soybeans",Vegetarian,24,
170862,"Milk, filled, fluid, with lauric acid oil",1,"Milk,Nuts,Nuts (coconut)",Vegetarian,48,
170863,"Cheese, American, nonfat or fat free",1,Milk,"Fat-Free,High-Protein,Low-Fat,Vegetarian",24,
170864,"Yogurt, Greek, 2% fat, apricot, CHOBANI",1,Milk,"High-Protein,Low-Fat,Vegetarian,Vitamin-Rich",24,
170865,"Dessert topping, powdered",1,"Milk,Soybeans",Vegetarian,24,
170866,"Dessert topping, powdered, 1.5 ounce prepared with 1/2 cup milk",1,"Milk,Soybeans",Vegetarian,24,
170867,"Dessert topping, pressurized",1,"Milk,Soybeans",Vegetarian,24,
170868,"Dessert topping, semi solid, frozen",1,"Milk,Soybeans",Vegetarian,24,
170869,"Sour cream, imitation, cultured",1,Soybeans,"Dairy-Free,Vegan,Vegetarian",24,
170870,"Milk, reduced fat, fluid, 2% milkfat, with added nonfat milk solids and vitamin A and vitamin D",1,Milk,"High-Protein,Vegetarian,Vitamin-Rich",24,
170871,"Milk, reduced fat, fluid, 2% milkfat, protein fortified, with added vitamin A and vitamin D",1,Milk,"High-Protein,Vegetarian,Vitamin-Rich",24,
170872,"Milk, lowfat, fluid, 1% milkfat, with added vitamin A and vitamin D",1,Milk,"High-Protein,Low-Fat,Vegetarian,Vitamin-Rich",24,
170873,"Milk, lowfat, fluid, 1% milkfat, with added nonfat milk solids, vitamin A and vitamin D",1,Milk,"High-Protein,Low-Fat,Vegetarian,Vitamin-Rich",24,
170874,"Milk, buttermilk, fluid, cultured, lowfat",1,Milk,"High-Protein,Low-Fat,Vegetarian",24,
170875,"Milk, low sodium, fluid",1,Milk,"High-Protein,Low Sodium,Vegetarian",24,
170876,"Milk, dry, whole, with added vitamin D",1,Milk,"High-Protein,Vegetarian,Vitamin-Rich",24,
170877,"Milk, dry, nonfat, regular, without added vitamin A and vitamin D",1,Milk,"Fat-Free,High-Protein,Low-Fat,Vegetarian",24,
170878,"Milk, canned, evaporated, nonfat, with added vitamin A and vitamin D",1,Milk,"Fat-Free,High-Protein,Low-Fat,Vegetarian,Vitamin-Rich",24,
170879,"Milk, chocolate, fluid, commercial, whole, with added vitamin A and vitamin D",1,Milk,"High-Protein,Vegetarian,Vitamin-Rich",24,
170880,"Milk, chocolate, fluid, commercial, reduced fat, with added vitamin A and vitamin D",1,Milk,"High-Protein,Vegetarian,Vitamin-Rich",24,
170881,"Milk, chocolate, lowfat, with added vitamin A and vitamin D",1,Milk,"High-Protein,Low-Fat,Vegetarian,Vitamin-Rich",24,
170882,"Milk, sheep, fluid",1,Milk,"High-Protein,Vegetarian",24,
170883,"Milk shakes, thick chocolate",1,Milk,Vegetarian,24,
170884,"Milk shakes, thick vanilla",1,Milk,Vegetarian,24,
170885,"Whey, acid, fluid",1,Milk,"High-Protein,Vegetarian",24,
170886,"Yogurt, plain, low fat",1,Milk,"High-Protein,Low-Fat,Vegetarian",24,
170887,"Yogurt, plain, skim milk",1,Milk,"Fat-Free,High-Protein,Low-Fat,Vegetarian",24,
170888,"Yogurt, vanilla, low fat.",1,Milk,"High-Protein,Low-Fat,Vegetarian",24,
170889,"Yogurt, fruit, low fat,9 g protein/8 oz",1,Milk,"High-Protein,Low-Fat,Vegetarian,Vitamin-Rich",24,
170890,"Milk dessert bar, frozen, made from lowfat milk",1,Milk,"Low-Fat,Vegetarian",24,
170891,"Yogurt, Greek, 2% fat,mixed berry blend, CHOBANI",1,Milk,"High-Protein,Low-Fat,Vegetarian,Vitamin-Rich",24,
170892,"Nutritional supplement for people with diabetes, liquid",1,"Milk,Soybeans","High-Protein,Vegetarian",24,
170893,"Egg, whole, raw, frozen, salted, pasteurized",1,Eggs,"High-Protein,Vegetarian",24,
170894,"Yogurt, Greek, plain, nonfat (Includes foods for USDA's Food Distribution Program)",1,Milk,"Fat-Free,High-Protein,Low-Fat,Vegetarian",24,
170895,"Egg, white, dried, stabilized, glucose reduced",1,Eggs,"High-Protein,Vegetarian",24,
170896,"Cheese spread, American or Cheddar cheese base, reduced fat",1,"Milk,Soybeans","Low-Fat,Vegetarian",24,
170897,"Cheese, Swiss, nonfat or fat free",1,Milk,"Fat-Free,High-Protein,Low-Fat,Vegetarian",24,
170898,"Cheese, mexican, queso cotija",1,Milk,"High-Protein,Vegetarian",24,
170899,"Cheese, cheddar, sharp, sliced",1,Milk,"High-Protein,Vegetarian",24,
170900,"Cheese, mozzarella, low moisture, part-skim, shredded",1,Milk,"High-Protein,Vegetarian",24,
170901,"Yogurt, Greek, strawberry, nonfat",1,Milk,"Fat-Free,High-Protein,Low-Fat,Vegetarian,Vitamin-Rich",24,
170902,"Yogurt, Greek, vanilla, nonfat",1,Milk,"Fat-Free,High-Protein,Low-Fat,Vegetarian",24,
170903,"Yogurt, Greek, plain, lowfat",1,Milk,"High-Protein,Low-Fat,Vegetarian",24,
170904,"Kefir, lowfat, plain, LIFEWAY",1,Milk,"High-Protein,Low-Fat,Vegetarian",24,
170905,"Yogurt, Greek, fruit, whole milk",1,Milk,"High-Protein,Vegetarian,Vitamin-Rich",24,
170906,"Yogurt, vanilla, non-fat",1,Milk,"Fat-Free,High-Protein,Low-Fat,Vegetarian",24,
170907,"Yogurt, Greek, vanilla, lowfat",1,Milk,"High-Protein,Low-Fat,Vegetarian",24,
170908,"Yogurt, frozen, flavors other than chocolate, lowfat",1,Milk,"Low-Fat,Vegetarian",24,
170909,"Yogurt, Greek, 2% fat, pineapple, CHOBANI",1,Milk,"High-Protein,Low-Fat,Vegetarian,Vitamin-Rich",24,
170910,"Milk, chocolate, lowfat, reduced sugar",1,Milk,"High-Protein,Low-Fat,No Added Sugar,Vegetarian",24,
170911,"Ice cream, lowfat, no sugar added, cone, added peanuts and chocolate sauce",1,"Cereals containing gluten,Milk,Peanuts,Soybeans","Low-Fat,No Added Sugar,Vegetarian",48,
170912,"Yogurt, Greek, 2% fat, strawberry banana, CHOBANI",1,Milk,"High-Protein,Low-Fat,Vegetarian,Vitamin-Rich",24,
170913,"Yogurt, Greek, nonfat, Fruit on Bottom, Pomegranate, CHOBANI",1,Milk,"Fat-Free,High-Protein,Low-Fat,Vegetarian,Vitamin-Rich",24,
170914,"Yogurt, Greek, Blueberry, CHOBANI",1,Milk,"High-Protein,Vegetarian,Vitamin-Rich",24,
170915,"Yogurt, Greek, nonfat, Fruit on Bottom, Strawberry, CHOBANI",1,Milk,"Fat-Free,High-Protein,Low-Fat,Vegetarian,Vitamin-Rich",24,
170916,"Yogurt, Greek, nonfat, Fruit on Bottom, Blackberry, CHOBANI",1,Milk,"Fat-Free,High-Protein,Low-Fat,Vegetarian,Vitamin-Rich",24,
170917,"Spices, bay leaf",2,,"Vegan,Vegetarian",24,
170918,"Spices, caraway seed",2,,"Vegan,Vegetarian",24,
170919,"Spices, cardamom",2,,"Vegan,Vegetarian",24,
170920,"Spices, celery seed",2,Celery,"Vegan,Vegetarian",24,
170921,"Spices, coriander leaf, dried",2,,"Vegan,Vegetarian,Vitamin-Rich",24,
170922,"Spices, coriander seed",2,,"Vegan,Vegetarian",24,
170923,"Spices, cumin seed",2,,"Vegan,Vegetarian",24,
170924,"Spices, curry powder",2,Mustard,"Vegan,Vegetarian",24,
170925,"Spices, dill seed",2,,"Vegan,Vegetarian",24,
170926,"Spices, ginger, ground",2,,"Vegan,Vegetarian",24,
170927,"Spices, mace, ground",2,,"Vegan,Vegetarian",24,
170928,"Spices, marjoram, dried",2,,"Vegan,Vegetarian",24,
170929,"Spices, mustard seed, ground",2,Mustard,"Vegan,Vegetarian",24,
170930,"Spices, parsley, dried",2,,"Vegan,Vegetarian",24,
170931,"Spices, pepper, black",2,,"Vegan,Vegetarian",24,
170932,"Spices, pepper, red or cayenne",2,,"Vegan,Vegetarian",24,
170933,"Spices, pepper, white",2,,"Vegan,Vegetarian",24,
170934,"Spices, saffron",2,,"Vegan,Vegetarian",24,
170935,"Spices, sage, ground",2,,"Vegan,Vegetarian",24,
170936,"Spices, savory, ground",2,,"Vegan,Vegetarian",24,
170937,"Spices, tarragon, dried",2,,"Vegan,Vegetarian",24,
170938,"Spices, thyme, dried",2,,"Vegan,Vegetarian",24,
170939,"Babyfood, vegetables, peas, strained",3,,"High-Protein,Vegan,Vegetarian,Vitamin-Rich",4,24.0
170940,"Babyfood, peas, dices, toddler",3,,"High-Protein,Vegan,Vegetarian,Vitamin-Rich",12,24.0
170941,"Babyfood, vegetables, spinach, creamed, strained",3,Cereals containing gluten,"Vegan,Vegetarian,Vitamin-Rich",4,24.0
170942,"Babyfood, fruit, apricot with tapioca, junior",3,,"Vegan,Vegetarian,Vitamin-Rich",8,24.0
170943,"Babyfood, fruit, pears, junior",3,,"Vegan,Vegetarian,Vitamin-Rich",8,24.0
170944,"Babyfood, fruit, plums with tapioca, without ascorbic acid, strained",3,,"Vegan,Vegetarian,Vitamin-Rich",4,24.0
170945,"Babyfood, fruit, plums with tapioca, without ascorbic acid, junior",3,,"Vegan,Vegetarian,Vitamin-Rich",8,24.0
170946,"Babyfood, fruit, prunes with tapioca, without ascorbic acid, strained",3,,"Vegan,Vegetarian,Vitamin-Rich",4,24.0
170947,"Babyfood, fruit, applesauce and apricots, strained",3,,"Vegan,Vegetarian,Vitamin-Rich",4,24.0
170948,"Babyfood, fruit, applesauce and apricots, junior",3,,"Vegan,Vegetarian,Vitamin-Rich",8,24.0
170949,"Babyfood, fruit, applesauce and cherries, strained",3,,"Vegan,Vegetarian,Vitamin-Rich",4,24.0
170950,"Babyfood, fruit, applesauce and cherries, junior",3,,"Vegan,Vegetarian,Vitamin-Rich",8,24.0
170951,"Babyfood, fruit, applesauce with banana, junior",3,,"Vegan,Vegetarian,Vitamin-Rich",8,24.0
170952,"Babyfood, fruit and vegetable, apple and sweet potato",3,,"Vegan,Vegetarian,Vitamin-Rich",4,24.0
170953,"Babyfood, fruit, bananas and pineapple with tapioca, junior",3,,"Vegan,Vegetarian,Vitamin-Rich",8,24.0
170954,"Babyfood, fruit, bananas and pineapple with tapioca, strained",3,,"Vegan,Vegetarian,Vitamin-Rich",4,24.0
170955,"Babyfood, fruit, pears and pineapple, strained",3,,"Vegan,Vegetarian,Vitamin-Rich",4,24.0
170956,"Babyfood, fruit, bananas with apples and pears, strained",3,,"Vegan,Vegetarian,Vitamin-Rich",4,24.0
170957,"Babyfood, fruit, apple and blueberry, strained",3,,"Vegan,Vegetarian,Vitamin-Rich",4,24.0
170958,"Babyfood, fruit, apple and blueberry, junior",3,,"Vegan,Vegetarian,Vitamin-Rich",8,24.0
170959,"Babyfood, juice, apple",3,,"Vegan,Vegetarian,Vitamin-Rich",4,24.0
170960,"Babyfood, juice, orange and apple and banana",3,,"Vegan,Vegetarian,Vitamin-Rich",4,24.0
170961,"Babyfood, juice, orange and apricot",3,,"Vegan,Vegetarian,Vitamin-Rich",4,24.0
170962,"Babyfood, juice, orange and banana",3,,"Vegan,Vegetarian,Vitamin-Rich",4,24.0
170963,"Babyfood, juice, orange and pineapple",3,,"Vegan,Vegetarian,Vitamin-Rich",4,24.0
170964,"Babyfood, cereal, mixed, dry fortified",3,"Cereals containing gluten,Cereals containing gluten (oats)","Vegan,Vegetarian",4,24.0
170965,"Babyfood, cereal, mixed, with bananas, dry",3,"Cereals containing gluten,Cereals containing gluten (oats)","Vegan,Vegetarian,Vitamin-Rich",4,24.0
170966,"Babyfood, cereal, mixed, with applesauce and bananas, strained",3,"Cereals containing gluten,Cereals containing gluten (oats)","Vegan,Vegetarian,Vitamin-Rich",4,24.0
170967,"Babyfood, cereal, mixed, with applesauce and bananas, junior, fortified",3,"Cereals containing gluten,Cereals containing gluten (oats)","Vegan,Vegetarian,Vitamin-Rich",8,24.0
170968,"Babyfood, cereal, oatmeal, with honey, dry",3,Cereals containing gluten (oats),Vegetarian,12,24.0
170969,"Babyfood, cereal, rice, dry fortified",3,,"Gluten-Free,Vegan,Vegetarian",4,24.0
170970,"Babyfood, cereal, rice, with applesauce and bananas, strained",3,,"Gluten-Free,Vegan,Vegetarian,Vitamin-Rich",4,24.0
170971,"Babyfood, cereal, with egg yolks, strained",3,"Cereals containing gluten,Eggs","High-Protein,Vegetarian",6,24.0
170972,"Babyfood, crackers, vegetable",3,Cereals containing gluten,"Vegan,Vegetarian,Vitamin-Rich",8,24.0
170973,"Babyfood, cereal, high protein, with apple and orange, dry",3,"Cereals containing gluten,Milk,Soybeans","High-Protein,Vegetarian,Vitamin-Rich",4,24.0
170974,"Babyfood, cereal, rice, with bananas, dry",3,,"Gluten-Free,Vegan,Vegetarian,Vitamin-Rich",4,24.0
170975,"Babyfood, cookies",3,"Cereals containing gluten,Eggs,Milk,Soybeans",Vegetarian,8,24.0
170976,"Babyfood, dessert, dutch apple, strained",3,Cereals containing gluten,"Vegan,Vegetarian,Vitamin-Rich",4,24.0
170977,"Babyfood, dessert, dutch apple, junior",3,Cereals containing gluten,"Vegan,Vegetarian,Vitamin-Rich",8,24.0
170978,"Babyfood, cherry cobbler, junior",3,Cereals containing gluten,"Vegan,Vegetarian,Vitamin-Rich",8,24.0
170979,"Babyfood, dessert, cherry vanilla pudding, strained",3,,"Vegan,Vegetarian,Vitamin-Rich",4,24.0
170980,"Babyfood, dessert, peach melba, strained",3,,"Vegan,Vegetarian,Vitamin-Rich",4,24.0
170981,"Babyfood, dessert, peach melba, junior",3,,"Vegan,Vegetarian,Vitamin-Rich",8,24.0
170982,"Babyfood, dessert, fruit pudding, pineapple, strained",3,,"Vegan,Vegetarian,Vitamin-Rich",4,24.0
170983,"Babyfood, dessert, fruit dessert, without ascorbic acid, strained",3,,"Vegan,Vegetarian,Vitamin-Rich",4,24.0
170984,"Babyfood, juice, fruit punch, with calcium",3,,"Mineral-Rich,Vegan,Vegetarian,Vitamin-Rich",4,24.0
170985,"Babyfood, juice, apple, with calcium",3,,"Mineral-Rich,Vegan,Vegetarian,Vitamin-Rich",4,24.0
170986,"Infant Formula, MEAD JOHNSON, ENFAMIL, ENFACARE, ready-to-feed, with ARA and DHA",3,"Milk,Soybeans",High-Protein,0,12.0
170987,"Babyfood, yogurt, whole milk, with fruit, multigrain cereal and added DHA fortified",3,"Cereals containing gluten,Cereals containing gluten (oats),Fish,Milk","High-Protein,Pescatarian,Vegetarian,Vitamin-Rich",6,24.0
170988,"Infant formula, ABBOTT NUTRITION, ALIMENTUM ADVANCE, with iron, powder, not reconstituted, with DHA and ARA",3,Milk,High-Protein,0,12.0
170989,"Babyfood, mashed cheddar potatoes and broccoli, toddlers",3,Milk,"Vegetarian,Vitamin-Rich",12,24.0
170990,"Babyfood, yogurt, whole milk, with fruit, multigrain cereal and added iron fortified",3,"Cereals containing gluten,Cereals containing gluten (oats),Milk","High-Protein,Vegetarian,Vitamin-Rich",6,24.0
170991,"Infant formula, NESTLE, GOOD START SOY, with DHA and ARA, liquid concentrate",3,Soybeans,"Dairy-Free,High-Protein,Lactose-Free,Vegan,Vegetarian",0,12.0
170992,"Toddler formula, MEAD JOHNSON, ENFAGROW, Toddler Transitions, with ARA and DHA, powder",3,"Milk,Soybeans",High-Protein,12,24.0
170993,"Toddler formula, MEAD JOHNSON, ENFAGROW PREMIUM (formerly ENFAMIL, LIPIL, NEXT STEP), ready-to-feed",3,"Milk,Soybeans",High-Protein,12,24.0
170994,"Infant Formula, MEAD JOHNSON, ENFAMIL, Newborn, with DHA and ARA, ready-to-feed",3,"Milk,Soybeans",High-Protein,0,12.0
170995,"Infant formula, GERBER, GOOD START 2 Soy, with iron, ready-to-feed",3,Soybeans,"Dairy-Free,High-Protein,Lactose-Free,Vegan,Vegetarian",6,24.0
170996,"Infant formula, GERBER, GOOD START, PROTECT PLUS, ready-to-feed",3,"Milk,Soybeans",High-Protein,0,12.0
170997,"Infant Formula, GERBER GOOD START 2, GENTLE PLUS, ready-to-feed",3,"Milk,Soybeans",High-Protein,6,24.0
170998,"Babyfood, fruit, banana and strawberry, junior",3,,"Vegan,Vegetarian,Vitamin-Rich",8,24.0
170999,"Babyfood, banana with mixed berries, strained",3,,"Vegan,Vegetarian,Vitamin-Rich",4,24.0
171000,"Babyfood, Multigrain whole grain cereal, dry fortified",3,"Cereals containing gluten,Cereals containing gluten (oats)","Vegan,Vegetarian",4,24.0
171001,"Babyfood, Baby MUM MUM Rice Biscuits",3,,"Gluten-Free,Vegan,Vegetarian",6,24.0
171002,"Salad dressing, KRAFT Mayo Light Mayonnaise",4,Eggs,Vegetarian,24,
171003,"Salad dressing, KRAFT Mayo Fat Free Mayonnaise Dressing",4,Eggs,"Fat-Free,Low-Fat,Vegetarian",24,
171004,"Salad dressing, KRAFT MIRACLE WHIP FREE Nonfat Dressing",4,Eggs,"Fat-Free,Low-Fat,Vegetarian",24,
171005,"Salad dressing, russian dressing",4,Eggs,Vegetarian,24,
171006,"Salad dressing, sesame seed dressing, regular",4,"Eggs,Sesame seeds",Vegetarian,24,
171007,"Salad dressing, russian dressing, low calorie",4,,"Vegan,Vegetarian",24,
171008,"Salad dressing, thousand island dressing, reduced fat",4,Eggs,"Low-Fat,Vegetarian",24,
171009,"Salad dressing, mayonnaise, regular",4,Eggs,Vegetarian,24,
171010,"Salad dressing, mayonnaise, soybean and safflower oil, with salt",4,"Eggs,Soybeans",Vegetarian,24,
171011,"Shortening, household, soybean (partially hydrogenated)-cottonseed (partially hydrogenated)",4,Soybeans,"Vegan,Vegetarian",24,
171012,"Oil, soybean, salad or cooking, (partially hydrogenated)",4,Soybeans,"Vegan,Vegetarian",24,
171013,"Oil, rice bran",4,,"Vegan,Vegetarian",24,
171014,"Oil, wheat germ",4,Cereals containing gluten,"Vegan,Vegetarian",24,
171015,"Oil, palm",4,,"Vegan,Vegetarian",24,
171016,"Oil, sesame, salad or cooking",4,Sesame seeds,"Vegan,Vegetarian",24,
171017,"Oil, sunflower, linoleic (less than 60%)",4,,"Vegan,Vegetarian",24,
171018,"Margarine, regular, hard, soybean (hydrogenated)",4,Soybeans,"Vegan,Vegetarian",24,
171019,"Salad dressing, italian dressing, commercial, regular",4,,"Vegan,Vegetarian",24,
171020,"Salad dressing, french dressing, commercial, regular, without salt",4,,"Low Sodium,Vegan,Vegetarian",24,
171021,"Salad dressing, french dressing, reduced fat, without salt",4,,"Low Sodium,Low-Fat,Vegan,Vegetarian",24,
171022,"Salad dressing, italian dressing, commercial, regular, without salt",4,,"Low Sodium,Vegan,Vegetarian",24,
171023,"Salad dressing, italian dressing, reduced fat, without salt",4,,"Low Sodium,Low-Fat,Vegan,Vegetarian",24,
171024,"Oil, cottonseed, salad or cooking",4,,"Vegan,Vegetarian",24,
171025,"Oil, sunflower, linoleic, (approx. 65%)",4,,"Vegan,Vegetarian",24,
171026,"Oil, safflower, salad or cooking, linoleic, (over 70%)",4,,"Vegan,Vegetarian",24,
171027,"Oil, safflower, salad or cooking, high oleic (primary safflower oil of commerce)",4,,"Vegan,Vegetarian",24,
171028,"Oil, grapeseed",4,,"Vegan,Vegetarian",24,
171029,"Oil, corn, industrial and retail, all purpose salad or cooking",4,,"Vegan,Vegetarian",24,
171030,"Oil, walnut",4,"Nuts,Nuts (walnuts)","Vegan,Vegetarian",48,
171031,"Oil, almond",4,"Nuts,Nuts (almonds)","Vegan,Vegetarian",48,
171032,"Oil, apricot kernel",4,,"Vegan,Vegetarian,Vitamin-Rich",24,
171033,"Oil, vegetable, Natreon canola, high stability, non trans, high oleic (70%)",4,,"Vegan,Vegetarian",24,
171034,"Salad dressing, honey mustard dressing, reduced calorie",4,Eggs,Vegetarian,12,
171035,"Margarine-like spread, BENECOL Light Spread",4,Soybeans,"Low-Fat,Vegan,Vegetarian",24,
171036,"Salad dressing, spray-style dressing, assorted flavors",4,,"Low-Fat,Vegan,Vegetarian",24,
171037,"Salad Dressing, mayonnaise, light, SMART BALANCE, Omega Plus light",4,"Eggs,Soybeans",Vegetarian,24,
171038,"Margarine-like, vegetable oil spread, 60% fat, tub, with salt, with added vitamin D",4,Soybeans,"Vegan,Vegetarian,Vitamin-Rich",24,
171039,"Margarine-like vegetable-oil spread, stick/tub/bottle, 60% fat, with added vitamin D",4,Soybeans,"Vegan,Vegetarian,Vitamin-Rich",24,
171040,"Margarine, regular, 80% fat, composite, stick, without salt, with added vitamin D",4,Soybeans,"Low Sodium,Vegan,Vegetarian,Vitamin-Rich",24,
171041,"Margarine-like, vegetable oil spread, 60% fat, stick/tub/bottle, without salt, with added vitamin D",4,Soybeans,"Low Sodium,Vegan,Vegetarian,Vitamin-Rich",24,
171042,"Oil, industrial, canola, high oleic",4,,"Vegan,Vegetarian",24,
171043,"Salad dressing, honey mustard, regular",4,Eggs,Vegetarian,12,
171044,"Salad dressing, poppyseed, creamy",4,"Eggs,Soybeans",Vegetarian,24,
171045,"Salad dressing, caesar, fat-free",4,"Fish,Milk","Fat-Free,Low-Fat,Pescatarian",24,
171046,"Dressing, honey mustard, fat-free",4,,"Fat-Free,Low-Fat,Vegan,Vegetarian",12,
171047,"Chicken, broilers or fryers, meat and skin and giblets and neck, raw",5,,High-Protein,24,
171048,"Chicken, broilers or fryers, meat and skin and giblets and neck, cooked, fried, batter",5,"Cereals containing gluten,Eggs,Milk",High-Protein,24,
171049,"Chicken, broilers or fryers, meat and skin and giblets and neck, cooked, fried, flour",5,Cereals containing gluten,High-Protein,24,
171050,"Chicken, broilers or fryers, meat and skin and giblets and neck, roasted",5,,High-Protein,24,
171051,"Chicken, broilers or fryers, meat and skin, cooked, stewed",5,,High-Protein,24,
171052,"Chicken, broilers or fryers, meat only, raw",5,,High-Protein,24,
171053,"Chicken, broilers or fryers, meat only, cooked, fried",5,Cereals containing gluten,High-Protein,24,
171054,"Chicken, broilers or fryers, meat only, cooked, roasted",5,,High-Protein,24,
171055,"Chicken, broilers or fryers, skin only, cooked, roasted",5,,High-Protein,24,
171056,"Chicken, broilers or fryers, skin only, cooked, stewed",5,,High-Protein,24,
171057,"Chicken, broilers or fryers, giblets, raw",5,,High-Protein,24,
171058,"Chicken, broilers or fryers, giblets, cooked, fried",5,Cereals containing gluten,High-Protein,24,
171059,"Chicken, heart, all classes, cooked, simmered",5,,High-Protein,24,
171060,"Chicken, liver, all classes, raw",5,,High-Protein,24,
171061,"Chicken, liver, all classes, cooked, simmered",5,,High-Protein,24,
171062,"Chicken, broilers or fryers, light meat, meat and skin, raw",5,,High-Protein,24,
171063,"Chicken, broilers or fryers, dark meat, meat and skin, cooked, fried, batter",5,"Cereals containing gluten,Eggs,Milk",High-Protein,24,
171064,"Chicken, broilers or fryers, dark meat, meat and skin, cooked, fried, flour",5,Cereals containing gluten,High-Protein,24,
171065,"Chicken, broilers or fryers, dark meat, meat and skin, cooked, roasted",5,,High-Protein,24,
171066,"Chicken, broilers or fryers, dark meat, meat and skin, cooked, stewed",5,,High-Protein,24,
171067,"Chicken, broilers or fryers, dark meat, meat only, raw",5,,High-Protein,24,
171068,"Chicken, broilers or fryers, dark meat, meat only, cooked, fried",5,Cereals containing gluten,High-Protein,24,
171069,"Chicken, broilers or fryers, dark meat, meat only, cooked, roasted",5,,High-Protein,24,
171070,"Chicken, broilers or fryers, dark meat, meat only, cooked, stewed",5,,High-Protein,24,
171071,"Chicken, broilers or fryers, back, meat and skin, cooked, roasted",5,,High-Protein,24,
171072,"Chicken, broilers or fryers, back, meat and skin, cooked, stewed",5,,High-Protein,24,
171073,"Chicken, broilers or fryers, back, meat only, raw",5,,High-Protein,24,
171074,"Chicken, broilers or fryers, back, meat only, cooked, fried",5,Cereals containing gluten,High-Protein,24,
171075,"Chicken, broilers or fryers, breast, meat and skin, cooked, roasted",5,,High-Protein,24,
171076,"Chicken, broilers or fryers, breast, meat and skin, cooked, stewed",5,,High-Protein,24,
171077,"Chicken, broiler or fryers, breast, skinless, boneless, meat only, raw",5,,High-Protein,24,
171078,"Chicken, broilers or fryers, breast, meat only, cooked, fried",5,Cereals containing gluten,High-Protein,24,
171079,"Squab, (pigeon), meat only, raw",5,,High-Protein,24,
171080,"Squab, (pigeon), light meat without skin, raw",5,,High-Protein,24,
171081,"Turkey, whole, meat and skin, raw",5,,High-Protein,24,
171082,"Turkey, whole, skin (light and dark), roasted",5,,High-Protein,24,
171083,"Turkey, whole, giblets, raw",5,,High-Protein,24,
171084,"Turkey, whole, giblets, cooked, simmered",5,,High-Protein,24,
171085,"Turkey, gizzard, all classes, raw",5,,High-Protein,24,
171086,"Turkey, whole, neck, meat only, raw",5,,High-Protein,24,
171087,"Turkey, whole, neck, meat only, cooked, simmered",5,,High-Protein,24,
171088,"Turkey, whole, light meat, meat and skin, raw",5,,High-Protein,24,
171089,"Turkey, whole, light meat, meat and skin, cooked, roasted",5,,High-Protein,24,
171090,"Turkey, whole, dark meat, meat only, raw",5,,High-Protein,24,
171091,"Turkey, whole, dark meat, cooked, roasted",5,,High-Protein,24,
171092,"Turkey, all classes, back, meat and skin, cooked, roasted",5,,High-Protein,24,
171093,"Turkey, all classes, breast, meat and skin, raw",5,,High-Protein,24,
171094,"Turkey, all classes, wing, meat and skin, cooked, roasted",5,,High-Protein,24,
171095,"Turkey, fryer-roasters, meat and skin, cooked, roasted",5,,High-Protein,24,
171096,"Turkey, whole, back, meat only, raw",5,,High-Protein,24,
171097,"Turkey, whole, back, meat only, cooked, roasted",5,,High-Protein,24,
171098,"Turkey, whole, breast, meat only, raw",5,,High-Protein,24,
171099,"Chicken, canned, meat only, with broth",5,,High-Protein,24,
171100,"Pate de foie gras, canned (goose liver pate), smoked",5,,High-Protein,24,
171101,"Turkey, canned, meat only, with broth",5,,High-Protein,24,
171102,"Turkey, diced, light and dark meat, seasoned",5,,High-Protein,24,
171103,"Turkey sticks, breaded, battered, fried",5,"Cereals containing gluten,Eggs,Soybeans",High-Protein,24,
171104,"Poultry, mechanically deboned, from backs and necks with skin, raw",5,,High-Protein,24,
171105,"Poultry, mechanically deboned, from backs and necks without skin, raw",5,,High-Protein,24,
171106,"Poultry, mechanically deboned, from mature hens, raw",5,,High-Protein,24,
171107,"Chicken, cornish game hens, meat and skin, cooked, roasted",5,,High-Protein,24,
171108,"Chicken, cornish game hens, meat only, raw",5,,High-Protein,24,
171109,"Chicken, cornish game hens, meat only, cooked, roasted",5,,High-Protein,24,
171110,"Chicken, canned, no broth",5,,High-Protein,24,
171111,"Chicken, wing, frozen, glazed, barbecue flavored",5,"Cereals containing gluten,Soybeans",High-Protein,24,
171112,"Duck, young duckling, domesticated, White Pekin, leg, meat and skin, bone in, cooked, roasted",5,,High-Protein,24,
171113,"Duck, young duckling, domesticated, White Pekin, leg, meat only, bone in, cooked without skin, braised",5,,High-Protein,24,
171114,"Chicken, broiler, rotisserie, BBQ, drumstick, meat only",5,,High-Protein,24,
171115,"Chicken, wing, frozen, glazed, barbecue flavored, heated (conventional oven)",5,"Cereals containing gluten,Soybeans",High-Protein,24,
171116,"Chicken, ground, raw",5,,High-Protein,24,
171117,"Chicken, ground, crumbles, cooked, pan-browned",5,,High-Protein,24,
171118,"Chicken, broiler, rotisserie, BBQ, thigh, meat only",5,,High-Protein,24,
171119,"Chicken, feet, boiled",5,,High-Protein,24,
171120,"Chicken, broilers or fryers, rotisserie, original seasoning, thigh, meat only, cooked",5,,High-Protein,24,
171121,"Chicken, broilers or fryers, rotisserie, original seasoning, wing, meat only, cooked",5,,High-Protein,24,
171122,"Chicken, broilers or fryers, rotisserie, original seasoning, back, meat and skin, cooked",5,,High-Protein,24,
171123,"Chicken, broilers or fryers, rotisserie, original seasoning, breast, meat and skin, cooked",5,,High-Protein,24,
171124,"Chicken, broiler, rotisserie, BBQ, back, meat and skin",5,,High-Protein,24,
171125,"Chicken, broiler, rotisserie, BBQ, breast, meat and skin",5,,High-Protein,24,
171126,"Chicken, broiler, rotisserie, BBQ, drumstick, meat and skin",5,,High-Protein,24,
171127,"Chicken, broiler, rotisserie, BBQ, thigh, meat and skin",5,,High-Protein,24,
171128,"Turkey, drumstick, from whole bird, meat only, with added solution, roasted",5,,High-Protein,24,
171129,"Turkey, thigh, from whole bird, meat only, with added solution, raw",5,,High-Protein,24,
171130,"Turkey, retail parts, breast, meat and skin, with added solution, raw",5,,High-Protein,24,
171131,"Turkey, thigh, from whole bird, meat only, with added solution, roasted",5,,High-Protein,24,
171132,"Turkey, retail parts, wing, meat and skin, raw",5,,High-Protein,24,
171133,"Turkey, retail parts, wing, meat and skin, cooked, roasted",5,,High-Protein,24,
171134,"Turkey, retail parts, drumstick, meat and skin, raw",5,,High-Protein,24,
171135,"Turkey, retail parts, drumstick, meat and skin, cooked, roasted",5,,High-Protein,24,
171136,"Turkey, drumstick, from whole bird, meat only, raw",5,,High-Protein,24,
171137,"Turkey, retail parts, thigh, meat and skin, cooked, roasted",5,,High-Protein,24,
171138,"Turkey, back, from whole bird, meat and skin, with added solution, raw",5,,High-Protein,24,
171139,"Turkey, back, from whole bird, meat and skin, with added solution, roasted",5,,High-Protein,24,
171140,"Chicken, broiler or fryers, breast, skinless, boneless, meat only, cooked, braised",5,,High-Protein,24,
171141,"Soup, black bean, canned, condensed",6,,"High-Protein,Vegan,Vegetarian",24,
171142,"Soup, bean with pork, canned, condensed",6,,High-Protein,24,
171143,"Soup, bean with frankfurters, canned, condensed",6,,High-Protein,24,
171144,"Soup, bean with ham, canned, chunky, ready-to-serve",6,,High-Protein,24,
171145,"Soup, chicken, canned, chunky, ready-to-serve",6,Cereals containing gluten,High-Protein,24,
171146,"Soup, cream of chicken, canned, condensed",6,"Cereals containing gluten,Milk,Soybeans",High-Protein,24,
171147,"Soup, chicken gumbo, canned, condensed",6,Cereals containing gluten,High-Protein,24,
171148,"Soup, chunky chicken noodle, canned, ready-to-serve",6,"Cereals containing gluten,Eggs",High-Protein,24,
171149,"Soup, chicken vegetable, canned, condensed",6,"Cereals containing gluten,Eggs",High-Protein,24,
171150,"Soup, chili beef, canned, condensed",6,Cereals containing gluten,High-Protein,24,
171151,"Soup, clam chowder, manhattan style, canned, chunky, ready-to-serve",6,"Cereals containing gluten,Molluscs","High-Protein,Pescatarian",24,
171152,"Soup, clam chowder, manhattan, canned, condensed",6,"Cereals containing gluten,Molluscs","High-Protein,Pescatarian",24,
171153,"Soup, minestrone, canned, condensed",6,"Cereals containing gluten,Soybeans",High-Protein,24,
171154,"Soup, mushroom barley, canned, condensed",6,"Cereals containing gluten,Cereals containing gluten (barley)",High-Protein,24,
171155,"Soup, cream of mushroom, canned, condensed",6,"Cereals containing gluten,Milk,Soybeans",Vegetarian,24,
171156,"Soup, mushroom with beef stock, canned, condensed",6,Cereals containing gluten,High-Protein,24,
171157,"Soup, pea, split with ham, canned, condensed",6,Soybeans,High-Protein,24,
171158,"Soup, cream of potato, canned, condensed",6,"Cereals containing gluten,Milk,Soybeans","Vegetarian,Vitamin-Rich",24,
171159,"Soup, cream of shrimp, canned, condensed",6,"Cereals containing gluten,Crustaceans,Milk","High-Protein,Pescatarian",24,
171160,"Soup, tomato beef with noodle, canned, condensed",6,"Cereals containing gluten,Eggs",High-Protein,24,
171161,"Soup, vegetarian vegetable, canned, condensed",6,"Cereals containing gluten,Eggs",Vegetarian,24,
171162,"Soup, chunky beef, canned, ready-to-serve",6,Cereals containing gluten,High-Protein,24,
171163,"Soup, vegetable beef, canned, condensed",6,Cereals containing gluten,High-Protein,24,
171164,"Soup, vegetable with beef broth, canned, condensed",6,Cereals containing gluten,High-Protein,24,
171165,"Soup, onion, dry, mix",6,Soybeans,"Vegan,Vegetarian",24,
171166,"Soup, cream of vegetable, dry, powder",6,"Cereals containing gluten,Milk,Soybeans",Vegetarian,24,
171167,"Sauce, teriyaki, ready-to-serve",6,"Cereals containing gluten,Soybeans","Vegan,Vegetarian",24,
171168,"Gravy, au jus, canned",6,"Cereals containing gluten,Soybeans",High-Protein,24,
171169,"Gravy, au jus, dry",6,"Cereals containing gluten,Soybeans",High-Protein,24,
171170,"Gravy, mushroom, canned",6,"Cereals containing gluten,Milk",Vegetarian,24,
171171,"Gravy, mushroom, dry, powder",6,"Cereals containing gluten,Soybeans",Vegetarian,24,
171172,"Gravy, onion, dry, mix",6,"Cereals containing gluten,Soybeans",Vegetarian,24,
171173,"Gravy, pork, dry, powder",6,Cereals containing gluten,High-Protein,24,
171174,"Sauce, sofrito, prepared from recipe",6,,"Vegan,Vegetarian",24,
171175,"Soup, beef mushroom, canned, condensed",6,Cereals containing gluten,High-Protein,24,
171176,"Soup, tomato, canned, prepared with equal volume water, commercial",6,Cereals containing gluten,"Vegan,Vegetarian,Vitamin-Rich",24,
171177,"Soup, ramen noodle, any flavor, dry",6,"Cereals containing gluten,Soybeans","Vegan,Vegetarian",24,
171178,"Soup, broccoli cheese, canned, condensed, commercial",6,"Cereals containing gluten,Milk,Soybeans","Vegetarian,Vitamin-Rich",24,
171179,"Soup, SWANSON, beef broth, lower sodium",6,,"High-Protein,Low Sodium",24,
171180,"Soup, SWANSON, vegetable broth",6,,"Vegan,Vegetarian",24,
171181,"SMART SOUP, Indian Bean Masala",6,,"High-Protein,Vegan,Vegetarian",24,
171182,"SMART SOUP, Moroccan Chick Pea",6,,"High-Protein,Vegan,Vegetarian,Vitamin-Rich",24,
171183,"SMART SOUP, Thai Coconut Curry",6,"Nuts,Nuts (coconut)","Vegan,Vegetarian",48,
171184,"SMART SOUP, Vietnamese Carrot Lemongrass",6,,"Vegan,Vegetarian,Vitamin-Rich",24,
171185,"Sauce, pesto, MEZZETTA, NAPA VALLEY BISTRO, basil pesto, ready-to-serve",6,"Milk,Nuts",Vegetarian,48,
171186,"Sauce, hot chile, sriracha",6,,"Vegan,Vegetarian",24,
171187,"Sauce, hot chile, sriracha, CHA! BY TEXAS PETE",6,,"Vegan,Vegetarian",24,
171188,"Sauce, hot chile, sriracha, TUONG OT SRIRACHA",6,,"Vegan,Vegetarian",24,
171189,"Soup, vegetable beef, microwavable, ready-to-serve, single brand",6,Cereals containing gluten,High-Protein,24,
171190,"Soup, beef and vegetables, canned, ready-to-serve",6,Cereals containing gluten,"High-Protein,Vitamin-Rich",24,
171191,"Sauce, cheese, ready-to-serve",6,Milk,Vegetarian,24,
171192,"Sauce, pasta, spaghetti/marinara, ready-to-serve",6,,"Vegan,Vegetarian,Vitamin-Rich",24,
171193,"Beef, chuck, short ribs, boneless, separable lean only, trimmed to 0"" fat, select, raw",13,,"High-Protein,Low-Fat",24,
171194,"Beef, chuck eye Country-Style ribs, boneless, separable lean only, trimmed to 0"" fat, select, raw",13,,"High-Protein,Low-Fat",24,
171195,"Beef, chuck eye Country-Style ribs, boneless, separable lean only, trimmed to 0"" fat, all grades, raw",13,,"High-Protein,Low-Fat",24,
171196,"Beef, chuck eye steak, boneless, separable lean only, trimmed to 0"" fat, choice, cooked, grilled",13,,"High-Protein,Low-Fat",24,
171197,"Beef, chuck eye steak, boneless, separable lean only, trimmed to 0"" fat, select, cooked, grilled",13,,"High-Protein,Low-Fat",24,
171198,"Beef, shoulder pot roast, boneless, separable lean only, trimmed to 0"" fat, choice, cooked, braised",13,,"High-Protein,Low-Fat",24,
171199,"Beef, shoulder pot roast, boneless, separable lean only, trimmed to 0"" fat, select, cooked, braised",13,,"High-Protein,Low-Fat",24,
171200,"Beef, shoulder pot roast, boneless, separable lean only, trimmed to 0"" fat, all grades, cooked, braised",13,,"High-Protein,Low-Fat",24,
171201,"Beef, chuck, mock tender steak, boneless, separable lean only, trimmed to 0"" fat, choice, cooked, braised",13,,"High-Protein,Low-Fat",24,
171202,"Beef, chuck, mock tender steak, boneless, separable lean only, trimmed to 0"" fat, all grades, raw",13,,"High-Protein,Low-Fat",24,
171203,"Beef, chuck for stew, separable lean and fat, all grades, cooked, braised",13,,High-Protein,24,
171204,"Beef, chuck for stew, separable lean and fat, select, cooked, braised",13,,High-Protein,24,
171205,"Beef, chuck for stew, separable lean and fat, choice, cooked, braised",13,,High-Protein,24,
171206,"Beef, chuck for stew, separable lean and fat, all grades, raw",13,,High-Protein,24,
171207,"Beef, chuck, under blade steak, boneless, separable lean only, trimmed to 0"" fat, all grades, cooked, braised",13,,"High-Protein,Low-Fat",24,
171208,"Beef, chuck, under blade pot roast, boneless, separable lean and fat, trimmed to 0"" fat, all grades, cooked, braised",13,,"High-Protein,Low-Fat",24,
171209,"Beef, rib eye steak, boneless, lip-on, separable lean only, trimmed to 1/8"" fat, all grades, cooked, grilled",13,,High-Protein,24,
171210,"Beef, rib eye roast, bone-in, lip-on, separable lean only, trimmed to 1/8"" fat, choice, cooked, roasted",13,,High-Protein,24,
171211,"Beef, chuck, under blade center steak, boneless, Denver Cut, separable lean and fat, trimmed to 0"" fat, choice, cooked, grilled",13,,"High-Protein,Low-Fat",24,
171212,"Beef, chuck, under blade center steak, boneless, Denver Cut, separable lean and fat, trimmed to 0"" fat, select, cooked, grilled",13,,"High-Protein,Low-Fat",24,
171213,"Beef, chuck, under blade center steak, boneless, Denver Cut, separable lean and fat, trimmed to 0"" fat, all grades, raw",13,,"High-Protein,Low-Fat",24,
171214,"Beef, chuck, under blade center steak, boneless, Denver Cut, separable lean and fat, trimmed to 0"" fat, choice, raw",13,,"High-Protein,Low-Fat",24,
171215,"Beef, chuck eye roast, boneless, America's Beef Roast, separable lean and fat, trimmed to 0"" fat, choice, cooked, roasted",13,,"High-Protein,Low-Fat",24,
171216,"Beef, chuck eye roast, boneless, America's Beef Roast, separable lean and fat, trimmed to 0"" fat, select, cooked, roasted",13,,"High-Protein,Low-Fat",24,
171217,"Beef, chuck, under blade steak, boneless, separable lean and fat, trimmed to 0"" fat, all grades, cooked, braised",13,,"High-Protein,Low-Fat",24,
171218,"Beef, chuck, under blade steak, boneless, separable lean and fat, trimmed to 0"" fat, choice, cooked, braised",13,,"High-Protein,Low-Fat",24,
171219,"Beef, chuck, under blade steak, boneless, separable lean and fat, trimmed to 0"" fat, select, cooked, braised",13,,"High-Protein,Low-Fat",24,
171220,"Beef, chuck, mock tender steak, boneless, separable lean and fat, trimmed to 0"" fat, choice, raw",13,,"High-Protein,Low-Fat",24,
171221,"Beef, chuck, mock tender steak, boneless, separable lean and fat, trimmed to 0"" fat, select, raw",13,,"High-Protein,Low-Fat",24,
171222,"Beef, chuck, short ribs, boneless, separable lean and fat, trimmed to 0"" fat, all grades, cooked, braised",13,,"High-Protein,Low-Fat",24,
171223,"Beef, chuck, short ribs, boneless, separable lean and fat, trimmed to 0"" fat, choice, cooked, braised",13,,"High-Protein,Low-Fat",24,
171224,"Beef, shoulder pot roast, boneless, separable lean and fat, trimmed to 0"" fat, all grades, cooked, braised",13,,"High-Protein,Low-Fat",24,
171225,"Beef, shoulder pot roast, boneless, separable lean and fat, trimmed to 0"" fat, choice, cooked, braised",13,,"High-Protein,Low-Fat",24,
171226,"Beef, shoulder pot roast, boneless, separable lean and fat, trimmed to 0"" fat, select, cooked, braised",13,,"High-Protein,Low-Fat",24,
171227,"Beef, chuck eye Country-Style ribs, boneless, separable lean and fat, trimmed to 0"" fat, all grades, cooked, braised",13,,"High-Protein,Low-Fat",24,
171228,"Beef, chuck eye steak, boneless, separable lean and fat, trimmed to 0"" fat, all grades, cooked, grilled",13,,"High-Protein,Low-Fat",24,
171229,"Beef, chuck eye steak, boneless, separable lean and fat, trimmed to 0"" fat, choice, cooked, grilled",13,,"High-Protein,Low-Fat",24,
171230,"Beef, chuck eye steak, boneless, separable lean and fat, trimmed to 0"" fat, select, cooked, grilled",13,,"High-Protein,Low-Fat",24,
171231,"Beef, chuck eye steak, boneless, separable lean and fat, trimmed to 0"" fat, all grades, raw",13,,"High-Protein,Low-Fat",24,
171232,"Beef, rib eye steak, boneless, lip-on, separable lean only, trimmed to 1/8"" fat, choice, cooked, grilled",13,,High-Protein,24,
171233,"Beef, rib eye steak, boneless, lip-on, separable lean only, trimmed to 1/8"" fat, select, cooked, grilled",13,,High-Protein,24,
171234,"Beef, rib eye steak/roast, bone-in, lip-on, separable lean only, trimmed to 1/8"" fat, all grades, raw",13,,High-Protein,24,
171235,"Beef, rib eye steak/roast, bone-in, lip-on, separable lean only, trimmed to 1/8"" fat, choice, raw",13,,High-Protein,24,
171236,"Beef, rib eye steak, bone-in, lip-on, separable lean only, trimmed to 1/8"" fat, all grades, cooked, grilled",13,,High-Protein,24,
171237,"Beef, rib eye steak, bone-in, lip-on, separable lean only, trimmed to 1/8"" fat, choice, cooked, grilled",13,,High-Protein,24,
171238,"Beef, rib eye steak, bone-in, lip-on, separable lean only, trimmed to 1/8"" fat, select, cooked, grilled",13,,High-Protein,24,
171239,"Beef, rib eye roast, boneless, lip-on, separable lean only, trimmed to 1/8"" fat, all grades, cooked, roasted",13,,High-Protein,24,
171240,"Cheese, gjetost",1,Milk,Vegetarian,24,
171241,"Cheese, gouda",1,Milk,"High-Protein,Vegetarian",24,
171242,"Cheese, gruyere",1,Milk,"High-Protein,Vegetarian",24,
171243,"Cheese, limburger",1,Milk,"High-Protein,Vegetarian",24,
171244,"Cheese, mozzarella, low moisture, part-skim",1,Milk,"High-Protein,Vegetarian",24,
171245,"Cheese, muenster",1,Milk,"High-Protein,Vegetarian",24,
171246,"Cheese, neufchatel",1,Milk,Vegetarian,24,
171247,"Cheese, parmesan, grated",1,Milk,"High-Protein,Vegetarian",24,
171248,"Cheese, ricotta, part skim milk",1,Milk,"High-Protein,Vegetarian",24,
171249,"Cheese, romano",1,Milk,"High-Protein,Vegetarian",24,
171250,"Cheese, roquefort",1,Milk,"High-Protein,Vegetarian",24,
171251,"Cheese, swiss",1,Milk,"High-Protein,Vegetarian",24,
171252,"Cheese food, pasteurized process, American, vitamin D fortified",1,Milk,"High-Protein,Vegetarian,Vitamin-Rich",24,
171253,"Cheese food, pasteurized process, swiss",1,Milk,"High-Protein,Vegetarian",24,
171254,"Cheese spread, pasteurized process, American",1,Milk,"High-Protein,Vegetarian",24,
171255,"Cream, fluid, half and half",1,Milk,Vegetarian,24,
171256,"Cream, sour, reduced fat, cultured",1,Milk,"Low-Fat,Vegetarian",24,
171257,"Cream, sour, cultured",1,Milk,Vegetarian,24,
171258,Eggnog,1,"Eggs,Milk",Vegetarian,24,
171259,"Sour dressing, non-butterfat, cultured, filled cream-type",1,Soybeans,"Dairy-Free,Vegan,Vegetarian",24,
171260,"Yogurt, Greek, 2%fat, coconut blend, CHOBANI",1,"Milk,Nuts,Nuts (coconut)","High-Protein,Low-Fat,Vegetarian",48,
171261,"Cream substitute, liquid, with hydrogenated vegetable oil and soy protein",1,"Milk,Soybeans",Vegetarian,24,
171262,"Cream substitute, liquid, with lauric acid oil and sodium caseinate",1,"Milk,Nuts,Nuts (coconut)",Vegetarian,48,
171263,"Cream substitute, powdered",1,"Milk,Soybeans",Vegetarian,24,
171264,"Milk substitutes, fluid, with lauric acid oil",1,"Milk,Nuts,Nuts (coconut)",Vegetarian,48,
171265,"Milk, whole, 3.25% milkfat, with added vitamin D",1,Milk,"High-Protein,Vegetarian,Vitamin-Rich",24,
171266,"Milk, producer, fluid, 3.7% milkfat",1,Milk,"High-Protein,Vegetarian",24,
171267,"Milk, reduced fat, fluid, 2% milkfat, with added vitamin A and vitamin D",1,Milk,"High-Protein,Vegetarian,Vitamin-Rich",24,
171268,"Milk, lowfat, fluid, 1% milkfat, protein fortified, with added vitamin A and vitamin D",1,Milk,"High-Protein,Low-Fat,Vegetarian,Vitamin-Rich",24,
171269,"Milk, nonfat, fluid, with added vitamin A and vitamin D (fat free or skim)",1,Milk,"Fat-Free,High-Protein,Low-Fat,Vegetarian,Vitamin-Rich",24,
171270,"Milk, nonfat, fluid, with added nonfat milk solids, vitamin A and vitamin D (fat free or skim)",1,Milk,"Fat-Free,High-Protein,Low-Fat,Vegetarian,Vitamin-Rich",24,
171271,"Milk, nonfat, fluid, protein fortified, with added vitamin A and vitamin D (fat free and skim)",1,Milk,"Fat-Free,High-Protein,Low-Fat,Vegetarian,Vitamin-Rich",24,
171272,"Milk, dry, nonfat, instant, with added vitamin A and vitamin D",1,Milk,"Fat-Free,High-Protein,Low-Fat,Vegetarian,Vitamin-Rich",24,
171273,"Milk, dry, nonfat, calcium reduced",1,Milk,"Fat-Free,High-Protein,Low-Fat,Vegetarian",24,
171274,"Milk, buttermilk, dried",1,Milk,"High-Protein,Vegetarian",24,
171275,"Milk, canned, condensed, sweetened",1,Milk,Vegetarian,24,
171276,"Milk, canned, evaporated, with added vitamin D and without added vitamin A",1,Milk,"High-Protein,Vegetarian,Vitamin-Rich",24,
171277,"Milk, chocolate beverage, hot cocoa, homemade",1,Milk,Vegetarian,24,
171278,"Milk, goat, fluid, with added vitamin D",1,Milk,"High-Protein,Vegetarian,Vitamin-Rich",24,
171279,"Milk, human, mature, fluid",1,Milk,High-Protein,0,24.0
171280,"Milk, indian buffalo, fluid",1,Milk,"High-Protein,Vegetarian",24,
171281,"Whey, acid, dried",1,Milk,"High-Protein,Vegetarian",24,
171282,"Whey, sweet, fluid",1,Milk,"High-Protein,Vegetarian",24,
171283,"Whey, sweet, dried",1,Milk,"High-Protein,Vegetarian",24,
171284,"Yogurt, plain, whole milk",1,Milk,"High-Protein,Vegetarian",24,
171285,"Yogurt, fruit, low fat, 10 grams protein per 8 ounce",1,Milk,"High-Protein,Low-Fat,Vegetarian,Vitamin-Rich",24,
171286,"Yogurt, fruit, low fat, 11g protein/8 oz",1,Milk,"High-Protein,Low-Fat,Vegetarian,Vitamin-Rich",24,
171287,"Egg, whole, raw, fresh",1,Eggs,"High-Protein,Vegetarian",24,
171288,"Cheese, Mexican blend",1,Milk,"High-Protein,Vegetarian",24,
171289,"Cheese product, pasteurized process, American, vitamin D fortified",1,Milk,"High-Protein,Vegetarian,Vitamin-Rich",24,
171290,"Cheese, pasteurized process, American, without added vitamin D",1,Milk,"High-Protein,Vegetarian",24,
171291,"Cheese food, pasteurized process, American, without added vitamin D",1,Milk,"High-Protein,Vegetarian",24,
171292,"Cheese, cheddar, reduced fat (Includes foods for USDA's Food Distribution Program)",1,Milk,"High-Protein,Low-Fat,Vegetarian",24,
171293,"Ice cream, light, soft serve, chocolate",1,Milk,"Low-Fat,Vegetarian",24,
171294,"Ice cream bar, stick or nugget, with crunch coating",1,"Cereals containing gluten,Milk,Soybeans",Vegetarian,24,
171295,"Cheese, cheddar, nonfat or fat free",1,Milk,"Fat-Free,High-Protein,Low-Fat,Vegetarian",24,
171296,"Yogurt, Greek, nonfat, vanilla, CHOBANI",1,Milk,"Fat-Free,High-Protein,Low-Fat,Vegetarian",24,
171297,"Yogurt, Greek, strawberry, DANNON OIKOS",1,Milk,"High-Protein,Vegetarian,Vitamin-Rich",24,
171298,"Yogurt, Greek, nonfat, vanilla, DANNON OIKOS",1,Milk,"Fat-Free,High-Protein,Low-Fat,Vegetarian",24,
171299,"Yogurt, Greek, nonfat, strawberry, DANNON OIKOS",1,Milk,"Fat-Free,High-Protein,Low-Fat,Vegetarian,Vitamin-Rich",24,
171300,"Yogurt, Greek, strawberry, lowfat",1,Milk,"High-Protein,Low-Fat,Vegetarian,Vitamin-Rich",24,
171301,"Kefir, lowfat, strawberry, LIFEWAY",1,Milk,"High-Protein,Low-Fat,Vegetarian,Vitamin-Rich",24,
171302,"Milk, evaporated, 2% fat, with added vitamin A and vitamin D",1,Milk,"High-Protein,Vegetarian,Vitamin-Rich",24,
171303,"Milk, chocolate, fat free, with added vitamin A and vitamin D",1,Milk,"Fat-Free,High-Protein,Low-Fat,Vegetarian,Vitamin-Rich",24,
171304,"Yogurt, Greek, plain, whole milk",1,Milk,"High-Protein,Vegetarian",24,
171305,"Ice cream bar, covered with chocolate and nuts",1,"Milk,Nuts,Peanuts,Soybeans",Vegetarian,48,
171306,Ice cream sundae cone,1,"Cereals containing gluten,Milk,Peanuts,Soybeans",Vegetarian,48,
171308,"Cream, half and half, lowfat",1,Milk,"Low-Fat,Vegetarian",24,
171309,"Yogurt, Greek, whole, plain, CHOBANI",1,Milk,"High-Protein,Vegetarian",24,
171310,"Yogurt, Greek, nonfat, lemon blend, CHOBANI",1,Milk,"Fat-Free,High-Protein,Low-Fat,Vegetarian",24,
171311,"Yogurt, Greek, nonfat, peach, CHOBANI",1,Milk,"Fat-Free,High-Protein,Low-Fat,Vegetarian,Vitamin-Rich",24,
171312,"Yogurt, Greek, nonfat, plain, CHOBANI",1,Milk,"Fat-Free,High-Protein,Low-Fat,Vegetarian",24,
171313,"Yogurt, Greek, nonfat, raspberry, CHOBANI",1,Milk,"Fat-Free,High-Protein,Low-Fat,Vegetarian,Vitamin-Rich",24,
171314,"Butter, Clarified butter (ghee)",1,Milk,Vegetarian,24,
171315,"Spices, allspice, ground",2,,"Vegan,Vegetarian",24,
171316,"Spices, anise seed",2,,"Vegan,Vegetarian",24,
171317,"Spices, basil, dried",2,,"Vegan,Vegetarian",24,
171318,"Spices, chervil, dried",2,,"Vegan,Vegetarian",24,
171319,"Spices, chili powder",2,,"Vegan,Vegetarian",24,
171320,"Spices, cinnamon, ground",2,,"Vegan,Vegetarian",24,
171321,"Spices, cloves, ground",2,,"Vegan,Vegetarian",24,
171322,"Spices, dill weed, dried",2,,"Vegan,Vegetarian",24,
171323,"Spices, fennel seed",2,,"Vegan,Vegetarian",24,
171324,"Spices, fenugreek seed",2,,"Vegan,Vegetarian",24,
171325,"Spices, garlic powder",2,,"Vegan,Vegetarian",24,
171326,"Spices, nutmeg, ground",2,,"Vegan,Vegetarian",24,
171327,"Spices, onion powder",2,,"Vegan,Vegetarian",24,
171328,"Spices, oregano, dried",2,,"Vegan,Vegetarian",24,
171329,"Spices, paprika",2,,"Vegan,Vegetarian",24,
171330,"Spices, poppy seed",2,,"Vegan,Vegetarian",24,
171331,"Spices, poultry seasoning",2,,"Vegan,Vegetarian",24,
171332,"Spices, pumpkin pie spice",2,,"Vegan,Vegetarian",24,
171333,"Spices, rosemary, dried",2,,"Vegan,Vegetarian",24,
171334,"Babyfood, vegetables, corn, creamed, junior",3,,"Vegan,Vegetarian",8,24.0
171335,"Babyfood, fruit, bananas with tapioca, strained",3,,"Vegan,Vegetarian,Vitamin-Rich",4,24.0
171336,"Babyfood, fruit, peaches, strained",3,,"Vegan,Vegetarian,Vitamin-Rich",4,24.0
171337,"Babyfood, fruit, peaches, junior",3,,"Vegan,Vegetarian,Vitamin-Rich",8,24.0
171338,"Babyfood, fruit, pears, strained",3,,"Vegan,Vegetarian,Vitamin-Rich",4,24.0
171339,"Babyfood, fruit, prunes with tapioca, without ascorbic acid, junior",3,,"Vegan,Vegetarian,Vitamin-Rich",8,24.0
171340,"Babyfood, prunes, without vitamin c, strained",3,,"Vegan,Vegetarian,Vitamin-Rich",4,24.0
171341,"Babyfood, fruit dessert, mango with tapioca",3,,"Vegan,Vegetarian,Vitamin-Rich",4,24.0
171342,"Babyfood, pears, dices, toddler",3,,"Vegan,Vegetarian,Vitamin-Rich",12,24.0
171343,"Babyfood, fruit, applesauce and pineapple, strained",3,,"Vegan,Vegetarian,Vitamin-Rich",4,24.0
171344,"Babyfood, fruit, applesauce and pineapple, junior",3,,"Vegan,Vegetarian,Vitamin-Rich",8,24.0
171345,"Babyfood, fruit, apple and raspberry, strained",3,,"Vegan,Vegetarian,Vitamin-Rich",4,24.0
171346,"Babyfood, fruit, apple and raspberry, junior",3,,"Vegan,Vegetarian,Vitamin-Rich",8,24.0
171347,"Babyfood, fruit, pears and pineapple, junior",3,,"Vegan,Vegetarian,Vitamin-Rich",8,24.0
171348,"Babyfood, fruit, guava and papaya with tapioca, strained",3,,"Vegan,Vegetarian,Vitamin-Rich",4,24.0
171349,"Babyfood, peaches, dices, toddler",3,,"Vegan,Vegetarian,Vitamin-Rich",12,24.0
171350,"Babyfood, fruit, papaya and applesauce with tapioca, strained",3,,"Vegan,Vegetarian,Vitamin-Rich",4,24.0
171351,"Babyfood, apple-banana juice",3,,"Vegan,Vegetarian,Vitamin-Rich",4,24.0
171352,"Babyfood, juice, apple and peach",3,,"Vegan,Vegetarian,Vitamin-Rich",4,24.0
171353,"Babyfood, juice, apple and prune",3,,"Vegan,Vegetarian,Vitamin-Rich",4,24.0
171354,"Babyfood, juice, orange",3,,"Vegan,Vegetarian,Vitamin-Rich",4,24.0
171355,"Babyfood, juice, orange and apple",3,,"Vegan,Vegetarian,Vitamin-Rich",4,24.0
171356,"Babyfood, juice, prune and orange",3,,"Vegan,Vegetarian,Vitamin-Rich",4,24.0
171357,"Babyfood, juice, mixed fruit",3,,"Vegan,Vegetarian,Vitamin-Rich",4,24.0
171358,"Babyfood, cereal, barley, dry fortified",3,"Cereals containing gluten,Cereals containing gluten (barley)","Vegan,Vegetarian",4,24.0
171359,"Babyfood, cereal, whole wheat, with apples, dry fortified",3,Cereals containing gluten,"Vegan,Vegetarian,Vitamin-Rich",4,24.0
171360,"Babyfood, cereal, oatmeal, dry fortified",3,Cereals containing gluten (oats),"Vegan,Vegetarian",4,24.0
171361,"Babyfood, cereal, oatmeal, with bananas, dry",3,Cereals containing gluten (oats),"Vegan,Vegetarian,Vitamin-Rich",4,24.0
171362,"Babyfood, cereal, oatmeal, with applesauce and bananas, strained",3,Cereals containing gluten (oats),"Vegan,Vegetarian,Vitamin-Rich",4,24.0
171363,"Babyfood, cereal, oatmeal, with applesauce and bananas, junior, fortified",3,Cereals containing gluten (oats),"Vegan,Vegetarian,Vitamin-Rich",8,24.0
171364,"Babyfood, cereal, with egg yolks, junior",3,"Cereals containing gluten,Eggs","High-Protein,Vegetarian",8,24.0
171365,"Babyfood, cereal, with eggs, strained",3,"Cereals containing gluten,Eggs","High-Protein,Vegetarian",6,24.0
171366,"Babyfood, cereal, egg yolks and bacon, junior",3,"Cereals containing gluten,Eggs",High-Protein,8,24.0
171367,"Babyfood, oatmeal cereal with fruit, dry, instant, toddler fortified",3,"Cereals containing gluten (oats),Milk","Vegetarian,Vitamin-Rich",12,24.0
171368,"Babyfood, cookie, baby, fruit",3,Cereals containing gluten,"Vegan,Vegetarian,Vitamin-Rich",8,24.0
171369,"Babyfood, cookies, arrowroot",3,Cereals containing gluten,"Vegan,Vegetarian",8,24.0
171370,"Babyfood, pretzels",3,Cereals containing gluten,"Vegan,Vegetarian",8,24.0
171371,"Babyfood, GERBER, GRADUATES Lil Biscuits Vanilla Wheat",3,"Cereals containing gluten,Milk,Soybeans",Vegetarian,8,24.0
171372,Zwieback,3,"Cereals containing gluten,Eggs",Vegetarian,8,24.0
171373,"Babyfood, dessert, cherry vanilla pudding, junior",3,,"Vegan,Vegetarian,Vitamin-Rich",8,24.0
171374,"Babyfood, dessert, fruit pudding, orange, strained",3,,"Vegan,Vegetarian,Vitamin-Rich",4,24.0
171375,"Babyfood, dessert, peach cobbler, strained",3,Cereals containing gluten,"Vegan,Vegetarian,Vitamin-Rich",4,24.0
171376,"Babyfood, dessert, peach cobbler, junior",3,Cereals containing gluten,"Vegan,Vegetarian,Vitamin-Rich",8,24.0
171377,"Babyfood, dessert, fruit dessert, without ascorbic acid, junior",3,,"Vegan,Vegetarian,Vitamin-Rich",8,24.0
171378,"Babyfood, dessert, tropical fruit, junior",3,,"Vegan,Vegetarian,Vitamin-Rich",8,24.0
171379,"Babyfood, dessert, custard pudding, vanilla, strained",3,Eggs,Vegetarian,6,24.0
171380,"Babyfood, dessert, custard pudding, vanilla, junior",3,Eggs,Vegetarian,8,24.0
171381,"Babyfood, juice, apple and grape",3,,"Vegan,Vegetarian,Vitamin-Rich",4,24.0
171382,"Infant formula, ABBOTT NUTRITION, SIMILAC, ISOMIL, ADVANCE with iron, liquid concentrate",3,Soybeans,"Dairy-Free,High-Protein,Lactose-Free,Vegan,Vegetarian",0,12.0
171383,"Infant formula, ABBOTT NUTRITION, SIMILAC, ISOMIL, ADVANCE with iron, ready-to-feed",3,Soybeans,"Dairy-Free,High-Protein,Lactose-Free,Vegan,Vegetarian",0,12.0
171384,"Infant formula, ABBOTT NUTRITION, SIMILAC, ISOMIL, ADVANCE with iron, powder, not reconstituted",3,Soybeans,"Dairy-Free,High-Protein,Lactose-Free,Vegan,Vegetarian",0,12.0
171385,"Infant formula, NESTLE, GOOD START SUPREME, with iron, DHA and ARA, ready-to-feed",3,Milk,High-Protein,0,12.0
171386,"Infant formula, NESTLE, GOOD START SUPREME, with iron, DHA and ARA, prepared from liquid concentrate",3,Milk,High-Protein,0,12.0
171387,"Infant Formula, MEAD JOHNSON, ENFAMIL GENTLEASE, with iron, prepared from powder",3,"Milk,Soybeans",High-Protein,0,12.0
171388,"Babyfood, fortified cereal bar, fruit filling",3,"Cereals containing gluten,Cereals containing gluten (oats),Soybeans","Vegan,Vegetarian,Vitamin-Rich",12,24.0
171389,"Infant Formula, MEAD JOHNSON, ENFAMIL, GENTLEASE, with ARA and DHA powder not reconstituted",3,"Milk,Soybeans",High-Protein,0,12.0
171390,"Infant formula, MEAD JOHNSON, ENFAMIL, Enfagrow, Soy, Toddler ready-to-feed",3,Soybeans,"Dairy-Free,High-Protein,Lactose-Free,Vegan,Vegetarian",12,24.0
171391,"Infant formula, MEAD JOHNSON, ENFAMIL, NUTRAMIGEN AA, ready-to-feed",3,,"Dairy-Free,High-Protein,Lactose-Free,Vegan,Vegetarian",0,12.0
171392,"Infant formula, MEAD JOHNSON, ENFAMIL, Premature, with iron, 20 calories, ready-to-feed",3,"Milk,Soybeans",High-Protein,0,12.0
171393,"Infant formula, MEAD JOHNSON, ENFAMIL, Premature, with iron, 24 calories, ready-to-feed",3,"Milk,Soybeans",High-Protein,0,12.0
171394,"Infant formula, GERBER, GOOD START 2, PROTECT PLUS, ready-to-feed",3,"Milk,Soybeans",High-Protein,6,24.0
171395,"Infant formula, ABBOTT NUTRITION, SIMILAC, GO AND GROW, ready-to-feed, with ARA and DHA",3,"Milk,Soybeans",High-Protein,12,24.0
171396,"Infant formula, ABBOTT NUTRITION, SIMILAC, Expert Care, Diarrhea, ready- to- feed with ARA and DHA",3,"Milk,Soybeans",High-Protein,0,12.0
171397,"Infant formula, ABBOTT NUTRITION, SIMILAC, For Spit Up, ready-to-feed, with ARA and DHA",3,"Milk,Soybeans",High-Protein,0,12.0
171398,"Babyfood, Snack, GERBER, GRADUATES, LIL CRUNCHIES, baked whole grain corn snack",3,,"Gluten-Free,Vegan,Vegetarian",8,24.0
171399,"Infant formula, ABBOTT NUTRITION, SIMILAC, For Spit Up, powder, with ARA and DHA",3,"Milk,Soybeans",High-Protein,0,12.0
171400,"Fat, beef tallow",4,,High-Protein,24,
171401,Lard,4,,High-Protein,24,
171402,"Salad dressing, thousand island, commercial, regular",4,Eggs,Vegetarian,24,
171403,"Salad dressing, mayonnaise type, regular, with salt",4,Eggs,Vegetarian,24,
171404,"Salad dressing, french dressing, reduced fat",4,,"Low-Fat,Vegan,Vegetarian",24,
171405,"Salad dressing, italian dressing, commercial, reduced fat",4,,"Low-Fat,Vegan,Vegetarian",24,
171406,"Salad dressing, mayonnaise, imitation, soybean",4,"Eggs,Soybeans",Vegetarian,24,
171407,"Salad dressing, mayonnaise, imitation, milk cream",4,"Eggs,Milk",Vegetarian,24,
171408,"Salad dressing, mayonnaise, imitation, soybean without cholesterol",4,"Eggs,Soybeans",Vegetarian,24,
171409,"Sandwich spread, with chopped pickle, regular, unspecified oils",4,"Eggs,Soybeans",Vegetarian,24,
171410,"Oil, peanut, salad or cooking",4,Peanuts,"Vegan,Vegetarian",48,
171411,"Oil, soybean, salad or cooking",4,Soybeans,"Vegan,Vegetarian",24,
171412,"Oil, coconut",4,"Nuts,Nuts (coconut)","Vegan,Vegetarian",48,
171413,"Oil, olive, salad or cooking",4,,"Vegan,Vegetarian",24,
171414,"Salad dressing, french dressing, commercial, regular",4,,"Vegan,Vegetarian",24,
171415,"Margarine,spread, 35-39% fat, tub",4,Soybeans,"Vegan,Vegetarian",24,
171416,"Salad dressing, french, home recipe",4,,"Vegan,Vegetarian",24,
171417,"Salad dressing, home recipe, vinegar and oil",4,,"Vegan,Vegetarian",24,
171418,"Salad dressing, mayonnaise, soybean oil, without salt",4,"Eggs,Soybeans","Low Sodium,Vegetarian",24,
171419,"Salad dressing, french, cottonseed, oil, home recipe",4,,"Vegan,Vegetarian",24,
171420,"Salad dressing, french dressing, fat-free",4,,"Fat-Free,Low-Fat,Vegan,Vegetarian",24,
171421,"Oil, cocoa butter",4,,"Vegan,Vegetarian",24,
171422,"Vegetable oil, palm kernel",4,,"Vegan,Vegetarian",24,
171423,"Oil, poppyseed",4,,"Vegan,Vegetarian",24,
171424,"Oil, tomatoseed",4,,"Vegan,Vegetarian",24,
171425,"Oil, teaseed",4,,"Vegan,Vegetarian",24,
171426,"Oil, soybean lecithin",4,Soybeans,"Vegan,Vegetarian",24,
171427,"Oil, hazelnut",4,"Nuts,Nuts (hazelnuts)","Vegan,Vegetarian",48,
171428,"Oil, babassu",4,,"Vegan,Vegetarian",24,
171429,"Oil, sheanut",4,Nuts,"Vegan,Vegetarian",48,
171430,"Oil, PAM cooking spray, original",4,Soybeans,"Vegan,Vegetarian",24,
171431,"Margarine, margarine-like vegetable oil spread, 67-70% fat, tub",4,Soybeans,"Vegan,Vegetarian",24,
171432,"Margarine, 80% fat, tub, CANOLA HARVEST Soft Spread (canola, palm and palm kernel oils)",4,Soybeans,"Vegan,Vegetarian",24,
171433,"Oil, cooking and salad, ENOVA, 80% diglycerides",4,Soybeans,"Vegan,Vegetarian",24,
171434,"Margarine-like, vegetable oil spread, approximately 37% fat, unspecified oils, with salt, with added vitamin D",4,Soybeans,"Vegan,Vegetarian,Vitamin-Rich",24,
171435,"Margarine, regular, 80% fat, composite, stick, with salt, with added vitamin D",4,Soybeans,"Vegan,Vegetarian,Vitamin-Rich",24,
171436,"Margarine, regular, 80% fat, composite, tub, with salt, with added vitamin D",4,Soybeans,"Vegan,Vegetarian,Vitamin-Rich",24,
171437,"Margarine-like, vegetable oil spread, 60% fat, stick, with salt, with added vitamin D",4,Soybeans,"Vegan,Vegetarian,Vitamin-Rich",24,
171438,"Oil, industrial, soy, low linolenic",4,Soybeans,"Vegan,Vegetarian",24,
171439,"Oil, industrial, soy, ultra low linolenic",4,Soybeans,"Vegan,Vegetarian",24,
171440,"Oil, industrial, soy, fully hydrogenated",4,Soybeans,"Vegan,Vegetarian",24,
171441,"Oil, industrial, cottonseed, fully hydrogenated",4,,"Vegan,Vegetarian",24,
171442,"Oil, flaxseed, contains added sliced flaxseed",4,,"Vegan,Vegetarian",24,
171443,"Mayonnaise, reduced fat, with olive oil",4,Eggs,"Low-Fat,Vegetarian",24,
171444,"Salad dressing, mayonnaise-type, light",4,"Eggs,Soybeans",Vegetarian,24,
171445,"Chicken, broiler, rotisserie, BBQ, breast, meat only",5,,High-Protein,24,
171446,"Chicken, broilers or fryers, meat and skin and giblets and neck, stewed",5,,High-Protein,24,
171447,"Chicken, broilers or fryers, meat and skin, raw",5,,High-Protein,24,
171448,"Chicken, broilers or fryers, meat and skin, cooked, fried, batter",5,"Cereals containing gluten,Eggs,Milk",High-Protein,24,
171449,"Chicken, broilers or fryers, meat and skin, cooked, fried, flour",5,Cereals containing gluten,High-Protein,24,
171450,"Chicken, broilers or fryers, meat and skin, cooked, roasted",5,,High-Protein,24,
171451,"Chicken, broilers or fryers, meat only, cooked, stewed",5,,High-Protein,24,
171452,"Chicken, broilers or fryers, skin only, raw",5,,High-Protein,24,
171453,"Chicken, broilers or fryers, skin only, cooked, fried, batter",5,"Cereals containing gluten,Eggs,Milk",High-Protein,24,
171454,"Chicken, broilers or fryers, skin only, cooked, fried, flour",5,Cereals containing gluten,High-Protein,24,
171455,"Chicken, broilers or fryers, giblets, cooked, simmered",5,,High-Protein,24,
171456,"Chicken, gizzard, all classes, raw",5,,High-Protein,24,
171457,"Chicken, gizzard, all classes, cooked, simmered",5,,High-Protein,24,
171458,"Chicken, heart, all classes, raw",5,,High-Protein,24,
171459,"Chicken, broilers or fryers, light meat, meat and skin, cooked, fried, batter",5,"Cereals containing gluten,Eggs,Milk",High-Protein,24,
171460,"Chicken, broilers or fryers, light meat, meat and skin, cooked, fried, flour",5,Cereals containing gluten,High-Protein,24,
171461,"Chicken, broilers or fryers, light meat, meat and skin, cooked, roasted",5,,High-Protein,24,
171462,"Chicken, broilers or fryers, light meat, meat and skin, cooked, stewed",5,,High-Protein,24,
171463,"Chicken, broilers or fryers, dark meat, meat and skin, raw",5,,High-Protein,24,
171464,"Chicken, broilers or fryers, light meat, meat only, raw",5,,High-Protein,24,
171465,"Chicken, broilers or fryers, light meat, meat only, cooked, fried",5,Cereals containing gluten,High-Protein,24,
171466,"Chicken, broilers or fryers, light meat, meat only, cooked, roasted",5,,High-Protein,24,
171467,"Chicken, broilers or fryers, light meat, meat only, cooked, stewed",5,,High-Protein,24,
171468,"Chicken, broilers or fryers, separable fat, raw",5,,High-Protein,24,
171469,"Chicken, broilers or fryers, back, meat and skin, raw",5,,High-Protein,24,
171470,"Chicken, broilers or fryers, back, meat and skin, cooked, fried, batter",5,"Cereals containing gluten,Eggs,Milk",High-Protein,24,
171471,"Chicken, broilers or fryers, back, meat and skin, cooked, fried, flour",5,Cereals containing gluten,High-Protein,24,
171472,"Chicken, broilers or fryers, back, meat only, cooked, roasted",5,,High-Protein,24,
171473,"Chicken, broilers or fryers, back, meat only, cooked, stewed",5,,High-Protein,24,
171474,"Chicken, broilers or fryers, breast, meat and skin, raw",5,,High-Protein,24,
171475,"Chicken, broilers or fryers, breast, meat and skin, cooked, fried, batter",5,"Cereals containing gluten,Eggs,Milk",High-Protein,24,
171476,"Chicken, broilers or fryers, breast, meat and skin, cooked, fried, flour",5,Cereals containing gluten,High-Protein,24,
171477,"Chicken, broilers or fryers, breast, meat only, cooked, roasted",5,,High-Protein,24,
171478,"Chicken, broilers or fryers, breast, meat only, cooked, stewed",5,,High-Protein,24,
171479,"Turkey, whole, meat and skin, cooked, roasted",5,,High-Protein,24,
171480,"Turkey, whole, meat only, raw",5,,High-Protein,24,
171481,"Turkey, whole, meat only, cooked, roasted",5,,High-Protein,24,
171482,"Turkey, whole, skin (light and dark), raw",5,,High-Protein,24,
171483,"Turkey, all classes, gizzard, cooked, simmered",5,,High-Protein,24,
171484,"Turkey, all classes, heart, raw",5,,High-Protein,24,
171485,"Turkey, all classes, heart, cooked, simmered",5,,High-Protein,24,
171486,"Turkey, all classes, liver, raw",5,,High-Protein,24,
171487,"Turkey, all classes, liver, cooked, simmered",5,,High-Protein,24,
171488,"Turkey, dark meat, meat and skin, raw",5,,High-Protein,24,
171489,"Turkey, whole, dark meat, meat and skin, cooked, roasted",5,,High-Protein,24,
171490,"Turkey, whole, light meat, raw",5,,High-Protein,24,
171491,"Turkey, all classes, light meat, cooked, roasted",5,,High-Protein,24,
171492,"Turkey, all classes, breast, meat and skin, cooked, roasted",5,,High-Protein,24,
171493,"Turkey, all classes, leg, meat and skin, raw",5,,High-Protein,24,
171494,"Turkey, all classes, leg, meat and skin, cooked, roasted",5,,High-Protein,24,
171495,"Turkey, all classes, wing, meat and skin, raw",5,,High-Protein,24,
171496,"Turkey, whole, breast, meat only, cooked, roasted",5,,High-Protein,24,
171497,"Turkey, whole, wing, meat only, raw",5,,High-Protein,24,
171498,"Turkey, whole, wing, meat only, cooked, roasted",5,,High-Protein,24,
171499,"Turkey, young hen, skin only, cooked, roasted",5,,High-Protein,24,
171500,"Turkey and gravy, frozen",5,,High-Protein,24,
171501,"Turkey breast, pre-basted, meat and skin, cooked, roasted",5,,High-Protein,24,
171502,"Turkey thigh, pre-basted, meat and skin, cooked, roasted",5,,High-Protein,24,
171503,"Turkey roast, boneless, frozen, seasoned, light and dark meat, raw",5,,High-Protein,24,
171504,"Turkey, mechanically deboned, from turkey frames, raw",5,,High-Protein,24,
171505,"Turkey, Ground, raw",5,,High-Protein,24,
171506,"Turkey, Ground, cooked",5,,High-Protein,24,
171507,"Chicken, cornish game hens, meat and skin, raw",5,,High-Protein,24,
171508,"Chicken, wing, frozen, glazed, barbecue flavored, heated (microwave)",5,"Cereals containing gluten,Soybeans",High-Protein,24,
171509,"Chicken, broilers or fryers, breast, skinless, boneless, meat only, with added solution, raw",5,,High-Protein,24,
171510,"Duck, young duckling, domesticated, White Pekin, breast, meat and skin, boneless, cooked, roasted",5,,High-Protein,24,
171511,"Duck, young duckling, domesticated, White Pekin, breast, meat only, boneless, cooked without skin, broiled",5,,High-Protein,24,
171512,"Chicken patty, frozen, uncooked",5,"Cereals containing gluten,Soybeans",High-Protein,24,
171513,"Chicken patty, frozen, cooked",5,"Cereals containing gluten,Soybeans",High-Protein,24,
171514,"Chicken breast tenders, breaded, cooked, microwaved",5,Cereals containing gluten,High-Protein,24,
171515,"Chicken breast tenders, breaded, uncooked",5,Cereals containing gluten,High-Protein,24,
171516,"Chicken, broiler, rotisserie, BBQ, wing, meat only",5,,High-Protein,24,
171517,"Chicken, broilers or fryers, rotisserie, original seasoning, back, meat only, cooked",5,,High-Protein,24,
171518,"Chicken, broilers or fryers, rotisserie, original seasoning, breast, meat only, cooked",5,,High-Protein,24,
171519,"Chicken, broilers or fryers, drumstick, rotisserie, original seasoning, meat only, cooked",5,,High-Protein,24,
171520,"Chicken, broilers or fryers, rotisserie, original seasoning, skin only, cooked",5,,High-Protein,24,
171521,"Chicken, broilers or fryers,  rotisserie, original seasoning, drumstick, meat and skin, cooked",5,,High-Protein,24,
171522,"Chicken, broilers or fryers, rotisserie, original seasoning, thigh, meat and skin, cooked",5,,High-Protein,24,
171523,"Chicken, broilers or fryers, rotisserie, original seasoning, wing, meat and skin, cooked",5,,High-Protein,24,
171524,"Chicken, broiler, rotisserie, BBQ, skin",5,,High-Protein,24,
171525,"Turkey, drumstick, from whole bird, meat only, with added solution, raw",5,,High-Protein,24,
171526,"Turkey, wing, from whole bird, meat only, with added solution, raw",5,,High-Protein,24,
171527,"Turkey, wing, from whole bird, meat only, with added solution, roasted",5,,High-Protein,24,
171528,"Turkey, retail parts, breast, meat and skin, raw",5,,High-Protein,24,
171529,"Turkey, retail parts, breast, meat and skin, cooked, roasted",5,,High-Protein,24,
171530,"Turkey, drumstick, from whole bird, meat only, roasted",5,,High-Protein,24,
171531,"Turkey, thigh, from whole bird, meat only, raw",5,,High-Protein,24,
171532,"Turkey, thigh, from whole bird, meat only, roasted",5,,High-Protein,24,
171533,"Turkey, retail parts, thigh, meat and skin, raw",5,,High-Protein,24,
171534,"Chicken, broiler or fryers, breast, skinless, boneless, meat only, cooked, grilled",5,,High-Protein,24,
171535,"Chicken, broiler or fryers, breast, skinless, boneless, meat only, with added solution, cooked, braised",5,,High-Protein,24,
171536,"Chicken, broiler or fryers, breast, skinless, boneless, meat only, with added solution, cooked, grilled",5,,High-Protein,24,
171537,"Soup, cream of asparagus, canned, condensed",6,"Cereals containing gluten,Milk,Soybeans","Vegetarian,Vitamin-Rich",24,
171538,"Soup, beef broth or bouillon canned, ready-to-serve",6,,High-Protein,24,
171539,"Soup, beef noodle, canned, condensed",6,"Cereals containing gluten,Eggs",High-Protein,24,
171540,"Soup, cream of celery, canned, condensed",6,"Cereals containing gluten,Milk,Soybeans","Vegetarian,Vitamin-Rich",24,
171541,"Soup, cheese, canned, condensed",6,"Cereals containing gluten,Milk",Vegetarian,24,
171542,"Soup, chicken broth, canned, condensed",6,,High-Protein,24,
171543,"Soup, chicken noodle, canned, condensed",6,"Cereals containing gluten,Eggs",High-Protein,24,
171544,"Soup, chicken rice, canned, chunky, ready-to-serve",6,,High-Protein,24,
171545,"Soup, chicken with rice, canned, condensed",6,Cereals containing gluten,High-Protein,24,
171546,"Soup, chicken and vegetable, canned, ready-to-serve",6,Cereals containing gluten,High-Protein,24,
171547,"Soup, clam chowder, new england, canned, condensed",6,"Cereals containing gluten,Milk,Molluscs,Soybeans","High-Protein,Pescatarian",24,
171548,"Soup, beef broth bouillon and consomme, canned, condensed",6,,High-Protein,24,
171549,"Soup, lentil with ham, canned, ready-to-serve",6,,"High-Protein,Vitamin-Rich",24,
171550,"Soup, minestrone, canned, chunky, ready-to-serve",6,"Cereals containing gluten,Eggs,Milk,Soybeans",High-Protein,24,
171551,"Soup, onion, canned, condensed",6,Cereals containing gluten,High-Protein,24,
171552,"Soup, cream of onion, canned, condensed",6,"Cereals containing gluten,Milk",Vegetarian,24,
171553,"Soup, oyster stew, canned, condensed",6,"Milk,Molluscs","High-Protein,Pescatarian",24,
171554,"Soup, pea, green, canned, condensed",6,,"High-Protein,Vegan,Vegetarian,Vitamin-Rich",24,
171555,"Soup, pea, split with ham, canned, chunky, ready-to-serve",6,Soybeans,High-Protein,24,
171556,"CAMPBELL'S, Chicken Noodle Soup, condensed",6,"Cereals containing gluten,Eggs",High-Protein,24,
171557,"Soup, tomato rice, canned, condensed",6,Cereals containing gluten,"Vegan,Vegetarian,Vitamin-Rich",24,
171558,"Soup, turkey, chunky, canned, ready-to-serve",6,,High-Protein,24,
171559,"Soup, chunky vegetable, canned, ready-to-serve",6,"Cereals containing gluten,Soybeans","High-Protein,Vitamin-Rich",24,
171560,"Soup, beef broth or bouillon, powder, dry",6,,High-Protein,24,
171561,"Soup, beef broth, cubed, dry",6,,High-Protein,24,
171562,"Soup, chicken broth or bouillon, dry",6,,High-Protein,24,
171563,"Soup, chicken broth cubes, dry",6,,High-Protein,24,
171564,"Gravy, beef, canned, ready-to-serve",6,"Cereals containing gluten,Soybeans",High-Protein,24,
171565,"Gravy, brown, dry",6,"Cereals containing gluten,Soybeans",High-Protein,24,
171566,"Gravy, chicken, canned or bottled, ready-to-serve",6,"Cereals containing gluten,Soybeans",High-Protein,24,
171567,"Gravy, chicken, dry",6,"Cereals containing gluten,Soybeans",High-Protein,24,
171568,"Gravy, turkey, canned, ready-to-serve",6,"Cereals containing gluten,Soybeans",High-Protein,24,
171569,"Gravy, turkey, dry",6,"Cereals containing gluten,Soybeans",High-Protein,24,
171570,"Gravy, unspecified type, dry",6,"Cereals containing gluten,Soybeans",High-Protein,24,
171571,"Soup, chicken noodle, dry, mix",6,"Cereals containing gluten,Eggs,Soybeans",High-Protein,24,
171572,"Soup, beef mushroom, canned, prepared with equal volume water",6,Cereals containing gluten,High-Protein,24,
171573,"Soup, chicken mushroom, canned, prepared with equal volume water",6,Cereals containing gluten,High-Protein,24,
171574,"Soup, tomato bisque, canned, prepared with equal volume water",6,Cereals containing gluten,"Vegan,Vegetarian,Vitamin-Rich",24,
171575,"Sauce, peanut, made from coconut, water, sugar, peanuts",6,"Nuts,Nuts (coconut),Peanuts","Vegan,Vegetarian",48,
171576,"SMART SOUP, Santa Fe Corn Chowder",6,,"High-Protein,Vegan,Vegetarian",24,
171577,"SMART SOUP, French Lentil",6,,"High-Protein,Vegan,Vegetarian",24,
171578,"SMART SOUP, Greek Minestrone",6,"Cereals containing gluten,Cereals containing gluten (barley)","High-Protein,Vegan,Vegetarian",24,
171579,"Sauce, pesto, ready-to-serve, refrigerated",6,"Eggs,Milk,Nuts",Vegetarian,48,
171580,"Sauce, pesto, ready-to-serve, shelf stable",6,"Milk,Nuts",Vegetarian,48,
171581,"Sauce, pesto, BUITONI, pesto with basil, ready-to-serve, refrigerated",6,"Milk,Nuts",Vegetarian,48,
171582,"Sauce, pesto, CLASSICO, basil pesto, ready-to-serve",6,"Eggs,Milk,Nuts",Vegetarian,48,
171583,"Soup, vegetable broth, ready to serve",6,,"Vegan,Vegetarian",24,
171584,"Sauce, cheese sauce mix, dry",6,"Cereals containing gluten,Milk,Soybeans",Vegetarian,24,
171585,"Soup, chicken corn chowder, chunky, ready-to-serve, single brand",6,"Milk,Soybeans",High-Protein,24,
171586,"Soup, bean with bacon, condensed, single brand",6,,High-Protein,24,
171587,"Soup, tomato, canned, condensed, reduced sodium",6,Cereals containing gluten,"Low Sodium,Vegan,Vegetarian,Vitamin-Rich",24,
171588,"Gravy, brown instant, dry",6,"Cereals containing gluten,Milk,Soybeans",High-Protein,24,
171589,"Gravy, instant beef, dry",6,"Cereals containing gluten,Milk,Soybeans",High-Protein,24,
171590,"Gravy, instant turkey, dry",6,"Cereals containing gluten,Milk,Soybeans",High-Protein,24,
171591,"Soup, tomato, low sodium, with water",6,,"Low Sodium,Vegan,Vegetarian,Vitamin-Rich",24,
171592,"Soup, pea, low sodium, prepared with equal volume water",6,,"High-Protein,Low Sodium,Vegan,Vegetarian",24,
171593,"Soup, chicken noodle, low sodium, canned, prepared with equal volume water",6,"Cereals containing gluten,Eggs","High-Protein,Low Sodium",24,
171594,"Soup, vegetable soup, condensed, low sodium, prepared with equal volume water",6,"Cereals containing gluten,Eggs","Low Sodium,Vegetarian,Vitamin-Rich",24,
171595,"Sauce, tomato chili sauce, bottled, with salt",6,,"Vegan,Vegetarian,Vitamin-Rich",24,
171596,"Soup, vegetable chicken, canned, prepared with water, low sodium",6,,"High-Protein,Low Sodium",24,
171597,"Sauce, pasta, spaghetti/marinara, ready-to-serve, low sodium",6,,"Low Sodium,Vegan,Vegetarian,Vitamin-Rich",24,
171598,"Gravy, meat or poultry, low sodium, prepared",6,Cereals containing gluten,"High-Protein,Low Sodium",24,
171599,"Gravy, HEINZ Home Style, savory beef",6,"Cereals containing gluten,Milk,Soybeans",High-Protein,24,
171600,"Gravy, CAMPBELL'S, chicken",6,"Cereals containing gluten,Soybeans",High-Protein,24,
171601,"Barbecue loaf, pork, beef",7,,High-Protein,24,
171602,"Soup, cream of chicken, canned, condensed, reduced sodium",6,"Cereals containing gluten,Milk,Soybeans","High-Protein,Low Sodium",24,
171603,"Sauce, alfredo mix, dry",6,"Milk,Soybeans",Vegetarian,24,
171604,"Sauce, peppers, hot, chili, mature red, canned",6,,"Vegan,Vegetarian,Vitamin-Rich",24,
171605,"Sauce, chili, peppers, hot, immature green, canned",6,,"Vegan,Vegetarian,Vitamin-Rich",24,
171606,Fish broth,6,Fish,Pescatarian,24,
171607,"Soup, cream of mushroom, low sodium, ready-to-serve, canned",6,"Milk,Soybeans","Low Sodium,Vegetarian",24,
171608,"Potato soup, instant, dry mix",6,"Milk,Soybeans","Vegetarian,Vitamin-Rich",24,
171609,"Soup, chicken broth, low sodium, canned",6,,"High-Protein,Low Sodium",24,
171610,"Sauce, worcestershire",6,Fish,Pescatarian,24,
171611,"Soup, beef and mushroom, low sodium, chunk style",6,Soybeans,"High-Protein,Low Sodium",24,
171612,"Soup, beef stroganoff, canned, chunky style, ready-to-serve",6,"Cereals containing gluten,Eggs,Milk",High-Protein,24,
171613,"Soup, bouillon cubes and granules, low sodium, dry",6,Soybeans,"High-Protein,Low Sodium",24,
171614,"Soup, ramen noodle, beef flavor, dry",6,"Cereals containing gluten,Soybeans",High-Protein,24,
171615,"Soup, ramen noodle, chicken flavor, dry",6,"Cereals containing gluten,Soybeans",High-Protein,24,
171616,"Beerwurst, beer salami, pork",7,,High-Protein,24,
171617,"Sausage, Berliner, pork, beef",7,,High-Protein,24,
171618,Blood sausage,7,,High-Protein,24,
171619,"Bockwurst, pork, veal, raw",7,Milk,High-Protein,24,
171620,"Bratwurst, pork, cooked",7,,High-Protein,24,
171621,"Braunschweiger (a liver sausage), pork",7,,High-Protein,24,
171622,"Bratwurst, pork, beef, link",7,,High-Protein,24,
171623,"Cheesefurter, cheese smokie, pork, beef",7,Milk,High-Protein,24,
171624,"Frankfurter, chicken",7,,High-Protein,24,
171625,"Frankfurter, turkey",7,,High-Protein,24,
171626,"Ham, chopped, canned",7,,High-Protein,24,
171627,"Ham, chopped, not canned",7,,High-Protein,24,
171628,Ham and cheese loaf or roll,7,Milk,High-Protein,24,
171629,Ham and cheese spread,7,"Milk,Soybeans",High-Protein,24,
171630,"Headcheese, pork",7,,High-Protein,24,
171631,"Sausage, Italian, pork, mild, raw",7,,High-Protein,24,
171632,"Sausage, pork and turkey, pre-cooked",7,,High-Protein,24,
171633,"Frankfurter, meat and poultry, cooked, boiled",7,,High-Protein,24,
171634,"Frankfurter, meat and poultry, cooked, grilled",7,,High-Protein,24,
171635,"Pork sausage, link/patty, reduced fat, unprepared",7,,"High-Protein,Low-Fat",24,
171636,"Pork sausage, link/patty, reduced fat, cooked, pan-fried",7,,"High-Protein,Low-Fat",24,
171637,"Bologna, meat and poultry",7,,High-Protein,24,
171638,"Meatballs, frozen, Italian style",7,"Cereals containing gluten,Eggs,Milk,Soybeans",High-Protein,24,
171639,"Bacon, turkey, microwaved",7,,High-Protein,24,
171640,"Bacon, turkey, low sodium",7,,"High-Protein,Low Sodium",24,
171641,"Cereals ready-to-eat, POST, ALPHA-BITS",8,"Cereals containing gluten,Cereals containing gluten (oats)","Vegan,Vegetarian",24,
171642,"Cereals ready-to-eat, QUAKER, CAP'N CRUNCH",8,,"Vegan,Vegetarian",24,
171643,"Cereals ready-to-eat, QUAKER, CAP'N CRUNCH with CRUNCHBERRIES",8,,"Vegan,Vegetarian",24,
171644,"Cereals ready-to-eat, QUAKER, CAP'N CRUNCH'S PEANUT BUTTER CRUNCH",8,Peanuts,"Vegan,Vegetarian",48,
171645,"Cereals ready-to-eat, POST, FRUITY PEBBLES",8,,"Vegan,Vegetarian",24,
171646,"Cereals ready-to-eat, granola, homemade",8,"Cereals containing gluten,Cereals containing gluten (oats),Nuts,Sulphur dioxide/sulphites",Vegetarian,48,
171647,"Cereals ready-to-eat, POST, GRAPE-NUTS Cereal",8,"Cereals containing gluten,Cereals containing gluten (barley)","Vegan,Vegetarian",24,
171648,"Cereals ready-to-eat, POST, GRAPE-NUTS Flakes",8,"Cereals containing gluten,Cereals containing gluten (barley)","Vegan,Vegetarian",24,
171649,"Cereals ready-to-eat, QUAKER, SWEET CRUNCH/QUISP",8,,"Vegan,Vegetarian",24,
171650,"Cereals ready-to-eat, POST Raisin Bran Cereal",8,Cereals containing gluten,"Vegan,Vegetarian,Vitamin-Rich",24,
171651,"Cereals ready-to-eat, QUAKER, QUAKER Puffed Rice",8,,"Vegan,Vegetarian",24,
171652,"Cereals ready-to-eat, POST, GOLDEN CRISP",8,Cereals containing gluten,"Vegan,Vegetarian",24,
171653,"Cereals ready-to-eat, SUN COUNTRY, KRETSCHMER Honey Crunch Wheat Germ",8,"Cereals containing gluten,Soybeans",Vegetarian,12,
171654,"Cereals, corn grits, white, regular and quick, enriched, dry",8,,"Vegan,Vegetarian",24,
171655,"Cereals, corn grits, white, regular and quick, enriched, cooked with water, without salt",8,,"Low Sodium,Vegan,Vegetarian",24,
171656,"Cereals, QUAKER, corn grits, instant, plain, dry",8,,"Vegan,Vegetarian",24,
171657,"Cereals, CREAM OF WHEAT, regular (10 minute), cooked with water, without salt",8,Cereals containing gluten,"Low Sodium,Vegan,Vegetarian",24,
171658,"Cereals, farina, enriched, assorted brands including CREAM OF WHEAT, quick (1-3 minutes), dry",8,Cereals containing gluten,"Vegan,Vegetarian",24,
171659,"Cereals, farina, enriched, assorted brands including CREAM OF WHEAT, quick (1-3 minutes), cooked with water, without salt",8,Cereals containing gluten,"Low Sodium,Vegan,Vegetarian",24,
171660,"Cereals, CREAM OF WHEAT, instant, dry",8,Cereals containing gluten,"Vegan,Vegetarian",24,
171661,"Cereals, oats, instant, fortified, plain, dry",8,Cereals containing gluten (oats),"Vegan,Vegetarian",24,
171662,"Cereals, oats, instant, fortified, plain, prepared with water (boiling water added or microwaved)",8,Cereals containing gluten (oats),"Vegan,Vegetarian",24,
171663,"Cereals, QUAKER, Instant Oatmeal, apples and cinnamon, dry",8,Cereals containing gluten (oats),"Vegan,Vegetarian,Vitamin-Rich",24,
171664,"Cereals, oats, instant, fortified, with cinnamon and spice, dry",8,Cereals containing gluten (oats),"Vegan,Vegetarian",24,
171665,"Cereals, WHEATENA, dry",8,Cereals containing gluten,"Vegan,Vegetarian",24,
171666,"Cereals, WHEATENA, cooked with water",8,Cereals containing gluten,"Vegan,Vegetarian",24,
171667,"Cereals, whole wheat hot natural cereal, dry",8,Cereals containing gluten,"Vegan,Vegetarian",24,
171668,"Cereals, whole wheat hot natural cereal, cooked with water, without salt",8,Cereals containing gluten,"Low Sodium,Vegan,Vegetarian",24,
171669,"Cereals ready-to-eat, QUAKER, QUAKER Puffed Wheat",8,Cereals containing gluten,"Vegan,Vegetarian",24,
171670,"Cereals, corn grits, yellow, regular and quick, unenriched, dry",8,,"Vegan,Vegetarian",24,
171671,"Cereals, corn grits, white, regular and quick, enriched, cooked with water, with salt",8,,"Vegan,Vegetarian",24,
171672,"Cereals, corn grits, yellow, regular and quick, enriched, cooked with water, without salt",8,,"Low Sodium,Vegan,Vegetarian",24,
171673,"Cereals, corn grits, yellow, regular, quick, enriched, cooked with water, with salt",8,,"Vegan,Vegetarian",24,
171674,"Cereals, MALT-O-MEAL, chocolate, dry",8,Cereals containing gluten,"Vegan,Vegetarian",24,
171675,"Cereals, oats, regular and quick and instant, unenriched, cooked with water (includes boiling and microwaving), with salt",8,Cereals containing gluten (oats),"Vegan,Vegetarian",24,
171676,"Cereals, WHEATENA, cooked with water, with salt",8,Cereals containing gluten,"Vegan,Vegetarian",24,
171677,"Cereals, whole wheat hot natural cereal, cooked with water, with salt",8,Cereals containing gluten,"Vegan,Vegetarian",24,
171678,"Cereals, ready-to-eat, MALT-O-MEAL, Blueberry Mini SPOONERS",8,Cereals containing gluten,"Vegan,Vegetarian,Vitamin-Rich",24,
171679,"Cereals ready-to-eat, MALT-O-MEAL, OAT BLENDERS with honey",8,"Cereals containing gluten,Cereals containing gluten (oats)",Vegetarian,12,
171680,"Cereals ready-to-eat, MALT-O-MEAL, OAT BLENDERS with honey & almonds",8,"Cereals containing gluten,Cereals containing gluten (oats),Nuts,Nuts (almonds)",Vegetarian,48,
171681,"Cereals ready-to-eat, MALT-O-MEAL, Honey Nut SCOOTERS",8,"Cereals containing gluten,Cereals containing gluten (oats),Nuts,Nuts (almonds),Soybeans",Vegetarian,48,
171682,"Cereals, QUAKER, Instant Oatmeal, Cinnamon Swirl, high fiber",8,"Cereals containing gluten,Cereals containing gluten (oats)","Vegan,Vegetarian",24,
171683,"Cereals, QUAKER, oatmeal, REAL MEDLEYS, blueberry hazelnut, dry",8,"Cereals containing gluten,Cereals containing gluten (oats),Milk,Nuts,Nuts (hazelnuts)","Vegetarian,Vitamin-Rich",48,
171684,"Cereals, QUAKER, oatmeal, REAL MEDLEYS, apple walnut, dry",8,"Cereals containing gluten,Cereals containing gluten (oats),Milk,Nuts,Nuts (walnuts)","Vegetarian,Vitamin-Rich",48,
171685,"Cereals, QUAKER, oatmeal, REAL MEDLEYS, summer berry, dry",8,"Cereals containing gluten,Cereals containing gluten (oats),Milk","Vegetarian,Vitamin-Rich",24,
171686,"Acerola, (west indian cherry), raw",9,,"Vegan,Vegetarian,Vitamin-Rich",24,
171687,"Acerola juice, raw",9,,"Vegan,Vegetarian,Vitamin-Rich",24,
171688,"Apples, raw, with skin (Includes foods for USDA's Food Distribution Program)",9,,"Vegan,Vegetarian,Vitamin-Rich",24,
171689,"Apples, raw, without skin",9,,"Vegan,Vegetarian,Vitamin-Rich",24,
171690,"Apples, dehydrated (low moisture), sulfured, stewed",9,Sulphur dioxide/sulphites,"Vegan,Vegetarian,Vitamin-Rich",24,
171691,"Apples, dried, sulfured, uncooked",9,Sulphur dioxide/sulphites,"Vegan,Vegetarian,Vitamin-Rich",24,
171692,"Apples, dried, sulfured, stewed, without added sugar",9,Sulphur dioxide/sulphites,"No Added Sugar,Vegan,Vegetarian,Vitamin-Rich",24,
171693,"Apples, dried, sulfured, stewed, with added sugar",9,Sulphur dioxide/sulphites,"Vegan,Vegetarian,Vitamin-Rich",24,
171694,"Apples, frozen, unsweetened, unheated (Includes foods for USDA's Food Distribution Program)",9,,"No Added Sugar,Vegan,Vegetarian,Vitamin-Rich",24,
171695,"Applesauce, canned, unsweetened, without added ascorbic acid (Includes foods for USDA's Food Distribution Program)",9,,"No Added Sugar,Vegan,Vegetarian,Vitamin-Rich",24,
171696,"Applesauce, canned, sweetened, without salt",9,,"Low Sodium,Vegan,Vegetarian,Vitamin-Rich",24,
171697,"Apricots, raw",9,,"Vegan,Vegetarian,Vitamin-Rich",24,
171698,"Apricots, canned, water pack, with skin, solids and liquids",9,,"Vegan,Vegetarian,Vitamin-Rich",24,
171699,"Apricots, canned, heavy syrup pack, with skin, solids and liquids",9,,"Vegan,Vegetarian,Vitamin-Rich",24,
171700,"Apricots, canned, heavy syrup pack, without skin, solids and liquids",9,,"Vegan,Vegetarian,Vitamin-Rich",24,
171701,"Apricots, canned, extra heavy syrup pack, without skin, solids and liquids",9,,"Vegan,Vegetarian,Vitamin-Rich",24,
171702,"Apricots, dehydrated (low-moisture), sulfured, uncooked",9,Sulphur dioxide/sulphites,"Vegan,Vegetarian,Vitamin-Rich",24,
171703,"Apricots, frozen, sweetened",9,,"Vegan,Vegetarian,Vitamin-Rich",24,
171704,"Apricot nectar, canned, with added ascorbic acid",9,,"Vegan,Vegetarian,Vitamin-Rich",24,
171705,"Avocados, raw, all commercial varieties",9,,"Vegan,Vegetarian,Vitamin-Rich",24,
171706,"Avocados, raw, California",9,,"Vegan,Vegetarian,Vitamin-Rich",24,
171707,"Avocados, raw, Florida",9,,"Vegan,Vegetarian,Vitamin-Rich",24,
171708,"Cherries, tart, dried, sweetened (Includes foods for USDA's Food Distribution Program)",9,,"Vegan,Vegetarian,Vitamin-Rich",24,
171709,"Blackberries, canned, heavy syrup, solids and liquids",9,,"Vegan,Vegetarian,Vitamin-Rich",24,
171710,"Blackberries, frozen, unsweetened",9,,"No Added Sugar,Vegan,Vegetarian,Vitamin-Rich",24,
171711,"Blueberries, raw",9,,"Vegan,Vegetarian,Vitamin-Rich",24,
171712,"Boysenberries, canned, heavy syrup",9,,"Vegan,Vegetarian,Vitamin-Rich",24,
171713,"Boysenberries, frozen, unsweetened",9,,"No Added Sugar,Vegan,Vegetarian,Vitamin-Rich",24,
171714,"Breadfruit, raw",9,,"Vegan,Vegetarian,Vitamin-Rich",24,
171715,"Carambola, (starfruit), raw",9,,"Vegan,Vegetarian,Vitamin-Rich",24,
171716,"Cherries, sour, red, canned, heavy syrup pack, solids and liquids",9,,"Vegan,Vegetarian,Vitamin-Rich",24,
171717,"Cherries, sour, red, canned, extra heavy syrup pack, solids and liquids",9,,"Vegan,Vegetarian,Vitamin-Rich",24,
171718,"Cherries, sour, red, frozen, unsweetened (Includes foods for USDA's Food Distribution Program)",9,,"No Added Sugar,Vegan,Vegetarian,Vitamin-Rich",24,
171719,"Cherries, sweet, raw",9,,"Vegan,Vegetarian,Vitamin-Rich",24,
171720,"Cherries, sweet, canned, extra heavy syrup pack, solids and liquids",9,,"Vegan,Vegetarian,Vitamin-Rich",24,
171721,"Crabapples, raw",9,,"Vegan,Vegetarian,Vitamin-Rich",24,
171722,"Cranberries, raw",9,,"Vegan,Vegetarian,Vitamin-Rich",24,
171723,"Cranberries, dried, sweetened (Includes foods for USDA's Food Distribution Program)",9,Sulphur dioxide/sulphites,"Vegan,Vegetarian,Vitamin-Rich",24,
171724,"Currants, zante, dried",9,,"Vegan,Vegetarian,Vitamin-Rich",24,
171725,"Custard-apple, (bullock's-heart), raw",9,,"Vegan,Vegetarian,Vitamin-Rich",24,
171726,"Dates, deglet noor",9,,"Vegan,Vegetarian,Vitamin-Rich",24,
171727,"Elderberries, raw",9,,"Vegan,Vegetarian,Vitamin-Rich",24,
171728,"Beef, Australian, imported, grass-fed,  external fat, raw",13,,High-Protein,24,
171729,"Beef, Australian, imported, grass-fed, seam fat, raw",13,,High-Protein,24,
171730,"Beef, Australian, imported, Wagyu, external fat, Aust. marble score 4/5, raw",13,,High-Protein,24,
171731,"Beef, Australian, imported, Wagyu, seam fat, Aust. marble score 4/5, raw",13,,High-Protein,24,
171732,"Beef, Australian, imported, Wagyu, loin, tenderloin steak/roast, boneless, separable lean and fat, Aust. marble score 4/5, raw",13,,High-Protein,24,
171733,"Beef, Australian, imported, grass-fed, loin, top loin steak/roast, boneless, separable lean and fat, raw",13,,High-Protein,24,
171734,"Beef, Australian, imported, grass-fed, loin, top sirloin cap-off steak/roast, boneless, separable lean only, raw",13,,High-Protein,24,
171735,"Beef, Australian, imported, grass-fed, rib, ribeye steak/roast lip-on, boneless, separable lean only, raw",13,,High-Protein,24,
171736,"Beef, Australian, imported, Wagyu, loin, top loin steak/roast, boneless, separable lean only, Aust. marble score 9, raw",13,,High-Protein,24,
171737,"Beef, Australian, imported, Wagyu, rib, small end rib steak/roast, boneless, separable lean only, Aust. marble score 4/5, raw",13,,High-Protein,24,
171738,"Beef, Australian, imported, Wagyu, rib, small end rib steak/roast, boneless, separable lean only, Aust. marble score 9, raw",13,,High-Protein,24,
171739,"Beef, Australian, imported, grass-fed, loin, top sirloin cap-off steak/roast, boneless, separable lean and fat, raw",13,,High-Protein,24,
171740,"Beef, Australian, imported, Wagyu, rib, small end rib steak/roast, boneless, separable lean and fat, Aust. marble score 4/5, raw",13,,High-Protein,24,
171741,"Beef, Australian, imported, Wagyu, rib, small end rib steak/roast, boneless, separable lean and fat, Aust. marble score 9, raw",13,,High-Protein,24,
171742,"Beef, Australian, imported, Wagyu, loin, tenderloin steak/roast, boneless, separable lean and fat, Aust. marble score 9, raw",13,,High-Protein,24,
171743,"Beef, round, top round steak, boneless, separable lean and fat, trimmed to 0"" fat, all grades, raw",13,,"High-Protein,Low-Fat",24,
171744,"Beef, round, top round roast, boneless, separable lean and fat, trimmed to 0"" fat, select, raw",13,,"High-Protein,Low-Fat",24,
171745,"Beef, round, eye of round roast, boneless, separable lean and fat, trimmed to 0"" fat, all grades, raw",13,,"High-Protein,Low-Fat",24,
171746,"Beef, round, eye of round roast, boneless, separable lean and fat, trimmed to 0"" fat, choice, raw",13,,"High-Protein,Low-Fat",24,
171747,"Beef, round, eye of round roast, boneless, separable lean and fat, trimmed to 0"" fat, select, raw",13,,"High-Protein,Low-Fat",24,
171748,"Beef, loin, tenderloin roast, boneless, separable lean and fat, trimmed to 0"" fat, choice, raw",13,,"High-Protein,Low-Fat",24,
171749,"Beef, loin, tenderloin roast, boneless, separable lean and fat, trimmed to 0"" fat, select, raw",13,,"High-Protein,Low-Fat",24,
171750,"Beef, loin, top loin steak, boneless, lip off, separable lean and fat, trimmed to 0"" fat, all grades, raw",13,,"High-Protein,Low-Fat",24,
171751,"Beef, loin, top loin steak, boneless, lip off, separable lean and fat, trimmed to 0"" fat, choice, raw",13,,"High-Protein,Low-Fat",24,
171752,"Beef, loin, top loin steak, boneless, lip off, separable lean and fat, trimmed to 0"" fat, select, raw",13,,"High-Protein,Low-Fat",24,
171753,"Beef, loin, tenderloin roast, boneless, separable lean and fat, trimmed to 0"" fat, choice, cooked, roasted",13,,"High-Protein,Low-Fat",24,
171754,"Beef, loin, tenderloin roast, boneless, separable lean and fat, trimmed to 0"" fat, select, cooked, roasted",13,,"High-Protein,Low-Fat",24,
171755,"Beef, round, top round roast, boneless, separable lean and fat, trimmed to 0"" fat, all grades, cooked, roasted",13,,"High-Protein,Low-Fat",24,
171756,"Beef, round, top round roast, boneless, separable lean and fat, trimmed to 0"" fat, choice, cooked, roasted",13,,"High-Protein,Low-Fat",24,
171757,"Beef, round, top round steak, boneless, separable lean only, trimmed to 0"" fat, all grades, raw",13,,"High-Protein,Low-Fat",24,
171758,"Beef, round, top round steak, boneless, separable lean only, trimmed to 0"" fat, choice, raw",13,,"High-Protein,Low-Fat",24,
171759,"Beef, round, top round steak, boneless, separable lean only, trimmed to 0"" fat, select, raw",13,,"High-Protein,Low-Fat",24,
171760,"Beef, round, top round roast, boneless, separable lean only, trimmed to 0"" fat, all grades, raw",13,,"High-Protein,Low-Fat",24,
171761,"Beef, round, eye of round roast, boneless, separable lean only, trimmed to 0"" fat, select, raw",13,,"High-Protein,Low-Fat",24,
171762,"Beef, round, eye of round steak, boneless, separable lean only, trimmed to 0"" fat, all grades, raw",13,,"High-Protein,Low-Fat",24,
171763,"Beef, round, eye of round steak, boneless, separable lean only, trimmed to 0"" fat, choice, raw",13,,"High-Protein,Low-Fat",24,
171764,"Beef, round, eye of round steak, boneless, separable lean only, trimmed to 0"" fat, select, raw",13,,"High-Protein,Low-Fat",24,
171765,"Beef, loin, tenderloin roast, boneless, separable lean only, trimmed to 0"" fat, all grades, raw",13,,"High-Protein,Low-Fat",24,
171766,"Beef, loin, top loin steak, boneless, lip off, separable lean only, trimmed to 0"" fat, select, raw",13,,"High-Protein,Low-Fat",24,
171767,"Beef, loin, tenderloin steak, boneless, separable lean only, trimmed to 0"" fat, all grades, raw",13,,"High-Protein,Low-Fat",24,
171768,"Beef, loin, tenderloin steak, boneless, separable lean only, trimmed to 0"" fat, choice, raw",13,,"High-Protein,Low-Fat",24,
171769,"Beef, loin, tenderloin steak, boneless, separable lean only, trimmed to 0"" fat, select, raw",13,,"High-Protein,Low-Fat",24,
171770,"Beef, round, top round roast, boneless, separable lean only, trimmed to 0"" fat, choice, cooked, roasted",13,,"High-Protein,Low-Fat",24,
171771,"Beef, round, top round roast, boneless, separable lean only, trimmed to 0"" fat, select, cooked, roasted",13,,"High-Protein,Low-Fat",24,
171772,"Beef, round, eye of round steak, boneless, separable lean only, trimmed to 0"" fat, all grades, cooked, grilled",13,,"High-Protein,Low-Fat",24,
171773,"Beef, round, eye of round steak, boneless, separable lean only, trimmed to 0"" fat, choice, cooked, grilled",13,,"High-Protein,Low-Fat",24,
171774,"Beef, loin, top loin steak, boneless, lip-on, separable lean and fat, trimmed to 1/8"" fat, select, raw",13,,High-Protein,24,
171775,"Beef, loin, top loin steak, boneless, lip-on, separable lean and fat, trimmed to 1/8"" fat, all grades, raw",13,,High-Protein,24,
171776,"Beef, composite of trimmed retail cuts, separable lean only, trimmed to 0"" fat, select, raw",13,,"High-Protein,Low-Fat",24,
171777,"Beef, composite of trimmed retail cuts, separable lean and fat, trimmed to 0"" fat, select, raw",13,,"High-Protein,Low-Fat",24,
171778,"Beef, composite of trimmed retail cuts, separable lean only, trimmed to 1/8"" fat, select, cooked",13,,High-Protein,24,
171779,"Beef, composite of trimmed retail cuts, separable lean only, trimmed to 1/8"" fat, select, raw",13,,High-Protein,24,
171780,"Beef, chuck, clod roast, separable lean only, trimmed to 1/4"" fat, all grades, cooked, roasted",13,,High-Protein,24,
171781,"Beef, shoulder steak, boneless, separable lean only, trimmed to 0"" fat, all grades, cooked, grilled",13,,"High-Protein,Low-Fat",24,
171782,"Beef, chuck, clod steak, separable lean only, trimmed to 1/4"" fat, all grades, cooked, braised",13,,High-Protein,24,
171783,"Beef, chuck, mock tender steak, separable lean and fat, trimmed to 0"" fat, USDA choice, cooked, broiled",13,,"High-Protein,Low-Fat",24,
171784,"Beef, chuck, clod roast, separable lean and fat, trimmed to 0"" fat, select, cooked, roasted",13,,"High-Protein,Low-Fat",24,
171785,"Beef, shoulder steak, boneless, separable lean and fat, trimmed to 0"" fat, choice, cooked, grilled",13,,"High-Protein,Low-Fat",24,
171786,"Beef, shoulder steak, boneless, separable lean and fat, trimmed to 0"" fat, select, cooked, grilled",13,,"High-Protein,Low-Fat",24,
171787,"Beef, plate, inside skirt steak, separable lean and fat, trimmed to 0"" fat, all grades, cooked, broiled",13,,"High-Protein,Low-Fat",24,
171788,"Beef, plate, outside skirt steak, separable lean and fat, trimmed to 0"" fat, all grades, cooked, broiled",13,,"High-Protein,Low-Fat",24,
171789,"Beef, shoulder steak, boneless, separable lean and fat, trimmed to 0"" fat, all grades, cooked, grilled",13,,"High-Protein,Low-Fat",24,
171790,"Beef, ground, 95% lean meat / 5% fat, raw",13,,"High-Protein,Low-Fat",24,
171791,"Beef, ground, 95% lean meat / 5% fat, patty, cooked, broiled",13,,"High-Protein,Low-Fat",24,
171792,"Beef, ground, 95% lean meat / 5% fat, patty, cooked, pan-broiled",13,,"High-Protein,Low-Fat",24,
171793,"Beef, ground, 90% lean meat / 10% fat, patty, cooked, pan-broiled",13,,"High-Protein,Low-Fat",24,
171794,"Beef, ground, 90% lean meat / 10% fat, crumbles, cooked, pan-browned",13,,"High-Protein,Low-Fat",24,
171795,"Beef, ground, 90% lean meat / 10% fat, loaf, cooked, baked",13,,"High-Protein,Low-Fat",24,
171796,"Beef, ground, 85% lean meat / 15% fat, raw (Includes foods for USDA's Food Distribution Program)",13,,High-Protein,24,
171797,"Beef, ground, 80% lean meat / 20% fat, patty, cooked, broiled",13,,High-Protein,24,
171798,"Beef, ground, 80% lean meat / 20% fat, patty, cooked, pan-broiled",13,,High-Protein,24,
171799,"Beef, ground, 80% lean meat / 20% fat, crumbles, cooked, pan-browned",13,,High-Protein,24,
171800,"Beef, ground, 80% lean meat / 20% fat, loaf, cooked, baked",13,,High-Protein,24,
171801,"Beef, ground, 75% lean meat / 25% fat, loaf, cooked, baked",13,,High-Protein,24,
171802,"Beef, rib, small end (ribs 10-12), separable lean only, trimmed to 1/8"" fat, select, raw",13,,High-Protein,24,
171803,"Beef, tenderloin, steak, separable lean only, trimmed to 1/8"" fat, select, raw",13,,High-Protein,24,
171804,"Beef, top sirloin, steak, separable lean only, trimmed to 1/8"" fat, select, raw",13,,High-Protein,24,
171805,"Beef, short loin, top loin, steak, separable lean only, trimmed to 1/8"" fat, select, cooked, grilled",13,,High-Protein,24,
171806,"Beef, round, bottom round , roast, separable lean only, trimmed to 1/8"" fat, select, cooked, roasted",13,,High-Protein,24,
171807,"Beef, round, eye of round, roast, separable lean only, trimmed to 1/8"" fat, select, cooked, roasted",13,,High-Protein,24,
171808,"Beef, round, top round, steak, separable lean only, trimmed to 1/8"" fat, select, cooked, broiled",13,,High-Protein,24,
171809,"Beef, round, eye of round, roast, separable lean only, trimmed to 1/8"" fat, all grades, cooked, roasted",13,,High-Protein,24,
171810,"Beef, rib, small end (ribs 10-12), separable lean only, trimmed to 1/8"" fat, all grades, raw",13,,High-Protein,24,
171811,"Beef, tenderloin, steak, separable lean only, trimmed to 1/8"" fat, all grades, cooked, broiled",13,,High-Protein,24,
171812,"Beef, tenderloin, steak, separable lean only, trimmed to 1/8"" fat, all grades, raw",13,,High-Protein,24,
171813,"Beef, short loin, top loin, steak, separable lean only, trimmed to 1/8"" fat, all grades, cooked, broiled",13,,High-Protein,24,
171814,"Beef, short loin, top loin steak, separable lean only, trimmed to 1/8"" fat, all grades, raw",13,,High-Protein,24,
171815,"Beef, round, top round, steak, separable lean only, trimmed to 1/8"" fat, all grades, cooked, broiled",13,,High-Protein,24,
171816,"Beef, round, top round, steak, separable lean only, trimmed to 1/8"" fat, all grades, raw",13,,High-Protein,24,
171817,"Beef, chuck, arm pot roast, separable lean only, trimmed to 1/8"" fat, choice, cooked, braised",13,,High-Protein,24,
171818,"Beef, brisket, flat half, separable lean only, trimmed to 1/8"" fat, choice, cooked, braised",13,,High-Protein,24,
171819,"Beef, round, eye of round, roast, separable lean only, trimmed to 1/8"" fat, choice, raw",13,,High-Protein,24,
171820,"Beef, round, top round, steak, separable lean only, trimmed to 1/8"" fat, choice, raw",13,,High-Protein,24,
171821,"Soup, wonton, Chinese restaurant",6,"Cereals containing gluten,Crustaceans,Eggs","High-Protein,Pescatarian",24,
171822,"Soup, ramen noodle, dry, any flavor, reduced fat, reduced sodium",6,"Cereals containing gluten,Soybeans","Low Sodium,Low-Fat,Vegan,Vegetarian",24,
171823,"Sauce, duck, ready-to-serve",6,,"Vegan,Vegetarian",24,
171824,"Sauce, salsa, verde, ready-to-serve",6,,"Vegan,Vegetarian",24,
171825,"Sauce, steak, tomato based",6,,"Vegan,Vegetarian",24,
171826,"Sauce, tartar, ready-to-serve",6,Eggs,Vegetarian,24,
171827,"Sauce, barbecue, SWEET BABY RAY'S, original",6,,"Vegan,Vegetarian",24,
171828,"Sauce, barbecue, BULL'S-EYE, original",6,,"Vegan,Vegetarian",24,
171829,"Sauce, barbecue, KC MASTERPIECE, original",6,"Cereals containing gluten,Soybeans","Vegan,Vegetarian",24,
171830,"Sauce, barbecue, OPEN PIT, original",6,,"Vegan,Vegetarian",24,
171831,Wasabi,6,,"Vegan,Vegetarian",24,
171832,"Dip, bean, original flavor",6,,"High-Protein,Vegan,Vegetarian",24,
171833,"Sauce, horseradish",6,,"Vegan,Vegetarian",24,
171834,"Dip, FRITO'S, bean, original flavor",6,,"High-Protein,Vegan,Vegetarian",24,
171835,"Cookie, vanilla with caramel, coconut, and chocolate coating",18,"Cereals containing gluten,Milk,Nuts,Nuts (coconut),Soybeans",Vegetarian,48,
171836,"Cookie, with peanut butter filling, chocolate-coated",18,"Cereals containing gluten,Milk,Peanuts,Soybeans",Vegetarian,48,
171837,"Cookies, animal, with frosting or icing",18,"Cereals containing gluten,Milk,Soybeans",Vegetarian,24,
171838,"Crackers, multigrain",18,"Cereals containing gluten,Cereals containing gluten (oats),Cereals containing gluten (rye),Soybeans","Vegan,Vegetarian",24,
171839,"Cake, snack cakes, not chocolate, with icing or filling, low-fat, with added fiber",18,"Cereals containing gluten,Eggs,Milk,Soybeans","Low-Fat,Vegetarian",24,
171840,"Cookies, brownies, commercially prepared, reduced fat, with added fiber",18,"Cereals containing gluten,Eggs,Milk,Soybeans","Low-Fat,Vegetarian",24,
171841,"Cookies, chocolate sandwich, with creme filling, reduced fat",18,"Cereals containing gluten,Milk,Soybeans","Low-Fat,Vegetarian",24,
171842,"Cookies, oatmeal sandwich, with creme filling",18,"Cereals containing gluten,Cereals containing gluten (oats),Milk,Soybeans",Vegetarian,24,
171843,"Cookies, peanut butter, commercially prepared, sugar free",18,"Cereals containing gluten,Eggs,Milk,Peanuts,Soybeans","No Added Sugar,Vegetarian",48,
171844,"Bread, chapati or roti, plain, commercially prepared",18,Cereals containing gluten,"Vegan,Vegetarian",24,
171845,"Bread, naan, plain, commercially prepared, refrigerated",18,"Cereals containing gluten,Eggs,Milk",Vegetarian,24,
171846,"Crackers, standard snack-type, with whole wheat",18,Cereals containing gluten,"Vegan,Vegetarian",24,
171847,"Cookies, coconut macaroon",18,"Eggs,Milk,Nuts,Nuts (coconut)",Vegetarian,48,
171848,"Crackers, sandwich-type, peanut butter filled, reduced fat",18,"Cereals containing gluten,Peanuts,Soybeans","Low-Fat,Vegetarian",48,
171849,"Bread, cinnamon",18,Cereals containing gluten,"Vegan,Vegetarian",24,
171850,"Bread, wheat, sprouted",18,Cereals containing gluten,"Vegan,Vegetarian",24,
171851,"Bread, wheat, sprouted, toasted",18,Cereals containing gluten,"Vegan,Vegetarian",24,
171852,"Bagels, multigrain",18,"Cereals containing gluten,Cereals containing gluten (oats)","Vegan,Vegetarian",24,
171853,"Pancakes, whole wheat, dry mix, incomplete",18,Cereals containing gluten,"Vegan,Vegetarian",24,
171854,"Crackers, toast thins, low sodium",18,Cereals containing gluten,"Low Sodium,Vegan,Vegetarian",24,
171855,"Crackers, whole grain, sandwich-type, with peanut butter filling",18,"Cereals containing gluten,Peanuts,Soybeans",Vegetarian,48,
171856,"Crackers, water biscuits",18,Cereals containing gluten,"Vegan,Vegetarian",24,
171857,"Cookies, gluten-free, chocolate sandwich, with creme filling",18,"Eggs,Soybeans","Gluten-Free,Vegetarian",24,
171858,"Cookies, gluten-free, chocolate wafer",18,"Milk,Soybeans","Gluten-Free,Vegetarian",24,
171859,"Cookies, gluten-free, lemon wafer",18,"Milk,Soybeans","Gluten-Free,Vegetarian",24,
171860,"Cookies, gluten-free, vanilla sandwich, with creme filling",18,"Eggs,Soybeans","Gluten-Free,Vegetarian",24,
171861,"Rolls, gluten-free, white, made with brown rice flour, tapioca starch, and potato starch",18,Eggs,"Gluten-Free,Vegetarian",24,
171862,"Rolls, gluten-free, white, made with rice flour, rice starch, and corn starch",18,"Eggs,Soybeans","Gluten-Free,Vegetarian",24,
171863,"Rolls, gluten-free, white, made with brown rice flour, tapioca starch, and sorghum flour",18,Eggs,"Gluten-Free,Vegetarian",24,
171864,"Rolls, gluten-free, whole grain, made with tapioca starch and brown rice flour",18,Eggs,"Gluten-Free,Vegetarian",24,
171865,"Cookies, oatmeal, reduced fat",18,"Cereals containing gluten,Cereals containing gluten (oats),Eggs,Milk,Soybeans","Low-Fat,Vegetarian,Vitamin-Rich",24,
171866,"Cookies, chocolate cream covered biscuit sticks",18,"Cereals containing gluten,Milk,Soybeans",Vegetarian,24,
171867,"Cookies, Marie biscuit",18,"Cereals containing gluten,Milk,Soybeans",Vegetarian,24,
171868,"Cookies, vanilla sandwich with creme filling, reduced fat",18,"Cereals containing gluten,Milk,Soybeans","Low-Fat,Vegetarian",24,
171869,"Beverages, carbonated, tonic water",14,,"Vegan,Vegetarian",24,
171870,"Beverages, Energy drink, RED BULL, sugar free, with added caffeine, niacin, pantothenic acid, vitamins B6 and B12",14,,"No Added Sugar,Vegan,Vegetarian,Vitamin-Rich",252,
171871,"Beverages, carbonated, root beer",14,,"Vegan,Vegetarian",24,
171872,"Alcoholic Beverage, wine, table, red, Gamay",14,Sulphur dioxide/sulphites,"Vegan,Vegetarian",252,
171873,"Beverages, chocolate drink, milk and soy based, ready to drink, fortified",14,"Milk,Soybeans","Vegetarian,Vitamin-Rich",24,
171874,"Beverages, chocolate malt powder, prepared with 1% milk, fortified",14,"Cereals containing gluten,Cereals containing gluten (barley),Milk,Soybeans",Vegetarian,24,
171875,"Beverages, carbonated, limeade, high caffeine",14,,"Vegan,Vegetarian",252,
171876,"Beverages, carbonated, low calorie, cola or pepper-types, with sodium saccharin, contains caffeine",14,,"No Added Sugar,Vegan,Vegetarian",252,
171877,"Beverages, coffee, ready to drink, vanilla, light, milk based, sweetened",14,Milk,Vegetarian,24,
171878,"Beverages, Lemonade fruit juice drink light, fortified with vitamin E and C",14,,"No Added Sugar,Vegan,Vegetarian,Vitamin-Rich",24,
171879,"Beverages, chocolate-flavor beverage mix, powder, prepared with whole milk",14,Milk,Vegetarian,24,
171880,"Beverages, coffee, ready to drink, milk based, sweetened",14,Milk,Vegetarian,24,
171881,"Beverages, coffee, brewed, breakfast blend",14,,"Vegan,Vegetarian",24,
171882,"Beverages, Clam and tomato juice, canned",14,Molluscs,"Pescatarian,Vitamin-Rich",24,
171883,"Beverages, tea, green, ready to drink, ginseng and honey, sweetened",14,,Vegetarian,12,
171884,"Beverages, The COCA-COLA company, Minute Maid, Lemonade",14,,"Vegan,Vegetarian,Vitamin-Rich",24,
171885,"Beverages, tea, green, ready-to-drink, diet",14,,"No Added Sugar,Vegan,Vegetarian",24,
171886,"Beverages, Cocoa mix, no sugar added, powder",14,Milk,"No Added Sugar,Vegetarian",24,
171887,"Cocoa mix, NESTLE, Rich Chocolate Hot Cocoa Mix",14,"Milk,Soybeans",Vegetarian,24,
171888,"Beverages, tea, black, ready-to-drink, lemon, sweetened",14,,"Vegan,Vegetarian",24,
171889,"Beverages, coffee, brewed, prepared with tap water, decaffeinated",14,,"Vegan,Vegetarian",24,
171890,"Beverages, coffee, brewed, prepared with tap water",14,,"Vegan,Vegetarian",24,
171891,"Beverages, coffee, brewed, espresso, restaurant-prepared",14,,"Vegan,Vegetarian",24,
171892,"Beverages, tea, black, ready-to-drink, lemon, diet",14,,"No Added Sugar,Vegan,Vegetarian",24,
171893,"Beverages, coffee, instant, regular, powder",14,,"Vegan,Vegetarian",24,
171894,"Beverages, coffee, instant, decaffeinated, prepared with water",14,,"Vegan,Vegetarian",24,
171895,"Beverages, OCEAN SPRAY, Cranberry-Apple Juice Drink, bottled",14,,"Vegan,Vegetarian,Vitamin-Rich",24,
171896,"Beverages, OCEAN SPRAY, Diet Cranberry Juice",14,,"No Added Sugar,Vegan,Vegetarian,Vitamin-Rich",24,
171897,"Beverages, coffee, instant, with chicory",14,,"Vegan,Vegetarian",24,
171898,"Beverages, KRAFT, coffee, instant, French Vanilla Cafe",14,,"Vegan,Vegetarian",24,
171899,"Beverages, OCEAN SPRAY, Cran Raspberry Juice Drink",14,,"Vegan,Vegetarian,Vitamin-Rich",24,
171900,"Beverages, OCEAN SPRAY, Cran Lemonade",14,,"Vegan,Vegetarian,Vitamin-Rich",24,
171901,"Beverages, OCEAN SPRAY, Diet Cran Cherry",14,,"No Added Sugar,Vegan,Vegetarian,Vitamin-Rich",24,
171902,"Beverages, cranberry-grape juice drink, bottled",14,,"Vegan,Vegetarian,Vitamin-Rich",24,
171903,"Cranberry juice cocktail, bottled",14,,"Vegan,Vegetarian,Vitamin-Rich",24,
171904,"Cranberry juice cocktail, bottled, low calorie, with calcium, saccharin and corn sweetener",14,,"Mineral-Rich,Vegan,Vegetarian,Vitamin-Rich",24,
171905,"Beverages, Eggnog-flavor mix, powder, prepared with whole milk",14,"Eggs,Milk",Vegetarian,24,
171906,"Alcoholic beverages, beer, higher alcohol",14,"Cereals containing gluten,Cereals containing gluten (barley)","Vegan,Vegetarian",252,
171907,"Beverages, Malt liquor beverage",14,"Cereals containing gluten,Cereals containing gluten (barley)","Vegan,Vegetarian",252,
171908,"Alcoholic beverages, wine, rose",14,Sulphur dioxide/sulphites,"Vegan,Vegetarian",252,
171909,"Beverages, OCEAN SPRAY, Cran Pomegranate",14,,"Vegan,Vegetarian,Vitamin-Rich",24,
171910,"Beverages, tea, green, brewed, decaffeinated",14,,"Vegan,Vegetarian",24,
171911,"Beverages, tea, green, ready to drink, unsweetened",14,,"No Added Sugar,Vegan,Vegetarian",24,
171912,"Beverages, citrus fruit juice drink, frozen concentrate",14,,"Vegan,Vegetarian,Vitamin-Rich",24,
171913,"Beverages, citrus fruit juice drink, frozen concentrate, prepared with water",14,,"Vegan,Vegetarian,Vitamin-Rich",24,
171914,"Beverages, fruit punch drink, without added nutrients, canned",14,,"Vegan,Vegetarian,Vitamin-Rich",24,
171915,"Beverages, Tropical Punch, ready-to-drink",14,,"Vegan,Vegetarian,Vitamin-Rich",24,
171916,"Beverages, grape drink, canned",14,,"Vegan,Vegetarian,Vitamin-Rich",24,
171917,"Beverages, tea, green, brewed, regular",14,,"Vegan,Vegetarian",24,
171918,"Beverages, tea, instant, lemon, with added ascorbic acid",14,,"Vegan,Vegetarian,Vitamin-Rich",24,
171919,"Alcoholic beverage, distilled, all (gin, rum, vodka, whiskey) 86 proof",14,Cereals containing gluten,"Vegan,Vegetarian",252,
171920,"Alcoholic beverage, distilled, all (gin, rum, vodka, whiskey) 90 proof",14,Cereals containing gluten,"Vegan,Vegetarian",252,
171921,"Carbonated beverage, chocolate-flavored soda",14,,"Vegan,Vegetarian",24,
171922,"Beverages, water, bottled, non-carbonated, EVIAN",14,,"Vegan,Vegetarian",24,
171923,"Beverages, Powerade Zero Ion4, calorie-free, assorted flavors",14,,"No Added Sugar,Vegan,Vegetarian",24,
171924,"Beverages, WENDY'S, tea, ready-to-drink, unsweetened",14,,"No Added Sugar,Vegan,Vegetarian",24,
171925,"Alcoholic Beverage, wine, table, red, Merlot",14,Sulphur dioxide/sulphites,"Vegan,Vegetarian",252,
171926,"Water, non-carbonated, bottles, natural fruit flavors, sweetened with low calorie sweetener",14,,"No Added Sugar,Vegan,Vegetarian",24,
171927,"Beverages, V8 SPLASH Juice Drinks, Diet Tropical Blend",14,,"No Added Sugar,Vegan,Vegetarian,Vitamin-Rich",24,
171928,"Beverages, V8 SPLASH Juice Drinks, Berry Blend",14,,"Vegan,Vegetarian,Vitamin-Rich",24,
171929,"Beverages, V8 SPLASH Juice Drinks, Fruit Medley",14,,"Vegan,Vegetarian,Vitamin-Rich",24,
171930,"Beverages, V8 SPLASH Juice Drinks, Guava Passion Fruit",14,,"Vegan,Vegetarian,Vitamin-Rich",24,
171931,"Beverages, V8 SPLASH Juice Drinks, Strawberry Kiwi",14,,"Vegan,Vegetarian,Vitamin-Rich",24,
171932,"Beverages, V8 SPLASH Juice Drinks, Tropical Blend",14,,"Vegan,Vegetarian,Vitamin-Rich",24,
171933,"Beverages, V8 V-FUSION Juices, Peach Mango",14,,"Vegan,Vegetarian,Vitamin-Rich",24,
171934,"Beverages, V8 V-FUSION Juices, Strawberry Banana",14,,"Vegan,Vegetarian,Vitamin-Rich",24,
171935,"Beverages, Energy Drink, Monster, fortified with vitamins C, B2, B3, B6, B12",14,,"Vegan,Vegetarian,Vitamin-Rich",252,
171936,"Beverages, Energy drink, AMP, sugar free",14,,"No Added Sugar,Vegan,Vegetarian",252,
171937,"Beverages, Energy drink, ROCKSTAR",14,,"Vegan,Vegetarian",252,
171938,"Beverages, Energy drink, ROCKSTAR, sugar free",14,,"No Added Sugar,Vegan,Vegetarian",252,
171939,"Beverages, Meal supplement drink, canned, peanut flavor",14,"Milk,Peanuts,Soybeans","High-Protein,Vegetarian",48,
171940,"Water, with corn syrup and/or sugar and low calorie sweetener, fruit flavored",14,,"Vegan,Vegetarian",24,
171941,"Beverages, Horchata, as served in restaurant",14,"Cereals containing gluten,Milk,Nuts,Nuts (almonds),Sesame seeds",Vegetarian,48,
171942,"Beverages, rice milk, unsweetened",14,,"No Added Sugar,Vegan,Vegetarian",24,
171943,"Beverages, Energy drink, VAULT, citrus flavor",14,,"Vegan,Vegetarian",252,
171944,"Beverages, Fruit flavored drink, reduced sugar, greater than 3% fruit juice, high vitamin C, added calcium",14,,"Mineral-Rich,No Added Sugar,Vegan,Vegetarian,Vitamin-Rich",24,
171945,"Beverages, fruit juice drink, greater than 3% fruit juice, high vitamin C and added thiamin",14,,"Vegan,Vegetarian,Vitamin-Rich",24,
171946,"Beverages, tea, hibiscus, brewed",14,,"Vegan,Vegetarian",24,
171947,"Beverages, fruit juice drink, greater than 3% juice, high vitamin C",14,,"Vegan,Vegetarian,Vitamin-Rich",24,
171948,"Fish, bass, striped, raw",15,Fish,"High-Protein,Pescatarian",24,
171949,"Fish, bluefish, raw",15,Fish,"High-Protein,Pescatarian",24,
171950,"Fish, burbot, raw",15,Fish,"High-Protein,Pescatarian",24,
171951,"Fish, butterfish, raw",15,Fish,"High-Protein,Pescatarian",24,
171952,"Fish, carp, raw",15,Fish,"High-Protein,Pescatarian",24,
171953,"Fish, cisco, raw",15,Fish,"High-Protein,Pescatarian",24,
171954,"Fish, cisco, smoked",15,Fish,"High-Protein,Pescatarian",24,
171955,"Fish, cod, Atlantic, raw",15,Fish,"High-Protein,Pescatarian",24,
171956,"Fish, cod, Atlantic, cooked, dry heat",15,Fish,"High-Protein,Pescatarian",24,
171957,"Fish, croaker, Atlantic, cooked, breaded and fried",15,"Cereals containing gluten,Fish","High-Protein,Pescatarian",24,
171958,"Fish, cusk, raw",15,Fish,"High-Protein,Pescatarian",24,
171959,"Fish, mahimahi, raw",15,Fish,"High-Protein,Pescatarian",24,
171960,"Fish, drum, freshwater, raw",15,Fish,"High-Protein,Pescatarian",24,
171961,"Fish, gefiltefish, commercial, sweet recipe",15,"Cereals containing gluten,Eggs,Fish,Soybeans","High-Protein,Pescatarian",24,
171962,"Fish, grouper, mixed species, raw",15,Fish,"High-Protein,Pescatarian",24,
171963,"Fish, grouper, mixed species, cooked, dry heat",15,Fish,"High-Protein,Pescatarian",24,
171964,"Fish, haddock, raw",15,Fish,"High-Protein,Pescatarian",24,
171965,"Fish, halibut, Greenland, raw",15,Fish,"High-Protein,Pescatarian",24,
171966,"Crustaceans, crab, blue, canned",15,Crustaceans,"High-Protein,Pescatarian",24,
171967,"Crustaceans, crab, blue, crab cakes, home recipe",15,"Cereals containing gluten,Crustaceans,Eggs","High-Protein,Pescatarian",24,
171968,"Crustaceans, crab, dungeness, raw",15,Crustaceans,"High-Protein,Pescatarian",24,
171969,"Crustaceans, crab, queen, raw",15,Crustaceans,"High-Protein,Pescatarian",24,
171970,"Crustaceans, shrimp, mixed species, cooked, breaded and fried",15,"Cereals containing gluten,Crustaceans","High-Protein,Pescatarian",24,
171971,"Crustaceans, shrimp, mixed species, cooked, moist heat (may contain additives to retain moisture)",15,Crustaceans,"High-Protein,Pescatarian",24,
171972,"Crustaceans, shrimp, mixed species, canned",15,Crustaceans,"High-Protein,Pescatarian",24,
171973,"Crustaceans, shrimp, mixed species, imitation, made from surimi",15,"Crustaceans,Eggs,Fish","High-Protein,Pescatarian",24,
171974,"Mollusks, clam, mixed species, cooked, breaded and fried",15,"Cereals containing gluten,Molluscs","High-Protein,Pescatarian",24,
171975,"Mollusks, clam, mixed species, cooked, moist heat",15,Molluscs,"High-Protein,Pescatarian",24,
171976,"Mollusks, clam, mixed species, canned, drained solids",15,Molluscs,"High-Protein,Pescatarian",24,
171977,"Mollusks, clam, mixed species, canned, liquid",15,Molluscs,"High-Protein,Pescatarian",24,
171978,"Mollusks, oyster, eastern, wild, raw",15,Molluscs,"High-Protein,Pescatarian",24,
171979,"Mollusks, oyster, eastern, cooked, breaded and fried",15,"Cereals containing gluten,Molluscs","High-Protein,Pescatarian",24,
171980,"Mollusks, oyster, eastern, wild, cooked, moist heat",15,Molluscs,"High-Protein,Pescatarian",24,
171981,"Mollusks, oyster, eastern, canned",15,Molluscs,"High-Protein,Pescatarian",24,
171982,"Mollusks, squid, mixed species, cooked, fried",15,"Cereals containing gluten,Molluscs","High-Protein,Pescatarian",24,
171983,"Mollusks, whelk, unspecified, raw",15,Molluscs,"High-Protein,Pescatarian",24,
171984,"Mollusks, whelk, unspecified, cooked, moist heat",15,Molluscs,"High-Protein,Pescatarian",24,
171985,"Fish, salmon, chinook, smoked, (lox), regular",15,Fish,"High-Protein,Pescatarian",24,
171986,"Fish, tuna, light, canned in water, without salt, drained solids",15,Fish,"High-Protein,Low Sodium,Pescatarian",24,
171987,"Fish, tuna, white, canned in oil, without salt, drained solids",15,Fish,"High-Protein,Low Sodium,Pescatarian",24,
171988,"Fish, tuna, white, canned in water, without salt, drained solids",15,Fish,"High-Protein,Low Sodium,Pescatarian",24,
171989,"Fish, bass, freshwater, mixed species, cooked, dry heat",15,Fish,"High-Protein,Pescatarian",24,
171990,"Fish, cod, Pacific, cooked, dry heat (may contain additives to retain moisture)",15,Fish,"High-Protein,Pescatarian",24,
171991,"Fish, cusk, cooked, dry heat",15,Fish,"High-Protein,Pescatarian",24,
171992,"Fish, mahimahi, cooked, dry heat",15,Fish,"High-Protein,Pescatarian",24,
171993,"Fish, drum, freshwater, cooked, dry heat",15,Fish,"High-Protein,Pescatarian",24,
171994,"Fish, mackerel, Pacific and jack, mixed species, cooked, dry heat",15,Fish,"High-Protein,Pescatarian",24,
171995,"Fish, milkfish, cooked, dry heat",15,Fish,"High-Protein,Pescatarian",24,
171996,"Fish, monkfish, cooked, dry heat",15,Fish,"High-Protein,Pescatarian",24,
171997,"Fish, pike, walleye, cooked, dry heat",15,Fish,"High-Protein,Pescatarian",24,
171998,"Fish, salmon, Atlantic, wild, cooked, dry heat",15,Fish,"High-Protein,Pescatarian",24,
171999,"Fish, salmon, chinook, cooked, dry heat",15,Fish,"High-Protein,Pescatarian",24,
172000,"Fish, salmon, chum, cooked, dry heat",15,Fish,"High-Protein,Pescatarian",24,
172001,"Fish, salmon, pink, cooked, dry heat",15,Fish,"High-Protein,Pescatarian",24,
172002,"Fish, sucker, white, cooked, dry heat",15,Fish,"High-Protein,Pescatarian",24,
172003,"Fish, sunfish, pumpkin seed, cooked, dry heat",15,Fish,"High-Protein,Pescatarian",24,
172004,"Fish, trout, mixed species, cooked, dry heat",15,Fish,"High-Protein,Pescatarian",24,
172005,"Fish, tuna, skipjack, fresh, cooked, dry heat",15,Fish,"High-Protein,Pescatarian",24,
172006,"Fish, tuna, yellowfin, fresh, cooked, dry heat",15,Fish,"High-Protein,Pescatarian",24,
172007,"Crustaceans, crab, dungeness, cooked, moist heat",15,Crustaceans,"High-Protein,Pescatarian",24,
172008,"Crustaceans, crab, queen, cooked, moist heat",15,Crustaceans,"High-Protein,Pescatarian",24,
172009,"Crustaceans, spiny lobster, mixed species, cooked, moist heat",15,Crustaceans,"High-Protein,Pescatarian",24,
172010,"Mollusks, cuttlefish, mixed species, cooked, moist heat",15,Molluscs,"High-Protein,Pescatarian",24,
172011,"Beerwurst, beer salami, pork and beef",7,Mustard,High-Protein,24,
172012,"Bologna, beef",7,,High-Protein,24,
172013,"Bologna, beef and pork",7,,High-Protein,24,
172014,"Pasta, cooked, unenriched, with added salt",20,Cereals containing gluten,"Vegan,Vegetarian",24,
172015,"Cornmeal, degermed, unenriched, white",20,,"Vegan,Vegetarian",24,
172016,"Wheat flour, white (industrial), 9% protein, bleached, enriched",20,Cereals containing gluten,"Vegan,Vegetarian",24,
172017,"Wheat flour, white (industrial), 9% protein, bleached, unenriched",20,Cereals containing gluten,"Vegan,Vegetarian",24,
172018,"Wheat flour, white (industrial), 10% protein, bleached, enriched",20,Cereals containing gluten,"High-Protein,Vegan,Vegetarian",24,
172019,"Wheat flour, white (industrial), 10% protein, bleached, unenriched",20,Cereals containing gluten,"High-Protein,Vegan,Vegetarian",24,
172020,"Wheat flour, white (industrial), 13% protein, bleached, unenriched",20,Cereals containing gluten,"High-Protein,Vegan,Vegetarian",24,
172021,"Wheat flour, white (industrial), 15% protein, bleached, enriched",20,Cereals containing gluten,"High-Protein,Vegan,Vegetarian",24,
172022,"Wheat flour, white (industrial), 15% protein, bleached, unenriched",20,Cereals containing gluten,"High-Protein,Vegan,Vegetarian",24,
172023,Millet flour,20,,"Vegan,Vegetarian",24,
172024,"Pasta, whole grain, 51% whole wheat, remaining enriched semolina, cooked (Includes foods for USDA's Food Distribution Program)",20,Cereals containing gluten,"Vegan,Vegetarian",24,
172025,"Pasta, whole grain, 51% whole wheat, remaining enriched semolina, dry (Includes foods for USDA's Food Distribution Program)",20,Cereals containing gluten,"Vegan,Vegetarian",24,
172026,"Pasta, gluten-free, brown rice flour, cooked, TINKYADA",20,,"Gluten-Free,Vegan,Vegetarian",24,
172027,"Pasta, gluten-free, corn flour and quinoa flour, cooked, ANCIENT HARVEST",20,,"Gluten-Free,Vegan,Vegetarian",24,
172028,"Fast Foods, biscuit, with egg and sausage",21,"Cereals containing gluten,Eggs,Milk,Soybeans",High-Protein,24,
172029,"Fast foods, biscuit, with egg, cheese, and bacon",21,"Cereals containing gluten,Eggs,Milk",High-Protein,24,
172030,"Fast foods, biscuit, with ham",21,"Cereals containing gluten,Milk",High-Protein,24,
172031,"Fast foods, biscuit, with sausage",21,"Cereals containing gluten,Milk,Soybeans",High-Protein,24,
172032,"Fast foods, english muffin, with cheese and sausage",21,"Cereals containing gluten,Milk,Soybeans",High-Protein,24,
172033,"Fast foods, english muffin, with egg, cheese, and canadian bacon",21,"Cereals containing gluten,Eggs,Milk,Soybeans",High-Protein,24,
172034,"Fast foods, english muffin, with egg, cheese, and sausage",21,"Cereals containing gluten,Eggs,Milk,Soybeans",High-Protein,24,
172035,"Fast foods, french toast sticks",21,"Cereals containing gluten,Eggs,Milk",Vegetarian,24,
172036,"Fast foods, sundae, strawberry",21,Milk,Vegetarian,24,
172037,"Fast foods, shrimp, breaded and fried",21,"Cereals containing gluten,Crustaceans","High-Protein,Pescatarian",24,
172038,"Fast foods, burrito, with beans",21,Cereals containing gluten,"High-Protein,Vegan,Vegetarian",24,
172039,"Fast foods, burrito, with beans and cheese",21,"Cereals containing gluten,Milk","High-Protein,Vegetarian",24,
172040,"PIZZA HUT 12"" Cheese Pizza, Hand-Tossed Crust",21,"Cereals containing gluten,Milk,Soybeans","High-Protein,Vegetarian",24,
172041,"PIZZA HUT 12"" Cheese Pizza, Pan Crust",21,"Cereals containing gluten,Milk,Soybeans","High-Protein,Vegetarian",24,
172042,"PIZZA HUT 12"" Cheese Pizza, THIN 'N CRISPY Crust",21,"Cereals containing gluten,Milk,Soybeans","High-Protein,Vegetarian",24,
172043,"DOMINO'S 14"" Cheese Pizza, Crunchy Thin Crust",21,"Cereals containing gluten,Milk,Soybeans","High-Protein,Vegetarian",24,
172044,"DOMINO'S 14"" Pepperoni Pizza, Classic Hand-Tossed Crust",21,"Cereals containing gluten,Milk,Soybeans",High-Protein,24,
172045,"DOMINO'S 14"" Pepperoni Pizza, Ultimate Deep Dish Crust",21,"Cereals containing gluten,Milk,Soybeans",High-Protein,24,
172046,"DOMINO'S 14"" EXTRAVAGANZZA FEAST Pizza, Classic Hand-Tossed Crust",21,"Cereals containing gluten,Milk,Soybeans",High-Protein,24,
172047,"LITTLE CAESARS 14"" Original Round Cheese Pizza, Regular Crust",21,"Cereals containing gluten,Milk,Soybeans","High-Protein,Vegetarian",24,
172048,"LITTLE CAESARS 14"" Original Round Pepperoni Pizza, Regular Crust",21,"Cereals containing gluten,Milk,Soybeans",High-Protein,24,
172049,"LITTLE CAESARS 14"" Original Round Meat and Vegetable Pizza, Regular Crust",21,"Cereals containing gluten,Milk,Soybeans",High-Protein,24,
172050,"LITTLE CAESARS 14"" Cheese Pizza, Large Deep Dish Crust",21,"Cereals containing gluten,Milk,Soybeans","High-Protein,Vegetarian",24,
172051,"PIZZA HUT 14"" Cheese Pizza, THIN 'N CRISPY Crust",21,"Cereals containing gluten,Milk,Soybeans","High-Protein,Vegetarian",24,
172052,"PIZZA HUT 14"" Pepperoni Pizza, Hand-Tossed Crust",21,"Cereals containing gluten,Milk,Soybeans",High-Protein,24,
172053,"PIZZA HUT 14"" Pepperoni Pizza, Pan Crust",21,"Cereals containing gluten,Milk,Soybeans",High-Protein,24,
172054,"PIZZA HUT 14"" Super Supreme Pizza, Hand-Tossed Crust",21,"Cereals containing gluten,Milk,Soybeans",High-Protein,24,
172055,"Fast Food, Pizza Chain, 14"" pizza, meat and vegetable topping, regular crust",21,"Cereals containing gluten,Milk,Soybeans",High-Protein,24,
172056,"Fast foods, griddle cake sandwich, egg, cheese, and sausage",21,"Cereals containing gluten,Eggs,Milk,Soybeans",High-Protein,24,
172057,"Fast foods, griddle cake sandwich, sausage",21,"Cereals containing gluten,Eggs,Milk,Soybeans",High-Protein,24,
172058,"Fast foods, griddle cake sandwich, egg, cheese, and bacon",21,"Cereals containing gluten,Eggs,Milk,Soybeans",High-Protein,24,
172059,"McDONALD'S, Sausage McGRIDDLES",21,"Cereals containing gluten,Milk,Soybeans",High-Protein,24,
172060,"McDONALD'S, Sausage, Egg & Cheese McGRIDDLES",21,"Cereals containing gluten,Eggs,Milk,Soybeans",High-Protein,24,
172061,"McDONALD'S, Vanilla Reduced Fat Ice Cream Cone",21,"Milk,Soybeans","Low-Fat,Vegetarian",24,
172062,"McDONALD'S, Strawberry Sundae",21,Milk,Vegetarian,24,
172063,"McDONALD'S, Sausage Burrito",21,"Cereals containing gluten,Eggs,Milk,Soybeans",High-Protein,24,
172064,"McDONALD'S, BIG BREAKFAST",21,"Cereals containing gluten,Eggs,Milk,Soybeans",High-Protein,24,
172065,"McDONALD'S, Double Cheeseburger",21,"Cereals containing gluten,Milk,Soybeans",High-Protein,24,
172066,"McDONALD'S, DOUBLE QUARTER POUNDER with Cheese",21,"Cereals containing gluten,Milk,Soybeans",High-Protein,24,
172067,"McDONALD'S, BIG MAC (without Big Mac Sauce)",21,"Cereals containing gluten,Milk,Soybeans",High-Protein,24,
172068,"McDONALD'S, Sausage McMUFFIN with Egg",21,"Cereals containing gluten,Eggs,Milk,Soybeans",High-Protein,24,
172069,"McDONALD'S, Bacon Egg & Cheese Biscuit",21,"Cereals containing gluten,Eggs,Milk,Soybeans",High-Protein,24,
172070,"McDONALD'S, Sausage Biscuit",21,"Cereals containing gluten,Milk,Soybeans",High-Protein,24,
172071,"McDONALD'S, Sausage Biscuit with Egg",21,"Cereals containing gluten,Eggs,Milk,Soybeans",High-Protein,24,
172072,McDONALD'S Bacon Ranch Salad with Crispy Chicken,21,"Cereals containing gluten,Milk",High-Protein,24,
172073,"McDONALD'S, Bacon Ranch Salad without chicken",21,Milk,High-Protein,24,
172074,"McDONALD'S, Side Salad",21,,"Vegan,Vegetarian",24,
172075,"McDONALD'S, Fruit 'n Yogurt Parfait",21,Milk,"High-Protein,Vegetarian,Vitamin-Rich",24,
172076,"BURGER KING, CROISSAN'WICH with Egg and Cheese",21,"Cereals containing gluten,Eggs,Milk,Soybeans","High-Protein,Vegetarian",24,
172077,"BURGER KING, french toast sticks",21,Cereals containing gluten,Vegetarian,24,
172078,"BURGER KING, Hash Brown Rounds",21,Cereals containing gluten,"Vegan,Vegetarian,Vitamin-Rich",24,
172079,"Fast foods, miniature cinnamon rolls",21,"Cereals containing gluten,Eggs,Milk,Soybeans",Vegetarian,24,
172080,"Fast foods, hamburger; double, large patty; with condiments, vegetables and mayonnaise",21,"Cereals containing gluten,Eggs,Soybeans",High-Protein,24,
172081,"Fast foods, cheeseburger; single, large patty; with condiments, vegetables and mayonnaise",21,"Cereals containing gluten,Eggs,Milk,Soybeans",High-Protein,24,
172082,"Fast foods, cheeseburger; single, large patty; with condiments",21,"Cereals containing gluten,Milk,Soybeans",High-Protein,24,
172083,"Fast Foods, cheeseburger; double, large patty; with condiments, vegetables and mayonnaise",21,"Cereals containing gluten,Eggs,Milk,Soybeans",High-Protein,24,
172084,"Fast foods, cheeseburger; double, regular patty; double decker bun with condiments and special sauce",21,"Cereals containing gluten,Eggs,Milk,Soybeans",High-Protein,24,
172085,"Light Ice Cream, soft serve, blended with cookie pieces",21,"Cereals containing gluten,Milk,Soybeans","Low-Fat,Vegetarian",24,
172086,"POPEYES, biscuit",21,"Cereals containing gluten,Milk,Soybeans",Vegetarian,24,
172087,"POPEYES, Coleslaw",21,"Eggs,Soybeans",Vegetarian,24,
172088,"POPEYES, Mild Chicken Strips, analyzed 2006",21,"Cereals containing gluten,Eggs,Milk,Soybeans",High-Protein,24,
172089,"Spaghetti with meat sauce, frozen entree",22,"Cereals containing gluten,Eggs,Milk",High-Protein,24,
172090,"Beef macaroni with tomato sauce, frozen entree, reduced fat",22,"Cereals containing gluten,Milk","High-Protein,Low-Fat",24,
172091,"Pasta with Sliced Franks in Tomato Sauce, canned entree",22,"Cereals containing gluten,Soybeans",High-Protein,24,
172092,"Turkey Pot Pie, frozen entree",22,"Cereals containing gluten,Milk,Soybeans",High-Protein,24,
172093,"Beef Pot Pie, frozen entree, prepared",22,"Cereals containing gluten,Milk,Soybeans",High-Protein,24,
172094,"Tortellini, pasta with cheese filling, fresh-refrigerated, as purchased",22,"Cereals containing gluten,Eggs,Milk","High-Protein,Vegetarian",24,
172095,"Pizza, meat topping, thick crust, frozen, cooked",21,"Cereals containing gluten,Milk,Soybeans",High-Protein,24,
172096,"Pizza, pepperoni topping, regular crust, frozen, cooked",21,"Cereals containing gluten,Milk,Soybeans",High-Protein,24,
172097,"Chili con carne with beans, canned entree",22,,High-Protein,24,
172098,"Chili, no beans, canned entree",22,,High-Protein,24,
172099,"Spaghetti, with meatballs in tomato sauce, canned",22,"Cereals containing gluten,Eggs,Milk,Soybeans",High-Protein,24,
172100,"Pasta with tomato sauce, no meat, canned",22,Cereals containing gluten,"Vegan,Vegetarian,Vitamin-Rich",24,
172101,"Lasagna with meat & sauce, low-fat, frozen entree",22,"Cereals containing gluten,Milk","High-Protein,Low-Fat",24,
172102,"Burrito, beef and bean, microwaved",22,"Cereals containing gluten,Soybeans",High-Protein,24,
172103,"Egg rolls, pork, refrigerated, heated",22,"Cereals containing gluten,Eggs",High-Protein,24,
172104,"Egg rolls, chicken, refrigerated, heated",22,"Cereals containing gluten,Eggs",High-Protein,24,
172105,"Egg rolls, vegetable, frozen, prepared",22,"Cereals containing gluten,Eggs,Soybeans","Vegetarian,Vitamin-Rich",24,
172106,"Lasagna, Vegetable, frozen, baked",22,"Cereals containing gluten,Milk,Soybeans","Vegetarian,Vitamin-Rich",24,
172107,"HOT POCKETS, meatballs & mozzarella stuffed sandwich, frozen",22,"Cereals containing gluten,Milk,Soybeans",High-Protein,24,
172108,"LEAN POCKETS, Ham N Cheddar",22,"Cereals containing gluten,Milk,Soybeans",High-Protein,24,
172109,"Lean Pockets, Meatballs & Mozzarella",22,"Cereals containing gluten,Milk,Soybeans",High-Protein,24,
172110,"Chili with beans, microwavable bowls",22,Soybeans,High-Protein,24,
172111,"Chicken, nuggets, dark and white meat, precooked, frozen, not reheated",22,Cereals containing gluten,High-Protein,24,
172112,"Chicken, nuggets, white meat, precooked, frozen, not reheated",22,Cereals containing gluten,High-Protein,24,
172113,"Ravioli, cheese with tomato sauce, frozen, not prepared, includes regular and light entrees",22,"Cereals containing gluten,Eggs,Milk","High-Protein,Vegetarian",24,
172114,"Lasagna with meat sauce, frozen, prepared",22,"Cereals containing gluten,Milk,Soybeans",High-Protein,24,
172115,"Beef, short loin, porterhouse steak, separable lean and fat, trimmed to 1/8"" fat, all grades, cooked, grilled",13,,High-Protein,24,
172116,"Beef, short loin, porterhouse steak, separable lean and fat, trimmed to 1/8"" fat, select, raw",13,,High-Protein,24,
172117,"Beef, short loin, porterhouse steak, separable lean and fat, trimmed to 1/8"" fat, select, cooked, grilled",13,,High-Protein,24,
172118,"Beef, short loin, t-bone steak, separable lean and fat, trimmed to 1/8"" fat, all grades, raw",13,,High-Protein,24,
172119,"Beef, round, knuckle, tip side, steak, separable lean and fat, trimmed to 0"" fat, choice, cooked, grilled",13,,"High-Protein,Low-Fat",24,
172120,"Beef, round, knuckle, tip side, steak, separable lean and fat , trimmed to 0"" fat, select, raw",13,,"High-Protein,Low-Fat",24,
172121,"Beef, round, knuckle, tip side, steak, separable lean and fat, trimmed to 0"" fat, select, cooked, grilled",13,,"High-Protein,Low-Fat",24,
172122,"Beef, chuck, shoulder clod, shoulder tender, medallion, separable lean and fat, trimmed to 0"" fat, choice, raw",13,,"High-Protein,Low-Fat",24,
172123,"Beef, chuck, shoulder clod, shoulder top and center steaks, separable lean and fat, trimmed to 0"" fat, select, raw",13,,"High-Protein,Low-Fat",24,
172124,"Beef, chuck, shoulder clod, shoulder top and center steaks, separable lean and fat, trimmed to 0"" fat, select, cooked, grilled",13,,"High-Protein,Low-Fat",24,
172125,"Beef, chuck, shoulder clod, top blade, steak, separable lean and fat, trimmed to 0"" fat, choice, raw",13,,"High-Protein,Low-Fat",24,
172126,"Beef, chuck, shoulder clod, top blade, steak, separable lean and fat, trimmed to 0"" fat, choice, cooked, grilled",13,,"High-Protein,Low-Fat",24,
172127,"Beef, round, knuckle, tip center, steak, separable lean and fat, trimmed to 0"" fat, select, cooked, grilled",13,,"High-Protein,Low-Fat",24,
172128,"Beef, round, outside round, bottom round, steak, separable lean and fat, trimmed to 0"" fat, choice, raw",13,,"High-Protein,Low-Fat",24,
172129,"Beef, round, outside round, bottom round, steak, separable lean and fat, trimmed to 0"" fat, choice, cooked, grilled",13,,"High-Protein,Low-Fat",24,
172130,"Beef, round, outside round, bottom round, steak, separable lean and fat, trimmed to 0"" fat, select, raw",13,,"High-Protein,Low-Fat",24,
172131,"Beef, round, knuckle, tip side, steak, separable lean and fat, trimmed to 0"" fat, all grades, cooked, grilled",13,,"High-Protein,Low-Fat",24,
172132,"Beef, chuck, shoulder clod, shoulder top and center steaks, separable lean and fat, trimmed to 0"" fat, all grades, raw",13,,"High-Protein,Low-Fat",24,
172133,"Beef, chuck, shoulder clod, shoulder top and center steaks, separable lean and fat, trimmed to 0"" fat, all grades, cooked, grilled",13,,"High-Protein,Low-Fat",24,
172134,"Beef, chuck, shoulder clod, top blade, steak, separable lean and fat, trimmed to 0"" fat, all grades, raw",13,,"High-Protein,Low-Fat",24,
172135,"Beef, round, outside round, bottom round, steak, separable lean and fat, trimmed to 0"" fat, all grades, cooked, grilled",13,,"High-Protein,Low-Fat",24,
172136,"Beef, chuck, shoulder clod, shoulder tender, medallion, separable lean and fat, trimmed to 0"" fat, select, cooked, grilled",13,,"High-Protein,Low-Fat",24,
172137,"Beef, plate steak, boneless, inside skirt, separable lean only, trimmed to 0"" fat, choice, raw",13,,"High-Protein,Low-Fat",24,
172138,"Beef, plate steak, boneless, inside skirt, separable lean only, trimmed to 0"" fat, select, cooked, grilled",13,,"High-Protein,Low-Fat",24,
172139,"Beef, plate steak, boneless, inside skirt, separable lean only, trimmed to 0"" fat, select, raw",13,,"High-Protein,Low-Fat",24,
172140,"Beef, plate steak, boneless, outside skirt, separable lean only, trimmed to 0"" fat, all grades, cooked, grilled",13,,"High-Protein,Low-Fat",24,
172141,"Beef, plate steak, boneless, outside skirt, separable lean only, trimmed to 0"" fat, select, raw",13,,"High-Protein,Low-Fat",24,
172142,"Beef, rib eye steak, boneless, lip off, separable lean only, trimmed to 0"" fat, all grades, cooked, grilled",13,,"High-Protein,Low-Fat",24,
172143,"Beef, rib eye steak, boneless, lip off, separable lean only, trimmed to 0"" fat, all grades, raw",13,,"High-Protein,Low-Fat",24,
172144,"Beef, rib eye steak, boneless, lip off, separable lean only, trimmed to 0"" fat, choice, cooked, grilled",13,,"High-Protein,Low-Fat",24,
172145,"Beef, rib, back ribs, bone-in, separable lean only, trimmed to 0"" fat, all grades, raw",13,,"High-Protein,Low-Fat",24,
172146,"Beef, rib, back ribs, bone-in, separable lean only, trimmed to 0"" fat, choice, cooked, braised",13,,"High-Protein,Low-Fat",24,
172147,"Beef, rib, back ribs, bone-in, separable lean only, trimmed to 0"" fat, choice, raw",13,,"High-Protein,Low-Fat",24,
172148,"Beef, rib, back ribs, bone-in, separable lean only, trimmed to 0"" fat, select, cooked, braised",13,,"High-Protein,Low-Fat",24,
172149,"Beef, rib eye roast, bone-in, lip-on, separable lean and fat, trimmed to 1/8"" fat, select, cooked, roasted",13,,High-Protein,24,
172150,"Beef, rib eye roast, bone-in, lip-on, separable lean and fat, trimmed to 1/8"" fat, all grades, cooked, roasted",13,,High-Protein,24,
172151,"Beef, rib eye steak/roast, bone-in, lip-on, separable lean and fat, trimmed to 1/8"" fat, all grades, raw",13,,High-Protein,24,
172152,"Beef, rib eye steak/roast, bone-in, lip-on, separable lean and fat, trimmed to 1/8"" fat, choice, raw",13,,High-Protein,24,
172153,"Beef, rib eye roast, boneless, lip-on, separable lean and fat, trimmed to 1/8"" fat, all grades, cooked, roasted",13,,High-Protein,24,
172154,"Beef, rib eye roast, boneless, lip-on, separable lean and fat, trimmed to 1/8"" fat, choice, cooked, roasted",13,,High-Protein,24,
172155,"Beef, rib eye roast, boneless, lip-on, separable lean and fat, trimmed to 1/8"" fat, select, cooked, roasted",13,,High-Protein,24,
172156,"Beef, rib eye steak/roast, boneless, lip-on, separable lean and fat, trimmed to 1/8"" fat, all grades, raw",13,,High-Protein,24,
172157,"Beef, plate steak, boneless, inside skirt, separable lean and fat, trimmed to 0"" fat, select, cooked, grilled",13,,"High-Protein,Low-Fat",24,
172158,"Beef, plate steak, boneless, inside skirt, separable lean and fat, trimmed to 0"" fat, all grades, raw",13,,"High-Protein,Low-Fat",24,
172159,"Beef, plate steak, boneless, inside skirt, separable lean and fat, trimmed to 0"" fat, choice, raw",13,,"High-Protein,Low-Fat",24,
172160,"Beef, plate steak, boneless, inside skirt, separable lean and fat, trimmed to 0"" fat, select, raw",13,,"High-Protein,Low-Fat",24,
172161,"Beef, ground, unspecified fat content, cooked",13,,High-Protein,24,
172162,"Beef, plate steak, boneless, outside skirt, separable lean and fat, trimmed to 0"" fat, choice, raw",13,,"High-Protein,Low-Fat",24,
172163,"Beef, plate steak, boneless, outside skirt, separable lean and fat, trimmed to 0"" fat, select, raw",13,,"High-Protein,Low-Fat",24,
172164,"Beef, rib eye steak, boneless, lip off, separable lean and fat, trimmed to 0"" fat, all grades, cooked, grilled",13,,"High-Protein,Low-Fat",24,
172165,"Beef, rib eye steak, boneless, lip off, separable lean and fat, trimmed to 0"" fat, choice, cooked, grilled",13,,"High-Protein,Low-Fat",24,
172166,"Beef, rib, back ribs, bone-in, separable lean and fat, trimmed to 0"" fat, all grades, cooked, braised",13,,"High-Protein,Low-Fat",24,
172167,"Beef, rib, back ribs, bone-in, separable lean and fat, trimmed to 0"" fat, choice, cooked, braised",13,,"High-Protein,Low-Fat",24,
172168,"Beef, rib, back ribs, bone-in, separable lean and fat, trimmed to 0"" fat, select, cooked, braised",13,,"High-Protein,Low-Fat",24,
172169,"Beef, rib, back ribs, bone-in, separable lean and fat, trimmed to 0"" fat, all grades, raw",13,,"High-Protein,Low-Fat",24,
172170,"Beef, loin, top sirloin cap steak, boneless, separable lean only, trimmed to 1/8"" fat, all grades, cooked, grilled",13,,High-Protein,24,
172171,"Beef, loin, top sirloin cap steak, boneless, separable lean only, trimmed to 1/8"" fat, choice, cooked, grilled",13,,High-Protein,24,
172172,"Beef, loin, top sirloin cap steak, boneless, separable lean only, trimmed to 1/8"" fat, select, cooked, grilled",13,,High-Protein,24,
172173,"Beef, loin, top sirloin cap steak, boneless, separable lean only, trimmed to 1/8"" fat, all grades, raw",13,,High-Protein,24,
172174,"Beef, loin, top sirloin cap steak, boneless, separable lean only, trimmed to 1/8"" fat, choice, raw",13,,High-Protein,24,
172175,"Cheese, blue",1,Milk,"High-Protein,Vegetarian",24,
172176,"Cheese, brick",1,Milk,"High-Protein,Vegetarian",24,
172177,"Cheese, brie",1,Milk,"High-Protein,Vegetarian",24,
172178,"Cheese, camembert",1,Milk,"High-Protein,Vegetarian",24,
172179,"Cheese, cottage, creamed, large or small curd",1,Milk,"High-Protein,Vegetarian",24,
172180,"Cheese, cottage, creamed, with fruit",1,Milk,"High-Protein,Vegetarian,Vitamin-Rich",24,
172181,"Cheese, cottage, nonfat, uncreamed, dry, large or small curd",1,Milk,"Fat-Free,High-Protein,Low-Fat,Vegetarian",24,
172182,"Cheese, cottage, lowfat, 2% milkfat",1,Milk,"High-Protein,Low-Fat,Vegetarian",24,
172183,"Egg, white, raw, fresh",1,Eggs,"High-Protein,Vegetarian",24,
172184,"Egg, yolk, raw, fresh",1,Eggs,"High-Protein,Vegetarian",24,
172185,"Egg, whole, cooked, omelet",1,Eggs,"High-Protein,Vegetarian",24,
172186,"Egg, whole, cooked, poached",1,Eggs,"High-Protein,Vegetarian",24,
172187,"Egg, whole, cooked, scrambled",1,Eggs,"High-Protein,Vegetarian",24,
172188,"Egg, whole, dried",1,Eggs,"High-Protein,Vegetarian",24,
172189,"Egg, duck, whole, fresh, raw",1,Eggs,"High-Protein,Vegetarian",24,
172190,"Egg, goose, whole, fresh, raw",1,Eggs,"High-Protein,Vegetarian",24,
172191,"Egg, quail, whole, fresh, raw",1,Eggs,"High-Protein,Vegetarian",24,
172192,"Egg, turkey, whole, fresh, raw",1,Eggs,"High-Protein,Vegetarian",24,
172193,"Milk, reduced fat, fluid, 2% milkfat, with added nonfat milk solids, without added vitamin A",1,Milk,"High-Protein,Vegetarian",24,
172194,"Milk, canned, evaporated, with added vitamin A",1,Milk,"High-Protein,Vegetarian,Vitamin-Rich",24,
172195,"Milk, dry, nonfat, regular, with added vitamin A and vitamin D",1,Milk,"Fat-Free,High-Protein,Low-Fat,Vegetarian,Vitamin-Rich",24,
172196,"Milk, dry, nonfat, instant, without added vitamin A and vitamin D",1,Milk,"Fat-Free,High-Protein,Low-Fat,Vegetarian",24,
172197,"Cheese, goat, hard type",1,Milk,"High-Protein,Vegetarian",24,
172198,"Cheese substitute, mozzarella",1,"Milk,Soybeans",Vegetarian,24,
172199,"Yogurt, Greek, 2% fat, mango, CHOBANI",1,Milk,"High-Protein,Low-Fat,Vegetarian,Vitamin-Rich",24,
172200,"Cheese sauce, prepared from recipe",1,"Cereals containing gluten,Milk",Vegetarian,24,
172201,"Cheese, mexican, queso anejo",1,Milk,"High-Protein,Vegetarian",24,
172202,"Egg, whole, raw, frozen, pasteurized (Includes foods for USDA's Food Distribution Program)",1,Eggs,"High-Protein,Vegetarian",24,
172203,"Egg, white, raw, frozen, pasteurized",1,Eggs,"High-Protein,Vegetarian",24,
172204,"Egg, white, dried",1,Eggs,"High-Protein,Vegetarian",24,
172205,"Milk, reduced fat, fluid, 2% milkfat, without added vitamin A and vitamin D",1,Milk,"High-Protein,Vegetarian",24,
172206,"Parmesan cheese topping, fat free",1,Milk,"Fat-Free,Low-Fat,Vegetarian",24,
172207,"Cheese, cream, fat free",1,Milk,"Fat-Free,Low-Fat,Vegetarian",24,
172208,"Yogurt, chocolate, nonfat milk",1,Milk,"Fat-Free,Low-Fat,Vegetarian",24,
172209,KRAFT CHEEZ WHIZ Pasteurized Process Cheese Sauce,1,Milk,Vegetarian,24,
172210,KRAFT BREAKSTONE'S Reduced Fat Sour Cream,1,Milk,"Low-Fat,Vegetarian",24,
172211,KRAFT BREAKSTONE'S FREE Fat Free Sour Cream,1,Milk,"Fat-Free,Low-Fat,Vegetarian",24,
172212,"Cream, half and half, fat free",1,Milk,"Fat-Free,Low-Fat,Vegetarian",24,
172213,Reddi Wip Fat Free Whipped Topping,1,Milk,"Fat-Free,Low-Fat,Vegetarian",24,
172214,"Cream substitute, flavored, powdered",1,"Milk,Soybeans",Vegetarian,24,
172215,"Cheese, provolone, reduced fat",1,Milk,"Low-Fat,Vegetarian",24,
172216,"Cheese, Mexican, blend, reduced fat",1,Milk,"Low-Fat,Vegetarian",24,
172217,"Milk, whole, 3.25% milkfat, without added vitamin A and vitamin D",1,Milk,"High-Protein,Vegetarian",24,
172218,"Yogurt, fruit, lowfat, with low calorie sweetener, fortified with vitamin D",1,Milk,"High-Protein,Low-Fat,No Added Sugar,Vegetarian,Vitamin-Rich",24,
172219,"Yogurt, vanilla, low fat, fortified with vitamin D",1,Milk,"High-Protein,Low-Fat,Vegetarian,Vitamin-Rich",24,
172220,"Yogurt, vanilla or lemon flavor, nonfat milk, sweetened with low-calorie sweetener, fortified with vitamin D",1,Milk,"Fat-Free,High-Protein,Low-Fat,No Added Sugar,Vegetarian,Vitamin-Rich",24,
172221,"Yogurt, chocolate, nonfat milk, fortified with vitamin D",1,Milk,"Fat-Free,High-Protein,Low-Fat,Vegetarian,Vitamin-Rich",24,
172222,"Cheese, dry white, queso seco",1,Milk,"High-Protein,Vegetarian",24,
172223,"Cheese, fresh, queso fresco",1,Milk,"High-Protein,Vegetarian",24,
172224,"Cheese, white, queso blanco",1,Milk,"High-Protein,Vegetarian",24,
172225,"Milk, buttermilk, fluid, whole",1,Milk,"High-Protein,Vegetarian",24,
172226,Ice cream sandwich,1,"Cereals containing gluten,Milk,Soybeans",Vegetarian,24,
172227,Ice cream cookie sandwich,1,"Cereals containing gluten,Eggs,Milk,Soybeans",Vegetarian,24,
172228,"Ice cream cone, chocolate covered, with nuts, flavors other than chocolate",1,"Cereals containing gluten,Milk,Nuts,Peanuts,Soybeans",Vegetarian,48,
172229,"Ice cream sandwich, made with light ice cream, vanilla",1,"Cereals containing gluten,Milk,Soybeans","Low-Fat,Vegetarian",24,
172230,"Ice cream sandwich, vanilla, light, no sugar added",1,"Cereals containing gluten,Milk,Soybeans","Low-Fat,No Added Sugar,Vegetarian",24,
172231,"Spices, turmeric, ground",2,,"Vegan,Vegetarian",24,
172232,"Basil, fresh",2,,"Vegan,Vegetarian",24,
172233,"Dill weed, fresh",2,,"Vegan,Vegetarian",24,
172234,"Mustard, prepared, yellow",2,Mustard,"Vegan,Vegetarian",24,
172235,"Vanilla extract, imitation, alcohol",2,,"Vegan,Vegetarian",252,
172236,"Vanilla extract, imitation, no alcohol",2,,"Vegan,Vegetarian",24,
172237,"Vinegar, distilled",2,,"Vegan,Vegetarian",24,
172238,"Capers, canned",2,,"Vegan,Vegetarian",24,
172239,"Spearmint, dried",2,,"Vegan,Vegetarian",24,
172240,"Vinegar, red wine",2,Sulphur dioxide/sulphites,"Vegan,Vegetarian",24,
172241,"Vinegar, balsamic",2,Sulphur dioxide/sulphites,"Vegan,Vegetarian",24,
172242,"Seasoning mix, dry, sazon, coriander & annatto",2,,"Vegan,Vegetarian",24,
172243,"Seasoning mix, dry, taco, original",2,Cereals containing gluten,"Vegan,Vegetarian",24,
172244,"Babyfood, meat, beef, junior",3,,High-Protein,8,24.0
172245,"Babyfood, meat, veal, strained",3,,High-Protein,6,24.0
172246,"Babyfood, meat, pork, strained",3,,High-Protein,6,24.0
172247,"Babyfood, meat, ham, strained",3,,High-Protein,6,24.0
172248,"Babyfood, meat, chicken, junior",3,,High-Protein,8,24.0
172249,"Babyfood, meat, chicken sticks, junior",3,,High-Protein,8,24.0
172250,"Babyfood, meat, turkey, strained",3,,High-Protein,6,24.0
172251,"Babyfood, meat, turkey, junior",3,,High-Protein,8,24.0
172252,"Babyfood, finger snacks, GERBER, GRADUATES, PUFFS, apple and cinnamon",3,"Cereals containing gluten,Cereals containing gluten (oats)","Vegetarian,Vitamin-Rich",8,24.0
172253,"Babyfood, water, bottled, GERBER, without added fluoride",3,,"Vegan,Vegetarian",0,24.0
172254,"Babyfood, GERBER, 3rd Foods, apple, mango and kiwi",3,,"Vegan,Vegetarian,Vitamin-Rich",8,24.0
172255,"Babyfood, tropical fruit medley",3,,"Vegan,Vegetarian,Vitamin-Rich",4,24.0
172256,"Babyfood, dinner, vegetables and dumplings and beef, strained",3,Cereals containing gluten,"High-Protein,Vitamin-Rich",6,24.0
172257,"Babyfood, ravioli, cheese filled, with tomato sauce",3,"Cereals containing gluten,Eggs,Milk","High-Protein,Vegetarian",12,24.0
172258,"Babyfood, dinner, beef noodle, strained",3,"Cereals containing gluten,Eggs",High-Protein,6,24.0
172259,"Babyfood, macaroni and cheese, toddler",3,"Cereals containing gluten,Milk","High-Protein,Vegetarian",12,24.0
172260,"Babyfood, dinner, beef and rice, toddler",3,,High-Protein,12,24.0
172261,"Babyfood, dinner, beef with vegetables",3,,"High-Protein,Vitamin-Rich",6,24.0
172262,"Babyfood, dinner, vegetables and lamb, junior",3,,"High-Protein,Vitamin-Rich",8,24.0
172263,"Babyfood, dinner, chicken noodle, strained",3,"Cereals containing gluten,Eggs",High-Protein,6,24.0
172264,"Babyfood, dinner, chicken noodle, junior",3,"Cereals containing gluten,Eggs",High-Protein,8,24.0
172265,"Babyfood, dinner, vegetables, noodles and chicken, junior",3,"Cereals containing gluten,Eggs","High-Protein,Vitamin-Rich",8,24.0
172266,"Babyfood, dinner, pasta with vegetables",3,Cereals containing gluten,"High-Protein,Vegetarian,Vitamin-Rich",6,24.0
172267,"Babyfood, dinner, vegetables and noodles and turkey, strained",3,"Cereals containing gluten,Eggs","High-Protein,Vitamin-Rich",6,24.0
172268,"Babyfood, dinner, vegetables and noodles and turkey, junior",3,"Cereals containing gluten,Eggs","High-Protein,Vitamin-Rich",8,24.0
172269,"Babyfood, dinner, turkey and rice, strained",3,,High-Protein,6,24.0
172270,"Babyfood, dinner, macaroni and cheese, junior",3,"Cereals containing gluten,Milk","High-Protein,Vegetarian",8,24.0
172271,"Babyfood, vegetables, green beans, strained",3,,"Vegan,Vegetarian,Vitamin-Rich",4,24.0
172272,"Babyfood, vegetables, green beans, junior",3,,"Vegan,Vegetarian,Vitamin-Rich",8,24.0
172273,"Babyfood, green beans, dices, toddler",3,,"Vegan,Vegetarian,Vitamin-Rich",12,24.0
172274,"Babyfood, vegetables, squash, strained",3,,"Vegan,Vegetarian,Vitamin-Rich",4,24.0
172275,"Babyfood, vegetables, squash, junior",3,,"Vegan,Vegetarian,Vitamin-Rich",8,24.0
172276,"Babyfood, vegetables, sweet potatoes strained",3,,"Vegan,Vegetarian,Vitamin-Rich",4,24.0
172277,"Babyfood, vegetables, sweet potatoes, junior",3,,"Vegan,Vegetarian,Vitamin-Rich",8,24.0
172278,"Babyfood, fruit, applesauce, junior",3,,"Vegan,Vegetarian,Vitamin-Rich",8,24.0
172279,"Babyfood, fruit, apricot with tapioca, strained",3,,"Vegan,Vegetarian,Vitamin-Rich",4,24.0
172280,"Babyfood, vegetables, corn, creamed, strained",3,,"Vegan,Vegetarian",4,24.0
172281,"Babyfood, dinner, mixed vegetable, junior",3,,"Vegan,Vegetarian,Vitamin-Rich",8,24.0
172282,"Babyfood, fruit, bananas with tapioca, junior",3,,"Vegan,Vegetarian,Vitamin-Rich",8,24.0
172283,"Babyfood, vegetables, mix vegetables junior",3,,"Vegan,Vegetarian,Vitamin-Rich",8,24.0
172284,"Babyfood, vegetables, garden vegetable, strained",3,,"Vegan,Vegetarian,Vitamin-Rich",4,24.0
172285,"Babyfood, plums, bananas and rice, strained",3,,"Vegan,Vegetarian,Vitamin-Rich",4,24.0
172286,"Babyfood, dinner, turkey, rice, and vegetables, toddler",3,,"High-Protein,Vitamin-Rich",12,24.0
172287,"Babyfood, dinner, apples and chicken, strained",3,,"High-Protein,Vitamin-Rich",6,24.0
172288,"Babyfood, dinner, broccoli and chicken, junior",3,,"High-Protein,Vitamin-Rich",8,24.0
172289,"Infant formula, MEAD JOHNSON, Enfamil Premature High Protein 24 Calories, ready to feed, with ARA and DHA",3,"Milk,Soybeans",High-Protein,0,12.0
172290,"Infant formula, MEAD JOHNSON, Enfamil Premature 30 Calories, ready to feed, with ARA and DHA",3,"Milk,Soybeans",High-Protein,0,12.0
172291,"Infant formula, MEAD JOHNSON, Enfamil for Supplementing, powder, with ARA and DHA, not reconstituted",3,"Milk,Soybeans",High-Protein,0,12.0
172292,"Infant formula, MEAD JOHNSON, Enfamil Reguline Powder, with ARA and DHA, not reconstituted",3,"Milk,Soybeans",High-Protein,0,12.0
172293,"Infant formula, MEAD JOHNSON, Pregestimil 24 Calories, ready to feed, with ARA and DHA",3,Soybeans,"Dairy-Free,High-Protein,Lactose-Free,Vegan,Vegetarian",0,12.0
172294,"Toddler drink, MEAD JOHNSON, PurAmino Toddler Powder, with ARA and DHA, not reconstituted",3,,"Dairy-Free,High-Protein,Lactose-Free,Vegan,Vegetarian",12,24.0
172295,"Infant formula, MEAD JOHNSON, Enfamil for Supplementing, ready to feed, with ARA and DHA",3,"Milk,Soybeans",High-Protein,0,12.0
172296,"Babyfood, cereal, barley, prepared with whole milk",3,"Cereals containing gluten,Cereals containing gluten (barley),Milk",Vegetarian,6,24.0
172297,"Babyfood, cereal, oatmeal, with bananas, prepared with whole milk",3,"Cereals containing gluten (oats),Milk","Vegetarian,Vitamin-Rich",6,24.0
172298,"Babyfood, cereal, oatmeal, with honey, prepared with whole milk",3,"Cereals containing gluten (oats),Milk",Vegetarian,12,24.0
172299,"Babyfood, cereal, rice, prepared with whole milk",3,Milk,"Gluten-Free,Vegetarian",6,24.0
172300,"Babyfood, cereal, rice, with honey, prepared with whole milk",3,Milk,"Gluten-Free,Vegetarian",12,24.0
172301,"Infant formula, MEAD JOHNSON, ENFAMIL, with iron, powder",3,"Milk,Soybeans",High-Protein,0,12.0
172302,"Infant formula, MEAD JOHNSON, ENFAMIL, Infant, with iron, powder, with ARA and DHA",3,"Milk,Soybeans",High-Protein,0,12.0
172303,"Infant formula, MEAD JOHNSON, ENFAMIL, Infant, with iron, liquid concentrate, with ARA and DHA, reconstituted",3,"Milk,Soybeans",High-Protein,0,12.0
172304,"Infant formula, MEAD JOHNSON, ENFAMIL LIPIL, with iron, ready-to-feed, with ARA and DHA",3,"Milk,Soybeans",High-Protein,0,12.0
172305,"Infant formula, MEAD JOHNSON, ENFAMIL, LIPIL, low iron, ready to feed, with ARA and DHA",3,"Milk,Soybeans",High-Protein,0,12.0
172306,"Infant formula, MEAD JOHNSON, ENFAMIL, Infant, ready-to-feed, with ARA and DHA",3,"Milk,Soybeans",High-Protein,0,12.0
172307,"Infant formula, ABBOTT NUTRITION, SIMILAC, PM 60/40, powder not reconstituted",3,"Milk,Soybeans",High-Protein,0,12.0
172308,"Infant formula, MEAD JOHNSON, ENFAMIL, NUTRAMIGEN WITH LGG, with iron, powder, not reconstituted, with ARA and DHA",3,,"Dairy-Free,High-Protein,Lactose-Free,Vegan,Vegetarian",0,12.0
172309,"Infant formula, MEAD JOHNSON, ENFAMIL, NUTRAMIGEN, with iron, ready-to-feed, with ARA and DHA",3,,"Dairy-Free,High-Protein,Lactose-Free,Vegan,Vegetarian",0,12.0
172310,"Infant formula, ABBOTT NUTRITION, SIMILAC, ALIMENTUM, with iron, ready-to-feed",3,Milk,High-Protein,0,12.0
172311,"Infant formula, MEAD JOHNSON, ENFAMIL, ENFACARE, with iron, powder, with ARA and DHA",3,"Milk,Soybeans",High-Protein,0,12.0
172312,"Infant formula, ABBOTT NUTRITION, SIMILAC, with iron, liquid concentrate, not reconstituted",3,"Milk,Soybeans",High-Protein,0,12.0
172313,"Child formula, ABBOTT NUTRITION, PEDIASURE, ready-to-feed",3,"Milk,Soybeans","High-Protein,Vegetarian",24,
172314,"Infant formula, MEAD JOHNSON, NEXT STEP, PROSOBEE LIPIL, powder, with ARA and DHA",3,Soybeans,"Dairy-Free,High-Protein,Lactose-Free,Vegan,Vegetarian",9,24.0
172315,"Infant formula, MEAD JOHNSON, NEXT STEP, PROSOBEE, LIPIL, ready to feed, with ARA and DHA",3,Soybeans,"Dairy-Free,High-Protein,Lactose-Free,Vegan,Vegetarian",9,24.0
172316,"Infant formula, NESTLE, GOOD START SOY, with ARA and DHA, powder",3,Soybeans,"Dairy-Free,High-Protein,Lactose-Free,Vegan,Vegetarian",0,12.0
172317,"Babyfood, corn and sweet potatoes, strained",3,,"Vegan,Vegetarian,Vitamin-Rich",4,24.0
172318,"Infant formula, ABBOTT NUTRITION, SIMILAC, ALIMENTUM, ADVANCE, ready-to-feed, with ARA and DHA",3,Milk,High-Protein,0,12.0
172319,"Infant formula, PBM PRODUCTS, store brand, ready-to-feed",3,"Milk,Soybeans",High-Protein,0,12.0
172320,"Infant formula, PBM PRODUCTS, store brand, liquid concentrate, not reconstituted",3,"Milk,Soybeans",High-Protein,0,12.0
172321,"Infant formula, MEAD JOHNSON, ENFAMIL, AR, ready-to-feed, with ARA and DHA",3,"Milk,Soybeans",High-Protein,0,12.0
172322,"Infant formula, MEAD JOHNSON, ENFAMIL, AR, powder, with ARA and DHA",3,"Milk,Soybeans",High-Protein,0,12.0
172323,"Infant formula, ABBOTT NUTRITION, SIMILAC NEOSURE, ready-to-feed, with ARA and DHA",3,"Milk,Soybeans",High-Protein,0,12.0
172324,"Infant formula, ABBOTT NUTRITION, SIMILAC, NEOSURE, powder, with ARA and DHA",3,"Milk,Soybeans",High-Protein,0,12.0
172325,"Infant formula, ABBOTT NUTRITION, SIMILAC, SENSITIVE (LACTOSE FREE) ready-to-feed, with ARA and DHA",3,"Milk,Soybeans","High-Protein,Lactose-Free",0,12.0
172326,"Infant formula, ABBOTT NUTRITION, SIMILAC, ADVANCE, with iron, liquid concentrate, not reconstituted",3,"Milk,Soybeans",High-Protein,0,12.0
172327,"Shortening, household, lard and vegetable oil",4,,High-Protein,24,
172328,"Oil, sunflower, linoleic, (partially hydrogenated)",4,,"Vegan,Vegetarian",24,
172329,"Shortening bread, soybean (hydrogenated) and cottonseed",4,Soybeans,"Vegan,Vegetarian",24,
172330,"Shortening cake mix, soybean (hydrogenated) and cottonseed (hydrogenated)",4,Soybeans,"Vegan,Vegetarian",24,
172331,"Shortening frying (heavy duty), palm (hydrogenated)",4,,"Vegan,Vegetarian",24,
172332,Shortening household soybean (hydrogenated) and palm,4,Soybeans,"Vegan,Vegetarian",24,
172333,"Shortening frying (heavy duty), soybean (hydrogenated), linoleic (less than 1%)",4,Soybeans,"Vegan,Vegetarian",24,
172334,"Shortening, confectionery, fractionated palm",4,,"Vegan,Vegetarian",24,
172335,"Oil, nutmeg butter",4,,"Vegan,Vegetarian",24,
172336,"Oil, canola",4,,"Vegan,Vegetarian",24,
172337,"Oil, mustard",4,Mustard,"Vegan,Vegetarian",24,
172338,"Oil, sunflower, high oleic (70% and over)",4,,"Vegan,Vegetarian",24,
172339,"Margarine-like, margarine-butter blend, soybean oil and butter",4,"Milk,Soybeans",Vegetarian,24,
172340,"Fish oil, herring",4,Fish,Pescatarian,24,
172341,"Fish oil, menhaden",4,Fish,Pescatarian,24,
172342,"Fish oil, menhaden, fully hydrogenated",4,Fish,Pescatarian,24,
172343,"Fish oil, salmon",4,Fish,Pescatarian,24,
172344,"Butter, light, stick, without salt",4,Milk,"Low Sodium,Low-Fat,Vegetarian",24,
172345,"Animal fat, bacon grease",4,,High-Protein,24,
172346,"Margarine, regular, 80% fat, composite, stick, with salt",4,Soybeans,"Vegan,Vegetarian",24,
172347,"Margarine, regular, 80% fat, composite, tub, with salt",4,Soybeans,"Vegan,Vegetarian",24,
172348,"Margarine-like, vegetable oil spread, 60% fat, stick, with salt",4,Soybeans,"Vegan,Vegetarian",24,
172349,"Margarine, regular, 80% fat, composite, tub, without salt",4,Soybeans,"Low Sodium,Vegan,Vegetarian",24,
172350,"Margarine-like, vegetable oil spread, 60% fat, stick/tub/bottle, without salt",4,Soybeans,"Low Sodium,Vegan,Vegetarian",24,
172351,"Margarine-like, vegetable oil spread, fat free, liquid, with salt",4,Soybeans,"Fat-Free,Low-Fat,Vegan,Vegetarian",24,
172352,"Margarine-like spread with yogurt, 70% fat, stick, with salt",4,Milk,Vegetarian,24,
172353,"Margarine-like, vegetable oil spread, fat-free, tub",4,Soybeans,"Fat-Free,Low-Fat,Vegan,Vegetarian",24,
172354,"Margarine-like, vegetable oil spread, 20% fat, with salt",4,Soybeans,"Vegan,Vegetarian",24,
172355,"Margarine-like, vegetable oil spread, 20% fat, without salt",4,Soybeans,"Low Sodium,Vegan,Vegetarian",24,
172356,"Salad dressing, thousand island dressing, fat-free",4,,"Fat-Free,Low-Fat,Vegan,Vegetarian",24,
172357,"Oil, industrial, mid-oleic, sunflower",4,,"Vegan,Vegetarian",24,
172358,"Oil, industrial, canola with antifoaming agent, principal uses salads, woks and light frying",4,,"Vegan,Vegetarian",24,
172359,"Oil, industrial, canola for salads, woks and light frying",4,,"Vegan,Vegetarian",24,
172360,"Oil, industrial, canola (partially hydrogenated) oil for deep fat frying",4,,"Vegan,Vegetarian",24,
172361,"Oil, industrial, soy (partially hydrogenated), multiuse for non-dairy butter flavor",4,Soybeans,"Vegan,Vegetarian",24,
172362,"Oil, industrial, soy ( partially hydrogenated), all purpose",4,Soybeans,"Vegan,Vegetarian",24,
172363,"Oil, industrial, soy (partially hydrogenated ) and soy (winterized), pourable clear fry",4,Soybeans,"Vegan,Vegetarian",24,
172364,"Oil, industrial, soy (partially hydrogenated)  and cottonseed, principal use as a tortilla shortening",4,Soybeans,"Vegan,Vegetarian",24,
172365,"Oil, industrial, coconut, confection fat, typical basis for ice cream coatings",4,"Nuts,Nuts (coconut)","Vegan,Vegetarian",48,
172366,"Oil, industrial, palm kernel (hydrogenated) , used for whipped toppings, non-dairy",4,,"Vegan,Vegetarian",24,
172367,"Oil, industrial, coconut (hydrogenated), used for whipped toppings and coffee whiteners",4,"Nuts,Nuts (coconut)","Vegan,Vegetarian",48,
172368,"Oil, industrial, palm and palm kernel, filling fat (non-hydrogenated)",4,,"Vegan,Vegetarian",24,
172369,"Margarine, industrial, soy and partially hydrogenated soy oil, use for baking, sauces and candy",4,Soybeans,"Vegan,Vegetarian",24,
172370,"Oil, vegetable, soybean, refined",4,Soybeans,"Vegan,Vegetarian",24,
172371,"Margarine-like spread, SMART BALANCE Regular Buttery Spread with flax oil",4,Soybeans,"Vegan,Vegetarian",24,
172372,"Margarine-like spread, SMART BALANCE Light Buttery Spread",4,Soybeans,"Low-Fat,Vegan,Vegetarian",24,
172373,"Chicken, broilers or fryers, drumstick, meat and skin, raw",5,,High-Protein,24,
172374,"Chicken, broilers or fryers, drumstick, meat and skin, cooked, fried, batter",5,"Cereals containing gluten,Eggs,Milk",High-Protein,24,
172375,"Chicken, broilers or fryers, drumstick, meat only, cooked, fried",5,Cereals containing gluten,High-Protein,24,
172376,"Chicken, broilers or fryers, dark meat, drumstick, meat only, cooked, roasted",5,,High-Protein,24,
172377,"Chicken, broilers or fryers, drumstick, meat only, cooked, stewed",5,,High-Protein,24,
172378,"Chicken, broilers or fryers, leg, meat and skin, raw",5,,High-Protein,24,
172379,"Chicken, broilers or fryers, leg, meat only, cooked, fried",5,Cereals containing gluten,High-Protein,24,
172380,"Chicken, broilers or fryers, leg, meat only, cooked, roasted",5,,High-Protein,24,
172381,"Chicken, broilers or fryers, leg, meat only, cooked, stewed",5,,High-Protein,24,
172382,"Chicken, broilers or fryers, neck, meat and skin, raw",5,,High-Protein,24,
172383,"Chicken, broilers or fryers, neck, meat only, cooked, fried",5,Cereals containing gluten,High-Protein,24,
172384,"Chicken, broilers or fryers, neck, meat only, cooked, simmered",5,,High-Protein,24,
172385,"Chicken, broilers or fryers, thigh, meat and skin, raw",5,,High-Protein,24,
172386,"Chicken, broilers or fryers, thigh, meat and skin, cooked, fried, batter",5,"Cereals containing gluten,Eggs,Milk",High-Protein,24,
172387,"Chicken, broilers or fryers, thigh, meat only, cooked, fried",5,Cereals containing gluten,High-Protein,24,
172388,"Chicken, broilers or fryers, thigh, meat only, cooked, roasted",5,,High-Protein,24,
172389,"Chicken, broilers or fryers, thigh, meat only, cooked, stewed",5,,High-Protein,24,
172390,"Chicken, broilers or fryers, wing, meat and skin, raw",5,,High-Protein,24,
172391,"Chicken, broilers or fryers, wing, meat only, cooked, fried",5,Cereals containing gluten,High-Protein,24,
172392,"Chicken, broilers or fryers, wing, meat only, cooked, roasted",5,,High-Protein,24,
172393,"Chicken, broilers or fryers, wing, meat only, cooked, stewed",5,,High-Protein,24,
172394,"Chicken, roasting, meat and skin and giblets and neck, raw",5,,High-Protein,24,
172395,"Chicken, roasting, meat only, cooked, roasted",5,,High-Protein,24,
172396,"Chicken, roasting, giblets, raw",5,,High-Protein,24,
172397,"Chicken, roasting, giblets, cooked, simmered",5,,High-Protein,24,
172398,"Chicken, roasting, light meat, meat only, raw",5,,High-Protein,24,
172399,"Chicken, stewing, meat and skin, and giblets and neck, cooked, stewed",5,,High-Protein,24,
172400,"Chicken, stewing, meat and skin, raw",5,,High-Protein,24,
172401,"Chicken, stewing, meat and skin, cooked, stewed",5,,High-Protein,24,
172402,"Chicken, stewing, meat only, raw",5,,High-Protein,24,
172403,"Chicken, stewing, meat only, cooked, stewed",5,,High-Protein,24,
172404,"Chicken, stewing, dark meat, meat only, raw",5,,High-Protein,24,
172405,"Chicken, stewing, dark meat, meat only, cooked, stewed",5,,High-Protein,24,
172406,"Chicken, capons, meat and skin and giblets and neck, raw",5,,High-Protein,24,
172407,"Chicken, capons, meat and skin and giblets and neck, cooked, roasted",5,,High-Protein,24,
172408,"Duck, domesticated, meat and skin, raw",5,,High-Protein,24,
172409,"Duck, domesticated, meat and skin, cooked, roasted",5,,High-Protein,24,
172410,"Duck, domesticated, meat only, raw",5,,High-Protein,24,
172411,"Duck, domesticated, meat only, cooked, roasted",5,,High-Protein,24,
172412,"Goose, domesticated, meat and skin, cooked, roasted",5,,High-Protein,24,
172413,"Goose, domesticated, meat only, raw",5,,High-Protein,24,
172414,"Goose, domesticated, meat only, cooked, roasted",5,,High-Protein,24,
172415,"Goose, liver, raw",5,,High-Protein,24,
172416,"Guinea hen, meat and skin, raw",5,,High-Protein,24,
172417,"Pheasant, leg, meat only, raw",5,,High-Protein,24,
172418,"Quail, meat and skin, raw",5,,High-Protein,24,
172419,"Quail, meat only, raw",5,,High-Protein,24,
172420,"Lentils, raw",16,,"High-Protein,Vegan,Vegetarian",24,
172421,"Lentils, mature seeds, cooked, boiled, without salt",16,,"High-Protein,Low Sodium,Vegan,Vegetarian",24,
172422,"Lima beans, thin seeded (baby), mature seeds, cooked, boiled, without salt",16,,"High-Protein,Low Sodium,Vegan,Vegetarian",24,
172423,"Lupins, mature seeds, raw",16,,"High-Protein,Vegan,Vegetarian",24,
172424,"Lupins, mature seeds, cooked, boiled, without salt",16,,"High-Protein,Low Sodium,Vegan,Vegetarian",24,
172425,"Mothbeans, mature seeds, raw",16,,"High-Protein,Vegan,Vegetarian",24,
172426,"Mothbeans, mature seeds, cooked, boiled, without salt",16,,"High-Protein,Low Sodium,Vegan,Vegetarian",24,
172427,"Mungo beans, mature seeds, cooked, boiled, without salt",16,,"High-Protein,Low Sodium,Vegan,Vegetarian",24,
172428,"Peas, green, split, mature seeds, raw",16,,"High-Protein,Vegan,Vegetarian",24,
172429,"Peas, split, mature seeds, cooked, boiled, without salt",16,,"High-Protein,Low Sodium,Vegan,Vegetarian",24,
172430,"Peanuts, all types, raw",16,Peanuts,"High-Protein,Vegan,Vegetarian",48,
172431,"Peanuts, spanish, oil-roasted, with salt",16,Peanuts,"High-Protein,Vegan,Vegetarian",48,
172432,"Peanuts, valencia, raw",16,Peanuts,"High-Protein,Vegan,Vegetarian",48,
172433,"Peanuts, valencia, oil-roasted, with salt",16,Peanuts,"High-Protein,Vegan,Vegetarian",48,
172434,"Peanuts, virginia, raw",16,Peanuts,"High-Protein,Vegan,Vegetarian",48,
172435,"Peanut flour, low fat",16,Peanuts,"High-Protein,Low-Fat,Vegan,Vegetarian",48,
172436,"Pigeon peas (red gram), mature seeds, raw",16,,"High-Protein,Vegan,Vegetarian",24,
172437,"Pigeon peas (red gram), mature seeds, cooked, boiled, without salt",16,,"High-Protein,Low Sodium,Vegan,Vegetarian",24,
172438,"Refried beans, canned, traditional style",16,,"High-Protein,Vegetarian",24,
172439,"Bacon, meatless",16,Soybeans,"High-Protein,Vegan,Vegetarian",24,
172440,"Soybeans, mature seeds, roasted, salted",16,Soybeans,"High-Protein,Vegan,Vegetarian",24,
172441,"Soybeans, mature seeds, dry roasted",16,Soybeans,"High-Protein,Vegan,Vegetarian",24,
172442,Miso,16,Soybeans,"Vegan,Vegetarian",24,
172443,Natto,16,Soybeans,"High-Protein,Vegan,Vegetarian",24,
172444,"Soy flour, low-fat",16,Soybeans,"High-Protein,Low-Fat,Vegan,Vegetarian",24,
172445,"Soy meal, defatted, raw",16,Soybeans,"High-Protein,Vegan,Vegetarian",24,
172446,"Soymilk, original and vanilla, unfortified",16,Soybeans,"High-Protein,Vegan,Vegetarian",24,
172447,"Soy protein concentrate, produced by alcohol extraction",16,Soybeans,"High-Protein,Vegan,Vegetarian",24,
172448,"Tofu, firm, prepared with calcium sulfate and magnesium chloride (nigari)",16,Soybeans,"High-Protein,Mineral-Rich,Vegan,Vegetarian",24,
172449,"Tofu, soft, prepared with calcium sulfate and magnesium chloride (nigari)",16,Soybeans,"High-Protein,Mineral-Rich,Vegan,Vegetarian",24,
172450,"Tofu, dried-frozen (koyadofu)",16,Soybeans,"High-Protein,Vegan,Vegetarian",24,
172451,"Tofu, fried",16,Soybeans,"High-Protein,Vegan,Vegetarian",24,
172452,Okara,16,Soybeans,"High-Protein,Vegan,Vegetarian",24,
172453,"Winged beans, mature seeds, cooked, boiled, without salt",16,,"High-Protein,Low Sodium,Vegan,Vegetarian",24,
172454,"Hummus, home prepared",16,Sesame seeds,"High-Protein,Vegan,Vegetarian",24,
172455,"Falafel, home-prepared",16,,"High-Protein,Vegan,Vegetarian",24,
172456,"Soymilk, original and vanilla, with added calcium, vitamins A and D",16,Soybeans,"High-Protein,Mineral-Rich,Vegan,Vegetarian,Vitamin-Rich",24,
172457,"Peanut spread, reduced sugar",16,Peanuts,"High-Protein,No Added Sugar,Vegan,Vegetarian",48,
172458,"Peanut butter, smooth, reduced fat",16,Peanuts,"High-Protein,Low-Fat,Vegan,Vegetarian",48,
172459,"Peanut butter, smooth, vitamin and mineral fortified",16,Peanuts,"High-Protein,Mineral-Rich,Vegan,Vegetarian",48,
172460,"Peanut butter, chunky, vitamin and mineral fortified",16,Peanuts,"High-Protein,Mineral-Rich,Vegan,Vegetarian",48,
172461,"MORI-NU, Tofu, silken, firm",16,Soybeans,"High-Protein,Vegan,Vegetarian",24,
172462,"MORI-NU, Tofu, silken, extra firm",16,Soybeans,"High-Protein,Vegan,Vegetarian",24,
172463,"MORI-NU, Tofu, silken, lite firm",16,Soybeans,"High-Protein,Vegan,Vegetarian",24,
172464,"MORI-NU, Tofu, silken, lite extra firm",16,Soybeans,"High-Protein,Vegan,Vegetarian",24,
172465,"Refried beans, canned, fat-free",16,,"Fat-Free,High-Protein,Low-Fat,Vegan,Vegetarian",24,
172466,"Frijoles rojos volteados (Refried beans, red, canned)",16,,"High-Protein,Vegan,Vegetarian",24,
172467,"Tempeh, cooked",16,Soybeans,"High-Protein,Vegan,Vegetarian",24,
172468,"Vitasoy USA, Nasoya Lite Firm Tofu",16,Soybeans,"High-Protein,Vegan,Vegetarian",24,
172469,"Peanut butter, chunk style, without salt",16,Peanuts,"High-Protein,Low Sodium,Vegan,Vegetarian",48,
172470,"Peanut butter, smooth style, without salt",16,Peanuts,"High-Protein,Low Sodium,Vegan,Vegetarian",48,
172471,"Peanut butter with omega-3, creamy",16,"Fish,Peanuts,Soybeans","High-Protein,Pescatarian,Vegetarian",48,
172472,"Pigeon peas (red gram), mature seeds, cooked, boiled, with salt",16,,"High-Protein,Vegan,Vegetarian",24,
172473,"Soy sauce made from soy and wheat (shoyu), low sodium",16,"Cereals containing gluten,Soybeans","Low Sodium,Vegan,Vegetarian",24,
172474,"Soy sauce, reduced sodium, made from hydrolyzed vegetable protein",16,Soybeans,"Low Sodium,Vegan,Vegetarian",24,
172475,"Tofu, raw, firm, prepared with calcium sulfate",16,Soybeans,"High-Protein,Mineral-Rich,Vegan,Vegetarian",24,
172476,"Tofu, raw, regular, prepared with calcium sulfate",16,Soybeans,"High-Protein,Mineral-Rich,Vegan,Vegetarian",24,
172477,"Winged beans, mature seeds, cooked, boiled, with salt",16,,"High-Protein,Vegan,Vegetarian",24,
172478,"Veal, Australian, rib, rib roast, separable lean only, raw",17,,High-Protein,24,
172479,"Lamb, composite of trimmed retail cuts, separable lean and fat, trimmed to 1/4"" fat, choice, raw",17,,High-Protein,24,
172480,"Lamb, composite of trimmed retail cuts, separable lean and fat, trimmed to 1/4"" fat, choice, cooked",17,,High-Protein,24,
172481,"Lamb, foreshank, separable lean and fat, trimmed to 1/4"" fat, choice, raw",17,,High-Protein,24,
172482,"Lamb, foreshank, separable lean and fat, trimmed to 1/4"" fat, choice, cooked, braised",17,,High-Protein,24,
172483,"Lamb, foreshank, separable lean only, trimmed to 1/4"" fat, choice, raw",17,,High-Protein,24,
172484,"Lamb, foreshank, separable lean only, trimmed to 1/4"" fat, choice, cooked, braised",17,,High-Protein,24,
172485,"Lamb, leg, shank half, separable lean and fat, trimmed to 1/4"" fat, choice, cooked, roasted",17,,High-Protein,24,
172486,"Lamb, leg, shank half, separable lean only, trimmed to 1/4"" fat, choice, raw",17,,High-Protein,24,
172487,"Lamb, leg, shank half, separable lean only, trimmed to 1/4"" fat, choice, cooked, roasted",17,,High-Protein,24,
172488,"Lamb, leg, sirloin half, separable lean and fat, trimmed to 1/4"" fat, choice, raw",17,,High-Protein,24,
172489,"Lamb, loin, separable lean and fat, trimmed to 1/4"" fat, choice, cooked, broiled",17,,High-Protein,24,
172490,"Lamb, loin, separable lean and fat, trimmed to 1/4"" fat, choice, cooked, roasted",17,,High-Protein,24,
172491,"Lamb, loin, separable lean only, trimmed to 1/4"" fat, choice, raw",17,,High-Protein,24,
172492,"Lamb, loin, separable lean only, trimmed to 1/4"" fat, choice, cooked, broiled",17,,High-Protein,24,
172493,"Lamb, rib, separable lean only, trimmed to 1/4"" fat, choice, raw",17,,High-Protein,24,
172494,"Lamb, rib, separable lean only, trimmed to 1/4"" fat, choice, cooked, broiled",17,,High-Protein,24,
172495,"Lamb, rib, separable lean only, trimmed to 1/4"" fat, choice, cooked, roasted",17,,High-Protein,24,
172496,"Lamb, shoulder, whole (arm and blade), separable lean and fat, trimmed to 1/4"" fat, choice, raw",17,,High-Protein,24,
172497,"Lamb, shoulder, whole (arm and blade), separable lean and fat, trimmed to 1/4"" fat, choice, cooked, braised",17,,High-Protein,24,
172498,"Lamb, shoulder, whole (arm and blade), separable lean only, trimmed to 1/4"" fat, choice, cooked, broiled",17,,High-Protein,24,
172499,"Lamb, shoulder, whole (arm and blade), separable lean only, trimmed to 1/4"" fat, choice, cooked, roasted",17,,High-Protein,24,
172500,"Lamb, shoulder, arm, separable lean and fat, trimmed to 1/4"" fat, choice, raw",17,,High-Protein,24,
172501,"Lamb, shoulder, arm, separable lean and fat, trimmed to 1/4"" fat, choice, cooked, braised",17,,High-Protein,24,
172502,"Lamb, shoulder, arm, separable lean only, trimmed to 1/4"" fat, choice, cooked, broiled",17,,High-Protein,24,
172503,"Lamb, shoulder, arm, separable lean only, trimmed to 1/4"" fat, choice, cooked, roasted",17,,High-Protein,24,
172504,"Lamb, shoulder, blade, separable lean and fat, trimmed to 1/4"" fat, choice, raw",17,,High-Protein,24,
172505,"Lamb, shoulder, blade, separable lean and fat, trimmed to 1/4"" fat, choice, cooked, braised",17,,High-Protein,24,
172506,"Lamb, shoulder, blade, separable lean only, trimmed to 1/4"" fat, choice, cooked, broiled",17,,High-Protein,24,
172507,"Lamb, shoulder, blade, separable lean only, trimmed to 1/4"" fat, choice, cooked, roasted",17,,High-Protein,24,
172508,"Lamb, cubed for stew or kabob (leg and shoulder), separable lean only, trimmed to 1/4"" fat, raw",17,,High-Protein,24,
172509,"Lamb, cubed for stew or kabob (leg and shoulder), separable lean only, trimmed to 1/4"" fat, cooked, braised",17,,High-Protein,24,
172510,"Lamb, cubed for stew or kabob (leg and shoulder), separable lean only, trimmed to 1/4"" fat, cooked, broiled",17,,High-Protein,24,
172511,"Lamb, New Zealand, imported, frozen, composite of trimmed retail cuts, separable fat, raw",17,,High-Protein,24,
172512,"Lamb, New Zealand, imported, frozen, composite of trimmed retail cuts, separable fat, cooked",17,,High-Protein,24,
172513,"Lamb, New Zealand, imported, fore-shank, separable lean and fat, raw",17,,High-Protein,24,
172514,"Lamb, New Zealand, imported, fore-shank, separable lean and fat, cooked, braised",17,,High-Protein,24,
172515,"Lamb, New Zealand, imported, leg chop/steak, bone-in, separable lean only, raw",17,,High-Protein,24,
172516,"Lamb, New Zealand, imported, frozen, leg, whole (shank and sirloin), separable lean only, cooked, roasted",17,,High-Protein,24,
172517,"Lamb, New Zealand, imported, loin chop, separable lean and fat, raw",17,,High-Protein,24,
172518,"Game meat, muskrat, raw",17,,High-Protein,24,
172519,"Game meat, muskrat, cooked, roasted",17,,High-Protein,24,
172520,"Game meat, opossum, cooked, roasted",17,,High-Protein,24,
172521,"Game meat, rabbit, domesticated, composite of cuts, raw",17,,High-Protein,24,
172522,"Game meat, rabbit, domesticated, composite of cuts, cooked, roasted",17,,High-Protein,24,
172523,"Game meat, squirrel, raw",17,,High-Protein,24,
172524,"Game meat, squirrel, cooked, roasted",17,,High-Protein,24,
172525,"Lamb, variety meats and by-products, brain, raw",17,,High-Protein,24,
172526,"Lamb, variety meats and by-products, brain, cooked, braised",17,,High-Protein,24,
172527,"Lamb, variety meats and by-products, heart, raw",17,,High-Protein,24,
172528,"Lamb, variety meats and by-products, heart, cooked, braised",17,,High-Protein,24,
172529,"Veal, variety meats and by-products, heart, raw",17,,High-Protein,24,
172530,"Veal, variety meats and by-products, heart, cooked, braised",17,,High-Protein,24,
172531,"Lamb, variety meats and by-products, liver, raw",17,,High-Protein,24,
172532,"Lamb, variety meats and by-products, liver, cooked, braised",17,,High-Protein,24,
172533,"Lamb, variety meats and by-products, liver, cooked, pan-fried",17,,High-Protein,24,
172534,"Veal, variety meats and by-products, liver, raw",17,,High-Protein,24,
172535,"Veal, variety meats and by-products, liver, cooked, braised",17,,High-Protein,24,
172536,"Veal, variety meats and by-products, lungs, cooked, braised",17,,High-Protein,24,
172537,"Lamb, variety meats and by-products, mechanically separated, raw",17,,High-Protein,24,
172538,"Lamb, variety meats and by-products, pancreas, raw",17,,High-Protein,24,
172539,"Lamb, variety meats and by-products, pancreas, cooked, braised",17,,High-Protein,24,
172540,"Veal, variety meats and by-products, spleen, raw",17,,High-Protein,24,
172541,"Veal, variety meats and by-products, spleen, cooked, braised",17,,High-Protein,24,
172542,"Veal, variety meats and by-products, thymus, raw",17,,High-Protein,24,
172543,"Veal, variety meats and by-products, thymus, cooked, braised",17,,High-Protein,24,
172544,"Lamb, ground, cooked, broiled",17,,High-Protein,24,
172545,"Lamb, composite of trimmed retail cuts, separable lean and fat, trimmed to 1/8"" fat, choice, raw",17,,High-Protein,24,
172546,"Lamb, composite of trimmed retail cuts, separable lean and fat, trimmed to 1/8"" fat, choice, cooked",17,,High-Protein,24,
172547,"Lamb, foreshank, separable lean and fat, trimmed to 1/8"" fat, choice, raw",17,,High-Protein,24,
172548,"Lamb, leg, shank half, separable lean and fat, trimmed to 1/8"" fat, choice, cooked, roasted",17,,High-Protein,24,
172549,"Lamb, leg, sirloin half, separable lean and fat, trimmed to 1/8"" fat, choice, raw",17,,High-Protein,24,
172550,"Lamb, leg, sirloin half, separable lean and fat, trimmed to 1/8"" fat, choice, cooked, roasted",17,,High-Protein,24,
172551,"Lamb, loin, separable lean and fat, trimmed to 1/8"" fat, choice, raw",17,,High-Protein,24,
172552,"Lamb, rib, separable lean and fat, trimmed to 1/8"" fat, choice, cooked, roasted",17,,High-Protein,24,
172553,"Lamb, shoulder, whole (arm and blade), separable lean and fat, trimmed to 1/8"" fat, choice, raw",17,,High-Protein,24,
172554,"Lamb, shoulder, whole (arm and blade), separable lean and fat, trimmed to 1/8"" fat, choice, cooked, braised",17,,High-Protein,24,
172555,"Lamb, shoulder, whole (arm and blade), separable lean and fat, trimmed to 1/8"" fat, choice, cooked, broiled",17,,High-Protein,24,
172556,"Lamb, shoulder, blade, separable lean and fat, trimmed to 1/8"" fat, choice, raw",17,,High-Protein,24,
172557,"Lamb, shoulder, blade, separable lean and fat, trimmed to 1/8"" fat, choice, cooked, braised",17,,High-Protein,24,
172558,"Lamb, shoulder, blade, separable lean and fat, trimmed to 1/8"" fat, choice, cooked, broiled",17,,High-Protein,24,
172559,"Lamb, shoulder, blade, separable lean and fat, trimmed to 1/8"" fat, choice, cooked, roasted",17,,High-Protein,24,
172560,"Lamb, New Zealand, imported, frozen, leg, whole (shank and sirloin), separable lean and fat, trimmed to 1/8"" fat, raw",17,,High-Protein,24,
172561,"Lamb, New Zealand, imported, frozen, leg, whole (shank and sirloin), separable lean and fat, trimmed to 1/8"" fat, cooked, roasted",17,,High-Protein,24,
172562,"Lamb, New Zealand, imported, frozen, loin, separable lean and fat, trimmed to 1/8"" fat, raw",17,,High-Protein,24,
172563,"Lamb, New Zealand, imported, frozen, loin, separable lean and fat, trimmed to 1/8"" fat, cooked, broiled",17,,High-Protein,24,
172564,"Game meat, bison, top sirloin, separable lean only, trimmed to 0"" fat, raw",17,,"High-Protein,Low-Fat",24,
172565,"Game meat, bison, ribeye, separable lean only, trimmed to 0"" fat, raw",17,,"High-Protein,Low-Fat",24,
172566,"Game meat, bison, shoulder clod, separable lean only, trimmed to 0"" fat, raw",17,,"High-Protein,Low-Fat",24,
172567,"Veal, breast, separable fat, cooked",17,,High-Protein,24,
172568,"Veal, shank (fore and hind), separable lean and fat, raw",17,,High-Protein,24,
172569,"Veal, shank (fore and hind), separable lean and fat, cooked, braised",17,,High-Protein,24,
172570,"Veal, shank (fore and hind), separable lean only, raw",17,,High-Protein,24,
172571,"Veal, shank (fore and hind), separable lean only, cooked, braised",17,,High-Protein,24,
172572,"Lamb, Australian, imported, fresh, separable fat, raw",17,,High-Protein,24,
172573,"Lamb, Australian, imported, fresh, separable fat, cooked",17,,High-Protein,24,
172574,"Lamb, Australian, imported, fresh, foreshank, separable lean and fat, trimmed to 1/8"" fat, raw",17,,High-Protein,24,
172575,"Lamb, Australian, imported, fresh, foreshank, separable lean and fat, trimmed to 1/8"" fat, cooked, braised",17,,High-Protein,24,
172576,"Lamb, Australian, imported, fresh, leg, whole (shank and sirloin), separable lean only, trimmed to 1/8"" fat, raw",17,,High-Protein,24,
172577,"Lamb, Australian, imported, fresh, leg, whole (shank and sirloin), separable lean only, trimmed to 1/8"" fat, cooked, roasted",17,,High-Protein,24,
172578,"Lamb, Australian, imported, fresh, leg, shank half, separable lean and fat, trimmed to 1/8"" fat, raw",17,,High-Protein,24,
172579,"Lamb, Australian, imported, fresh, leg, shank half, separable lean and fat, trimmed to 1/8"" fat, cooked, roasted",17,,High-Protein,24,
172580,"Lamb, Australian, imported, fresh, leg, shank half, separable lean only, trimmed to 1/8"" fat, raw",17,,High-Protein,24,
172581,"Lamb, Australian, imported, fresh, leg, sirloin half, boneless, separable lean only, trimmed to 1/8"" fat, cooked, roasted",17,,High-Protein,24,
172582,"Lamb, Australian, imported, fresh, leg, sirloin chops, boneless, separable lean and fat, trimmed to 1/8"" fat, raw",17,,High-Protein,24,
172583,"Lamb, Australian, imported, fresh, leg, sirloin chops, boneless, separable lean and fat, trimmed to 1/8"" fat, cooked, broiled",17,,High-Protein,24,
172584,"Lamb, Australian, imported, fresh, leg, sirloin chops, boneless, separable lean only, trimmed to 1/8"" fat, raw",17,,High-Protein,24,
172585,"Lamb, Australian, imported, fresh, leg, center slice, bone-in, separable lean only, trimmed to 1/8"" fat, cooked, broiled",17,,High-Protein,24,
172586,"Lamb, Australian, imported, fresh, loin, separable lean and fat, trimmed to 1/8"" fat, raw",17,,High-Protein,24,
172587,"Lamb, Australian, imported, fresh, loin, separable lean and fat, trimmed to 1/8"" fat, cooked, broiled",17,,High-Protein,24,
172588,"Lamb, Australian, imported, fresh, loin, separable lean only, trimmed to 1/8"" fat, raw",17,,High-Protein,24,
172589,"Lamb, Australian, imported, fresh, rib chop, frenched, bone-in, separable lean only, trimmed to 1/8"" fat, cooked, grilled",17,,High-Protein,24,
172590,"Lamb, Australian, imported, fresh, shoulder, whole (arm and blade), separable lean and fat, trimmed to 1/8"" fat, raw",17,,High-Protein,24,
172591,"Lamb, Australian, imported, fresh, shoulder, whole (arm and blade), separable lean and fat, trimmed to 1/8"" fat, cooked",17,,High-Protein,24,
172592,"Lamb, Australian, imported, fresh, shoulder, whole (arm and blade), separable lean only,   trimmed to 1/8"" fat, raw",17,,High-Protein,24,
172593,"Lamb, Australian, imported, fresh, shoulder, whole (arm and blade), separable lean only, trimmed to 1/8"" fat, cooked",17,,High-Protein,24,
172594,"Lamb, Australian, imported, fresh, shoulder, blade, separable lean and fat, trimmed to 1/8"" fat, raw",17,,High-Protein,24,
172595,"Lamb, Australian, imported, fresh, shoulder, blade, separable lean and fat, trimmed to 1/8"" fat, cooked, broiled",17,,High-Protein,24,
172596,"Lamb, Australian, imported, fresh, shoulder, blade, separable lean only, trimmed to 1/8"" fat, raw",17,,High-Protein,24,
172597,"Lamb, Australian, imported, fresh, shoulder ,blade, separable lean only, trimmed to 1/8"" fat, cooked, broiled",17,,High-Protein,24,
172598,"Game meat, bison, chuck, shoulder clod, separable lean only, raw",17,,High-Protein,24,
172599,"Game meat, bison, ribeye, separable lean only, 1"" steak, cooked, broiled",17,,High-Protein,24,
172600,"Game meat, bison, top round, separable lean only, 1"" steak, cooked, broiled",17,,High-Protein,24,
172601,"Game meat, bison, top round, separable lean only, 1"" steak, raw",17,,High-Protein,24,
172602,"Game meat, deer, ground, raw",17,,High-Protein,24,
172603,"Game meat, deer, ground, cooked, pan-broiled",17,,High-Protein,24,
172604,"Game meat, deer, loin, separable lean only, 1"" steak, cooked, broiled",17,,High-Protein,24,
172605,"Game meat, deer, shoulder clod, separable lean only, cooked, braised",17,,High-Protein,24,
172606,"Veal, Australian, shank, hind, bone-in, separable lean only, raw",17,,High-Protein,24,
172607,"Veal, Australian, shank, hind, bone-in, separable lean and fat, raw",17,,High-Protein,24,
172608,"Lamb, Australian, ground,  85% lean / 15% fat, raw",17,,High-Protein,24,
172609,"Lamb, New Zealand, imported, Intermuscular fat, cooked",17,,High-Protein,24,
172610,"Lamb, New Zealand, imported, breast, separable lean only, cooked, braised",17,,High-Protein,24,
172611,"Lamb, New Zealand, imported, breast, separable lean only, raw",17,,High-Protein,24,
172612,"Lamb, New Zealand, imported, chump, boneless, separable lean only, cooked, fast roasted",17,,High-Protein,24,
172613,"Lamb, New Zealand, imported, subcutaneous fat, cooked",17,,High-Protein,24,
172614,"Lamb, New Zealand, imported, liver, cooked, soaked and fried",17,,High-Protein,24,
172615,"Lamb, New Zealand, imported, liver, raw",17,,High-Protein,24,
172616,"Lamb, New Zealand, imported, ground lamb, cooked, braised",17,,High-Protein,24,
172617,"Lamb, New Zealand, imported, ground lamb, raw",17,,High-Protein,24,
172618,"Lamb, New Zealand, imported, testes, cooked, soaked and fried",17,,High-Protein,24,
172619,"Lamb, New Zealand, imported, testes, raw",17,,High-Protein,24,
172620,"Lamb, New Zealand, imported, tongue - swiss cut, cooked, soaked and simmered",17,,High-Protein,24,
172621,"Lamb, New Zealand, imported, tongue - swiss cut, raw",17,,High-Protein,24,
172622,"Lamb, New Zealand, imported, tenderloin, separable lean only, cooked, fast fried",17,,High-Protein,24,
172623,"Lamb, New Zealand, imported, tenderloin, separable lean only, raw",17,,High-Protein,24,
172624,"Lamb, New Zealand, imported, loin saddle, separable lean only, cooked, fast roasted",17,,High-Protein,24,
172625,"Lamb, New Zealand, imported, loin saddle, separable lean only, raw",17,,High-Protein,24,
172626,"Lamb, New Zealand, imported, neck chops, separable lean only, cooked, braised",17,,High-Protein,24,
172627,"Lamb, New Zealand, imported, netted shoulder, rolled, boneless, separable lean only, cooked, slow roasted",17,,High-Protein,24,
172628,"Lamb, New Zealand, imported, netted shoulder, rolled, boneless, separable lean only, raw",17,,High-Protein,24,
172629,"Lamb, New Zealand, imported, rack - fully frenched, separable lean only, cooked, fast roasted",17,,High-Protein,24,
172630,"Lamb, New Zealand, imported, flap, boneless, separable lean and fat, cooked, braised",17,,High-Protein,24,
172631,"Lamb, New Zealand, imported, flap, boneless, separable lean and fat, raw",17,,High-Protein,24,
172632,"Lamb, New Zealand, imported, hind-shank, separable lean and fat, cooked, braised",17,,High-Protein,24,
172633,"Lamb, New Zealand, imported, hind-shank, separable lean and fat, raw",17,,High-Protein,24,
172634,"Lamb, New Zealand, imported, loin, boneless, separable lean and fat, cooked, fast roasted",17,,High-Protein,24,
172635,"Lamb, New Zealand, imported, loin, boneless, separable lean and fat, raw",17,,High-Protein,24,
172636,"Lamb, New Zealand, imported, neck chops, separable lean and fat, cooked, braised",17,,High-Protein,24,
172637,"Lamb, New Zealand, imported, neck chops, separable lean and fat, raw",17,,High-Protein,24,
172638,"Lamb, New Zealand, imported, netted shoulder, rolled, boneless, separable lean and fat, cooked, slow roasted",17,,High-Protein,24,
172639,"Lamb, New Zealand, imported, tenderloin, separable lean and fat, cooked, fast fried",17,,High-Protein,24,
172640,"Lamb, New Zealand, imported, rack - fully frenched, separable lean and fat, cooked, fast roasted",17,,High-Protein,24,
172641,"Lamb, New Zealand, imported, rack - fully frenched, separable lean and fat, raw",17,,High-Protein,24,
172642,"Lamb, New Zealand, imported, tunnel-boned leg, chump off, shank off, separable lean and fat, cooked, slow roasted",17,,High-Protein,24,
172643,"Veal, leg, top round, cap off, cutlet, boneless, raw",17,,High-Protein,24,
172644,"Veal, loin, chop, separable lean only, cooked, grilled",17,,High-Protein,24,
172645,"Veal, shank, separable lean only, raw",17,,High-Protein,24,
172646,"Veal, foreshank, osso buco, separable lean only, cooked, braised",17,,High-Protein,24,
172647,"Veal, seam fat only, cooked",17,,High-Protein,24,
172648,"Veal, shank, separable lean and fat, raw",17,,High-Protein,24,
172649,"Veal, foreshank, osso buco, separable lean and fat, cooked, braised",17,,High-Protein,24,
172650,"Veal, loin, chop, separable lean and fat, cooked, grilled",17,,High-Protein,24,
172651,"Veal, shoulder, blade chop, separable lean and fat, cooked, grilled",17,,High-Protein,24,
172652,"Lamb, Australian, imported, fresh, tenderloin, boneless, separable lean only, trimmed to 1/8"" fat, raw",17,,High-Protein,24,
172653,"Lamb, Australian, imported, fresh, leg, bottom, boneless, separable lean only, trimmed to 1/8"" fat, raw",17,,High-Protein,24,
172654,"Lamb, Australian, imported, fresh, leg, trotter off, bone-in, separable lean only, trimmed to 1/8"" fat, cooked, roasted",17,,High-Protein,24,
172655,"Lamb, Australian, imported, fresh, leg, trotter off, bone-in, separable lean only, trimmed to 1/8"" fat, raw",17,,High-Protein,24,
172656,"Lamb, Australian, imported, fresh, seam fat, cooked",17,,High-Protein,24,
172657,"Lamb, Australian, imported, fresh, seam fat, raw",17,,High-Protein,24,
172658,"Lamb, Australian, imported, fresh, leg, bottom, boneless, separable lean and fat, trimmed to 1/8"" fat, cooked, roasted",17,,High-Protein,24,
172659,"Lamb, Australian, imported, fresh, leg, bottom, boneless, separable lean and fat, trimmed to 1/8"" fat, raw",17,,High-Protein,24,
172660,"Lamb, Australian, imported, fresh, tenderloin, boneless, separable lean and fat, trimmed to 1/8"" fat, raw",17,,High-Protein,24,
172661,"Lamb, Australian, imported, fresh, rib chop, frenched, denuded, bone-in, separable lean only, trimmed to 0"" fat, cooked, grilled",17,,"High-Protein,Low-Fat",24,
172662,"Lamb, Australian, imported, fresh, rack, roast, frenched, denuded, bone-in, separable lean and fat, trimmed to 0"" fat, cooked, roasted",17,,"High-Protein,Low-Fat",24,
172663,"Lamb, Australian, imported, fresh, rack, roast, frenched, bone-in, separable lean and fat, trimmed to 1/8"" fat, cooked, roasted",17,,High-Protein,24,
172664,"Bagels, cinnamon-raisin",18,Cereals containing gluten,"Vegan,Vegetarian,Vitamin-Rich",24,
172665,"Bagels, cinnamon-raisin, toasted",18,Cereals containing gluten,"Vegan,Vegetarian,Vitamin-Rich",24,
172666,"Bagels, oat bran",18,"Cereals containing gluten,Cereals containing gluten (oats)","Vegan,Vegetarian",24,
172667,"Biscuits, plain or buttermilk, frozen, baked",18,"Cereals containing gluten,Milk,Soybeans",Vegetarian,24,
172668,"Biscuits, plain or buttermilk, refrigerated dough, higher fat",18,"Cereals containing gluten,Milk,Soybeans",Vegetarian,24,
172669,"Biscuits, plain or buttermilk, refrigerated dough, higher fat, baked",18,"Cereals containing gluten,Milk,Soybeans",Vegetarian,24,
172670,"Biscuits, plain or buttermilk, prepared from recipe",18,"Cereals containing gluten,Milk",Vegetarian,24,
172671,"Biscuits, mixed grain, refrigerated dough",18,"Cereals containing gluten,Milk,Soybeans",Vegetarian,24,
172672,"Bread, cracked-wheat",18,Cereals containing gluten,"Vegan,Vegetarian",24,
172673,"Bread, egg",18,"Cereals containing gluten,Eggs",Vegetarian,24,
172674,"Bread, egg, toasted",18,"Cereals containing gluten,Eggs",Vegetarian,24,
172675,"Bread, french or vienna (includes sourdough)",18,Cereals containing gluten,"Vegan,Vegetarian",24,
172676,"Bread, oat bran",18,"Cereals containing gluten,Cereals containing gluten (oats)","Vegan,Vegetarian",24,
172677,"Bread, oat bran, toasted",18,"Cereals containing gluten,Cereals containing gluten (oats)","Vegan,Vegetarian",24,
172678,"Bread, oatmeal",18,"Cereals containing gluten,Cereals containing gluten (oats)","Vegan,Vegetarian",24,
172679,"Bread, oatmeal, toasted",18,"Cereals containing gluten,Cereals containing gluten (oats)","Vegan,Vegetarian",24,
172680,"Bread, raisin, enriched",18,Cereals containing gluten,"Vegan,Vegetarian,Vitamin-Rich",24,
172681,"Bread, raisin, enriched, toasted",18,Cereals containing gluten,"Vegan,Vegetarian,Vitamin-Rich",24,
172682,"Bread, reduced-calorie, oat bran",18,"Cereals containing gluten,Cereals containing gluten (oats)","Vegan,Vegetarian",24,
172683,"Bread, reduced-calorie, oat bran, toasted",18,"Cereals containing gluten,Cereals containing gluten (oats)","Vegan,Vegetarian",24,
172684,"Bread, rye",18,"Cereals containing gluten,Cereals containing gluten (rye)","Vegan,Vegetarian",24,
172685,"Bread, rye, toasted",18,"Cereals containing gluten,Cereals containing gluten (rye)","Vegan,Vegetarian",24,
172686,"Bread, wheat",18,Cereals containing gluten,"Vegan,Vegetarian",24,
172687,"Bread, wheat, toasted",18,Cereals containing gluten,"Vegan,Vegetarian",24,
172688,"Bread, whole-wheat, commercially prepared",18,Cereals containing gluten,"Vegan,Vegetarian",24,
172689,"Bread, whole-wheat, commercially prepared, toasted",18,Cereals containing gluten,"Vegan,Vegetarian",24,
172690,"Bread, whole-wheat, prepared from recipe",18,Cereals containing gluten,"Vegan,Vegetarian",24,
172691,"Bread, whole-wheat, prepared from recipe, toasted",18,Cereals containing gluten,"Vegan,Vegetarian",24,
172692,"Bread, stuffing, cornbread, dry mix",18,"Cereals containing gluten,Milk,Soybeans",Vegetarian,24,
172693,"Bread, stuffing, cornbread, dry mix, prepared",18,"Cereals containing gluten,Eggs,Milk,Soybeans",Vegetarian,24,
172694,"Cake, angelfood, commercially prepared",18,"Cereals containing gluten,Eggs",Vegetarian,24,
172695,"Cake, angelfood, dry mix, prepared",18,"Cereals containing gluten,Eggs",Vegetarian,24,
172696,"Cake, boston cream pie, commercially prepared",18,"Cereals containing gluten,Eggs,Milk,Soybeans",Vegetarian,24,
172697,"Cake, chocolate, prepared from recipe without frosting",18,"Cereals containing gluten,Eggs,Milk",Vegetarian,24,
172698,"Cake, white, prepared from recipe with coconut frosting",18,"Cereals containing gluten,Eggs,Milk,Nuts,Nuts (coconut)",Vegetarian,48,
172699,"Cake, coffeecake, cheese",18,"Cereals containing gluten,Eggs,Milk",Vegetarian,24,
172700,"Cake, coffeecake, cinnamon with crumb topping, commercially prepared, enriched",18,"Cereals containing gluten,Eggs,Milk,Soybeans",Vegetarian,24,
172701,"Cake, gingerbread, dry mix",18,"Cereals containing gluten,Milk,Soybeans",Vegetarian,24,
172702,"Cake, gingerbread, prepared from recipe",18,"Cereals containing gluten,Eggs,Milk",Vegetarian,24,
172703,"Cake, pineapple upside-down, prepared from recipe",18,"Cereals containing gluten,Eggs,Milk","Vegetarian,Vitamin-Rich",24,
172704,"Cake, pound, commercially prepared, butter (includes fresh and frozen)",18,"Cereals containing gluten,Eggs,Milk",Vegetarian,24,
172705,"Cake, white, dry mix, special dietary (includes lemon-flavored)",18,"Cereals containing gluten,Eggs",Vegetarian,24,
172706,"Cake, sponge, commercially prepared",18,"Cereals containing gluten,Eggs",Vegetarian,24,
172707,"Cake, sponge, prepared from recipe",18,"Cereals containing gluten,Eggs",Vegetarian,24,
172708,"Cake, pudding-type, white, enriched, dry mix",18,"Cereals containing gluten,Soybeans","Vegan,Vegetarian",24,
172709,"Cake, white, prepared from recipe without frosting",18,"Cereals containing gluten,Eggs,Milk",Vegetarian,24,
172710,"Cake, yellow, prepared from recipe without frosting",18,"Cereals containing gluten,Eggs,Milk",Vegetarian,24,
172711,"Cake, cheesecake, commercially prepared",18,"Cereals containing gluten,Eggs,Milk,Soybeans",Vegetarian,24,
172712,"Cake, cheesecake, prepared from mix, no-bake type",18,"Cereals containing gluten,Milk",Vegetarian,24,
172713,"Cookies, brownies, commercially prepared",18,"Cereals containing gluten,Eggs,Milk,Soybeans",Vegetarian,24,
172714,"Cookies, chocolate wafers",18,"Cereals containing gluten,Milk,Soybeans",Vegetarian,24,
172715,"Cookies, chocolate chip, commercially prepared, regular, lower fat",18,"Cereals containing gluten,Eggs,Milk,Soybeans","Low-Fat,Vegetarian",24,
172716,"Cookies, chocolate chip, commercially prepared, regular, higher fat, enriched",18,"Cereals containing gluten,Eggs,Milk,Soybeans",Vegetarian,24,
172717,"Cookies, chocolate chip, commercially prepared, soft-type",18,"Cereals containing gluten,Eggs,Milk,Soybeans",Vegetarian,24,
172718,"Cookies, chocolate sandwich, with creme filling, regular",18,"Cereals containing gluten,Milk,Soybeans",Vegetarian,24,
172719,"Cookies, chocolate sandwich, with creme filling, regular, chocolate-coated",18,"Cereals containing gluten,Milk,Soybeans",Vegetarian,24,
172720,"Cookies, chocolate sandwich, with extra creme filling",18,"Cereals containing gluten,Milk,Soybeans",Vegetarian,24,
172721,"Cookies, fig bars",18,"Cereals containing gluten,Soybeans","Vegan,Vegetarian",24,
172722,"Cookies, fortune",18,"Cereals containing gluten,Eggs",Vegetarian,24,
172723,"Cookies, marshmallow, chocolate-coated (includes marshmallow pies)",18,"Cereals containing gluten,Eggs,Milk,Soybeans",Vegetarian,24,
172724,"Cookies, molasses",18,"Cereals containing gluten,Eggs,Soybeans",Vegetarian,24,
172725,"Cookies, oatmeal, commercially prepared, regular",18,"Cereals containing gluten,Cereals containing gluten (oats),Eggs,Soybeans",Vegetarian,24,
172726,"Cookies, oatmeal, commercially prepared, soft-type",18,"Cereals containing gluten,Cereals containing gluten (oats),Eggs,Milk,Soybeans",Vegetarian,24,
172727,"Cookies, peanut butter, commercially prepared, regular",18,"Cereals containing gluten,Eggs,Peanuts,Soybeans",Vegetarian,48,
172728,"Cookies, peanut butter, commercially prepared, soft-type",18,"Cereals containing gluten,Eggs,Peanuts,Soybeans",Vegetarian,48,
172729,"Cookies, peanut butter, refrigerated dough",18,"Cereals containing gluten,Eggs,Peanuts,Soybeans",Vegetarian,48,
172730,"Cookies, peanut butter, refrigerated dough, baked",18,"Cereals containing gluten,Eggs,Peanuts,Soybeans",Vegetarian,48,
172731,"Cookies, brownies, dry mix, sugar free",18,"Cereals containing gluten,Eggs,Milk,Soybeans","No Added Sugar,Vegetarian",24,
172732,"Cookies, chocolate chip, commercially prepared, special dietary",18,"Cereals containing gluten,Eggs,Milk,Soybeans",Vegetarian,24,
172733,"Cookies, chocolate sandwich, with creme filling, special dietary",18,"Cereals containing gluten,Milk,Soybeans",Vegetarian,24,
172734,"Cookies, oatmeal, commercially prepared, special dietary",18,"Cereals containing gluten,Cereals containing gluten (oats),Eggs,Soybeans",Vegetarian,24,
172735,"Cookies, sugar, refrigerated dough, baked",18,"Cereals containing gluten,Eggs,Soybeans",Vegetarian,24,
172736,"Cookies, sugar wafers with creme filling, regular",18,"Cereals containing gluten,Milk,Soybeans",Vegetarian,24,
172737,"Cookies, vanilla sandwich with creme filling",18,"Cereals containing gluten,Milk,Soybeans",Vegetarian,24,
172738,"Puff pastry, frozen, ready-to-bake, baked",18,Cereals containing gluten,"Vegan,Vegetarian",24,
172739,"Crackers, crispbread, rye",18,"Cereals containing gluten,Cereals containing gluten (rye)","Vegan,Vegetarian",24,
172740,"Crackers, matzo, plain",18,Cereals containing gluten,"Vegan,Vegetarian",24,
172741,"Crackers, matzo, egg",18,"Cereals containing gluten,Eggs",Vegetarian,24,
172742,"Crackers, matzo, whole-wheat",18,Cereals containing gluten,"Vegan,Vegetarian",24,
172743,"Crackers, rye, sandwich-type with cheese filling",18,"Cereals containing gluten,Cereals containing gluten (rye),Milk,Soybeans",Vegetarian,24,
172744,"Crackers, rye, wafers, plain",18,"Cereals containing gluten,Cereals containing gluten (rye)","Vegan,Vegetarian",24,
172745,"Crackers, rye, wafers, seasoned",18,"Cereals containing gluten,Cereals containing gluten (rye)","Vegan,Vegetarian",24,
172746,"Crackers, saltines (includes oyster, soda, soup)",18,"Cereals containing gluten,Soybeans","Vegan,Vegetarian",24,
172747,"Crackers, wheat, sandwich, with cheese filling",18,"Cereals containing gluten,Milk,Soybeans",Vegetarian,24,
172748,"Crackers, wheat, sandwich, with peanut butter filling",18,"Cereals containing gluten,Peanuts,Soybeans",Vegetarian,48,
172749,"Crackers, whole-wheat",18,Cereals containing gluten,"Vegan,Vegetarian",24,
172750,"Cracker, meal",18,Cereals containing gluten,"Vegan,Vegetarian",24,
172751,"Croutons, plain",18,"Cereals containing gluten,Milk",Vegetarian,24,
172752,"Croutons, seasoned",18,"Cereals containing gluten,Milk",Vegetarian,24,
172753,"Danish pastry, cinnamon, enriched",18,"Cereals containing gluten,Eggs,Milk,Soybeans",Vegetarian,24,
172754,"Danish pastry, cheese",18,"Cereals containing gluten,Eggs,Milk",Vegetarian,24,
172755,"Danish pastry, fruit, enriched (includes apple, cinnamon, raisin, lemon, raspberry, strawberry)",18,"Cereals containing gluten,Eggs,Milk,Soybeans","Vegetarian,Vitamin-Rich",24,
172756,"Doughnuts, french crullers, glazed",18,"Cereals containing gluten,Eggs,Milk,Soybeans",Vegetarian,24,
172757,"Doughnuts, yeast-leavened, with creme filling",18,"Cereals containing gluten,Eggs,Milk,Soybeans",Vegetarian,24,
172758,"Doughnuts, yeast-leavened, glazed, enriched (includes honey buns)",18,"Cereals containing gluten,Eggs,Milk,Soybeans",Vegetarian,12,
172759,"Doughnuts, yeast-leavened, with jelly filling",18,"Cereals containing gluten,Eggs,Milk,Soybeans",Vegetarian,24,
172760,"Muffins, English, raisin-cinnamon, toasted (includes apple-cinnamon)",18,Cereals containing gluten,"Vegan,Vegetarian,Vitamin-Rich",24,
172761,"Muffins, English, wheat",18,Cereals containing gluten,"Vegan,Vegetarian",24,
172762,"Muffins, English, whole-wheat",18,Cereals containing gluten,"Vegan,Vegetarian",24,
172763,"French toast, frozen, ready-to-heat",18,"Cereals containing gluten,Eggs,Milk,Soybeans",Vegetarian,24,
172764,"Muffins, plain, prepared from recipe, made with low fat (2%) milk",18,"Cereals containing gluten,Eggs,Milk","Low-Fat,Vegetarian",24,
172765,"Muffins, blueberry, commercially prepared (Includes mini-muffins)",18,"Cereals containing gluten,Eggs,Soybeans","Vegetarian,Vitamin-Rich",24,
172766,"Muffins, blueberry, dry mix",18,Cereals containing gluten,"Vegan,Vegetarian",24,
172767,"Muffins, blueberry, toaster-type",18,Cereals containing gluten,"Vegan,Vegetarian,Vitamin-Rich",24,
172768,"Muffins, blueberry, prepared from recipe, made with low fat (2%) milk",18,"Cereals containing gluten,Eggs,Milk","Low-Fat,Vegetarian,Vitamin-Rich",24,
172769,"Muffins, oat bran",18,"Cereals containing gluten,Cereals containing gluten (oats),Eggs,Milk",Vegetarian,24,
172770,"Muffins, wheat bran, dry mix",18,Cereals containing gluten,"Vegan,Vegetarian",24,
172771,"Pancakes plain, frozen, ready-to-heat (includes buttermilk)",18,"Cereals containing gluten,Eggs,Milk,Soybeans",Vegetarian,24,
172772,"Pancakes, plain, dry mix, complete (includes buttermilk)",18,"Cereals containing gluten,Eggs,Milk,Soybeans",Vegetarian,24,
172773,"Pancakes, blueberry, prepared from recipe",18,"Cereals containing gluten,Eggs,Milk","Vegetarian,Vitamin-Rich",24,
172774,"Pancakes, buckwheat, dry mix, incomplete",18,Cereals containing gluten,"Vegan,Vegetarian",24,
172775,"Pancakes, special dietary, dry mix",18,"Cereals containing gluten,Eggs,Milk,Soybeans",Vegetarian,24,
172776,"Pancakes, whole-wheat, dry mix, incomplete",18,Cereals containing gluten,"Vegan,Vegetarian",24,
172777,"Pie, banana cream, prepared from recipe",18,"Cereals containing gluten,Milk","Vegetarian,Vitamin-Rich",24,
172778,"Pie, blueberry, commercially prepared",18,Cereals containing gluten,"Vegan,Vegetarian,Vitamin-Rich",24,
172779,"Pie, blueberry, prepared from recipe",18,"Cereals containing gluten,Eggs,Milk","Vegetarian,Vitamin-Rich",24,
172780,"Pie, cherry, commercially prepared",18,Cereals containing gluten,"Vegan,Vegetarian,Vitamin-Rich",24,
172781,"Pie, cherry, prepared from recipe",18,"Cereals containing gluten,Eggs,Milk","Vegetarian,Vitamin-Rich",24,
172782,"Pie, coconut custard, commercially prepared",18,"Cereals containing gluten,Eggs,Milk,Nuts,Nuts (coconut),Soybeans",Vegetarian,48,
172783,"Pie, egg custard, commercially prepared",18,"Cereals containing gluten,Eggs,Milk",Vegetarian,24,
172784,"Pie, fried pies, fruit",18,"Cereals containing gluten,Soybeans","Vegan,Vegetarian,Vitamin-Rich",24,
172785,"Pie, lemon meringue, commercially prepared",18,"Cereals containing gluten,Eggs,Milk,Soybeans",Vegetarian,24,
172786,"Pie, pecan, prepared from recipe",18,"Cereals containing gluten,Eggs,Milk,Nuts,Nuts (pecans)",Vegetarian,48,
172787,"Pie, pumpkin, commercially prepared",18,"Cereals containing gluten,Eggs,Milk","Vegetarian,Vitamin-Rich",24,
172788,"Pie, pumpkin, prepared from recipe",18,"Cereals containing gluten,Eggs,Milk","Vegetarian,Vitamin-Rich",24,
172789,"Pie, vanilla cream, prepared from recipe",18,"Cereals containing gluten,Milk",Vegetarian,24,
172790,"Puff pastry, frozen, ready-to-bake",18,Cereals containing gluten,"Vegan,Vegetarian",24,
172791,Phyllo dough,18,Cereals containing gluten,"Vegan,Vegetarian",24,
172792,"Popovers, dry mix, enriched",18,"Cereals containing gluten,Eggs,Milk",Vegetarian,24,
172793,"Rolls, dinner, plain, commercially prepared (includes brown-and-serve)",18,"Cereals containing gluten,Milk,Soybeans",Vegetarian,24,
172794,"Rolls, dinner, whole-wheat",18,Cereals containing gluten,"Vegan,Vegetarian",24,
172795,"Rolls, french",18,Cereals containing gluten,"Vegan,Vegetarian",24,
172796,"Rolls, hamburger or hotdog, plain",18,Cereals containing gluten,"Vegan,Vegetarian",24,
172797,"Rolls, hamburger or hotdog, mixed-grain",18,Cereals containing gluten,"Vegan,Vegetarian",24,
172798,"Sweet rolls, cinnamon, refrigerated dough with frosting",18,"Cereals containing gluten,Milk,Soybeans",Vegetarian,24,
172799,"Sweet rolls, cinnamon, refrigerated dough with frosting, baked",18,"Cereals containing gluten,Milk,Soybeans",Vegetarian,24,
172800,"Taco shells, baked",18,,"Vegan,Vegetarian",24,
172801,"Toaster pastries, brown-sugar-cinnamon",18,"Cereals containing gluten,Milk,Soybeans",Vegetarian,24,
172802,Wonton wrappers (includes egg roll wrappers),18,"Cereals containing gluten,Eggs",Vegetarian,24,
172803,"Leavening agents, baking powder, double-acting, sodium aluminum sulfate",18,,"Vegan,Vegetarian",24,
172804,"Leavening agents, baking powder, double-acting, straight phosphate",18,,"Vegan,Vegetarian",24,
172805,"Leavening agents, baking powder, low-sodium",18,,"Low Sodium,Vegan,Vegetarian",24,
172806,"Bread, crumbs, dry, grated, seasoned",18,Cereals containing gluten,"Vegan,Vegetarian",24,
172807,"Cookies, oatmeal, prepared from recipe, without raisins",18,"Cereals containing gluten,Cereals containing gluten (oats),Eggs,Milk",Vegetarian,24,
172808,"Cookies, chocolate chip, prepared from recipe, made with butter",18,"Cereals containing gluten,Eggs,Milk,Soybeans",Vegetarian,24,
172809,"Bread, protein, (includes gluten), toasted",18,Cereals containing gluten,"High-Protein,Vegan,Vegetarian",24,
172810,"Rolls, dinner, plain, prepared from recipe, made with low fat (2%) milk",18,"Cereals containing gluten,Milk","Low-Fat,Vegetarian",24,
172811,"Pie crust, cookie-type, prepared from recipe, graham cracker, chilled",18,"Cereals containing gluten,Milk",Vegetarian,24,
172812,"Crackers, matzo, egg and onion",18,"Cereals containing gluten,Eggs",Vegetarian,24,
172813,"Pie crust, cookie-type, prepared from recipe, vanilla wafer, chilled",18,"Cereals containing gluten,Eggs,Milk",Vegetarian,24,
172814,"Pie crust, standard-type, prepared from recipe, unbaked",18,Cereals containing gluten,"Vegan,Vegetarian",24,
172815,"Bread, cornbread, dry mix, unenriched (includes corn muffin mix)",18,"Cereals containing gluten,Eggs,Milk,Soybeans",Vegetarian,24,
172816,"Bread, pita, white, unenriched",18,Cereals containing gluten,"Vegan,Vegetarian",24,
172817,"Bread, raisin, unenriched",18,Cereals containing gluten,"Vegan,Vegetarian,Vitamin-Rich",24,
172818,"Bread, white, commercially prepared, low sodium, no salt",18,Cereals containing gluten,"Low Sodium,Vegan,Vegetarian",24,
172819,"Cookies, butter, commercially prepared, unenriched",18,"Cereals containing gluten,Eggs,Milk,Soybeans",Vegetarian,24,
172820,"Cookies, chocolate chip, commercially prepared, regular, higher fat, unenriched",18,"Cereals containing gluten,Eggs,Milk,Soybeans",Vegetarian,24,
172821,"Cookies, ladyfingers, without lemon juice and rind",18,"Cereals containing gluten,Eggs",Vegetarian,24,
172822,"Crackers, melba toast, plain, without salt",18,Cereals containing gluten,"Low Sodium,Vegan,Vegetarian",24,
172823,"Crackers, whole-wheat, low salt",18,Cereals containing gluten,"Low Sodium,Vegan,Vegetarian",24,
172824,"Danish pastry, cinnamon, unenriched",18,"Cereals containing gluten,Eggs,Milk,Soybeans",Vegetarian,24,
172825,"Danish pastry, fruit, unenriched (includes apple, cinnamon, raisin, strawberry)",18,"Cereals containing gluten,Eggs,Milk,Soybeans","Vegetarian,Vitamin-Rich",24,
172826,"Bread, white, commercially prepared, toasted, low sodium no salt",18,Cereals containing gluten,"Low Sodium,Vegan,Vegetarian",24,
172827,"Danish pastry, lemon, unenriched",18,"Cereals containing gluten,Eggs,Milk,Soybeans",Vegetarian,24,
172828,"English muffins, plain, unenriched, with calcium propionate (includes sourdough)",18,Cereals containing gluten,"Vegan,Vegetarian",24,
172829,"Quail, breast, meat only, raw",5,,High-Protein,24,
172830,"Chicken, broiler, rotisserie, BBQ, wing, meat and skin",5,,High-Protein,24,
172831,"Ruffed Grouse, breast meat, skinless, raw",5,,High-Protein,24,
172832,"Emu, ground, raw",5,,High-Protein,24,
172833,"Emu, ground, cooked, pan-broiled",5,,High-Protein,24,
172834,"Emu, full rump, cooked, broiled",5,,High-Protein,24,
172835,"Emu, inside drum, raw",5,,High-Protein,24,
172836,"Emu, inside drums, cooked, broiled",5,,High-Protein,24,
172837,"Emu, outside drum, raw",5,,High-Protein,24,
172838,"Emu, oyster, raw",5,,High-Protein,24,
172839,"Ostrich, inside leg, raw",5,,High-Protein,24,
172840,"Ostrich, inside leg, cooked",5,,High-Protein,24,
172841,"Ostrich, inside strip, raw",5,,High-Protein,24,
172842,"Ostrich, inside strip, cooked",5,,High-Protein,24,
172843,"Ostrich, oyster, cooked",5,,High-Protein,24,
172844,"Ostrich, round, raw",5,,High-Protein,24,
172845,"Ostrich, tenderloin, raw",5,,High-Protein,24,
172846,"Ostrich, tip trimmed, raw",5,,High-Protein,24,
172847,"Turkey, ground, fat free, raw",5,,"Fat-Free,High-Protein,Low-Fat",24,
172848,"Turkey, ground, fat free, pan-broiled crumbles",5,,"Fat-Free,High-Protein,Low-Fat",24,
172849,"Turkey, ground, fat free, patties, broiled",5,,"Fat-Free,High-Protein,Low-Fat",24,
172850,"Turkey, ground, 93% lean, 7% fat, raw",5,,High-Protein,24,
172851,"Turkey, ground, 93% lean, 7% fat, pan-broiled crumbles",5,,High-Protein,24,
172852,"Chicken, broilers or fryers, dark meat, drumstick, meat only, cooked, braised",5,,High-Protein,24,
172853,"Chicken, broilers or fryers, dark meat, thigh, meat only, cooked, braised",5,,High-Protein,24,
172854,"Chicken, skin (drumsticks and thighs), cooked, braised",5,,High-Protein,24,
172855,"Chicken, skin (drumsticks and thighs), raw",5,,High-Protein,24,
172856,"Chicken, dark meat, drumstick, meat only, with added solution, cooked, roasted",5,,High-Protein,24,
172857,"Chicken, dark meat, drumstick, meat only, with added solution, cooked, braised",5,,High-Protein,24,
172858,"Chicken, dark meat, thigh, meat only, with added solution, cooked, braised",5,,High-Protein,24,
172859,"Chicken, dark meat, thigh, meat only, with added solution, raw",5,,High-Protein,24,
172860,"Chicken, dark meat, drumstick, meat and skin, with added solution, raw",5,,High-Protein,24,
172861,"Chicken, dark meat, drumstick, meat and skin, with added solution, cooked, roasted",5,,High-Protein,24,
172862,"Chicken, dark meat, thigh, meat and skin, with added solution, cooked, braised",5,,High-Protein,24,
172863,"Chicken, dark meat, thigh, meat and skin, with added solution, raw",5,,High-Protein,24,
172864,"Turkey from whole, light meat, meat only, with added solution, raw",5,,High-Protein,24,
172865,"Turkey from whole, light meat, meat only, with added solution, cooked, roasted",5,,High-Protein,24,
172866,"Turkey, skin from whole (light and dark), with added solution, raw",5,,High-Protein,24,
172867,"Turkey, skin from whole, (light and dark), with added solution, roasted",5,,High-Protein,24,
172868,"Turkey, whole, meat only, with added solution, raw",5,,High-Protein,24,
172869,"Turkey, whole, meat only, with added solution, roasted",5,,High-Protein,24,
172870,"Turkey, whole, meat and skin, with added solution, raw",5,,High-Protein,24,
172871,"Turkey, whole, meat and skin, with added solution, roasted",5,,High-Protein,24,
172872,"Turkey, retail parts, wing, meat only, cooked, roasted",5,,High-Protein,24,
172873,"Turkey, skin, from retail parts, from dark meat, raw",5,,High-Protein,24,
172874,"Turkey, skin, from retail parts, from dark meat, cooked, roasted",5,,High-Protein,24,
172875,"Turkey, retail parts, drumstick, meat only, raw",5,,High-Protein,24,
172876,"Turkey, breast, from whole bird, meat only, with added solution, raw",5,,High-Protein,24,
172877,"Turkey, retail parts, thigh, meat only, cooked, roasted",5,,High-Protein,24,
172878,"Turkey, retail parts, drumstick, meat only, cooked, roasted",5,,High-Protein,24,
172879,"Sauce, plum, ready-to-serve",6,,"Vegan,Vegetarian",24,
172880,"Sauce, pizza, canned, ready-to-serve",6,,"Vegan,Vegetarian",24,
172881,"Soup, tomato bisque, canned, condensed",6,"Cereals containing gluten,Milk","Vegetarian,Vitamin-Rich",24,
172882,"Soup, tomato, canned, condensed",6,Cereals containing gluten,"Vegan,Vegetarian,Vitamin-Rich",24,
172883,"Soup, stock, beef, home-prepared",6,,High-Protein,24,
172884,"Soup, stock, chicken, home-prepared",6,,High-Protein,24,
172885,"Soup, stock, fish, home-prepared",6,Fish,"High-Protein,Pescatarian",24,
172886,"Sauce, hoisin, ready-to-serve",6,Soybeans,"Vegan,Vegetarian",24,
172887,"Soup, cream of mushroom, canned, condensed, reduced sodium",6,"Cereals containing gluten,Milk,Soybeans","Low Sodium,Vegetarian",24,
172888,"Soup, chicken broth, less/reduced sodium, ready to serve",6,,"High-Protein,Low Sodium",24,
172889,"Soup, beef broth, less/reduced sodium, ready to serve",6,,"High-Protein,Low Sodium",24,
172890,"Sauce, teriyaki, ready-to-serve, reduced sodium",6,"Cereals containing gluten,Soybeans","Low Sodium,Vegan,Vegetarian",24,
172891,"Soup, cream of asparagus, canned, prepared with equal volume milk",6,"Cereals containing gluten,Milk,Soybeans","Vegetarian,Vitamin-Rich",24,
172892,"Soup, chicken vegetable with potato and cheese, chunky, ready-to-serve",6,"Cereals containing gluten,Milk",High-Protein,24,
172893,"Soup, cream of celery, canned, prepared with equal volume milk",6,"Cereals containing gluten,Milk,Soybeans","Vegetarian,Vitamin-Rich",24,
172894,"Soup, cheese, canned, prepared with equal volume milk",6,"Cereals containing gluten,Milk",Vegetarian,24,
172895,"Soup, oyster stew, canned, prepared with equal volume milk",6,"Milk,Molluscs","High-Protein,Pescatarian",24,
172896,"Soup, pea, green, canned, prepared with equal volume milk",6,Milk,"High-Protein,Vegetarian,Vitamin-Rich",24,
172897,"Soup, cream of potato, canned, prepared with equal volume milk",6,"Cereals containing gluten,Milk,Soybeans","Vegetarian,Vitamin-Rich",24,
172898,"Soup, cream of shrimp, canned, prepared with equal volume low fat (2%) milk",6,"Cereals containing gluten,Crustaceans,Milk","High-Protein,Pescatarian",24,
172899,"Soup, HEALTHY CHOICE Chicken and Rice Soup, canned",6,,"High-Protein,Low-Fat",24,
172900,"Soup, HEALTHY CHOICE Garden Vegetable Soup, canned",6,,"Low-Fat,Vegan,Vegetarian,Vitamin-Rich",24,
172901,"CAMPBELL'S, Cream of Mushroom Soup, condensed",6,"Cereals containing gluten,Milk,Soybeans",Vegetarian,24,
172902,"Soup, tomato bisque, canned, prepared with equal volume milk",6,"Cereals containing gluten,Milk","Vegetarian,Vitamin-Rich",24,
172903,"Soup, black bean, canned, prepared with equal volume water",6,,"High-Protein,Vegan,Vegetarian",24,
172904,"Soup, bean with pork, canned, prepared with equal volume water",6,,High-Protein,24,
172905,"Soup, bean with frankfurters, canned, prepared with equal volume water",6,,High-Protein,24,
172906,"Soup, beef noodle, canned, prepared with equal volume water",6,"Cereals containing gluten,Eggs",High-Protein,24,
172907,"Soup, cream of celery, canned, prepared with equal volume water",6,"Cereals containing gluten,Milk,Soybeans","Vegetarian,Vitamin-Rich",24,
172908,"Soup, chicken gumbo, canned, prepared with equal volume water",6,Cereals containing gluten,High-Protein,24,
172909,"Soup, chicken noodle, canned, prepared with equal volume water",6,"Cereals containing gluten,Eggs",High-Protein,24,
172910,"Soup, chicken with rice, canned, prepared with equal volume water",6,Cereals containing gluten,High-Protein,24,
172911,"Soup, chili beef, canned, prepared with equal volume water",6,Cereals containing gluten,High-Protein,24,
172912,"CAMPBELL'S CHUNKY, Old Fashioned Vegetable Beef Soup",6,Cereals containing gluten,High-Protein,24,
172913,"Soup, minestrone, canned, prepared with equal volume water",6,"Cereals containing gluten,Soybeans",High-Protein,24,
172914,"Soup, mushroom barley, canned, prepared with equal volume water",6,"Cereals containing gluten,Cereals containing gluten (barley)",High-Protein,24,
172915,"Soup, cream of mushroom, canned, prepared with equal volume water",6,"Cereals containing gluten,Milk,Soybeans",Vegetarian,24,
172916,"Soup, pea, split with ham, canned, prepared with equal volume water",6,Soybeans,High-Protein,24,
172917,"Soup, cream of potato, canned, prepared with equal volume water",6,"Cereals containing gluten,Milk,Soybeans","Vegetarian,Vitamin-Rich",24,
172918,"Soup, cream of shrimp, canned, prepared with equal volume water",6,"Cereals containing gluten,Crustaceans,Milk","High-Protein,Pescatarian",24,
172919,"Soup, tomato beef with noodle, canned, prepared with equal volume water",6,"Cereals containing gluten,Eggs",High-Protein,24,
172920,"Soup, tomato rice, canned, prepared with equal volume water",6,Cereals containing gluten,"Vegan,Vegetarian,Vitamin-Rich",24,
172921,"Soup, vegetable with beef broth, canned, prepared with equal volume water",6,Cereals containing gluten,High-Protein,24,
172922,"Soup, beef broth or bouillon, powder, prepared with water",6,,High-Protein,24,
172923,"Soup, beef broth, cubed, prepared with water",6,,High-Protein,24,
172924,"Soup, chicken broth or bouillon, dry, prepared with water",6,,High-Protein,24,
172925,"Soup, chicken noodle, dry, mix, prepared with water",6,"Cereals containing gluten,Eggs,Soybeans",High-Protein,24,
172926,"Olive loaf, pork",7,Milk,High-Protein,24,
172927,"Pastrami, turkey",7,,High-Protein,24,
172928,"Pate, chicken liver, canned",7,,High-Protein,24,
172929,"Pate, goose liver, smoked, canned",7,,High-Protein,24,
172930,"Pate, liver, not specified, canned",7,,High-Protein,24,
172931,"Luxury loaf, pork",7,,High-Protein,24,
172932,"Mother's loaf, pork",7,,High-Protein,24,
172933,"Picnic loaf, pork, beef",7,Mustard,High-Protein,24,
172934,"Pork sausage, link/patty, unprepared",7,,High-Protein,24,
172935,"Salami, cooked, beef",7,,High-Protein,24,
172936,"Salami, cooked, beef and pork",7,,High-Protein,24,
172937,"Salami, cooked, turkey",7,,High-Protein,24,
172938,"Salami, dry or hard, pork",7,,High-Protein,24,
172939,"Sausage, smoked link sausage, pork and beef (nonfat dry milk added)",7,Milk,High-Protein,24,
172940,"Thuringer, cervelat, summer sausage, beef, pork",7,,High-Protein,24,
172941,"Turkey breast, sliced, prepackaged",7,,High-Protein,24,
172942,"Sausage, Vienna, canned, chicken, beef, pork",7,,High-Protein,24,
172943,"Honey roll sausage, beef",7,,High-Protein,12,
172944,"Oscar Mayer, Braunschweiger Liver Sausage (sliced)",7,,High-Protein,24,
172945,"Oscar Mayer, Chicken Breast (honey glazed)",7,,High-Protein,12,
172946,"Oscar Mayer, Ham (chopped with natural juice)",7,,High-Protein,24,
172947,"Oscar Mayer, Salami (hard)",7,,High-Protein,24,
172948,"Sausage, turkey, pork, and beef, low fat, smoked",7,,"High-Protein,Low-Fat",24,
172949,"Frankfurter, beef, pork, and turkey, fat free",7,,"Fat-Free,High-Protein,Low-Fat",24,
172950,"Luncheon meat, pork, ham, and chicken, minced, canned, reduced sodium, added ascorbic acid, includes SPAM, 25% less sodium",7,,"High-Protein,Low Sodium,Vitamin-Rich",24,
172951,"Luncheon meat, pork with ham, minced, canned, includes Spam (Hormel)",7,,High-Protein,24,
172952,"Sausage, Italian, sweet, links",7,,High-Protein,24,
172953,"Sausage, Polish, beef with chicken, hot",7,,High-Protein,24,
172954,"Sausage, Polish, pork and beef, smoked",7,,High-Protein,24,
172955,"Sausage, pork and beef, with cheddar cheese, smoked",7,Milk,High-Protein,24,
172956,"Bratwurst, beef and pork, smoked",7,,High-Protein,24,
172957,"Bratwurst, chicken, cooked",7,,High-Protein,24,
172958,"Bratwurst, pork, beef and turkey, lite, smoked",7,,High-Protein,24,
172959,"Pastrami, beef, 98% fat-free",7,,"Fat-Free,High-Protein,Low-Fat",24,
172960,"Yachtwurst, with pistachio nuts, cooked",7,"Nuts,Nuts (pistachio nuts)",High-Protein,48,
172961,"Beerwurst, pork and beef",7,,High-Protein,24,
172962,"Chicken breast, fat-free, mesquite flavor, sliced",7,,"Fat-Free,High-Protein,Low-Fat",24,
172963,"Chicken breast, oven-roasted, fat-free, sliced",7,,"Fat-Free,High-Protein,Low-Fat",24,
172964,"Frankfurter, pork",7,,High-Protein,24,
172965,"Macaroni and cheese loaf, chicken, pork and beef",7,"Cereals containing gluten,Milk,Soybeans",High-Protein,24,
172966,"Salami, Italian, pork and beef, dry, sliced, 50% less sodium",7,,"High-Protein,Low Sodium",24,
172967,"Pate, truffle flavor",7,,High-Protein,24,
172968,"Frankfurter, meat",7,,High-Protein,24,
172969,"Scrapple, pork",7,Cereals containing gluten,High-Protein,24,
172970,"Bologna, chicken, turkey, pork",7,,High-Protein,24,
172971,"Pork sausage, link/patty, fully cooked, microwaved",7,,High-Protein,24,
172972,"Cereals, QUAKER, QUAKER MultiGrain Oatmeal, dry",8,"Cereals containing gluten,Cereals containing gluten (barley),Cereals containing gluten (oats),Cereals containing gluten (rye)","Vegan,Vegetarian",24,
172973,"Cereals ready-to-eat, chocolate-flavored frosted puffed corn",8,"Nuts,Nuts (coconut),Peanuts","Vegan,Vegetarian",48,
172974,"Cereals ready-to-eat, QUAKER, Toasted Multigrain Crisps",8,"Cereals containing gluten,Cereals containing gluten (oats)","Vegan,Vegetarian",24,
172975,"Cereals ready-to-eat, QUAKER, QUAKER 100% Natural Granola with Oats, Wheat, Honey, and Raisins",8,"Cereals containing gluten,Cereals containing gluten (oats)","Vegetarian,Vitamin-Rich",12,
172976,"Cereals ready-to-eat, QUAKER, Low Fat 100% Natural Granola with Raisins",8,"Cereals containing gluten,Cereals containing gluten (oats)","Low-Fat,Vegetarian,Vitamin-Rich",24,
172977,"Cereals, QUAKER, Instant Grits, Butter flavor, dry",8,"Milk,Soybeans",Vegetarian,24,
172978,"Cereals, Oat Bran, QUAKER, QUAKER/MOTHER'S Oat Bran, prepared with water, salt",8,"Cereals containing gluten,Cereals containing gluten (oats)","High-Protein,Vegan,Vegetarian",24,
172979,"Cereals, QUAKER, QUAKER MultiGrain Oatmeal, prepared with water, no salt",8,"Cereals containing gluten,Cereals containing gluten (barley),Cereals containing gluten (oats),Cereals containing gluten (rye)","Low Sodium,Vegan,Vegetarian",24,
172980,"Cereals, QUAKER, QUAKER MultiGrain Oatmeal, prepared with water, salt",8,"Cereals containing gluten,Cereals containing gluten (barley),Cereals containing gluten (oats),Cereals containing gluten (rye)","Vegan,Vegetarian",24,
172981,"Cereals ready-to-eat, HEALTH VALLEY, FIBER 7 Flakes",8,"Cereals containing gluten,Cereals containing gluten (oats)","Vegan,Vegetarian",24,
172982,"Cereals ready-to-eat, MALT-O-MEAL, BERRY COLOSSAL CRUNCH",8,,"Vegan,Vegetarian",24,
172983,"Cereals ready-to-eat, MALT-O-MEAL, Crispy Rice",8,"Cereals containing gluten,Cereals containing gluten (barley)","Vegan,Vegetarian",24,
172984,"Cereals ready-to-eat, MALT-O-MEAL, TOOTIE FRUITIES",8,"Cereals containing gluten,Cereals containing gluten (oats)","Vegan,Vegetarian",24,
172985,"Cereals ready-to-eat, QUAKER, MOTHER'S PEANUT BUTTER BUMPERS Cereal",8,"Peanuts,Soybeans","Vegan,Vegetarian",48,
172986,"Cereals ready-to-eat, QUAKER, MOTHER'S Toasted Oat Bran cereal",8,"Cereals containing gluten,Cereals containing gluten (oats)","Vegan,Vegetarian",24,
172987,"Cereals ready-to-eat, QUAKER, Shredded Wheat, bagged cereal",8,Cereals containing gluten,"Vegan,Vegetarian",24,
172988,"Cereals ready-to-eat, SUN COUNTRY, KRETSCHMER Wheat Germ, Regular",8,Cereals containing gluten,"High-Protein,Vegan,Vegetarian",24,
172989,"Cereals, QUAKER, Quick Oats, Dry",8,Cereals containing gluten (oats),"Vegan,Vegetarian",24,
172990,"Cereals ready-to-eat, MALT-O-MEAL, Frosted Flakes",8,"Cereals containing gluten,Cereals containing gluten (barley)","Vegan,Vegetarian",24,
172991,"Cereals, QUAKER, Instant Oatmeal, Raisin and Spice, dry",8,Cereals containing gluten (oats),"Vegan,Vegetarian,Vitamin-Rich",24,
172992,"Cereals, QUAKER, Instant Grits, Redeye Gravy & Country Ham flavor, dry",8,Soybeans,High-Protein,24,
172993,"Cereals, QUAKER, Instant Grits Product with American Cheese Flavor, dry",8,"Milk,Soybeans",Vegetarian,24,
172994,"Cereals, QUAKER, Instant Grits, Ham 'n' Cheese flavor, dry",8,"Milk,Soybeans",High-Protein,24,
172995,"Cereals ready-to-eat, MALT-O-MEAL, HONEY GRAHAM SQUARES",8,"Cereals containing gluten,Cereals containing gluten (barley)","Vegan,Vegetarian",12,
172996,"Cereals ready-to-eat, MALT-O-MEAL, Raisin Bran Cereal",8,Cereals containing gluten,"Vegan,Vegetarian,Vitamin-Rich",24,
172997,"Cereals ready-to-eat, MALT-O-MEAL, Blueberry MUFFIN TOPS Cereal",8,Cereals containing gluten,"Vegan,Vegetarian,Vitamin-Rich",24,
172998,"Cereals, MALT-O-MEAL, Farina Hot Wheat Cereal, dry",8,Cereals containing gluten,"Vegan,Vegetarian",24,
172999,"Cereals, MALT-O-MEAL, Maple & Brown Sugar Hot Wheat Cereal, dry",8,Cereals containing gluten,"Vegan,Vegetarian",24,
173000,"Cereals ready-to-eat, MALT-O-MEAL, Frosted Mini SPOONERS",8,Cereals containing gluten,"Vegan,Vegetarian",24,
173001,"Cereals ready-to-eat, MALT-O-MEAL, Fruity DYNO-BITES",8,,"Vegan,Vegetarian",24,
173002,"Cereals ready-to-eat, RALSTON Enriched Wheat Bran flakes",8,"Cereals containing gluten,Cereals containing gluten (barley)","Vegan,Vegetarian",24,
173003,"Cereals ready-to-eat, RALSTON Corn Biscuits",8,,"Vegan,Vegetarian",24,
173004,"Cereals, MALT-O-MEAL, chocolate, prepared with water, without salt",8,Cereals containing gluten,"Low Sodium,Vegan,Vegetarian",24,
173005,"Cereals ready-to-eat, POST GREAT GRAINS Cranberry Almond Crunch",8,"Cereals containing gluten,Nuts,Nuts (almonds)","Vegetarian,Vitamin-Rich",48,
173006,Rice and Wheat cereal bar,23,Cereals containing gluten,Vegetarian,24,
173007,"Cereals ready-to-eat, QUAKER, QUAKER Honey Graham LIFE Cereal",8,"Cereals containing gluten,Cereals containing gluten (oats)","Vegan,Vegetarian",12,
173008,"Cereals, CREAM OF WHEAT, 2 1/2 minute cook time, cooked with water, stove-top, without salt",8,Cereals containing gluten,"Low Sodium,Vegan,Vegetarian",24,
173009,"Cereals, CREAM OF WHEAT, 2 1/2 minute cook time, cooked with water, microwaved, without salt",8,Cereals containing gluten,"Low Sodium,Vegan,Vegetarian",24,
173010,"Cereals, CREAM OF WHEAT, 1 minute cook time, dry",8,Cereals containing gluten,"Vegan,Vegetarian",24,
173011,"Cereals, CREAM OF WHEAT, 1 minute cook time, cooked with water, stove-top, without salt",8,Cereals containing gluten,"Low Sodium,Vegan,Vegetarian",24,
173012,"Cereals, CREAM OF WHEAT, 1 minute cook time, cooked with water, microwaved, without salt",8,Cereals containing gluten,"Low Sodium,Vegan,Vegetarian",24,
173013,"Cereals ready-to-eat, QUAKER, Cap'n Crunch's OOPS! All Berries Cereal",8,,"Vegan,Vegetarian",24,
173014,"Cereals ready-to-eat, QUAKER Oatmeal Squares, Golden Maple",8,"Cereals containing gluten,Cereals containing gluten (oats)","Vegan,Vegetarian",24,
173015,"Cereals ready-to-eat, POST, HONEY BUNCHES OF OATS with vanilla bunches",8,"Cereals containing gluten,Cereals containing gluten (barley),Cereals containing gluten (oats),Nuts,Nuts (almonds)",Vegetarian,48,
173016,"Cereals, QUAKER, Instant Oatmeal, Cinnamon Spice, reduced sugar",8,"Cereals containing gluten,Cereals containing gluten (oats)","No Added Sugar,Vegan,Vegetarian",24,
173017,"Cereals ready-to-eat, NATURE'S PATH, Organic FLAX PLUS flakes",8,Cereals containing gluten,"Vegan,Vegetarian",24,
173018,"Cereals ready-to-eat, BARBARA'S PUFFINS, original",8,,"Vegan,Vegetarian",24,
173019,"Cereals ready-to-eat, POST, HONEY BUNCHES OF OATS, with real strawberries",8,"Cereals containing gluten,Cereals containing gluten (barley),Cereals containing gluten (oats),Nuts,Nuts (almonds)","Vegetarian,Vitamin-Rich",48,
173020,"Cereals ready-to-eat, POST HONEY BUNCHES OF OATS with cinnamon bunches",8,"Cereals containing gluten,Cereals containing gluten (barley),Cereals containing gluten (oats),Nuts,Nuts (almonds)",Vegetarian,48,
173021,"Figs, raw",9,,"Vegan,Vegetarian,Vitamin-Rich",24,
173022,"Figs, canned, water pack, solids and liquids",9,,"Vegan,Vegetarian,Vitamin-Rich",24,
173023,"Figs, canned, light syrup pack, solids and liquids",9,,"Vegan,Vegetarian,Vitamin-Rich",24,
173024,"Figs, canned, heavy syrup pack, solids and liquids",9,,"Vegan,Vegetarian,Vitamin-Rich",24,
173025,"Figs, canned, extra heavy syrup pack, solids and liquids",9,,"Vegan,Vegetarian,Vitamin-Rich",24,
173026,"Fruit cocktail, (peach and pineapple and pear and grape and cherry), canned, extra light syrup, solids and liquids",9,,"Vegan,Vegetarian,Vitamin-Rich",24,
173027,"Fruit cocktail, (peach and pineapple and pear and grape and cherry), canned, light syrup, solids and liquids",9,,"Vegan,Vegetarian,Vitamin-Rich",24,
173028,"Fruit cocktail, (peach and pineapple and pear and grape and cherry), canned, heavy syrup, solids and liquids",9,,"Vegan,Vegetarian,Vitamin-Rich",24,
173029,"Fruit cocktail, (peach and pineapple and pear and grape and cherry), canned, extra heavy syrup, solids and liquids",9,,"Vegan,Vegetarian,Vitamin-Rich",24,
173030,"Gooseberries, raw",9,,"Vegan,Vegetarian,Vitamin-Rich",24,
173031,"Gooseberries, canned, light syrup pack, solids and liquids",9,,"Vegan,Vegetarian,Vitamin-Rich",24,
173032,"Goji berries, dried",9,Sulphur dioxide/sulphites,"Vegan,Vegetarian,Vitamin-Rich",24,
173033,"Grapefruit, raw, pink and red and white, all areas",9,,"Vegan,Vegetarian,Vitamin-Rich",24,
173034,"Grapefruit, raw, white, Florida",9,,"Vegan,Vegetarian,Vitamin-Rich",24,
173035,"Grapefruit, sections, canned, water pack, solids and liquids",9,,"Vegan,Vegetarian,Vitamin-Rich",24,
173036,"Grapefruit, sections, canned, juice pack, solids and liquids",9,,"Vegan,Vegetarian,Vitamin-Rich",24,
173037,"Grapefruit, sections, canned, light syrup pack, solids and liquids",9,,"Vegan,Vegetarian,Vitamin-Rich",24,
173038,"Grapefruit juice, pink or red, with added calcium",9,,"Mineral-Rich,Vegan,Vegetarian,Vitamin-Rich",24,
173039,"Grapefruit juice, white, raw",9,,"Vegan,Vegetarian,Vitamin-Rich",24,
173040,"Grapes, muscadine, raw",9,,"Vegan,Vegetarian,Vitamin-Rich",24,
173041,"Grape juice, canned or bottled, unsweetened, with added ascorbic acid",9,,"No Added Sugar,Vegan,Vegetarian,Vitamin-Rich",24,
173042,"Grape juice, canned or bottled, unsweetened, without added ascorbic acid",9,,"No Added Sugar,Vegan,Vegetarian,Vitamin-Rich",24,
173043,"Groundcherries, (cape-gooseberries or poha), raw",9,,"Vegan,Vegetarian,Vitamin-Rich",24,
173044,"Guavas, common, raw",9,,"Vegan,Vegetarian,Vitamin-Rich",24,
173045,"Guavas, strawberry, raw",9,,"Vegan,Vegetarian,Vitamin-Rich",24,
173046,"Beef, top loin petite roast, boneless, separable lean only, trimmed to 1/8"" fat, all grades, cooked, roasted",13,,High-Protein,24,
173047,"Beef, top loin petite roast, boneless, separable lean only, trimmed to 1/8"" fat, choice, cooked, roasted",13,,High-Protein,24,
173048,"Beef, top loin petite roast, boneless, separable lean only, trimmed to 1/8"" fat, select, cooked, roasted",13,,High-Protein,24,
173049,"Beef, top loin petite roast/filet, boneless, separable lean only, trimmed to 1/8"" fat, all grades, raw",13,,High-Protein,24,
173050,"Beef, loin, top sirloin filet, boneless, separable lean only, trimmed to 0"" fat, select, cooked, grilled",13,,"High-Protein,Low-Fat",24,
173051,"Beef, loin, top sirloin petite roast, boneless, separable lean only, trimmed to 0"" fat, all grades, cooked, roasted",13,,"High-Protein,Low-Fat",24,
173052,"Beef, loin, top sirloin petite roast, boneless, separable lean only, trimmed to 0"" fat, select, cooked, roasted",13,,"High-Protein,Low-Fat",24,
173053,"Beef, loin, top sirloin petite roast/filet, boneless, separable lean only, trimmed to 0"" fat, all grades, raw",13,,"High-Protein,Low-Fat",24,
173054,"Beef, ribeye cap steak, boneless, separable lean only, trimmed to 0"" fat, all grades, cooked, grilled",13,,"High-Protein,Low-Fat",24,
173055,"Beef, ribeye cap steak, boneless, separable lean only, trimmed to 0"" fat, choice, cooked, grilled",13,,"High-Protein,Low-Fat",24,
173056,"Beef, ribeye cap steak, boneless, separable lean only, trimmed to 0"" fat, select, cooked, grilled",13,,"High-Protein,Low-Fat",24,
173057,"Beef, ribeye cap steak, boneless, separable lean only, trimmed to 0"" fat, all grades, raw",13,,"High-Protein,Low-Fat",24,
173058,"Beef, ribeye petite roast, boneless, separable lean only, trimmed to 0"" fat, all grades, cooked, roasted",13,,"High-Protein,Low-Fat",24,
173059,"Beef, ribeye petite roast, boneless, separable lean only, trimmed to 0"" fat, choice, cooked, roasted",13,,"High-Protein,Low-Fat",24,
173060,"Beef, ribeye petite roast, boneless, separable lean only, trimmed to 0"" fat, select, cooked, roasted",13,,"High-Protein,Low-Fat",24,
173061,"Beef, loin, top sirloin cap steak, boneless, separable lean and fat, trimmed to 1/8"" fat, all grades, cooked, grilled",13,,High-Protein,24,
173062,"Beef, loin, top sirloin cap steak, boneless, separable lean and fat, trimmed to 1/8"" fat, select, raw",13,,High-Protein,24,
173063,"Beef, top loin filet, boneless, separable lean and fat, trimmed to 1/8"" fat, all grades, cooked, grilled",13,,High-Protein,24,
173064,"Beef, top loin filet, boneless, separable lean and fat, trimmed to 1/8"" fat, choice, cooked, grilled",13,,High-Protein,24,
173065,"Beef, top loin filet, boneless, separable lean and fat, trimmed to 1/8"" fat, select, cooked, grilled",13,,High-Protein,24,
173066,"Beef, top loin petite roast/filet, boneless, separable lean and fat, trimmed to 1/8"" fat, choice, raw",13,,High-Protein,24,
173067,"Beef, top loin petite roast/filet, boneless, separable lean and fat, trimmed to 1/8"" fat, select, raw",13,,High-Protein,24,
173068,"Beef, Australian, imported, grass-fed, ground, 85% lean / 15% fat, raw",13,,High-Protein,24,
173069,"Beef, loin, top loin steak, boneless, lip-on, separable lean only, trimmed to 1/8"" fat, choice, cooked, grilled",13,,High-Protein,24,
173070,"Beef, loin, top loin steak, boneless, lip-on, separable lean only, trimmed to 1/8"" fat, select, cooked, grilled",13,,High-Protein,24,
173071,"Beef, loin, top loin steak, boneless, lip-on, separable lean only, trimmed to 1/8"" fat, all grades, cooked, grilled",13,,High-Protein,24,
173072,"Beef, loin, top loin steak, boneless, lip-on, separable lean and fat, trimmed to 1/8"" fat, choice, raw",13,,High-Protein,24,
173073,"Beef, New Zealand, imported, brisket point end, separable lean only, cooked, braised",13,,High-Protein,24,
173074,"Beef, New Zealand, imported, brisket point end, separable lean only, raw",13,,High-Protein,24,
173075,"Beef, New Zealand, imported, chuck eye roll, separable lean only, raw",13,,High-Protein,24,
173076,"Beef, New Zealand, imported, chuck eye roll, separable lean only, cooked, braised",13,,High-Protein,24,
173077,"Beef, New Zealand, imported, flank, separable lean only, cooked, braised",13,,High-Protein,24,
173078,"Beef, New Zealand, imported, flank, separable lean only, raw",13,,High-Protein,24,
173079,"Beef, New Zealand, imported, flat, separable lean only, cooked, braised",13,,High-Protein,24,
173080,"Beef, New Zealand, imported, flat, separable lean only, raw",13,,High-Protein,24,
173081,"Beef, New Zealand, imported, variety meats and by-products, heart, cooked, boiled",13,,High-Protein,24,
173082,"Beef, New Zealand, imported, intermuscular fat, cooked",13,,High-Protein,24,
173083,"Beef, New Zealand, imported, intermuscular fat, raw",13,,High-Protein,24,
173084,"Beef, New Zealand, imported, variety meats and by-products, kidney, cooked, boiled",13,,High-Protein,24,
173085,"Beef, New Zealand, imported, knuckle, cooked, fast fried",13,,High-Protein,24,
173086,"Beef, New Zealand, imported, manufacturing beef, raw",13,,High-Protein,24,
173087,"Beef, New Zealand, imported, oyster blade, separable lean only, cooked, braised",13,,High-Protein,24,
173088,"Beef, New Zealand, imported, oyster blade, separable lean only, raw",13,,High-Protein,24,
173089,"Beef, New Zealand, imported, ribs prepared, cooked, fast roasted",13,,High-Protein,24,
173090,"Beef, New Zealand, imported, subcutaneous fat, cooked",13,,High-Protein,24,
173091,"Beef, New Zealand, imported, subcutaneous fat, raw",13,,High-Protein,24,
173092,"Beef, New Zealand, imported, sweetbread, cooked, boiled",13,,High-Protein,24,
173093,"Beef, New Zealand, imported, sweetbread, raw",13,,High-Protein,24,
173094,"Beef, New Zealand, imported, tenderloin, separable lean only, cooked, fast fried",13,,High-Protein,24,
173095,"Beef, New Zealand, imported, variety meats and by-products, tripe cooked, boiled",13,,High-Protein,24,
173096,"Beef, New Zealand, imported, variety meats and by-products, tripe uncooked, raw",13,,High-Protein,24,
173097,"Beef, New Zealand, imported, bolar blade, separable lean and fat, cooked, fast roasted",13,,High-Protein,24,
173098,"Beef, New Zealand, imported, bolar blade, separable lean and fat, raw",13,,High-Protein,24,
173099,"Beef, New Zealand, imported, chuck eye roll, separable lean and fat, cooked, braised",13,,High-Protein,24,
173100,"Beef, New Zealand, imported, chuck eye roll, separable lean and fat, raw",13,,High-Protein,24,
173101,"Beef, New Zealand, imported, cube roll, separable lean and fat, cooked, fast roasted",13,,High-Protein,24,
173102,"Beef, New Zealand, imported, cube roll, separable lean and fat, raw",13,,High-Protein,24,
173103,"Beef, New Zealand, imported, flat, separable lean and fat, raw",13,,High-Protein,24,
173104,"Beef, New Zealand, imported, hind shin, separable lean and fat, cooked, braised",13,,High-Protein,24,
173105,"Beef, New Zealand, imported, hind shin, separable lean and fat, raw",13,,High-Protein,24,
173106,"Beef, New Zealand, imported, oyster blade, separable lean and fat, cooked, braised",13,,High-Protein,24,
173107,"Beef, New Zealand, imported, striploin, separable lean and fat, raw",13,,High-Protein,24,
173108,"Beef, New Zealand, imported, tenderloin, separable lean and fat, cooked, fast fried",13,,High-Protein,24,
173109,"Beef, New Zealand, imported, tenderloin, separable lean and fat, raw",13,,High-Protein,24,
173110,"Beef, ground, 93% lean meat / 7% fat, raw",13,,"High-Protein,Low-Fat",24,
173111,"Beef, ground, 97% lean meat / 3% fat, raw",13,,"High-Protein,Low-Fat",24,
173112,"Beef, ground, 97% lean meat / 3% fat, patty, cooked, broiled",13,,"High-Protein,Low-Fat",24,
173113,"Beef, ground, 97% lean meat /3% fat, patty, cooked, pan-broiled",13,,"High-Protein,Low-Fat",24,
173114,"Beef, ground, 97% lean meat / 3% fat, loaf, cooked, baked",13,,"High-Protein,Low-Fat",24,
173115,"Beef, round, bottom round, steak, separable lean only, trimmed to 1/8"" fat, choice, cooked, braised",13,,High-Protein,24,
173116,"Beef, short loin, top loin, steak, separable lean only, trimmed to 1/8"" fat, choice, raw",13,,High-Protein,24,
173117,"Beef, tenderloin, steak, separable lean only, trimmed to 1/8"" fat, choice, cooked, broiled",13,,High-Protein,24,
173118,"Beef, top sirloin, steak, separable lean only, trimmed to 1/8"" fat, choice, cooked, broiled",13,,High-Protein,24,
173119,"Beef, short loin, top loin, steak, separable lean only, trimmed to 1/8"" fat, choice, cooked, broiled",13,,High-Protein,24,
173120,"Beef, round, eye of round, roast, separable lean only, trimmed to 1/8"" fat, select, raw",13,,High-Protein,24,
173121,"Beef, round, top round, steak, separable lean only, trimmed to 1/8"" fat, select, raw",13,,High-Protein,24,
173122,"Beef, round, bottom round, roast, separable lean only, trimmed to 1/8"" fat, select, raw",13,,High-Protein,24,
173123,"Beef, rib, small end (ribs 10-12), separable lean only, trimmed to 1/8"" fat, all grades, cooked, broiled",13,,High-Protein,24,
173124,"Beef, bottom sirloin, tri-tip roast, separable lean only, trimmed to 0"" fat, select, raw",13,,"High-Protein,Low-Fat",24,
173125,"Beef, round, tip round, roast, separable lean only, trimmed to 0"" fat, all grades, raw",13,,"High-Protein,Low-Fat",24,
173126,"Beef, round, tip round, roast, separable lean only, trimmed to 0"" fat, choice, raw",13,,"High-Protein,Low-Fat",24,
173127,"Beef, round, tip round, roast, separable lean only, trimmed to 0"" fat, select, raw",13,,"High-Protein,Low-Fat",24,
173128,"Beef, brisket, flat half, separable lean and fat, trimmed to 1/8"" fat, choice, raw",13,,High-Protein,24,
173129,"Beef, brisket, flat half, separable lean and fat, trimmed to 1/8"" fat, select, raw",13,,High-Protein,24,
173130,"Beef, brisket, flat half, separable lean and fat, trimmed to 1/8"" fat, choice, cooked, braised",13,,High-Protein,24,
173131,"Snacks, popcorn, microwave, 94% fat free",23,Milk,"Fat-Free,Low-Fat,Vegetarian",48,
173132,"Formulated bar, MARS SNACKFOOD US, SNICKERS MARATHON Double Chocolate Nut Bar",23,"Eggs,Milk,Nuts,Peanuts,Soybeans","High-Protein,Vegetarian",48,
173133,"Snacks, M&M MARS, KUDOS Whole Grain Bars, peanut butter",23,"Cereals containing gluten,Cereals containing gluten (barley),Cereals containing gluten (oats),Milk,Peanuts,Soybeans",Vegetarian,48,
173134,"Formulated bar, MARS SNACKFOOD US, SNICKERS MARATHON Honey Nut Oat Bar",23,"Cereals containing gluten,Cereals containing gluten (oats),Eggs,Milk,Nuts,Nuts (almonds),Peanuts,Soybeans","High-Protein,Vegetarian",48,
173135,"Snacks, M&M MARS, KUDOS Whole Grain Bar, M&M's milk chocolate",23,"Cereals containing gluten,Cereals containing gluten (barley),Cereals containing gluten (oats),Milk,Peanuts,Soybeans",Vegetarian,48,
173136,"Formulated bar, MARS SNACKFOOD US, SNICKERS MARATHON Energy Bar, all flavors",23,"Cereals containing gluten,Cereals containing gluten (oats),Eggs,Milk,Peanuts,Soybeans","High-Protein,Vegetarian",48,
173137,"Formulated bar, POWER BAR, chocolate",23,"Cereals containing gluten,Cereals containing gluten (oats),Milk,Peanuts,Soybeans","High-Protein,Vegetarian",48,
173138,"Formulated bar, MARS SNACKFOOD US, COCOAVIA, Chocolate Blueberry Snack Bar",23,"Nuts,Nuts (almonds),Soybeans","Vegetarian,Vitamin-Rich",48,
173139,"Formulated bar, SLIM-FAST OPTIMA meal bar, milk chocolate peanut",23,"Cereals containing gluten,Milk,Peanuts,Soybeans","High-Protein,Vegetarian",48,
173140,"Snacks, soy chips or crisps, salted",23,Soybeans,"High-Protein,Vegan,Vegetarian",24,
173141,"Popcorn, microwave, regular (butter) flavor, made with palm oil",23,Milk,Vegetarian,48,
173142,"Snacks, plantain chips, salted",23,,"Vegan,Vegetarian,Vitamin-Rich",24,
173143,"Tortilla chips, yellow, plain, salted",23,,"Vegan,Vegetarian",24,
173144,"Snacks, granola bar, KASHI GOLEAN, crunchy, mixed flavors",23,"Cereals containing gluten,Cereals containing gluten (barley),Cereals containing gluten (oats),Cereals containing gluten (rye),Nuts,Nuts (almonds),Peanuts,Sesame seeds,Soybeans","High-Protein,Vegetarian",48,
173145,"Snacks, granola bar, chewy, reduced sugar, all flavors",23,"Cereals containing gluten,Cereals containing gluten (oats),Milk,Peanuts,Soybeans","No Added Sugar,Vegetarian",48,
173146,"Snacks, granola bites, mixed flavors",23,"Cereals containing gluten,Cereals containing gluten (oats),Milk,Peanuts,Soybeans",Vegetarian,48,
173147,"Snacks, pita chips, salted",23,"Cereals containing gluten,Milk,Soybeans",Vegetarian,24,
173148,"Snacks, granola bars, soft, almond, confectioners coating",23,"Cereals containing gluten,Cereals containing gluten (oats),Milk,Nuts,Nuts (almonds),Peanuts,Soybeans",Vegetarian,48,
173149,"Formulated bar, high fiber, chewy, oats and chocolate",23,"Cereals containing gluten,Cereals containing gluten (oats),Milk,Soybeans",Vegetarian,24,
173150,"Snacks, bagel chips, plain",23,"Cereals containing gluten,Soybeans","Vegan,Vegetarian",24,
173151,"Snacks, NUTRI-GRAIN FRUIT AND NUT BAR",23,"Cereals containing gluten,Cereals containing gluten (oats),Nuts,Peanuts,Soybeans","Vegetarian,Vitamin-Rich",48,
173152,"Snacks, yucca (cassava) chips, salted",23,,"Vegan,Vegetarian",24,
173153,"Snacks, granola bar, GENERAL MILLS, NATURE VALLEY, CHEWY TRAIL MIX",23,"Nuts,Nuts (almonds),Peanuts,Soybeans",Vegetarian,48,
173154,"Snacks, granola bar, QUAKER, DIPPS, all flavors",23,"Cereals containing gluten,Cereals containing gluten (oats),Milk,Soybeans",Vegetarian,24,
173155,"Snacks, brown rice chips",23,"Sesame seeds,Soybeans","Vegan,Vegetarian",24,
173156,"Snack, Pretzel, hard chocolate coated",23,"Cereals containing gluten,Milk,Soybeans",Vegetarian,24,
173157,"Snacks, peas, roasted, wasabi-flavored",23,Cereals containing gluten,"Vegan,Vegetarian",24,
173158,"Formulated Bar, SOUTH BEACH protein bar",23,"Milk,Nuts,Peanuts,Soybeans","High-Protein,Vegetarian",48,
173159,"Snack, BALANCE, original bar",23,"Eggs,Milk,Peanuts,Soybeans","High-Protein,Vegetarian",48,
173160,"Snacks, shrimp cracker",23,"Crustaceans,Eggs",Pescatarian,24,
173161,Rice crackers,23,,"Vegan,Vegetarian",24,
173162,"Beverages, MONSTER energy drink, low carb",14,,"Low-Carb,No Added Sugar,Vegan,Vegetarian",252,
173163,"Beverages, Whiskey sour mix, powder",14,,"Vegan,Vegetarian",24,
173164,"Alcoholic beverage, whiskey sour, prepared with water, whiskey and powder mix",14,Cereals containing gluten,"Vegan,Vegetarian",252,
173165,"Beverages, THE COCA-COLA COMPANY, NOS energy drink, Original, grape, loaded cherry, charged citrus, fortified with vitamins B6 and B12",14,,"Vegan,Vegetarian,Vitamin-Rich",252,
173166,"Beverages, water, bottled, yumberry, pomegranate with anti-oxidants, zero calories",14,,"No Added Sugar,Vegan,Vegetarian,Vitamin-Rich",24,
173167,"Beverages, ABBOTT, EAS whey protein powder",14,"Milk,Soybeans","High-Protein,Vegetarian",24,
173168,"Alcoholic beverage, creme de menthe, 72 proof",14,,"Vegan,Vegetarian",252,
173169,"Beverages, NESTLE, Boost plus, nutritional drink, ready-to-drink",14,"Milk,Soybeans","Gluten-Free,High-Protein,Vegetarian",24,
173170,"Beverages, SLIMFAST, Meal replacement,  High Protein Shake, Ready-To-Drink, 3-2-1 plan",14,"Milk,Soybeans","High-Protein,Vegetarian",24,
173171,"Beverages, UNILEVER, SLIMFAST, meal replacement, regular, ready-to-drink,  3-2-1 Plan",14,"Milk,Soybeans",Vegetarian,24,
173172,"Beverages, UNILEVER, SLIMFAST Shake Mix, powder, 3-2-1 Plan",14,"Milk,Soybeans",Vegetarian,24,
173173,"Beverages, FUZE, orange mango, fortified with vitamins A, C, E, B6",14,,"Vegan,Vegetarian,Vitamin-Rich",24,
173174,"Beverages, UNILEVER, SLIMFAST Shake Mix, high protein, whey powder, 3-2-1 Plan,",14,"Milk,Soybeans","High-Protein,Vegetarian",24,
173175,"Beverages, Acai berry drink, fortified",14,,"Vegan,Vegetarian,Vitamin-Rich",24,
173176,"Alcoholic beverage, wine, dessert, sweet",14,Sulphur dioxide/sulphites,"Vegan,Vegetarian",252,
173177,"Beverages, Whey protein powder isolate",14,"Milk,Soybeans","High-Protein,Vegetarian",24,
173178,"Beverages, Orange juice, light, No pulp",14,,"Low-Fat,Vegan,Vegetarian,Vitamin-Rich",24,
173179,"Beverages, The COCA-COLA company, Hi-C Flashin' Fruit Punch",14,,"Vegan,Vegetarian",24,
173180,"Beverages, Protein powder whey based",14,Milk,"High-Protein,Vegetarian",24,
173181,"Beverages, Protein powder soy based",14,Soybeans,"High-Protein,Vegan,Vegetarian",24,
173182,"Beverages, rich chocolate, powder",14,Milk,Vegetarian,24,
173183,"Beverages, GEROLSTEINER BRUNNEN GmbH & Co. KG (Gerolsteiner), naturally sparkling, mineral bottled water",14,,"Vegan,Vegetarian",24,
173184,"Beverages, chocolate malt, powder, prepared with fat free milk",14,"Cereals containing gluten,Cereals containing gluten (barley),Milk,Soybeans","Fat-Free,Low-Fat,Vegetarian",24,
173185,"Alcoholic beverage, wine, table, all",14,Sulphur dioxide/sulphites,"Vegan,Vegetarian",252,
173186,"Beverages, V8 SPLASH Smoothies, Peach Mango",14,,"Vegan,Vegetarian,Vitamin-Rich",24,
173187,"Beverages, chocolate almond milk, unsweetened, shelf-stable, fortified with vitamin D2 and E",14,"Nuts,Nuts (almonds)","No Added Sugar,Vegan,Vegetarian,Vitamin-Rich",48,
173188,"Beverages, The COCA-COLA company, Glaceau Vitamin Water, Revive Fruit Punch, fortified",14,,"Vegan,Vegetarian,Vitamin-Rich",24,
173189,"Beverages, MINUTE MAID, Lemonada, Limeade",14,,"Vegan,Vegetarian",24,
173190,"Alcoholic beverage, wine, table, red",14,Sulphur dioxide/sulphites,"Vegan,Vegetarian",252,
173191,"Alcoholic Beverage, wine, table, red, Barbera",14,Sulphur dioxide/sulphites,"Vegan,Vegetarian",252,
173192,"Alcoholic Beverage, wine, table, red, Zinfandel",14,Sulphur dioxide/sulphites,"Vegan,Vegetarian",252,
173193,"Alcoholic Beverage, wine, table, red, Petite Sirah",14,Sulphur dioxide/sulphites,"Vegan,Vegetarian",252,
173194,"Alcoholic Beverage, wine, table, red, Claret",14,Sulphur dioxide/sulphites,"Vegan,Vegetarian",252,
173195,"Alcoholic beverage, wine, table, white, Chenin Blanc",14,Sulphur dioxide/sulphites,"Vegan,Vegetarian",252,
173196,"Alcoholic beverage, wine, table, white, Fume Blanc",14,Sulphur dioxide/sulphites,"Vegan,Vegetarian",252,
173197,"Beverages, Mixed vegetable and fruit juice drink, with added nutrients",14,,"Vegan,Vegetarian,Vitamin-Rich",24,
173198,"Alcoholic beverage, wine, table, white, Muller Thurgau",14,Sulphur dioxide/sulphites,"Vegan,Vegetarian",252,
173199,"Carbonated beverage, cream soda",14,,"Vegan,Vegetarian",24,
173200,"Alcoholic beverage, wine, table, white, Riesling",14,Sulphur dioxide/sulphites,"Vegan,Vegetarian",252,
173201,"Alcoholic beverage, wine, table, white, Sauvignon Blanc",14,Sulphur dioxide/sulphites,"Vegan,Vegetarian",252,
173202,"Alcoholic beverage, wine, table, white, late harvest",14,Sulphur dioxide/sulphites,"Vegan,Vegetarian",252,
173203,"Beverages, carbonated, grape soda",14,,"Vegan,Vegetarian",24,
173204,"Beverages, carbonated, low calorie, other than cola or pepper,  without caffeine",14,,"No Added Sugar,Vegan,Vegetarian",24,
173205,"Beverages, carbonated, lemon-lime soda, no caffeine",14,,"Vegan,Vegetarian",24,
173206,"Beverages, carbonated, SPRITE, lemon-lime, without caffeine",14,,"Vegan,Vegetarian",24,
173207,"Beverages, carbonated, low calorie, other than cola or pepper, with aspartame, contains caffeine",14,,"No Added Sugar,Vegan,Vegetarian",252,
173208,"Alcoholic Beverage, wine, table, red, Burgundy",14,Sulphur dioxide/sulphites,"Vegan,Vegetarian",252,
173209,"Beverages, carbonated, pepper-type, contains caffeine",14,,"Vegan,Vegetarian",252,
173210,"Beverages, Energy drink, RED BULL",14,,"Vegan,Vegetarian",252,
173211,"Beverages, tea, black, ready to drink, decaffeinated, diet",14,,"No Added Sugar,Vegan,Vegetarian",24,
173212,"Beverages, tea, black, ready to drink, decaffeinated",14,,"Vegan,Vegetarian",24,
173213,"Beverages, grape juice drink, canned",14,,"Vegan,Vegetarian,Vitamin-Rich",24,
173214,"Beverages, Cranberry juice cocktail",14,,"Vegan,Vegetarian,Vitamin-Rich",24,
173215,"Beverages, SNAPPLE, tea, black and green, ready to drink, peach, diet",14,,"No Added Sugar,Vegan,Vegetarian,Vitamin-Rich",24,
173216,"Lemonade, frozen concentrate, white",14,,"Vegan,Vegetarian,Vitamin-Rich",24,
173217,"Lemonade, frozen concentrate, white, prepared with water",14,,"Vegan,Vegetarian,Vitamin-Rich",24,
173218,"Beverages, SNAPPLE, tea, black and green, ready to drink, lemon, diet",14,,"No Added Sugar,Vegan,Vegetarian,Vitamin-Rich",24,
173219,"Beverages, Malted drink mix, natural, with added nutrients, powder, prepared with whole milk",14,"Cereals containing gluten,Cereals containing gluten (barley),Milk",Vegetarian,24,
173220,"Beverages, Malted drink mix, natural, powder, dairy based.",14,"Cereals containing gluten,Cereals containing gluten (barley),Milk,Soybeans",Vegetarian,24,
173221,"Beverages, Malted drink mix, natural, powder, prepared with whole milk",14,"Cereals containing gluten,Cereals containing gluten (barley),Milk,Soybeans",Vegetarian,24,
173222,"Beverages, OVALTINE, chocolate malt powder",14,"Cereals containing gluten,Cereals containing gluten (barley),Milk,Soybeans",Vegetarian,24,
173223,"Beverages, orange and apricot juice drink, canned",14,,"Vegan,Vegetarian,Vitamin-Rich",24,
173224,"Beverages, pineapple and grapefruit juice drink, canned",14,,"Vegan,Vegetarian,Vitamin-Rich",24,
173225,"Beverages, pineapple and orange juice drink, canned",14,,"Vegan,Vegetarian,Vitamin-Rich",24,
173226,"Shake, fast food, vanilla",14,Milk,Vegetarian,24,
173227,"Beverages, tea, black, brewed, prepared with tap water",14,,"Vegan,Vegetarian",24,
173228,"Beverages, tea, instant, decaffeinated, lemon, diet",14,,"No Added Sugar,Vegan,Vegetarian",24,
173229,"Beverages, tea, instant, decaffeinated, lemon, sweetened",14,,"Vegan,Vegetarian",24,
173230,"Beverages, tea, instant, unsweetened, powder",14,,"No Added Sugar,Vegan,Vegetarian",24,
173231,"Beverages, tea, instant, lemon, diet",14,,"No Added Sugar,Vegan,Vegetarian",24,
173232,"Beverages, tea, herb, other than chamomile, brewed",14,,"Vegan,Vegetarian",24,
173233,"Beverages, water, bottled, PERRIER",14,,"Vegan,Vegetarian",24,
173234,"Beverages, water, bottled, POLAND SPRING",14,,"Vegan,Vegetarian",24,
173235,"Beverages, orange-flavor drink, breakfast type, powder",14,Soybeans,"Vegan,Vegetarian,Vitamin-Rich",24,
173236,"Beverages, orange-flavor drink, breakfast type, powder, prepared with water",14,Soybeans,"Vegan,Vegetarian,Vitamin-Rich",24,
173237,"Beverages, Orange-flavor drink, breakfast type, low calorie, powder",14,,"No Added Sugar,Vegan,Vegetarian,Vitamin-Rich",24,
173238,"English muffins, plain, unenriched, without calcium propionate (includes sourdough)",18,Cereals containing gluten,"Vegan,Vegetarian",24,
173239,"Pie, apple, commercially prepared, unenriched flour",18,"Cereals containing gluten,Soybeans","Vegan,Vegetarian,Vitamin-Rich",24,
173240,"Pie, fried pies, cherry",18,"Cereals containing gluten,Soybeans","Vegan,Vegetarian,Vitamin-Rich",24,
173241,"Tortillas, ready-to-bake or -fry, corn, without added salt",18,,"Low Sodium,Vegan,Vegetarian",24,
173242,"Tortillas, ready-to-bake or -fry, flour, without added calcium",18,Cereals containing gluten,"Vegan,Vegetarian",24,
173243,"Cake, pound, commercially prepared, fat-free",18,"Cereals containing gluten,Eggs,Milk,Soybeans","Fat-Free,Low-Fat,Vegetarian",24,
173244,"Cake, yellow, light, dry mix",18,"Cereals containing gluten,Eggs,Milk","Low-Fat,Vegetarian",24,
173245,"Archway Home Style Cookies, Coconut Macaroon",18,"Cereals containing gluten,Eggs,Milk,Nuts,Nuts (coconut),Soybeans",Vegetarian,48,
173246,"Archway Home Style Cookies, Date Filled Oatmeal",18,"Cereals containing gluten,Cereals containing gluten (oats),Eggs,Milk,Soybeans,Sulphur dioxide/sulphites",Vegetarian,24,
173247,"Archway Home Style Cookies, Dutch Cocoa",18,"Cereals containing gluten,Eggs,Milk,Soybeans",Vegetarian,24,
173248,"Archway Home Style Cookies, Frosty Lemon",18,"Cereals containing gluten,Eggs,Milk,Soybeans",Vegetarian,24,
173249,"Archway Home Style Cookies, Iced Molasses",18,"Cereals containing gluten,Eggs,Milk,Soybeans",Vegetarian,24,
173250,"Archway Home Style Cookies, Old Fashioned Molasses",18,"Cereals containing gluten,Eggs,Milk,Soybeans",Vegetarian,24,
173251,"Archway Home Style Cookies, Old Fashioned Windmill Cookies",18,"Cereals containing gluten,Eggs,Milk,Nuts,Nuts (almonds),Soybeans",Vegetarian,48,
173252,"Archway Home Style Cookies, Peanut Butter",18,"Cereals containing gluten,Eggs,Milk,Peanuts,Soybeans",Vegetarian,48,
173253,"Archway Home Style Cookies, Raspberry Filled",18,"Cereals containing gluten,Eggs,Milk,Soybeans,Sulphur dioxide/sulphites","Vegetarian,Vitamin-Rich",24,
173254,"George Weston Bakeries, Brownberry Sage and Onion Stuffing Mix, dry",18,"Cereals containing gluten,Milk",Vegetarian,24,
173255,"Keebler, Keebler Chocolate Graham SELECTS",18,"Cereals containing gluten,Milk,Soybeans",Vegetarian,24,
173256,"Continental Mills, Krusteaz Almond Poppyseed Muffin Mix, Artificially Flavored, dry",18,"Cereals containing gluten,Eggs,Milk,Nuts,Nuts (almonds),Soybeans",Vegetarian,48,
173257,"Mckee Baking, Little Debbie Nutty Bars, Wafers with Peanut Butter, Chocolate Covered",18,"Cereals containing gluten,Milk,Peanuts,Soybeans",Vegetarian,48,
173258,"Nabisco, Nabisco Ritz Crackers",18,"Cereals containing gluten,Soybeans","Vegan,Vegetarian",24,
173259,"Pillsbury, Buttermilk Biscuits, Artificial Flavor, refrigerated dough",18,"Cereals containing gluten,Milk",Vegetarian,24,
173260,"Pillsbury, Chocolate Chip Cookies, refrigerated dough",18,"Cereals containing gluten,Eggs,Milk,Soybeans",Vegetarian,24,
173261,"Pillsbury, Crusty French Loaf, refrigerated dough",18,"Cereals containing gluten,Soybeans","Vegan,Vegetarian",24,
173262,"Sorghum flour, refined, unenriched",20,,"Gluten-Free,Vegan,Vegetarian",24,
173263,"Rice, brown, parboiled, cooked, UNCLE BENS",20,,"Vegan,Vegetarian",24,
173264,"Pasta, gluten-free, rice flour and rice bran extract, cooked, DE BOLES",20,,"Gluten-Free,Vegan,Vegetarian",24,
173265,"Pasta, gluten-free, corn and rice flour, cooked",20,,"Gluten-Free,Vegan,Vegetarian",24,
173267,"Fast foods, biscuit, with egg and ham",21,"Cereals containing gluten,Eggs,Milk",High-Protein,24,
173268,"Fast foods, biscuit, with crispy chicken fillet",21,"Cereals containing gluten,Milk",High-Protein,24,
173269,"Fast foods, croissant, with egg, cheese, and bacon",21,"Cereals containing gluten,Eggs,Milk",High-Protein,24,
173270,"Fast foods, croissant, with egg, cheese, and ham",21,"Cereals containing gluten,Eggs,Milk",High-Protein,24,
173271,"Fast foods, croissant, with egg, cheese, and sausage",21,"Cereals containing gluten,Eggs,Milk",High-Protein,24,
173272,"Fast foods, egg, scrambled",21,"Eggs,Milk","High-Protein,Vegetarian",24,
173273,"Fast foods, potatoes, hash browns, round pieces or patty",21,Cereals containing gluten,"Vegan,Vegetarian,Vitamin-Rich",24,
173274,"Fast foods, vanilla, light, soft-serve ice cream, with cone",21,"Cereals containing gluten,Milk","Low-Fat,Vegetarian",24,
173275,"Fast foods, sundae, caramel",21,Milk,Vegetarian,24,
173276,"Fast foods, sundae, hot fudge",21,"Milk,Soybeans",Vegetarian,24,
172038,"Fast foods, burrito, with beans",21,"Cereals containing gluten,Soybeans","High-Protein,Vegan,Vegetarian",24,
173277,"Fast foods, burrito, with beans and beef",21,"Cereals containing gluten,Soybeans",High-Protein,24,
173279,"PIZZA HUT 12"" Pepperoni Pizza, Hand-Tossed Crust",21,"Cereals containing gluten,Milk,Soybeans",High-Protein,24,
173280,"PIZZA HUT 12"" Pepperoni Pizza, Pan Crust",21,"Cereals containing gluten,Milk,Soybeans",High-Protein,24,
173281,"PIZZA HUT 12"" Super Supreme Pizza, Hand-Tossed Crust",21,"Cereals containing gluten,Milk,Soybeans",High-Protein,24,
173282,"DOMINO'S 14"" Cheese Pizza, Classic Hand-Tossed Crust",21,"Cereals containing gluten,Milk,Soybeans","High-Protein,Vegetarian",24,
173283,"DOMINO'S 14"" Cheese Pizza, Ultimate Deep Dish Crust",21,"Cereals containing gluten,Milk,Soybeans","High-Protein,Vegetarian",24,
173284,"PAPA JOHN'S 14"" Cheese Pizza, Original Crust",21,"Cereals containing gluten,Milk","High-Protein,Vegetarian",24,
173285,"PAPA JOHN'S 14"" Pepperoni Pizza, Original Crust",21,"Cereals containing gluten,Milk",High-Protein,24,
173286,"PAPA JOHN'S 14"" The Works Pizza, Original Crust",21,"Cereals containing gluten,Milk",High-Protein,24,
173287,"PAPA JOHN'S 14"" Cheese Pizza, Thin Crust",21,"Cereals containing gluten,Milk","High-Protein,Vegetarian",24,
173288,"LITTLE CAESARS 14"" Pepperoni Pizza, Large Deep Dish Crust",21,"Cereals containing gluten,Milk,Soybeans",High-Protein,24,
173289,"LITTLE CAESARS 14"" Cheese Pizza, Thin Crust",21,"Cereals containing gluten,Milk,Soybeans","High-Protein,Vegetarian",24,
173290,"PIZZA HUT 14"" Cheese Pizza, Hand-Tossed Crust",21,"Cereals containing gluten,Milk,Soybeans","High-Protein,Vegetarian",24,
173291,"PIZZA HUT 14"" Cheese Pizza, Pan Crust",21,"Cereals containing gluten,Milk,Soybeans","High-Protein,Vegetarian",24,
173292,"Fast Food, Pizza Chain, 14"" pizza, cheese topping, regular crust",21,"Cereals containing gluten,Milk,Soybeans","High-Protein,Vegetarian",24,
173293,"Fast Food, Pizza Chain, 14"" pizza, cheese topping, thick crust",21,"Cereals containing gluten,Milk,Soybeans","High-Protein,Vegetarian",24,
173294,"Fast Food, Pizza Chain, 14"" pizza, cheese topping, thin crust",21,"Cereals containing gluten,Milk,Soybeans","High-Protein,Vegetarian",24,
173295,"Fast Food, Pizza Chain, 14"" pizza, pepperoni topping, regular crust",21,"Cereals containing gluten,Milk,Soybeans",High-Protein,24,
173296,"Fast Food, Pizza Chain, 14"" pizza, pepperoni topping, thick crust",21,"Cereals containing gluten,Milk,Soybeans",High-Protein,24,
173297,"McDONALD'S, Chicken McNUGGETS",21,Cereals containing gluten,High-Protein,48,
173298,"McDONALD'S, Hash Brown",21,,"Vegan,Vegetarian,Vitamin-Rich",24,
173299,"McDONALD'S, Hotcakes (plain)",21,"Cereals containing gluten,Eggs,Milk,Soybeans",Vegetarian,24,
173300,"McDONALD'S, Bacon, Egg & Cheese McGRIDDLES",21,"Cereals containing gluten,Eggs,Milk,Soybeans",High-Protein,24,
173301,"McDONALD'S, Hot Caramel Sundae",21,"Milk,Soybeans",Vegetarian,24,
173302,"McDONALD'S, Hot Fudge Sundae",21,"Milk,Soybeans",Vegetarian,24,
173303,"McDONALD'S, McFLURRY with M&M'S CANDIES",21,"Milk,Peanuts,Soybeans",Vegetarian,48,
173304,"McDONALD'S, McFLURRY with OREO cookies",21,"Cereals containing gluten,Milk,Soybeans",Vegetarian,24,
173305,"McDONALD'S, McCHICKEN Sandwich",21,"Cereals containing gluten,Eggs,Soybeans",High-Protein,24,
173306,"McDONALD'S, McCHICKEN Sandwich (without mayonnaise)",21,"Cereals containing gluten,Soybeans",High-Protein,24,
173307,"McDONALD'S, Egg McMUFFIN",21,"Cereals containing gluten,Eggs,Milk,Soybeans",High-Protein,24,
173308,"McDONALD'S, Sausage McMUFFIN",21,"Cereals containing gluten,Soybeans",High-Protein,24,
173309,"McDONALD'S, Deluxe Breakfast, with syrup and margarine",21,"Cereals containing gluten,Eggs,Milk,Soybeans",High-Protein,24,
173310,"McDONALD'S, Hotcakes and Sausage",21,"Cereals containing gluten,Eggs,Milk,Soybeans",High-Protein,24,
173311,"McDONALD'S, Hotcakes (with 2 pats margarine & syrup)",21,"Cereals containing gluten,Eggs,Milk,Soybeans",Vegetarian,24,
173312,"McDONALD'S, Bacon Ranch Salad with Grilled Chicken",21,"Cereals containing gluten,Milk",High-Protein,24,
173313,"McDONALD'S, Fruit 'n Yogurt Parfait (without granola)",21,Milk,"High-Protein,Vegetarian,Vitamin-Rich",24,
173314,"McDONALD'S, FILET-O-FISH (without tartar sauce)",21,"Cereals containing gluten,Fish,Milk,Soybeans","High-Protein,Pescatarian",24,
172076,"BURGER KING, CROISSAN'WICH with Egg and Cheese",21,"Cereals containing gluten,Eggs,Milk,Soybeans","High-Protein,Vegetarian",24,
173316,"BURGER KING, CROISSAN'WICH with Sausage and Cheese",21,"Cereals containing gluten,Eggs,Milk,Soybeans",High-Protein,24,
173317,"Fast foods, hamburger; single, large patty; with condiments, vegetables and mayonnaise",21,"Cereals containing gluten,Eggs,Soybeans",High-Protein,24,
173318,"Fast foods, hamburger; single, regular patty; double decker bun with condiments and special sauce",21,"Cereals containing gluten,Eggs,Soybeans",High-Protein,24,
173319,"Fast foods, cheeseburger; double, regular patty; with condiments",21,"Cereals containing gluten,Milk,Soybeans",High-Protein,24,
173320,"Fast foods, cheeseburger; double, large patty; with condiments",21,"Cereals containing gluten,Milk,Soybeans",High-Protein,24,
173321,"Fast foods, chicken tenders",21,Cereals containing gluten,High-Protein,24,
173322,"Fast foods, bagel, with egg, sausage patty, cheese, and condiments",21,"Cereals containing gluten,Eggs,Milk,Soybeans",High-Protein,24,
173323,"Fast foods, bagel, with breakfast steak, egg, cheese, and condiments",21,"Cereals containing gluten,Eggs,Milk,Soybeans",High-Protein,24,
173324,"Light Ice Cream, soft serve, blended with milk chocolate candies",21,"Milk,Peanuts,Soybeans","Low-Fat,Vegetarian",48,
173325,"Macaroni and Cheese, canned entree",22,"Cereals containing gluten,Milk","High-Protein,Vegetarian",24,
173326,"HOT POCKETS, CROISSANT POCKETS Chicken, Broccoli, and Cheddar Stuffed Sandwich, frozen",22,"Cereals containing gluten,Milk,Soybeans",High-Protein,24,
173327,"HOT POCKETS Ham 'N Cheese Stuffed Sandwich, frozen",22,"Cereals containing gluten,Milk,Soybeans",High-Protein,24,
173328,"Ravioli, cheese-filled, canned",22,"Cereals containing gluten,Eggs,Milk,Soybeans","High-Protein,Vegetarian",24,
173329,"Ravioli, meat-filled, with tomato sauce or meat sauce, canned",22,"Cereals containing gluten,Soybeans",High-Protein,24,
173330,"Beef stew, canned entree",22,Cereals containing gluten,High-Protein,24,
173331,"Chicken pot pie, frozen entree, prepared",22,"Cereals containing gluten,Milk,Soybeans",High-Protein,24,
173332,"Beef, corned beef hash, with potato, canned",22,Soybeans,High-Protein,24,
173333,"Lasagna, cheese, frozen, prepared",22,"Cereals containing gluten,Eggs,Milk","High-Protein,Vegetarian",24,
173334,"Lasagna with meat & sauce, frozen entree",22,"Cereals containing gluten,Milk",High-Protein,24,
173335,"Burrito, beef and bean, frozen",22,"Cereals containing gluten,Soybeans",High-Protein,24,
173336,"Burrito, bean and cheese, frozen",22,"Cereals containing gluten,Milk","High-Protein,Vegetarian",24,
173337,"Macaroni and Cheese, canned, microwavable",22,"Cereals containing gluten,Milk","High-Protein,Vegetarian",24,
173338,"Turkey, stuffing, mashed potatoes w/gravy, assorted vegetables, frozen, microwaved",22,"Cereals containing gluten,Milk,Soybeans","High-Protein,Vitamin-Rich",24,
173339,"Rice bowl with chicken, frozen entree, prepared (includes fried, teriyaki, and sweet and sour varieties)",22,"Cereals containing gluten,Eggs,Soybeans",High-Protein,24,
173340,"Macaroni and cheese dinner with dry sauce mix, boxed, uncooked",22,"Cereals containing gluten,Milk",Vegetarian,24,
173341,"Macaroni and cheese, dry mix, prepared with 2% milk and 80% stick margarine from dry mix",22,"Cereals containing gluten,Milk",Vegetarian,24,
173342,"Macaroni and cheese, frozen entree",22,"Cereals containing gluten,Milk","High-Protein,Vegetarian",24,
173343,Potato salad with egg,22,"Eggs,Celery,Mustard","Vegetarian,Vitamin-Rich",24,
173344,Pulled pork in barbecue sauce,22,,High-Protein,24,
173345,"Corn dogs, frozen, prepared",22,"Cereals containing gluten,Eggs,Milk,Soybeans",High-Protein,24,
173346,"Chicken tenders, breaded, frozen, prepared",22,Cereals containing gluten,High-Protein,24,
173347,"RICE-A-RONI, chicken flavor, unprepared",22,"Cereals containing gluten,Milk,Soybeans",High-Protein,24,
173348,"Rice and vermicelli mix, chicken flavor, prepared with 80% margarine",22,"Cereals containing gluten,Milk,Soybeans",High-Protein,24,
173349,"Beef, shoulder pot roast or steak, boneless, separable lean and fat, trimmed to 0"" fat, all grades, raw",13,,"High-Protein,Low-Fat",24,
173350,"Beef, short loin, porterhouse steak, separable lean and fat, trimmed to 1/8"" fat, all grades, raw",13,,High-Protein,24,
173351,"Beef, short loin, t-bone steak, separable lean and fat, trimmed to 1/8"" fat, all grades, cooked, grilled",13,,High-Protein,24,
173352,"Beef, short loin, t-bone steak, separable lean and fat, trimmed to 1/8"" fat, select, raw",13,,High-Protein,24,
173353,"Beef, short loin, t-bone steak, separable lean and fat, trimmed to 1/8"" fat, select, cooked, grilled",13,,High-Protein,24,
173354,"Beef, round, knuckle, tip side, steak, separable lean and fat, trimmed to 0"" fat, choice, raw",13,,"High-Protein,Low-Fat",24,
173355,"Beef, chuck, shoulder clod, shoulder tender, medallion, separable lean and fat, trimmed to 0"" fat, choice, cooked, grilled",13,,"High-Protein,Low-Fat",24,
173356,"Beef, chuck, shoulder clod, shoulder tender, medallion, separable lean and fat, trimmed to 0"" fat, select, raw",13,,"High-Protein,Low-Fat",24,
173357,"Beef, chuck, shoulder clod, shoulder top and center steaks, separable lean and fat, trimmed to 0"" fat, choice, raw",13,,"High-Protein,Low-Fat",24,
173358,"Beef, chuck, shoulder clod, shoulder top and center steaks, separable lean and fat, trimmed to 0"" fat, choice, cooked, grilled",13,,"High-Protein,Low-Fat",24,
173359,"Beef, chuck, shoulder clod, top blade, steak, separable lean and fat, trimmed to 0"" fat, select, raw",13,,"High-Protein,Low-Fat",24,
173360,"Beef, chuck, shoulder clod, top blade, steak, separable lean and fat, trimmed to 0"" fat, select, cooked, grilled",13,,"High-Protein,Low-Fat",24,
173361,"Beef, round, knuckle, tip center, steak, separable lean and fat, trimmed to 0"" fat, choice, raw",13,,"High-Protein,Low-Fat",24,
173362,"Beef, round, knuckle, tip center, steak, separable lean and fat, trimmed to 0"" fat, choice, cooked, grilled",13,,"High-Protein,Low-Fat",24,
173363,"Beef, round, knuckle, tip center, steak, separable lean and fat, trimmed to 0"" fat, select, raw",13,,"High-Protein,Low-Fat",24,
173364,"Beef, round, outside round, bottom round, steak, separable lean and fat, trimmed to 0"" fat, select, cooked, grilled",13,,"High-Protein,Low-Fat",24,
173365,"Beef, chuck, shoulder clod, shoulder tender, medallion, separable lean and fat, trimmed to 0"" fat, all grades, raw",13,,"High-Protein,Low-Fat",24,
173366,"Beef, chuck, shoulder clod, shoulder tender, medallion, separable lean and fat, trimmed to 0"" fat, all grades, cooked, grilled",13,,"High-Protein,Low-Fat",24,
173367,"Beef, round, knuckle, tip side, steak, separable lean and fat, trimmed to 0"" fat, all grades, raw",13,,"High-Protein,Low-Fat",24,
173368,"Beef, chuck, shoulder clod, top blade, steak, separable lean and fat, trimmed to 0"" fat, all grades, cooked, grilled",13,,"High-Protein,Low-Fat",24,
173369,"Beef, round, knuckle, tip center, steak, separable lean and fat, trimmed to 0"" fat, all grades, raw",13,,"High-Protein,Low-Fat",24,
173370,"Beef, round, knuckle, tip center, steak, separable lean and fat, trimmed to 0"" fat, all grades, cooked, grilled",13,,"High-Protein,Low-Fat",24,
173371,"Beef, round, outside round, bottom round, steak, separable lean and fat, trimmed to 0"" fat, all grades, raw",13,,"High-Protein,Low-Fat",24,
173372,"Beef, rib eye roast, boneless, lip-on, separable lean only, trimmed to 1/8"" fat, select, cooked, roasted",13,,High-Protein,24,
173373,"Beef, plate steak, boneless, inside skirt, separable lean only, trimmed to 0"" fat, all grades, cooked, grilled",13,,"High-Protein,Low-Fat",24,
173374,"Beef, plate steak, boneless, inside skirt, separable lean only, trimmed to 0"" fat, all grades, raw",13,,"High-Protein,Low-Fat",24,
173375,"Beef, plate steak, boneless, inside skirt, separable lean only, trimmed to 0"" fat, choice, cooked, grilled",13,,"High-Protein,Low-Fat",24,
173376,"Beef, plate steak, boneless, outside skirt, separable lean only, trimmed to 0"" fat, all grades, raw",13,,"High-Protein,Low-Fat",24,
173377,"Beef, plate steak, boneless, outside skirt, separable lean only, trimmed to 0"" fat, choice, cooked, grilled",13,,"High-Protein,Low-Fat",24,
173378,"Beef, plate steak, boneless, outside skirt, separable lean only, trimmed to 0"" fat, choice, raw",13,,"High-Protein,Low-Fat",24,
173379,"Beef, plate steak, boneless, outside skirt, separable lean only, trimmed to 0"" fat, select, cooked, grilled",13,,"High-Protein,Low-Fat",24,
173380,"Beef, rib eye steak, boneless, lip off, separable lean only, trimmed to 0"" fat, choice, raw",13,,"High-Protein,Low-Fat",24,
173381,"Beef, rib eye steak, boneless, lip off, separable lean only, trimmed to 0"" fat, select, cooked, grilled",13,,"High-Protein,Low-Fat",24,
173382,"Beef, rib eye steak, boneless, lip off, separable lean only, trimmed to 0"" fat, select, raw",13,,"High-Protein,Low-Fat",24,
173383,"Beef, rib, back ribs, bone-in, separable lean only, trimmed to 0"" fat, all grades, cooked, braised",13,,"High-Protein,Low-Fat",24,
173384,"Beef, rib, back ribs, bone-in, separable lean only, trimmed to 0"" fat, select, raw",13,,"High-Protein,Low-Fat",24,
173385,"Beef, rib eye steak, bone-in, lip-on, separable lean and fat, trimmed to 1/8"" fat, choice, cooked, grilled",13,,High-Protein,24,
173386,"Beef, rib eye steak, bone-in, lip-on, separable lean and fat, trimmed to 1/8"" fat, select, cooked, grilled",13,,High-Protein,24,
173387,"Beef, rib eye steak, bone-in, lip-on, separable lean and fat, trimmed to 1/8"" fat, all grades, cooked, grilled",13,,High-Protein,24,
173388,"Beef, rib eye roast, bone-in, lip-on, separable lean and fat, trimmed to 1/8"" fat, choice, cooked, roasted",13,,High-Protein,24,
173389,"Beef, rib eye steak/roast, bone-in, lip-on, separable lean and fat, trimmed to 1/8"" fat, select, raw",13,,High-Protein,24,
173390,"Beef, rib eye steak, boneless, lip-on, separable lean and fat, trimmed to 1/8"" fat, choice, cooked, grilled",13,,High-Protein,24,
173391,"Beef, rib eye steak, boneless, lip-on, separable lean and fat, trimmed to 1/8"" fat, select, cooked, grilled",13,,High-Protein,24,
173392,"Beef, rib eye steak, boneless, lip-on, separable lean and fat, trimmed to 1/8"" fat, all grades, cooked, grilled",13,,High-Protein,24,
173393,"Beef, rib eye steak/roast, boneless, lip-on, separable lean and fat, trimmed to 1/8"" fat, choice, raw",13,,High-Protein,24,
173394,"Beef, rib eye steak/roast, boneless, lip-on, separable lean and fat, trimmed to 1/8"" fat, select, raw",13,,High-Protein,24,
173395,"Beef, plate steak, boneless, inside skirt, separable lean and fat, trimmed to 0"" fat, all grades, cooked, grilled",13,,"High-Protein,Low-Fat",24,
173396,"Beef, plate steak, boneless, inside skirt, separable lean and fat, trimmed to 0"" fat, choice, cooked, grilled",13,,"High-Protein,Low-Fat",24,
173397,"Beef, plate steak, boneless, outside skirt, separable lean and fat, trimmed to 0"" fat, all grades, cooked, grilled",13,,"High-Protein,Low-Fat",24,
173398,"Beef, plate steak, boneless, outside skirt, separable lean and fat, trimmed to 0"" fat, choice, cooked, grilled",13,,"High-Protein,Low-Fat",24,
173399,"Beef, plate steak, boneless, outside skirt, separable lean and fat, trimmed to 0"" fat, select, cooked, grilled",13,,"High-Protein,Low-Fat",24,
173400,"Beef, plate steak, boneless, outside skirt, separable lean and fat, trimmed to 0"" fat, all grades, raw",13,,"High-Protein,Low-Fat",24,
173401,"Beef, rib eye steak, boneless, lip off, separable lean and fat, trimmed to 0"" fat, select, cooked, grilled",13,,"High-Protein,Low-Fat",24,
173402,"Beef, rib eye steak, boneless, lip off, separable lean and fat, trimmed to 0"" fat, all grades, raw",13,,"High-Protein,Low-Fat",24,
173403,"Beef, rib eye steak, boneless, lip off, separable lean and fat, trimmed to 0"" fat, choice, raw",13,,"High-Protein,Low-Fat",24,
173404,"Beef, rib eye steak, boneless, lip off, separable lean and fat, trimmed to 0"" fat, select, raw",13,,"High-Protein,Low-Fat",24,
173405,"Beef, rib, back ribs, bone-in, separable lean and fat, trimmed to 0"" fat, choice, raw",13,,"High-Protein,Low-Fat",24,
173406,"Beef, rib, back ribs, bone-in, separable lean and fat, trimmed to 0"" fat, select, raw",13,,"High-Protein,Low-Fat",24,
173407,"Beef, loin, top sirloin petite roast, boneless, separable lean only, trimmed to 0"" fat, choice, cooked, roasted",13,,"High-Protein,Low-Fat",24,
173408,"Beef, loin, top sirloin petite roast/filet, boneless, separable lean only, trimmed to 0"" fat, choice, raw",13,,"High-Protein,Low-Fat",24,
173409,"Beef, loin, top sirloin cap steak, boneless, separable lean only, trimmed to 1/8"" fat, select, raw",13,,High-Protein,24,
173410,"Butter, salted",1,Milk,Vegetarian,24,
173411,"Butter, whipped, with salt",1,Milk,Vegetarian,24,
173412,"Butter oil, anhydrous",1,Milk,Vegetarian,24,
173413,"Cheese, caraway",1,Milk,"High-Protein,Vegetarian",24,
173414,"Cheese, cheddar (Includes foods for USDA's Food Distribution Program)",1,Milk,"High-Protein,Vegetarian",24,
173415,"Cheese, cheshire",1,Milk,"High-Protein,Vegetarian",24,
173416,"Cheese, colby",1,Milk,"High-Protein,Vegetarian",24,
173417,"Cheese, cottage, lowfat, 1% milkfat",1,Milk,"High-Protein,Low-Fat,Vegetarian",24,
173418,"Cheese, cream",1,Milk,Vegetarian,24,
173419,"Cheese, edam",1,Milk,"High-Protein,Vegetarian",24,
173420,"Cheese, feta",1,Milk,"High-Protein,Vegetarian",24,
173421,"Egg, yolk, raw, frozen, pasteurized",1,Eggs,"High-Protein,Vegetarian",24,
173422,"Egg, yolk, raw, frozen, sugared, pasteurized",1,Eggs,"High-Protein,Vegetarian",24,
173423,"Egg, whole, cooked, fried",1,Eggs,"High-Protein,Vegetarian",24,
173424,"Egg, whole, cooked, hard-boiled",1,Eggs,"High-Protein,Vegetarian",24,
173425,"Egg, whole, dried, stabilized, glucose reduced",1,Eggs,"High-Protein,Vegetarian",24,
173426,"Egg, white, dried, flakes, stabilized, glucose reduced",1,Eggs,"High-Protein,Vegetarian",24,
173427,"Egg, white, dried, powder, stabilized, glucose reduced",1,Eggs,"High-Protein,Vegetarian",24,
173428,"Egg, yolk, dried",1,Eggs,"High-Protein,Vegetarian",24,
173429,"Egg substitute, powder",1,"Eggs,Soybeans","High-Protein,Vegetarian",24,
173430,"Butter, without salt",1,Milk,"Low Sodium,Vegetarian",24,
173431,"Cheese, parmesan, shredded",1,Milk,"High-Protein,Vegetarian",24,
173432,"Milk, nonfat, fluid, without added vitamin A and vitamin D (fat free or skim)",1,Milk,"Fat-Free,High-Protein,Low-Fat,Vegetarian",24,
173433,"Cheese, goat, semisoft type",1,Milk,"High-Protein,Vegetarian",24,
173434,"Yogurt, Greek, 2% fat, key lime blend, CHOBANI",1,Milk,"High-Protein,Low-Fat,Vegetarian",24,
173435,"Cheese, goat, soft type",1,Milk,"High-Protein,Vegetarian",24,
173436,"Egg, yolk, raw, frozen, salted, pasteurized",1,Eggs,"High-Protein,Vegetarian",24,
173437,"Cheese, mexican, queso asadero",1,Milk,"High-Protein,Vegetarian",24,
173438,"Cheese, mexican, queso chihuahua",1,Milk,"High-Protein,Vegetarian",24,
173439,"Cheese, low fat, cheddar or colby",1,Milk,"High-Protein,Low-Fat,Vegetarian",24,
173440,"Cheese, low-sodium, cheddar or colby",1,Milk,"High-Protein,Low Sodium,Vegetarian",24,
173441,"Milk, fluid, 1% fat, without added vitamin A and vitamin D",1,Milk,"High-Protein,Low-Fat,Vegetarian",24,
173442,"Sour cream, reduced fat",1,Milk,"Low-Fat,Vegetarian",24,
173443,"Sour cream, light",1,Milk,"Low-Fat,Vegetarian",24,
173444,"Sour cream, fat free",1,Milk,"Fat-Free,Low-Fat,Vegetarian",24,
173445,"Yogurt, vanilla or lemon flavor, nonfat milk, sweetened with low-calorie sweetener",1,Milk,"Fat-Free,High-Protein,Low-Fat,No Added Sugar,Vegetarian",24,
173446,KRAFT CHEEZ WHIZ LIGHT Pasteurized Process Cheese Product,1,Milk,"Low-Fat,Vegetarian",24,
173447,KRAFT FREE Singles American Nonfat Pasteurized Process Cheese Product,1,Milk,"Fat-Free,High-Protein,Low-Fat,Vegetarian",24,
173448,KRAFT VELVEETA Pasteurized Process Cheese Spread,1,Milk,"High-Protein,Vegetarian",24,
173449,KRAFT VELVEETA LIGHT Reduced Fat Pasteurized Process Cheese Product,1,Milk,"Low-Fat,Vegetarian",24,
173450,"Milk, chocolate, fluid, commercial, reduced fat, with added calcium",1,Milk,"Mineral-Rich,Vegetarian",24,
173451,"Yogurt, fruit, lowfat, with low calorie sweetener",1,Milk,"High-Protein,Low-Fat,No Added Sugar,Vegetarian,Vitamin-Rich",24,
173452,"Cheese, parmesan, dry grated, reduced fat",1,Milk,"Low-Fat,Vegetarian",24,
173453,"Cream substitute, flavored, liquid",1,"Milk,Soybeans",Vegetarian,24,
173454,"Milk, dry, whole, without added vitamin D",1,Milk,"High-Protein,Vegetarian",24,
173455,"Cheese product, pasteurized process, American, reduced fat, fortified with vitamin D",1,Milk,"Low-Fat,Vegetarian,Vitamin-Rich",24,
173456,"Yogurt, fruit, low fat, 9 grams protein per 8 ounce, fortified with vitamin D",1,Milk,"High-Protein,Low-Fat,Vegetarian,Vitamin-Rich",24,
173457,"Yogurt, fruit, low fat, 10 grams protein per 8 ounce, fortified with vitamin D",1,Milk,"High-Protein,Low-Fat,Vegetarian,Vitamin-Rich",24,
173458,"Yogurt, fruit variety, nonfat, fortified with vitamin D",1,Milk,"Fat-Free,High-Protein,Low-Fat,Vegetarian,Vitamin-Rich",24,
173459,"Protein supplement, milk based, Muscle Milk, powder",1,"Milk,Soybeans","High-Protein,Vegetarian",24,
173460,"Protein supplement, milk based, Muscle Milk Light, powder",1,"Milk,Soybeans","High-Protein,Vegetarian",24,
173461,Dulce de Leche,1,Milk,Vegetarian,24,
173462,"Egg substitute, liquid or frozen, fat free",1,Eggs,"Fat-Free,High-Protein,Low-Fat,Vegetarian",24,
173463,"Yogurt, vanilla flavor, lowfat milk, sweetened with low calorie sweetener",1,Milk,"High-Protein,Low-Fat,No Added Sugar,Vegetarian",24,
173464,"Yogurt, frozen, flavors not chocolate, nonfat milk, with low-calorie sweetener",1,Milk,"Fat-Free,Low-Fat,No Added Sugar,Vegetarian",24,
173465,"Ice cream, soft serve, chocolate",1,Milk,Vegetarian,24,
173466,"Ice cream, bar or stick, chocolate covered",1,"Milk,Soybeans",Vegetarian,24,
173467,"Fat free ice cream, no sugar added, flavors other than chocolate",1,Milk,"Fat-Free,Low-Fat,No Added Sugar,Vegetarian",24,
173468,"Salt, table",2,,"Vegan,Vegetarian",24,
173469,"Vinegar, cider",2,,"Vegan,Vegetarian",24,
173470,"Thyme, fresh",2,,"Vegan,Vegetarian",24,
173471,Vanilla extract,2,,"Vegan,Vegetarian",24,
173472,"Horseradish, prepared",2,,"Vegan,Vegetarian",24,
173473,"Rosemary, fresh",2,,"Vegan,Vegetarian",24,
173474,"Peppermint, fresh",2,,"Vegan,Vegetarian",24,
173475,"Spearmint, fresh",2,,"Vegan,Vegetarian",24,
173476,"Seasoning mix, dry, chili, original",2,"Cereals containing gluten,Soybeans","Vegan,Vegetarian",24,
173477,Clif Z bar,3,"Cereals containing gluten,Cereals containing gluten (oats),Milk,Soybeans",Vegetarian,24,
173478,"Babyfood, juice treats, fruit medley, toddler",3,,"Vegan,Vegetarian,Vitamin-Rich",12,24.0
173479,"Babyfood, meat, beef, strained",3,,High-Protein,6,24.0
173480,"Babyfood, meat, ham, junior",3,,High-Protein,8,24.0
173481,"Babyfood, meat, lamb, strained",3,,High-Protein,6,24.0
173482,"Babyfood, meat, lamb, junior",3,,High-Protein,8,24.0
173483,"Babyfood, meat, chicken, strained",3,,High-Protein,6,24.0
173484,"Babyfood, meat, turkey sticks, junior",3,,High-Protein,8,24.0
173485,"Babyfood, snack, GERBER GRADUATE FRUIT  STRIPS, Real Fruit Bars",3,,"Vegan,Vegetarian,Vitamin-Rich",12,24.0
173486,"Babyfood, meat, meat sticks, junior",3,,High-Protein,8,24.0
173487,"Babyfood, GERBER, 2nd Foods, apple, carrot and squash, organic",3,,"Vegan,Vegetarian,Vitamin-Rich",6,24.0
173488,"Babyfood, dinner, vegetables and dumplings and beef, junior",3,Cereals containing gluten,"High-Protein,Vitamin-Rich",8,24.0
173489,"Babyfood, dinner, beef lasagna, toddler",3,"Cereals containing gluten,Milk","High-Protein,Vitamin-Rich",12,24.0
173490,"Babyfood, dinner, macaroni and tomato and beef, strained",3,Cereals containing gluten,"High-Protein,Vitamin-Rich",6,24.0
173491,"Babyfood, dinner, macaroni and tomato and beef, junior",3,Cereals containing gluten,"High-Protein,Vitamin-Rich",8,24.0
173492,"Babyfood, dinner, spaghetti and tomato and meat, junior",3,Cereals containing gluten,High-Protein,8,24.0
173493,"Babyfood, dinner, spaghetti and tomato and meat, toddler",3,Cereals containing gluten,High-Protein,12,24.0
173494,"Babyfood, dinner, vegetables and beef, strained",3,,"High-Protein,Vitamin-Rich",6,24.0
173495,"Babyfood, dinner, vegetables and beef, junior",3,,"High-Protein,Vitamin-Rich",8,24.0
173496,"Babyfood, dinner, chicken soup, strained",3,Cereals containing gluten,High-Protein,6,24.0
173497,"Babyfood, dinner, chicken stew, toddler",3,Cereals containing gluten,High-Protein,12,24.0
173498,"Babyfood, dinner, vegetables chicken, strained",3,,"High-Protein,Vitamin-Rich",6,24.0
173499,"Babyfood, dinner, vegetables, noodles and chicken, strained",3,"Cereals containing gluten,Eggs","High-Protein,Vitamin-Rich",6,24.0
173500,"Babyfood, dinner, turkey and rice, junior",3,,High-Protein,8,24.0
173501,"Babyfood, dinner, vegetables and turkey, strained",3,,"High-Protein,Vitamin-Rich",6,24.0
173502,"Babyfood, dinner, vegetables and turkey, junior",3,,"High-Protein,Vitamin-Rich",8,24.0
173503,"Babyfood, dinner, macaroni and cheese, strained",3,"Cereals containing gluten,Milk","High-Protein,Vegetarian",6,24.0
173504,"Babyfood, vegetable, green beans and potatoes",3,,"Vegan,Vegetarian,Vitamin-Rich",4,24.0
173505,"Babyfood, vegetables, beets, strained",3,,"Vegan,Vegetarian,Vitamin-Rich",4,24.0
173506,"Babyfood, vegetables, carrots, strained",3,,"Vegan,Vegetarian,Vitamin-Rich",4,24.0
173507,"Babyfood, vegetables, carrots, junior",3,,"Vegan,Vegetarian,Vitamin-Rich",8,24.0
173508,"Babyfood, potatoes, toddler",3,,"Vegan,Vegetarian,Vitamin-Rich",12,24.0
173509,"Babyfood, cereal, Oatmeal, dry, GERBER, SINGLE GRAIN, fortified",3,Cereals containing gluten (oats),"Vegan,Vegetarian",4,24.0
173510,"Babyfood, vegetable, butternut squash and corn",3,,"Vegan,Vegetarian,Vitamin-Rich",4,24.0
173511,"Babyfood, apples, dices, toddler",3,,"Vegan,Vegetarian,Vitamin-Rich",12,24.0
173512,"Babyfood, fruit, applesauce, strained",3,,"Vegan,Vegetarian,Vitamin-Rich",4,24.0
173513,"Babyfood, dinner, vegetables and chicken, junior",3,,"High-Protein,Vitamin-Rich",8,24.0
173514,"Babyfood, dinner, mixed vegetable, strained",3,,"Vegan,Vegetarian,Vitamin-Rich",4,24.0
173515,"Babyfood, vegetables, mix vegetables strained",3,,"Vegan,Vegetarian,Vitamin-Rich",4,24.0
173516,"Babyfood, dinner, beef noodle, junior",3,"Cereals containing gluten,Eggs",High-Protein,8,24.0
173517,"Babyfood, apples with ham, strained",3,,"High-Protein,Vitamin-Rich",6,24.0
173518,"Babyfood, carrots and beef, strained",3,,"High-Protein,Vitamin-Rich",6,24.0
173519,"Babyfood, beverage, GERBER, GRADUATES, FRUIT SPLASHERS",3,,"Vegan,Vegetarian,Vitamin-Rich",12,24.0
173520,"Babyfood, snack, GERBER, GRADUATES, YOGURT MELTS",3,Milk,Vegetarian,8,24.0
173521,"Babyfood, dinner, sweet potatoes and chicken, strained",3,,"High-Protein,Vitamin-Rich",6,24.0
173522,"Infant formula, MEAD JOHNSON, Enfamil 24, ready to feed, with ARA and DHA",3,"Milk,Soybeans",High-Protein,0,12.0
173523,"Infant formula, MEAD JOHNSON, Enfamil Enspire Powder, with ARA and DHA, not reconstituted",3,"Milk,Soybeans",High-Protein,0,12.0
173524,"Infant formula, MEAD JOHNSON, Enfamil Reguline, ready to feed, with ARA and DHA",3,"Milk,Soybeans",High-Protein,0,12.0
173525,"Infant formula, MEAD JOHNSON, Gentlease, ready to feed, with ARA and DHA",3,"Milk,Soybeans",High-Protein,0,12.0
173526,"Toddler formula, MEAD JOHNSON, Nutramigen Toddler with LGG Powder, with ARA and DHA, not reconstituted",3,,"Dairy-Free,High-Protein,Lactose-Free,Vegan,Vegetarian",12,24.0
173527,"Infant formula, MEAD JOHNSON, Pregestimil 20 Calories, ready to feed, with ARA and DHA",3,Soybeans,"Dairy-Free,High-Protein,Lactose-Free,Vegan,Vegetarian",0,12.0
173528,"Babyfood, cereal, high protein, prepared with whole milk",3,"Cereals containing gluten,Milk,Soybeans",High-Protein,6,24.0
173529,"Babyfood, cereal, mixed, prepared with whole milk",3,"Cereals containing gluten,Cereals containing gluten (oats),Milk",Vegetarian,6,24.0
173530,"Babyfood, cereal, mixed, with bananas, prepared with whole milk",3,"Cereals containing gluten,Cereals containing gluten (oats),Milk","Vegetarian,Vitamin-Rich",6,24.0
173531,"Babyfood, cereal, oatmeal, prepared with whole milk",3,"Cereals containing gluten (oats),Milk",Vegetarian,6,24.0
173532,"Babyfood, cereal, mixed, with honey, prepared with whole milk",3,"Cereals containing gluten,Cereals containing gluten (oats),Milk",Vegetarian,12,24.0
173533,"Babyfood, cereal, high protein, with apple and orange, prepared with whole milk",3,"Cereals containing gluten,Milk,Soybeans","High-Protein,Vegetarian,Vitamin-Rich",6,24.0
173534,"Babyfood, cereal, rice, with bananas, prepared with whole milk",3,Milk,"Gluten-Free,Vegetarian,Vitamin-Rich",6,24.0
173535,"Infant formula, NESTLE, GOOD START SUPREME, with iron, liquid concentrate, not reconstituted",3,Milk,High-Protein,0,12.0
173536,"Infant formula, NESTLE, GOOD START SUPREME, with iron, powder",3,Milk,High-Protein,0,12.0
173537,"Infant formula, MEAD JOHNSON, ENFAMIL, LIPIL, low iron, liquid concentrate, with ARA and DHA",3,"Milk,Soybeans",High-Protein,0,12.0
173538,"Infant formula, MEAD JOHNSON, PREGESTIMIL, with iron, powder, with ARA and DHA, not reconstituted",3,Soybeans,"Dairy-Free,High-Protein,Lactose-Free,Vegan,Vegetarian",0,12.0
173539,"Infant formula, MEAD JOHNSON, PREGESTIMIL, with iron, with ARA and DHA, prepared from powder",3,Soybeans,"Dairy-Free,High-Protein,Lactose-Free,Vegan,Vegetarian",0,12.0
173540,"Infant formula, MEAD JOHNSON, PROSOBEE, with iron, ready-to-feed",3,Soybeans,"Dairy-Free,High-Protein,Lactose-Free,Vegan,Vegetarian",0,12.0
173541,"Infant formula, ABBOTT NUTRITION, SIMILAC, ISOMIL, with iron, ready-to-feed",3,Soybeans,"Dairy-Free,High-Protein,Lactose-Free,Vegan,Vegetarian",0,12.0
173542,"Infant formula, ABBOTT NUTRITION, SIMILAC, ISOMIL, with iron, liquid concentrate",3,Soybeans,"Dairy-Free,High-Protein,Lactose-Free,Vegan,Vegetarian",0,12.0
173543,"Infant formula, ABBOTT NUTRITION, SIMILAC, ISOMIL, with iron, powder, not reconstituted",3,Soybeans,"Dairy-Free,High-Protein,Lactose-Free,Vegan,Vegetarian",0,12.0
173544,"Infant formula, MEAD JOHNSON, ENFAMIL, NUTRAMIGEN, with iron, liquid concentrate not reconstituted, with ARA and DHA",3,,"Dairy-Free,High-Protein,Lactose-Free,Vegan,Vegetarian",0,12.0
173545,"Infant formula, MEAD JOHNSON, ENFAMIL, PROSOBEE, with iron, powder, not reconstituted, with ARA and DHA",3,Soybeans,"Dairy-Free,High-Protein,Lactose-Free,Vegan,Vegetarian",0,12.0
173546,"Infant formula, ABBOTT NUTRITION, SIMILAC, with iron, powder, not reconstituted",3,"Milk,Soybeans",High-Protein,0,12.0
173547,"Infant formula, MEAD JOHNSON, ENFAMIL, PROSOBEE, liquid concentrate, reconstituted, with ARA and DHA",3,Soybeans,"Dairy-Free,High-Protein,Lactose-Free,Vegan,Vegetarian",0,12.0
173548,"Infant formula, MEAD JOHNSON, PROSOBEE, with iron, ready to feed, with ARA and DHA",3,Soybeans,"Dairy-Free,High-Protein,Lactose-Free,Vegan,Vegetarian",0,12.0
173549,"Infant formula, NESTLE, GOOD START SOY, with DHA and ARA, ready-to-feed",3,Soybeans,"Dairy-Free,High-Protein,Lactose-Free,Vegan,Vegetarian",0,12.0
173550,"Child formula, ABBOTT NUTRITION, PEDIASURE, ready-to-feed, with iron and fiber",3,"Milk,Soybeans","High-Protein,Vegetarian",24,
173551,"Infant formula, NESTLE, GOOD START ESSENTIALS SOY, with iron, powder",3,Soybeans,"Dairy-Free,High-Protein,Lactose-Free,Vegan,Vegetarian",0,12.0
173552,"Infant formula, MEAD JOHNSON, NEXT STEP PROSOBEE, powder, not reconstituted",3,Soybeans,"Dairy-Free,High-Protein,Lactose-Free,Vegan,Vegetarian",9,24.0
173553,"Infant formula, MEAD JOHNSON,NEXT STEP PROSOBEE, prepared from powder",3,Soybeans,"Dairy-Free,High-Protein,Lactose-Free,Vegan,Vegetarian",9,24.0
173554,"Infant formula, PBM PRODUCTS, store brand, powder",3,"Milk,Soybeans",High-Protein,0,12.0
173555,"Infant formula, PBM PRODUCTS, store brand, soy, ready-to-feed",3,Soybeans,"Dairy-Free,High-Protein,Lactose-Free,Vegan,Vegetarian",0,12.0
173556,"Infant formula, PBM PRODUCTS, store brand, soy, liquid concentrate, not reconstituted",3,Soybeans,"Dairy-Free,High-Protein,Lactose-Free,Vegan,Vegetarian",0,12.0
173557,"Infant formula, PBM PRODUCTS, store brand, soy, powder",3,Soybeans,"Dairy-Free,High-Protein,Lactose-Free,Vegan,Vegetarian",0,12.0
173558,"Infant formula, ABBOTT NUTRITION, SIMILAC, SENSITIVE, (LACTOSE FREE), liquid concentrate, with ARA and DHA",3,"Milk,Soybeans","High-Protein,Lactose-Free",0,12.0
173559,"Infant formula, ABBOTT NUTRITION, SIMILAC, SENSITIVE, (LACTOSE FREE), powder, with ARA and DHA",3,"Milk,Soybeans","High-Protein,Lactose-Free",0,12.0
173560,"Infant formula, ABBOTT NUTRITION, SIMILAC, ADVANCE, with iron, ready-to-feed",3,"Milk,Soybeans",High-Protein,0,12.0
173561,"Infant formula, ABBOTT NUTRITION, SIMILAC, ADVANCE, with iron, powder, not reconstituted",3,"Milk,Soybeans",High-Protein,0,12.0
173562,"Salad dressing, blue or roquefort cheese dressing, commercial, regular",4,"Eggs,Milk,Soybeans",Vegetarian,24,
173563,"Oil, cupu assu",4,,"Vegan,Vegetarian",24,
173564,"Fat, chicken",4,,High-Protein,24,
173565,"Oil, soybean, salad or cooking, (partially hydrogenated) and cottonseed",4,Soybeans,"Vegan,Vegetarian",24,
173566,"Shortening industrial, lard and vegetable oil",4,Soybeans,High-Protein,24,
173567,"Shortening frying (heavy duty), beef tallow and cottonseed",4,,High-Protein,24,
173568,"Shortening confectionery, coconut (hydrogenated) and or palm kernel (hydrogenated)",4,"Nuts,Nuts (coconut)","Vegan,Vegetarian",48,
173569,"Shortening industrial, soybean (hydrogenated) and cottonseed",4,Soybeans,"Vegan,Vegetarian",24,
173570,"Oil, ucuhuba butter",4,,"Vegan,Vegetarian",24,
173571,"Fat, turkey",4,,High-Protein,24,
173572,"Fat, goose",4,,High-Protein,24,
173573,"Oil, avocado",4,,"Vegan,Vegetarian",24,
173574,"Shortening, special purpose for cakes and frostings, soybean (hydrogenated)",4,Soybeans,"Vegan,Vegetarian",24,
173575,"Shortening, special purpose for baking, soybean (hydrogenated) palm and cottonseed",4,Soybeans,"Vegan,Vegetarian",24,
173576,"Oil, oat",4,Cereals containing gluten (oats),"Vegan,Vegetarian",24,
173577,"Fish oil, cod liver",4,Fish,Pescatarian,24,
173578,"Fish oil, sardine",4,Fish,Pescatarian,24,
173579,"Shortening, multipurpose, soybean (hydrogenated) and palm (hydrogenated)",4,Soybeans,"Vegan,Vegetarian",24,
173580,"Margarine-like, vegetable oil-butter spread, tub, with salt",4,"Milk,Soybeans",Vegetarian,24,
173581,"Butter, light, stick, with salt",4,Milk,"Low-Fat,Vegetarian",24,
173582,"Margarine-like, vegetable oil spread, 60% fat, tub, with salt",4,Soybeans,"Vegan,Vegetarian",24,
173583,"Margarine-like, vegetable oil spread, 60% fat, stick/tub/bottle, with salt",4,Soybeans,"Vegan,Vegetarian",24,
173584,"Shortening, vegetable, household, composite",4,Soybeans,"Vegan,Vegetarian",24,
173585,"Margarine, regular, 80% fat, composite, stick, without salt",4,Soybeans,"Low Sodium,Vegan,Vegetarian",24,
173586,"Margarine-like spread with yogurt, approximately 40% fat, tub, with salt",4,"Milk,Soybeans",Vegetarian,24,
173587,"Margarine, 80% fat, stick, includes regular and hydrogenated corn and soybean oils",4,Soybeans,"Vegan,Vegetarian",24,
173588,"Margarine, margarine-type vegetable oil spread, 70% fat, soybean and partially hydrogenated soybean, stick",4,Soybeans,"Vegan,Vegetarian",24,
173589,"Margarine Spread, 40-49% fat, tub",4,Soybeans,"Vegan,Vegetarian",24,
173590,"Salad dressing, italian dressing, fat-free",4,,"Fat-Free,Low-Fat,Vegan,Vegetarian",24,
173591,"Salad dressing, ranch dressing, fat-free",4,Milk,"Fat-Free,Low-Fat,Vegetarian",24,
173592,"Salad dressing, ranch dressing, regular",4,"Eggs,Milk",Vegetarian,24,
173593,"Salad dressing, ranch dressing, reduced fat",4,"Eggs,Milk","Low-Fat,Vegetarian",24,
173594,"Salad dressing, mayonnaise, light",4,Eggs,Vegetarian,24,
173595,"Oil, industrial, coconut, principal uses candy coatings, oil sprays, roasting nuts",4,"Nuts,Nuts (coconut)","Vegan,Vegetarian",48,
173596,"Oil, industrial, soy (partially hydrogenated), principal uses popcorn and flavoring vegetables",4,Soybeans,"Vegan,Vegetarian",48,
173597,"Shortening, industrial, soy (partially hydrogenated), pourable liquid fry shortening",4,Soybeans,"Vegan,Vegetarian",24,
173598,"Oil, industrial, soy, refined, for woks and light frying",4,Soybeans,"Vegan,Vegetarian",24,
173599,"Margarine-like shortening, industrial, soy (partially hydrogenated), cottonseed, and soy, principal use flaky pastries",4,Soybeans,"Vegan,Vegetarian",24,
173600,"Oil, industrial, palm kernel, confection fat, uses similar to high quality cocoa butter",4,,"Vegan,Vegetarian",24,
173601,"Oil, industrial, palm kernel (hydrogenated), confection fat, uses similar to 95 degree hard butter",4,,"Vegan,Vegetarian",24,
173602,"Oil, industrial, palm kernel (hydrogenated), confection fat, intermediate grade product",4,,"Vegan,Vegetarian",24,
173603,"Oil, industrial, palm kernel (hydrogenated), filling fat",4,,"Vegan,Vegetarian",24,
173604,"Oil, industrial, soy (partially hydrogenated ), palm, principal uses icings and fillings",4,Soybeans,"Vegan,Vegetarian",24,
173605,"Margarine, industrial, non-dairy, cottonseed, soy oil (partially hydrogenated ), for flaky pastries",4,Soybeans,"Vegan,Vegetarian",24,
173606,"Shortening, industrial, soy (partially hydrogenated ) and corn for frying",4,Soybeans,"Vegan,Vegetarian",24,
173607,"Shortening, industrial, soy (partially hydrogenated ) for baking and confections",4,Soybeans,"Vegan,Vegetarian",24,
173608,"Margarine-like spread, SMART BEAT Super Light without saturated fat",4,Soybeans,"Fat-Free,Low-Fat,Vegan,Vegetarian",24,
173609,"Margarine-like spread, SMART BEAT Smart Squeeze",4,Soybeans,"Fat-Free,Low-Fat,Vegan,Vegetarian",24,
173610,"Margarine-like spread, SMART BALANCE Omega Plus Spread (with plant sterols & fish oil)",4,"Fish,Soybeans","Pescatarian,Vegetarian",24,
173611,"Chicken, broilers or fryers, drumstick, meat and skin, cooked, fried, flour",5,Cereals containing gluten,High-Protein,24,
173612,"Chicken, broilers or fryers, drumstick, meat and skin, cooked, roasted",5,,High-Protein,24,
173613,"Chicken, broilers or fryers, drumstick, meat and skin, cooked, stewed",5,,High-Protein,24,
173614,"Chicken, broilers or fryers, dark meat, drumstick, meat only, raw",5,,High-Protein,24,
173615,"Chicken, broilers or fryers, leg, meat and skin, cooked, fried, batter",5,"Cereals containing gluten,Eggs,Milk",High-Protein,24,
173616,"Chicken, broilers or fryers, leg, meat and skin, cooked, fried, flour",5,Cereals containing gluten,High-Protein,24,
173617,"Chicken, broilers or fryers, leg, meat and skin, cooked, roasted",5,,High-Protein,24,
173618,"Chicken, broilers or fryers, leg, meat and skin, cooked, stewed",5,,High-Protein,24,
173619,"Chicken, broilers or fryers, leg, meat only, raw",5,,High-Protein,24,
173620,"Chicken, broilers or fryers, neck, meat and skin, cooked, fried, batter",5,"Cereals containing gluten,Eggs,Milk",High-Protein,24,
173621,"Chicken, broilers or fryers, neck, meat and skin, cooked, fried, flour",5,Cereals containing gluten,High-Protein,24,
173622,"Chicken, broilers or fryers, neck, meat and skin, cooked simmered",5,,High-Protein,24,
173623,"Chicken, broilers or fryers, neck, meat only, raw",5,,High-Protein,24,
173624,"Chicken, broilers or fryers, thigh, meat and skin, cooked, fried, flour",5,Cereals containing gluten,High-Protein,24,
173625,"Chicken, broilers or fryers, thigh, meat and skin, cooked, roasted",5,,High-Protein,24,
173626,"Chicken, broilers or fryers, thigh, meat and skin, cooked, stewed",5,,High-Protein,24,
173627,"Chicken, broilers or fryers, dark meat, thigh, meat only, raw",5,,High-Protein,24,
173628,"Chicken, broilers or fryers, wing, meat and skin, cooked, fried, batter",5,"Cereals containing gluten,Eggs,Milk",High-Protein,24,
173629,"Chicken, broilers or fryers, wing, meat and skin, cooked, fried, flour",5,Cereals containing gluten,High-Protein,24,
173630,"Chicken, broilers or fryers, wing, meat and skin, cooked, roasted",5,,High-Protein,24,
173631,"Chicken, broilers or fryers, wing, meat and skin, cooked, stewed",5,,High-Protein,24,
173632,"Chicken, broilers or fryers, wing, meat only, raw",5,,High-Protein,24,
173633,"Chicken, roasting, meat and skin and giblets and neck, cooked, roasted",5,,High-Protein,24,
173634,"Canada Goose, breast meat only, skinless, raw",5,,High-Protein,24,
173635,"Chicken, roasting, meat and skin, cooked, roasted",5,,High-Protein,24,
173636,"Chicken, roasting, meat only, raw",5,,High-Protein,24,
173637,"Chicken, roasting, light meat, meat only, cooked, roasted",5,,High-Protein,24,
173638,"Chicken, roasting, dark meat, meat only, raw",5,,High-Protein,24,
173639,"Chicken, roasting, dark meat, meat only, cooked, roasted",5,,High-Protein,24,
173640,"Chicken, stewing, meat and skin, and giblets and neck, raw",5,,High-Protein,24,
173641,"Chicken, stewing, giblets, raw",5,,High-Protein,24,
173642,"Chicken, stewing, giblets, cooked, simmered",5,,High-Protein,24,
173643,"Chicken, stewing, light meat, meat only, raw",5,,High-Protein,24,
173644,"Chicken, stewing, light meat, meat only, cooked, stewed",5,,High-Protein,24,
173645,"Chicken, capons, meat and skin, raw",5,,High-Protein,24,
173646,"Chicken, capons, meat and skin, cooked, roasted",5,,High-Protein,24,
173647,"Beverages, water, tap, drinking",14,,"Vegan,Vegetarian",0,
173648,"Beverages, coffee substitute, cereal grain beverage, powder, prepared with whole milk",14,"Cereals containing gluten,Cereals containing gluten (barley),Cereals containing gluten (rye),Milk",Vegetarian,24,
173649,"Beverages, Dairy drink mix, chocolate, reduced calorie, with low-calorie sweeteners, powder",14,"Milk,Soybeans",Vegetarian,24,
173650,"Beverages, dairy drink mix, chocolate, reduced calorie, with aspartame, powder, prepared with water and ice",14,"Milk,Soybeans",Vegetarian,24,
173651,"Beverages, Orange-flavor drink, breakfast type, with pulp, frozen concentrate.",14,,"Vegan,Vegetarian,Vitamin-Rich",24,
173652,"Beverages, Orange-flavor drink, breakfast type, with pulp, frozen concentrate, prepared with water",14,,"Vegan,Vegetarian,Vitamin-Rich",24,
173653,"Cranberry juice cocktail, frozen concentrate",14,,"Vegan,Vegetarian,Vitamin-Rich",24,
173654,"Cranberry juice cocktail, frozen concentrate, prepared with water",14,,"Vegan,Vegetarian,Vitamin-Rich",24,
173655,"Beverages, water, bottled, non-carbonated, DANNON",14,,"Vegan,Vegetarian",24,
173656,"Beverages, water, bottled, non-carbonated, PEPSI, AQUAFINA",14,,"Vegan,Vegetarian",24,
173657,"Water, bottled, non-carbonated, NAYA",14,,"Vegan,Vegetarian",24,
173658,"Beverages, DANNON, water, bottled, non-carbonated, with Fluoride",14,,"Vegan,Vegetarian",24,
173659,"Beverages, drink mix, QUAKER OATS, GATORADE, orange flavor, powder",14,,"Vegan,Vegetarian",24,
173660,"Beverages, PEPSICO QUAKER, Gatorade, G performance O 2, ready-to-drink.",14,,"Vegan,Vegetarian",24,
173661,"Whiskey sour mix, bottled, with added potassium and sodium",14,,"Vegan,Vegetarian",24,
173662,"Alcoholic beverage, whiskey sour",14,Cereals containing gluten,"Vegan,Vegetarian",252,
173663,"Alcoholic beverage, distilled, all (gin, rum, vodka, whiskey) 94 proof",14,Cereals containing gluten,"Vegan,Vegetarian",252,
173664,"Alcoholic beverage, distilled, all (gin, rum, vodka, whiskey) 100 proof",14,Cereals containing gluten,"Vegan,Vegetarian",252,
173665,"Alcoholic beverage, liqueur, coffee, 63 proof",14,,"Vegan,Vegetarian",252,
173666,"Lemonade, frozen concentrate, pink",14,,"Vegan,Vegetarian,Vitamin-Rich",24,
173667,"Beverages, lemonade, frozen concentrate, pink, prepared with water",14,,"Vegan,Vegetarian,Vitamin-Rich",24,
173668,"Fish, herring, Atlantic, kippered",15,Fish,"High-Protein,Pescatarian",24,
173669,"Fish, herring, Pacific, raw",15,Fish,"High-Protein,Pescatarian",24,
173670,"Fish, ling, raw",15,Fish,"High-Protein,Pescatarian",24,
173671,"Fish, lingcod, raw",15,Fish,"High-Protein,Pescatarian",24,
173672,"Fish, mackerel, Pacific and jack, mixed species, raw",15,Fish,"High-Protein,Pescatarian",24,
173673,"Fish, mackerel, spanish, raw",15,Fish,"High-Protein,Pescatarian",24,
173674,"Fish, mackerel, spanish, cooked, dry heat",15,Fish,"High-Protein,Pescatarian",24,
173675,"Fish, milkfish, raw",15,Fish,"High-Protein,Pescatarian",24,
173676,"Fish, monkfish, raw",15,Fish,"High-Protein,Pescatarian",24,
173677,"Fish, pout, ocean, raw",15,Fish,"High-Protein,Pescatarian",24,
173678,"Fish, perch, mixed species, raw",15,Fish,"High-Protein,Pescatarian",24,
173679,"Fish, perch, mixed species, cooked, dry heat",15,Fish,"High-Protein,Pescatarian",24,
173680,"Fish, pike, northern, raw",15,Fish,"High-Protein,Pescatarian",24,
173681,"Fish, pollock, Alaska, cooked, dry heat (may contain additives to retain moisture)",15,Fish,"High-Protein,Pescatarian",24,
173682,"Fish, pompano, florida, raw",15,Fish,"High-Protein,Pescatarian",24,
173683,"Fish, pompano, florida, cooked, dry heat",15,Fish,"High-Protein,Pescatarian",24,
173684,"Fish, rockfish, Pacific, mixed species, raw",15,Fish,"High-Protein,Pescatarian",24,
173685,"Fish, sablefish, smoked",15,Fish,"High-Protein,Pescatarian",24,
173686,"Fish, salmon, Atlantic, wild, raw",15,Fish,"High-Protein,Pescatarian",24,
173687,"Fish, salmon, chinook, smoked",15,Fish,"High-Protein,Pescatarian",24,
173688,"Fish, salmon, chinook, raw",15,Fish,"High-Protein,Pescatarian",24,
173689,"Fish, salmon, chum, raw",15,Fish,"High-Protein,Pescatarian",24,
173690,"Fish, salmon, pink, canned, total can contents",15,Fish,"High-Protein,Pescatarian",24,
173691,"Fish, salmon, sockeye, raw",15,Fish,"High-Protein,Pescatarian",24,
173692,"Fish, salmon, sockeye, cooked, dry heat",15,Fish,"High-Protein,Pescatarian",24,
173693,"Fish, salmon, sockeye, canned, drained solids",15,Fish,"High-Protein,Pescatarian",24,
173694,"Fish, sea bass, mixed species, cooked, dry heat",15,Fish,"High-Protein,Pescatarian",24,
173695,"Fish, seatrout, mixed species, raw",15,Fish,"High-Protein,Pescatarian",24,
173696,"Fish, shad, american, raw",15,Fish,"High-Protein,Pescatarian",24,
173697,"Fish, shark, mixed species, raw",15,Fish,"High-Protein,Pescatarian",24,
173698,"Fish, snapper, mixed species, raw",15,Fish,"High-Protein,Pescatarian",24,
173699,"Fish, snapper, mixed species, cooked, dry heat",15,Fish,"High-Protein,Pescatarian",24,
173700,"Fish, spot, raw",15,Fish,"High-Protein,Pescatarian",24,
173701,"Fish, sturgeon, mixed species, raw",15,Fish,"High-Protein,Pescatarian",24,
173702,"Fish, surimi",15,"Cereals containing gluten,Crustaceans,Eggs,Fish,Soybeans","High-Protein,Pescatarian",24,
173703,"Fish, swordfish, raw",15,Fish,"High-Protein,Pescatarian",24,
173704,"Fish, swordfish, cooked, dry heat",15,Fish,"High-Protein,Pescatarian",24,
173705,"Fish, tilefish, raw",15,Fish,"High-Protein,Pescatarian",24,
173706,"Fish, tuna, fresh, bluefin, raw",15,Fish,"High-Protein,Pescatarian",24,
173707,"Fish, tuna, fresh, bluefin, cooked, dry heat",15,Fish,"High-Protein,Pescatarian",24,
173708,"Fish, tuna, light, canned in oil, drained solids",15,Fish,"High-Protein,Pescatarian",24,
173709,"Fish, tuna, light, canned in water, drained solids (Includes foods for USDA's Food Distribution Program)",15,Fish,"High-Protein,Pescatarian",24,
173710,"Fish, turbot, european, raw",15,Fish,"High-Protein,Pescatarian",24,
173711,"Fish, whitefish, mixed species, raw",15,Fish,"High-Protein,Pescatarian",24,
173712,"Fish, whitefish, mixed species, smoked",15,Fish,"High-Protein,Pescatarian",24,
173713,"Fish, whiting, mixed species, raw",15,Fish,"High-Protein,Pescatarian",24,
173714,"Fish, catfish, channel, wild, cooked, dry heat",15,Fish,"High-Protein,Pescatarian",24,
173715,"Fish, salmon, coho, farmed, raw",15,Fish,"High-Protein,Pescatarian",24,
173716,"Fish, salmon, coho, farmed, cooked, dry heat",15,Fish,"High-Protein,Pescatarian",24,
173717,"Fish, trout, rainbow, farmed, raw",15,Fish,"High-Protein,Pescatarian",24,
173718,"Fish, trout, rainbow, farmed, cooked, dry heat",15,Fish,"High-Protein,Pescatarian",24,
173719,"Fish, salmon, coho, wild, cooked, dry heat",15,Fish,"High-Protein,Pescatarian",24,
173720,"Mollusks, conch, baked or broiled",15,Molluscs,"High-Protein,Pescatarian",24,
173721,"Salmon nuggets, breaded, frozen, heated",15,"Cereals containing gluten,Fish","High-Protein,Pescatarian",24,
173722,"Salmon nuggets, cooked as purchased, unheated",15,"Cereals containing gluten,Fish","High-Protein,Pescatarian",24,
173723,"Salmon, sockeye, canned, drained solids, without skin and bones",15,Fish,"High-Protein,Pescatarian",24,
173724,"Fish, Salmon, pink, canned, drained solids, without skin and bones",15,Fish,"High-Protein,Pescatarian",24,
173725,"Fish, pollock, Alaska, raw",15,Fish,"High-Protein,Pescatarian",24,
173726,"Fish, pollock, Alaska, cooked",15,Fish,"High-Protein,Pescatarian",24,
173727,"Beans, adzuki, mature seeds, raw",16,,"High-Protein,Vegan,Vegetarian",24,
173728,"Beans, adzuki, mature seeds, cooked, boiled, without salt",16,,"High-Protein,Low Sodium,Vegan,Vegetarian",24,
173729,"Beans, adzuki, mature seeds, canned, sweetened",16,,"High-Protein,Vegan,Vegetarian",24,
173730,"Yokan, prepared from adzuki beans and sugar",16,,"Vegan,Vegetarian",24,
173731,"Beans, baked, home prepared",16,,"High-Protein,Vegan,Vegetarian",24,
173732,"Beans, baked, canned, with pork and sweet sauce",16,,High-Protein,24,
173733,"Beans, baked, canned, with pork and tomato sauce",16,,High-Protein,24,
173734,"Beans, black, mature seeds, raw",16,,"High-Protein,Vegan,Vegetarian",24,
173735,"Beans, black, mature seeds, cooked, boiled, without salt",16,,"High-Protein,Low Sodium,Vegan,Vegetarian",24,
173736,"Beans, cranberry (roman), mature seeds, cooked, boiled, without salt",16,,"High-Protein,Low Sodium,Vegan,Vegetarian",24,
173737,"Beans, cranberry (roman), mature seeds, canned",16,,"High-Protein,Vegan,Vegetarian",24,
173738,"Beans, french, mature seeds, raw",16,,"High-Protein,Vegan,Vegetarian",24,
173739,"Beans, french, mature seeds, cooked, boiled, without salt",16,,"High-Protein,Low Sodium,Vegan,Vegetarian",24,
173740,"Beans, kidney, all types, mature seeds, cooked, boiled, without salt",16,,"High-Protein,Low Sodium,Vegan,Vegetarian",24,
173741,"Beans, kidney, all types, mature seeds, canned",16,,"High-Protein,Vegan,Vegetarian",24,
173742,"Beans, kidney, california red, mature seeds, raw",16,,"High-Protein,Vegan,Vegetarian",24,
173743,"Beans, kidney, california red, mature seeds, cooked, boiled, without salt",16,,"High-Protein,Low Sodium,Vegan,Vegetarian",24,
173744,"Beans, kidney, red, mature seeds, raw",16,,"High-Protein,Vegan,Vegetarian",24,
173745,"Beans, navy, mature seeds, raw",16,,"High-Protein,Vegan,Vegetarian",24,
173746,"Beans, navy, mature seeds, cooked, boiled, without salt",16,,"High-Protein,Low Sodium,Vegan,Vegetarian",24,
173747,"Beans, navy, mature seeds, canned",16,,"High-Protein,Vegan,Vegetarian",24,
173748,"Beans, pink, mature seeds, raw",16,,"High-Protein,Vegan,Vegetarian",24,
173749,"Beans, small white, mature seeds, raw",16,,"High-Protein,Vegan,Vegetarian",24,
173750,"Beans, small white, mature seeds, cooked, boiled, without salt",16,,"High-Protein,Low Sodium,Vegan,Vegetarian",24,
173751,"Beans, yellow, mature seeds, raw",16,,"High-Protein,Vegan,Vegetarian",24,
173752,"Beans, yellow, mature seeds, cooked, boiled, without salt",16,,"High-Protein,Low Sodium,Vegan,Vegetarian",24,
173753,"Broadbeans (fava beans), mature seeds, cooked, boiled, without salt",16,,"High-Protein,Low Sodium,Vegan,Vegetarian",24,
173754,"Broadbeans (fava beans), mature seeds, canned",16,,"High-Protein,Vegan,Vegetarian",24,
173755,Carob flour,16,,"Vegan,Vegetarian",24,
173756,"Chickpeas (garbanzo beans, bengal gram), mature seeds, raw",16,,"High-Protein,Vegan,Vegetarian",24,
173757,"Chickpeas (garbanzo beans, bengal gram), mature seeds, cooked, boiled, without salt",16,,"High-Protein,Low Sodium,Vegan,Vegetarian",24,
173758,"Cowpeas, common (blackeyes, crowder, southern), mature seeds, raw",16,,"High-Protein,Vegan,Vegetarian",24,
173759,"Cowpeas, common (blackeyes, crowder, southern), mature seeds, cooked, boiled, without salt",16,,"High-Protein,Low Sodium,Vegan,Vegetarian",24,
173760,"Cowpeas, common (blackeyes, crowder, southern), mature seeds, canned, plain",16,,"High-Protein,Vegan,Vegetarian",24,
173761,"Cowpeas, common (blackeyes, crowder, southern), mature seeds, canned with pork",16,,High-Protein,24,
173762,"Vitasoy USA, Organic Nasoya Extra Firm Tofu",16,Soybeans,"High-Protein,Vegan,Vegetarian",24,
173763,"Vitasoy USA, Organic Nasoya Firm Tofu",16,Soybeans,"High-Protein,Vegan,Vegetarian",24,
173764,"Vitasoy USA, Organic Nasoya Silken Tofu",16,Soybeans,"High-Protein,Vegan,Vegetarian",24,
173765,"Soymilk (All flavors), enhanced",16,Soybeans,"High-Protein,Vegan,Vegetarian",24,
173766,"Soymilk, original and vanilla, light, with added calcium, vitamins A and D",16,Soybeans,"High-Protein,Low-Fat,Mineral-Rich,Vegan,Vegetarian,Vitamin-Rich",24,
173767,"Soymilk, chocolate and other flavors, light, with added calcium, vitamins A and D",16,Soybeans,"High-Protein,Low-Fat,Mineral-Rich,Vegan,Vegetarian,Vitamin-Rich",24,
173768,"Soymilk, original and vanilla, light, unsweetened, with added calcium, vitamins A and D",16,Soybeans,"High-Protein,Low-Fat,Mineral-Rich,No Added Sugar,Vegan,Vegetarian,Vitamin-Rich",24,
173769,"Soymilk (All flavors), lowfat, with added calcium, vitamins A and D",16,Soybeans,"High-Protein,Low-Fat,Mineral-Rich,Vegan,Vegetarian,Vitamin-Rich",24,
173770,"SILK Chocolate, soymilk",16,Soybeans,"High-Protein,Vegan,Vegetarian",24,
173771,"SILK Light Plain, soymilk",16,Soybeans,"High-Protein,Low-Fat,Vegan,Vegetarian",24,
173772,"SILK Light Vanilla, soymilk",16,Soybeans,"High-Protein,Low-Fat,Vegan,Vegetarian",24,
173773,"SILK Light Chocolate, soymilk",16,Soybeans,"High-Protein,Low-Fat,Vegan,Vegetarian",24,
173774,"SILK Very Vanilla, soymilk",16,Soybeans,"High-Protein,Vegan,Vegetarian",24,
173775,"SILK Nog, soymilk",16,Soybeans,"High-Protein,Vegan,Vegetarian",24,
173776,"SILK Chai, soymilk",16,Soybeans,"High-Protein,Vegan,Vegetarian",24,
173777,"SILK Mocha, soymilk",16,Soybeans,"High-Protein,Vegan,Vegetarian",24,
173778,SILK Raspberry soy yogurt,16,Soybeans,"High-Protein,Vegan,Vegetarian,Vitamin-Rich",24,
173779,SILK Peach soy yogurt,16,Soybeans,"High-Protein,Vegan,Vegetarian,Vitamin-Rich",24,
173780,SILK Black Cherry soy yogurt,16,Soybeans,"High-Protein,Vegan,Vegetarian,Vitamin-Rich",24,
173781,SILK Blueberry soy yogurt,16,Soybeans,"High-Protein,Vegan,Vegetarian,Vitamin-Rich",24,
173782,SILK Hazelnut Creamer,16,"Nuts,Nuts (hazelnuts),Soybeans","Vegan,Vegetarian",48,
173783,"Vitasoy USA Organic Nasoya, Soft Tofu",16,Soybeans,"High-Protein,Vegan,Vegetarian",24,
173784,"Vitasoy USA Nasoya, Lite Silken Tofu",16,Soybeans,"High-Protein,Vegan,Vegetarian",24,
173785,"Vitasoy USA Organic Nasoya, Tofu Plus Extra Firm",16,Soybeans,"High-Protein,Vegan,Vegetarian",24,
173786,"Vitasoy USA Azumaya, Silken Tofu",16,Soybeans,"High-Protein,Vegan,Vegetarian",24,
173787,HOUSE FOODS Premium Soft Tofu,16,Soybeans,"High-Protein,Vegan,Vegetarian",24,
173788,HOUSE FOODS Premium Firm Tofu,16,Soybeans,"High-Protein,Vegan,Vegetarian",24,
173789,"Beans, adzuki, mature seed, cooked, boiled, with salt",16,,"High-Protein,Vegan,Vegetarian",24,
173790,"Beans, great northern, mature seeds, cooked, boiled, with salt",16,,"High-Protein,Vegan,Vegetarian",24,
173791,"Beans, great northern, mature seeds, canned, low sodium",16,,"High-Protein,Low Sodium,Vegan,Vegetarian",24,
173792,"Beans, kidney, all types, mature seeds, cooked, boiled, with salt",16,,"High-Protein,Vegan,Vegetarian",24,
173793,"Beans, kidney, california red, mature seeds, cooked, boiled, with salt",16,,"High-Protein,Vegan,Vegetarian",24,
173794,"Beans, navy, mature seeds, cooked, boiled, with salt",16,,"High-Protein,Vegan,Vegetarian",24,
173795,"Beans, pink, mature seeds, cooked, boiled, with salt",16,,"High-Protein,Vegan,Vegetarian",24,
173796,"Beans, pinto, mature seeds, cooked, boiled, with salt",16,,"High-Protein,Vegan,Vegetarian",24,
173797,"Beans, pinto, mature seeds, canned, drained solids, rinsed in tap water",16,,"High-Protein,Vegan,Vegetarian",24,
173798,"Broadbeans (fava beans), mature seeds, cooked, boiled, with salt",16,,"High-Protein,Vegan,Vegetarian",24,
173799,"Chickpeas (garbanzo beans, bengal gram), mature seeds, cooked, boiled, with salt",16,,"High-Protein,Vegan,Vegetarian",24,
173800,"Chickpeas (garbanzo beans, bengal gram), mature seeds, canned, drained solids",16,,"High-Protein,Vegan,Vegetarian",24,
173801,"Chickpeas (garbanzo beans, bengal gram), mature seeds, canned, drained, rinsed in tap water",16,,"High-Protein,Vegan,Vegetarian",24,
173802,"Lima beans, large, mature seeds, cooked, boiled, with salt",16,,"High-Protein,Vegan,Vegetarian",24,
173803,"Lima beans, thin seeded (baby), mature seeds, cooked, boiled, with salt",16,,"High-Protein,Vegan,Vegetarian",24,
173804,"Lupins, mature seeds, cooked, boiled, with salt",16,,"High-Protein,Vegan,Vegetarian",24,
173805,"Mothbeans, mature seeds, cooked, boiled, with salt",16,,"High-Protein,Vegan,Vegetarian",24,
173806,"Peanuts, all types, dry-roasted, without salt",16,Peanuts,"High-Protein,Low Sodium,Vegan,Vegetarian",48,
173807,"Peanuts, spanish, oil-roasted, without salt",16,Peanuts,"High-Protein,Low Sodium,Vegan,Vegetarian",48,
173808,"Peanuts, valencia, oil-roasted, without salt",16,Peanuts,"High-Protein,Low Sodium,Vegan,Vegetarian",48,
173809,"Peanuts, virginia, oil-roasted, without salt",16,Peanuts,"High-Protein,Low Sodium,Vegan,Vegetarian",48,
173810,"Lamb, New Zealand, imported, loin chop, separable lean only, raw",17,,High-Protein,24,
173811,"Lamb, New Zealand, imported, frozen, loin, separable lean only, cooked, broiled",17,,High-Protein,24,
173812,"Lamb, New Zealand, imported, rack - partly frenched, separable lean and fat, raw",17,,High-Protein,24,
173813,"Lamb, New Zealand, imported, rack - partly frenched, separable lean and fat, cooked, fast roasted",17,,High-Protein,24,
173814,"Lamb, New Zealand, imported, frozen, shoulder, whole (arm and blade), separable lean only, cooked, braised",17,,High-Protein,24,
173815,"Veal, composite of trimmed retail cuts, separable lean and fat, raw",17,,High-Protein,24,
173816,"Veal, composite of trimmed retail cuts, separable lean and fat, cooked",17,,High-Protein,24,
173817,"Veal, composite of trimmed retail cuts, separable lean only, raw",17,,High-Protein,24,
173818,"Veal, leg (top round), separable lean and fat, cooked, braised",17,,High-Protein,24,
173819,"Veal, leg (top round), separable lean and fat, cooked, pan-fried, breaded",17,"Cereals containing gluten,Eggs",High-Protein,24,
173820,"Veal, leg (top round), separable lean and fat, cooked, pan-fried, not breaded",17,,High-Protein,24,
173821,"Veal, leg (top round), separable lean and fat, cooked, roasted",17,,High-Protein,24,
173822,"Veal, leg (top round), separable lean only, cooked, roasted",17,,High-Protein,24,
173823,"Veal, loin, separable lean and fat, raw",17,,High-Protein,24,
173824,"Veal, loin, separable lean and fat, cooked, braised",17,,High-Protein,24,
173825,"Veal, loin, separable lean and fat, cooked, roasted",17,,High-Protein,24,
173826,"Veal, loin, separable lean only, raw",17,,High-Protein,24,
173827,"Veal, rib, separable lean and fat, cooked, roasted",17,,High-Protein,24,
173828,"Veal, rib, separable lean only, raw",17,,High-Protein,24,
173829,"Veal, rib, separable lean only, cooked, braised",17,,High-Protein,24,
173830,"Veal, rib, separable lean only, cooked, roasted",17,,High-Protein,24,
173831,"Veal, shoulder, whole (arm and blade), separable lean only, cooked, braised",17,,High-Protein,24,
173832,"Veal, shoulder, whole (arm and blade), separable lean only, cooked, roasted",17,,High-Protein,24,
173833,"Veal, shoulder, arm, separable lean and fat, raw",17,,High-Protein,24,
173834,"Veal, shoulder, arm, separable lean and fat, cooked, braised",17,,High-Protein,24,
173835,"Veal, shoulder, blade chop, separable lean and fat, raw",17,,High-Protein,24,
173836,"Veal, shoulder, blade, separable lean and fat, cooked, braised",17,,High-Protein,24,
173837,"Veal, shoulder, blade, separable lean and fat, cooked, roasted",17,,High-Protein,24,
173838,"Veal, shoulder, blade chop, separable lean only, raw",17,,High-Protein,24,
173839,"Veal, shoulder, blade, separable lean only, cooked, braised",17,,High-Protein,24,
173840,"Veal, sirloin, separable lean only, raw",17,,High-Protein,24,
173841,"Veal, sirloin, separable lean only, cooked, braised",17,,High-Protein,24,
173842,"Veal, sirloin, separable lean only, cooked, roasted",17,,High-Protein,24,
173843,"Veal, cubed for stew (leg and shoulder), separable lean only, raw",17,,High-Protein,24,
173844,"Game meat, antelope, cooked, roasted",17,,High-Protein,24,
173845,"Game meat, bear, raw",17,,High-Protein,24,
173846,"Game meat, bear, cooked, simmered",17,,High-Protein,24,
173847,"Bison, ground, grass-fed, cooked",17,,High-Protein,24,
173848,"Game meat, beefalo, composite of cuts, cooked, roasted",17,,High-Protein,24,
173849,"Veal, Australian, separable fat, raw",17,,High-Protein,24,
173850,"Veal, Australian, rib, rib roast, separable lean and fat, raw",17,,High-Protein,24,
173851,"Game meat, bison, separable lean only, raw",17,,High-Protein,24,
173852,"Game meat, bison, separable lean only, cooked, roasted",17,,High-Protein,24,
173853,"Game meat, caribou, raw",17,,High-Protein,24,
173854,"Game meat, caribou, cooked, roasted",17,,High-Protein,24,
173855,"Game meat, deer, raw",17,,High-Protein,24,
173856,"Bologna, pork",7,,High-Protein,24,
173857,"Bologna, turkey",7,,High-Protein,24,
173858,Chicken spread,7,"Cereals containing gluten,Eggs,Milk,Soybeans",High-Protein,24,
173859,"Sausage, pork, chorizo, link or ground, raw",7,,High-Protein,24,
173860,"Corned beef loaf, jellied",7,,High-Protein,24,
173861,"Dutch brand loaf, chicken, pork and beef",7,,High-Protein,24,
173862,"Frankfurter, beef, unheated",7,,High-Protein,24,
173863,"Ham, sliced, pre-packaged, deli meat (96%fat free, water added)",7,,"High-Protein,Low-Fat",24,
173864,"Ham, sliced, regular (approximately 11% fat)",7,,High-Protein,24,
173865,"Ham, minced",7,,High-Protein,24,
173866,Ham salad spread,7,"Eggs,Soybeans",High-Protein,24,
173867,"Knackwurst, knockwurst, pork, beef",7,,High-Protein,24,
173868,"Lebanon bologna, beef",7,,High-Protein,24,
173869,"Liver cheese, pork",7,,High-Protein,24,
173870,"Liver sausage, liverwurst, pork",7,,High-Protein,24,
173871,"Sausage, turkey, fresh, cooked",7,,High-Protein,24,
173872,"Bologna, chicken, pork, beef",7,,High-Protein,24,
173873,"Bologna, chicken, pork",7,,High-Protein,24,
173874,"Chicken breast, deli, rotisserie seasoned, sliced, prepackaged",7,,High-Protein,24,
173875,"Frankfurter, meat and poultry, unheated",7,,High-Protein,24,
173876,"Pork sausage, link/patty, fully cooked, unheated",7,,High-Protein,24,
173877,"Kielbasa, fully cooked, grilled",7,,High-Protein,24,
173878,"Kielbasa, fully cooked, pan-fried",7,,High-Protein,24,
173879,"Kielbasa, fully cooked, unheated",7,,High-Protein,24,
173880,"Sausage, chicken or turkey, Italian style,  lower sodium",7,,"High-Protein,Low Sodium",24,
173881,"Ham, smoked, extra lean, low sodium",7,,"High-Protein,Low Sodium,Low-Fat",24,
173882,"Pork sausage, reduced sodium, cooked",7,,"High-Protein,Low Sodium",24,
173883,"Sausage, pork, turkey, and beef, reduced sodium",7,,"High-Protein,Low Sodium",24,
173884,"Cereals ready-to-eat, GENERAL MILLS, CHEERIOS",8,Cereals containing gluten (oats),"Vegan,Vegetarian",24,
173885,"Cereals ready-to-eat, POST, COCOA PEBBLES",8,,"Vegan,Vegetarian",24,
173886,"Cereals ready-to-eat, QUAKER, QUAKER CRUNCHY BRAN",8,Cereals containing gluten,"Vegan,Vegetarian",24,
173887,"Cereals ready-to-eat, RALSTON CRISP RICE",8,"Cereals containing gluten,Cereals containing gluten (barley)","Vegan,Vegetarian",24,
173888,"Cereals ready-to-eat, POST Bran Flakes",8,"Cereals containing gluten,Cereals containing gluten (barley)","Vegan,Vegetarian",24,
173889,"Cereals ready-to-eat, POST, Honeycomb Cereal",8,,"Vegan,Vegetarian",12,
173890,"Cereals ready-to-eat, QUAKER, KING VITAMAN",8,,"Vegan,Vegetarian",24,
173891,"Cereals ready-to-eat, QUAKER, QUAKER OAT LIFE, plain",8,Cereals containing gluten (oats),"Vegan,Vegetarian",24,
173892,"Cereals ready-to-eat, QUAKER, 100% Natural Granola, Oats, Wheat and Honey",8,"Cereals containing gluten,Cereals containing gluten (oats),Nuts,Nuts (almonds),Nuts (coconut)",Vegetarian,48,
173893,"Cereals ready-to-eat, RALSTON TASTEEOS",8,Cereals containing gluten (oats),"Vegan,Vegetarian",24,
173894,"Cereals ready-to-eat, POST, Honey Nut Shredded Wheat",8,"Cereals containing gluten,Peanuts",Vegetarian,48,
173895,"Cereals ready-to-eat, MALT-O-MEAL, CORN BURSTS",8,Cereals containing gluten (oats),"Vegan,Vegetarian",24,
173896,"Cereals ready-to-eat, wheat germ, toasted, plain",8,Cereals containing gluten,"High-Protein,Vegan,Vegetarian",24,
173897,"Cereals, QUAKER, corn grits, instant, plain, prepared (microwaved or boiling water added), without salt",8,,"Low Sodium,Vegan,Vegetarian",24,
173898,"Cereals, QUAKER, corn grits, instant, cheddar cheese flavor, dry",8,"Milk,Soybeans",Vegetarian,24,
173899,"Cereals, QUAKER, Instant Grits, Country Bacon flavor, dry",8,Soybeans,High-Protein,24,
173900,"Cereals, CREAM OF RICE, dry",8,,"Gluten-Free,Vegan,Vegetarian",24,
173901,"Cereals, CREAM OF WHEAT, regular, 10 minute cooking, dry",8,Cereals containing gluten,"Vegan,Vegetarian",24,
173902,"Cereals, CREAM OF WHEAT, instant, prepared with water, without salt",8,Cereals containing gluten,"Low Sodium,Vegan,Vegetarian",24,
173903,"Cereals, MALT-O-MEAL, original, plain, dry",8,Cereals containing gluten,"Vegan,Vegetarian",24,
173904,"Cereals, oats, regular and quick, not fortified, dry",8,Cereals containing gluten (oats),"Vegan,Vegetarian",24,
173905,"Cereals, oats, regular and quick, unenriched, cooked with water (includes boiling and microwaving), without salt",8,Cereals containing gluten (oats),"Low Sodium,Vegan,Vegetarian",24,
173906,"Cereals, oats, instant, fortified, with cinnamon and spice, prepared with water",8,Cereals containing gluten (oats),"Vegan,Vegetarian",24,
173907,"Cereals, QUAKER, Instant Oatmeal, maple and brown sugar, dry",8,Cereals containing gluten (oats),"Vegan,Vegetarian",24,
173908,"Cereals, oats, instant, fortified, with raisins and spice, prepared with water",8,Cereals containing gluten (oats),"Vegan,Vegetarian,Vitamin-Rich",24,
173909,"Cereals ready-to-eat, MALT-O-MEAL, MARSHMALLOW MATEYS",8,"Cereals containing gluten,Cereals containing gluten (oats)",Vegetarian,24,
173910,"Cereals ready-to-eat, POST, Shredded Wheat, original big biscuit",8,Cereals containing gluten,"Vegan,Vegetarian",24,
173911,"Cereals ready-to-eat, POST, Shredded Wheat, original spoon-size",8,Cereals containing gluten,"Vegan,Vegetarian",24,
173912,"Cereals ready-to-eat, rice, puffed, fortified",8,"Cereals containing gluten,Cereals containing gluten (barley)","Vegan,Vegetarian",24,
173913,"Cereals ready-to-eat, wheat, puffed, fortified",8,"Cereals containing gluten,Cereals containing gluten (barley)","Vegan,Vegetarian",24,
173914,"Cereals, CREAM OF RICE, cooked with water, with salt",8,,"Gluten-Free,Vegan,Vegetarian",24,
173915,"Cereals, CREAM OF WHEAT, regular (10 minute), cooked with water, with salt",8,Cereals containing gluten,"Vegan,Vegetarian",24,
173916,"Cereals, farina, unenriched, dry",8,Cereals containing gluten,"Vegan,Vegetarian",24,
173917,"Cereals, farina, enriched, cooked with water, with salt",8,Cereals containing gluten,"Vegan,Vegetarian",24,
173918,"Cereals ready-to-eat, POST, Shredded Wheat, lightly frosted, spoon-size",8,"Cereals containing gluten,Soybeans","Vegan,Vegetarian",24,
173919,"Cereals ready-to-eat, POST SELECTS Blueberry Morning",8,"Cereals containing gluten,Nuts,Nuts (almonds),Nuts (pecans)","Vegetarian,Vitamin-Rich",48,
173920,"Cereals, oats, instant, fortified, maple and brown sugar, dry",8,Cereals containing gluten (oats),"Vegan,Vegetarian",24,
173921,"Cereals ready-to-eat, QUAKER WHOLE HEARTS oat cereal",8,Cereals containing gluten (oats),"Vegan,Vegetarian",24,
173922,"Cereals, QUAKER, Weight Control Instant Oatmeal, maple and brown sugar",8,"Cereals containing gluten,Cereals containing gluten (oats),Milk","High-Protein,Vegetarian",24,
173923,"Cereals, QUAKER, Weight Control Instant Oatmeal, banana bread",8,"Cereals containing gluten,Cereals containing gluten (oats),Milk","High-Protein,Vegetarian,Vitamin-Rich",24,
173924,"Cereals, QUAKER, oatmeal, REAL MEDLEYS, peach almond, dry",8,"Cereals containing gluten,Cereals containing gluten (oats),Milk,Nuts,Nuts (almonds)","Vegetarian,Vitamin-Rich",48,
173925,"Cereals, QUAKER, oatmeal, REAL MEDLEYS, cherry pistachio, dry",8,"Cereals containing gluten,Cereals containing gluten (oats),Milk,Nuts,Nuts (almonds),Nuts (pistachio nuts)","Vegetarian,Vitamin-Rich",48,
173926,"Cereals, QUAKER, Instant Oatmeal, weight control, cinnamon",8,"Cereals containing gluten,Cereals containing gluten (oats),Milk","High-Protein,Vegetarian",24,
173927,"Cereals ready-to-eat, MOM'S BEST, Sweetened WHEAT-FULS",8,Cereals containing gluten,"Vegan,Vegetarian",24,
173928,"Apples, raw, without skin, cooked, boiled",9,,"Vegan,Vegetarian,Vitamin-Rich",24,
173929,"Apples, raw, without skin, cooked, microwave",9,,"Vegan,Vegetarian,Vitamin-Rich",24,
173930,"Apples, canned, sweetened, sliced, drained, heated",9,,"Vegan,Vegetarian,Vitamin-Rich",24,
173931,"Apples, dehydrated (low moisture), sulfured, uncooked",9,Sulphur dioxide/sulphites,"Vegan,Vegetarian,Vitamin-Rich",24,
173932,"Apples, frozen, unsweetened, heated (Includes foods for USDA's Food Distribution Program)",9,,"No Added Sugar,Vegan,Vegetarian,Vitamin-Rich",24,
173933,"Apple juice, canned or bottled, unsweetened, without added ascorbic acid",9,,"No Added Sugar,Vegan,Vegetarian,Vitamin-Rich",24,
173934,"Apple juice, frozen concentrate, unsweetened, undiluted, without added ascorbic acid",9,,"No Added Sugar,Vegan,Vegetarian,Vitamin-Rich",24,
173935,"Apple juice, frozen concentrate, unsweetened, diluted with 3 volume water without added ascorbic acid",9,,"No Added Sugar,Vegan,Vegetarian,Vitamin-Rich",24,
173936,"Apricots, canned, water pack, without skin, solids and liquids",9,,"Vegan,Vegetarian,Vitamin-Rich",24,
173937,"Apricots, canned, juice pack, with skin, solids and liquids",9,,"Vegan,Vegetarian,Vitamin-Rich",24,
173938,"Apricots, canned, extra light syrup pack, with skin, solids and liquids (Includes foods for USDA's Food Distribution Program)",9,,"Vegan,Vegetarian,Vitamin-Rich",24,
173939,"Apricots, canned, light syrup pack, with skin, solids and liquids",9,,"Vegan,Vegetarian,Vitamin-Rich",24,
173940,"Apricots, dehydrated (low-moisture), sulfured, stewed",9,Sulphur dioxide/sulphites,"Vegan,Vegetarian,Vitamin-Rich",24,
173941,"Apricots, dried, sulfured, uncooked",9,Sulphur dioxide/sulphites,"Vegan,Vegetarian,Vitamin-Rich",24,
173942,"Apricots, dried, sulfured, stewed, without added sugar",9,Sulphur dioxide/sulphites,"No Added Sugar,Vegan,Vegetarian,Vitamin-Rich",24,
173943,"Apricots, dried, sulfured, stewed, with added sugar",9,Sulphur dioxide/sulphites,"Vegan,Vegetarian,Vitamin-Rich",24,
173944,"Bananas, raw",9,,"Vegan,Vegetarian,Vitamin-Rich",24,
173945,"Bananas, dehydrated, or banana powder",9,,"Vegan,Vegetarian,Vitamin-Rich",24,
173946,"Blackberries, raw",9,,"Vegan,Vegetarian,Vitamin-Rich",24,
173947,"Blackberry juice, canned",9,,"Vegan,Vegetarian,Vitamin-Rich",24,
173948,"Blueberries, canned, heavy syrup, solids and liquids",9,,"Vegan,Vegetarian,Vitamin-Rich",24,
173949,"Blueberries, wild, frozen (Includes foods for USDA's Food Distribution Program)",9,,"Vegan,Vegetarian,Vitamin-Rich",24,
173950,"Blueberries, frozen, unsweetened (Includes foods for USDA's Food Distribution Program)",9,,"No Added Sugar,Vegan,Vegetarian,Vitamin-Rich",24,
173951,"Blueberries, frozen, sweetened",9,,"Vegan,Vegetarian,Vitamin-Rich",24,
173952,"Carissa, (natal-plum), raw",9,,"Vegan,Vegetarian,Vitamin-Rich",24,
173953,"Cherimoya, raw",9,,"Vegan,Vegetarian,Vitamin-Rich",24,
173954,"Cherries, sour, red, raw",9,,"Vegan,Vegetarian,Vitamin-Rich",24,
173955,"Cherries, sour, red, canned, water pack, solids and liquids",9,,"Vegan,Vegetarian,Vitamin-Rich",24,
173956,"Cherries, sour, red, canned, light syrup pack, solids and liquids",9,,"Vegan,Vegetarian,Vitamin-Rich",24,
173957,"Cherries, sweet, canned, water pack, solids and liquids",9,,"Vegan,Vegetarian,Vitamin-Rich",24,
173958,"Cherries, sweet, canned, juice pack, solids and liquids",9,,"Vegan,Vegetarian,Vitamin-Rich",24,
173959,"Cherries, sweet, canned, light syrup pack, solids and liquids",9,,"Vegan,Vegetarian,Vitamin-Rich",24,
173960,"Cherries, sweet, canned, pitted, heavy syrup pack, solids and liquids",9,,"Vegan,Vegetarian,Vitamin-Rich",24,
173961,"Cranberry sauce, canned, sweetened",9,,"Vegan,Vegetarian,Vitamin-Rich",24,
173962,"Cranberry-orange relish, canned",9,,"Vegan,Vegetarian,Vitamin-Rich",24,
173963,"Currants, european black, raw",9,,"Vegan,Vegetarian,Vitamin-Rich",24,
173964,"Currants, red and white, raw",9,,"Vegan,Vegetarian,Vitamin-Rich",24,
173965,"Beef, Australian, imported, grass-fed, loin, tenderloin steak/roast, boneless, separable lean only, raw",13,,High-Protein,24,
173966,"Beef, Australian, imported, Wagyu, loin, tenderloin steak/roast, boneless, separable lean only, Aust. marble score 4/5, raw",13,,High-Protein,24,
173967,"Beef, Australian, imported, Wagyu, external fat, Aust. marble score 9, raw",13,,High-Protein,24,
173968,"Beef, Australian, imported, Wagyu, seam fat, Aust. marble score 9, raw",13,,High-Protein,24,
173969,"Beef, Australian, imported, grass-fed, loin, tenderloin steak/roast, boneless, separable lean and fat, raw",13,,High-Protein,24,
173970,"Beef, Australian, imported, grass-fed, loin, top loin steak/roast, boneless, separable lean only, raw",13,,High-Protein,24,
173971,"Beef, Australian, imported, grass-fed, round, bottom round steak/roast, boneless, separable lean only, raw",13,,High-Protein,24,
173972,"Beef, Australian, imported, grass-fed, round, top round cap-off steak/roast, boneless, separable lean only, raw",13,,High-Protein,24,
173973,"Beef, Australian, imported, Wagyu, loin, tenderloin steak/roast, boneless, separable lean only, Aust. marble score 9, raw",13,,High-Protein,24,
173974,"Beef, Australian, imported, Wagyu, loin, top loin steak/roast, boneless, separable lean only, Aust. marble score 4/5, raw",13,,High-Protein,24,
173975,"Beef, Australian, imported, grass-fed, rib, ribeye steak/roast lip-on, boneless, separable lean and fat, raw",13,,High-Protein,24,
173976,"Beef, Australian, imported, grass-fed, round, bottom round steak/roast, boneless, separable lean and fat, raw",13,,High-Protein,24,
173977,"Beef, Australian, imported, grass-fed, round, top round cap-off steak/roast, boneless, separable lean and fat, raw",13,,High-Protein,24,
173978,"Beef, Australian, imported, Wagyu, loin, top loin steak/roast, boneless, separable lean and fat, Aust. marble score 4/5, raw",13,,High-Protein,24,
173979,"Beef, Australian, imported, Wagyu, loin, top loin steak/roast, separable lean and fat, Aust. marble score 9, raw",13,,High-Protein,24,
173980,"Beef, round, top round steak, boneless, separable lean and fat, trimmed to 0"" fat, choice, raw",13,,"High-Protein,Low-Fat",24,
173981,"Beef, round, top round steak, boneless, separable lean and fat, trimmed to 0"" fat, select, raw",13,,"High-Protein,Low-Fat",24,
173982,"Beef, round, top round roast, boneless, separable lean and fat, trimmed to 0"" fat, all grades, raw",13,,"High-Protein,Low-Fat",24,
173983,"Beef, round, top round roast, boneless, separable lean and fat, trimmed to 0"" fat, choice, raw",13,,"High-Protein,Low-Fat",24,
173984,"Beef, round, eye of round steak, boneless, separable lean and fat, trimmed to 0"" fat, all grades, raw",13,,"High-Protein,Low-Fat",24,
173985,"Beef, round, eye of round steak, boneless separable lean and fat, trimmed to 0"" fat, choice, raw",13,,"High-Protein,Low-Fat",24,
173986,"Beef, round, eye of round steak, boneless, separable lean and fat, trimmed to 0"" fat, select, raw",13,,"High-Protein,Low-Fat",24,
173987,"Beef, loin, tenderloin roast, boneless, separable lean and fat, trimmed to 0"" fat, all grades, raw",13,,"High-Protein,Low-Fat",24,
173988,"Beef, loin, tenderloin steak, boneless, separable lean and fat, trimmed to 0"" fat, all grades, raw",13,,"High-Protein,Low-Fat",24,
173989,"Beef, loin, tenderloin steak, boneless, separable lean and fat, trimmed to 0"" fat, choice, raw",13,,"High-Protein,Low-Fat",24,
173990,"Beef, loin, tenderloin steak, boneless, separable lean and fat, trimmed to 0"" fat, select, raw",13,,"High-Protein,Low-Fat",24,
173991,"Beef, loin, tenderloin roast, boneless, separable lean and fat, trimmed to 0"" fat, all grades, cooked, roasted",13,,"High-Protein,Low-Fat",24,
173992,"Beef, round, top round roast, boneless, separable lean and fat, trimmed to 0"" fat, select, cooked, roasted",13,,"High-Protein,Low-Fat",24,
173993,"Beef, round, eye of round steak, boneless, separable lean and fat, trimmed to 0"" fat, all grades, cooked, grilled",13,,"High-Protein,Low-Fat",24,
173994,"Beef, round, eye of round steak, boneless, separable lean and fat, trimmed to 0"" fat, choice, cooked, grilled",13,,"High-Protein,Low-Fat",24,
173995,"Beef, round, eye of round steak, boneless, separable lean and fat, trimmed to 0"" fat, select, cooked, grilled",13,,"High-Protein,Low-Fat",24,
173996,"Beef, round, top round roast, boneless, separable lean only, trimmed to 0"" fat, choice, raw",13,,"High-Protein,Low-Fat",24,
173997,"Beef, round, top round roast, boneless, separable lean only, trimmed to 0"" fat, select, raw",13,,"High-Protein,Low-Fat",24,
173998,"Beef, round, eye of round roast, boneless, separable lean only, trimmed to 0"" fat, all grades, raw",13,,"High-Protein,Low-Fat",24,
173999,"Beef, round, eye of round roast, boneless, separable lean only, trimmed to 0"" fat, choice, raw",13,,"High-Protein,Low-Fat",24,
174000,"Beef, loin, tenderloin roast, boneless, separable lean only, trimmed to 0"" fat, choice, raw",13,,"High-Protein,Low-Fat",24,
174001,"Beef, loin, tenderloin roast, boneless, separable lean only, trimmed to 0"" fat, select, raw",13,,"High-Protein,Low-Fat",24,
174002,"Beef, loin, top loin steak, boneless, lip off, separable lean only, trimmed to 0"" fat, all grades, raw",13,,"High-Protein,Low-Fat",24,
174003,"Beef, loin, top loin steak, boneless, lip off, separable lean only, trimmed to 0"" fat, choice, raw",13,,"High-Protein,Low-Fat",24,
174004,"Beef, loin, tenderloin roast, boneless, separable lean only, trimmed to 0"" fat, all grades, cooked, roasted",13,,"High-Protein,Low-Fat",24,
174005,"Beef, loin, tenderloin roast, boneless, separable lean only, trimmed to 0"" fat, choice, cooked, roasted",13,,"High-Protein,Low-Fat",24,
174006,"Beef, loin, tenderloin roast, separable lean only, boneless, trimmed to 0"" fat, select, cooked, roasted",13,,"High-Protein,Low-Fat",24,
174007,"Beef, round, top round roast, boneless, separable lean only, trimmed to 0"" fat, all grades, cooked, roasted",13,,"High-Protein,Low-Fat",24,
174008,"Beef, round, eye of round steak, boneless, separable lean only, trimmed to 0"" fat, select, cooked, grilled",13,,"High-Protein,Low-Fat",24,
174009,"Beef, loin, top loin steak, boneless, lip-on, separable lean only, trimmed to 1/8"" fat, select, raw",13,,High-Protein,24,
174010,"Beef, loin, top loin steak, boneless, lip-on, separable lean only, trimmed to 1/8"" fat, choice, raw",13,,High-Protein,24,
174011,"Beef, loin, top loin steak, boneless, lip-on, separable lean only, trimmed to 1/8"" fat, all grades, raw",13,,High-Protein,24,
174012,"Beef, composite of trimmed retail cuts, separable lean only, trimmed to 1/8"" fat, choice, raw",13,,High-Protein,24,
174013,"Beef composite, separable lean only, trimmed to 1/8"" fat, choice, cooked",13,,High-Protein,24,
174014,"Beef, composite of trimmed retail cuts, separable lean and fat, trimmed to 0"" fat, choice, raw",13,,"High-Protein,Low-Fat",24,
174015,"Beef, composite of trimmed retail cuts, separable lean only, trimmed to 0"" fat, choice, raw",13,,"High-Protein,Low-Fat",24,
174016,"Beef, chuck, mock tender steak, separable lean only, trimmed to 0"" fat, all grades, cooked, broiled",13,,"High-Protein,Low-Fat",24,
174017,"Beef, chuck, top blade, separable lean only, trimmed to 0"" fat, all grades, cooked, broiled",13,,"High-Protein,Low-Fat",24,
174018,"Beef, chuck, clod roast, separable lean only, trimmed to 1/4"" fat, all grades, raw",13,,High-Protein,24,
174019,"Beef, chuck, clod roast, separable lean only, trimmed to 0"" fat, all grades, cooked, roasted",13,,"High-Protein,Low-Fat",24,
174020,"Beef, chuck, mock tender steak, separable lean and fat, trimmed to 0"" fat, USDA select, cooked, broiled",13,,"High-Protein,Low-Fat",24,
174021,"Beef, chuck, top blade, separable lean and fat, trimmed to 0"" fat, choice, cooked, broiled",13,,"High-Protein,Low-Fat",24,
174022,"Beef, chuck, top blade, separable lean and fat, trimmed to 0"" fat, select, cooked, broiled",13,,"High-Protein,Low-Fat",24,
174023,"Beef, chuck, clod roast, separable lean and fat, trimmed to 0"" fat, choice, cooked, roasted",13,,"High-Protein,Low-Fat",24,
174024,"Beef, loin, bottom sirloin butt, tri-tip steak, separable lean and fat, trimmed to 0"" fat, all grades, cooked, broiled",13,,"High-Protein,Low-Fat",24,
174025,"Beef, chuck, mock tender steak, separable lean and fat, trimmed to 0"" fat, all grades, cooked, broiled",13,,"High-Protein,Low-Fat",24,
174026,"Beef, chuck, top blade, separable lean and fat, trimmed to 0"" fat, all grades, cooked, broiled",13,,"High-Protein,Low-Fat",24,
174027,"Beef, chuck, clod roast, separable lean and fat, trimmed to 0"" fat, all grades, cooked, roasted",13,,"High-Protein,Low-Fat",24,
174028,"Beef, ground, 95% lean meat / 5% fat, crumbles, cooked, pan-browned",13,,"High-Protein,Low-Fat",24,
174029,"Beef, ground, 95% lean meat / 5% fat, loaf, cooked, baked",13,,"High-Protein,Low-Fat",24,
174030,"Beef, ground, 90% lean meat / 10% fat, raw",13,,"High-Protein,Low-Fat",24,
174031,"Beef, ground, 90% lean meat / 10% fat, patty, cooked, broiled",13,,"High-Protein,Low-Fat",24,
174032,"Beef, ground, 85% lean meat / 15% fat, patty, cooked, broiled",13,,High-Protein,24,
174033,"Beef, ground, 85% lean meat / 15% fat, patty, cooked, pan-broiled",13,,High-Protein,24,
174034,"Beef, ground, 85% lean meat / 15% fat, crumbles, cooked, pan-browned",13,,High-Protein,24,
174035,"Beef, ground, 85% lean meat / 15% fat, loaf, cooked, baked",13,,High-Protein,24,
174036,"Beef, ground, 80% lean meat / 20% fat, raw",13,,High-Protein,24,
174037,"Beef, ground, 75% lean meat / 25% fat, raw",13,,High-Protein,24,
174038,"Beef, ground, 75% lean meat / 25% fat, patty, cooked, broiled",13,,High-Protein,24,
174039,"Beef, ground, 75% lean meat / 25% fat, patty, cooked, pan-broiled",13,,High-Protein,24,
174040,"Beef, ground, 75% lean meat / 25% fat, crumbles, cooked, pan-browned",13,,High-Protein,24,
174041,"Beef, short loin, top loin, steak, separable lean only, trimmed to 1/8"" fat, select, raw",13,,High-Protein,24,
174042,"Beef, rib, small end (ribs 10-12), separable lean only, trimmed to 1/8"" fat, select, cooked, broiled",13,,High-Protein,24,
174043,"Beef, tenderloin, steak, separable lean only, trimmed to 1/8"" fat, select, cooked, broiled",13,,High-Protein,24,
174044,"Beef, top sirloin, steak, separable lean only, trimmed to 1/8"" fat, select, cooked, broiled",13,,High-Protein,24,
174045,"Beef, round, bottom round, steak, separable lean only, trimmed to 1/8"" fat, select, cooked, braised",13,,High-Protein,24,
174046,"Beef, round, bottom round, roast, separable lean only, trimmed to 1/8"" fat, all grades, raw",13,,High-Protein,24,
174047,"Beef, brisket, flat half, separable lean only, trimmed to 1/8"" fat, all grades, cooked, braised",13,,High-Protein,24,
174048,"Beef, brisket, flat half, separable lean only, trimmed to 1/8"" fat, all grades, raw",13,,High-Protein,24,
174049,"Beef, round, eye of round, roast, separable lean only, trimmed to 1/8"" fat, all grades, raw",13,,High-Protein,24,
174050,"Beef, chuck, arm pot roast, separable lean only, trimmed to 1/8"" fat, all grades, cooked, braised",13,,High-Protein,24,
174051,"Beef, chuck, arm pot roast, separable lean only, trimmed to 1/8"" fat, all grades, raw",13,,High-Protein,24,
174052,"Beef, round, bottom round, roast, separable lean only, trimmed to 1/8"" fat, all grades, cooked",13,,High-Protein,24,
174053,"Beef, round, bottom round, steak, separable lean only, trimmed to 1/8"" fat, all grades, cooked, braised",13,,High-Protein,24,
174054,"Beef, top sirloin, steak, separable lean only, trimmed to 1/8"" fat, all grades, cooked, broiled",13,,High-Protein,24,
174055,"Beef, top sirloin, steak, separable lean only, trimmed to 1/8"" fat, all grades, raw",13,,High-Protein,24,
174056,"Beef, chuck, arm pot roast, separable lean only, trimmed to 1/8"" fat, choice, raw",13,,High-Protein,24,
174057,"Beef, brisket, flat half, separable lean only, trimmed to 1/8"" fat, choice, raw",13,,High-Protein,24,
174058,"Beef, round, bottom round, roast, separable lean only, trimmed to 1/8"" fat, choice, raw",13,,High-Protein,24,
174059,"Beef, round, bottom round, roast, separable lean only, trimmed to 1/8"" fat, choice, cooked, roasted",13,,High-Protein,24,
174060,"Beef, round, eye of round, roast, separable lean only, trimmed to 1/8"" fat, choice, cooked, roasted",13,,High-Protein,24,
174061,"Beef, round, top round, steak, separable lean only, trimmed to 1/8"" fat, choice, cooked, broiled",13,,High-Protein,24,
174062,"Soup, clam chowder, new england, canned, ready-to-serve",6,"Cereals containing gluten,Milk,Molluscs","High-Protein,Pescatarian",24,
174063,"Soup, clam chowder, new england, reduced sodium, canned, ready-to-serve",6,"Cereals containing gluten,Milk,Molluscs,Soybeans","High-Protein,Low Sodium,Pescatarian",24,
174064,"Soup, chicken noodle, reduced sodium, canned, ready-to-serve",6,"Cereals containing gluten,Eggs","High-Protein,Low Sodium",24,
174065,"Soup, beef and vegetables, reduced sodium, canned, ready-to-serve",6,,"High-Protein,Low Sodium,Vitamin-Rich",24,
174066,"Sauce, sweet and sour, ready-to-serve",6,,"Vegan,Vegetarian",24,
174067,"Sauce, cocktail, ready-to-serve",6,,"Vegan,Vegetarian",24,
174068,"Dip, salsa con queso, cheese and salsa- medium",6,Milk,Vegetarian,24,
174069,"Dip, TOSTITOS, salsa con queso, medium",6,Milk,Vegetarian,24,
174070,"Sauce, peanut, made from peanut butter, water, soy sauce",6,"Peanuts,Soybeans","Vegan,Vegetarian",48,
174071,"Soup, chunky vegetable, reduced sodium, canned, ready-to-serve",6,,"Low Sodium,Vegan,Vegetarian",24,
174072,"Gravy, HEINZ Home Style, classic chicken",6,"Cereals containing gluten,Milk,Soybeans",High-Protein,24,
174073,"Soup, beef barley, ready to serve",6,"Cereals containing gluten,Cereals containing gluten (barley),Soybeans",High-Protein,24,
174074,"Sauce, enchilada, red, mild, ready to serve",6,Cereals containing gluten,"Vegan,Vegetarian",24,
174075,"Bread, chapati or roti, whole wheat, commercially prepared, frozen",18,Cereals containing gluten,"Vegan,Vegetarian",24,
174076,"Bread, paratha, whole wheat, commercially prepared, frozen",18,Cereals containing gluten,"Vegan,Vegetarian",24,
174077,"Bread, naan, whole wheat, commercially prepared, refrigerated",18,"Cereals containing gluten,Eggs,Milk",Vegetarian,24,
174078,"Bread, roll, Mexican, bollilo",18,Cereals containing gluten,"Vegan,Vegetarian",24,
174079,"Cookie, butter or sugar, with chocolate icing or filling",18,"Cereals containing gluten,Eggs,Milk,Soybeans",Vegetarian,24,
174080,"Cookie, chocolate, with icing or coating",18,"Cereals containing gluten,Eggs,Milk,Soybeans",Vegetarian,24,
174081,"Tortillas, ready-to-bake or -fry, whole wheat",18,Cereals containing gluten,"Vegan,Vegetarian",24,
174082,"Cake, snack cakes, creme-filled, chocolate with frosting, low-fat, with added fiber",18,"Cereals containing gluten,Eggs,Milk,Soybeans","Low-Fat,Vegetarian",24,
174083,"Cookies, graham crackers, plain or honey, lowfat",18,"Cereals containing gluten,Soybeans","Low-Fat,Vegetarian",12,
174084,"Crackers, cheese, whole grain",18,"Cereals containing gluten,Milk",Vegetarian,24,
174085,"Waffles, whole wheat, lowfat, frozen, ready-to-heat",18,"Cereals containing gluten,Eggs,Milk,Soybeans","Low-Fat,Vegetarian",24,
174086,"Pancakes, plain, reduced fat",18,"Cereals containing gluten,Eggs,Milk,Soybeans","Low-Fat,Vegetarian",24,
174087,"Cookies, shortbread, reduced fat",18,"Cereals containing gluten,Milk","Low-Fat,Vegetarian",24,
174088,"Cookies, sugar wafer, chocolate-covered",18,"Cereals containing gluten,Milk,Soybeans",Vegetarian,24,
174089,"Rolls, hamburger or hot dog, wheat/cracked wheat",18,"Cereals containing gluten,Soybeans","Vegan,Vegetarian",24,
174090,"Rolls, hamburger or hot dog, whole wheat",18,Cereals containing gluten,"Vegan,Vegetarian",24,
174091,"Bread, french or vienna, whole wheat",18,Cereals containing gluten,"Vegan,Vegetarian",24,
174092,"Bagels, whole grain white",18,Cereals containing gluten,"Vegan,Vegetarian",24,
174093,"English muffins, whole grain white",18,Cereals containing gluten,"Vegan,Vegetarian",24,
174094,"Rolls, hamburger, whole grain white, calcium-fortified",18,"Cereals containing gluten,Soybeans","Mineral-Rich,Vegan,Vegetarian",24,
174095,"Cookies, chocolate chip sandwich, with creme filling",18,"Cereals containing gluten,Milk,Soybeans",Vegetarian,24,
174096,"Cookies, chocolate, made with rice cereal",18,"Milk,Soybeans",Vegetarian,24,
174097,"Cookies, marshmallow, with rice cereal and chocolate chips",18,"Milk,Soybeans",Vegetarian,24,
174098,"Crackers, flavored, fish-shaped",18,"Cereals containing gluten,Milk",Vegetarian,24,
174099,"Bread, gluten-free, white, made with potato extract, rice starch, and rice flour",18,Eggs,"Gluten-Free,Vegetarian",24,
174100,"Bread, gluten-free, white, made with rice flour, corn starch, and/or tapioca",18,Eggs,"Gluten-Free,Vegetarian",24,
174101,"Bread, gluten-free, white, made with tapioca starch and brown rice flour",18,Eggs,"Gluten-Free,Vegetarian",24,
174102,"Bread, gluten-free, whole grain, made with tapioca starch and brown rice flour",18,Eggs,"Gluten-Free,Vegetarian",24,
174103,"Crackers, gluten-free, multigrain and vegetable, made with corn starch and white rice flour",18,"Milk,Soybeans","Gluten-Free,Vegetarian",24,
174104,"Crackers, gluten-free, multi-seeded and multigrain",18,"Sesame seeds,Soybeans","Gluten-Free,Vegan,Vegetarian",24,
174105,"Waffles, gluten-free, frozen, ready-to-heat",18,"Eggs,Soybeans","Gluten-Free,Vegetarian",24,
174106,"Pancakes, gluten-free, frozen, ready-to-heat",18,"Eggs,Soybeans","Gluten-Free,Vegetarian",24,
174107,"Rolls, dinner, sweet",18,"Cereals containing gluten,Eggs,Milk,Soybeans",Vegetarian,24,
174108,"Beverages,  Energy drink, Citrus",14,,"Vegan,Vegetarian",252,
174109,"Alcoholic Beverage, wine, table, red, Mouvedre",14,Sulphur dioxide/sulphites,"Vegan,Vegetarian",252,
174110,"Alcoholic beverage, wine, table, white, Chardonnay",14,Sulphur dioxide/sulphites,"Vegan,Vegetarian",252,
174111,"Beverages, Kiwi Strawberry Juice Drink",14,,"Vegan,Vegetarian,Vitamin-Rich",24,
174112,"Beverages, Apple juice drink, light, fortified with vitamin C",14,,"Low-Fat,Vegan,Vegetarian,Vitamin-Rich",24,
174113,"Beverages, POWERADE, Zero, Mixed Berry",14,,"No Added Sugar,Vegan,Vegetarian",24,
174114,"Beverages, Carob-flavor beverage mix, powder",14,,"Vegan,Vegetarian",24,
174115,"Beverages, Carob-flavor beverage mix, powder, prepared with whole milk",14,Milk,Vegetarian,24,
174116,"Beverages, coconut milk, sweetened, fortified with calcium, vitamins A, B12, D2",14,"Nuts,Nuts (coconut)","Mineral-Rich,Vegan,Vegetarian,Vitamin-Rich",48,
174117,"Beverages, chocolate syrup",14,,"Vegan,Vegetarian",24,
174118,"Beverages, chocolate syrup, prepared with whole milk",14,Milk,Vegetarian,24,
174119,"Beverages, coffee, ready to drink, iced, mocha, milk based",14,Milk,Vegetarian,24,
174120,"Beverages, tea, Oolong, brewed",14,,"Vegan,Vegetarian",24,
174121,"Beverages, tea, green, ready-to-drink, citrus, diet, fortified with vitamin C",14,,"No Added Sugar,Vegan,Vegetarian,Vitamin-Rich",24,
174122,"Beverages, Cocoa mix, powder",14,"Milk,Soybeans",Vegetarian,24,
174123,"Beverages, Cocoa mix, powder, prepared with water",14,"Milk,Soybeans",Vegetarian,24,
174124,"Beverages, Cocoa mix, NESTLE, Hot Cocoa Mix Rich Chocolate With Marshmallows",14,"Milk,Soybeans",Vegetarian,24,
174125,"Beverages, coffee, brewed, espresso, restaurant-prepared, decaffeinated",14,,"Vegan,Vegetarian",24,
174126,"Beverages, coffee, instant, regular, half the caffeine",14,,"Vegan,Vegetarian",252,
174127,"Beverages, coffee and cocoa, instant, decaffeinated, with whitener and low calorie sweetener",14,Milk,Vegetarian,24,
174128,"Beverages, tea, green, ready-to-drink, sweetened",14,,"Vegan,Vegetarian",24,
174129,"Beverages, tea, ready-to-drink, lemon, diet",14,,"No Added Sugar,Vegan,Vegetarian",24,
174130,"Beverages, coffee, instant, regular, prepared with water",14,,"Vegan,Vegetarian",24,
174131,"Beverages, aloe vera juice drink, fortified with Vitamin C",14,,"Vegan,Vegetarian,Vitamin-Rich",24,
174132,"Beverages, OCEAN SPRAY, Cran Grape",14,,"Vegan,Vegetarian,Vitamin-Rich",24,
174133,"Beverages, coffee, instant, decaffeinated, powder",14,,"Vegan,Vegetarian",24,
174134,"Beverages, coffee, instant, chicory",14,,"Vegan,Vegetarian",24,
174135,"Beverages, coffee, instant, mocha, sweetened",14,"Milk,Soybeans",Vegetarian,24,
174136,"Beverages, OCEAN SPRAY, Light Cranberry and Raspberry Flavored Juice",14,,"Low-Fat,Vegan,Vegetarian,Vitamin-Rich",24,
174137,"Beverages, OCEAN SPRAY, White Cranberry Strawberry Flavored Juice Drink",14,,"Vegan,Vegetarian,Vitamin-Rich",24,
174138,"Beverages, coffee substitute, cereal grain beverage, powder",14,"Cereals containing gluten,Cereals containing gluten (barley),Cereals containing gluten (rye)","Vegan,Vegetarian",24,
174139,"Beverages, coffee substitute, cereal grain beverage, prepared with water",14,"Cereals containing gluten,Cereals containing gluten (barley),Cereals containing gluten (rye)","Vegan,Vegetarian",24,
174140,"Beverages, cranberry-apple juice drink, bottled",14,,"Vegan,Vegetarian,Vitamin-Rich",24,
174141,"Alcoholic beverage, malt beer, hard lemonade",14,"Cereals containing gluten,Cereals containing gluten (barley)","Vegan,Vegetarian",252,
174142,"Beverages, cranberry-apricot juice drink, bottled",14,,"Vegan,Vegetarian,Vitamin-Rich",24,
174143,"Beverages, tea, green, instant, decaffeinated, lemon, unsweetened, fortified with vitamin C",14,,"No Added Sugar,Vegan,Vegetarian,Vitamin-Rich",24,
174144,"Beverages, tea, black, ready to drink",14,,"Vegan,Vegetarian",24,
174145,"Alcoholic beverage, beer, light, higher alcohol",14,"Cereals containing gluten,Cereals containing gluten (barley)","Vegan,Vegetarian",252,
174146,"Beverages, AMBER, hard cider",14,Sulphur dioxide/sulphites,"Vegan,Vegetarian",252,
174147,"Beverages, OCEAN SPRAY, Cran Cherry",14,,"Vegan,Vegetarian,Vitamin-Rich",24,
174148,"Beverages, OCEAN SPRAY, Light Cranberry",14,,"Low-Fat,Vegan,Vegetarian,Vitamin-Rich",24,
174149,"Beverages, OCEAN SPRAY, White Cranberry Peach",14,,"Vegan,Vegetarian,Vitamin-Rich",24,
174150,"Beverages, OCEAN SPRAY, Light Cranberry, Concord Grape",14,,"Low-Fat,Vegan,Vegetarian,Vitamin-Rich",24,
174151,"Beverages, Fruit punch drink, with added nutrients, canned",14,,"Vegan,Vegetarian,Vitamin-Rich",24,
174152,"Beverages, Fruit punch drink, frozen concentrate",14,,"Vegan,Vegetarian,Vitamin-Rich",24,
174153,"Beverages, Fruit punch drink, frozen concentrate, prepared with water",14,,"Vegan,Vegetarian,Vitamin-Rich",24,
174154,"Beverages, coffee, instant, vanilla, sweetened, decaffeinated, with non dairy creamer",14,"Milk,Soybeans",Vegetarian,24,
174155,"Beverages, tea, black, brewed, prepared with distilled water",14,,"Vegan,Vegetarian",24,
174156,"Beverages, tea, herb, brewed, chamomile",14,,"Vegan,Vegetarian",24,
174157,"Beverages, Wine, non-alcoholic",14,Sulphur dioxide/sulphites,"Vegan,Vegetarian",24,
174158,"Water, bottled, generic",14,,"Vegan,Vegetarian",0,
174159,"Beverages, chocolate-flavor beverage mix for milk, powder, with added nutrients",14,Soybeans,"Vegan,Vegetarian",24,
174160,"Beverages, chocolate-flavor beverage mix for milk, powder, with added nutrients, prepared with whole milk",14,"Milk,Soybeans",Vegetarian,24,
174161,"Beverages, Water with added vitamins and minerals, bottles, sweetened, assorted fruit flavors",14,,"Vegan,Vegetarian,Vitamin-Rich",24,
174162,"Beverages, V8 SPLASH Juice Drinks, Diet Berry Blend",14,,"No Added Sugar,Vegan,Vegetarian,Vitamin-Rich",24,
174163,"Beverages, V8 SPLASH Juice Drinks, Diet Fruit Medley",14,,"No Added Sugar,Vegan,Vegetarian,Vitamin-Rich",24,
174164,"Beverages, V8 SPLASH Juice Drinks, Diet Strawberry Kiwi",14,,"No Added Sugar,Vegan,Vegetarian,Vitamin-Rich",24,
174165,"Beverages, V8 SPLASH Juice Drinks, Mango Peach",14,,"Vegan,Vegetarian,Vitamin-Rich",24,
174166,"Beverages, V8 SPLASH Juice Drinks, Orange Pineapple",14,,"Vegan,Vegetarian,Vitamin-Rich",24,
174167,"Beverages, V8 SPLASH Juice Drinks, Orchard Blend",14,,"Vegan,Vegetarian,Vitamin-Rich",24,
174168,"Beverages, V8 SPLASH Juice Drinks, Strawberry Banana",14,,"Vegan,Vegetarian,Vitamin-Rich",24,
174169,"Beverages, V8 V-FUSION Juices, Tropical",14,,"Vegan,Vegetarian,Vitamin-Rich",24,
174170,"Beverages, V8 V- FUSION Juices, Acai Berry",14,,"Vegan,Vegetarian,Vitamin-Rich",24,
174171,"Beverages, Energy drink, AMP",14,,"Vegan,Vegetarian",252,
174172,"Beverages, Energy drink, FULL THROTTLE",14,,"Vegan,Vegetarian",252,
174173,"Beverages, Vegetable and fruit juice drink, reduced calorie, with low-calorie sweetener, added vitamin C",14,,"No Added Sugar,Vegan,Vegetarian,Vitamin-Rich",24,
174174,"Beverages, milk beverage, reduced fat, flavored and sweetened, Ready-to-drink,  added calcium, vitamin A and vitamin D",14,Milk,"Low-Fat,Mineral-Rich,Vegetarian,Vitamin-Rich",24,
174175,"Beverages, vegetable and fruit juice blend, 100% juice, with added vitamins A, C, E",14,,"Vegan,Vegetarian,Vitamin-Rich",24,
174176,"Beverages, fruit juice drink, reduced sugar, with vitamin E added",14,,"No Added Sugar,Vegan,Vegetarian,Vitamin-Rich",24,
174177,"Beverages, Energy drink, VAULT Zero, sugar-free, citrus flavor",14,,"No Added Sugar,Vegan,Vegetarian",252,
174178,"Beverages, PEPSICO QUAKER, Gatorade G2, low calorie",14,,"Vegan,Vegetarian",24,
174179,"Beverages, Fruit flavored drink, less than 3% juice, not fortified with vitamin C",14,,"Vegan,Vegetarian",24,
174180,"Beverages, Fruit flavored drink containing less than 3% fruit juice, with high vitamin C",14,,"Vegan,Vegetarian,Vitamin-Rich",24,
174181,"Beverages, nutritional shake mix, high protein, powder",14,"Milk,Soybeans","High-Protein,Vegetarian",24,
174182,"Fish, anchovy, european, raw",15,Fish,"High-Protein,Pescatarian",24,
174183,"Fish, anchovy, european, canned in oil, drained solids",15,Fish,"High-Protein,Pescatarian",24,
174184,"Fish, bass, fresh water, mixed species, raw",15,Fish,"High-Protein,Pescatarian",24,
174185,"Fish, carp, cooked, dry heat",15,Fish,"High-Protein,Pescatarian",24,
174186,"Fish, catfish, channel, wild, raw",15,Fish,"High-Protein,Pescatarian",24,
174187,"Fish, catfish, channel, cooked, breaded and fried",15,"Cereals containing gluten,Eggs,Fish,Milk","High-Protein,Pescatarian",24,
174188,"Fish, caviar, black and red, granular",15,"Eggs,Fish","High-Protein,Pescatarian",24,
174189,"Fish, cod, Atlantic, canned, solids and liquid",15,Fish,"High-Protein,Pescatarian",24,
174190,"Fish, cod, Atlantic, dried and salted",15,Fish,"High-Protein,Pescatarian",24,
174191,"Fish, cod, Pacific, raw (may have been previously frozen)",15,Fish,"High-Protein,Pescatarian",24,
174192,"Fish, croaker, Atlantic, raw",15,Fish,"High-Protein,Pescatarian",24,
174193,"Fish, eel, mixed species, raw",15,Fish,"High-Protein,Pescatarian",24,
174194,"Fish, eel, mixed species, cooked, dry heat",15,Fish,"High-Protein,Pescatarian",24,
174195,"Fish, fish sticks, frozen, prepared",15,"Cereals containing gluten,Fish","High-Protein,Pescatarian",24,
174196,"Fish, flatfish (flounder and sole species), raw",15,Fish,"High-Protein,Pescatarian",24,
174197,"Fish, flatfish (flounder and sole species), cooked, dry heat",15,Fish,"High-Protein,Pescatarian",24,
174198,"Fish, haddock, cooked, dry heat",15,Fish,"High-Protein,Pescatarian",24,
174199,"Fish, haddock, smoked",15,Fish,"High-Protein,Pescatarian",24,
174200,"Fish, halibut, Atlantic and Pacific, raw",15,Fish,"High-Protein,Pescatarian",24,
174201,"Fish, halibut, Atlantic and Pacific, cooked, dry heat",15,Fish,"High-Protein,Pescatarian",24,
174202,"Crustaceans, crab, alaska king, cooked, moist heat",15,Crustaceans,"High-Protein,Pescatarian",24,
174203,"Crustaceans, crab, alaska king, imitation, made from surimi",15,"Crustaceans,Eggs,Fish","High-Protein,Pescatarian",24,
174204,"Crustaceans, crab, blue, raw",15,Crustaceans,"High-Protein,Pescatarian",24,
174205,"Crustaceans, crab, blue, cooked, moist heat",15,Crustaceans,"High-Protein,Pescatarian",24,
174206,"Crustaceans, crayfish, mixed species, wild, raw",15,Crustaceans,"High-Protein,Pescatarian",24,
174207,"Crustaceans, crayfish, mixed species, wild, cooked, moist heat",15,Crustaceans,"High-Protein,Pescatarian",24,
174208,"Crustaceans, lobster, northern, raw",15,Crustaceans,"High-Protein,Pescatarian",24,
174209,"Crustaceans, lobster, northern, cooked, moist heat",15,Crustaceans,"High-Protein,Pescatarian",24,
174210,"Crustaceans, shrimp, mixed species, raw (may contain additives to retain moisture)",15,Crustaceans,"High-Protein,Pescatarian",24,
174211,"Crustaceans, spiny lobster, mixed species, raw",15,Crustaceans,"High-Protein,Pescatarian",24,
174212,"Mollusks, abalone, mixed species, raw",15,Molluscs,"High-Protein,Pescatarian",24,
174213,"Mollusks, abalone, mixed species, cooked, fried",15,"Cereals containing gluten,Molluscs","High-Protein,Pescatarian",24,
174214,"Mollusks, clam, mixed species, raw",15,Molluscs,"High-Protein,Pescatarian",24,
174215,"Mollusks, cuttlefish, mixed species, raw",15,Molluscs,"High-Protein,Pescatarian",24,
174216,"Mollusks, mussel, blue, raw",15,Molluscs,"High-Protein,Pescatarian",24,
174217,"Mollusks, mussel, blue, cooked, moist heat",15,Molluscs,"High-Protein,Pescatarian",24,
174218,"Mollusks, octopus, common, raw",15,Molluscs,"High-Protein,Pescatarian",24,
174219,"Mollusks, oyster, Pacific, raw",15,Molluscs,"High-Protein,Pescatarian",24,
174220,"Mollusks, scallop, mixed species, raw",15,Molluscs,"High-Protein,Pescatarian",24,
174221,"Mollusks, scallop, mixed species, cooked, breaded and fried",15,"Cereals containing gluten,Molluscs","High-Protein,Pescatarian",24,
174222,"Mollusks, scallop, mixed species, imitation, made from surimi",15,"Eggs,Fish,Molluscs","High-Protein,Pescatarian",24,
174223,"Mollusks, squid, mixed species, raw",15,Molluscs,"High-Protein,Pescatarian",24,
174224,"Fish, salmon, chum, canned, without salt, drained solids with bone",15,Fish,"High-Protein,Low Sodium,Pescatarian",24,
174225,"Fish, salmon, pink, canned, without salt, solids with bone and liquid",15,Fish,"High-Protein,Low Sodium,Pescatarian",24,
174226,"Fish, salmon, sockeye, canned, without salt, drained solids with bone",15,Fish,"High-Protein,Low Sodium,Pescatarian",24,
174227,"Fish, tuna, light, canned in oil, without salt, drained solids",15,Fish,"High-Protein,Low Sodium,Pescatarian",24,
174228,"Fish, bass, striped, cooked, dry heat",15,Fish,"High-Protein,Pescatarian",24,
174229,"Fish, bluefish, cooked, dry heat",15,Fish,"High-Protein,Pescatarian",24,
174230,"Fish, burbot, cooked, dry heat",15,Fish,"High-Protein,Pescatarian",24,
174231,"Fish, butterfish, cooked, dry heat",15,Fish,"High-Protein,Pescatarian",24,
174232,"Fish, halibut, greenland, cooked, dry heat",15,Fish,"High-Protein,Pescatarian",24,
174233,"Fish, herring, Pacific, cooked, dry heat",15,Fish,"High-Protein,Pescatarian",24,
174234,"Fish, ling, cooked, dry heat",15,Fish,"High-Protein,Pescatarian",24,
174235,"Fish, lingcod, cooked, dry heat",15,Fish,"High-Protein,Pescatarian",24,
174236,"Fish, mackerel, king, cooked, dry heat",15,Fish,"High-Protein,Pescatarian",24,
174237,"Fish, pollock, Atlantic, cooked, dry heat",15,Fish,"High-Protein,Pescatarian",24,
174238,"Fish, pout, ocean, cooked, dry heat",15,Fish,"High-Protein,Pescatarian",24,
174239,"Fish, roe, mixed species, cooked, dry heat",15,"Eggs,Fish","High-Protein,Pescatarian",24,
174240,"Fish, sablefish, cooked, dry heat",15,Fish,"High-Protein,Pescatarian",24,
174241,"Fish, scup, cooked, dry heat",15,Fish,"High-Protein,Pescatarian",24,
174242,"Fish, seatrout, mixed species, cooked, dry heat",15,Fish,"High-Protein,Pescatarian",24,
174243,"Fish, shad, american, cooked, dry heat",15,Fish,"High-Protein,Pescatarian",24,
174244,"Fish, spot, cooked, dry heat",15,Fish,"High-Protein,Pescatarian",24,
174245,"Fish, turbot, european, cooked, dry heat",15,Fish,"High-Protein,Pescatarian",24,
174246,"Fish, whitefish, mixed species, cooked, dry heat",15,Fish,"High-Protein,Pescatarian",24,
174247,"Fish, wolffish, Atlantic, cooked, dry heat",15,Fish,"High-Protein,Pescatarian",24,
174248,"Fish, yellowtail, mixed species, cooked, dry heat",15,Fish,"High-Protein,Pescatarian",24,
174249,"Mollusks, octopus, common, cooked, moist heat",15,Molluscs,"High-Protein,Pescatarian",24,
174250,"Mollusks, oyster, Pacific, cooked, moist heat",15,Molluscs,"High-Protein,Pescatarian",24,
174251,"Fish, roughy, orange, cooked, dry heat",15,Fish,"High-Protein,Pescatarian",24,
174252,"Lima beans, large, mature seeds, raw",16,,"High-Protein,Vegan,Vegetarian",24,
174253,"Lima beans, large, mature seeds, cooked, boiled, without salt",16,,"High-Protein,Low Sodium,Vegan,Vegetarian",24,
174254,"Lima beans, large, mature seeds, canned",16,,"High-Protein,Vegan,Vegetarian",24,
174255,"Lima beans, thin seeded (baby), mature seeds, raw",16,,"High-Protein,Vegan,Vegetarian",24,
174256,"Mung beans, mature seeds, raw",16,,"High-Protein,Vegan,Vegetarian",24,
174257,"Mung beans, mature seeds, cooked, boiled, without salt",16,,"High-Protein,Low Sodium,Vegan,Vegetarian",24,
174258,"Noodles, chinese, cellophane or long rice (mung beans), dehydrated",16,,"Vegan,Vegetarian",24,
174259,"Mungo beans, mature seeds, raw",16,,"High-Protein,Vegan,Vegetarian",24,
174260,"Peanuts, all types, cooked, boiled, with salt",16,Peanuts,"High-Protein,Vegan,Vegetarian",48,
174261,"Peanuts, all types, oil-roasted, with salt",16,Peanuts,"High-Protein,Vegan,Vegetarian",48,
174262,"Peanuts, all types, dry-roasted, with salt",16,Peanuts,"High-Protein,Vegan,Vegetarian",48,
174263,"Peanuts, spanish, raw",16,Peanuts,"High-Protein,Vegan,Vegetarian",48,
174264,"Peanuts, virginia, oil-roasted, with salt",16,Peanuts,"High-Protein,Vegan,Vegetarian",48,
174265,"Peanut butter, chunk style, with salt",16,Peanuts,"High-Protein,Vegan,Vegetarian",48,
174266,"Peanut butter, smooth style, with salt (Includes foods for USDA's Food Distribution Program)",16,Peanuts,"High-Protein,Vegan,Vegetarian",48,
174267,"Peanut flour, defatted",16,Peanuts,"High-Protein,Vegan,Vegetarian",48,
174268,Meat extender,16,"Cereals containing gluten,Soybeans","High-Protein,Vegan,Vegetarian",24,
174269,"Sausage, meatless",16,"Cereals containing gluten,Eggs,Soybeans","High-Protein,Vegetarian",24,
174270,"Soybeans, mature seeds, raw",16,Soybeans,"High-Protein,Vegan,Vegetarian",24,
174271,"Soybeans, mature cooked, boiled, without salt",16,Soybeans,"High-Protein,Low Sodium,Vegan,Vegetarian",24,
174272,Tempeh,16,Soybeans,"High-Protein,Vegan,Vegetarian",24,
174273,"Soy flour, full-fat, raw",16,Soybeans,"High-Protein,Vegan,Vegetarian",24,
174274,"Soy flour, full-fat, roasted",16,Soybeans,"High-Protein,Vegan,Vegetarian",24,
174275,"Soy flour, defatted",16,Soybeans,"High-Protein,Vegan,Vegetarian",24,
174276,Soy protein isolate,16,Soybeans,"High-Protein,Vegan,Vegetarian",24,
174277,Soy sauce made from soy and wheat (shoyu),16,"Cereals containing gluten,Soybeans","Vegan,Vegetarian",24,
174278,Soy sauce made from soy (tamari),16,Soybeans,"Vegan,Vegetarian",24,
174279,Soy sauce made from hydrolyzed vegetable protein,16,Soybeans,"Vegan,Vegetarian",24,
174280,"Tofu, salted and fermented (fuyu)",16,Soybeans,"High-Protein,Vegan,Vegetarian",24,
174281,"Yardlong beans, mature seeds, raw",16,,"High-Protein,Vegan,Vegetarian",24,
174282,"Yardlong beans, mature seeds, cooked, boiled, without salt",16,,"High-Protein,Low Sodium,Vegan,Vegetarian",24,
174283,"Winged beans, mature seeds, raw",16,,"High-Protein,Vegan,Vegetarian",24,
174284,"Lentils, pink or red, raw",16,,"High-Protein,Vegan,Vegetarian",24,
174285,"Beans, kidney, red, mature seeds, canned, drained solids",16,,"High-Protein,Vegan,Vegetarian",24,
174286,"Beans, pinto, canned, drained solids",16,,"High-Protein,Vegan,Vegetarian",24,
174287,"Veggie burgers or soyburgers, unprepared",16,"Cereals containing gluten,Soybeans","High-Protein,Vegan,Vegetarian",24,
174288,Chickpea flour (besan),16,,"High-Protein,Vegan,Vegetarian",24,
174289,"Hummus, commercial",16,Sesame seeds,"High-Protein,Vegan,Vegetarian",24,
174290,"Tofu, extra firm, prepared with nigari",16,Soybeans,"High-Protein,Vegan,Vegetarian",24,
174291,"Tofu, hard, prepared with nigari",16,Soybeans,"High-Protein,Vegan,Vegetarian",24,
174292,"MORI-NU, Tofu, silken, soft",16,Soybeans,"High-Protein,Vegan,Vegetarian",24,
174293,"Soymilk, chocolate, unfortified",16,Soybeans,"High-Protein,Vegan,Vegetarian",24,
174294,"Peanut Butter, smooth (Includes foods for USDA's Food Distribution Program)",16,Peanuts,"High-Protein,Vegan,Vegetarian",48,
174295,"Soymilk, chocolate, with added calcium, vitamins A and D",16,Soybeans,"High-Protein,Mineral-Rich,Vegan,Vegetarian,Vitamin-Rich",24,
174296,"Refried beans, canned, vegetarian",16,,"High-Protein,Vegan,Vegetarian",24,
174297,"Vitasoy USA, Organic Nasoya Super Firm Cubed Tofu",16,Soybeans,"High-Protein,Vegan,Vegetarian",24,
174298,"Refried beans, canned, traditional, reduced sodium",16,,"High-Protein,Low Sodium,Vegetarian",24,
174299,"Soybeans, mature seeds, cooked, boiled, with salt",16,Soybeans,"High-Protein,Vegan,Vegetarian",24,
174300,"Soybeans, mature seeds, roasted, no salt added",16,Soybeans,"High-Protein,Low Sodium,Vegan,Vegetarian",24,
174301,"Soy protein concentrate, produced by acid wash",16,Soybeans,"High-Protein,Vegan,Vegetarian",24,
174302,"Soy protein isolate, potassium type",16,Soybeans,"High-Protein,Vegan,Vegetarian",24,
174303,"Tofu, dried-frozen (koyadofu), prepared with calcium sulfate",16,Soybeans,"High-Protein,Mineral-Rich,Vegan,Vegetarian",24,
174304,"Tofu, fried, prepared with calcium sulfate",16,Soybeans,"High-Protein,Mineral-Rich,Vegan,Vegetarian",24,
174305,"Tofu, salted and fermented (fuyu), prepared with calcium sulfate",16,Soybeans,"High-Protein,Mineral-Rich,Vegan,Vegetarian",24,
174306,"Yardlong beans, mature seeds, cooked, boiled, with salt",16,,"High-Protein,Vegan,Vegetarian",24,
174307,"Lamb, composite of trimmed retail cuts, separable lean only, trimmed to 1/4"" fat, choice, raw",17,,High-Protein,24,
174308,"Lamb, composite of trimmed retail cuts, separable lean only, trimmed to 1/4"" fat, choice, cooked",17,,High-Protein,24,
174309,"Lamb, composite of trimmed retail cuts, separable fat, trimmed to 1/4"" fat, choice, raw",17,,High-Protein,24,
174310,"Lamb, composite of trimmed retail cuts, separable fat, trimmed to 1/4"" fat, choice, cooked",17,,High-Protein,24,
174311,"Lamb, leg, whole (shank and sirloin), separable lean and fat, trimmed to 1/4"" fat, choice, raw",17,,High-Protein,24,
174312,"Lamb, leg, whole (shank and sirloin), separable lean and fat, trimmed to 1/4"" fat, choice, cooked, roasted",17,,High-Protein,24,
174313,"Lamb, leg, whole (shank and sirloin), separable lean only, trimmed to 1/4"" fat, choice, raw",17,,High-Protein,24,
174314,"Lamb, leg, whole (shank and sirloin), separable lean only, trimmed to 1/4"" fat, choice, cooked, roasted",17,,High-Protein,24,
174315,"Lamb, leg, shank half, separable lean and fat, trimmed to 1/4"" fat, choice, raw",17,,High-Protein,24,
174316,"Lamb, leg, sirloin half, separable lean and fat, trimmed to 1/4"" fat, choice, cooked, roasted",17,,High-Protein,24,
174317,"Lamb, leg, sirloin half, separable lean only, trimmed to 1/4"" fat, choice, raw",17,,High-Protein,24,
174318,"Lamb, leg, sirloin half, separable lean only, trimmed to 1/4"" fat, choice, cooked, roasted",17,,High-Protein,24,
174319,"Lamb, loin, separable lean and fat, trimmed to 1/4"" fat, choice, raw",17,,High-Protein,24,
174320,"Lamb, loin, separable lean only, trimmed to 1/4"" fat, choice, cooked, roasted",17,,High-Protein,24,
174321,"Lamb, rib, separable lean and fat, trimmed to 1/4"" fat, choice, raw",17,,High-Protein,24,
174322,"Lamb, rib, separable lean and fat, trimmed to 1/4"" fat, choice, cooked, broiled",17,,High-Protein,24,
174323,"Lamb, rib, separable lean and fat, trimmed to 1/4"" fat, choice, cooked, roasted",17,,High-Protein,24,
174324,"Lamb, shoulder, whole (arm and blade), separable lean and fat, trimmed to 1/4"" fat, choice, cooked, broiled",17,,High-Protein,24,
174325,"Lamb, shoulder, whole (arm and blade), separable lean and fat, trimmed to 1/4"" fat, choice, cooked, roasted",17,,High-Protein,24,
174326,"Lamb, shoulder, whole (arm and blade), separable lean only, trimmed to 1/4"" fat, choice, raw",17,,High-Protein,24,
174327,"Lamb, shoulder, whole (arm and blade), separable lean only, trimmed to 1/4"" fat, choice, cooked, braised",17,,High-Protein,24,
174328,"Lamb, shoulder, arm, separable lean and fat, trimmed to 1/4"" fat, choice, cooked, broiled",17,,High-Protein,24,
174329,"Lamb, shoulder, arm, separable lean and fat, trimmed to 1/4"" fat, choice, cooked, roasted",17,,High-Protein,24,
174330,"Lamb, shoulder, arm, separable lean only, trimmed to 1/4"" fat, choice, raw",17,,High-Protein,24,
174331,"Lamb, shoulder, arm, separable lean only, trimmed to 1/4"" fat, choice, cooked, braised",17,,High-Protein,24,
174332,"Lamb, shoulder, blade, separable lean and fat, trimmed to 1/4"" fat, choice, cooked, broiled",17,,High-Protein,24,
174333,"Lamb, shoulder, blade, separable lean and fat, trimmed to 1/4"" fat, choice, cooked, roasted",17,,High-Protein,24,
174334,"Lamb, shoulder, blade, separable lean only, trimmed to 1/4"" fat, choice, raw",17,,High-Protein,24,
174335,"Lamb, shoulder, blade, separable lean only, trimmed to 1/4"" fat, choice, cooked, braised",17,,High-Protein,24,
174336,"Lamb, New Zealand, imported, frozen, composite of trimmed retail cuts, separable lean and fat, raw",17,,High-Protein,24,
174337,"Lamb, New Zealand, imported, frozen, composite of trimmed retail cuts, separable lean and fat, cooked",17,,High-Protein,24,
174338,"Lamb, New Zealand, imported, frozen, composite of trimmed retail cuts, separable lean only, raw",17,,High-Protein,24,
174339,"Lamb, New Zealand, imported, frozen, composite of trimmed retail cuts, separable lean only, cooked",17,,High-Protein,24,
174340,"Lamb, New Zealand, imported, fore-shank, separable lean only, raw",17,,High-Protein,24,
174341,"Lamb, New Zealand, imported, fore-shank, separable lean only, cooked, braised",17,,High-Protein,24,
174342,"Lamb, New Zealand, imported, leg chop/steak, bone-in, separable lean and fat, raw",17,,High-Protein,24,
174343,"Lamb, New Zealand, imported, frozen, leg, whole (shank and sirloin), separable lean and fat, cooked, roasted",17,,High-Protein,24,
174344,"Game meat, moose, raw",17,,High-Protein,24,
174345,"Game meat, moose, cooked, roasted",17,,High-Protein,24,
174346,"Game meat, rabbit, domesticated, composite of cuts, cooked, stewed",17,,High-Protein,24,
174347,"Game meat, rabbit, wild, raw",17,,High-Protein,24,
174348,"Game meat, rabbit, wild, cooked, stewed",17,,High-Protein,24,
174349,"Game meat, raccoon, cooked, roasted",17,,High-Protein,24,
174350,"Lamb, variety meats and by-products, brain, cooked, pan-fried",17,,High-Protein,24,
174351,"Veal, variety meats and by-products, brain, raw",17,,High-Protein,24,
174352,"Veal, variety meats and by-products, brain, cooked, braised",17,,High-Protein,24,
174353,"Veal, variety meats and by-products, brain, cooked, pan-fried",17,,High-Protein,24,
174354,"Lamb, variety meats and by-products, kidneys, raw",17,,High-Protein,24,
174355,"Lamb, variety meats and by-products, kidneys, cooked, braised",17,,High-Protein,24,
174356,"Veal, variety meats and by-products, kidneys, raw",17,,High-Protein,24,
174357,"Veal, variety meats and by-products, kidneys, cooked, braised",17,,High-Protein,24,
174358,"Veal, variety meats and by-products, liver, cooked, pan-fried",17,,High-Protein,24,
174359,"Lamb, variety meats and by-products, lungs, raw",17,,High-Protein,24,
174360,"Lamb, variety meats and by-products, lungs, cooked, braised",17,,High-Protein,24,
174361,"Veal, variety meats and by-products, lungs, raw",17,,High-Protein,24,
174362,"Veal, variety meats and by-products, pancreas, raw",17,,High-Protein,24,
174363,"Veal, variety meats and by-products, pancreas, cooked, braised",17,,High-Protein,24,
174364,"Lamb, variety meats and by-products, spleen, raw",17,,High-Protein,24,
174365,"Lamb, variety meats and by-products, spleen, cooked, braised",17,,High-Protein,24,
174366,"Lamb, variety meats and by-products, tongue, raw",17,,High-Protein,24,
174367,"Lamb, variety meats and by-products, tongue, cooked, braised",17,,High-Protein,24,
174368,"Veal, variety meats and by-products, tongue, raw",17,,High-Protein,24,
174369,"Veal, variety meats and by-products, tongue, cooked, braised",17,,High-Protein,24,
174370,"Lamb, ground, raw",17,,High-Protein,24,
174371,"Lamb, foreshank, separable lean and fat, trimmed to 1/8"" fat, cooked, braised",17,,High-Protein,24,
174372,"Lamb, leg, whole (shank and sirloin), separable lean and fat, trimmed to 1/8"" fat, choice, raw",17,,High-Protein,24,
174373,"Lamb, leg, whole (shank and sirloin), separable lean and fat, trimmed to 1/8"" fat, choice, cooked, roasted",17,,High-Protein,24,
174374,"Lamb, leg, shank half, separable lean and fat, trimmed to 1/8"" fat, choice, raw",17,,High-Protein,24,
174375,"Lamb, loin, separable lean and fat, trimmed to 1/8"" fat, choice, cooked, broiled",17,,High-Protein,24,
174376,"Lamb, loin, separable lean and fat, trimmed to 1/8"" fat, choice, cooked, roasted",17,,High-Protein,24,
174377,"Lamb, rib, separable lean and fat, trimmed to 1/8"" fat, choice, raw",17,,High-Protein,24,
174378,"Lamb, rib, separable lean and fat, trimmed to 1/8"" fat, choice, cooked, broiled",17,,High-Protein,24,
174379,"Lamb, shoulder, whole (arm and blade), separable lean and fat, trimmed to 1/8"" fat, choice, cooked, roasted",17,,High-Protein,24,
174380,"Lamb, shoulder, arm, separable lean and fat, trimmed to 1/8"" fat, choice, raw",17,,High-Protein,24,
174381,"Lamb, shoulder, arm, separable lean and fat, trimmed to 1/8"" fat, choice, cooked, braised",17,,High-Protein,24,
174382,"Lamb, shoulder, arm, separable lean and fat, trimmed to 1/8"" fat, cooked, broiled",17,,High-Protein,24,
174383,"Lamb, shoulder, arm, separable lean and fat, trimmed to 1/8"" fat, choice, roasted",17,,High-Protein,24,
174384,"Lamb, New Zealand, imported, frozen, composite of trimmed retail cuts, separable lean and fat, trimmed to 1/8"" fat, raw",17,,High-Protein,24,
174385,"Lamb, New Zealand, imported, frozen, composite of trimmed retail cuts, separable lean and fat, trimmed to 1/8"" fat, cooked",17,,High-Protein,24,
174386,"Lamb, New Zealand, imported, frozen, foreshank, separable lean and fat, trimmed to 1/8"" fat, raw",17,,High-Protein,24,
174387,"Lamb, New Zealand, imported, frozen, foreshank, separable lean and fat, trimmed to 1/8"" fat, cooked, braised",17,,High-Protein,24,
174388,"Lamb, new zealand, imported, frozen, rib, separable lean and fat, trimmed to 1/8"" fat, raw",17,,High-Protein,24,
174389,"Lamb, New Zealand, imported, frozen, rib, separable lean and fat, trimmed to 1/8"" fat, cooked, roasted",17,,High-Protein,24,
174390,"Lamb, New Zealand, imported, frozen, shoulder, whole (arm and blade), separable lean and fat, trimmed to 1/8"" fat, raw",17,,High-Protein,24,
174391,"Lamb, New Zealand, imported, frozen, shoulder, whole (arm and blade), separable lean and fat, trimmed to 1/8"" fat, cooked, braised",17,,High-Protein,24,
174392,"Veal, breast, whole, boneless, separable lean and fat, raw",17,,High-Protein,24,
174393,"Veal, breast, whole, boneless, separable lean and fat, cooked, braised",17,,High-Protein,24,
174394,"Veal, breast, plate half, boneless, separable lean and fat, cooked, braised",17,,High-Protein,24,
174395,"Veal, breast, point half, boneless, separable lean and fat, cooked, braised",17,,High-Protein,24,
174396,"Veal, breast, whole, boneless, separable lean only, cooked, braised",17,,High-Protein,24,
174397,"Lamb, Australian, imported, fresh, composite of trimmed retail cuts, separable lean and fat, trimmed to 1/8"" fat, raw",17,,High-Protein,24,
174398,"Lamb, Australian, imported, fresh, composite of trimmed retail cuts, separable lean and fat, trimmed to 1/8"" fat, cooked",17,,High-Protein,24,
174399,"Lamb, Australian, imported, fresh, composite of trimmed retail cuts, separable lean only, trimmed to 1/8"" fat, raw",17,,High-Protein,24,
174400,"Lamb, Australian, imported, fresh, composite of trimmed retail cuts, separable lean only, trimmed to 1/8"" fat, cooked",17,,High-Protein,24,
174401,"Lamb, Australian, imported, fresh, foreshank, separable lean only, trimmed to 1/8"" fat, raw",17,,High-Protein,24,
174402,"Lamb, Australian, imported, fresh, foreshank, separable lean only, trimmed to 1/8"" fat, cooked, braised",17,,High-Protein,24,
174403,"Lamb, Australian, imported, fresh, leg, whole (shank and sirloin), separable lean and fat, trimmed to 1/8"" fat, raw",17,,High-Protein,24,
174404,"Lamb, Australian, imported, fresh, leg, whole (shank and sirloin), separable lean and fat, trimmed to 1/8"" fat, cooked, roasted",17,,High-Protein,24,
174405,"Lamb, Australian, imported, fresh, leg, shank half, separable lean only, trimmed to 1/8"" fat, cooked, roasted",17,,High-Protein,24,
174406,"Lamb, Australian, imported, fresh, leg, sirloin half, boneless, separable lean and fat, trimmed to 1/8"" fat, raw",17,,High-Protein,24,
174407,"Lamb, Australian, imported, fresh, leg, sirloin half, boneless, separable lean and fat, trimmed to 1/8"" fat, cooked, roasted",17,,High-Protein,24,
174408,"Lamb, Australian, imported, fresh, leg, sirloin half, boneless, separable lean only, trimmed to 1/8"" fat, raw",17,,High-Protein,24,
174409,"Lamb, Australian, imported, fresh, leg, sirloin chops, boneless, separable lean only, trimmed to 1/8"" fat, cooked, broiled",17,,High-Protein,24,
174410,"Lamb, Australian, imported, fresh, leg, center slice, bone-in, separable lean and fat, trimmed to 1/8"" fat, raw",17,,High-Protein,24,
174411,"Lamb, Australian, imported, fresh, leg, center slice, bone-in, separable lean and fat, trimmed to 1/8"" fat, cooked, broiled",17,,High-Protein,24,
174412,"Lamb, Australian, imported, fresh, leg, center slice, bone-in, separable lean only, trimmed to 1/8"" fat, raw",17,,High-Protein,24,
174413,"Lamb, Australian, imported, fresh, loin, separable lean only, trimmed to 1/8"" fat, cooked, broiled",17,,High-Protein,24,
174414,"Lamb, Australian, imported, fresh, rib chop/rack roast, frenched, bone-in, separable lean and fat, trimmed to 1/8"" fat, raw",17,,High-Protein,24,
174415,"Lamb, Australian, imported, fresh, rib chop, frenched, bone-in, separable lean and fat, trimmed to 1/8"" fat, cooked, grilled",17,,High-Protein,24,
174416,"Lamb, Australian, imported, fresh, rib chop/rack roast, frenched, bone-in, separable lean only, trimmed to 1/8"" fat, raw",17,,High-Protein,24,
174417,"Lamb, Australian, imported, fresh, shoulder, arm, separable lean and fat, trimmed to 1/8"" fat, raw",17,,High-Protein,24,
174418,"Lamb, Australian, imported, fresh, shoulder, arm, separable lean and fat, trimmed to 1/8"" fat, cooked, braised",17,,High-Protein,24,
174419,"Lamb, Australian, imported, fresh, shoulder, arm, separable lean only, trimmed to 1/8"" fat, raw",17,,High-Protein,24,
174420,"Lamb, Australian, imported, fresh, shoulder, arm, separable lean only,   trimmed to 1/8"" fat, cooked, braised",17,,High-Protein,24,
174421,"Game meat , bison, ground, raw",17,,High-Protein,24,
174422,"Game meat, bison, ground, cooked, pan-broiled",17,,High-Protein,24,
174423,"Game meat , bison, top sirloin, separable lean only, 1"" steak, cooked, broiled",17,,High-Protein,24,
174424,"Game meat, bison, chuck, shoulder clod, separable lean only, cooked, braised",17,,High-Protein,24,
174425,"Game meat, elk, ground, raw",17,,High-Protein,24,
174426,"Game meat, elk, ground, cooked, pan-broiled",17,,High-Protein,24,
174427,"Game meat, elk, loin, separable lean only, cooked, broiled",17,,High-Protein,24,
174428,"Game meat, elk, round, separable lean only, cooked, broiled",17,,High-Protein,24,
174429,"Game meat, elk, tenderloin, separable lean only, cooked, broiled",17,,High-Protein,24,
174430,"Game meat, deer, tenderloin, separable lean only, cooked, broiled",17,,High-Protein,24,
174431,"Game meat, deer, top round, separable lean only, 1"" steak, cooked, broiled",17,,High-Protein,24,
174432,"Veal, Australian, shank, fore, bone-in, separable lean only, raw",17,,High-Protein,24,
174433,"Veal, Australian, shank, fore, bone-in, separable lean and fat, raw",17,,High-Protein,24,
174434,"Lamb, New Zealand, imported, Intermuscular fat, raw",17,,High-Protein,24,
174435,"Lamb, New Zealand, imported, subcutaneous fat, raw",17,,High-Protein,24,
174436,"Lamb, New Zealand, imported, brains, cooked, soaked and fried",17,,High-Protein,24,
174437,"Lamb, New Zealand, imported, brains, raw",17,,High-Protein,24,
174438,"Lamb, New Zealand, imported, chump, boneless, separable lean only, raw",17,,High-Protein,24,
174439,"Lamb, New Zealand, imported, kidney, cooked, soaked and fried",17,,High-Protein,24,
174440,"Lamb, New Zealand, imported, flap, boneless, separable lean only, cooked, braised",17,,High-Protein,24,
174441,"Lamb, New Zealand, imported, flap, boneless, separable lean only, raw",17,,High-Protein,24,
174442,"Lamb, New Zealand, imported, kidney, raw",17,,High-Protein,24,
174443,"Lamb, New Zealand, imported, heart, cooked, soaked and simmered",17,,High-Protein,24,
174444,"Lamb, New Zealand, imported, heart, raw",17,,High-Protein,24,
174445,"Lamb, New Zealand, imported, sweetbread, cooked, soaked and simmered",17,,High-Protein,24,
174446,"Lamb, New Zealand, imported, sweetbread, raw",17,,High-Protein,24,
174447,"Lamb, New Zealand, imported, tunnel-boned leg, chump off, shank off, separable lean only, cooked, slow roasted",17,,High-Protein,24,
174448,"Lamb, New Zealand, imported, tunnel-boned leg, chump off, shank off, separable lean only, raw",17,,High-Protein,24,
174449,"Lamb, New Zealand, imported, square-cut shoulder chops, separable lean only, cooked, braised",17,,High-Protein,24,
174450,"Lamb, New Zealand, imported, square-cut shoulder chops, separable lean only, raw",17,,High-Protein,24,
174451,"Lamb, New Zealand, imported, loin, boneless, separable lean only, cooked, fast roasted",17,,High-Protein,24,
174452,"Lamb, New Zealand, imported, loin, boneless, separable lean only, raw",17,,High-Protein,24,
174453,"Lamb, New Zealand, imported, hind-shank, separable lean only, cooked, braised",17,,High-Protein,24,
174454,"Lamb, New Zealand, imported, hind-shank, separable lean only, raw",17,,High-Protein,24,
174455,"Lamb, New Zealand, imported, neck chops, separable lean only, raw",17,,High-Protein,24,
174456,"Lamb, New Zealand, imported, rack - fully frenched, separable lean only, raw",17,,High-Protein,24,
174457,"Lamb, New Zealand, imported, loin chop, separable lean only, cooked, fast fried",17,,High-Protein,24,
174458,"Lamb, New Zealand, imported, square-cut shoulder, separable lean only, cooked, slow roasted",17,,High-Protein,24,
174459,"Lamb, New Zealand, imported, leg chop/steak, bone-in, separable lean only, cooked, fast fried",17,,High-Protein,24,
174460,"Lamb, New Zealand, imported, leg chop/steak, bone-in, separable lean and fat, cooked, fast fried",17,,High-Protein,24,
174461,"Lamb, New Zealand, imported, loin chop, separable lean and fat, cooked, fast fried",17,,High-Protein,24,
174462,"Lamb, New Zealand, imported, loin saddle, separable lean and fat, cooked, fast roasted",17,,High-Protein,24,
174463,"Lamb, New Zealand, imported, loin saddle, separable lean and fat, raw",17,,High-Protein,24,
174464,"Lamb, New Zealand, imported, netted shoulder, rolled, boneless, separable lean and fat, raw",17,,High-Protein,24,
174465,"Chicken, capons, giblets, raw",5,,High-Protein,24,
174466,"Chicken, capons, giblets, cooked, simmered",5,,High-Protein,24,
174467,"Duck, domesticated, liver, raw",5,,High-Protein,24,
174468,"Duck, wild, meat and skin, raw",5,,High-Protein,24,
174469,"Duck, wild, breast, meat only, raw",5,,High-Protein,24,
174470,"Goose, domesticated, meat and skin, raw",5,,High-Protein,24,
174471,"Guinea hen, meat only, raw",5,,High-Protein,24,
174472,"Pheasant, raw, meat and skin",5,,High-Protein,24,
174473,"Pheasant, raw, meat only",5,,High-Protein,24,
174474,"Pheasant, breast, meat only, raw",5,,High-Protein,24,
174475,"Squab, (pigeon), meat and skin, raw",5,,High-Protein,24,
174476,"Emu, fan fillet, raw",5,,High-Protein,24,
174477,"Emu, fan fillet, cooked, broiled",5,,High-Protein,24,
174478,"Emu, flat fillet, raw",5,,High-Protein,24,
174479,"Emu, full rump, raw",5,,High-Protein,24,
174480,"Emu, top loin, cooked, broiled",5,,High-Protein,24,
174481,"Ostrich, ground, raw",5,,High-Protein,24,
174482,"Ostrich, ground, cooked, pan-broiled",5,,High-Protein,24,
174483,"Ostrich, fan, raw",5,,High-Protein,24,
174484,"Ostrich, outside leg, raw",5,,High-Protein,24,
174485,"Ostrich, outside strip, raw",5,,High-Protein,24,
174486,"Ostrich, outside strip, cooked",5,,High-Protein,24,
174487,"Ostrich, oyster, raw",5,,High-Protein,24,
174488,"Ostrich, tip trimmed, cooked",5,,High-Protein,24,
174489,"Ostrich, top loin, raw",5,,High-Protein,24,
174490,"Ostrich, top loin, cooked",5,,High-Protein,24,
174491,"Chicken, liver, all classes, cooked, pan-fried",5,,High-Protein,24,
174492,"Turkey, ground, 93% lean, 7% fat, patties, broiled",5,,High-Protein,24,
174493,"Turkey, ground, 85% lean, 15% fat, raw",5,,High-Protein,24,
174494,"Turkey, ground, 85% lean, 15% fat, pan-broiled crumbles",5,,High-Protein,24,
174495,"Turkey, ground, 85% lean, 15% fat, patties, broiled",5,,High-Protein,24,
174496,"Chicken, skin (drumsticks and thighs), cooked, roasted",5,,High-Protein,24,
174497,"Chicken, broilers or fryers, dark meat, drumstick, meat and skin, cooked, braised",5,,High-Protein,24,
174498,"Chicken, broilers or fryers, dark meat, thigh, meat and skin, cooked, braised",5,,High-Protein,24,
174499,"Chicken, dark meat, drumstick, meat only, with added solution, raw",5,,High-Protein,24,
174500,"Chicken, dark meat, thigh, meat only, with added solution, cooked, roasted",5,,High-Protein,24,
174501,"Chicken, skin (drumsticks and thighs), with added solution, cooked, braised",5,,High-Protein,24,
174502,"Chicken, skin (drumsticks and thighs), with added solution, raw",5,,High-Protein,24,
174503,"Chicken, skin (drumsticks and thighs), with added solution, cooked, roasted",5,,High-Protein,24,
174504,"Chicken, dark meat, drumstick, meat and skin, with added solution, cooked, braised",5,,High-Protein,24,
174505,"Chicken, dark meat, thigh, meat and skin, with added solution, cooked, roasted",5,,High-Protein,24,
174506,"Chicken, broiler, rotisserie, BBQ, back meat only",5,,High-Protein,24,
174507,"Turkey, dark meat from whole, meat only, with added solution, raw",5,,High-Protein,24,
174508,"Turkey, dark meat, meat only, with added solution, cooked, roasted",5,,High-Protein,24,
174509,"Turkey, dark meat from whole, meat and skin, with added solution, raw",5,,High-Protein,24,
174510,"Turkey, dark meat from whole, meat and skin, with added solution, cooked, roasted",5,,High-Protein,24,
174511,"Turkey from whole, light meat, meat and skin, with added solution, raw",5,,High-Protein,24,
174512,"Turkey from whole, light meat, meat and skin, with added solution, cooked, roasted",5,,High-Protein,24,
174513,"Turkey, retail parts, breast, meat only, with added solution, raw",5,,High-Protein,24,
174514,"Turkey, retail parts, breast, meat only, with added solution, cooked, roasted",5,,High-Protein,24,
174515,"Turkey, retail parts, breast, meat only, raw",5,,High-Protein,24,
174516,"Turkey, retail parts, breast, meat only, cooked, roasted",5,,High-Protein,24,
174517,"Turkey, retail parts, wing, meat only, raw",5,,High-Protein,24,
174518,"Turkey, retail parts, thigh, meat only, raw",5,,High-Protein,24,
174519,"Turkey, breast, from whole bird, meat only, with added solution, roasted",5,,High-Protein,24,
174520,"Turkey, back, from whole bird, meat only, with added solution, raw",5,,High-Protein,24,
174521,"Turkey, back, from whole bird, meat only, with added solution, roasted",5,,High-Protein,24,
174522,"Soup, chicken mushroom, canned, condensed",6,"Cereals containing gluten,Milk",High-Protein,24,
174523,"Sauce, barbecue",6,,"Vegan,Vegetarian",24,
174524,"Sauce, salsa, ready-to-serve",6,,"Vegan,Vegetarian",24,
174525,"Sauce, homemade, white, medium",6,"Cereals containing gluten,Milk",Vegetarian,24,
174526,"Sauce, homemade, white, thick",6,"Cereals containing gluten,Milk",Vegetarian,24,
174527,"Sauce, ready-to-serve, pepper or hot",6,,"Vegan,Vegetarian",24,
174528,"Sauce, ready-to-serve, pepper, TABASCO",6,,"Vegan,Vegetarian",24,
174529,"Sauce, oyster, ready-to-serve",6,Molluscs,Pescatarian,24,
174530,"Soup, minestrone, canned, reduced sodium, ready-to-serve",6,Cereals containing gluten,"Low Sodium,Vegan,Vegetarian",24,
174531,"Sauce, fish, ready-to-serve",6,Fish,Pescatarian,24,
174532,"Soup, shark fin, restaurant-prepared",6,Fish,"High-Protein,Pescatarian",24,
174533,"Soup, bean & ham, canned, reduced sodium, prepared with water or ready-to-serve",6,,"High-Protein,Low Sodium",24,
174534,"Split pea soup, canned, reduced sodium, prepared with water or ready-to serve",6,,"High-Protein,Low Sodium,Vegan,Vegetarian",24,
174535,"Split pea with ham soup, canned, reduced sodium, prepared with water or ready-to-serve",6,,"High-Protein,Low Sodium",24,
174536,"Soup, chicken broth, ready-to-serve",6,,High-Protein,24,
174537,"Soup, cream of chicken, canned, prepared with equal volume milk",6,"Cereals containing gluten,Milk,Soybeans",High-Protein,24,
174538,"Soup, vegetable, canned, low sodium, condensed",6,,"Low Sodium,Vegan,Vegetarian,Vitamin-Rich",24,
174539,"Soup, clam chowder, new england, canned, prepared with equal volume low fat (2%) milk",6,"Cereals containing gluten,Milk,Molluscs,Soybeans","High-Protein,Pescatarian",24,
174540,"Soup, cream of mushroom, canned, prepared with equal volume low fat (2%) milk",6,"Cereals containing gluten,Milk,Soybeans",Vegetarian,24,
174541,"Soup, cream of onion, canned, prepared with equal volume milk",6,"Cereals containing gluten,Milk",Vegetarian,24,
174542,"Sauce, white, thin, prepared-from-recipe, with butter",6,"Cereals containing gluten,Milk",Vegetarian,24,
174543,"Sauce, sweet and sour, prepared-from-recipe",6,,"Vegan,Vegetarian",24,
174544,"Sauce, barbecue, KRAFT, original",6,,"Vegan,Vegetarian",24,
174545,"Soup, HEALTHY CHOICE Chicken Noodle Soup, canned",6,"Cereals containing gluten,Eggs","High-Protein,Low-Fat",24,
174546,"Soup, tomato, canned, prepared with equal volume low fat (2%) milk",6,"Cereals containing gluten,Milk","Low-Fat,Vegetarian,Vitamin-Rich",24,
174547,"CAMPBELL'S, Tomato Soup, condensed",6,Cereals containing gluten,"Vegan,Vegetarian,Vitamin-Rich",24,
174548,"CAMPBELL'S CHUNKY, Classic Chicken Noodle Soup",6,"Cereals containing gluten,Eggs",High-Protein,24,
174549,"Soup, cream of asparagus, canned, prepared with equal volume water",6,"Cereals containing gluten,Milk,Soybeans","Vegetarian,Vitamin-Rich",24,
174550,"Soup, cheese, canned, prepared with equal volume water",6,"Cereals containing gluten,Milk",Vegetarian,24,
174551,"Soup, chicken broth, canned, prepared with equal volume water",6,,High-Protein,24,
174552,"CAMPBELL'S CHUNKY, Hearty Beef Barley Soup",6,"Cereals containing gluten,Cereals containing gluten (barley),Soybeans",High-Protein,24,
174553,"Soup, cream of chicken, canned, prepared with equal volume water",6,"Cereals containing gluten,Milk,Soybeans",High-Protein,24,
174554,"Soup, clam chowder, manhattan, canned, prepared with equal volume water",6,"Cereals containing gluten,Molluscs","High-Protein,Pescatarian",24,
174555,"Soup, clam chowder, new england, canned, prepared with equal volume water",6,"Cereals containing gluten,Milk,Molluscs,Soybeans","High-Protein,Pescatarian",24,
174556,"CAMPBELL'S CHUNKY, New England Clam Chowder",6,"Cereals containing gluten,Fish,Milk,Molluscs,Soybeans","High-Protein,Pescatarian",24,
174557,"Soup, beef broth, bouillon, consomme, prepared with equal volume water",6,,High-Protein,24,
174558,"Soup, mushroom with beef stock, canned, prepared with equal volume water",6,Cereals containing gluten,High-Protein,24,
174559,"Soup, cream of onion, canned, prepared with equal volume water",6,"Cereals containing gluten,Milk",Vegetarian,24,
174560,"Soup, oyster stew, canned, prepared with equal volume water",6,"Milk,Molluscs","High-Protein,Pescatarian",24,
174561,"Soup, pea, green, canned, prepared with equal volume water",6,,"High-Protein,Vegan,Vegetarian,Vitamin-Rich",24,
174562,"Soup, turkey noodle, canned, prepared with equal volume water",6,"Cereals containing gluten,Eggs",High-Protein,24,
174563,"Soup, turkey vegetable, canned, prepared with equal volume water",6,Cereals containing gluten,High-Protein,24,
174564,"Soup, vegetarian vegetable, canned, prepared with equal volume water",6,"Cereals containing gluten,Eggs",Vegetarian,24,
174565,"Soup, vegetable beef, canned, prepared with equal volume water",6,Cereals containing gluten,High-Protein,24,
174566,"Soup, chicken broth cubes, dry, prepared with water",6,,High-Protein,24,
174567,"Soup, cream of chicken, dry, mix, prepared with water",6,"Cereals containing gluten,Milk,Soybeans",High-Protein,24,
174568,"Soup, onion, dry, mix, prepared with water",6,Soybeans,"Vegan,Vegetarian",24,
174569,"Soup, tomato, dry, mix, prepared with water",6,Milk,"Vegetarian,Vitamin-Rich",24,
174570,"Roast beef, deli style, prepackaged, sliced",7,,High-Protein,24,
174571,"Luncheon meat, pork, canned",7,,High-Protein,24,
174572,"Turkey breast, low salt, prepackaged or deli, luncheon meat",7,,"High-Protein,Low Sodium",24,
174573,"Mortadella, beef, pork",7,,High-Protein,24,
174574,"Peppered loaf, pork, beef",7,,High-Protein,24,
174575,"Pepperoni, beef and pork, sliced",7,,High-Protein,24,
174576,"Pickle and pimiento loaf, pork",7,,High-Protein,24,
174577,"Polish sausage, pork",7,,High-Protein,24,
174578,"Pork sausage, link/patty, cooked, pan-fried",7,,High-Protein,24,
174579,"Sausage, pork and beef, fresh, cooked",7,,High-Protein,24,
174580,"Sausage, turkey, reduced fat, brown and serve, cooked",7,,"High-Protein,Low-Fat",24,
174581,Poultry salad sandwich spread,7,"Cereals containing gluten,Eggs,Soybeans",High-Protein,24,
174582,"Salami, dry or hard, pork, beef",7,,High-Protein,24,
174583,"Sandwich spread, pork, beef",7,,High-Protein,24,
174584,"Sausage, smoked link sausage, pork",7,,High-Protein,24,
174585,"Sausage, smoked link sausage, pork and beef",7,,High-Protein,24,
174586,"Sausage, Italian, pork, mild, cooked, pan-fried",7,,High-Protein,24,
174587,"Luncheon sausage, pork and beef",7,,High-Protein,24,
174588,"Sausage, New england brand, pork, beef",7,,High-Protein,24,
174589,"Oscar Mayer, Bologna (beef)",7,,High-Protein,24,
174590,"Oscar Mayer, Smokies Sausage Little Cheese (pork, turkey)",7,Milk,High-Protein,24,
174591,"Oscar Mayer, Wieners (beef franks)",7,,High-Protein,24,
174592,"Bacon, turkey, unprepared",7,,High-Protein,24,
174593,Hormel Pillow Pak Sliced Turkey Pepperoni,7,,High-Protein,24,
174594,"Luncheon meat, pork and chicken, minced, canned, includes Spam Lite",7,,High-Protein,24,
174595,"Bratwurst, veal, cooked",7,,High-Protein,24,
174596,Liverwurst spread,7,,High-Protein,24,
174597,Roast beef spread,7,"Cereals containing gluten,Eggs,Milk,Soybeans",High-Protein,24,
174598,"Salami, pork, beef, less sodium",7,,"High-Protein,Low Sodium",24,
174599,"Sausage, summer, pork and beef, sticks, with cheddar cheese",7,Milk,High-Protein,24,
174600,"Sausage, turkey, breakfast links, mild, raw",7,,High-Protein,24,
174601,"Swisswurst, pork and beef, with swiss cheese, smoked",7,Milk,High-Protein,24,
174602,Bacon and beef sticks,7,Soybeans,High-Protein,24,
174603,"Salami, Italian, pork",7,,High-Protein,24,
174604,"Sausage, Italian, turkey, smoked",7,,High-Protein,24,
174605,"Sausage, chicken, beef, pork, skinless, smoked",7,,High-Protein,24,
174606,"Sausage, turkey, hot, smoked",7,,High-Protein,24,
174607,"Kielbasa, Polish, turkey and beef, smoked",7,,High-Protein,24,
174608,"Chicken breast, roll, oven-roasted",7,,High-Protein,24,
174609,"Bologna, pork and turkey, lite",7,,High-Protein,24,
174610,"Bologna, pork, turkey and beef",7,,High-Protein,24,
174611,"Ham, honey, smoked, cooked",7,,High-Protein,12,
174612,"Turkey, breast, smoked, lemon pepper flavor, 97% fat-free",7,,"High-Protein,Low-Fat",24,
174613,"Turkey, white, rotisserie, deli cut",7,,High-Protein,24,
174614,"Frankfurter, beef, heated",7,,High-Protein,24,
174615,"Frankfurter, meat, heated",7,,High-Protein,24,
174616,"Sausage, breakfast sausage, beef, pre-cooked, unprepared",7,,High-Protein,24,
174617,"Sausage, turkey, fresh, raw",7,,High-Protein,24,
174618,"Sausage, beef, fresh, cooked",7,,High-Protein,24,
174619,"Cereals ready-to-eat, MALT-O-MEAL, COCO-ROOS",8,"Nuts,Nuts (coconut),Peanuts","Vegan,Vegetarian",48,
174620,"Cereals ready-to-eat, QUAKER, QUAKER OAT CINNAMON LIFE",8,"Cereals containing gluten,Cereals containing gluten (oats)","Vegan,Vegetarian",24,
174621,"Cereals ready-to-eat, QUAKER, HONEY GRAHAM OH!S",8,"Cereals containing gluten,Cereals containing gluten (oats)","Vegan,Vegetarian",12,
174622,"Cereals ready-to-eat, QUAKER, Oatmeal Squares",8,"Cereals containing gluten,Cereals containing gluten (oats)","Vegan,Vegetarian",24,
174623,"Cereals ready-to-eat, QUAKER, Oatmeal Squares, cinnamon",8,"Cereals containing gluten,Cereals containing gluten (oats)","Vegan,Vegetarian",24,
174624,"Cereals, QUAKER, Instant Oatmeal, fruit and cream variety, dry",8,"Cereals containing gluten (oats),Milk,Soybeans","Vegetarian,Vitamin-Rich",24,
174625,"Cereals, QUAKER, Instant Oatmeal, raisins, dates and walnuts, dry",8,"Cereals containing gluten (oats),Nuts,Nuts (walnuts)","Vegan,Vegetarian,Vitamin-Rich",48,
174626,"Cereals, QUAKER, Oat Bran, QUAKER/MOTHER'S Oat Bran, dry",8,"Cereals containing gluten,Cereals containing gluten (oats)","High-Protein,Vegan,Vegetarian",24,
174627,"Cereals, QUAKER, Oat Bran, QUAKER/MOTHER'S Oat Bran, prepared with water, no salt",8,"Cereals containing gluten,Cereals containing gluten (oats)","High-Protein,Low Sodium,Vegan,Vegetarian",24,
174628,"Cereals ready-to-eat, Post, Waffle Crisp",8,,"Vegan,Vegetarian",24,
174629,"Cereals, QUAKER, hominy grits, white, quick, dry",8,,"Vegan,Vegetarian",24,
174630,"Cereals, QUAKER, hominy grits, white, regular, dry",8,,"Vegan,Vegetarian",24,
174631,"Cereals ready-to-eat, MALT-O-MEAL, COLOSSAL CRUNCH",8,,"Vegan,Vegetarian",24,
174632,"Cereals ready-to-eat, QUAKER, MOTHER'S Cinnamon Oat Crunch",8,"Cereals containing gluten,Cereals containing gluten (oats)","Vegan,Vegetarian",24,
174633,"Cereals ready-to-eat, QUAKER, MOTHER'S GRAHAM BUMPERS",8,"Cereals containing gluten,Cereals containing gluten (oats)","Vegan,Vegetarian",24,
174634,"Cereals ready-to-eat, QUAKER, MOTHER'S COCOA BUMPERS",8,"Cereals containing gluten,Cereals containing gluten (oats)","Vegan,Vegetarian",24,
174635,"Cereals ready-to-eat, SUN COUNTRY, KRETSCHMER Toasted Wheat Bran",8,Cereals containing gluten,"Vegan,Vegetarian",24,
174636,"Cereals, QUAKER, Instant Oatmeal, Cinnamon-Spice, dry",8,Cereals containing gluten (oats),"Vegan,Vegetarian",24,
174637,"Cereals, QUAKER, Instant Oatmeal, DINOSAUR EGGS, Brown Sugar, dry",8,Cereals containing gluten (oats),"Vegan,Vegetarian",24,
174638,"Cereals, QUAKER, Instant Oatmeal, Banana Bread, dry",8,"Cereals containing gluten (oats),Nuts,Nuts (walnuts)","Vegan,Vegetarian,Vitamin-Rich",48,
174639,"Cereals ready-to-eat, UNCLE SAM CEREAL",8,Cereals containing gluten,"Vegan,Vegetarian",24,
174640,"Cereals, QUAKER, Quick Oats with Iron, Dry",8,Cereals containing gluten (oats),"Vegan,Vegetarian",24,
174641,"Cereals, QUAKER, Whole Wheat Natural Cereal, dry",8,Cereals containing gluten,"Vegan,Vegetarian",24,
174642,"Cereals ready-to-eat, MALT-O-MEAL, Honey BUZZERS",8,"Cereals containing gluten,Cereals containing gluten (oats)","Vegan,Vegetarian",12,
174643,"Cereals ready-to-eat, MALT-O-MEAL, GOLDEN PUFFS",8,Cereals containing gluten,"Vegan,Vegetarian",24,
174644,"Cereals ready-to-eat, MOM'S BEST, Honey Nut TOASTY O'S",8,"Cereals containing gluten,Cereals containing gluten (oats),Nuts,Nuts (almonds)",Vegetarian,48,
174645,"Cereals ready-to-eat, MALT-O-MEAL, Apple ZINGS",8,"Cereals containing gluten,Cereals containing gluten (oats)","Vegan,Vegetarian,Vitamin-Rich",24,
174646,"Cereals ready-to-eat, MALT-O-MEAL, CINNAMON TOASTERS",8,Cereals containing gluten,"Vegan,Vegetarian",24,
174647,"Cereals ready-to-eat, MALT-O-MEAL, Cocoa DYNO-BITES",8,,"Vegan,Vegetarian",24,
174648,"Cereals ready-to-eat, RALSTON Corn Flakes",8,"Cereals containing gluten,Cereals containing gluten (barley)","Vegan,Vegetarian",24,
174649,"Cereals ready-to-eat, RALSTON Crispy Hexagons",8,,"Vegan,Vegetarian",24,
174650,Milk and cereal bar,23,"Cereals containing gluten,Milk,Soybeans",Vegetarian,24,
174651,"Cereals, MALT-O-MEAL, original, plain, prepared with water, without salt",8,Cereals containing gluten,"Low Sodium,Vegan,Vegetarian",24,
174652,"Cereals ready-to-eat, QUAKER, Christmas Crunch",8,,"Vegan,Vegetarian",24,
174653,"Cereals ready-to-eat, POST SELECTS Maple Pecan Crunch",8,"Cereals containing gluten,Nuts,Nuts (pecans)",Vegetarian,48,
174654,"Cereals ready-to-eat, NATURE'S PATH, Organic FLAX PLUS, Pumpkin Granola",8,"Cereals containing gluten,Cereals containing gluten (oats)","Vegan,Vegetarian",24,
174655,"Cereals, CREAM OF WHEAT, 2 1/2 minute cook time, dry",8,Cereals containing gluten,"Vegan,Vegetarian",24,
174656,"Incaparina, dry mix (corn and soy flours), unprepared",8,Soybeans,"High-Protein,Vegan,Vegetarian",24,
174657,"Cereals ready-to-eat, QUAKER, CAP'N CRUNCH'S Halloween Crunch",8,,"Vegan,Vegetarian",24,
174658,"Cereals ready-to-eat, QUAKER, Natural Granola Apple Cranberry Almond",8,"Cereals containing gluten,Cereals containing gluten (oats),Nuts,Nuts (almonds)","Vegan,Vegetarian,Vitamin-Rich",48,
174659,"Cereals ready-to-eat, QUAKER, Maple Brown Sugar LIFE Cereal",8,"Cereals containing gluten,Cereals containing gluten (oats)","Vegan,Vegetarian",24,
174660,"Cereals, QUAKER, Instant Oatmeal Organic, Regular",8,Cereals containing gluten (oats),"Vegan,Vegetarian",24,
174661,"Cereals, QUAKER, Instant Oatmeal, fruit and cream, variety of flavors, reduced sugar",8,"Cereals containing gluten (oats),Milk,Soybeans","No Added Sugar,Vegetarian,Vitamin-Rich",24,
174662,"Cereals, QUAKER, Instant Oatmeal, Apple and Cinnamon, reduced sugar",8,Cereals containing gluten (oats),"No Added Sugar,Vegan,Vegetarian,Vitamin-Rich",24,
174663,"Cereals ready-to-eat, POST, HONEY BUNCHES OF OATS, pecan bunches",8,"Cereals containing gluten,Cereals containing gluten (barley),Cereals containing gluten (oats),Nuts,Nuts (almonds),Nuts (pecans)",Vegetarian,48,
174664,"Cereals ready-to-eat, MALT-O-MEAL, CHOCOLATE MARSHMALLOW MATEYS",8,"Cereals containing gluten,Cereals containing gluten (oats)",Vegetarian,24,
174665,"Figs, dried, uncooked",9,,"Vegan,Vegetarian,Vitamin-Rich",24,
174666,"Figs, dried, stewed",9,,"Vegan,Vegetarian,Vitamin-Rich",24,
174667,"Fruit cocktail, (peach and pineapple and pear and grape and cherry), canned, water pack, solids and liquids",9,,"Vegan,Vegetarian,Vitamin-Rich",24,
174668,"Fruit cocktail, (peach and pineapple and pear and grape and cherry), canned, juice pack, solids and liquids",9,,"Vegan,Vegetarian,Vitamin-Rich",24,
174669,"Fruit salad, (peach and pear and apricot and pineapple and cherry), canned, water pack, solids and liquids",9,,"Vegan,Vegetarian,Vitamin-Rich",24,
174670,"Fruit salad, (peach and pear and apricot and pineapple and cherry), canned, juice pack, solids and liquids",9,,"Vegan,Vegetarian,Vitamin-Rich",24,
174671,"Fruit salad, (peach and pear and apricot and pineapple and cherry), canned, light syrup, solids and liquids",9,,"Vegan,Vegetarian,Vitamin-Rich",24,
174672,"Fruit salad, (peach and pear and apricot and pineapple and cherry), canned, extra heavy syrup, solids and liquids",9,,"Vegan,Vegetarian,Vitamin-Rich",24,
174673,"Grapefruit, raw, pink and red, all areas",9,,"Vegan,Vegetarian,Vitamin-Rich",24,
174674,"Grapefruit, raw, pink and red, California and Arizona",9,,"Vegan,Vegetarian,Vitamin-Rich",24,
174675,"Grapefruit, raw, pink and red, Florida",9,,"Vegan,Vegetarian,Vitamin-Rich",24,
174676,"Grapefruit, raw, white, all areas",9,,"Vegan,Vegetarian,Vitamin-Rich",24,
174677,"Grapefruit, raw, white, California",9,,"Vegan,Vegetarian,Vitamin-Rich",24,
174678,"Grapefruit juice, white, canned or bottled, unsweetened",9,,"No Added Sugar,Vegan,Vegetarian,Vitamin-Rich",24,
174679,"Grapefruit juice, white, canned, sweetened",9,,"Vegan,Vegetarian,Vitamin-Rich",24,
174680,"Grapefruit juice, white, frozen concentrate, unsweetened, undiluted",9,,"No Added Sugar,Vegan,Vegetarian,Vitamin-Rich",24,
174681,"Grapefruit juice, white, frozen concentrate, unsweetened, diluted with 3 volume water",9,,"No Added Sugar,Vegan,Vegetarian,Vitamin-Rich",24,
174682,"Grapes, american type (slip skin), raw",9,,"Vegan,Vegetarian,Vitamin-Rich",24,
174683,"Grapes, red or green (European type, such as Thompson seedless), raw",9,,"Vegan,Vegetarian,Vitamin-Rich",24,
174684,"Grapes, canned, thompson seedless, water pack, solids and liquids",9,,"Vegan,Vegetarian,Vitamin-Rich",24,
174685,"Grapes, canned, thompson seedless, heavy syrup pack, solids and liquids",9,,"Vegan,Vegetarian,Vitamin-Rich",24,
174686,"Guava sauce, cooked",9,,"Vegan,Vegetarian,Vitamin-Rich",24,
174687,"Jackfruit, raw",9,,"Vegan,Vegetarian,Vitamin-Rich",24,
174688,"Beef, top loin filet, boneless, separable lean only, trimmed to 1/8"" fat, all grades, cooked, grilled",13,,High-Protein,24,
174689,"Beef, top loin filet, boneless, separable lean only, trimmed to 1/8"" fat, choice, cooked, grilled",13,,High-Protein,24,
174690,"Beef, top loin filet, boneless, separable lean only, trimmed to 1/8"" fat, select, cooked, grilled",13,,High-Protein,24,
174691,"Beef, top loin petite roast/filet, boneless, separable lean only, trimmed to 1/8"" fat, choice, raw",13,,High-Protein,24,
174692,"Beef, top loin petite roast/filet, boneless, separable lean only, trimmed to 1/8"" fat, select, raw",13,,High-Protein,24,
174693,"Beef, loin, top sirloin filet, boneless, separable lean only, trimmed to 0"" fat, all grades, cooked, grilled",13,,"High-Protein,Low-Fat",24,
174694,"Beef, loin, top sirloin filet, boneless, separable lean only, trimmed to 0"" fat, choice, cooked, grilled",13,,"High-Protein,Low-Fat",24,
174695,"Beef, loin, top sirloin petite roast/filet, boneless, separable lean only, trimmed to 0"" fat, select, raw",13,,"High-Protein,Low-Fat",24,
174696,"Beef, ribeye  petite roast/filet, boneless, separable lean only, trimmed to 0"" fat, all grades, raw",13,,"High-Protein,Low-Fat",24,
174697,"Beef, ribeye  petite roast/filet, boneless, separable lean only, trimmed to 0"" fat, choice, raw",13,,"High-Protein,Low-Fat",24,
174698,"Beef, ribeye  petite roast/filet, boneless, separable lean only, trimmed to 0"" fat, select, raw",13,,"High-Protein,Low-Fat",24,
174699,"Beef, ribeye cap steak, boneless, separable lean only, trimmed to 0"" fat, choice, raw",13,,"High-Protein,Low-Fat",24,
174700,"Beef, ribeye cap steak, boneless, separable lean only, trimmed to 0"" fat, select, raw",13,,"High-Protein,Low-Fat",24,
174701,"Beef, ribeye filet, boneless, separable lean only, trimmed to 0"" fat, all grades, cooked, grilled",13,,"High-Protein,Low-Fat",24,
174702,"Beef, ribeye filet, boneless, separable lean only, trimmed to 0"" fat, choice, cooked, grilled",13,,"High-Protein,Low-Fat",24,
174703,"Beef, ribeye filet, boneless, separable lean only, trimmed to 0"" fat, select, cooked, grilled",13,,"High-Protein,Low-Fat",24,
174704,"Beef, loin, top sirloin cap steak, boneless, separable lean and fat, trimmed to 1/8"" fat, choice, cooked, grilled",13,,High-Protein,24,
174705,"Beef, loin, top sirloin cap steak, boneless, separable lean and fat, trimmed to 1/8"" fat, select, cooked, grilled",13,,High-Protein,24,
174706,"Beef, loin, top sirloin cap steak, boneless, separable lean and fat, trimmed to 1/8"" fat, all grades, raw",13,,High-Protein,24,
174707,"Beef, loin, top sirloin cap steak, boneless, separable lean and fat, trimmed to 1/8"" fat, choice, raw",13,,High-Protein,24,
174708,"Beef, top loin petite roast, boneless, separable lean and fat, trimmed to 1/8"" fat, all grades, cooked, roasted",13,,High-Protein,24,
174709,"Beef, top loin petite roast, boneless, separable lean and fat, trimmed to 1/8"" fat, choice, cooked, roasted",13,,High-Protein,24,
174710,"Beef, top loin petite roast, boneless, separable lean and fat, trimmed to 1/8"" fat, select, cooked, roasted",13,,High-Protein,24,
174711,"Beef, top loin petite roast/filet, boneless, separable lean and fat, trimmed to 1/8"" fat, all grades, raw",13,,High-Protein,24,
174712,"Beef, loin, top loin steak, boneless, lip-on, separable lean and fat, trimmed to 1/8"" fat, choice, cooked, grilled",13,,High-Protein,24,
174713,"Beef, loin, top loin steak, boneless, lip-on, separable lean and fat, trimmed to 1/8"" fat, select, cooked, grilled",13,,High-Protein,24,
174714,"Beef, loin, top loin steak, boneless, lip-on, separable lean and fat, trimmed to 1/8"" fat, all grades, cooked, grilled",13,,High-Protein,24,
174715,"Beef, New Zealand, imported, bolar blade, separable lean only, cooked, fast roasted",13,,High-Protein,24,
174716,"Beef, New Zealand, imported, bolar blade, separable lean only, raw",13,,High-Protein,24,
174717,"Beef, New Zealand, imported, brisket navel end, separable lean only, cooked, braised",13,,High-Protein,24,
174718,"Beef, New Zealand, imported, brisket navel end, separable lean only, raw",13,,High-Protein,24,
174719,"Beef, New Zealand, imported, cube roll, separable lean only, cooked, fast roasted",13,,High-Protein,24,
174720,"Beef, New Zealand, imported, cube roll, separable lean only, raw",13,,High-Protein,24,
174721,"Beef, New Zealand, imported, eye round, separable lean only, cooked, slow roasted",13,,High-Protein,24,
174722,"Beef, New Zealand, imported, eye round, separable lean only, raw",13,,High-Protein,24,
174723,"Beef, New Zealand, imported, variety meats and by-products, heart, raw",13,,High-Protein,24,
174724,"Beef, New Zealand, imported, hind shin, separable lean only, cooked, braised",13,,High-Protein,24,
174725,"Beef, New Zealand, imported, hind shin, separable lean only, raw",13,,High-Protein,24,
174726,"Beef, New Zealand, imported, inside, raw",13,,High-Protein,24,
174727,"Beef, New Zealand, imported, variety meats and by-products, kidney, raw",13,,High-Protein,24,
174728,"Beef, New Zealand, imported, variety meats and by-products liver, cooked, boiled",13,,High-Protein,24,
174729,"Beef, New Zealand, imported, variety meats and by-products, liver, raw",13,,High-Protein,24,
174730,"Beef, New Zealand, imported, manufacturing beef, cooked, boiled",13,,High-Protein,24,
174731,"Beef, New Zealand, imported, ribs prepared, raw",13,,High-Protein,24,
174732,"Beef, New Zealand, imported, rump centre, separable lean only, cooked, fast fried",13,,High-Protein,24,
174733,"Beef, New Zealand, imported, striploin, separable lean only, cooked, fast fried",13,,High-Protein,24,
174734,"Beef, New Zealand, imported, striploin, separable lean only, raw",13,,High-Protein,24,
174735,"Beef, New Zealand, imported, oyster blade, separable lean and fat, raw",13,,High-Protein,24,
174736,"Beef, New Zealand, imported, tenderloin, separable lean only, raw",13,,High-Protein,24,
174737,"Beef, New Zealand, imported, variety meats and by-products, tongue, cooked, boiled",13,,High-Protein,24,
174738,"Beef, New Zealand, imported, variety meats and by-products, tongue, raw",13,,High-Protein,24,
174739,"Beef, New Zealand, imported, brisket navel end, separable lean and fat, cooked, braised",13,,High-Protein,24,
174740,"Beef, New Zealand, imported, brisket navel end, separable lean and fat, raw",13,,High-Protein,24,
174741,"Beef, New Zealand, imported, brisket point end, separable lean and fat, cooked, braised",13,,High-Protein,24,
174742,"Beef, New Zealand, imported, brisket point end, separable lean and fat, raw",13,,High-Protein,24,
174743,"Beef, New Zealand, imported, eye round, separable lean and fat, cooked, slow roasted",13,,High-Protein,24,
174744,"Beef, New Zealand, imported, eye round, separable lean and fat, raw",13,,High-Protein,24,
174745,"Beef, New Zealand, imported, flank, separable lean and fat, cooked, braised",13,,High-Protein,24,
174746,"Beef, New Zealand, imported, flank, separable lean and fat, raw",13,,High-Protein,24,
174747,"Beef, New Zealand, imported, flat, separable lean and fat, cooked, braised",13,,High-Protein,24,
174748,"Beef, New Zealand, imported, rump centre, separable lean and fat, cooked, fast fried",13,,High-Protein,24,
174749,"Beef, New Zealand, imported, rump centre, separable lean only, raw",13,,High-Protein,24,
174750,"Beef, New Zealand, imported, rump centre, separable lean and fat, raw",13,,High-Protein,24,
174751,"Beef, New Zealand, imported, striploin, separable lean and fat, cooked, fast fried",13,,High-Protein,24,
174752,"Beef, ground, 93% lean meat / 7% fat, patty, cooked, broiled",13,,"High-Protein,Low-Fat",24,
174753,"Beef, ground, 93% lean meat /7% fat, patty, cooked, pan-broiled",13,,"High-Protein,Low-Fat",24,
174754,"Beef, ground, 93% lean meat / 7% fat, loaf, cooked, baked",13,,"High-Protein,Low-Fat",24,
174755,"Beef, ground, 93% lean meat / 7% fat, crumbles, cooked, pan-browned",13,,"High-Protein,Low-Fat",24,
174756,"Beef, ground, 97% lean meat / 3% fat, crumbles, cooked, pan-browned",13,,"High-Protein,Low-Fat",24,
174757,"Beef, composite of trimmed retail cuts, separable lean and fat, trimmed to 0"" fat, all grades, raw",13,,"High-Protein,Low-Fat",24,
174758,"Beef, composite of trimmed retail cuts, separable lean only, trimmed to 1/8"" fat, all grades, raw",13,,High-Protein,24,
174759,"Beef, composite of trimmed retail cuts, separable lean only, trimmed to 1/8"" fat, all grades, cooked",13,,High-Protein,24,
174760,"Beef, composite of trimmed retail cuts, separable lean only, trimmed to 0"" fat, all grades, raw",13,,"High-Protein,Low-Fat",24,
174761,"Beef, rib, small end (ribs 10-12), separable lean only, trimmed to 1/8"" fat, choice, raw",13,,High-Protein,24,
174762,"Beef, tenderloin, steak, separable lean only, trimmed to 1/8"" fat, choice, raw",13,,High-Protein,24,
174763,"Beef, top sirloin, steak, separable lean only, trimmed to 1/8"" fat, choice, raw",13,,High-Protein,24,
174764,"Beef, rib, small end (ribs 10-12), separable lean only, trimmed to 1/8""fat, choice, cooked, broiled",13,,High-Protein,24,
174765,"Beef, chuck, arm pot roast, separable lean only, trimmed to 1/8"" fat, select, raw",13,,High-Protein,24,
174766,"Beef, brisket, flat half, separable lean only, trimmed to 1/8"" fat, select, raw",13,,High-Protein,24,
174767,"Beef, chuck, arm pot roast, separable lean only, trimmed to 1/8"" fat, select, cooked, braised",13,,High-Protein,24,
174768,"Beef, brisket, flat half, separable lean only, trimmed to 1/8"" fat, select, cooked, braised",13,,High-Protein,24,
174769,"Beef, variety meats and by-products, tripe, cooked, simmered",13,,High-Protein,24,
174770,"Beef, bottom sirloin, tri-tip roast, separable lean only, trimmed to 0"" fat, all grades, raw",13,,"High-Protein,Low-Fat",24,
174771,"Beef, bottom sirloin, tri-tip roast, separable lean only, trimmed to 0"" fat, choice, cooked, roasted",13,,"High-Protein,Low-Fat",24,
174772,"Beef, bottom sirloin, tri-tip roast, separable lean only, trimmed to 0"" fat, choice, raw",13,,"High-Protein,Low-Fat",24,
174773,"Beef, bottom sirloin, tri-tip roast, separable lean only, trimmed to 0"" fat, select, cooked, roasted",13,,"High-Protein,Low-Fat",24,
174774,"Beef, flank, steak, separable lean only, trimmed to 0"" fat, all grades, cooked, broiled",13,,"High-Protein,Low-Fat",24,
174775,"Beef, flank, steak, separable lean only, trimmed to 0"" fat, select, cooked, broiled",13,,"High-Protein,Low-Fat",24,
174776,"Beef, flank, steak, separable lean only, trimmed to 0"" fat, all grades, raw",13,,"High-Protein,Low-Fat",24,
174777,"Beef, flank, steak, separable lean only, trimmed to 0"" fat, select, raw",13,,"High-Protein,Low-Fat",24,
174778,"Snacks, popcorn, microwave, low fat",23,,"Low-Fat,Vegan,Vegetarian",48,
174779,"Snacks, candy rolls, yogurt-covered, fruit flavored with high vitamin C",23,"Milk,Soybeans","Vegetarian,Vitamin-Rich",24,
174780,"Formulated bar, MARS SNACKFOOD US, SNICKERS MARATHON Chewy Chocolate Peanut Bar",23,"Eggs,Milk,Nuts,Peanuts,Soybeans","High-Protein,Vegetarian",48,
174781,"Formulated bar, MARS SNACKFOOD US, SNICKERS MARATHON MULTIGRAIN CRUNCH BAR",23,"Cereals containing gluten,Cereals containing gluten (barley),Cereals containing gluten (oats),Milk,Peanuts,Soybeans","High-Protein,Vegetarian",48,
174782,"Formulated bar, MARS SNACKFOOD US, COCOAVIA, Chocolate Almond Snack Bar",23,"Nuts,Nuts (almonds),Soybeans",Vegetarian,48,
174783,"Snacks, sweet potato chips, unsalted",23,,"Low Sodium,Vegan,Vegetarian,Vitamin-Rich",24,
174784,"Snacks, FRITOLAY, SUNCHIPS, Multigrain Snack, original flavor",23,"Cereals containing gluten,Cereals containing gluten (oats),Milk,Soybeans",Vegetarian,24,
174785,"Snacks, popcorn, microwave, regular (butter) flavor, made with partially hydrogenated oil",23,Milk,Vegetarian,48,
174786,"Formulated bar, MARS SNACKFOOD US, SNICKERS MARATHON Protein Performance Bar, Caramel Nut Rush",23,"Eggs,Milk,Nuts,Peanuts,Soybeans","High-Protein,Vegetarian",48,
174787,"Formulated bar, LUNA BAR, NUTZ OVER CHOCOLATE",23,"Cereals containing gluten,Cereals containing gluten (oats),Milk,Peanuts,Soybeans","High-Protein,Kosher,Vegetarian",48,
174788,"Snacks, FRITOLAY, SUNCHIPS, multigrain, French onion flavor",23,"Cereals containing gluten,Cereals containing gluten (oats),Milk,Soybeans",Vegetarian,24,
174789,"Snacks, FRITOLAY, SUNCHIPS, Multigrain Snack, Harvest Cheddar flavor",23,"Cereals containing gluten,Cereals containing gluten (oats),Milk",Vegetarian,24,
174790,"Pretzels, soft, unsalted",23,Cereals containing gluten,"Low Sodium,Vegan,Vegetarian",24,
174791,"Snacks, vegetable chips, HAIN CELESTIAL GROUP, TERRA CHIPS",23,,"Vegan,Vegetarian,Vitamin-Rich",24,
174792,"Formulated bar, ZONE PERFECT CLASSIC CRUNCH BAR, mixed flavors",23,"Milk,Peanuts,Soybeans","High-Protein,Vegetarian",48,
174793,"Snacks, granola bar, KASHI GOLEAN, chewy, mixed flavors",23,"Cereals containing gluten,Cereals containing gluten (barley),Cereals containing gluten (oats),Cereals containing gluten (rye),Nuts,Nuts (almonds),Peanuts,Sesame seeds,Soybeans","High-Protein,Vegetarian",48,
174794,"Snacks, granola bar, KASHI TLC Bar, chewy, mixed flavors",23,"Cereals containing gluten,Cereals containing gluten (oats),Nuts,Nuts (almonds),Peanuts,Sesame seeds,Soybeans",Vegetarian,48,
174795,"Snacks, granola bars, QUAKER OATMEAL TO GO, all flavors",23,"Cereals containing gluten,Cereals containing gluten (oats),Eggs,Milk,Nuts,Nuts (almonds),Nuts (walnuts),Soybeans",Vegetarian,48,
174796,"Snacks, vegetable chips, made from garden vegetables",23,,"Vegan,Vegetarian,Vitamin-Rich",24,
174797,"Snacks, granola bar, KASHI TLC Bar, crunchy, mixed flavors",23,"Cereals containing gluten,Cereals containing gluten (oats),Nuts,Nuts (almonds),Peanuts,Sesame seeds,Soybeans",Vegetarian,48,
174798,"Snacks, candy bits, yogurt covered with vitamin C",23,"Milk,Soybeans","Vegetarian,Vitamin-Rich",24,
174799,"Snacks, CLIF BAR, mixed flavors",23,"Cereals containing gluten,Cereals containing gluten (oats),Nuts,Peanuts,Soybeans","High-Protein,Vegan,Vegetarian",48,
174800,"Snacks, granola bar, QUAKER, chewy, 90 Calorie Bar",23,"Cereals containing gluten,Cereals containing gluten (oats),Milk,Nuts,Nuts (almonds),Peanuts,Soybeans",Vegetarian,48,
174801,"Snacks, granola bar, GENERAL MILLS NATURE VALLEY, SWEET&SALTY NUT, peanut",23,"Cereals containing gluten (oats),Peanuts,Soybeans",Vegetarian,48,
174802,"Snacks, granola bar, GENERAL MILLS, NATURE VALLEY, with yogurt coating",23,"Cereals containing gluten (oats),Milk,Soybeans",Vegetarian,24,
174803,"Snack, Mixed Berry Bar",23,"Cereals containing gluten,Eggs,Milk,Soybeans","Vegetarian,Vitamin-Rich",24,
174804,"Snacks, potato chips, made from dried potatoes (preformed), multigrain",23,"Cereals containing gluten,Cereals containing gluten (oats),Milk",Vegetarian,24,
174805,"Snacks, potato chips, lightly salted",23,,"Low Sodium,Vegan,Vegetarian,Vitamin-Rich",24,
174806,"Snacks, Pretzels, gluten- free made with cornstarch and potato flour",23,"Milk,Soybeans","Gluten-Free,Vegetarian",24,
174807,"Soup, egg drop, Chinese restaurant",6,"Eggs,Soybeans","High-Protein,Vegetarian",24,
174808,"Soup, hot and sour, Chinese restaurant",6,"Cereals containing gluten,Eggs,Soybeans",High-Protein,24,
174809,"Beverages, THE COCA-COLA COMPANY, NOS Zero, energy drink, sugar-free with guarana, fortified with vitamins B6 and B12",14,,"No Added Sugar,Vegan,Vegetarian,Vitamin-Rich",252,
174810,"Alcoholic beverage, whiskey sour, canned",14,Sulphur dioxide/sulphites,"Vegan,Vegetarian",252,
174811,"Beverages, Whiskey sour mix, bottled",14,Sulphur dioxide/sulphites,"Vegan,Vegetarian",24,
174812,"Alcoholic beverage, whiskey sour, prepared from item 14028",14,"Cereals containing gluten,Sulphur dioxide/sulphites","Vegan,Vegetarian",252,
174813,"Beverages, ABBOTT, EAS soy protein powder",14,"Milk,Soybeans","High-Protein,Vegetarian",24,
174814,"Beverages, CYTOSPORT, Muscle Milk, ready-to-drink",14,"Milk,Soybeans","High-Protein,Vegetarian",24,
174815,"Alcoholic beverage, distilled, all (gin, rum, vodka, whiskey) 80 proof",14,Cereals containing gluten,"Vegan,Vegetarian",252,
174816,"Beverages, OCEAN SPRAY, Cran-Energy, Cranberry Energy Juice Drink",14,,"Vegan,Vegetarian,Vitamin-Rich",252,
174817,"Alcoholic beverage, distilled, rum, 80 proof",14,,"Vegan,Vegetarian",252,
174818,"Alcoholic beverage, distilled, vodka, 80 proof",14,Cereals containing gluten,"Vegan,Vegetarian",252,
174819,"Alcoholic beverage, distilled, whiskey, 86 proof",14,Cereals containing gluten,"Vegan,Vegetarian",252,
174820,"Beverages, almond milk, chocolate, ready-to-drink",14,"Nuts,Nuts (almonds)","Vegan,Vegetarian",48,
174821,"Beverages, Energy Drink with carbonated water and high fructose corn syrup",14,,"Vegan,Vegetarian",252,
174822,"Beverages, Energy Drink, sugar free",14,,"No Added Sugar,Vegan,Vegetarian",252,
174823,"Beverages, ABBOTT, ENSURE, Nutritional Shake, Ready-to-Drink",14,"Milk,Soybeans","High-Protein,Vegetarian",24,
174824,"Beverages, chocolate powder, no sugar added",14,"Milk,Soybeans","No Added Sugar,Vegetarian",24,
174825,"Beverages, ZEVIA, cola",14,,"Vegan,Vegetarian",252,
174826,"Beverages, ZEVIA, cola, caffeine free",14,,"Vegan,Vegetarian",24,
174827,"Beverages, GEROLSTEINER BRUNNEN GmbH & Co. KG,Gerolsteiner naturally sparkling mineral water,",14,,"Vegan,Vegetarian",24,
174828,"Beverages, yellow green colored citrus soft drink with caffeine",14,,"Vegan,Vegetarian",252,
174829,"Beverages, V8 SPLASH Smoothies, Strawberry Banana",14,,"Vegan,Vegetarian,Vitamin-Rich",24,
174830,"Beverages, V8 SPLASH Smoothies, Tropical Colada",14,"Nuts,Nuts (coconut)","Vegan,Vegetarian,Vitamin-Rich",48,
174831,"Beverages, Coconut water, ready-to-drink, unsweetened",14,"Nuts,Nuts (coconut)","No Added Sugar,Vegan,Vegetarian",48,
174832,"Beverages, almond milk, unsweetened, shelf stable",14,"Nuts,Nuts (almonds)","No Added Sugar,Vegan,Vegetarian",48,
174833,"Alcoholic Beverage, wine, table, red, Cabernet Sauvignon",14,Sulphur dioxide/sulphites,"Vegan,Vegetarian",252,
174834,"Alcoholic Beverage, wine, table, red, Cabernet Franc",14,Sulphur dioxide/sulphites,"Vegan,Vegetarian",252,
174835,"Alcoholic Beverage, wine, table, red, Pinot Noir",14,Sulphur dioxide/sulphites,"Vegan,Vegetarian",252,
174836,"Alcoholic Beverage, wine, table, red, Syrah",14,Sulphur dioxide/sulphites,"Vegan,Vegetarian",252,
174837,"Alcoholic beverage, wine, table, white",14,Sulphur dioxide/sulphites,"Vegan,Vegetarian",252,
174838,"Alcoholic Beverage, wine, table, red, Lemberger",14,Sulphur dioxide/sulphites,"Vegan,Vegetarian",252,
174839,"Alcoholic Beverage, wine, table, red, Sangiovese",14,Sulphur dioxide/sulphites,"Vegan,Vegetarian",252,
174840,"Alcoholic Beverage, wine, table, red, Carignane",14,Sulphur dioxide/sulphites,"Vegan,Vegetarian",252,
174841,"Alcoholic beverage, wine, table, white, Pinot Gris (Grigio)",14,Sulphur dioxide/sulphites,"Vegan,Vegetarian",252,
174842,"Beverages, carbonated, club soda",14,,"Vegan,Vegetarian",24,
174843,"Alcoholic beverage, wine, table, white, Gewurztraminer",14,Sulphur dioxide/sulphites,"Vegan,Vegetarian",252,
174844,"Alcoholic beverage, wine, table, white, late harvest, Gewurztraminer",14,Sulphur dioxide/sulphites,"Vegan,Vegetarian",252,
174845,"Alcoholic beverage, wine, table, white, Semillon",14,Sulphur dioxide/sulphites,"Vegan,Vegetarian",252,
174846,"Beverages, carbonated, ginger ale",14,,"Vegan,Vegetarian",24,
174847,"Beverages, NESTEA, tea, black, ready-to-drink, lemon",14,,"Vegan,Vegetarian",24,
174848,"Alcoholic beverage, wine, table, white, Pinot Blanc",14,Sulphur dioxide/sulphites,"Vegan,Vegetarian",252,
174849,"Alcoholic beverage, wine, table, white, Muscat",14,Sulphur dioxide/sulphites,"Vegan,Vegetarian",252,
174850,"Beverages, carbonated, low calorie, cola or pepper-type, with aspartame, without caffeine",14,,"No Added Sugar,Vegan,Vegetarian",24,
174851,"Beverages, carbonated, cola, without caffeine",14,,"Vegan,Vegetarian",24,
174852,"Beverages, carbonated, cola, regular",14,,"Vegan,Vegetarian",252,
174853,"Beverages, carbonated, reduced sugar, cola, contains caffeine and sweeteners",14,,"Vegan,Vegetarian",252,
174854,"Beverages, carbonated, orange",14,,"Vegan,Vegetarian",24,
174855,"Beverages, tea, black, ready-to-drink, peach, diet",14,,"No Added Sugar,Vegan,Vegetarian",24,
174856,"Beverages, OCEAN SPRAY, Ruby Red cranberry",14,,"Vegan,Vegetarian,Vitamin-Rich",24,
174857,"Beverages, MOTTS, Apple juice light, fortified with vitamin C",14,,"Low-Fat,Vegan,Vegetarian,Vitamin-Rich",24,
174858,"Beverages, Lemonade, powder",14,,"Vegan,Vegetarian,Vitamin-Rich",24,
174859,"Lemonade, powder, prepared with water",14,,"Vegan,Vegetarian,Vitamin-Rich",24,
174860,"Beverages, lemonade-flavor drink, powder",14,,"Vegan,Vegetarian",24,
174861,"Beverages, lemonade-flavor drink, powder, prepared with water",14,,"Vegan,Vegetarian",24,
174862,"Limeade, frozen concentrate, prepared with water",14,,"Vegan,Vegetarian,Vitamin-Rich",24,
174863,"Malt beverage, includes non-alcoholic beer",14,"Cereals containing gluten,Cereals containing gluten (barley)","Vegan,Vegetarian",252,
174864,"Beverages, OVALTINE, Classic Malt powder",14,"Cereals containing gluten,Cereals containing gluten (barley),Milk",Vegetarian,24,
174865,"Beverages, Malted drink mix, chocolate, with added nutrients, powder, prepared with whole milk",14,"Cereals containing gluten,Cereals containing gluten (barley),Milk,Soybeans",Vegetarian,24,
174866,"Beverages, malted drink mix, chocolate, powder",14,"Cereals containing gluten,Cereals containing gluten (barley),Milk,Soybeans",Vegetarian,24,
174867,"Beverages, Malted drink mix, chocolate, powder, prepared with whole milk",14,"Cereals containing gluten,Cereals containing gluten (barley),Milk,Soybeans",Vegetarian,24,
174868,"Beverages, orange drink, canned, with added vitamin C",14,,"Vegan,Vegetarian,Vitamin-Rich",24,
174869,"Strawberry-flavor beverage mix, powder",14,,"Vegan,Vegetarian",24,
174870,"Beverages, Strawberry-flavor beverage mix, powder, prepared with whole milk",14,Milk,Vegetarian,24,
174871,"Beverages, tea, black, brewed, prepared with tap water, decaffeinated",14,,"Vegan,Vegetarian",24,
174872,"Beverages, tea, instant, decaffeinated, unsweetened",14,,"No Added Sugar,Vegan,Vegetarian",24,
174873,"Beverages, tea, instant, unsweetened, prepared with water",14,,"No Added Sugar,Vegan,Vegetarian",24,
174874,"Lamb, New Zealand, imported, square-cut shoulder chops, separable lean and fat, cooked, braised",17,,High-Protein,24,
174875,"Lamb, New Zealand, imported, square-cut shoulder chops, separable lean and fat, raw",17,,High-Protein,24,
174876,"Lamb, New Zealand, imported, square-cut shoulder, separable lean and fat, cooked, slow roasted",17,,High-Protein,24,
174877,"Lamb, New Zealand, imported, tunnel-boned leg, chump off, shank off, separable lean and fat, raw",17,,High-Protein,24,
174878,"Lamb, New Zealand, imported, tenderloin, separable lean and fat, raw",17,,High-Protein,24,
174879,"Veal, ground, cooked, pan-fried",17,,High-Protein,24,
174880,"Veal, leg, top round, cap off, cutlet, boneless, cooked, grilled",17,,High-Protein,24,
174881,"Veal, shoulder, blade chop, separable lean only, cooked, grilled",17,,High-Protein,24,
174882,"Veal, external fat only, raw",17,,High-Protein,24,
174883,"Veal, external fat only, cooked",17,,High-Protein,24,
174884,"Veal, seam fat only, raw",17,,High-Protein,24,
174885,"Lamb, Australian, imported, fresh, leg, bottom, boneless, separable lean only, trimmed to 1/8"" fat, cooked, roasted",17,,High-Protein,24,
174886,"Lamb, Australian, imported, fresh, leg, hindshank, heel on, bone-in, separable lean only, trimmed to 1/8"" fat, cooked, braised",17,,High-Protein,24,
174887,"Lamb, Australian, imported, fresh, leg, hindshank, heel on, bone-in, separable lean only, trimmed to 1/8"" fat, raw",17,,High-Protein,24,
174888,"Lamb, Australian, imported, fresh, tenderloin, boneless, separable lean only, trimmed to 1/8"" fat, cooked, roasted",17,,High-Protein,24,
174889,"Lamb, Australian, imported, fresh, rack, roast, frenched, denuded, bone-in, separable lean only, trimmed to 0"" fat, cooked, roasted",17,,"High-Protein,Low-Fat",24,
174890,"Lamb, Australian, imported, fresh, rack, roast, frenched, bone-in, separable lean only, trimmed to 1/8"" fat, cooked, roasted",17,,High-Protein,24,
174891,"Lamb, Australian, imported, fresh, external fat, cooked",17,,High-Protein,24,
174892,"Lamb, Australian, imported, fresh, external fat, raw",17,,High-Protein,24,
174893,"Lamb, Australian, imported, fresh, leg, hindshank, heel on, bone-in, separable lean and fat, trimmed to 1/8"" fat, cooked, braised",17,,High-Protein,24,
174894,"Lamb, Australian, imported, fresh, leg, hindshank, heel on, bone-in, separable lean and fat, trimmed to 1/8"" fat, raw",17,,High-Protein,24,
174895,"Lamb, Australian, imported, fresh, leg, trotter off, bone-in, separable lean and fat, trimmed to 1/8"" fat, cooked, roasted",17,,High-Protein,24,
174896,"Lamb, Australian, imported, fresh, leg, trotter off, bone-in, separable lean and fat, trimmed to 1/8"" fat, raw",17,,High-Protein,24,
174897,"Lamb, Australian, imported, fresh, tenderloin, boneless, separable lean and fat, trimmed to 1/8"" fat, cooked, roasted",17,,High-Protein,24,
174898,"Lamb, Australian, imported, fresh, rib chop, frenched, denuded, bone-in, separable lean and fat, trimmed to 0"" fat, cooked, grilled",17,,"High-Protein,Low-Fat",24,
172664,"Bagels, cinnamon-raisin",18,Cereals containing gluten,"Vegan,Vegetarian,Vitamin-Rich",24,
174900,"Bagels, plain, enriched, with calcium propionate (includes onion, poppy, sesame), toasted",18,Cereals containing gluten,"Vegan,Vegetarian",24,
174901,"Bagels, egg",18,"Cereals containing gluten,Eggs",Vegetarian,24,
174902,"Biscuits, plain or buttermilk, dry mix",18,"Cereals containing gluten,Milk,Soybeans",Vegetarian,24,
174903,"Biscuits, plain or buttermilk, dry mix, prepared",18,"Cereals containing gluten,Milk,Soybeans",Vegetarian,24,
174904,"Biscuits, plain or buttermilk, refrigerated dough, lower fat",18,"Cereals containing gluten,Milk,Soybeans","Low-Fat,Vegetarian",24,
174905,"Biscuits, plain or buttermilk, refrigerated dough, lower fat, baked",18,"Cereals containing gluten,Milk,Soybeans","Low-Fat,Vegetarian",24,
174906,"Bread, banana, prepared from recipe, made with margarine",18,"Cereals containing gluten,Eggs","Vegetarian,Vitamin-Rich",24,
174907,"Bread, boston brown, canned",18,"Cereals containing gluten,Cereals containing gluten (rye),Milk",Vegetarian,24,
174908,"Bread, cornbread, dry mix, enriched (includes corn muffin mix)",18,"Cereals containing gluten,Milk,Soybeans",Vegetarian,24,
174909,"Bread, cornbread, dry mix, prepared with 2% milk, 80% margarine, and eggs",18,"Cereals containing gluten,Eggs,Milk,Soybeans",Vegetarian,24,
174910,"Bread, cornbread, prepared from recipe, made with low fat (2%) milk",18,"Cereals containing gluten,Eggs,Milk","Low-Fat,Vegetarian",24,
174911,"Bread, french or vienna, toasted (includes sourdough)",18,Cereals containing gluten,"Vegan,Vegetarian",24,
174912,"Bread, irish soda, prepared from recipe",18,"Cereals containing gluten,Eggs,Milk",Vegetarian,24,
174913,"Bread, Italian",18,"Cereals containing gluten,Cereals containing gluten (barley)","Vegan,Vegetarian",24,
174914,"Bread, multi-grain, toasted (includes whole-grain)",18,"Cereals containing gluten,Cereals containing gluten (oats)","Vegan,Vegetarian",24,
174915,"Bread, pita, white, enriched",18,Cereals containing gluten,"Vegan,Vegetarian",24,
174916,"Bread, pita, whole-wheat",18,Cereals containing gluten,"Vegan,Vegetarian",24,
174917,"Bread, protein (includes gluten)",18,"Cereals containing gluten,Milk","High-Protein,Vegetarian",24,
174918,"Bread, pumpernickel",18,"Cereals containing gluten,Cereals containing gluten (rye)","Vegan,Vegetarian",24,
174919,"Bread, reduced-calorie, oatmeal",18,"Cereals containing gluten,Cereals containing gluten (oats)","Vegan,Vegetarian",24,
174920,"Bread, reduced-calorie, rye",18,"Cereals containing gluten,Cereals containing gluten (rye)","Vegan,Vegetarian",24,
174921,"Bread, reduced-calorie, wheat",18,Cereals containing gluten,"Vegan,Vegetarian",24,
174922,"Bread, reduced-calorie, white",18,Cereals containing gluten,"Vegan,Vegetarian",24,
174923,"Bread, rice bran",18,Cereals containing gluten,"Vegan,Vegetarian",24,
174924,"Bread, white, commercially prepared (includes soft bread crumbs)",18,"Cereals containing gluten,Milk,Soybeans",Vegetarian,24,
174925,"Bread, white, commercially prepared, toasted",18,"Cereals containing gluten,Milk,Soybeans",Vegetarian,24,
174926,"Bread, white, prepared from recipe, made with nonfat dry milk",18,"Cereals containing gluten,Milk",Vegetarian,24,
174927,"Bread, white, prepared from recipe, made with low fat (2%) milk",18,"Cereals containing gluten,Milk","Low-Fat,Vegetarian",24,
174928,"Bread, crumbs, dry, grated, plain",18,Cereals containing gluten,"Vegan,Vegetarian",24,
174929,"Bread, sticks, plain",18,Cereals containing gluten,"Vegan,Vegetarian",24,
174930,"Bread, stuffing, dry mix",18,"Cereals containing gluten,Milk,Soybeans",Vegetarian,24,
174931,"Bread, stuffing, dry mix, prepared",18,"Cereals containing gluten,Eggs,Milk,Soybeans",Vegetarian,24,
174932,"Cake, pudding-type, carrot, dry mix",18,"Cereals containing gluten,Eggs,Soybeans",Vegetarian,24,
174933,"Cake, cherry fudge with chocolate frosting",18,"Cereals containing gluten,Eggs,Milk,Soybeans","Vegetarian,Vitamin-Rich",24,
174934,"Cake, chocolate, commercially prepared with chocolate frosting, in-store bakery",18,"Cereals containing gluten,Eggs,Milk,Soybeans",Vegetarian,24,
174935,"Cake, pudding-type, chocolate, dry mix",18,"Cereals containing gluten,Soybeans","Vegan,Vegetarian",24,
174936,"Cake, coffeecake, creme-filled with chocolate frosting",18,"Cereals containing gluten,Eggs,Milk,Soybeans",Vegetarian,24,
174937,"Cake, coffeecake, fruit",18,"Cereals containing gluten,Eggs,Milk,Nuts,Soybeans","Vegetarian,Vitamin-Rich",48,
174938,"Cake, coffeecake, cinnamon with crumb topping, dry mix, prepared",18,"Cereals containing gluten,Eggs,Milk,Soybeans",Vegetarian,24,
174939,"Cake, fruitcake, commercially prepared",18,"Cereals containing gluten,Eggs,Nuts,Sulphur dioxide/sulphites","Vegetarian,Vitamin-Rich",48,
174940,"Cake, pound, commercially prepared, other than all butter, enriched",18,"Cereals containing gluten,Eggs,Milk,Soybeans",Vegetarian,24,
174941,"Cake, shortcake, biscuit-type, prepared from recipe",18,"Cereals containing gluten,Milk",Vegetarian,24,
174942,"Cake, snack cakes, creme-filled, chocolate with frosting",18,"Cereals containing gluten,Eggs,Milk,Soybeans",Vegetarian,24,
174943,"Cake, snack cakes, creme-filled, sponge",18,"Cereals containing gluten,Eggs,Milk,Soybeans",Vegetarian,24,
174944,"Cake, yellow, commercially prepared, with chocolate frosting, in-store bakery",18,"Cereals containing gluten,Eggs,Milk,Soybeans",Vegetarian,24,
174945,"Cake, yellow, commercially prepared, with vanilla frosting",18,"Cereals containing gluten,Eggs,Milk,Soybeans",Vegetarian,24,
174946,"Cake, pudding-type, yellow, dry mix",18,"Cereals containing gluten,Soybeans","Vegan,Vegetarian",24,
174947,"Cake, yellow, enriched, dry mix",18,"Cereals containing gluten,Eggs,Soybeans",Vegetarian,24,
174948,"Cookies, brownies, dry mix, regular",18,"Cereals containing gluten,Soybeans","Vegan,Vegetarian",24,
174949,"Cookies, brownies, prepared from recipe",18,"Cereals containing gluten,Eggs,Milk",Vegetarian,24,
174950,"Cookies, butter, commercially prepared, enriched",18,"Cereals containing gluten,Eggs,Milk,Soybeans",Vegetarian,24,
174951,"Cookies, fudge, cake-type (includes trolley cakes)",18,"Cereals containing gluten,Eggs,Milk,Soybeans",Vegetarian,24,
174952,"Cookies, chocolate chip, dry mix",18,Cereals containing gluten,"Vegan,Vegetarian",24,
174953,"Cookies, chocolate chip, refrigerated dough",18,"Cereals containing gluten,Eggs,Milk,Soybeans",Vegetarian,24,
174954,"Cookies, chocolate chip, refrigerated dough, baked",18,"Cereals containing gluten,Eggs,Milk,Soybeans",Vegetarian,24,
174955,"Cookies, chocolate chip, prepared from recipe, made with margarine",18,"Cereals containing gluten,Eggs,Milk,Soybeans",Vegetarian,24,
174956,"Cookies, gingersnaps",18,"Cereals containing gluten,Eggs,Soybeans",Vegetarian,24,
174957,"Cookies, graham crackers, plain or honey (includes cinnamon)",18,"Cereals containing gluten,Soybeans","Vegan,Vegetarian",12,
174958,"Cookies, graham crackers, chocolate-coated",18,"Cereals containing gluten,Milk,Soybeans",Vegetarian,24,
174959,"Cookies, ladyfingers, with lemon juice and rind",18,"Cereals containing gluten,Eggs",Vegetarian,24,
174960,"Cookies, oatmeal, dry mix",18,"Cereals containing gluten,Cereals containing gluten (oats),Milk,Soybeans",Vegetarian,24,
174961,"Cookies, oatmeal, refrigerated dough",18,"Cereals containing gluten,Cereals containing gluten (oats),Eggs,Soybeans",Vegetarian,24,
174962,"Cookies, oatmeal, refrigerated dough, baked",18,"Cereals containing gluten,Cereals containing gluten (oats),Eggs,Soybeans",Vegetarian,24,
174963,"Cookies, oatmeal, with raisins",18,"Cereals containing gluten,Cereals containing gluten (oats),Eggs,Soybeans","Vegetarian,Vitamin-Rich",24,
174964,"Cookies, peanut butter, prepared from recipe",18,"Cereals containing gluten,Eggs,Peanuts,Soybeans",Vegetarian,48,
174965,"Cookies, peanut butter sandwich, regular",18,"Cereals containing gluten,Peanuts,Soybeans","Vegan,Vegetarian",48,
174966,"Cookies, raisin, soft-type",18,"Cereals containing gluten,Eggs,Milk,Soybeans,Sulphur dioxide/sulphites","Vegetarian,Vitamin-Rich",24,
174967,"Cookies, shortbread, commercially prepared, plain",18,"Cereals containing gluten,Milk,Soybeans",Vegetarian,24,
174968,"Cookies, shortbread, commercially prepared, pecan",18,"Cereals containing gluten,Eggs,Milk,Nuts,Nuts (pecans),Soybeans",Vegetarian,48,
174969,"Cookies, peanut butter sandwich, special dietary",18,"Cereals containing gluten,Peanuts,Soybeans","Vegan,Vegetarian",48,
174970,"Cookies, sugar wafer, with creme filling, sugar free",18,"Cereals containing gluten,Milk,Soybeans","No Added Sugar,Vegetarian",24,
174971,"Cookies, sugar, commercially prepared, regular (includes vanilla)",18,"Cereals containing gluten,Eggs,Milk,Soybeans",Vegetarian,24,
174972,"Cookies, sugar, refrigerated dough",18,"Cereals containing gluten,Eggs,Soybeans",Vegetarian,24,
174973,"Cookies, vanilla wafers, lower fat",18,"Cereals containing gluten,Eggs,Milk,Soybeans","Low-Fat,Vegetarian",24,
174974,"Cookies, vanilla wafers, higher fat",18,"Cereals containing gluten,Eggs,Milk,Soybeans",Vegetarian,24,
174975,"Crackers, cheese, regular",18,"Cereals containing gluten,Milk,Soybeans",Vegetarian,24,
174976,"Crackers, cheese, sandwich-type with peanut butter filling",18,"Cereals containing gluten,Milk,Peanuts,Soybeans",Vegetarian,48,
174977,"Crackers, melba toast, plain",18,Cereals containing gluten,"Vegan,Vegetarian",24,
174978,"Crackers, melba toast, rye (includes pumpernickel)",18,"Cereals containing gluten,Cereals containing gluten (rye)","Vegan,Vegetarian",24,
174979,"Crackers, melba toast, wheat",18,Cereals containing gluten,"Vegan,Vegetarian",24,
174980,"Crackers, milk",18,"Cereals containing gluten,Milk",Vegetarian,24,
174981,"Crackers, rusk toast",18,"Cereals containing gluten,Eggs,Milk",Vegetarian,24,
174982,"Crackers, standard snack-type, regular",18,"Cereals containing gluten,Soybeans","Vegan,Vegetarian",24,
174983,"Crackers, standard snack-type, sandwich, with cheese filling",18,"Cereals containing gluten,Milk,Soybeans",Vegetarian,24,
174984,"Crackers, standard snack-type, sandwich, with peanut butter filling",18,"Cereals containing gluten,Peanuts,Soybeans",Vegetarian,48,
174985,"Crackers, wheat, regular",18,Cereals containing gluten,"Vegan,Vegetarian",24,
174986,"Cream puff shell, prepared from recipe",18,"Cereals containing gluten,Eggs",Vegetarian,24,
174987,"Croissants, butter",18,"Cereals containing gluten,Eggs,Milk",Vegetarian,24,
174988,"Croissants, apple",18,"Cereals containing gluten,Eggs,Milk,Soybeans,Sulphur dioxide/sulphites","Vegetarian,Vitamin-Rich",24,
174989,"Croissants, cheese",18,"Cereals containing gluten,Eggs,Milk,Soybeans",Vegetarian,24,
174990,"Doughnuts, cake-type, plain (includes unsugared, old-fashioned)",18,"Cereals containing gluten,Eggs,Milk,Soybeans",Vegetarian,24,
174991,"Doughnuts, cake-type, plain, chocolate-coated or frosted",18,"Cereals containing gluten,Eggs,Milk,Soybeans",Vegetarian,24,
174992,"Doughnuts, cake-type, plain, sugared or glazed",18,"Cereals containing gluten,Eggs,Milk,Soybeans",Vegetarian,24,
174993,"Doughnuts, cake-type, chocolate, sugared or glazed",18,"Cereals containing gluten,Eggs,Milk,Soybeans",Vegetarian,24,
174994,"Muffins, English, plain, enriched, with ca prop (includes sourdough)",18,Cereals containing gluten,"Vegan,Vegetarian",24,
174995,"Muffins, English, plain, toasted, enriched, with calcium propionate (includes sourdough)",18,Cereals containing gluten,"Vegan,Vegetarian",24,
174996,"Muffins, English, mixed-grain (includes granola)",18,Cereals containing gluten,"Vegan,Vegetarian",24,
174997,"Muffins, English, raisin-cinnamon (includes apple-cinnamon)",18,Cereals containing gluten,"Vegan,Vegetarian,Vitamin-Rich",24,
174998,"French toast, prepared from recipe, made with low fat (2%) milk",18,"Cereals containing gluten,Eggs,Milk","Low-Fat,Vegetarian",24,
174999,"Hush puppies, prepared from recipe",18,"Cereals containing gluten,Eggs,Milk",Vegetarian,24,
175000,"Ice cream cones, cake or wafer-type",18,Cereals containing gluten,"Vegan,Vegetarian",24,
175001,"Ice cream cones, sugar, rolled-type",18,"Cereals containing gluten,Soybeans","Vegan,Vegetarian",24,
175002,"Muffins, corn, commercially prepared",18,"Cereals containing gluten,Eggs,Milk,Soybeans",Vegetarian,24,
175003,"Muffins, corn, dry mix, prepared",18,"Cereals containing gluten,Eggs,Milk,Soybeans",Vegetarian,24,
175004,"Muffins, corn, toaster-type",18,Cereals containing gluten,"Vegan,Vegetarian",24,
175005,"Muffins, corn, prepared from recipe, made with low fat (2%) milk",18,"Cereals containing gluten,Eggs,Milk","Low-Fat,Vegetarian",24,
175006,"Pancakes, plain, dry mix, complete, prepared",18,"Cereals containing gluten,Eggs,Milk,Soybeans",Vegetarian,24,
175007,"Pancakes, plain, dry mix, incomplete (includes buttermilk)",18,"Cereals containing gluten,Milk,Soybeans",Vegetarian,24,
175008,"Pancakes, plain, dry mix, incomplete, prepared",18,"Cereals containing gluten,Milk,Soybeans",Vegetarian,24,
175009,"Pancakes, plain, prepared from recipe",18,"Cereals containing gluten,Eggs,Milk",Vegetarian,24,
175010,"Pancakes, whole-wheat, dry mix, incomplete, prepared",18,"Cereals containing gluten,Eggs,Milk",Vegetarian,24,
175011,"Pie, apple, commercially prepared, enriched flour",18,Cereals containing gluten,"Vegan,Vegetarian,Vitamin-Rich",24,
175012,"Pie, apple, prepared from recipe",18,"Cereals containing gluten,Eggs,Milk","Vegetarian,Vitamin-Rich",24,
175013,"Pie, banana cream, prepared from mix, no-bake type",18,"Cereals containing gluten,Milk","Vegetarian,Vitamin-Rich",24,
175014,"Pie, chocolate creme, commercially prepared",18,"Cereals containing gluten,Eggs,Milk,Soybeans",Vegetarian,24,
175015,"Pie, chocolate mousse, prepared from mix, no-bake type",18,"Cereals containing gluten,Milk",Vegetarian,24,
175016,"Pie, coconut creme, commercially prepared",18,"Cereals containing gluten,Eggs,Milk,Nuts,Nuts (coconut),Soybeans",Vegetarian,48,
175017,"Pie, coconut cream, prepared from mix, no-bake type",18,"Cereals containing gluten,Milk,Nuts,Nuts (coconut)",Vegetarian,48,
175018,"Pie, lemon meringue, prepared from recipe",18,"Cereals containing gluten,Eggs",Vegetarian,24,
175019,"Pie, mince, prepared from recipe",18,Cereals containing gluten,High-Protein,24,
175020,"Pie, peach",18,"Cereals containing gluten,Eggs,Milk","Vegetarian,Vitamin-Rich",24,
175021,"Pie, pecan, commercially prepared",18,"Cereals containing gluten,Eggs,Milk,Nuts,Nuts (pecans),Soybeans",Vegetarian,48,
175022,"Pie crust, standard-type, dry mix",18,Cereals containing gluten,"Vegan,Vegetarian",24,
175023,"Pie crust, standard-type, dry mix, prepared, baked",18,Cereals containing gluten,"Vegan,Vegetarian",24,
175024,"Pie crust, standard-type, frozen, ready-to-bake, enriched",18,"Cereals containing gluten,Soybeans","Vegan,Vegetarian",24,
175025,"Pie crust, standard-type, frozen, ready-to-bake, enriched, baked",18,"Cereals containing gluten,Soybeans","Vegan,Vegetarian",24,
175026,"Pie crust, standard-type, prepared from recipe, baked",18,Cereals containing gluten,"Vegan,Vegetarian",24,
175027,"Rolls, dinner, egg",18,"Cereals containing gluten,Eggs",Vegetarian,24,
175028,"Rolls, dinner, oat bran",18,"Cereals containing gluten,Cereals containing gluten (oats),Eggs,Soybeans",Vegetarian,24,
175029,"Rolls, dinner, rye",18,"Cereals containing gluten,Cereals containing gluten (rye),Eggs,Milk",Vegetarian,24,
175030,"Rolls, dinner, wheat",18,"Cereals containing gluten,Eggs,Milk",Vegetarian,24,
175031,"Rolls, hard (includes kaiser)",18,Cereals containing gluten,"Vegan,Vegetarian",24,
175032,"Strudel, apple",18,"Cereals containing gluten,Eggs,Milk,Soybeans","Vegetarian,Vitamin-Rich",24,
175033,"Sweet rolls, cheese",18,"Cereals containing gluten,Eggs,Milk",Vegetarian,24,
175034,"Sweet rolls, cinnamon, commercially prepared with raisins",18,"Cereals containing gluten,Eggs,Milk,Soybeans","Vegetarian,Vitamin-Rich",24,
175035,"Toaster pastries, fruit (includes apple, blueberry, cherry, strawberry)",18,"Cereals containing gluten,Milk,Soybeans","Vegetarian,Vitamin-Rich",24,
175036,"Tortillas, ready-to-bake or -fry, corn",18,,"Vegan,Vegetarian",24,
175037,"Tortillas, ready-to-bake or -fry, flour, refrigerated",18,Cereals containing gluten,"Vegan,Vegetarian",24,
175038,"Waffles, plain, frozen, ready-to-heat",18,"Cereals containing gluten,Eggs,Milk,Soybeans",Vegetarian,24,
175039,"Waffles, plain, prepared from recipe",18,"Cereals containing gluten,Eggs,Milk",Vegetarian,24,
175040,"Leavening agents, baking soda",18,,"Vegan,Vegetarian",24,
175041,"Leavening agents, cream of tartar",18,,"Vegan,Vegetarian",24,
175042,"Leavening agents, yeast, baker's, compressed",18,,"Vegan,Vegetarian",24,
175043,"Leavening agents, yeast, baker's, active dry",18,,"Vegan,Vegetarian",24,
175044,"Bread, rice bran, toasted",18,Cereals containing gluten,"Vegan,Vegetarian",24,
175045,"Muffins, blueberry, toaster-type, toasted",18,Cereals containing gluten,"Vegan,Vegetarian,Vitamin-Rich",24,
175046,"Muffins, wheat bran, toaster-type with raisins, toasted",18,Cereals containing gluten,"Vegan,Vegetarian,Vitamin-Rich",24,
175047,"Pancakes, buttermilk, prepared from recipe",18,"Cereals containing gluten,Eggs,Milk",Vegetarian,24,
175048,"Waffles, plain, frozen, ready -to-heat, toasted",18,"Cereals containing gluten,Eggs,Milk,Soybeans",Vegetarian,24,
175049,"Bagels, plain, enriched, without calcium propionate (includes onion, poppy, sesame)",18,Cereals containing gluten,"Vegan,Vegetarian",24,
175050,"Bagels, plain, unenriched, with calcium propionate (includes onion, poppy, sesame)",18,Cereals containing gluten,"Vegan,Vegetarian",24,
175051,"Bagels, plain, unenriched, without calcium propionate(includes onion, poppy, sesame)",18,Cereals containing gluten,"Vegan,Vegetarian",24,
175052,"Cake, coffeecake, cinnamon with crumb topping, commercially prepared, unenriched",18,"Cereals containing gluten,Eggs,Milk,Soybeans",Vegetarian,24,
175053,"Cake, pound, commercially prepared, other than all butter, unenriched",18,"Cereals containing gluten,Eggs,Milk,Soybeans",Vegetarian,24,
175054,"Cake, pudding-type, white, unenriched, dry mix",18,"Cereals containing gluten,Soybeans","Vegan,Vegetarian",24,
175055,"Cake, yellow, unenriched, dry mix",18,"Cereals containing gluten,Eggs,Soybeans",Vegetarian,24,
175056,"Crackers, saltines, low salt (includes oyster, soda, soup)",18,"Cereals containing gluten,Soybeans","Low Sodium,Vegan,Vegetarian",24,
175057,"Crackers, saltines, unsalted tops (includes oyster, soda, soup)",18,"Cereals containing gluten,Soybeans","Low Sodium,Vegan,Vegetarian",24,
175058,"Crackers, standard snack-type, regular, low salt",18,"Cereals containing gluten,Soybeans","Low Sodium,Vegan,Vegetarian",24,
175059,"Crackers, wheat, low salt",18,"Cereals containing gluten,Soybeans","Low Sodium,Vegan,Vegetarian",24,
175060,"Crackers, cheese, low sodium",18,"Cereals containing gluten,Milk,Soybeans","Low Sodium,Vegetarian",24,
175061,"Danish pastry, raspberry, unenriched",18,"Cereals containing gluten,Eggs,Milk,Soybeans","Vegetarian,Vitamin-Rich",24,
175062,"Doughnuts, yeast-leavened, glazed, unenriched (includes honey buns)",18,"Cereals containing gluten,Eggs,Milk,Soybeans",Vegetarian,12,
175063,"English muffins, plain, enriched, without calcium propionate(includes sourdough)",18,Cereals containing gluten,"Vegan,Vegetarian",24,
175064,"Pie, fried pies, lemon",18,"Cereals containing gluten,Soybeans","Vegan,Vegetarian,Vitamin-Rich",24,
175065,"Pie crust, standard-type, frozen, ready-to-bake, unenriched",18,"Cereals containing gluten,Soybeans","Vegan,Vegetarian",24,
175066,"Popovers, dry mix, unenriched",18,"Cereals containing gluten,Eggs,Milk",Vegetarian,24,
175067,"Taco shells, baked, without added salt",18,,"Low Sodium,Vegan,Vegetarian",24,
175068,"Crackers, saltines, fat-free, low-sodium",18,"Cereals containing gluten,Soybeans","Fat-Free,Low Sodium,Low-Fat,Vegan,Vegetarian",24,
175069,"Tart, breakfast, low fat",18,"Cereals containing gluten,Eggs,Milk,Soybeans","Low-Fat,Vegetarian",24,
175070,"Archway Home Style Cookies, Sugar Free Oatmeal",18,"Cereals containing gluten,Cereals containing gluten (oats),Eggs,Milk,Soybeans","No Added Sugar,Vegetarian",24,
175071,"Archway Home Style Cookies, Chocolate Chip Ice Box",18,"Cereals containing gluten,Eggs,Milk,Soybeans",Vegetarian,24,
175072,"Archway Home Style Cookies, Iced Oatmeal",18,"Cereals containing gluten,Cereals containing gluten (oats),Eggs,Milk,Soybeans",Vegetarian,24,
175073,"Archway Home Style Cookies, Molasses",18,"Cereals containing gluten,Eggs,Milk,Soybeans",Vegetarian,24,
175074,"Archway Home Style Cookies, Oatmeal",18,"Cereals containing gluten,Cereals containing gluten (oats),Eggs,Milk,Soybeans",Vegetarian,24,
175075,"Archway Home Style Cookies, Oatmeal Raisin",18,"Cereals containing gluten,Cereals containing gluten (oats),Eggs,Milk,Soybeans",Vegetarian,24,
175076,"Archway Home Style Cookies, Strawberry Filled",18,"Cereals containing gluten,Eggs,Milk,Soybeans","Vegetarian,Vitamin-Rich",24,
175077,"Archway Home Style Cookies, Reduced Fat Ginger Snaps",18,"Cereals containing gluten,Eggs,Milk,Soybeans","Low-Fat,Vegetarian",24,
175078,"Artificial Blueberry Muffin Mix, dry",18,Cereals containing gluten,"Vegan,Vegetarian",24,
175079,"Kraft, Stove Top Stuffing Mix Chicken Flavor",18,"Cereals containing gluten,Celery,Soybeans",High-Protein,24,
175080,"Martha White Foods, Martha White's Chewy Fudge Brownie Mix, dry",18,"Cereals containing gluten,Milk,Soybeans",Vegetarian,24,
175081,"Martha White Foods, Martha White's Buttermilk Biscuit Mix, dry",18,"Cereals containing gluten,Milk,Soybeans",Vegetarian,24,
175082,"Mission Foods, Mission Flour Tortillas, Soft Taco, 8 inch",18,"Cereals containing gluten,Soybeans","Vegan,Vegetarian",24,
175083,"Nabisco, Nabisco Grahams Crackers",18,"Cereals containing gluten,Soybeans","Vegan,Vegetarian",24,
175084,"Nabisco, Nabisco Oreo Crunchies, Cookie Crumb Topping",18,"Cereals containing gluten,Soybeans","Vegan,Vegetarian",24,
175085,"Game meat, deer, cooked, roasted",17,,High-Protein,24,
175086,"Game meat, horse, raw",17,,High-Protein,24,
175087,"Game meat, horse, cooked, roasted",17,,High-Protein,24,
175088,"Beverages, tea, instant, lemon, unsweetened",14,,"No Added Sugar,Vegan,Vegetarian",24,
175089,"Beverages, tea, instant, lemon, sweetened, powder",14,,"Vegan,Vegetarian",24,
175090,"Beverages, tea, instant, lemon, sweetened, prepared with water",14,,"Vegan,Vegetarian",24,
175091,"Beverages, tea, instant, sweetened with sodium saccharin, lemon-flavored, powder",14,,"No Added Sugar,Vegan,Vegetarian",24,
175092,"Beverages, cocoa mix, with aspartame, powder, prepared with water",14,"Milk,Soybeans","No Added Sugar,Vegetarian",24,
175093,"Beverages, carbonated, cola, fast-food cola",14,,"Vegan,Vegetarian",252,
175094,"Beverages, fruit punch juice drink, frozen concentrate",14,,"Vegan,Vegetarian,Vitamin-Rich",24,
175095,"Beverages, fruit punch juice drink, frozen concentrate, prepared with water",14,,"Vegan,Vegetarian,Vitamin-Rich",24,
175096,"Beverages, water, tap, well",14,,"Vegan,Vegetarian",0,
175097,"Alcoholic beverage, liqueur, coffee, 53 proof",14,,"Vegan,Vegetarian",252,
175098,"Alcoholic beverage, liqueur, coffee with cream, 34 proof",14,Milk,Vegetarian,252,
175099,"Beverages, carbonated, low calorie, cola or pepper-type, with aspartame, contains caffeine",14,,"No Added Sugar,Vegan,Vegetarian",252,
175100,"Beverages, Orange drink, breakfast type, with juice and pulp, frozen concentrate",14,,"Vegan,Vegetarian,Vitamin-Rich",24,
175101,"Beverages, Orange drink, breakfast type, with juice and pulp, frozen concentrate, prepared with water",14,,"Vegan,Vegetarian,Vitamin-Rich",24,
175102,"Beverages, shake, fast food, strawberry",14,Milk,"Vegetarian,Vitamin-Rich",24,
175103,"Beverages, water, tap, municipal",14,,"Vegan,Vegetarian",0,
175104,"Beverages, The COCA-COLA company, DASANI, water, bottled, non-carbonated",14,,"Vegan,Vegetarian",0,
175105,"Beverages, orange breakfast drink, ready-to-drink, with added nutrients",14,,"Vegan,Vegetarian,Vitamin-Rich",24,
175106,"Beverages, water, bottled, non-carbonated, CALISTOGA",14,,"Vegan,Vegetarian",0,
175107,"Beverages, water, bottled, non-carbonated, CRYSTAL GEYSER",14,,"Vegan,Vegetarian",0,
175108,"Beverages, COCA-COLA, POWERADE, lemon-lime flavored, ready-to-drink",14,,"Vegan,Vegetarian",24,
175109,"Beverages, Propel Zero, fruit-flavored, non-carbonated",14,,"No Added Sugar,Vegan,Vegetarian",24,
175110,"Beverages, ARIZONA, tea, ready-to-drink, lemon",14,,"Vegan,Vegetarian",24,
175111,"Beverages, LIPTON BRISK, tea, black, ready-to-drink, lemon",14,,"Vegan,Vegetarian",24,
175112,"Alcoholic beverage, wine, dessert, dry",14,Sulphur dioxide/sulphites,"Vegan,Vegetarian",252,
175113,"Carbonated beverage, low calorie, other than cola or pepper, with sodium saccharin, without caffeine",14,,"No Added Sugar,Vegan,Vegetarian",24,
175114,"Beverages, Cocoa mix, low calorie, powder, with added calcium, phosphorus, aspartame, without added sodium or vitamin A",14,Milk,"Low Sodium,No Added Sugar,Vegetarian",24,
175115,"Beverages, fruit punch-flavor drink, powder, without added sodium, prepared with water",14,,"Low Sodium,Vegan,Vegetarian",24,
175116,"Fish, herring, Atlantic, raw",15,Fish,"High-Protein,Pescatarian",24,
175117,"Fish, herring, Atlantic, cooked, dry heat",15,Fish,"High-Protein,Pescatarian",24,
175118,"Fish, herring, Atlantic, pickled",15,Fish,"High-Protein,Pescatarian",24,
175119,"Fish, mackerel, Atlantic, raw",15,Fish,"High-Protein,Pescatarian",24,
175120,"Fish, mackerel, Atlantic, cooked, dry heat",15,Fish,"High-Protein,Pescatarian",24,
175121,"Fish, mackerel, jack, canned, drained solids",15,Fish,"High-Protein,Pescatarian",24,
175122,"Fish, mackerel, king, raw",15,Fish,"High-Protein,Pescatarian",24,
175123,"Fish, mullet, striped, raw",15,Fish,"High-Protein,Pescatarian",24,
175124,"Fish, mullet, striped, cooked, dry heat",15,Fish,"High-Protein,Pescatarian",24,
175125,"Fish, ocean perch, Atlantic, raw",15,Fish,"High-Protein,Pescatarian",24,
175126,"Fish, ocean perch, Atlantic, cooked, dry heat",15,Fish,"High-Protein,Pescatarian",24,
175127,"Fish, pike, northern, cooked, dry heat",15,Fish,"High-Protein,Pescatarian",24,
175128,"Fish, pike, walleye, raw",15,Fish,"High-Protein,Pescatarian",24,
175129,"Fish, pollock, Atlantic, raw",15,Fish,"High-Protein,Pescatarian",24,
175130,"Fish, pollock, Alaska, raw (may contain additives to retain moisture)",15,Fish,"High-Protein,Pescatarian",24,
175131,"Fish, rockfish, Pacific, mixed species, cooked, dry heat",15,Fish,"High-Protein,Pescatarian",24,
175132,"Fish, roe, mixed species, raw",15,"Eggs,Fish","High-Protein,Pescatarian",24,
175133,"Fish, roughy, orange, raw",15,Fish,"High-Protein,Pescatarian",24,
175134,"Fish, sablefish, raw",15,Fish,"High-Protein,Pescatarian",24,
175135,"Fish, salmon, chum, canned, drained solids with bone",15,Fish,"High-Protein,Pescatarian",24,
175136,"Fish, salmon, coho, wild, raw",15,Fish,"High-Protein,Pescatarian",24,
175137,"Fish, salmon, coho, wild, cooked, moist heat",15,Fish,"High-Protein,Pescatarian",24,
175138,"Fish, salmon, pink, raw",15,Fish,"High-Protein,Pescatarian",24,
175139,"Fish, sardine, Atlantic, canned in oil, drained solids with bone",15,Fish,"High-Protein,Pescatarian",24,
175140,"Fish, sardine, Pacific, canned in tomato sauce, drained solids with bone",15,Fish,"High-Protein,Pescatarian",24,
175141,"Fish, scup, raw",15,Fish,"High-Protein,Pescatarian",24,
175142,"Fish, sea bass, mixed species, raw",15,Fish,"High-Protein,Pescatarian",24,
175143,"Fish, shark, mixed species, cooked, batter-dipped and fried",15,"Cereals containing gluten,Fish","High-Protein,Pescatarian",24,
175144,"Fish, sheepshead, raw",15,Fish,"High-Protein,Pescatarian",24,
175145,"Fish, sheepshead, cooked, dry heat",15,Fish,"High-Protein,Pescatarian",24,
175146,"Fish, smelt, rainbow, raw",15,Fish,"High-Protein,Pescatarian",24,
175147,"Fish, smelt, rainbow, cooked, dry heat",15,Fish,"High-Protein,Pescatarian",24,
175148,"Fish, sturgeon, mixed species, cooked, dry heat",15,Fish,"High-Protein,Pescatarian",24,
175149,"Fish, sturgeon, mixed species, smoked",15,Fish,"High-Protein,Pescatarian",24,
175150,"Fish, sucker, white, raw",15,Fish,"High-Protein,Pescatarian",24,
175151,"Fish, sunfish, pumpkin seed, raw",15,Fish,"High-Protein,Pescatarian",24,
175152,"Fish, tilefish, cooked, dry heat",15,Fish,"High-Protein,Pescatarian",24,
175153,"Fish, trout, mixed species, raw",15,Fish,"High-Protein,Pescatarian",24,
175154,"Fish, trout, rainbow, wild, raw",15,Fish,"High-Protein,Pescatarian",24,
175155,"Fish, trout, rainbow, wild, cooked, dry heat",15,Fish,"High-Protein,Pescatarian",24,
175156,"Fish, tuna, fresh, skipjack, raw",15,Fish,"High-Protein,Pescatarian",24,
175157,"Fish, tuna, white, canned in oil, drained solids",15,Fish,"High-Protein,Pescatarian",24,
175158,"Fish, tuna, white, canned in water, drained solids",15,Fish,"High-Protein,Pescatarian",24,
175159,"Fish, tuna, fresh, yellowfin, raw",15,Fish,"High-Protein,Pescatarian",24,
175160,"Fish, tuna salad",15,"Eggs,Fish,Soybeans","High-Protein,Pescatarian",24,
175161,"Fish, whiting, mixed species, cooked, dry heat",15,Fish,"High-Protein,Pescatarian",24,
175162,"Fish, wolffish, Atlantic, raw",15,Fish,"High-Protein,Pescatarian",24,
175163,"Fish, yellowtail, mixed species, raw",15,Fish,"High-Protein,Pescatarian",24,
175164,"Crustaceans, crab, alaska king, raw",15,Crustaceans,"High-Protein,Pescatarian",24,
175165,"Fish, catfish, channel, farmed, raw",15,Fish,"High-Protein,Pescatarian",24,
175166,"Fish, catfish, channel, farmed, cooked, dry heat",15,Fish,"High-Protein,Pescatarian",24,
175167,"Fish, salmon, Atlantic, farmed, raw",15,Fish,"High-Protein,Pescatarian",24,
175168,"Fish, salmon, Atlantic, farmed, cooked, dry heat",15,Fish,"High-Protein,Pescatarian",24,
175169,"Crustaceans, crayfish, mixed species, farmed, raw",15,Crustaceans,"High-Protein,Pescatarian",24,
175170,"Crustaceans, crayfish, mixed species, farmed, cooked, moist heat",15,Crustaceans,"High-Protein,Pescatarian",24,
175171,"Mollusks, oyster, eastern, wild, cooked, dry heat",15,Molluscs,"High-Protein,Pescatarian",24,
175172,"Mollusks, oyster, eastern, farmed, raw",15,Molluscs,"High-Protein,Pescatarian",24,
175173,"Mollusks, oyster, eastern, farmed, cooked, dry heat",15,Molluscs,"High-Protein,Pescatarian",24,
175174,"Salmon, sockeye, canned, total can contents",15,Fish,"High-Protein,Pescatarian",24,
175175,"Fish, salmon, pink, canned, drained solids",15,Fish,"High-Protein,Pescatarian",24,
175176,"Fish, tilapia, raw",15,Fish,"High-Protein,Pescatarian",24,
175177,"Fish, tilapia, cooked, dry heat",15,Fish,"High-Protein,Pescatarian",24,
175178,"Fish, cod, Pacific, cooked",15,Fish,"High-Protein,Pescatarian",24,
175179,"Crustaceans, shrimp, raw",15,Crustaceans,"High-Protein,Pescatarian",24,
175180,"Crustaceans, shrimp, cooked",15,Crustaceans,"High-Protein,Pescatarian",24,
175181,"Fish, trout, brook, raw, New York State",15,Fish,"High-Protein,Pescatarian",24,
175182,"Beans, baked, canned, plain or vegetarian",16,,"High-Protein,Vegan,Vegetarian",24,
175183,"Beans, baked, canned, with beef",16,,High-Protein,24,
175184,"Beans, baked, canned, with franks",16,,High-Protein,24,
175185,"Beans, baked, canned, with pork",16,,High-Protein,24,
175186,"Beans, black turtle, mature seeds, raw",16,,"High-Protein,Vegan,Vegetarian",24,
175187,"Beans, black turtle, mature seeds, cooked, boiled, without salt",16,,"High-Protein,Low Sodium,Vegan,Vegetarian",24,
175188,"Beans, black turtle, mature seeds, canned",16,,"High-Protein,Vegan,Vegetarian",24,
175189,"Beans, cranberry (roman), mature seeds, raw",16,,"High-Protein,Vegan,Vegetarian",24,
175190,"Beans, great northern, mature seeds, raw (Includes foods for USDA's Food Distribution Program)",16,,"High-Protein,Vegan,Vegetarian",24,
175191,"Beans, great northern, mature seeds, cooked, boiled, without salt",16,,"High-Protein,Low Sodium,Vegan,Vegetarian",24,
175192,"Beans, great northern, mature seeds, canned",16,,"High-Protein,Vegan,Vegetarian",24,
175193,"Beans, kidney, all types, mature seeds, raw",16,,"High-Protein,Vegan,Vegetarian",24,
175194,"Beans, kidney, red, mature seeds, cooked, boiled, without salt",16,,"High-Protein,Low Sodium,Vegan,Vegetarian",24,
175195,"Beans, kidney, red, mature seeds, canned, solids and liquids",16,,"High-Protein,Vegan,Vegetarian",24,
175196,"Beans, kidney, royal red, mature seeds, raw",16,,"High-Protein,Vegan,Vegetarian",24,
175197,"Beans, kidney, royal red, mature seeds, cooked, boiled, without salt",16,,"High-Protein,Low Sodium,Vegan,Vegetarian",24,
175198,"Beans, pink, mature seeds, cooked, boiled, without salt",16,,"High-Protein,Low Sodium,Vegan,Vegetarian",24,
175199,"Beans, pinto, mature seeds, raw (Includes foods for USDA's Food Distribution Program)",16,,"High-Protein,Vegan,Vegetarian",24,
175200,"Beans, pinto, mature seeds, cooked, boiled, without salt",16,,"High-Protein,Low Sodium,Vegan,Vegetarian",24,
175201,"Beans, pinto, mature seeds, canned, solids and liquids",16,,"High-Protein,Vegan,Vegetarian",24,
175202,"Beans, white, mature seeds, raw",16,,"High-Protein,Vegan,Vegetarian",24,
175203,"Beans, white, mature seeds, cooked, boiled, without salt",16,,"High-Protein,Low Sodium,Vegan,Vegetarian",24,
175204,"Beans, white, mature seeds, canned",16,,"High-Protein,Vegan,Vegetarian",24,
175205,"Broadbeans (fava beans), mature seeds, raw",16,,"High-Protein,Vegan,Vegetarian",24,
175206,"Chickpeas (garbanzo beans, bengal gram), mature seeds, canned, solids and liquids",16,,"High-Protein,Vegan,Vegetarian",24,
175207,"Chili with beans, canned",16,,High-Protein,24,
175208,"Cowpeas, catjang, mature seeds, raw",16,,"High-Protein,Vegan,Vegetarian",24,
175209,"Cowpeas, catjang, mature seeds, cooked, boiled, without salt",16,,"High-Protein,Low Sodium,Vegan,Vegetarian",24,
175210,"Hyacinth beans, mature seeds, raw",16,,"High-Protein,Vegan,Vegetarian",24,
175211,"Hyacinth beans, mature seeds, cooked, boiled, without salt",16,,"High-Protein,Low Sodium,Vegan,Vegetarian",24,
175212,"Vitasoy USA, Vitasoy Organic Creamy Original Soymilk",16,Soybeans,"High-Protein,Vegan,Vegetarian",24,
175213,"Vitasoy USA, Vitasoy Organic Classic Original Soymilk",16,Soybeans,"High-Protein,Vegan,Vegetarian",24,
175214,"Vitasoy USA, Vitasoy Light Vanilla Soymilk",16,Soybeans,"High-Protein,Low-Fat,Vegan,Vegetarian",24,
175215,"Soymilk (all flavors), unsweetened, with added calcium, vitamins A and D",16,Soybeans,"High-Protein,Mineral-Rich,No Added Sugar,Vegan,Vegetarian,Vitamin-Rich",24,
175216,"Soymilk (all flavors), nonfat, with added calcium, vitamins A and D",16,Soybeans,"Fat-Free,High-Protein,Low-Fat,Mineral-Rich,Vegan,Vegetarian,Vitamin-Rich",24,
175217,"Soymilk, chocolate, nonfat, with added calcium, vitamins A and D",16,Soybeans,"Fat-Free,High-Protein,Low-Fat,Mineral-Rich,Vegan,Vegetarian,Vitamin-Rich",24,
175218,"SILK Plain, soymilk",16,Soybeans,"High-Protein,Vegan,Vegetarian",24,
175219,"SILK Vanilla, soymilk",16,Soybeans,"High-Protein,Vegan,Vegetarian",24,
175220,"SILK Plus Omega-3 DHA, soymilk",16,"Fish,Soybeans","High-Protein,Pescatarian",24,
175221,"SILK Plus for Bone Health, soymilk",16,Soybeans,"High-Protein,Mineral-Rich,Vegan,Vegetarian",24,
175222,"SILK Plus Fiber, soymilk",16,Soybeans,"High-Protein,Vegan,Vegetarian",24,
175223,"SILK Unsweetened, soymilk",16,Soybeans,"High-Protein,No Added Sugar,Vegan,Vegetarian",24,
175224,"SILK Coffee, soymilk",16,Soybeans,"High-Protein,Vegan,Vegetarian",24,
175225,SILK Vanilla soy yogurt (family size),16,Soybeans,"High-Protein,Vegan,Vegetarian",24,
175226,SILK Vanilla soy yogurt (single serving size),16,Soybeans,"High-Protein,Vegan,Vegetarian",24,
175227,SILK Plain soy yogurt,16,Soybeans,"High-Protein,Vegan,Vegetarian",24,
175228,SILK Strawberry soy yogurt,16,Soybeans,"High-Protein,Vegan,Vegetarian,Vitamin-Rich",24,
175229,SILK Key Lime soy yogurt,16,Soybeans,"High-Protein,Vegan,Vegetarian",24,
175230,SILK Banana-Strawberry soy yogurt,16,Soybeans,"High-Protein,Vegan,Vegetarian,Vitamin-Rich",24,
175231,SILK Original Creamer,16,Soybeans,"Vegan,Vegetarian",24,
175232,SILK French Vanilla Creamer,16,Soybeans,"Vegan,Vegetarian",24,
175233,"Vitasoy USA Organic Nasoya, Tofu Plus Firm",16,Soybeans,"High-Protein,Vegan,Vegetarian",24,
175234,"Vitasoy USA Organic Nasoya Sprouted, Tofu Plus Super Firm",16,Soybeans,"High-Protein,Vegan,Vegetarian",24,
175235,"Vitasoy USA Azumaya, Extra Firm Tofu",16,Soybeans,"High-Protein,Vegan,Vegetarian",24,
175236,"Vitasoy USA Azumaya, Firm Tofu",16,Soybeans,"High-Protein,Vegan,Vegetarian",24,
175237,"Beans, black, mature seeds, cooked, boiled, with salt",16,,"High-Protein,Vegan,Vegetarian",24,
175238,"Beans, black, mature seeds, canned, low sodium",16,,"High-Protein,Low Sodium,Vegan,Vegetarian",24,
175239,"Beans, black turtle, mature seeds, cooked, boiled, with salt",16,,"High-Protein,Vegan,Vegetarian",24,
175240,"Beans, cranberry (roman), mature seeds, cooked, boiled, with salt",16,,"High-Protein,Vegan,Vegetarian",24,
175241,"Beans, french, mature seeds, cooked, boiled, with salt",16,,"High-Protein,Vegan,Vegetarian",24,
175242,"Beans, kidney, red, mature seeds, cooked, boiled, with salt",16,,"High-Protein,Vegan,Vegetarian",24,
175243,"Beans, kidney, red, mature seeds, canned, drained solids, rinsed in tap water",16,,"High-Protein,Vegan,Vegetarian",24,
175244,"Beans, kidney, royal red, mature seeds, cooked, boiled with salt",16,,"High-Protein,Vegan,Vegetarian",24,
175245,"Beans, kidney, red, mature seeds, canned, solids and liquid, low sodium",16,,"High-Protein,Low Sodium,Vegan,Vegetarian",24,
175246,"Beans, small white, mature seeds, cooked, boiled, with salt",16,,"High-Protein,Vegan,Vegetarian",24,
175247,"Beans, pinto, mature seeds, canned, solids and liquids, low sodium",16,,"High-Protein,Low Sodium,Vegan,Vegetarian",24,
175248,"Beans, yellow, mature seeds, cooked, boiled, with salt",16,,"High-Protein,Vegan,Vegetarian",24,
175249,"Beans, white, mature seeds, cooked, boiled, with salt",16,,"High-Protein,Vegan,Vegetarian",24,
175250,"Chickpeas (garbanzo beans, bengal gram), mature seeds, canned, solids and liquids, low sodium",16,,"High-Protein,Low Sodium,Vegan,Vegetarian",24,
175251,"Cowpeas, catjang, mature seeds, cooked, boiled, with salt",16,,"High-Protein,Vegan,Vegetarian",24,
175252,"Cowpeas, common (blackeyes, crowder, southern), mature seeds, cooked, boiled, with salt",16,,"High-Protein,Vegan,Vegetarian",24,
175253,"Hyacinth beans, mature seeds, cooked, boiled, with salt",16,,"High-Protein,Vegan,Vegetarian",24,
175254,"Lentils, mature seeds, cooked, boiled, with salt",16,,"High-Protein,Vegan,Vegetarian",24,
175255,"Mung beans, mature seeds, cooked, boiled, with salt",16,,"High-Protein,Vegan,Vegetarian",24,
175256,"Mungo beans, mature seeds, cooked, boiled, with salt",16,,"High-Protein,Vegan,Vegetarian",24,
175257,"Peas, split, mature seeds, cooked, boiled, with salt",16,,"High-Protein,Vegan,Vegetarian",24,
175258,"Peanuts, all types, oil-roasted, without salt",16,Peanuts,"High-Protein,Low Sodium,Vegan,Vegetarian",48,
173810,"Lamb, New Zealand, imported, loin chop, separable lean only, raw",17,,High-Protein,24,
175260,"Lamb, New Zealand, imported, rack - partly frenched, separable lean only, raw",17,,High-Protein,24,
175261,"Lamb, New Zealand, imported, rack - partly frenched, separable lean only, cooked, fast roasted",17,,High-Protein,24,
175262,"Lamb, New Zealand, imported, square-cut shoulder, separable lean and fat, raw",17,,High-Protein,24,
175263,"Lamb, New Zealand, imported, frozen, shoulder, whole (arm and blade), separable lean and fat, cooked, braised",17,,High-Protein,24,
175264,"Lamb, New Zealand, imported, square-cut shoulder, separable lean only, raw",17,,High-Protein,24,
175265,"Veal, composite of trimmed retail cuts, separable lean only, cooked",17,,High-Protein,24,
175266,"Veal, composite of trimmed retail cuts, separable fat, raw",17,,High-Protein,24,
175267,"Veal, composite of trimmed retail cuts, separable fat, cooked",17,,High-Protein,24,
175268,"Veal, leg (top round), separable lean and fat, raw",17,,High-Protein,24,
175269,"Veal, leg (top round), separable lean only, raw",17,,High-Protein,24,
175270,"Veal, leg (top round), separable lean only, cooked, braised",17,,High-Protein,24,
175271,"Veal, leg (top round), separable lean only, cooked, pan-fried, breaded",17,"Cereals containing gluten,Eggs",High-Protein,24,
175272,"Veal, leg (top round), separable lean only, cooked, pan-fried, not breaded",17,,High-Protein,24,
175273,"Veal, loin, separable lean only, cooked, braised",17,,High-Protein,24,
175274,"Veal, loin, separable lean only, cooked, roasted",17,,High-Protein,24,
175275,"Veal, rib, separable lean and fat, raw",17,,High-Protein,24,
175276,"Veal, rib, separable lean and fat, cooked, braised",17,,High-Protein,24,
175277,"Veal, shoulder, whole (arm and blade), separable lean and fat, raw",17,,High-Protein,24,
175278,"Veal, shoulder, whole (arm and blade), separable lean and fat, cooked, braised",17,,High-Protein,24,
175279,"Veal, shoulder, whole (arm and blade), separable lean and fat, cooked, roasted",17,,High-Protein,24,
175280,"Veal, shoulder, whole (arm and blade), separable lean only, raw",17,,High-Protein,24,
175281,"Veal, shoulder, arm, separable lean and fat, cooked, roasted",17,,High-Protein,24,
175282,"Veal, shoulder, arm, separable lean only, raw",17,,High-Protein,24,
175283,"Veal, shoulder, arm, separable lean only, cooked, braised",17,,High-Protein,24,
175284,"Veal, shoulder, arm, separable lean only, cooked, roasted",17,,High-Protein,24,
175285,"Veal, shoulder, blade, separable lean only, cooked, roasted",17,,High-Protein,24,
175286,"Veal, sirloin, separable lean and fat, raw",17,,High-Protein,24,
175287,"Veal, sirloin, separable lean and fat, cooked, braised",17,,High-Protein,24,
175288,"Veal, sirloin, separable lean and fat, cooked, roasted",17,,High-Protein,24,
175289,"Veal, cubed for stew (leg and shoulder), separable lean only, cooked, braised",17,,High-Protein,24,
175290,"Veal, ground, raw",17,,High-Protein,24,
175291,"Veal, ground, cooked, broiled",17,,High-Protein,24,
175292,"Game meat, antelope, raw",17,,High-Protein,24,
175293,"Bison, ground, grass-fed, raw",17,,High-Protein,24,
175294,"Game meat, beaver, raw",17,,High-Protein,24,
175295,"Game meat, beaver, cooked, roasted",17,,High-Protein,24,
175296,"Game meat, beefalo, composite of cuts, raw",17,,High-Protein,24,
175297,"Game meat, boar, wild, raw",17,,High-Protein,24,
175298,"Game meat, boar, wild, cooked, roasted",17,,High-Protein,24,
175299,"Game meat, buffalo, water, raw",17,,High-Protein,24,
175300,"Game meat, buffalo, water, cooked, roasted",17,,High-Protein,24,
175301,"Game meat, elk, raw",17,,High-Protein,24,
175302,"Game meat, elk, cooked, roasted",17,,High-Protein,24,
175303,"Game meat, goat, raw",17,,High-Protein,24,
175304,"Game meat, goat, cooked, roasted",17,,High-Protein,24,
