id,name,min_age_months
1,"Milk, NFS",12
2,"Milk, whole",12
3,"Milk, reduced fat (2%)",12
4,"Milk, low fat (1%)",12
5,"Milk, fat free (skim)",12
6,"Milk, lactose free, low fat (1%)",12
7,"Milk, lactose free, fat free (skim)",12
8,"Milk, lactose free, reduced fat (2%)",12
9,"Milk, lactose free, whole",12
10,Buttermilk,12
11,Kefir,8
12,Goat milk,12
13,"Milk, dry, reconstituted, nonfat",12
14,"Milk, dry, reconstituted, whole",12
15,"Milk, evaporated, NS as to fat content",12
16,"Milk, evaporated, whole",12
17,"Milk, evaporated, reduced fat (2%)",12
18,"Milk, evaporated, fat free (skim)",12
19,"Milk, condensed, sweetened",12
20,"Non-dairy milk, NFS",12
21,"Soy milk, sweetened",12
22,"Soy milk, unsweetened",12
23,"Soy milk, chocolate",12
24,"Almond milk, sweetened",12
25,"Almond milk, chocolate",12
26,"Almond milk, unsweetened",12
27,"Almond milk, NFS",12
28,Rice milk,12
29,Oat milk,12
30,Coconut milk,12
31,"Yogurt, NFS",6
32,"Yogurt, Greek, NS as to type of milk or flavor",6
33,"Yogurt, NS as to type of milk or flavor",6
34,"Yogurt, NS as to type of milk, plain",6
35,"Yogurt, whole milk, plain",6
36,"Yogurt, low fat milk, plain",6
37,"Yogurt, nonfat milk, plain",6
38,"Yogurt, Greek, NS as to type of milk, plain",6
39,"Yogurt, Greek, whole milk, plain",6
40,"Yogurt, Greek, low fat milk, plain",6
41,"Yogurt, Greek, nonfat milk, plain",6
42,"Yogurt, NS as to type of milk, fruit",6
43,"Yogurt, whole milk, fruit",6
44,"Yogurt, low fat milk, fruit",6
45,"Yogurt, nonfat milk, fruit",6
46,"Yogurt, Greek, NS as to type of milk, fruit",6
47,"Yogurt, Greek, whole milk, fruit",6
48,"Yogurt, Greek, low fat milk, fruit",6
49,"Yogurt, Greek, nonfat milk, fruit",6
50,"Yogurt, NS as to type of milk, flavors other than fruit",6
51,"Yogurt, whole milk, flavors other than fruit",6
52,"Yogurt, low fat milk, flavors other than fruit",6
53,"Yogurt, nonfat milk, flavors other than fruit",6
54,"Yogurt, Greek, NS as to type of milk, flavors other than fruit",6
55,"Yogurt, Greek, whole milk, flavors other than fruit",6
56,"Yogurt, Greek, low fat milk, flavors other than fruit",6
57,"Yogurt, Greek, nonfat milk, flavors other than fruit",6
58,"Yogurt, Greek, with oats",6
59,"Yogurt, liquid",6
60,Yogurt tube,6
61,"Chipotle dip, yogurt based",24
62,"Onion dip, yogurt based",6
63,"Ranch dip, yogurt based",6
64,"Spinach dip, yogurt based",6
65,Tzatziki dip,6
66,"Vegetable dip, yogurt based",6
67,"Yogurt parfait, with fruit",6
68,"Frozen yogurt, NFS",6
69,"Frozen yogurt, vanilla",6
70,"Frozen yogurt, chocolate",6
71,"Frozen yogurt, soft serve, vanilla",6
72,"Frozen yogurt, soft serve, chocolate",6
73,Frozen yogurt sandwich,9
74,"Frozen yogurt bar, vanilla",6
75,"Frozen yogurt bar, chocolate",6
76,"Frozen yogurt cone, chocolate",6
77,"Frozen yogurt cone, vanilla",6
78,"Frozen yogurt cone, vanilla, waffle cone",8
79,"Frozen yogurt cone, chocolate, waffle cone",8
80,"Baby Toddler food, NFS",6
81,"Baby Toddler yogurt, plain",6
82,"Baby Toddler yogurt, with fruit",6
83,"Chocolate milk, NFS",12
84,"Chocolate milk, whole",12
85,"Chocolate milk, reduced fat (2%)",12
86,"Chocolate milk, fat free (skim)",12
87,"Chocolate milk, low fat (1%)",12
88,"Chocolate milk, reduced sugar, NFS",12
89,"Hot chocolate / cocoa, NFS",24
90,"Hot chocolate / cocoa, made with whole or reduced fat (2%) milk",24
91,"Hot chocolate / cocoa, made with lowfat (1%) or fat free (skim) milk",24
92,"Hot chocolate / cocoa, made with non-dairy milk",24
93,"Hot chocolate / cocoa, with whipped cream",24
94,"Chocolate milk, Nesquik, NS as to type of milk",12
95,"Chocolate milk, Nesquik, made with non-dairy milk",12
96,"Chocolate milk, reduced sugar, whole",12
97,"Chocolate milk, reduced sugar, reduced fat (2%)",12
98,"Chocolate milk, reduced sugar, low fat (1%)",12
99,"Chocolate milk, reduced sugar, fat free (skim)",12
100,"Hot chocolate / cocoa, dry mix, made with water",24
101,"Hot chocolate / cocoa, dry mix, made with whole or reduced fat (2%) milk",24
102,"Hot chocolate / cocoa, dry mix, made with lowfat (1%) or fat free (skim) milk",24
103,"Hot chocolate / cocoa, dry mix , made with non-dairy milk",24
104,"Hot chocolate / cocoa, dry mix, made with water, with whipped cream",24
105,"Hot chocolate / cocoa, dry mix, reduced sugar, made with water",24
106,"Hot chocolate / cocoa, dry mix, reduced sugar, made with whole or reduced fat (2%) milk",24
107,"Hot chocolate / cocoa, reduced sugar, made with non-dairy milk",24
108,"Hot chocolate / cocoa, reduced sugar, made with whole or reduced fat (2%) milk",24
109,"Hot chocolate / cocoa, dry mix, reduced sugar, made with lowfat (1%) or fat free (skim) milk",24
110,"Hot chocolate / cocoa, reduced sugar, made with lowfat (1%) or fat free (skim) milk",24
111,"Hot chocolate / cocoa, dry mix, reduced sugar, made with non-dairy milk",24
112,"Strawberry milk, NFS",12
113,"Strawberry milk, whole",12
114,"Strawberry milk, reduced fat (2%)",12
115,"Strawberry milk, low fat (1%)",12
116,"Strawberry milk, fat free  (skim)",12
117,"Strawberry milk, reduced sugar",12
118,"Milk, malted",12
119,Eggnog,60
120,"Milk shake, home recipe, chocolate",24
121,"Milk shake, home recipe, flavors other than chocolate",24
122,"Milk shake, home recipe, chocolate, light",24
123,"Milk shake, home recipe, flavors other than chocolate, light",24
124,Milk shake with malt,24
125,"Milk shake, fast food, chocolate",24
126,"Milk shake, fast food, flavors other than chocolate",24
127,"Milk shake, bottled, chocolate",24
128,"Milk shake, bottled, flavors other than chocolate",24
129,Licuado or Batido,24
130,"Fruit smoothie, NFS",8
131,"Fruit smoothie, with whole fruit and dairy",8
132,"Fruit smoothie, with whole fruit and dairy, added protein",8
133,"Fruit smoothie juice drink, with dairy",8
134,Chocolate milk drink,12
135,"Infant formula, NFS",0
136,"Infant formula, Similac, NFS",0
137,"Infant formula, Similac Alimentum, ready-to-feed",0
138,"Infant formula, Similac Alimentum, powder, made with water",0
139,"Infant formula, Similac Advance, ready-to-feed",0
140,"Infant formula, Similac Advance, powder, made with tap water",0
141,"Infant formula, Similac Advance, powder, made with bottled water",0
142,"Infant formula, Similac Advance, powder, made with baby water",0
143,"Infant formula, Similac Sensitive, ready-to-feed",0
144,"Infant formula, Similac Sensitive, powder, made with tap water",0
145,"Infant formula, Similac Sensitive, powder, made with bottled water",0
146,"Infant formula, Similac Sensitive, powder, made with baby water",0
147,"Infant formula, Similac for Spit-Up, ready-to-feed",0
148,"Infant formula, Similac for Spit-Up, powder, made with water",0
149,"Toddler formula, Similac Go and Grow",12
150,"Infant formula, Enfamil, NFS",0
151,"Infant formula, Enfamil Infant, ready-to-feed",0
152,"Infant formula, Enfamil Infant, powder, made with tap water",0
153,"Infant formula, Enfamil Infant, powder, made with bottled water",0
154,"Infant formula, Enfamil Infant, powder, made with baby water",0
155,"Infant formula, Enfamil AR, ready-to-feed",0
156,"Infant formula, Enfamil AR, powder, made with water",0
157,"Infant formula, Enfamil Gentlease, ready-to-feed",0
158,"Infant formula, Enfamil Gentlease, powder, made with tap water",0
159,"Infant formula, Enfamil Gentlease, powder, made with bottled water",0
160,"Infant formula, Enfamil Gentlease, powder, made with baby water",0
161,"Toddler formula, Enfamil Enfagrow",12
162,"Toddler formula, PediaSure",12
163,"Toddler formula, Nido Kinder",12
164,"Toddler formula, store brand, beginning or next stage",12
165,"Toddler formula, store brand, pediatric shake",12
166,"Infant formula, Gerber, NFS",0
167,"Infant formula, Gerber Good Start Gentle, Stage 1, ready-to-feed",4
168,"Infant formula, Gerber Good Start Gentle, Stage 1, powder, made with tap water",4
169,"Infant formula, Gerber Good Start Gentle, Stage 1, powder, made with bottled water",4
170,"Infant formula, Gerber Good Start Gentle, Stage 1, powder, made with baby water",4
171,"Infant formula, Gerber Good Start Gentle, Stage 2",6
172,"Toddler formula, Gerber Good Start, Stage 3",12
173,"Infant formula, premature, powder, made with water",0
174,"Infant formula, premature, ready-to-feed",0
175,"Infant formula, organic, powder, made with water",0
176,"Infant formula, organic, ready-to-feed",0
177,"Infant formula, store brand, advantage or tender, powder, made with tap water",0
178,"Infant formula, store brand, advantage or tender, powder, made with bottled water",0
179,"Infant formula, store brand, advantage or tender, powder, made with baby water",0
180,"Infant formula, store brand, gentle or sensitivity",0
181,"Infant formula, store brand, added rice",0
182,"Infant formula, Enfamil ProSobee, ready-to-feed",0
183,"Infant formula, Enfamil ProSobee, powder, made with tap water",0
184,"Infant formula, Enfamil ProSobee, powder, made with bottled water",0
185,"Infant formula, Enfamil ProSobee, powder, made with baby water",0
186,"Infant formula, Similac Isomil Soy, ready-to-feed",0
187,"Infant formula, Similac Isomil Soy, powder, made with tap water",0
188,"Infant formula, Similac Isomil Soy, powder, made with bottled water",0
189,"Infant formula, Similac Isomil Soy, powder, made with baby water",0
190,"Infant formula, Similac for Diarrhea",0
191,"Infant formula, Gerber Good Start Soy, Stage 1, ready-to-feed",4
192,"Infant formula, Gerber Good Start Soy, Stage 1, powder, made with tap water",4
193,"Infant formula, Gerber Good Start Soy, Stage 1, powder, made with bottled water",4
194,"Infant formula, Gerber Good Start Soy, Stage 1, powder, made with baby water",4
195,"Infant formula, store brand, soy",0
196,"Infant formula, Enfamil Nutramigen, ready-to-feed",0
197,"Infant formula, Enfamil Nutramigen, powder, made with water",0
198,"Infant formula, Enfamil Pregestimil, ready-to-feed",0
199,"Infant formula, Enfamil Pregestimil, powder, made with water",0
200,"Infant formula, amino acids",0
201,"Infant formula, low iron",0
202,"Milk, dry, not reconstituted",12
203,"Whey, sweet, dry",8
204,"Cocoa powder, not reconstituted",24
205,"Chocolate beverage powder, dry mix, not reconstituted",24
206,"Chocolate beverage powder, light, dry mix, not reconstituted",24
207,"Milk, malted, dry mix, not reconstituted",12
208,"Strawberry beverage powder, dry mix, not reconstituted",24
209,"Cream, NS as to light, heavy, or half and half",8
210,"Cream, light",8
211,"Cream, half and half",8
212,"Cream, half and half, flavored",8
213,"Cream, half and half, fat free",8
214,"Cream, heavy",8
215,"Cream, whipped",8
216,"Coffee creamer, NFS",192
217,"Coffee creamer, liquid",192
218,"Coffee creamer, liquid, flavored",192
219,"Coffee creamer, liquid, fat free",192
220,"Coffee creamer, liquid, fat free, flavored",192
221,"Coffee creamer, liquid, fat free, sugar free, flavored",192
222,"Coffee creamer, liquid, sugar free, flavored",192
223,"Coffee creamer, powder",192
224,"Coffee creamer, powder, flavored",192
225,"Coffee creamer, powder, fat free",192
226,"Coffee creamer,powder, sugar free, flavored",192
227,"Coffee creamer, soy, liquid",192
228,Whipped topping,8
229,"Whipped topping, fat free",8
230,"Whipped topping, sugar free",8
231,"Sour cream, regular",8
232,"Sour cream, light",8
233,"Sour cream, fat free",8
234,"Sour cream, imitation",8
235,"Dip, NFS",8
236,"Chipotle dip, regular",24
237,"Chipotle dip, light",24
238,"Onion dip, regular",8
239,"Onion dip, light",8
240,"Ranch dip, regular",8
241,"Ranch dip, light",8
242,"Spinach dip, regular",8
243,"Spinach dip, light",8
244,"Vegetable dip, regular",8
245,"Vegetable dip, light",8
246,"Ice cream, NFS",8
247,"Ice cream, vanilla",8
248,"Ice cream, vanilla, with additional ingredients",8
249,"Ice cream, chocolate",8
250,"Ice cream, chocolate, with additional ingredients",8
251,"Ice cream, soft serve, vanilla",8
252,"Ice cream, soft serve, chocolate",8
253,"Gelato, vanilla",8
254,"Gelato, chocolate",8
255,"Ice cream bar, vanilla",8
256,"Ice cream bar, vanilla, chocolate coated",8
257,Ice cream candy bar,24
258,"Ice cream bar, chocolate",8
259,"Ice cream sandwich, vanilla",9
260,"Ice cream sandwich, chocolate",9
261,Ice cream cookie sandwich,12
262,"Ice cream cone, scooped, vanilla",8
263,"Ice cream cone, scooped, vanilla, waffle cone",8
264,"Ice cream cone, NFS",8
265,"Ice cream cone, scooped, chocolate",8
266,"Ice cream cone, scooped, chocolate, waffle cone",8
267,"Ice cream cone, soft serve, vanilla",8
268,"Ice cream cone, soft serve, chocolate",8
269,"Ice cream cone, soft serve, vanilla, waffle cone",8
270,"Ice cream cone, soft serve, chocolate, waffle cone",8
271,"Ice cream cone, vanilla, prepackaged",8
272,"Ice cream cone, chocolate, prepackaged",8
273,"Ice cream soda, flavors other than chocolate",24
274,"Ice cream soda, chocolate",24
275,"Ice cream sundae, NFS",8
276,"Ice cream sundae, fruit topping",8
277,Banana split,8
278,"Ice cream sundae, hot fudge topping",8
279,"Ice cream sundae, caramel topping",8
280,"Ice cream, fried",12
281,"Light ice cream, NFS",8
282,"Light ice cream, vanilla",8
283,"Light ice cream, chocolate",8
284,"Soft serve, blended with candy or cookies, from fast food",24
285,"Light ice cream sandwich, vanilla",9
286,"Light ice cream sandwich, chocolate",9
287,"Light ice cream bar, vanilla",8
288,"Light ice cream bar, vanilla, chocolate coated",8
289,"Light ice cream bar, chocolate",8
290,Creamsicle,24
291,Fudgesicle,24
292,"Light ice cream cone, vanilla, prepackaged",8
293,"Light ice cream cone, chocolate, prepackaged",8
294,"Sherbet, all flavors",8
295,"Fudgesicle, light",24
296,"Pudding, chocolate, NFS",6
297,"Pudding, bread",6
298,"Pudding, flavors other than chocolate, NFS",6
299,Custard,6
300,Flan,6
301,Creme brulee,6
302,"Pudding, rice",6
303,"Firni, Indian pudding",6
304,"Pudding, tapioca, made from dry mix",6
305,"Pudding, flavors other than chocolate, made from dry mix",6
306,"Pudding, chocolate, made from dry mix",6
307,"Pudding, flavors other than chocolate, made from dry mix, sugar free",6
308,"Pudding, chocolate, made from dry mix, sugar free",6
309,"Pudding, flavors other than chocolate, ready-to-eat",6
310,"Pudding, flavors other than chocolate, ready-to-eat, sugar free",6
311,"Pudding, chocolate, ready-to-eat",6
312,"Pudding, chocolate, ready-to-eat, sugar free",6
313,"Pudding, tapioca, ready-to-eat",6
314,Banana pudding,6
315,Mousse,6
316,Dulce de leche,8
317,"Barfi or Burfi, Indian dessert",8
318,Trifle,12
319,Tiramisu,192
320,White sauce or gravy,8
321,"Cheese, NFS",8
322,"Cheese, Blue or Roquefort",8
323,"Cheese, Brick",8
324,"Cheese, Camembert",8
325,"Cheese, Brie",8
326,"Cheese, Cheddar",8
327,"Cheese, Cheddar, reduced fat",8
328,"Cheese, Cheddar, nonfat or fat free",8
329,"Cheese, Colby",8
330,"Cheese, Colby Jack",8
331,"Cheese, Feta",8
332,"Cheese, Fontina",8
333,"Cheese, goat",8
334,"Cheese, Gouda or Edam",8
335,"Cheese, Gruyere",8
336,"Cheese, Limburger",8
337,"Cheese, Monterey",8
338,"Cheese, Monterey, reduced fat",8
339,"Cheese, Mozzarella, NFS",8
340,"Cheese, Mozzarella, part skim",8
341,"Cheese, Mozzarella, reduced sodium",8
342,"Cheese, Mozzarella, nonfat or fat free",8
343,"Cheese, Muenster",8
344,"Cheese, Muenster, reduced fat",8
345,"Cheese, Parmesan, dry grated",12
346,"Cheese, Parmesan, dry grated, reduced fat",12
347,"Cheese, Parmesan, hard",12
348,"Cheese, Parmesan, dry grated, fat free",12
349,"Cheese, Port du Salut",8
350,"Cheese, Provolone",8
351,"Cheese, provolone, reduced fat",8
352,"Cheese, Swiss",8
353,"Cheese, Swiss, reduced sodium",8
354,"Cheese, Swiss, reduced fat",8
355,"Cheese, Swiss, nonfat or fat free",8
356,"Cheese, Cheddar, reduced sodium",8
357,"Cheese, paneer",8
358,"Cheese, Mexican blend",8
359,"Cheese, Mexican blend, reduced fat",8
360,"Queso Anejo, aged Mexican cheese",8
361,Queso Asadero,8
362,Queso Fresco,8
363,Queso cotija,8
364,"Cheese, cottage, NFS",8
365,"Cheese, cottage, creamed, large or small curd",8
366,"Cottage cheese, farmer's",8
367,"Cheese, Ricotta",8
368,"Cheese, cottage, with fruit",8
369,"Cheese, cottage, with vegetables",8
370,"Cheese, cottage, dry curd",8
371,"Cheese, cottage, salted, dry curd",8
372,Puerto Rican white cheese,8
373,"Cheese, cottage, low fat",8
374,"Cheese, cottage, lowfat, with fruit",8
375,"Cheese, cottage, lowfat, low sodium",8
376,"Cheese, cottage, lowfat, lactose reduced",8
377,"Cream cheese, regular, plain",8
378,"Cream cheese, regular, flavored",8
379,"Cream cheese, light",8
380,"Cheese, American and Swiss blends",8
381,"Cheese, American",8
382,"Cheese, American, reduced fat",8
383,"Cheese, American, nonfat or fat free",8
384,"Cheese, American, reduced sodium",8
385,"Cheese spread, American or Cheddar cheese base, reduced fat",8
386,"Cream cheese, fat free",8
387,"Cheese, processed cheese food",8
388,"Cheese, processed, with vegetables",8
389,"Cheese,  with wine",252
390,"Cheese spread, American or Cheddar cheese base",8
391,"Cheese spread, Swiss cheese base",8
392,"Cheese spread, cream cheese",8
393,"Cheese spread, pressurized can",8
394,Imitation cheese,8
395,"Cheese, cottage cheese, with gelatin dessert",24
396,"Cheese, cottage cheese, with gelatin dessert and fruit",24
397,"Cheese, cottage cheese, with gelatin dessert and vegetables",24
398,Cheese ball,8
399,Artichoke dip,8
400,Spinach and artichoke dip,8
401,Seafood dip,8
402,Cheese dip with chili pepper,24
403,Cheese dip,8
404,Topping from cheese pizza,8
405,Topping from vegetable pizza,8
406,Topping from meat pizza,8
407,Topping from meat and vegetable pizza,8
408,Cheese fondue,8
409,Cheese souffle,8
410,Welsh rarebit,8
411,"Cheese sandwich, NFS",9
412,"Cheese sandwich, American cheese, on white bread",9
413,"Cheese sandwich, American cheese, on wheat bread",9
414,"Cheese sandwich, cheddar cheese, on white bread",9
415,"Cheese sandwich, cheddar cheese, on wheat bread",9
416,"Cheese sandwich, reduced fat cheese, on white bread",9
417,"Cheese sandwich, reduced fat cheese, on wheat bread",9
418,"Grilled cheese sandwich, NFS",9
419,"Grilled cheese sandwich, American cheese, on white bread",9
420,"Grilled cheese sandwich, American cheese, on wheat bread",9
421,"Grilled cheese sandwich, cheddar cheese, on white bread",9
422,"Grilled cheese sandwich, cheddar cheese, on wheat bread",9
423,"Grilled cheese sandwich, reduced fat cheese, on white bread",9
424,"Grilled cheese sandwich, reduced fat cheese, on wheat bread",9
425,Cheese sauce,8
426,Alfredo sauce,8
427,Alfredo sauce with added vegetables,8
428,Alfredo sauce with meat,8
429,Alfredo sauce with meat and added vegetables,8
430,Alfredo sauce with poultry,8
431,Alfredo sauce with poultry and added vegetables,8
432,Alfredo sauce with seafood,8
433,Alfredo sauce with seafood and added vegetables,8
434,"Mozzarella sticks, breaded, baked, or fried",12
435,"Mozzarella cheese, tomato, and basil, with oil and vinegar dressing",8
436,"Meat, NFS",8
437,"Meat, ground, NFS",8
438,"Baby Toddler meat, NFS",6
439,"Beef, NFS",8
440,"Steak, NS as to type of meat, NS as to fat eaten",8
441,"Beef, steak, NFS",8
442,"Beef, steak, chuck",8
443,"Beef, steak, cube",8
444,"Beef, steak, flank",8
445,"Beef, steak, ribeye, NS as to fat eaten",8
446,"Beef, steak, ribeye, lean and fat eaten",8
447,"Beef, steak, ribeye, lean only eaten",8
448,"Beef, steak, round",8
449,"Beef, steak, sirloin, NS as to fat eaten",8
450,"Beef, steak, sirloin, lean and fat eaten",8
451,"Beef, steak, sirloin, lean only eaten",8
452,"Beef, steak, strip, NS as to fat eaten",8
453,"Beef, steak, strip, lean and fat eaten",8
454,"Beef, steak, strip, lean only eaten",8
455,"Beef, steak, T-bone, NS as to fat eaten",8
456,"Beef, steak, T-bone,  lean and fat eaten",8
457,"Beef, steak, T-bone, lean only eaten",8
458,"Beef, steak, tenderloin",8
459,"Beef, steak, country fried",12
460,"Beef, oxtails",8
461,"Beef, neck bones",8
462,"Beef, shortribs",8
463,"Beef, cow head",8
464,"Beef, roast",8
465,"Beef, pot roast",8
466,"Beef, stew meat",12
467,"Beef, corned",8
468,"Beef, brisket",8
469,"Beef, sandwich steak",9
470,"Beef, ground, raw",60
471,"Beef, ground",8
472,"Beef, ground, patty",8
473,"Beef, bacon, cooked",8
474,"Beef, bacon, reduced sodium, cooked",8
475,"Beef, dried, chipped, uncooked",60
476,"Beef, dried, chipped, cooked in fat",8
477,Beef jerky,48
478,Baby Toddler beef,6
479,"Pork, NFS",8
480,"Pork, ground",8
481,"Pork, carnitas",8
482,Pork jerky,48
483,"Pork, chop, NS as to fat eaten",8
484,"Pork, chop, lean and fat eaten",8
485,"Pork, chop, lean only eaten",8
486,"Pork, chop, coated, NS as to fat eaten",8
487,"Pork, chop, coated, lean and fat eaten",8
488,"Pork, chop, coated, lean only eaten",8
489,"Pork, chop, stuffed",8
490,"Pork, steak, NS as to fat eaten",8
491,"Pork, steak, lean and fat eaten",8
492,"Pork, steak, lean only eaten",8
493,"Pork, steak, coated",8
494,"Pork, tenderloin",8
495,Ham,8
496,"Ham, prosciutto",8
497,"Ham, canned",8
498,"Ham, ground",8
499,"Pork, roast",8
500,"Pork, roll",9
501,"Canadian bacon, cooked",8
502,"Bacon, NS as to type of meat, cooked",8
503,"Bacon, NS as to type of meat, reduced sodium, cooked",8
504,"Pork bacon, NS as to fresh, smoked or cured, cooked",8
505,"Pork bacon, NS as to fresh, smoked or cured, reduced sodium, cooked",8
506,"Pork bacon, smoked or cured, cooked",8
507,"Bacon or side pork, fresh, cooked",8
508,"Pork bacon, smoked or cured, reduced sodium, cooked",8
509,"Fat back, cooked",8
510,"Ribs, NFS",8
511,"Pork, ribs",8
512,"Pork, cracklings",8
513,"Pork, ears",8
514,"Pork, bones",8
515,"Pork, pig's feet",8
516,"Pork, pig's feet, pickled",8
517,"Pork, ham hocks",8
518,"Pork, belly",8
519,Pork skin rinds,8
520,Baby Toddler ham,6
521,Baby Toddler meat stick,6
522,"Lamb, NS as to cut",8
523,"Lamb, chop",8
524,"Lamb, ground",8
525,Goat,8
526,"Veal, chop",8
527,"Veal, ground",8
528,Mock chicken legs,8
529,Rabbit,8
530,"Venison, NFS",8
531,"Venison, steak",8
532,Venison/deer jerky,48
533,Venison sausage,18
534,Moose,8
535,Bear,8
536,Caribou,8
537,Bison,8
538,Groundhog,8
539,Opossum,8
540,Squirrel,8
541,Beaver,8
542,Raccoon,8
543,Armadillo,8
544,Wild pig,8
545,Ostrich,8
546,"Chicken, NS as to part and cooking method, NS as to skin eaten",8
547,"Chicken, NS as to part and cooking method, skin eaten",8
548,"Chicken, NS as to part and cooking method, skin not eaten",8
549,"Chicken, NS as to part, baked, broiled, or roasted, NS as to skin eaten",8
550,"Chicken, NS as to part, baked, broiled, or roasted, skin eaten",8
551,"Chicken, NS as to part, baked, broiled, or roasted, skin not eaten",8
552,"Chicken, NS as to part, rotisserie, NS as to skin eaten",8
553,"Chicken, NS as to part, rotisserie, skin eaten",8
554,"Chicken, NS as to part, rotisserie, skin not eaten",8
555,"Chicken, NS as to part, stewed, NS as to skin eaten",12
556,"Chicken, NS as to part, stewed, skin eaten",12
557,"Chicken, NS as to part, stewed, skin not eaten",12
558,"Chicken, NS as to part, grilled without sauce, NS as to skin eaten",8
559,"Chicken, NS as to part, grilled without sauce, skin eaten",8
560,"Chicken, NS as to part, grilled without sauce, skin not eaten",8
561,"Chicken, NS as to part, grilled with sauce, NS as to skin eaten",8
562,"Chicken, NS as to part, grilled with sauce, skin eaten",8
563,"Chicken, NS as to part, grilled with sauce, skin not eaten",8
564,"Chicken, NS as to part, sauteed, skin eaten",12
565,"Chicken, NS as to part, sauteed, skin not eaten",12
566,"Chicken, NS as to part, fried, coated, skin / coating eaten",12
567,"Chicken, NS as to part, fried, coated, skin / coating not eaten",12
568,"Chicken, NS as to part, baked, coated, skin / coating eaten",8
569,"Chicken, NS as to part, baked, coated, skin / coating not eaten",8
570,"Chicken breast, NS as to cooking method, skin eaten",8
571,"Chicken breast, NS as to cooking method, skin not eaten",8
572,"Chicken breast, baked, broiled, or roasted, skin eaten, from raw",8
573,"Chicken breast, baked, broiled, or roasted, skin not eaten, from raw",8
574,"Chicken breast, baked or broiled, skin eaten, from pre-cooked",8
575,"Chicken breast, baked or broiled, skin not eaten, from pre-cooked",8
576,"Chicken breast, baked or broiled, skin eaten, from fast food / restaurant",8
577,"Chicken breast, baked or broiled, skin not eaten, from fast food / restaurant",8
578,"Chicken breast, baked, broiled, or roasted with marinade, skin eaten, from raw",8
579,"Chicken breast, baked, broiled, or roasted with marinade, skin not eaten, from raw",8
580,"Chicken breast, rotisserie, skin eaten",8
581,"Chicken breast, rotisserie, skin not eaten",8
582,"Chicken breast, stewed, skin eaten",12
583,"Chicken breast, stewed, skin not eaten",12
584,"Chicken breast, grilled without sauce, skin eaten",8
585,"Chicken breast, grilled without sauce, skin not eaten",8
586,"Chicken breast, grilled with sauce, skin eaten",8
587,"Chicken breast, grilled with sauce, skin not eaten",8
588,"Chicken breast, sauteed, skin eaten",12
589,"Chicken breast, sauteed, skin not eaten",12
590,"Chicken breast, fried, coated, skin / coating eaten, from raw",12
591,"Chicken breast, fried, coated, skin / coating not eaten, from raw",12
592,"Chicken breast, fried, coated, prepared skinless, coating eaten, from raw",12
593,"Chicken breast, fried, coated, skin / coating eaten, from pre-cooked",12
594,"Chicken breast, fried, coated, skin / coating not eaten, from pre-cooked",12
595,"Chicken breast, fried, coated, skin / coating eaten, from fast food / restaurant",12
596,"Chicken breast, fried, coated, skin / coating not eaten, from fast food / restaurant",12
597,"Chicken breast, baked, coated, skin / coating eaten",8
598,"Chicken breast, baked, coated, skin / coating not eaten",8
599,"Chicken leg, drumstick and thigh, NS as to cooking method, skin eaten",8
600,"Chicken leg, drumstick and thigh, NS as to cooking method, skin not eaten",8
601,"Chicken leg, drumstick and thigh, baked or broiled, skin eaten",8
602,"Chicken leg, drumstick and thigh, baked or broiled, skin not eaten",8
603,"Chicken leg, drumstick and thigh, rotisserie, skin eaten",8
604,"Chicken leg, drumstick and thigh, rotisserie, skin not eaten",8
605,"Chicken leg, drumstick and thigh, stewed, skin eaten",12
606,"Chicken leg, drumstick and thigh, stewed, skin not eaten",12
607,"Chicken leg, drumstick and thigh, grilled without sauce, skin eaten",8
608,"Chicken leg, drumstick and thigh, grilled without sauce, skin not eaten",8
609,"Chicken leg, drumstick and thigh, grilled with sauce, skin eaten",8
610,"Chicken leg, drumstick and thigh, grilled with sauce, skin not eaten",8
611,"Chicken leg, drumstick and thigh, sauteed, skin eaten",12
612,"Chicken leg, drumstick and thigh, sauteed, skin not eaten",12
613,"Chicken leg, drumstick and thigh, fried, coated, skin / coating eaten",12
614,"Chicken leg, drumstick and thigh, fried, coated, skin / coating not eaten",12
615,"Chicken leg, drumstick and thigh, baked, coated, skin / coating eaten",8
616,"Chicken leg, drumstick and thigh, baked, coated, skin / coating not eaten",8
617,"Chicken drumstick, NS as to cooking method, skin eaten",8
618,"Chicken drumstick, NS as to cooking method, skin not eaten",8
619,"Chicken drumstick, baked, broiled, or roasted, skin eaten, from raw",8
620,"Chicken drumstick, baked, broiled, or roasted, skin not eaten, from raw",8
621,"Chicken drumstick, baked or broiled, skin eaten, from pre-cooked",8
622,"Chicken drumstick, baked or broiled, skin not eaten, from pre-cooked",8
623,"Chicken drumstick, baked or broiled, skin eaten, from fast food / restaurant",8
624,"Chicken drumstick, baked or broiled, skin not eaten, from fast food / restaurant",8
625,"Chicken drumstick, rotisserie, skin eaten",8
626,"Chicken drumstick, rotisserie, skin not eaten",8
627,"Chicken drumstick, grilled without sauce, skin eaten",8
628,"Chicken drumstick, grilled without sauce, skin not eaten",8
629,"Chicken drumstick, grilled with sauce, skin eaten",8
630,"Chicken drumstick, grilled with sauce, skin not eaten",8
631,"Chicken drumstick, stewed, skin eaten",12
632,"Chicken drumstick, stewed, skin not eaten",12
633,"Chicken drumstick, sauteed, skin eaten",12
634,"Chicken drumstick, sauteed, skin not eaten",12
635,"Chicken drumstick, fried, coated, skin / coating eaten, from raw",12
636,"Chicken drumstick, fried, coated, skin / coating not eaten, from raw",12
637,"Chicken drumstick, fried, coated, prepared skinless, coating eaten, from raw",12
638,"Chicken drumstick, fried, coated, skin / coating eaten, from pre-cooked",12
639,"Chicken drumstick, fried, coated, skin / coating not eaten, from pre-cooked",12
640,"Chicken drumstick, fried, coated, skin / coating eaten, from fast food / restaurant",12
641,"Chicken drumstick, fried, coated, skin / coating not eaten, from fast food / restaurant",12
642,"Chicken drumstick, baked, coated, skin / coating eaten",8
643,"Chicken drumstick, baked, coated, skin / coating not eaten",8
644,"Chicken thigh, NS as to cooking method, skin eaten",8
645,"Chicken thigh, NS as to cooking method, skin not eaten",8
646,"Chicken thigh, baked, broiled, or roasted, skin eaten, from raw",8
647,"Chicken thigh, baked, broiled, or roasted, skin not eaten, from raw",8
648,"Chicken thigh, baked or broiled, skin eaten, from pre-cooked",8
649,"Chicken thigh, baked or broiled, skin not eaten, from pre-cooked",8
650,"Chicken thigh, baked or broiled, skin eaten, from fast food / restaurant",8
651,"Chicken thigh, baked or broiled, skin not eaten, from fast food / restaurant",8
652,"Chicken thigh, rotisserie, skin eaten",8
653,"Chicken thigh, rotisserie, skin not eaten",8
654,"Chicken thigh, stewed, skin eaten",12
655,"Chicken thigh, stewed, skin not eaten",12
656,"Chicken thigh, grilled without sauce, skin eaten",8
657,"Chicken thigh, grilled without sauce, skin not eaten",8
658,"Chicken thigh, grilled with sauce, skin eaten",8
659,"Chicken thigh, grilled with sauce, skin not eaten",8
660,"Chicken thigh, sauteed, skin eaten",12
661,"Chicken thigh, sauteed, skin not eaten",12
662,"Chicken thigh, fried, coated, skin / coating eaten, from raw",12
663,"Chicken thigh, fried, coated, skin / coating not eaten, from raw",12
664,"Chicken thigh, fried, coated, prepared skinless, coating eaten, from raw",12
665,"Chicken thigh, fried, coated, skin / coating eaten, from pre-cooked",12
666,"Chicken thigh, fried, coated, skin / coating not eaten, from pre-cooked",12
667,"Chicken thigh, fried, coated, skin / coating eaten, from fast food",12
668,"Chicken thigh, fried, coated, skin / coating not eaten, from fast food",12
669,"Chicken thigh, fried, coated, skin / coating eaten, from restaurant",12
670,"Chicken thigh, fried, coated, skin / coating not eaten, from restaurant",12
671,"Chicken thigh, baked, coated, skin / coating eaten",8
672,"Chicken thigh, baked, coated, skin / coating not eaten",8
673,"Chicken wing, NS as to cooking method",8
674,"Chicken wing, baked, broiled, or roasted, from raw",8
675,"Chicken wing, baked or broiled, from pre-cooked",8
676,"Chicken wing, baked or broiled, from fast food / restaurant",8
677,"Chicken wing, rotisserie",8
678,"Chicken wing, stewed",12
679,"Chicken wing, grilled without sauce",8
680,"Chicken wing, grilled with sauce",8
681,"Chicken wing, sauteed",12
682,"Chicken wing, fried, coated, from raw",12
683,"Chicken wing, fried, coated, from pre-cooked",12
684,"Chicken wing, fried, coated, from fast food",12
685,"Chicken wing, fried, coated, from restaurant",12
686,"Chicken wing, baked, coated",8
687,"Chicken ""wings"" with hot sauce, from fast food / restaurant",24
688,"Chicken ""wings"" with other sauces or seasoning, from fast food / restaurant",8
689,"Chicken ""wings"", plain, from fast food / restaurant",8
690,"Chicken ""wings"" with hot sauce, from precooked",24
691,"Chicken ""wings"" with other sauces or seasoning, from precooked",8
692,"Chicken ""wings"", plain, from precooked",8
693,"Chicken ""wings"" with hot sauce, from other sources",24
694,"Chicken ""wings"" with other sauces or seasoning, from other sources",8
695,"Chicken ""wings"", plain, from other sources",8
696,"Chicken ""wings"", boneless, with hot sauce, from fast food / restaurant",24
697,"Chicken ""wings"", boneless, with hot sauce, from other sources",24
698,"Chicken, back",8
699,"Chicken, neck or ribs",8
700,"Chicken, tail",8
701,Chicken skin,8
702,Chicken feet,8
703,"Chicken, canned, meat only",8
704,"Chicken, chicken roll, roasted",9
705,"Chicken patty, breaded",8
706,"Chicken fillet, breaded",8
707,"Chicken fillet, grilled",8
708,"Chicken, ground",8
709,"Chicken nuggets, NFS",8
710,"Chicken nuggets, from fast food",8
711,"Chicken nuggets, from restaurant",8
712,"Chicken nuggets, from school lunch",8
713,"Chicken nuggets, from frozen",8
714,"Chicken nuggets, from other sources",8
715,"Chicken tenders or strips, NFS",8
716,"Chicken tenders or strips, breaded, from fast food",8
717,"Chicken tenders or strips, breaded, from restaurant",8
718,"Chicken tenders or strips, breaded, from school lunch",8
719,"Chicken tenders or strips, breaded, from frozen",8
720,"Chicken tenders or strips, breaded, from other sources",8
721,"Turkey, NFS",8
722,"Turkey, light meat, skin not eaten",8
723,"Turkey, light meat, skin eaten",8
724,"Turkey, light meat, breaded, baked or fried, skin not eaten",12
725,"Turkey, light meat, breaded, baked or fried, skin eaten",12
726,"Turkey, light meat, roasted, skin not eaten",8
727,"Turkey, light meat, roasted, skin eaten",8
728,"Turkey, dark meat, roasted, skin not eaten",8
729,"Turkey, dark meat, roasted, skin eaten",8
730,"Turkey, light and dark meat, roasted, skin not eaten",8
731,"Turkey, light and dark meat, roasted, skin eaten",8
732,"Turkey, light or dark meat, fried, coated, skin not eaten",12
733,"Turkey, light or dark meat, fried, coated, skin eaten",12
734,"Turkey, light or dark meat, stewed, skin not eaten",12
735,"Turkey light or dark meat, stewed, skin eaten",12
736,"Turkey, light or dark meat, smoked, skin eaten",8
737,"Turkey, light or dark meat, smoked, skin not eaten",8
738,"Turkey, drumstick, cooked, skin not eaten",8
739,"Turkey, drumstick, cooked, skin eaten",8
740,"Turkey, drumstick, roasted, skin not eaten",8
741,"Turkey, drumstick, roasted, skin eaten",8
742,"Turkey, thigh, cooked, skin eaten",8
743,"Turkey, thigh, cooked, skin not eaten",8
744,"Turkey, neck",8
745,"Turkey, wing, cooked, skin not eaten",8
746,"Turkey, wing, cooked, skin eaten",8
747,"Turkey, tail",8
748,"Turkey, back",8
749,"Turkey, canned",8
750,"Turkey, ground",8
751,"Turkey, nuggets",8
752,"Turkey bacon, cooked",8
753,"Turkey bacon, reduced sodium, cooked",8
754,"Duck, cooked, skin eaten",8
755,"Duck, cooked, skin not eaten",8
756,"Duck, roasted, skin eaten",8
757,"Duck, roasted, skin not eaten",8
758,"Duck, Peking",8
759,"Goose, wild, roasted",8
760,"Cornish game hen, cooked, skin eaten",8
761,"Cornish game hen, cooked, skin not eaten",8
762,"Cornish game hen, roasted, skin eaten",8
763,"Cornish game hen, roasted, skin not eaten",8
764,"Dove, cooked, NS as to cooking method",8
765,"Dove, fried",12
766,"Quail, cooked",8
767,"Pheasant, cooked",8
768,Baby Toddler chicken,6
769,Baby Toddler turkey,6
770,"Liver, beef",8
771,"Liver, chicken",8
772,"Liver, paste or pate",8
773,Heart,8
774,Kidney,8
775,Sweetbreads,9
776,Brains,8
777,Tongue,8
778,"Tongue pot roast, Puerto Rican style",8
779,Tripe,8
780,Chitterlings,8
781,Hog maws,8
782,Gizzard,8
783,"Hot dog, NFS",18
784,"Hot dog, beef",18
785,"Hot dog, meat and poultry",18
786,"Hot dog, reduced fat",18
787,"Hot dog, turkey",18
788,Beef sausage,18
789,Beef sausage with cheese,18
790,Blood sausage,18
791,Bratwurst,18
792,"Bratwurst, with cheese",18
793,Bologna,18
794,"Bologna, reduced fat",18
795,"Bologna, reduced sodium",18
796,Chorizo,18
797,Head cheese,8
798,Knockwurst,18
799,Mortadella,18
800,"Pastrami, NFS",18
801,"Pastrami, made from any kind of meat, reduced fat",18
802,"Pepperoni, NFS",18
803,"Pepperoni, reduced fat",18
804,"Pepperoni, reduced sodium",18
805,Polish sausage,18
806,Italian sausage,18
807,"Sausage, NFS",18
808,Pork sausage,18
809,"Pork sausage, reduced fat",18
810,"Pork sausage, reduced sodium",18
811,Pork and beef sausage,18
812,"Salami, NFS",18
813,"Salami, made from any type of meat, reduced fat",18
814,"Salami, made from any type of meat, reduced sodium",18
815,"Scrapple, cooked",8
816,Thuringer,18
817,Turkey or chicken sausage,18
818,"Turkey or chicken sausage, reduced sodium",18
819,Turkey or chicken and pork sausage,18
820,"Vienna sausage, canned",18
821,Pickled sausage,18
822,"Luncheon meat, NFS",18
823,"Ham, prepackaged or deli, luncheon meat",18
824,"Ham, prepackaged or deli, luncheon meat, reduced sodium",18
825,"Chicken, prepackaged or deli, luncheon meat",18
826,"Chicken, prepackaged or deli, luncheon meat, reduced sodium",18
827,"Ham luncheon meat, loaf type",18
828,Spam,18
829,"Spam, reduced sodium",18
830,Liverwurst,8
831,"Luncheon meat, loaf type",18
832,"Turkey, prepackaged or deli, luncheon meat",18
833,"Turkey, prepackaged or deli, luncheon meat, reduced sodium",18
834,"Turkey ham, prepackaged or deli, luncheon meat",18
835,"Beef, prepackaged or deli, luncheon meat",18
836,"Beef, prepackaged or deli, luncheon meat, reduced sodium",18
837,"Meat spread or potted meat, NFS",8
838,Chicken salad spread,8
839,Ham salad spread,8
840,"Fish, raw",60
841,"Fish, NFS",8
842,"Fish, NS as to type, baked or broiled",8
843,"Fish, NS as to type, baked or broiled, coated",8
844,"Fish, NS as to type, fried",12
845,"Fish, NS as to type, steamed",8
846,"Fish, canned",8
847,"Fish, smoked",8
848,"Fish, stick",8
849,"Fish, anchovy",8
850,"Fish, carp",8
851,"Fish, catfish, NFS",8
852,"Fish, catfish, baked or broiled",8
853,"Fish, catfish, grilled",8
854,"Fish, catfish, baked or broiled, coated",8
855,"Fish, catfish, fried",12
856,"Fish, catfish, steamed",8
857,"Fish, cod, NFS",8
858,"Fish, cod, baked or broiled",8
859,"Fish, cod, grilled",8
860,"Fish, cod, baked or broiled, coated",8
861,"Fish, cod, fried",12
862,"Fish, cod, steamed",8
863,"Fish, croaker",8
864,"Fish, eel",8
865,"Fish, flounder, NFS",8
866,"Fish, flounder, baked or broiled",8
867,"Fish, flounder, grilled",8
868,"Fish, flounder, baked or broiled, coated",8
869,"Fish, flounder, fried",12
870,"Fish, flounder, steamed",8
871,"Fish, haddock, NFS",8
872,"Fish, haddock, baked or broiled",8
873,"Fish, haddock, grilled",8
874,"Fish, haddock, baked or broiled, coated",8
875,"Fish, haddock, fried",12
876,"Fish, haddock, steamed",8
877,"Fish, halibut",8
878,"Fish, herring",8
879,"Fish, pickled",8
880,"Fish, mackerel, NFS",8
881,"Fish, mackerel, baked or broiled",8
882,"Fish, mackerel, grilled",8
883,"Fish, mackerel, baked or broiled, coated",8
884,"Fish, mackerel, fried",12
885,"Fish, mackerel, canned",8
886,"Fish, mullet",8
887,"Fish, perch, NFS",8
888,"Fish, perch, baked or broiled",8
889,"Fish, perch, grilled",8
890,"Fish, perch, baked or broiled, coated",8
891,"Fish, perch, fried",12
892,"Fish, perch, steamed",8
893,"Fish, pike",8
894,"Fish, pompano, NFS",8
895,"Fish, pompano, baked or broiled",8
896,"Fish, pompano, grilled",8
897,"Fish, pompano, baked or broiled, coated",8
898,"Fish, pompano, fried",12
899,"Fish, pompano, steamed",8
900,"Fish, snapper",8
901,"Fish, salmon, raw",60
902,"Fish, salmon, NFS",8
903,"Fish, salmon, baked or broiled",8
904,"Fish, salmon, grilled",8
905,"Fish, salmon, baked or broiled, coated",8
906,"Fish, salmon, fried",12
907,"Fish, salmon, steamed",8
908,"Fish, salmon, canned",8
909,"Fish, salmon, smoked",8
910,"Fish, sardines, canned",8
911,"Fish, bass, NFS",8
912,"Fish, bass, baked or broiled",8
913,"Fish, bass, grilled",8
914,"Fish, bass, baked or broiled, coated",8
915,"Fish, bass, fried",12
916,"Fish, bass, steamed",8
917,"Fish, shark",8
918,"Fish, swordfish",8
919,"Fish, trout, NFS",8
920,"Fish, trout, baked or broiled",8
921,"Fish, trout, grilled",8
922,"Fish, trout, baked or broiled, coated",8
923,"Fish, trout, fried",12
924,"Fish, trout, steamed",8
925,"Fish, tuna, raw",60
926,"Fish, tuna, NFS",8
927,"Fish, tuna, cooked",8
928,"Fish, tuna, canned",8
929,"Fish, whiting, NFS",8
930,"Fish, whiting, baked or broiled",8
931,"Fish, whiting, grilled",8
932,"Fish, whiting, baked or broiled, coated",8
933,"Fish, whiting, fried",12
934,"Fish, whiting, steamed",8
935,"Fish, tilapia, NFS",8
936,"Fish, tilapia, baked or broiled",8
937,"Fish, tilapia, grilled",8
938,"Fish, tilapia, baked or broiled, coated",8
939,"Fish, tilapia, fried",12
940,"Fish, tilapia, steamed",8
941,"Fish, white, mixed species, NFS",8
942,"Fish, white, mixed species, baked or broiled",8
943,"Fish, white, mixed species, baked or broiled, coated",8
944,"Fish, white, mixed species, fried",12
945,"Fish, white, mixed species, steamed",8
946,"Fish, white, mixed species, grilled",8
947,Frog legs,8
948,Octopus,8
949,Caviar,8
950,"Calamari, cooked",8
951,"Calamari, fried",12
952,Turtle,8
953,"Shellfish, NFS",8
954,Abalone,8
955,"Clams, raw",60
956,"Clams, NFS",8
957,"Clams, baked or broiled",8
958,"Clams, fried",12
959,"Clams, steamed or boiled",8
960,"Clams, canned",8
961,Crab,8
962,"Crab, canned",8
963,"Crab, soft shell",8
964,"Crayfish, fried",12
965,"Crayfish, cooked",8
966,Lobster,8
967,Mussels,8
968,"Oysters, raw",60
969,"Oysters, baked or broiled",8
970,"Oysters, steamed",8
971,"Oysters, fried",12
972,"Oysters, canned",8
973,"Scallops, baked or broiled",8
974,"Scallops, grilled",8
975,"Scallops, steamed or boiled",8
976,"Scallops, fried",12
977,"Shrimp, NFS",8
978,"Shrimp, baked or broiled",8
979,"Shrimp, grilled",8
980,"Shrimp, steamed or boiled",8
981,"Shrimp, fried",12
982,"Shrimp, baked or broiled, coated",8
983,"Shrimp, dried",8
984,"Shrimp, canned",8
985,Escargot,8
986,"Barbecue meat, NFS",8
987,Beef with tomato-based sauce,8
988,Beef burgundy,252
989,"Guisada, beef",8
990,"Chili, NFS",24
991,"Chili with meat, from restaurant",24
992,Chili with meat and beans,24
993,"Chili with meat, canned",24
994,Chili with meat,24
995,"Sloppy joe, no bun",8
996,Beef with gravy,8
997,Salisbury steak with gravy,8
998,Beef with cream or white sauce,8
999,Beef stroganoff,8
1000,Creamed chipped or dried beef,8
1001,Swedish meatballs with cream or white sauce,8
1002,Beef with mushroom sauce,8
1003,Beef with soy-based sauce,8
1004,Steak teriyaki,8
1005,Beef curry,8
1006,Beef curry with rice,8
1007,"Barbecue beef, with sauce",8
1008,"Barbecue beef, no sauce",8
1009,Beef with sweet and sour sauce,8
1010,"Stewed seasoned ground beef, Mexican style",12
1011,Steak tartare,60
1012,"Meatballs, Puerto Rican style",8
1013,"Stewed seasoned ground beef, Puerto Rican style",12
1014,"Stewed dried beef, Puerto Rican style",12
1015,Ham or pork with gravy,8
1016,"Barbecue pork, with sauce",8
1017,"Barbecue pork, no sauce",8
1018,Sweet and sour pork,8
1019,Ham stroganoff,8
1020,Ham or pork with mushroom sauce,8
1021,Ham or pork with tomato-based sauce,8
1022,Sausage with tomato-based sauce,18
1023,Sausage gravy,18
1024,"Guisada, pork",8
1025,Pork or ham with soy-based sauce,8
1026,"Chili hot dog, no bun",24
1027,Frankfurters or hot dogs with tomato-based sauce,18
1028,Pork with chili and tomatoes,24
1029,"Stewed pork, Puerto Rican style",12
1030,Lamb or mutton with gravy,8
1031,"Stewed goat, Puerto Rican style",12
1032,Veal scallopini,8
1033,Veal Marsala,252
1034,Veal parmigiana,8
1035,Veal cordon bleu,8
1036,Venison or deer with tomato-based sauce,8
1037,Venison or deer with gravy,8
1038,Chicken or turkey cacciatore,8
1039,Spaghetti sauce with poultry,9
1040,Spaghetti sauce with poultry and added vegetables,9
1041,"Stewed chicken with tomato-based sauce, Mexican style",12
1042,Chili with chicken and beans,24
1043,Chili with chicken,24
1044,"Chili, white",24
1045,Chicken with gravy,8
1046,Chicken or turkey fricassee,8
1047,Turkey with gravy,8
1048,Chicken or turkey with cream sauce,8
1049,Chicken or turkey with mushroom sauce,8
1050,Chicken or turkey with teriyaki,8
1051,Barbecue chicken,8
1052,Sweet and sour chicken or turkey,8
1053,"Sweet and sour chicken or turkey, without vegetables",8
1054,Chicken curry,8
1055,Chicken curry with rice,8
1056,Chicken with mole sauce,8
1057,Chicken or turkey with cheese sauce,8
1058,Chicken or turkey cordon bleu,8
1059,Chicken or turkey parmigiana,8
1060,Orange chicken,8
1061,Sesame chicken,8
1062,Chicken kiev,8
1063,"Stuffed chicken, drumstick or breast, Puerto Rican style",8
1064,"Fish with cream or white sauce, not tuna or lobster",8
1065,Fish timbale or mousse,8
1066,Shrimp cocktail,252
1067,Tuna with cream or white sauce,8
1068,Seafood thermidor,8
1069,Seafood sauce,8
1070,Spaghetti sauce with seafood,9
1071,Spaghetti sauce with seafood and added vegetables,9
1072,Shrimp with lobster sauce,8
1073,Sweet and sour shrimp,8
1074,Fish sauce,8
1075,Shrimp scampi,8
1076,Fish with tomato-based sauce,8
1077,Fish curry,8
1078,Fish curry with rice,8
1079,Shrimp teriyaki,8
1080,Ceviche,60
1081,"Crabs in tomato-based sauce, Puerto Rican style",8
1082,"Shrimp in garlic sauce, Puerto Rican style",8
1083,"Stew, fish",12
1084,"Meatballs, NS as to type of meat, with sauce",8
1085,"Meat loaf, Puerto Rican style",8
1086,Meat with tomato-based sauce,8
1087,Spaghetti sauce with meat,9
1088,Spaghetti sauce with meat and added vegetables,9
1089,"Stewed, seasoned, ground beef and pork, Mexican style",12
1090,"Meat with gravy, NS as to type of meat,",8
1091,"Beef and potatoes, no sauce",8
1092,"Beef and potatoes with cream sauce, white sauce or mushroom sauce",8
1093,"Beef, roast, hash",8
1094,Corned beef hash,8
1095,Beef and potatoes with cheese sauce,8
1096,"Stewed, seasoned, ground beef with potatoes, Mexican style",12
1097,"Beef and noodles, no sauce",9
1098,Beef and macaroni with cheese sauce,9
1099,Beef and noodles with tomato-based sauce,9
1100,Chili with macaroni,24
1101,Beef and noodles with gravy,9
1102,Beef and noodles with cream or white sauce,9
1103,Beef stroganoff with noodles,9
1104,Beef and noodles with mushroom sauce,9
1105,Beef and noodles with soy-based sauce,9
1106,"Beef and rice, no sauce",8
1107,Biryani with meat,8
1108,Beef and rice with tomato-based sauce,8
1109,Porcupine balls with tomato-based sauce,8
1110,Beef and rice with gravy,8
1111,Beef and rice with cream sauce,8
1112,Beef and rice with mushroom sauce,8
1113,Porcupine balls with mushroom sauce,8
1114,Beef and rice with soy-based sauce,8
1115,Beef and rice with cheese sauce,8
1116,Meat loaf made with beef,8
1117,"Meat loaf made with beef, with tomato-based sauce",8
1118,Beef wellington,8
1119,Corned beef patty,8
1120,"Beef stew with potatoes, Puerto Rican style",12
1121,Meat loaf made with ham,8
1122,Ham and noodles with cream or white sauce,9
1123,Ham and rice with mushroom sauce,8
1124,Ham or pork with stuffing,8
1125,Ham croquette,8
1126,Pork and rice with tomato-based sauce,8
1127,Sausage and rice with tomato-based sauce,18
1128,Sausage and rice with mushroom sauce,18
1129,Sausage and rice with cheese sauce,18
1130,Sausage and noodles with cream or white sauce,18
1131,"Ham and noodles, no sauce",9
1132,"Ham or pork and rice, no sauce",8
1133,Ham or pork and potatoes with gravy,8
1134,Ham or pork and potatoes with cheese sauce,8
1135,"Stewed pig's feet, Puerto Rican style",12
1136,"Stew, pork",12
1137,"Stew, pork, with pasta",12
1138,Lamb or mutton loaf,8
1139,Lamb or mutton and potatoes with gravy,8
1140,Lamb or mutton and potatoes with tomato-based sauce,8
1141,Lamb or mutton and noodles with gravy,9
1142,Meat loaf made with venison/deer,8
1143,Venison or deer and noodles with cream or white sauce,9
1144,Chicken or turkey hash,8
1145,Chicken or turkey and potatoes with gravy,8
1146,"Chicken or turkey and noodles, no sauce",9
1147,Chicken or turkey and noodles with gravy,9
1148,Chicken or turkey and noodles with mushroom sauce,9
1149,Chicken or turkey and noodles with cream or white sauce,9
1150,Chicken or turkey and noodles with cheese sauce,9
1151,Chicken or turkey tetrazzini,9
1152,Chicken or turkey and noodles with tomato-based sauce,9
1153,Chicken or turkey and noodles with soy-based sauce,9
1154,"Chicken or turkey and rice, no sauce",8
1155,Biryani with chicken,8
1156,Chicken or turkey and rice with cream sauce,8
1157,Chicken or turkey and rice with mushroom sauce,8
1158,Chicken or turkey and rice with tomato-based sauce,8
1159,Chicken or turkey and rice with soy-based sauce,8
1160,Chicken or turkey with dumplings,8
1161,Chicken or turkey with stuffing,8
1162,"Chicken or turkey cake, patty, or croquette",12
1163,Chicken or turkey souffle,8
1164,Meat loaf made with chicken or turkey,8
1165,"Meat loaf made with chicken or turkey, with tomato-based sauce",8
1166,"Crab, cake",12
1167,"Fish, cake or patty",12
1168,Gefilte fish,8
1169,"Fish, salmon cake or patty",12
1170,"Shrimp and noodles, no sauce",9
1171,Shrimp and noodles with gravy,9
1172,Shrimp and noodles with mushroom sauce,9
1173,Shrimp and noodles with cream or white sauce,9
1174,Shrimp and noodles with soy-based sauce,9
1175,Shrimp and noodles with cheese sauce,9
1176,Shrimp and noodles with tomato sauce,9
1177,Tuna cake or patty,12
1178,Clam cake or patty,12
1179,Flounder with crab stuffing,8
1180,"Lobster with bread stuffing, baked",9
1181,Clams Casino,8
1182,"Shrimp, cake or patty",12
1183,Shrimp with crab stuffing,8
1184,Shrimp toast,10
1185,Imitation crab meat,8
1186,Seafood souffle,8
1187,Tuna noodle casserole with cream or white sauce,12
1188,Tuna noodle casserole with mushroom sauce,12
1189,Tuna and rice with mushroom sauce,12
1190,Fish and rice with tomato-based sauce,8
1191,Fish and rice with cream sauce,8
1192,Fish and rice with mushroom sauce,8
1193,Fish and noodles with mushroom sauce,9
1194,Shellfish and noodles with tomato-based sauce,9
1195,"Stewed salmon, Puerto Rican style",12
1196,"Meat loaf, NS as to type of meat",8
1197,"Meatballs, with breading, NS as to type of meat, with gravy",9
1198,Meat loaf made with beef and pork,8
1199,"Meat loaf made with beef, veal and pork",8
1200,"Meat loaf made with beef and pork, with tomato-based sauce",8
1201,"Hash, NS as to type of meat",8
1202,"Vienna sausages stewed with potatoes, Puerto Rican style",18
1203,"Stewed, seasoned, ground beef and pork with potatoes, Mexican style",12
1204,"Beef, potatoes, and vegetables including carrots, broccoli, and/or dark-green leafy; no sauce",8
1205,"Beef, potatoes, and vegetables, excluding carrots, broccoli, and dark-green leafy; no sauce",8
1206,"Corned beef, potatoes, and vegetables including carrots, broccoli, and/or dark-green leafy; no sauce",8
1207,"Corned beef, potatoes, and vegetables excluding carrots, broccoli, and dark-green leafy; no sauce",8
1208,"Stew, beef, canned",12
1209,"Stew, beef",12
1210,"Stew, beef, with pasta",12
1211,Shepherd's pie,12
1212,"Beef, potatoes, and vegetables including carrots, broccoli, and/or dark-green leafy; gravy",8
1213,"Beef, potatoes, and vegetables excluding carrots, broccoli, and dark-green leafy; gravy",8
1214,"Beef, potatoes, and vegetables including carrots, broccoli, and/or dark-green leafy; cream sauce, white sauce, or mushroom sauce",8
1215,"Beef, potatoes, and vegetables excluding carrots, broccoli, and dark-green leafy; cream sauce, white sauce, or mushroom sauce",8
1216,"Beef, potatoes, and vegetables including carrots, broccoli, and/or dark-green leafy; tomato-based sauce",8
1217,"Beef, potatoes, and vegetables excluding carrots, broccoli, and dark-green leafy; tomato-based sauce",8
1218,"Beef, potatoes, and vegetables including carrots, broccoli, and/or dark-green leafy; cheese sauce",8
1219,"Beef, potatoes, and vegetables excluding carrots, broccoli, and dark-green leafy; cheese sauce",8
1220,"Beef, potatoes, and vegetables including carrots, broccoli, and/or dark-green leafy; soy-based sauce",8
1221,"Beef, potatoes, and vegetables excluding carrots, broccoli, and dark-green leafy; soy-based sauce",8
1222,"Beef, noodles, and vegetables including carrots, broccoli, and/or dark-green leafy; no sauce",9
1223,"Beef, noodles, and vegetables excluding carrots, broccoli, and dark-green leafy; no sauce",9
1224,Beef chow mein or chop suey with noodles,9
1225,"Beef, noodles, and vegetables including carrots, broccoli, and/or dark-green leafy; soy-based sauce",9
1226,"Beef, noodles, and vegetables excluding carrots, broccoli, and dark-green leafy; soy-based sauce",9
1227,"Beef, noodles, and vegetables including carrots, broccoli, and/or dark-green leafy; tomato-based sauce",9
1228,"Beef, noodles, and vegetables excluding carrots, broccoli, and dark-green leafy; tomato-based sauce",9
1229,"Beef, noodles, and vegetables including carrots, broccoli, and/or dark-green leafy; mushroom sauce",9
1230,"Beef, noodles, and vegetables excluding carrots, broccoli, and dark-green leafy; mushroom sauce",9
1231,"Beef, noodles, and vegetables including carrots, broccoli, and/or dark-green leafy; gravy",9
1232,"Beef, noodles, and vegetables excluding carrots, broccoli, and dark-green leafy; gravy",9
1233,"Beef, rice, and vegetables including carrots, broccoli, and/or dark-green leafy; no sauce",8
1234,"Beef, rice, and vegetables excluding carrots, broccoli, and dark-green leafy; no sauce",8
1235,"Beef, rice, and vegetables including carrots, broccoli, and/or dark-green leafy; tomato-based sauce",8
1236,"Beef, rice, and vegetables excluding carrots, broccoli, and/or dark-green leafy; tomato-based sauce",8
1237,Stuffed cabbage rolls with beef and rice,8
1238,Stuffed grape leaves with beef and rice,8
1239,"Beef, rice, and vegetables including carrots, broccoli, and/or dark-green leafy; mushroom sauce",8
1240,"Beef, rice, and vegetables excluding carrots, broccoli, and dark-green leafy; mushroom sauce",8
1241,"Beef, rice, and vegetables including carrots, broccoli, and/or dark-green leafy; cheese sauce",8
1242,"Beef, rice, and vegetables excluding carrots, broccoli, and dark-green leafy; cheese sauce",8
1243,"Beef, rice, and vegetables including carrots, broccoli, and/or dark-green leafy; gravy",8
1244,"Beef, rice, and vegetables excluding carrots, broccoli, and dark-green leafy; gravy",8
1245,"Beef, rice, and vegetables including carrots, broccoli, and/or dark-green leafy; soy-based sauce",8
1246,"Beef, rice, and vegetables excluding carrots, broccoli, and dark-green leafy; soy-based sauce",8
1247,"Pot pie, beef",12
1248,"Beef, dumplings, and vegetables including carrots, broccoli, and/or dark-green leafy; gravy",8
1249,"Beef, dumplings, and vegetables excluding carrots, broccoli, and dark-green leafy; gravy",8
1250,"Stuffed green pepper, Puerto Rican style",8
1251,"Ham or pork, noodles and vegetables excluding carrots, broccoli, and dark-green leafy; no sauce",9
1252,"Ham or pork, noodles, and vegetables including carrots, broccoli, and/or dark-green leafy; no sauce",9
1253,"Ham or pork, noodles and vegetables excluding carrots, broccoli, and dark-green leafy; cheese sauce",9
1254,"Pork, potatoes, and vegetables including carrots, broccoli, and/or dark-green leafy; no sauce",8
1255,"Ham or pork, noodles, and vegetables including carrots, broccoli, and/or dark-green leafy; tomato-based sauce",9
1256,"Sausage, noodles, and vegetables excluding carrots, broccoli, and dark-green leafy; tomato-based sauce",18
1257,"Sausage, noodles, and vegetables including carrots, broccoli, and/or dark-green leafy; tomato-based sauce",18
1258,"Pork, potatoes, and vegetables including carrots, broccoli, and/or dark-green leafy; tomato-based sauce",8
1259,"Pork, potatoes, and vegetables excluding carrots, broccoli, and dark-green leafy; tomato-based sauce",8
1260,"Sausage, potatoes, and vegetables including carrots, broccoli, and/or dark-green leafy; gravy",18
1261,"Sausage, potatoes, and vegetables excluding carrots, broccoli, and dark-green leafy; gravy",18
1262,"Pork, potatoes, and vegetables including carrots, broccoli, and/or dark-green leafy; gravy",8
1263,"Pork, potatoes, and vegetables excluding carrots, broccoli, and dark-green leafy; gravy",8
1264,"Pork, potatoes, and vegetables excluding carrots, broccoli, and dark-green leafy; no sauce",8
1265,Pork chow mein or chop suey with noodles,9
1266,"Pork, rice, and vegetables including carrots, broccoli, and/or dark-green leafy; soy-based sauce",8
1267,"Pork, rice, and vegetables excluding carrots, broccoli, and dark-green leafy; soy-based sauce",8
1268,"Pork, rice, and vegetables including carrots, broccoli, and/or dark-green leafy; tomato-based sauce",8
1269,"Pork, rice, and vegetables excluding carrots, broccoli, and dark-green leafy; tomato-based sauce",8
1270,"Ham, potatoes, and vegetables excluding carrots, broccoli, and dark-green leafy; no sauce",8
1271,"Ham, potatoes, and vegetables including carrots, broccoli, and/or dark-green leafy; no sauce",8
1272,Sweet and sour pork with rice,8
1273,"Lamb or mutton, rice, and vegetables excluding carrots, broccoli, and dark-green leafy; gravy",8
1274,"Lamb or mutton, rice, and vegetables including carrots, broccoli, and/or dark-green leafy; tomato-based sauce",8
1275,"Lamb or mutton, rice, and vegetables  including carrots, broccoli, and/or dark-green leafy; gravy",8
1276,Stuffed grape leaves with lamb and rice,8
1277,"Stew, lamb",12
1278,"Stewed rabbit, Puerto Rican style,",12
1279,"Venison or deer, potatoes, and vegetables including carrots, broccoli, and/or dark-green leafy; gravy",8
1280,"Venison or deer, potatoes, and vegetables excluding carrots, broccoli, and dark-green leafy; gravy",8
1281,"Venison or deer, noodles, and vegetables including carrots, broccoli, and/or dark-green leafy; tomato-based sauce",9
1282,"Venison or deer, noodles, and vegetables excluding carrots, broccoli, and dark-green leafy; tomato-based sauce",9
1283,"Chicken or turkey, potatoes, corn, and cheese, with gravy",8
1284,"Chicken or turkey, potatoes, and vegetables including carrots, broccoli, and/or dark-green leafy; no sauce",8
1285,"Chicken or turkey, potatoes, and vegetables excluding carrots, broccoli, and dark-green leafy; no sauce",8
1286,"Chicken or turkey, potatoes, and vegetables including carrots, broccoli, and/or dark-green leafy; gravy",8
1287,"Chicken or turkey, potatoes, and vegetables excluding carrots, broccoli, and dark-green leafy; gravy",8
1288,"Chicken or turkey, potatoes, and vegetables including carrots, broccoli, and/or dark-green leafy; cream sauce, white sauce, or mushroom sauce",8
1289,"Chicken or turkey, potatoes, and vegetables excluding carrots, broccoli, and dark-green leafy; cream sauce, white sauce, or mushroom sauce",8
1290,"Chicken or turkey, potatoes, and vegetables including carrots, broccoli, and/or dark-green leafy; cheese sauce",8
1291,"Chicken or turkey, potatoes, and vegetables excluding carrots, broccoli, and dark-green leafy; cheese sauce",8
1292,"Chicken or turkey, potatoes, and vegetables including carrots, broccoli, and/or dark-green leafy; tomato-based sauce",8
1293,"Chicken or turkey, potatoes, and vegetables excluding carrots, broccoli, and dark-green leafy; tomato-based sauce",8
1294,"Stew, chicken, with pasta",12
1295,"Stew, chicken",12
1296,"Chicken or turkey, noodles, and vegetables including carrots, broccoli, and/or dark-green leafy; no sauce",9
1297,"Chicken or turkey, noodles, and vegetables excluding carrots, broccoli, and dark-green leafy; no sauce",9
1298,"Chicken or turkey, noodles, and vegetables including carrots, broccoli, and/or dark-green leafy; gravy",9
1299,"Chicken or turkey, noodles, and vegetables excluding carrots, broccoli, and dark-green leafy; gravy",9
1300,"Chicken or turkey, noodles, and vegetables including carrots, broccoli, and/or dark-green leafy; cream sauce, white sauce, or mushroom sauce",9
1301,"Chicken or turkey, noodles, and vegetables excluding carrots, broccoli, and/or dark-green leafy; cream sauce, white sauce, or mushroom sauce",9
1302,"Chicken or turkey, noodles, and vegetables including carrots, broccoli, and/or dark-green leafy; tomato-based sauce",9
1303,"Chicken or turkey, noodles, and vegetables excluding carrots, broccoli, and dark-green leafy; tomato-based sauce",9
1304,Chicken or turkey chow mein or chop suey with noodles,9
1305,"Chicken or turkey, noodles, and vegetables including carrots, broccoli, and/or dark-green leafy; cheese sauce",9
1306,"Chicken or turkey, noodles, and vegetables excluding carrots, broccoli, and dark-green leafy; cheese sauce",9
1307,"Chicken or turkey, rice, and vegetables including carrots, broccoli, and/or dark-green leafy; no sauce",8
1308,"Chicken or turkey, rice, and vegetables excluding carrots, broccoli, and dark-green leafy; no sauce",8
1309,"Chicken or turkey, rice, and vegetables including carrots, broccoli, and/or dark-green leafy; gravy",8
1310,"Chicken or turkey, rice, and vegetables excluding carrots, broccoli, and dark-green leafy; gravy",8
1311,"Chicken or turkey, rice, corn, and cheese, with gravy",8
1312,"Chicken or turkey, rice, and vegetables including carrots, broccoli, and/or dark-green leafy; soy-based sauce",8
1313,"Chicken or turkey, rice, and vegetables excluding carrots, broccoli, and dark-green leafy; soy-based sauce",8
1314,"Chicken or turkey, rice, and vegetables including carrots, broccoli, and/or dark-green leafy; cream sauce, white sauce, or mushroom sauce",8
1315,"Chicken or turkey, rice, and vegetables excluding carrots, broccoli, and dark-green leafy; cream sauce, white sauce, or mushroom sauce",8
1316,"Chicken or turkey, rice, and vegetables including carrots, broccoli, and/or dark-green leafy; cheese sauce",8
1317,"Chicken or turkey, rice, and vegetables excluding carrots, broccoli, and dark-green leafy; cheese sauce",8
1318,"Chicken or turkey, rice, and vegetables including carrots, broccoli, and/or dark-green leafy; tomato-based sauce",8
1319,"Chicken or turkey, rice, and vegetables excluding carrots, broccoli, and dark-green leafy; tomato-based sauce",8
1320,"Pot pie, chicken",12
1321,"Chicken or turkey, stuffing, and vegetables including carrots, broccoli, and/or dark-green leafy; no sauce",8
1322,"Chicken or turkey,stuffing, and vegetables excluding carrots, broccoli, and dark green leafy; no sauce",8
1323,"Chicken or turkey, stuffing, and vegetables including carrots, broccoli, and/or dark-green leafy; gravy",8
1324,"Chicken or turkey, stuffing, and vegetables excluding carrots, broccoli, and dark-green leafy; gravy",8
1325,"Chicken or turkey, dumplings, and vegetables including carrots, broccoli, and/or dark green leafy; gravy",8
1326,"Chicken or turkey, dumplings, and vegetables excluding carrots, broccoli, and dark green leafy; gravy",8
1327,"Chicken fricassee, Puerto Rican style",8
1328,Paella with seafood,8
1329,Shrimp chow mein or chop suey with noodles,9
1330,"Shrimp creole, with rice",8
1331,"Tuna noodle casserole with vegetables, cream or white sauce",12
1332,"Fish, noodles, and vegetables including carrots, broccoli, and/or dark green leafy; cheese sauce",9
1333,"Fish, noodles, and vegetables excluding carrots, broccoli, and dark-green leafy; cheese sauce",9
1334,"Soup, bouillabaisse",8
1335,Tuna noodle casserole with vegetables and mushroom sauce,12
1336,"Codfish with starchy vegetables, Puerto Rican style",8
1337,"Biscayne codfish, Puerto Rican style",8
1338,"Stew, NFS",12
1339,"Chow mein or chop suey, NS as to type of meat, with noodles",9
1340,"Paella, NFS",8
1341,"Chow mein or chop suey, various types of meat, with noodles",9
1342,"Stewed tripe, with potatoes, Puerto Rican style",12
1343,Gumbo with rice,8
1344,Jambalaya with meat and rice,8
1345,"Beef and vegetables including carrots, broccoli, and/or dark-green leafy; no potatoes, no sauce",8
1346,"Beef and vegetables excluding carrots, broccoli, and dark-green leafy; no potatoes, no sauce",8
1347,"Beef shish kabob with vegetables, excluding potatoes",8
1348,"Beef with vegetables including carrots, broccoli, and/or dark-green leafy; no potatoes, tomato-based sauce",8
1349,Swiss steak,8
1350,"Beef rolls, stuffed with vegetables or meat mixture, tomato-based sauce",8
1351,"Beef with vegetables excluding carrots, broccoli, and dark-green leafy; no potatoes, tomato-based sauce",8
1352,"Beef with vegetables including carrots, broccoli, and/or dark-green leafy; no potatoes, mushroom sauce",8
1353,"Beef with vegetables excluding carrots, broccoli, and dark-green leafy; no potatoes, mushroom sauce",8
1354,"Beef and vegetables including carrots, broccoli, and/or dark-green leafy; no potatoes, soy-based sauce",8
1355,Beef and broccoli,8
1356,"Beef, tofu, and vegetables including carrots, broccoli, and/or dark-green leafy; no potatoes, soy-based sauce",8
1357,Szechuan beef,24
1358,Hunan beef,8
1359,"Beef chow mein or chop suey, no noodles",8
1360,Kung Pao beef,8
1361,"Beef and vegetables excluding carrots, broccoli, and dark-green leafy; no potatoes, soy-based sauce",8
1362,"Beef, tofu, and vegetables excluding carrots, broccoli,  and dark-green leafy; no potatoes, soy-based sauce",8
1363,"Beef and vegetables, Hawaiian style",8
1364,Pepper steak,8
1365,"Beef, ground, with egg and onion",8
1366,Beef salad,8
1367,"Beef taco filling: beef, cheese, tomato, taco sauce",8
1368,Stir fried beef and vegetables in soy sauce,12
1369,"Beef and vegetables including carrots, broccoli, and/or dark-green leafy; no potatoes, gravy",8
1370,"Beef and vegetables excluding carrots, broccoli, and dark-green leafy; no potatoes, gravy",8
1371,"Beef steak with onions, Puerto Rican style",8
1372,Cabbage with ham hocks,8
1373,Ham or pork salad,8
1374,Frankfurters or hot dogs and sauerkraut,18
1375,"Pork and vegetables including carrots, broccoli, and/or dark-green leafy; no potatoes, no sauce",8
1376,Greens with ham or pork,8
1377,"Pork, tofu, and vegetables including carrots, broccoli, and/or dark-green leafy; no potatoes, soy-base sauce",8
1378,"Pork and vegetables, Hawaiian style",8
1379,Pork and watercress with soy-based sauce,8
1380,Kung Pao pork,8
1381,"Moo Shu pork, without Chinese pancake",8
1382,Pork and onions with soy-based sauce,8
1383,Pork hash,8
1384,"Ham and vegetables including carrots broccoli, and/or dark- green leafy; no potatoes, no sauce",8
1385,"Ham and vegetables excluding carrots, broccoli, and dark-green leafy; no potatoes, no sauce",8
1386,"Pork and vegetables excluding carrots, broccoli, and dark-green leafy; no potatoes, no sauce",8
1387,"Pork, tofu, and vegetables, excluding carrots, broccoli, and dark-green leafy; no potatoes, soy-based sauce",8
1388,"Pork chow mein or chop suey, no noodles",8
1389,"Pork and vegetables including carrots, broccoli, and/or dark-green leafy; no potatoes, tomato-based sauce",8
1390,"Pork and vegetables excluding  carrots, broccoli, and dark-green leafy; no potatoes, tomato-based sauce",8
1391,"Sausage and vegetables including  carrots, broccoli, and/or dark-green leafy; no potatoes, tomato-based sauce",18
1392,"Sausage and vegetables, excluding carrots, broccoli, and dark-green leafy; no potatoes, tomato-based sauce",18
1393,"Sausage and peppers, no sauce",18
1394,"Pork and vegetables including carrots, broccoli, and/or dark-green leafy; no potatoes, soy-based sauce",8
1395,"Pork and vegetables excluding carrots, broccoli, and dark- green leafy; no potatoes, soy-based sauce",8
1396,"Pork shish kabob with vegetables, excluding potatoes",8
1397,"Lamb shish kabob with vegetables, excluding potatoes",8
1398,"Chicken or turkey and vegetables including carrots, broccoli, and/or dark-green leafy; no potatoes, no sauce",8
1399,"Chicken or turkey and vegetables excluding carrots, broccoli, and dark-green leafy; no potatoes, no sauce",8
1400,"Chicken or turkey shish kabob with vegetables, excluding potatoes",8
1401,"Chicken or turkey creole, without rice",8
1402,"Chicken or turkey and vegetables including carrots, broccoli, and/or dark-green leafy; no potatoes, gravy",8
1403,"Chicken or turkey and vegetables excluding carrots, broccoli, and dark-green leafy; no potatoes, gravy",8
1404,"Chicken or turkey a la king with vegetables including carrots, broccoli, and/or dark-green leafy; no potatoes, cream, white, or soup-based sauce",8
1405,"Chicken or turkey a la king with vegetables excluding carrorts, broccoli, and dark-green leafy; no potatoes, cream, white, or soup-based sauce",8
1406,Chicken or turkey divan,8
1407,"Chicken or turkey and vegetables including carrots, broccoli, and/or dark-green leafy; no potatoes, soy-based sauce",8
1408,"Chicken or turkey and vegetables excluding carrots, broccoli, and dark-green leafy; no potatoes, soy-based sauce",8
1409,"Chicken or turkey and vegetables including carrots, broccoli, and/or dark-green leafy; no potatoes, tomato-based sauce",8
1410,"Chicken or turkey and vegetables excluding carrots, broccoli, and dark-green leafy; no potatoes, tomato-based sauce",8
1411,General Tso chicken,8
1412,Moo Goo Gai Pan,8
1413,Kung pao chicken,8
1414,Almond chicken,48
1415,"Chicken or turkey chow mein or chop suey, no noodles",8
1416,"Chicken or turkey salad, made with mayonnaise",8
1417,Chicken or turkey salad with nuts and/or fruits,48
1418,Chicken or turkey salad with egg,8
1419,"Chicken or turkey salad, made with light mayonnaise",8
1420,"Chicken or turkey salad, made with mayonnaise-type salad dressing",8
1421,"Chicken or turkey salad, made with light mayonnaise-type salad dressing",8
1422,"Chicken or turkey salad, made with creamy dressing",8
1423,"Chicken or turkey salad, made with light creamy dressing",8
1424,"Chicken or turkey salad, made with Italian dressing",8
1425,"Chicken or turkey salad, made with light Italian dressing",8
1426,"Chicken or turkey salad, made with any type of fat free dressing",8
1427,"Chicken or turkey garden salad, chicken and/or turkey, tomato and/or carrots, other vegetables, no dressing",8
1428,"Chicken or turkey garden salad, chicken and/or turkey, other vegetables excluding tomato and carrots, no dressing",8
1429,"Chicken or turkey garden salad with bacon and cheese, chicken and/or turkey, bacon, cheese, lettuce and/or greens, tomato and/or carrots, other vegetables, no dressing",8
1430,"Chicken or turkey, breaded, fried, garden salad with bacon and cheese, chicken and/or turkey, bacon, cheese, lettuce and/or greens, tomato and/or carrots, other vegetables, no dressing",12
1431,"Chicken or turkey garden salad with cheese, chicken and/or turkey, cheese, lettuce and/or greens, tomato and/or carrots, other vegetables, no dressing",8
1432,"Chicken or turkey, breaded, fried, garden salad with cheese, chicken and/or turkey, cheese, lettuce and/or greens, tomato and/or carrots, other vegetables, no dressing",12
1433,"Asian chicken or turkey garden salad, chicken and/or turkey, lettuce, fruit, nuts, no dressing",48
1434,"Asian chicken or turkey garden salad with crispy noodles, chicken and/or turkey, lettuce, fruit, nuts, crispy noodles, no dressing",48
1435,"Chicken or turkey caesar garden salad, chicken and/or turkey, lettuce, tomato, cheese, no dressing",8
1436,"Chicken or turkey, breaded, fried, caesar garden salad, chicken and/or turkey, lettuce, tomatoes, cheese, no dressing",12
1437,"Chicken or turkey and vegetables including carrots, broccoli, and/or dark-green leafy; no potatoes, cheese sauce",8
1438,"Chicken or turkey and vegetables excluding carrots, broccoli, and dark-green leafy; no potatoes, cheese sauce",8
1439,"Chicken or turkey fricassee, with sauce, no potatoes, potatoes reported separately, Puerto Rican style",8
1440,"Chicken or turkey fricassee, no sauce, no potatoes, Puerto Rican style",8
1441,Crab salad,8
1442,Lobster salad,8
1443,Salmon salad,8
1444,"Shrimp chow mein or chop suey, no noodles",8
1445,"Tuna salad, made with mayonnaise",8
1446,"Tuna salad, made with light mayonnaise",8
1447,"Tuna salad, made with mayonnaise-type salad dressing",8
1448,"Tuna salad, made with light mayonnaise-type salad dressing",8
1449,"Tuna salad, made with creamy dressing",8
1450,"Tuna salad, made with light creamy dressing",8
1451,"Tuna salad, made with Italian dressing",8
1452,"Tuna salad, made with light Italian dressing",8
1453,"Tuna salad, made with any type of fat free dressing",8
1454,Shrimp salad,8
1455,Seafood salad,8
1456,Tuna salad with cheese,8
1457,Tuna salad with egg,8
1458,"Shrimp garden salad, shrimp, lettuce, eggs, tomato and/or carrots, other vegetables, no dressing",8
1459,"Shrimp garden salad, shrimp, lettuce, eggs, vegetables excluding tomato and carrots, no dressing",8
1460,Crab salad made with imitation crab,8
1461,"Fish, tofu, and vegetables, tempura",12
1462,"Seafood garden salad with seafood, lettuce, vegetables excluding tomato and carrots, no dressing",8
1463,"Seafood garden salad with seafood, lettuce, tomato and/or carrots, other vegetables, no dressing",8
1464,"Seafood garden salad with seafood, lettuce, eggs, vegetables excluding tomato and carrots, no dressing",8
1465,"Seafood garden salad with seafood, lettuce, eggs, tomato and/or carrots, other vegetables, no dressing",8
1466,Oysters Rockefeller,8
1467,Lomi salmon,8
1468,"Shrimp and vegetables including carrots, broccoli, and/or dark-green leafy; no potatoes, no sauce",8
1469,"Shrimp and vegetables excluding carrots, broccoli, and dark-green leafy; no potatoes, no sauce",8
1470,"Shrimp and vegetables including carrots, broccoli, and/or dark-green leafy; no potatoes, soy-based sauce",8
1471,"Shrimp and vegetables excluding carrots, broccoli, and dark-green leafy; no potatoes, soy-based sauce",8
1472,"Shrimp shish kabob with vegetables, excluding potatoes",8
1473,"Shrimp creole, no rice",8
1474,Kung Pao shrimp,8
1475,"Tuna casserole with vegetables and mushroom sauce, no noodles",12
1476,"Shellfish mixture and vegetables including carrots, broccoli, and/or dark-green leafy; no potatoes, soy-based sauce",8
1477,"Shellfish mixture and vegetables excluding carrots, broccoli, and dark-green leafy; no potatoes, soy-based sauce",8
1478,"Shellfish mixture and vegetables including carrots, broccoli, and/or dark-green leafy; no potatoes, mushroom sauce",8
1479,"Shellfish mixture and vegetables excluding carrots, broccoli, and dark-green leafy; no potatoes, mushroom sauce",8
1480,"Fish and vegetables including carrots, broccoli, and/or dark-green leafy; no potatoes, tomato-based sauce",8
1481,"Fish and vegetables excluding carrots, broccoli, and dark- green leafy; no potatoes, tomato-based sauce",8
1482,"Fish and vegetables including carrots, broccoli, and/or dark-green leafy; no potatoes, soy-based sauce",8
1483,"Fish and vegetables excluding  carrots, broccoli, and dark-green leafy; no potatoes, soy-based sauce",8
1484,"Fish shish kabob with vegetables, excluding potatoes",8
1485,"Fried fish with sauce, Puerto Rican style",12
1486,"Lobster with sauce, Puerto Rican style",8
1487,"Octopus salad, Puerto Rican style",8
1488,"Codfish salad, Puerto Rican style, Serenata",8
1489,"Chow mein or chop suey, NS as to type of meat, no noodles",8
1490,Lau lau,8
1491,"Antipasto with ham, fish, cheese, vegetables",8
1492,"Livers, chicken, chopped, with eggs and onion",8
1493,"Liver, beef or calves, and onions",8
1494,"Stewed chitterlings, Puerto Rican style",12
1495,"Stewed gizzards, Puerto Rican style",12
1496,"Gumbo, no rice",8
1497,"Sandwich, NFS",9
1498,"Sandwich wrap, NFS",9
1499,"Barbecue sandwich, NFS",9
1500,"Sloppy joe sandwich, on white bun",9
1501,"Sloppy joe sandwich, on wheat bun",9
1502,"Barbecue beef sandwich, on white bun",9
1503,"Barbecue beef sandwich, on wheat bun",9
1504,"Cheeseburger slider, from fast food",9
1505,"Cheeseburger, NFS",9
1506,"Cheeseburger, from fast food, 1 small patty",9
1507,Cheeseburger (Burger King),9
1508,Whopper Jr with cheese (Burger King),9
1509,Cheeseburger (McDonalds),9
1510,"Cheeseburger, from school cafeteria",9
1511,Cheeseburger slider,9
1512,"Cheeseburger, on white bun, 1 small patty",9
1513,"Cheeseburger, on wheat bun, 1 small patty",9
1514,"Cheeseburger, from fast food, 1 medium patty",9
1515,Quarter Pounder (McDonalds),9
1516,Whopper with cheese (Burger King),9
1517,Quarter Pounder with cheese (McDonalds),9
1518,"Cheeseburger, on white bun, 1 medium patty",9
1519,"Cheeseburger, on wheat bun, 1 medium patty",9
1520,"Cheeseburger, on white bun, 1 large patty",9
1521,"Cheeseburger, on wheat bun, 1 large patty",9
1522,"Double cheeseburger, on white bun, 2 small patties",9
1523,"Double cheeseburger, on wheat bun, 2 small patties",9
1524,"Double cheeseburger, on white bun, 2 medium patties",9
1525,"Double cheeseburger, on wheat bun, 2 medium patties",9
1526,"Cheeseburger, from fast food, 1 large patty",9
1527,"Double cheeseburger, on white bun, 2 large patties",9
1528,"Double cheeseburger, on wheat bun, 2 large patties",9
1529,"Double cheeseburger, from fast food, 2 small patties",9
1530,Double cheeseburger (Burger King),9
1531,Double cheeseburger (McDonalds),9
1532,McDouble (McDonalds),9
1533,Big Mac (McDonalds),9
1534,"Double cheeseburger, from fast food, 2 medium patties",9
1535,"Double cheeseburger, from fast food, 2 large patties",9
1536,"Hamburger slider, from fast food",9
1537,"Hamburger, NFS",9
1538,"Hamburger, from fast food, 1 small patty",9
1539,Hamburger (Burger King),9
1540,Whopper Jr (Burger King),9
1541,Hamburger (McDonalds),9
1542,"Hamburger, from school cafeteria",9
1543,Hamburger slider,9
1544,"Hamburger, on white bun, 1 small patty",9
1545,"Hamburger, on wheat bun, 1 small patty",9
1546,"Hamburger, from fast food, 1 medium patty",9
1547,"Hamburger, from fast food, 1 large patty",9
1548,Whopper (Burger King),9
1549,"Hamburger, on white bun, 1 medium patty",9
1550,"Hamburger, on wheat bun, 1 medium patty",9
1551,"Hamburger, on white bun, 1 large patty",9
1552,"Hamburger, on wheat bun, 1 large patty",9
1553,"Double hamburger, on white bun, 2 small patties",9
1554,"Double hamburger, on wheat bun, 2 small patties",9
1555,"Double hamburger, on white bun, 2 medium patties",9
1556,"Double hamburger, on wheat bun, 2 medium patties",9
1557,"Double hamburger, on white bun, 2 large patties",9
1558,"Double hamburger, on wheat bun, 2 large patties",9
1559,"Double hamburger, from fast food, 2 small patties",9
1560,"Double hamburger, from fast food, 2 medium patties",9
1561,"Double hamburger, from fast food, 2 large patties",9
1562,Meatball sandwich or sub,9
1563,Meatloaf sandwich,9
1564,"Chiliburger, with or without cheese, on bun",24
1565,Corned beef sandwich on white,9
1566,"Corned beef sandwich on white, with cheese",9
1567,Corned beef sandwich on wheat,9
1568,"Corned beef sandwich on wheat, with cheese",9
1569,Reuben sandwich,9
1570,Roast beef sandwich on white,9
1571,"Roast beef sandwich on white, with cheese",9
1572,Roast beef sandwich on wheat,9
1573,"Roast beef sandwich on wheat, with cheese",9
1574,French dip sandwich,9
1575,Steak sandwich or sub on white,9
1576,Steak sandwich or sub on wheat,9
1577,Cheese steak sandwich or sub on white,9
1578,Cheese steak sandwich or sub on wheat,9
1579,Gyro sandwich,9
1580,"Hamburger wrap sandwich, from fast food",9
1581,Ham sandwich on white,9
1582,"Ham sandwich on white, with cheese",9
1583,Ham sandwich on wheat,9
1584,"Ham sandwich on wheat, with cheese",9
1585,"Ham sandwich or sub, restaurant",9
1586,"Ham sandwich or sub, with cheese, restaurant",9
1587,Ham sandwich wrap,9
1588,Ham salad sandwich on white,9
1589,Ham salad sandwich on wheat,9
1590,Cuban sandwich,9
1591,Barbecue rib sandwich,9
1592,"Barbecue pork sandwich, on white bun",9
1593,"Barbecue pork sandwich, on wheat bun",9
1594,Pork sandwich,9
1595,"Pork sandwich, with cheese",9
1596,"Bacon, lettuce, tomato sandwich on white",9
1597,"Bacon, lettuce, tomato sandwich on wheat",9
1598,Turkey sandwich on white,9
1599,"Turkey sandwich on white, with cheese",9
1600,Turkey sandwich on wheat,9
1601,"Turkey sandwich on wheat, with cheese",9
1602,"Turkey sandwich or sub, restaurant",9
1603,"Turkey sandwich or sub, with cheese, restaurant",9
1604,Turkey sandwich wrap,9
1605,"Chicken deli sandwich or sub, restaurant",18
1606,"Chicken deli sandwich or sub, with cheese, restaurant",18
1607,Chicken salad sandwich on white,9
1608,Chicken salad sandwich on wheat,9
1609,Chicken salad sandwich wrap,9
1610,Club sandwich on white,9
1611,"Club sandwich on white, with cheese",9
1612,Club sandwich on wheat,9
1613,"Club sandwich on wheat, with cheese",9
1614,"Club sandwich or sub, restaurant",9
1615,"Barbecue chicken sandwich, on white bun",9
1616,"Barbecue chicken sandwich, on wheat bun",9
1617,"Chicken fillet sandwich, NFS",9
1618,"Chicken fillet sandwich, from school cafeteria",9
1619,"Chicken fillet biscuit, from fast food",9
1620,"Chicken fillet sandwich, fried, from fast food",12
1621,"Chicken fillet sandwich, fried, from fast food, with cheese",12
1622,"Chicken fillet sandwich, grilled, from fast food",9
1623,"Chicken fillet sandwich, grilled, from fast food, with cheese",9
1624,"Chicken fillet sandwich, NS as to fried or grilled, from fast food",12
1625,"Chicken fillet sandwich, fried, on white bun",12
1626,"Chicken fillet sandwich, fried, on white bun; with cheese",12
1627,"Chicken fillet sandwich, fried, on wheat bun",12
1628,"Chicken fillet sandwich, fried, on wheat bun, with cheese",12
1629,"Chicken fillet sandwich, grilled, on white bun",9
1630,"Chicken fillet sandwich, grilled, on white bun, with cheese",9
1631,"Chicken fillet sandwich, grilled, on wheat bun",9
1632,"Chicken fillet sandwich, grilled, on wheat bun, with cheese",9
1633,"Chicken fillet wrap sandwich, fried, from fast food",12
1634,"Chicken fillet wrap sandwich, grilled, from fast food",9
1635,"Turkey or chicken burger, on white bun",9
1636,"Turkey or chicken burger, on wheat bun",9
1637,"Fish sandwich, fried, from fast food",12
1638,"Fish sandwich, fried, from fast food, with cheese",12
1639,Crab cake sandwich,12
1640,Salmon cake sandwich,12
1641,Fried seafood sandwich,12
1642,"Fish sandwich, from school cafeteria",9
1643,"Fish sandwich, NFS",9
1644,"Fish sandwich, fried, on white bun",12
1645,"Fish sandwich, fried, on white bun, with cheese",12
1646,"Fish sandwich, fried, on wheat bun",12
1647,"Fish sandwich, fried, on wheat bun, with cheese",12
1648,"Fish sandwich, grilled",9
1649,Fish wrap sandwich,9
1650,Sardine sandwich,9
1651,Tuna salad sandwich on white,9
1652,"Tuna salad sandwich on white, with cheese",9
1653,Tuna salad sandwich on wheat,9
1654,"Tuna salad sandwich on wheat, with cheese",9
1655,Tuna salad sandwich wrap,9
1656,Seafood salad sandwich,9
1657,Bologna sandwich on white,18
1658,"Bologna sandwich on white, with cheese",18
1659,Bologna sandwich on wheat,18
1660,"Bologna sandwich on wheat, with cheese",18
1661,Corn dog,18
1662,Pig in a blanket,18
1663,Salami sandwich on white,18
1664,"Salami sandwich on white, with cheese",18
1665,Salami sandwich on wheat,18
1666,"Salami sandwich on wheat, with cheese",18
1667,Italian sandwich on white,9
1668,Italian sandwich on wheat,9
1669,"Italian sandwich or sub, restaurant",9
1670,Italian sausage sandwich on white,18
1671,Italian sausage sandwich on wheat,18
1672,Spam sandwich,18
1673,"Hot dog sandwich, NFS, on white bun",18
1674,"Hot dog sandwich, NFS, on wheat bun",18
1675,"Hot dog sandwich, NFS, on white bread",18
1676,"Hot dog sandwich, NFS, on wheat bread",18
1677,"Hot dog sandwich, beef, on white bun",18
1678,"Hot dog sandwich, beef, on wheat bun",18
1679,"Hot dog sandwich, beef, on white bread",18
1680,"Hot dog sandwich, beef, on wheat bread",18
1681,"Hot dog sandwich, meat and poultry, on white bun",18
1682,"Hot dog sandwich, meat and poultry, on wheat bun",18
1683,"Hot dog sandwich, meat and poultry, on white bread",18
1684,"Hot dog sandwich, meat and poultry, on wheat bread",18
1685,"Hot dog sandwich, turkey, on white bun",18
1686,"Hot dog sandwich, turkey, on wheat bun",18
1687,"Hot dog sandwich, turkey, on white bread",18
1688,"Hot dog sandwich, turkey, on wheat bread",18
1689,"Hot dog sandwich, reduced fat, on white bun",18
1690,"Hot dog sandwich, reduced fat, on wheat bun",18
1691,"Hot dog sandwich, reduced fat, on white bread",18
1692,"Hot dog sandwich, reduced fat, on wheat bread",18
1693,"Hot dog sandwich, vegetarian, on bun",18
1694,"Hot dog sandwich, vegetarian, on bread",18
1695,"Chili hot dog sandwich, on white bun",24
1696,"Chili hot dog sandwich, on wheat bun",24
1697,"Chili hot dog sandwich, on white bread",24
1698,"Chili hot dog sandwich, on wheat bread",24
1699,Multiple meat sandwich on white,9
1700,"Multiple meat sandwich on white, with cheese",9
1701,Multiple meat sandwich on wheat,9
1702,"Multiple meat sandwich on wheat, with cheese",9
1703,"Multiple meat sandwich or sub, restaurant",9
1704,"Multiple meat sandwich or sub, with cheese, restaurant",9
1705,Multiple meat sandwich wrap,9
1706,Turkey and ham sandwich on white,9
1707,"Turkey and ham sandwich on white, with cheese",9
1708,Turkey and ham sandwich on wheat,9
1709,"Turkey and ham sandwich on wheat, with cheese",9
1710,"Turkey and ham sandwich or sub, restaurant",9
1711,"Turkey and ham sandwich or sub, with cheese, restaurant",9
1712,"Frozen dinner, NFS",12
1713,"Beef dinner, NFS, frozen meal",12
1714,"Beef with vegetable, diet frozen meal",12
1715,"Salisbury steak dinner, NFS, frozen meal",12
1716,"Salisbury steak with gravy, potatoes, vegetable, frozen meal",12
1717,"Salisbury steak with gravy, whipped potatoes, vegetable, dessert, frozen meal",12
1718,"Salisbury steak with gravy, macaroni and cheese, frozen meal",12
1719,"Beef, sliced, with gravy, potatoes, vegetable, frozen meal",12
1720,"Meatballs, Swedish, in gravy, with noodles, diet frozen meal",12
1721,"Beef with spaetzle or rice, vegetable, frozen meal",12
1722,"Chicken dinner, NFS, frozen meal",12
1723,"Chicken, fried, with potatoes, vegetable, frozen meal",12
1724,"Chicken patty, or nuggets, boneless, breaded, potatoes, vegetable, frozen meal",12
1725,"Chicken, fried, with potatoes, vegetable, dessert, frozen meal, large meat portion",12
1726,"Teriyaki chicken with rice and vegetable, diet frozen meal",12
1727,"Chicken with rice and vegetable, diet frozen meal",12
1728,"Chicken and vegetables au gratin with rice, diet frozen entree",12
1729,"Chicken and vegetable entree with rice, diet frozen meal",12
1730,"Chicken with noodles and cheese sauce, diet frozen meal",12
1731,"Chicken and vegetable entree with noodles, diet frozen meal",12
1732,"Chicken in soy-based sauce, rice and vegetables, frozen meal",12
1733,"Chicken and vegetable entree with noodles and cream sauce, frozen meal",12
1734,"Turkey with vegetable, stuffing, diet frozen meal",12
1735,"Turkey with gravy, dressing, potatoes, vegetable, frozen meal",12
1736,"Fish in lemon-butter sauce with starch item, vegetable, frozen meal",12
1737,"Shrimp and vegetables in sauce with noodles, diet frozen meal",12
1738,"Meat loaf dinner, NFS, frozen meal",12
1739,"Meat loaf with potatoes, vegetable, frozen meal",12
1740,"Soup, meatball",8
1741,"Soup, pho, with meat",8
1742,"Soup, pho, no meat",8
1743,"Soup, pepperpot",8
1744,"Soup, beef, canned",8
1745,"Soup, sopa or caldo de res",8
1746,"Soup, pozole",8
1747,"Soup, Italian wedding",8
1748,"Soup, pork or ham",8
1749,"Soup, broth",8
1750,"Soup, chicken, canned",8
1751,"Soup, chicken",8
1752,"Soup, sopa or caldo de pollo",8
1753,"Soup, hot and sour",8
1754,"Soup, cream of chicken",8
1755,"Soup, Manhattan clam chowder",8
1756,"Soup, New England clam chowder",8
1757,"Soup, bisque",8
1758,Lobster gumbo,8
1759,Shrimp gumbo,8
1760,"Soup, fish or shrimp",8
1761,"Gravy, poultry",8
1762,"Gravy, beef",8
1763,"Gravy, beef, fat free",8
1764,"Gravy, poultry, fat free",8
1765,"Gravy, made with soy sauce",8
1766,"Gravy, NFS",8
1767,Oyster sauce,8
1768,Mole sauce,8
1769,"Egg, whole, raw",60
1770,"Egg, whole, cooked, NS as to cooking method",8
1771,"Egg, whole, boiled or poached",8
1772,"Egg, whole, fried, NS as to fat",12
1773,"Egg, whole, fried no added fat",12
1774,"Egg, whole, fried with margarine",12
1775,"Egg, whole, fried with oil",12
1776,"Egg, whole, fried with butter",12
1777,"Egg, whole, fried with animal fat or meat drippings",12
1778,"Egg, whole, fried with cooking spray",12
1779,"Egg, whole, fried, NS as to fat type",12
1780,"Egg, whole, fried, from fast food / restaurant",12
1781,"Egg, whole, baked, NS as to fat",8
1782,"Egg, whole, baked, no added fat",8
1783,"Egg, whole, baked, fat added",8
1784,"Egg, whole, pickled",8
1785,"Egg, white only, raw",60
1786,"Egg, white, cooked, NS as to fat",8
1787,"Egg, white, cooked, no added fat",8
1788,"Egg, white, cooked, fat added",8
1789,"Egg, yolk only, raw",60
1790,"Egg, yolk only, cooked, NS as to fat",8
1791,"Egg, yolk only, cooked, no added fat",8
1792,"Egg, yolk only, cooked, fat added",8
1793,"Duck egg, cooked",8
1794,"Goose egg, cooked",8
1795,"Quail egg, canned",8
1796,"Egg, creamed",8
1797,"Egg, Benedict",8
1798,"Egg, deviled",8
1799,"Egg salad, made with mayonnaise",8
1800,"Egg salad, made with light mayonnaise",8
1801,"Egg salad, made with mayonnaise-type salad dressing",8
1802,"Egg salad, made with light mayonnaise-type salad dressing",8
1803,"Egg salad, made with creamy dressing",8
1804,"Egg salad, made with light creamy dressing",8
1805,"Egg salad, made with Italian dressing",8
1806,"Egg salad, made with light Italian dressing",8
1807,"Egg Salad, made with any type of fat free dressing",8
1808,Huevos rancheros,8
1809,"Egg casserole with bread, cheese, milk and meat",12
1810,"Egg foo yung, NFS",8
1811,Chicken egg foo yung,8
1812,Pork egg foo yung,8
1813,Shrimp egg foo yung,8
1814,Beef egg foo yung,8
1815,"Egg omelet or scrambled egg, NS as to fat",8
1816,"Egg omelet or scrambled egg, made with margarine",8
1817,"Egg omelet or scrambled egg, made with oil",8
1818,"Egg omelet or scrambled egg, made with butter",8
1819,"Egg omelet or scrambled egg, made with animal fat or meat drippings",8
1820,"Egg omelet or scrambled egg, made with cooking spray",8
1821,"Egg omelet or scrambled egg, NS as to fat type",8
1822,"Egg omelet or scrambled egg, no added fat",8
1823,"Egg omelet or scrambled egg, from fast food / restaurant",8
1824,"Egg omelet or scrambled egg, with cheese, made with margarine",8
1825,"Egg omelet or scrambled egg, with cheese, made with oil",8
1826,"Egg omelet or scrambled egg, with cheese, made with butter",8
1827,"Egg omelet or scrambled egg, with cheese, made with animal fat or meat drippings",8
1828,"Egg omelet or scrambled egg, with cheese, made with cooking spray",8
1829,"Egg omelet or scrambled egg, with cheese, no added fat",8
1830,"Egg omelet or scrambled egg, with meat, NS as to fat",8
1831,"Egg omelet or scrambled egg, with meat, made with margarine",8
1832,"Egg omelet or scrambled egg, with meat, made with oil",8
1833,"Egg omelet or scrambled egg, with meat, made with butter",8
1834,"Egg omelet or scrambled egg, with meat, made with animal fat or meat drippings",8
1835,"Egg omelet or scrambled egg, with meat, made with cooking spray",8
1836,"Egg omelet or scrambled egg, with meat, NS as to fat type",8
1837,"Egg omelet or scrambled egg, with meat, no added fat",8
1838,"Egg omelet or scrambled egg, with cheese and meat, NS as to fat",8
1839,"Egg omelet or scrambled egg, with cheese and meat, made with margarine",8
1840,"Egg omelet or scrambled egg, with cheese and meat, made with oil",8
1841,"Egg omelet or scrambled egg, with cheese and meat, made with butter",8
1842,"Egg omelet or scrambled egg, with cheese and meat, made with animal fat or meat drippings",8
1843,"Egg omelet or scrambled egg, with cheese and meat, made with cooking spray",8
1844,"Egg omelet or scrambled egg, with cheese and meat, NS as to fat type",8
1845,"Egg omelet or scrambled egg, with cheese and meat, no added fat",8
1846,"Egg omelet or scrambled egg, with tomatoes, fat added",8
1847,"Egg omelet or scrambled egg, with tomatoes, no added fat",8
1848,"Egg omelet or scrambled egg, with tomatoes, NS as to fat",8
1849,"Egg omelet or scrambled egg, with dark-green vegetables, fat added",8
1850,"Egg omelet or scrambled egg, with dark-green vegetables, no added fat",8
1851,"Egg omelet or scrambled egg, with dark-green vegetables, NS as to fat",8
1852,"Egg omelet or scrambled egg, with tomatoes and dark-green vegetables, fat added",8
1853,"Egg omelet or scrambled egg, with tomatoes and dark-green vegetables, no fat added",8
1854,"Egg omelet or scrambled egg, with tomatoes and dark-green vegetables, NS as to fat",8
1855,"Egg omelet or scrambled egg, with vegetables other than dark green and/or tomatoes, fat added",8
1856,"Egg omelet or scrambled egg, with vegetables other than dark green and/or tomatoes, no added fat",8
1857,"Egg omelet or scrambled egg, with vegetables other than dark green and/or tomatoes, NS as to fat",8
1858,"Egg omelet or scrambled egg, with cheese and tomatoes, fat added",8
1859,"Egg omelet or scrambled egg, with cheese and tomatoes, no added fat",8
1860,"Egg omelet or scrambled egg, with cheese and tomatoes, NS as to fat",8
1861,"Egg omelet or scrambled egg, with cheese and dark-green vegetables, fat added",8
1862,"Egg omelet or scrambled egg, with cheese and dark-green vegetables, no added fat",8
1863,"Egg omelet or scrambled egg, with cheese and dark-green vegetables, NS as to fat",8
1864,"Egg omelet or scrambled egg, with cheese, tomatoes, and dark-green vegetables, fat added",8
1865,"Egg omelet or scrambled egg, with cheese, tomatoes, and dark-green vegetables, no added fat",8
1866,"Egg omelet or scrambled egg, with cheese, tomatoes, and dark-green vegetables, NS as to fat",8
1867,"Egg omelet or scrambled egg, with cheese and vegetables other than dark green and/or tomatoes, fat added",8
1868,"Egg omelet or scrambled egg, with cheese and vegetables other than dark green and/or tomatoes, no added fat",8
1869,"Egg omelet or scrambled egg, with cheese and vegetables other than dark green and/or tomatoes, NS as to fat",8
1870,"Egg omelet or scrambled egg, with meat and tomatoes, fat added",8
1871,"Egg omelet or scrambled egg, with meat and tomatoes, no added fat",8
1872,"Egg omelet or scrambled egg, with meat and tomatoes, NS as to fat",8
1873,"Egg omelet or scrambled egg, with meat and dark-green vegetables, fat added",8
1874,"Egg omelet or scrambled egg, with meat and dark-green vegetables, no added fat",8
1875,"Egg omelet or scrambled egg, with meat and dark-green vegetables, NS as to fat",8
1876,"Egg omelet or scrambled egg, with meat, tomatoes, and dark-green vegetables, fat added",8
1877,"Egg omelet or scrambled egg, with meat, tomatoes, and dark-green vegetables, no added fat",8
1878,"Egg omelet or scrambled egg, with meat, tomatoes, and dark-green vegetables, NS as to fat",8
1879,"Egg omelet or scrambled egg, with meat and vegetables other than dark-green and/or tomatoes, fat added",8
1880,"Egg omelet or scrambled egg, with meat and vegetables other than dark-green and/or tomatoes, no added fat",8
1881,"Egg omelet or scrambled egg, with meat and vegetables other than dark-green and/or tomatoes, NS as to fat",8
1882,"Egg omelet or scrambled egg, with cheese, meat, and tomatoes, fat added",8
1883,"Egg omelet or scrambled egg, with cheese, meat, and tomatoes, no added fat",8
1884,"Egg omelet or scrambled egg, with cheese, meat, and tomatoes, NS as to fat",8
1885,"Egg omelet or scrambled egg, with cheese, meat, and dark-green vegetables, fat added",8
1886,"Egg omelet or scrambled egg, with cheese, meat, and dark-green vegetables, no added fat",8
1887,"Egg omelet or scrambled egg, with cheese, meat, and dark-green vegetables, NS as to fat",8
1888,"Egg omelet or scrambled egg, with cheese, meat, tomatoes, and dark-green vegetables, fat added",8
1889,"Egg omelet or scrambled egg, with cheese, meat, tomatoes, and dark-green vegetables, no added fat",8
1890,"Egg omelet or scrambled egg, with cheese, meat, tomatoes, and dark-green vegetables, NS as to fat",8
1891,"Egg omelet or scrambled egg, with cheese, meat, and vegetables other than dark-green and/or tomatoes, fat added",8
1892,"Egg omelet or scrambled egg, with cheese, meat, and vegetables other than dark-green and/or tomatoes, no added fat",8
1893,"Egg omelet or scrambled egg, with cheese, meat, and vegetables other than dark-green and/or tomatoes, NS as to fat",8
1894,"Egg omelet or scrambled egg, with potatoes and/or onions, fat added",8
1895,"Egg omelet or scrambled egg, with potatoes and/or onions, no added fat",8
1896,"Egg omelet or scrambled egg, with potatoes and/or onions, NS as to fat",8
1897,Egg salad sandwich on white,9
1898,Egg salad sandwich on wheat,9
1899,"Soup, egg drop",8
1900,"Egg white omelet, scrambled, or fried, NS as to fat",12
1901,"Egg white omelet, scrambled, or fried, made with margarine",12
1902,"Egg white omelet, scrambled, or fried, made with oil",12
1903,"Egg white omelet, scrambled, or fried, made with butter",12
1904,"Egg white omelet, scrambled, or fried, made with cooking spray",12
1905,"Egg white omelet, scrambled, or fried, NS as to fat type",12
1906,"Egg white omelet, scrambled, or fried, no added fat",12
1907,"Egg white, omelet, scrambled, or fried, with cheese",12
1908,"Egg white, omelet, scrambled, or fried, with meat",12
1909,"Egg white, omelet, scrambled, or fried, with vegetables",12
1910,"Egg white, omelet, scrambled, or fried, with cheese and meat",12
1911,"Egg white, omelet, scrambled, or fried, with cheese and vegetables",12
1912,"Egg white, omelet, scrambled, or fried, with meat and vegetables",12
1913,"Egg white, omelet, scrambled, or fried, with cheese, meat, and vegetables",12
1914,Meringues,8
1915,"Egg substitute, omelet, scrambled, or fried, fat added",12
1916,"Egg substitute, omelet, scrambled, or fried, no added fat",12
1917,"Egg substitute, omelet, scrambled, or fried, with cheese",12
1918,"Egg substitute, omelet, scrambled, or fried, with meat",12
1919,"Egg substitute, omelet, scrambled, or fried, with vegetables",12
1920,"Egg substitute, omelet, scrambled, or fried, with cheese and meat",12
1921,"Egg substitute, omelet, scrambled, or fried, with cheese and vegetables",12
1922,"Egg substitute, omelet, scrambled, or fried, with meat and vegetables",12
1923,"Egg substitute, omelet, scrambled, or fried, with cheese, meat, and vegetables",12
1924,Egg sandwich on white bread,9
1925,"Egg sandwich on white bread, with cheese",9
1926,"Egg sandwich on white bread, with meat",9
1927,"Egg sandwich on white bread, with meat and cheese",9
1928,Egg sandwich on wheat bread,9
1929,"Egg sandwich on wheat bread, with cheese",9
1930,"Egg sandwich on wheat bread, with meat",9
1931,"Egg sandwich on wheat bread, with meat and cheese",9
1932,Egg sandwich on English muffin,8
1933,"Egg sandwich on English muffin, with sausage",18
1934,"Egg sandwich on English muffin, with bacon",9
1935,"Egg sandwich on English muffin, with ham",9
1936,Egg sandwich on croissant,9
1937,"Egg sandwich on croissant, with sausage",18
1938,"Egg sandwich on croissant, with bacon",9
1939,"Egg sandwich on croissant, with ham",9
1940,Egg sandwich on biscuit,8
1941,"Egg sandwich on biscuit, with sausage",18
1942,"Egg sandwich on biscuit, with sausage and cheese",18
1943,"Egg sandwich on biscuit, with bacon",9
1944,"Egg sandwich on biscuit, with bacon and cheese",9
1945,Egg sandwich on bagel,9
1946,"Egg sandwich on bagel, with sausage",18
1947,"Egg sandwich on bagel, with bacon",9
1948,"Egg sandwich on bagel, with ham",9
1949,Egg sandwich on griddle/pancake,8
1950,"Egg sandwich on griddle/pancake, with meat",9
1951,Egg white sandwich,9
1952,"Egg white sandwich, with cheese",9
1953,"Egg white sandwich, with meat",9
1954,Bacon biscuit sandwich,9
1955,Ham biscuit sandwich,9
1956,Sausage biscuit sandwich,18
1957,"Sausage biscuit sandwich, with cheese",18
1958,Sausage English muffin sandwich,18
1959,Sausage griddle/pancake sandwich,18
1960,Egg burrito,9
1961,"Egg burrito, with sausage",18
1962,"Egg burrito, with bacon",9
1963,"Egg burrito, with ham",9
1964,"Beans, NFS",8
1965,"Beans, from dried, NS as to type, fat added",8
1966,"Beans, from dried, NS as to type, no added fat",8
1967,"Beans, from canned, NS as to type, fat added",8
1968,"Beans, from canned, NS as to type, no added fat",8
1969,"Beans, from fast food / restaurant, NS as to type",8
1970,"White beans, NFS",8
1971,"White beans, from dried, fat added",8
1972,"White beans, from dried, no added fat",8
1973,"White beans, from canned, fat added",8
1974,"White beans, from canned, no added fat",8
1975,"White beans, from canned, reduced sodium",8
1976,"Black beans, NFS",8
1977,"Black beans, from dried, fat added",8
1978,"Black beans, from dried, no added fat",8
1979,"Black beans, from canned, fat added",8
1980,"Black beans, from canned, no added fat",8
1981,"Black beans, from canned, reduced sodium",8
1982,"Black beans, from fast food / restaurant",8
1983,Black beans with meat,8
1984,"Fava beans, cooked",8
1985,"Lima beans, NFS",8
1986,"Lima beans, from dried",8
1987,"Pink beans, cooked",8
1988,"Pinto beans, NFS",8
1989,"Pinto beans, from dried, fat added",8
1990,"Pinto beans, from dried, no added fat",8
1991,"Pinto beans, from canned, fat added",8
1992,"Pinto beans, from canned, no added fat",8
1993,"Pinto beans, from canned, reduced sodium",8
1994,"Pinto beans, from fast food / restaurant",8
1995,Pinto beans with meat,8
1996,"Kidney beans, NFS",8
1997,"Kidney beans, from dried, fat added",8
1998,"Kidney beans, from dried, no added fat",8
1999,"Kidney beans, from canned, fat added",8
2000,"Kidney beans, from canned, no added fat",8
2001,"Kidney beans, from canned, reduced sodium",8
2002,"Kidney beans, from fast food / restaurant",8
2003,Kidney beans with meat,8
2004,"Peruvian beans, from dried",8
2005,"Soybeans, cooked",8
2006,"Mung beans, cooked",8
2007,Baked beans,8
2008,"Baked beans, vegetarian",8
2009,Baked beans from fast food / restaurant,8
2010,"Beans and tomatoes, no added fat",8
2011,"Beans and tomatoes, fat added",8
2012,Black bean salad,8
2013,Refried beans,8
2014,"Refried beans, from fast food / restaurant",8
2015,Refried beans with meat,8
2016,"Refried beans, from canned, reduced sodium",8
2017,"Bean dip, made with refried beans",8
2018,Layer dip,8
2019,"Hummus, plain",8
2020,"Hummus, flavored",8
2021,Black bean sauce,8
2022,Beans and franks,18
2023,Pork and beans,8
2024,"Beans with meat, NS as to type",8
2025,Falafel,8
2026,Bean cake,12
2027,"Baked beans, reduced sodium",8
2028,"Chili, vegetarian",24
2029,"Blackeyed peas, NFS",8
2030,"Blackeyed peas, from dried",8
2031,"Chickpeas, NFS",8
2032,"Chickpeas, from dried, fat added",8
2033,"Chickpeas, from dried, no added fat",8
2034,"Chickpeas, from canned, fat added",8
2035,"Chickpeas, from canned, no added fat",8
2036,"Chickpeas, from canned, reduced sodium",8
2037,"Split peas, from dried, no added fat",8
2038,"Split peas, from dried, fat added",8
2039,Wasabi peas,24
2040,"Lentils, NFS",8
2041,"Lentils, from dried, fat added",8
2042,"Lentils, from dried, no added fat",8
2043,"Lentils, from canned",8
2044,Dal,8
2045,Bean chips,24
2046,"Papad, grilled or broiled",8
2047,"Sambar, vegetable stew",12
2048,Lentil curry,8
2049,Lentil curry with rice,8
2050,Soy nuts,48
2051,Soy chips,24
2052,Soybean curd,8
2053,"Edamame, cooked",8
2054,Soybean curd cheese,8
2055,Miso sauce,8
2056,Miso,8
2057,Natto,8
2058,Hoisin sauce,8
2059,Soy sauce,8
2060,"Soy sauce, reduced sodium",8
2061,"Yogurt, soy",6
2062,Teriyaki sauce,8
2063,"Teriyaki sauce, reduced sodium",8
2064,Worcestershire sauce,8
2065,"Soybean curd, deep fried",12
2066,"Soybean curd, breaded, fried",12
2067,"Vermicelli, made from soybeans",9
2068,"Textured vegetable protein, dry",8
2069,"Frozen dessert, non-dairy",8
2070,"Soup, bean",8
2071,"Soup, bean, canned",8
2072,"Soup, miso or tofu",8
2073,"Soup, bean, canned, reduced sodium",8
2074,"Soup, bean, with meat",8
2075,"Soup, split pea, with meat",8
2076,"Soup, split pea",8
2077,"Soup, lentil, canned",8
2078,"Soup, lentil, canned, reduced sodium",8
2079,"Soup, lentil",8
2080,"Soup, lentil, with meat",8
2081,"Soup, mulligatawany",8
2082,"Bacon strip, meatless",8
2083,Bacon bits,8
2084,"Breakfast link, pattie, or slice, meatless",8
2085,"Chicken, meatless, NFS",8
2086,"Chicken, meatless, breaded, fried",12
2087,"Hot dog, vegetarian",18
2088,"Luncheon slice, meatless-beef, chicken, salami or turkey",18
2089,"Meatball, meatless",8
2090,"Veggie burger patty, no bun",8
2091,"Swiss steak, with gravy, meatless",8
2092,"Pot pie, no meat",12
2093,"Tofu and vegetables including carrots, broccoli, and/or dark-green leafy; no potatoes, with soy-based sauce",8
2094,"Tofu and vegetables excluding carrots, broccoli, and dark-green leafy; no potatoes, with soy-based sauce",8
2095,"Vegetarian, fillet",8
2096,Vegetarian stew,12
2097,Vegetarian stroganoff,8
2098,"Veggie burger, on bun",9
2099,"Veggie burger, on bun, with cheese",9
2100,Falafel sandwich,9
2101,"Nuts, NFS",48
2102,"Almonds, NFS",48
2103,"Almonds, unroasted",48
2104,"Almonds, salted",48
2105,"Almonds, lightly salted",48
2106,"Almonds, unsalted",48
2107,"Almonds, flavored",48
2108,"Almonds, honey roasted",48
2109,Brazil nuts,48
2110,"Cashews, NFS",48
2111,"Cashews, unroasted",48
2112,"Cashews, salted",48
2113,"Cashews, lightly salted",48
2114,"Cashews, unsalted",48
2115,"Cashews, honey roasted",48
2116,Chestnuts,48
2117,"Coconut, fresh",8
2118,"Coconut, packaged",8
2119,Hazelnuts,48
2120,Macadamia nuts,48
2121,"Mixed nuts, NFS",48
2122,"Mixed nuts, unroasted",48
2123,"Mixed nuts, with peanuts, salted",48
2124,"Mixed nuts, with peanuts, lightly salted",48
2125,"Mixed nuts, with peanuts, unsalted",48
2126,"Mixed nuts, without peanuts, salted",48
2127,"Mixed nuts, without peanuts, unsalted",48
2128,"Mixed nuts, honey roasted",48
2129,"Peanuts, NFS",48
2130,"Peanuts, boiled",48
2131,"Peanuts, unroasted",48
2132,"Peanuts, roasted, salted",48
2133,"Peanuts, roasted, unsalted",48
2134,"Peanuts, dry roasted, salted",48
2135,"Peanuts, dry roasted, lightly salted",48
2136,"Peanuts, dry roasted, unsalted",48
2137,"Peanuts, honey roasted",48
2138,"Pecans, NFS",48
2139,"Pecans, unroasted",48
2140,"Pecans, salted",48
2141,"Pecans, unsalted",48
2142,"Pecans, honey roasted",48
2143,Pine nuts,48
2144,"Pistachio nuts, NFS",48
2145,"Pistachio nuts, salted",48
2146,"Pistachio nuts, lightly salted",48
2147,"Pistachio nuts, unsalted",48
2148,"Walnuts, excluding honey roasted",48
2149,"Walnuts, honey roasted",48
2150,Almond butter,12
2151,"Almond butter, lower sodium",12
2152,Almond paste,12
2153,Cashew butter,12
2154,Peanut butter,12
2155,"Peanut butter, lower sodium",12
2156,"Peanut butter, lower sodium and lower sugar",12
2157,"Peanut butter, lower sugar",12
2158,"Peanut butter, reduced fat",12
2159,"Peanut butter, vitamin and mineral fortified",12
2160,Peanut butter and jelly,12
2161,Peanut butter and chocolate spread,12
2162,Soy nut butter,12
2163,Peanut sauce,12
2164,"Soup, peanut",12
2165,"Gravy, vegetarian",8
2166,"Peanut butter sandwich, NFS",12
2167,"Peanut butter sandwich, with regular peanut butter, on white bread",12
2168,"Peanut butter sandwich, with regular peanut butter, on wheat bread",12
2169,"Peanut butter sandwich, with reduced fat peanut butter, on white bread",12
2170,"Peanut butter sandwich, with reduced fat peanut butter, on wheat bread",12
2171,"Peanut butter and jelly sandwich, NFS",12
2172,"Peanut butter and jelly sandwich, with regular peanut butter, regular jelly, on white bread",12
2173,"Peanut butter and jelly sandwich, with regular peanut butter, regular jelly, on wheat bread",12
2174,"Peanut butter and jelly sandwich, with reduced fat peanut butter, on white bread",12
2175,"Peanut butter and jelly sandwich, with reduced fat peanut butter, on wheat bread",12
2176,"Peanut butter and jelly sandwich, with regular peanut butter, reduced sugar jelly, on white bread",12
2177,"Peanut butter and jelly sandwich, with regular peanut butter, reduced sugar jelly, on wheat bread",12
2178,"Peanut butter and jelly sandwich, frozen commercial product without crusts",12
2179,"Almond butter sandwich, on white bread",12
2180,"Almond butter sandwich, on wheat bread",12
2181,"Almond butter and jelly sandwich, on white bread",12
2182,"Almond butter and jelly sandwich, on wheat bread",12
2183,Nutella sandwich on white bread,12
2184,Nutella sandwich on wheat bread,12
2185,"Coconut milk, used in cooking",8
2186,"Yogurt, coconut milk",6
2187,"Yogurt, almond milk",6
2188,"Coconut cream, canned, sweetened",8
2189,"Coconut water, unsweetened",8
2190,"Coconut water, sweetened",8
2191,"Trail mix, NFS",48
2192,Trail mix with nuts,48
2193,Trail mix with nuts and fruit,48
2194,Trail mix with chocolate,48
2195,"Trail mix with pretzels, cereal, or granola",48
2196,"Pumpkin seeds, NFS",8
2197,"Pumpkin seeds, salted",8
2198,"Pumpkin seeds, unsalted",8
2199,"Sunflower seeds, plain, unsalted",8
2200,"Sunflower seeds, plain, salted",8
2201,"Sunflower seeds, flavored",8
2202,"Sunflower seeds, NFS",8
2203,Sesame seeds,8
2204,Tahini,8
2205,Flax seeds,8
2206,Mixed seeds,8
2207,Chia seeds,8
2208,"Bread, NS as to major flour",9
2209,"Bread, NS as to major flour, toasted",10
2210,"Bread, made from home recipe or purchased at a bakery, NS as to major flour",9
2211,"Bread, made from home recipe or purchased at a bakery, toasted, NS as to major flour",10
2212,"Roll, NS as to major flour",9
2213,"Roll, hard, NS as to major flour",10
2214,"Roll, bran, NS as to type of bran",9
2215,"Bread, white",9
2216,"Bread, white, toasted",10
2217,"Bread, white, made from home recipe or purchased at a bakery",9
2218,"Bread, white, made from home recipe or purchased at a bakery, toasted",10
2219,"Bread, white with whole wheat swirl",9
2220,"Bread, white with whole wheat swirl, toasted",10
2221,"Bread, Cuban",9
2222,"Bread, Cuban, toasted",10
2223,"Bread, native, water, Puerto Rican style",9
2224,"Bread, native, water, toasted, Puerto Rican style",10
2225,"Bread, lard, Puerto Rican style",9
2226,"Bread, lard, toasted, Puerto Rican style",10
2227,"Bread, French or Vienna",9
2228,"Bread, French or Vienna, toasted",10
2229,"Focaccia, Italian, plain",9
2230,"Bread, naan",9
2231,"Bread, Italian, Grecian, Armenian",9
2232,"Bread, Italian, Grecian, Armenian, toasted",10
2233,"Bread, pita",9
2234,"Bread, pita with fruit",9
2235,"Bread, cheese",9
2236,"Bread, cheese, toasted",10
2237,"Bread, cinnamon",9
2238,"Bread, cinnamon, toasted",10
2239,"Bread, cornmeal and molasses",9
2240,"Bread, cornmeal and molasses, toasted",10
2241,"Bread, egg, Challah",9
2242,"Bread, egg, Challah, toasted",10
2243,"Garlic bread, NFS",9
2244,"Garlic bread, from fast food / restaurant",9
2245,"Garlic bread, from frozen",9
2246,"Garlic bread, with parmesan cheese, from fast food / restaurant",9
2247,"Garlic bread, with parmesan cheese, from frozen",9
2248,"Garlic bread, with melted cheese, from fast food / restaurant",9
2249,"Garlic bread, with melted cheese, from frozen",9
2250,"Bread, onion",9
2251,"Bread, onion, toasted",10
2252,"Bread, reduced calorie and/or high fiber, white or NFS",9
2253,"Bread, reduced calorie and/or high fiber, white or NFS, toasted",10
2254,"Bread, reduced calorie and/or high fiber, white or NFS, with fruit and/or nuts",48
2255,"Bread, reduced calorie and/or high fiber, white or NFS, with fruit and/or nuts, toasted",48
2256,"Bread, white, special formula, added fiber",9
2257,"Bread, white, special formula, added fiber, toasted",10
2258,"Bread, high protein, toasted",10
2259,"Bread, potato",9
2260,"Bread, potato, toasted",10
2261,"Bread, raisin",9
2262,"Bread, raisin, toasted",10
2263,"Bread, sour dough",9
2264,"Bread, sour dough, toasted",10
2265,"Bread, sweet potato",9
2266,"Bread, sweet potato, toasted",10
2267,"Bread, vegetable",9
2268,"Bread, vegetable, toasted",10
2269,Bruschetta,9
2270,"Bread, dough, fried",12
2271,"Roll, white, soft",9
2272,"Roll, white, hard",10
2273,"Roll, white, hot dog bun",18
2274,"Roll, white, hamburger bun",9
2275,"Roll, diet",9
2276,"Roll, egg bread",9
2277,"Roll, cheese",9
2278,"Roll, French or Vienna",9
2279,"Roll, garlic",9
2280,"Roll, white, hoagie, submarine",9
2281,"Roll, Mexican, bolillo",9
2282,"Roll, sour dough",9
2283,"Roll, sweet, no frosting",9
2284,"Roll, sweet, cinnamon bun, no frosting",9
2285,"Roll, sweet, cinnamon bun, frosted",24
2286,"Pan dulce, NFS",9
2287,"Pan Dulce, with fruit, no frosting",9
2288,"Roll, sweet, with fruit, frosted",24
2289,"Roll, sweet, with fruit, frosted, diet",24
2290,"Roll, sweet, frosted",24
2291,"Pan Dulce, no topping",9
2292,"Pan Dulce, with sugar topping",24
2293,"Pan Dulce, with raisins and icing",24
2294,"Coffee cake, yeast type",12
2295,Croissant,9
2296,"Croissant, cheese",9
2297,"Croissant, chocolate",9
2298,"Croissant, fruit",9
2299,Brioche,9
2300,"Bread, Spanish coffee",192
2301,Bagel,9
2302,"Bagel, with raisins",9
2303,"Bagel, with fruit other than raisins",9
2304,Bread stuffing,9
2305,Bread stuffing made with egg,9
2306,"Breadsticks, NFS",9
2307,"Breadsticks, hard, NFS",10
2308,"Breadsticks, hard, reduced sodium",10
2309,"Breadsticks, soft, NFS",9
2310,"Breadsticks, soft, fast food / restaurant",9
2311,"Breadsticks, soft, frozen",9
2312,"Breadsticks, soft, with parmesan cheese, fast food / restaurant",9
2313,"Breadsticks, soft, stuffed or topped with melted cheese",9
2314,Croutons,9
2315,"Muffin, English",8
2316,"Muffin, English, with raisins",8
2317,"Muffin, English, cheese",8
2318,"Muffin, English, with fruit other than raisins",8
2319,Melba toast,10
2320,Anisette toast,10
2321,Pannetone,9
2322,Zwieback toast,10
2323,"Bread, whole grain white",9
2324,"Bread, whole grain white, toasted",10
2325,"Bagel, whole grain white",9
2326,"Bread, whole wheat",9
2327,"Bread, whole wheat, toasted",10
2328,"Bread, whole wheat, made from home recipe or purchased at bakery",9
2329,"Bread, whole wheat, made from home recipe or purchased at bakery, toasted",10
2330,"Bread, chappatti or roti",9
2331,"Bread, puri",9
2332,"Bread, paratha",9
2333,"Bread, whole wheat, with raisins",9
2334,"Bread, whole wheat, with raisins, toasted",10
2335,"Bread, sprouted wheat",9
2336,"Bread, sprouted wheat, toasted",10
2337,"Bread, wheat or cracked wheat",9
2338,"Bread, wheat or cracked wheat, toasted",10
2339,"Bread, wheat or cracked wheat, made from home recipe or purchased at bakery",9
2340,"Bread, wheat or cracked wheat, made from home recipe or purchased at bakery, toasted",10
2341,"Bread, wheat or cracked wheat, with raisins",9
2342,"Bread, wheat or cracked wheat, with raisins, toasted",10
2343,"Bread, wheat or cracked wheat, reduced calorie and/or high fiber",9
2344,"Bread, wheat or cracked wheat, reduced calorie and/or high fiber, toasted",10
2345,"Bread, French or Vienna, whole wheat",9
2346,"Bread, French or Vienna, whole wheat, toasted",10
2347,"Bread, pita, whole wheat",9
2348,"Bread, pita, wheat or cracked wheat",9
2349,"Bagel, wheat",9
2350,"Bagel, whole wheat",9
2351,"Bagel, wheat, with raisins",9
2352,"Bagel, whole wheat, with raisins",9
2353,"Bagel, wheat, with fruit and nuts",48
2354,"Bagel, wheat bran",9
2355,"Muffin, English, wheat bran",8
2356,"Muffin, English, wheat bran, with raisins",8
2357,"Muffin, English, wheat or cracked wheat",8
2358,"Muffin, English, whole wheat",8
2359,"Muffin, English, wheat or cracked wheat, with raisins",8
2360,"Muffin, English, whole wheat, with raisins",8
2361,"Muffin, English, whole grain white",8
2362,"Breadsticks, hard, whole wheat",10
2363,"Roll, wheat or cracked wheat",9
2364,"Roll, wheat or cracked wheat, hot dog bun",18
2365,"Roll, wheat or cracked wheat, hamburger bun",9
2366,"Roll, whole wheat",9
2367,"Roll, whole wheat, hot dog bun",18
2368,"Roll, whole wheat, hamburger bun",9
2369,"Roll, whole grain white",9
2370,"Roll, whole grain white, hot dog bun",9
2371,"Roll, whole grain white, hamburger bun",9
2372,"Bread, rye",9
2373,"Bread, rye, toasted",10
2374,"Bread, marble rye and pumpernickel",9
2375,"Bread, marble rye and pumpernickel, toasted",10
2376,"Muffin, English, rye",8
2377,"Bread, pumpernickel",9
2378,"Bread, pumpernickel, toasted",10
2379,"Bagel, pumpernickel",9
2380,"Muffin, English, pumpernickel",8
2381,"Bread, black",9
2382,"Bread, black, toasted",10
2383,"Roll, rye",9
2384,"Roll, pumpernickel",9
2385,"Bread, oatmeal",9
2386,"Bread, oatmeal, toasted",10
2387,"Bread, oat bran",9
2388,"Bread, oat bran, toasted",10
2389,"Bagel, oat bran",9
2390,"Roll, oatmeal",9
2391,"Muffin, English, oat bran",8
2392,"Muffin, English, oat bran, with raisins",8
2393,"Bread, multigrain, toasted",10
2394,"Bread, multigrain",9
2395,"Bread, multigrain, with raisins",9
2396,"Bread, multigrain, with raisins, toasted",10
2397,"Bread, multigrain, reduced calorie and/or high fiber",9
2398,"Bread, multigrain, reduced calorie and/or high fiber, toasted",10
2399,"Roll, multigrain",9
2400,"Roll, multigrain, hot dog bun",18
2401,"Roll, multigrain, hamburger bun",9
2402,"Bagel, multigrain",9
2403,"Bagel, multigrain, with raisins",9
2404,"Muffin, English, multigrain",8
2405,"Bread, barley",9
2406,"Bread, barley, toasted",10
2407,"Bread, soy",9
2408,"Bread, soy, toasted",10
2409,"Bread, sunflower meal",9
2410,"Bread, sunflower meal, toasted",10
2411,"Bread, rice",9
2412,"Bread, rice, toasted",10
2413,"Injera, Ethiopian bread",9
2414,"Bread, gluten free",9
2415,"Bread, gluten free, toasted",10
2416,"Breadsticks, hard, gluten free",10
2417,"Roll, gluten free",9
2418,"Biscuit, NFS",8
2419,"Biscuit, from refrigerated dough",8
2420,"Biscuit, from fast food / restaurant",8
2421,"Biscuit, home recipe",8
2422,"Biscuit, wheat",8
2423,"Biscuit, cheese",8
2424,Biscuit with fruit,8
2425,Scone,8
2426,"Scone, with fruit",8
2427,"Cornbread, prepared from mix",9
2428,"Cornbread, made from home recipe",9
2429,Cornbread stuffing,9
2430,"Cornbread muffin, stick, round",8
2431,"Cornbread muffin, stick, round, made from home recipe",8
2432,"Corn flour patty or tart, fried",12
2433,"Corn pone, baked",8
2434,"Corn pone, fried",12
2435,"Gordita/sope shell, plain, no filling",8
2436,Hush puppy,8
2437,Johnnycake,8
2438,Spoonbread,9
2439,"Tortilla, NFS",8
2440,"Tortilla, corn",8
2441,"Tortilla, flour",8
2442,"Tortilla, whole wheat",8
2443,"Taco shell, corn",8
2444,"Taco shell, flour",8
2445,Arepa Dominicana,9
2446,"Muffin, NFS",8
2447,"Muffin, fruit",8
2448,"Muffin, fruit, low fat",8
2449,"Muffin, chocolate chip",24
2450,"Muffin, chocolate",8
2451,"Muffin, whole wheat",8
2452,"Muffin, wheat",8
2453,"Muffin, whole grain",8
2454,"Muffin, wheat bran",8
2455,"Muffin, bran with fruit, lowfat",8
2456,"Muffin, oatmeal",8
2457,"Muffin, oat bran",8
2458,"Muffin, plain",8
2459,"Muffin, cheese",8
2460,"Muffin, pumpkin",8
2461,"Muffin, zucchini",8
2462,"Muffin, carrot",8
2463,Popover,8
2464,"Bread, Boston Brown",9
2465,"Bread, nut",48
2466,"Bread, pumpkin",9
2467,"Bread, fruit",9
2468,"Bread, zucchini",9
2469,"Bread, Irish soda",9
2470,"Cake or cupcake, NFS",12
2471,"Cake, angel food",12
2472,"Cake or cupcake, apple",12
2473,"Cake or cupcake, banana",12
2474,"Cake or cupcake, Black Forest",12
2475,"Cake, Boston cream pie",12
2476,"Cake or cupcake, carrot",12
2477,"Cake or cupcake, coconut",12
2478,"Cheesecake, plain",12
2479,"Cheesecake, fruit",12
2480,"Cheesecake, chocolate",12
2481,"Cake or cupcake, chocolate with white icing, bakery",24
2482,"Cake or cupcake, chocolate with white icing, from mix",24
2483,"Cake or cupcake, chocolate with chocolate icing, bakery",24
2484,"Cake or cupcake, chocolate with chocolate icing, from mix",24
2485,"Cake or cupcake, chocolate, no icing",12
2486,"Cake or cupcake, German chocolate",12
2487,"Cake or cupcake, gluten free",12
2488,"Cake, chocolate, flourless",12
2489,"Cake, cream",12
2490,"Snack cake, chocolate",12
2491,"Snack cake, white",12
2492,"Cake, fruit cake",12
2493,"Cake or cupcake, gingerbread",12
2494,Ice cream cake,12
2495,"Cake, jelly roll",12
2496,"Cake or cupcake, lemon",12
2497,"Cake or cupcake, marble",12
2498,"Cake or cupcake, peanut butter",12
2499,"Cake, pound",12
2500,"Cake or cupcake, pumpkin",12
2501,"Cake or cupcake, red velvet",12
2502,"Cake or cupcake, spice",12
2503,"Cake, sponge",12
2504,"Cake or cupcake, strawberry",12
2505,"Cake, torte",12
2506,"Cake, tres leche",12
2507,"Cake, pineapple, upside down",12
2508,"Cake or cupcake, white with white icing, bakery",24
2509,"Cake or cupcake, white with white icing, from mix",24
2510,"Cake or cupcake, white with chocolate icing, bakery",24
2511,"Cake or cupcake, white with chocolate icing, from mix",24
2512,"Cake or cupcake, white, no icing",12
2513,"Cake, strawberry shortcake",12
2514,"Cake or cupcake, zucchini",12
2515,"Cookie, batter or dough, raw",60
2516,"Cookie, NFS",12
2517,"Cookie, almond",48
2518,"Cookie, applesauce",12
2519,"Cookie, biscotti",12
2520,"Cookie, brownie, NS as to icing",12
2521,"Cookie, brownie, without icing",12
2522,"Cookie, brownie, with icing or filling",24
2523,"Cookie, brownie, reduced fat, NS as to icing",12
2524,"Cookie, butterscotch, brownie",12
2525,"Cookie, bar, with chocolate",12
2526,"Cookie, chocolate chip",24
2527,"Cookie, chocolate chip, made from home recipe or purchased at a bakery",24
2528,"Cookie, chocolate chip, reduced fat",24
2529,"Cookie, chocolate chip sandwich",24
2530,"Cookie, chocolate, made with rice cereal",12
2531,"Cookie, chocolate, made with oatmeal and coconut, no bake",12
2532,"Cookie, chocolate or fudge",12
2533,"Cookie, marshmallow, chocolate-covered",24
2534,"Cookie, marshmallow pie, chocolate covered",24
2535,"Cookie, chocolate, with icing or coating",24
2536,"Cookie, sugar wafer, chocolate-covered",24
2537,"Cookie, chocolate sandwich",12
2538,"Cookie, chocolate sandwich, reduced fat",12
2539,"Cookie, chocolate, sandwich, with extra filling",12
2540,"Cookie, chocolate and vanilla sandwich",12
2541,"Cookie, chocolate wafer",12
2542,"Cookie, graham cracker with chocolate and marshmallow",12
2543,"Cookie bar, with chocolate, nuts, and graham crackers",48
2544,"Cookie, coconut",12
2545,"Cookie, fruit-filled bar",12
2546,"Cookie, fig bar",12
2547,"Cookie, fortune",12
2548,"Cookie, cone shell, ice cream type, wafer or cake",12
2549,"Cookie, gingersnaps",12
2550,"Cookie, granola",12
2551,"Cookie, ladyfinger",12
2552,"Cookie, lemon bar",12
2553,"Cookie, macaroon",12
2554,"Cookie, marshmallow, with coconut",12
2555,"Cookie, marshmallow, with rice cereal, no bake",12
2556,"Cookie, marshmallow, with rice cereal and chocolate chips",24
2557,"Cookie, marshmallow and peanut butter, with oat cereal, no bake",12
2558,"Cookie, meringue",12
2559,"Cookie, molasses",12
2560,"Cookie, Lebkuchen",12
2561,"Cookie, multigrain, high fiber",12
2562,"Cookie, oatmeal",12
2563,"Cookie, oatmeal, with raisins",12
2564,"Cookie, oatmeal, reduced fat, NS as to raisins",12
2565,"Cookie, oatmeal sandwich, with creme filling",12
2566,"Cookie, oatmeal, with chocolate chips",24
2567,"Cookie, oatmeal sandwich, with peanut butter and jelly filling",12
2568,"Cookie, oatmeal, with chocolate and peanut butter, no bake",12
2569,"Cookie, peanut butter",12
2570,"Cookie, peanut butter, with chocolate",12
2571,"Cookie, peanut butter with rice cereal, no bake",12
2572,"Cookie, peanut butter sandwich",12
2573,"Cookie, with peanut butter filling, chocolate-coated",12
2574,"Cookie, Pfeffernusse",12
2575,"Cookie, Pizzelle",12
2576,"Cookie, pumpkin",12
2577,"Cookie, raisin",12
2578,"Cookie, raisin sandwich, cream-filled",12
2579,"Cookie, rum ball, no bake",252
2580,"Cookie, sandwich-type, not chocolate or vanilla",12
2581,"Cookie, shortbread",12
2582,"Cookie, shortbread, reduced fat",12
2583,"Cookie, shortbread, with icing or filling",24
2584,Pocky,12
2585,"Cookie, animal",12
2586,"Cookie, animal, with frosting or icing",24
2587,"Cookie, butter or sugar",12
2588,Marie biscuit,8
2589,"Cookie, butter or sugar, with fruit and/or nuts",48
2590,"Cookie, sugar wafer",12
2591,"Cookie, toffee bar",12
2592,"Cookie, vanilla sandwich",12
2593,"Cookie, vanilla sandwich, extra filling",12
2594,"Cookie, vanilla sandwich, reduced fat",12
2595,"Cookie, butter or sugar, with chocolate icing or filling",24
2596,"Cookie, butter or sugar, with icing or filling other than chocolate",24
2597,"Cookie, tea, Japanese",12
2598,"Cookie, vanilla wafer",12
2599,"Cookie, vanilla wafer, reduced fat",12
2600,"Cookie, vanilla with caramel, coconut, and chocolate coating",12
2601,"Cookie, rugelach",12
2602,"Cookie, chocolate chip, reduced sugar",24
2603,"Cookie, oatmeal, reduced sugar",12
2604,"Cookie, sandwich, reduced sugar",12
2605,"Cookie, sugar or plain, sugar free",12
2606,"Cookie, sugar wafer, sugar free",12
2607,"Cookie, peanut butter, sugar free",12
2608,"Cookie, gluten free",12
2609,"Cookies, Puerto Rican style",12
2610,"Pie, NFS",12
2611,"Tart, all types",12
2612,"Pie, apple",12
2613,"Pie, apple, fast food",12
2614,"Pie, berry",12
2615,"Pie, blueberry",12
2616,"Pie, cherry",12
2617,"Pie, lemon",12
2618,"Pie, key lime",12
2619,"Pie, peach",12
2620,"Pie, strawberry",12
2621,"Pie, banana cream",12
2622,"Pie, chocolate cream",12
2623,"Pie, coconut cream",12
2624,"Pie, custard",12
2625,Dessert pizza,12
2626,"Pie, peanut butter cream",12
2627,"Pie, pineapple cream",12
2628,"Pie, pumpkin",12
2629,"Pie, sweet potato",12
2630,"Pie, vanilla cream",12
2631,"Pie, lemon meringue",12
2632,"Pie, pecan",48
2633,"Pie, oatmeal",12
2634,Pie shell,12
2635,"Pie shell, graham cracker",12
2636,"Cobbler, apple",12
2637,"Cobbler, berry",12
2638,"Cobbler, cherry",12
2639,"Cobbler, peach",12
2640,"Crisp, apple",12
2641,"Fritter, plain",12
2642,"Fritter, fruit",12
2643,"Crisp, berry",12
2644,"Crisp, cherry",12
2645,"Crisp, peach",12
2646,"Cream puff, eclair, custard or cream filled, NS as to icing",12
2647,"Cream puff, eclair, custard or cream filled, not iced",12
2648,"Cream puff, eclair, custard or cream filled, iced",24
2649,"Cream puff, eclair, custard or cream filled, iced, reduced fat",24
2650,"Cream puff, no filling or icing",12
2651,"Sopaipilla, without syrup or honey",12
2652,Sopaipilla with syrup or honey,12
2653,"Crepe, chocolate filled",8
2654,"Crepe, fruit filled",8
2655,"Tamale, sweet",8
2656,"Strudel, apple",12
2657,"Strudel, berry",12
2658,"Strudel, cherry",12
2659,"Strudel, cheese",12
2660,"Strudel, peach",12
2661,Baklava,48
2662,Basbousa,12
2663,"Turnover, fruit",12
2664,"Pastry, fruit-filled",12
2665,"Pastry, made with bean or lotus seed paste filling, baked",12
2666,"Pastry, made with bean paste and salted egg yolk filling, baked",12
2667,"Pastry, Chinese, made with rice flour",12
2668,"Pastry, cookie type, fried",12
2669,"Pastry, Italian, with cheese",12
2670,"Pastry, puff",12
2671,"Pastry, puff, custard or cream filled, iced or not iced",12
2672,Cheese pastry puffs,12
2673,"Pastry, mainly flour and water, fried",12
2674,"Empanada, fruit",12
2675,"Breakfast pastry, NFS",12
2676,"Danish pastry, plain or spice",12
2677,"Danish pastry, with fruit",12
2678,"Danish pastry, with cheese",12
2679,"Doughnut, NFS",12
2680,"Doughnut, cake type, plain",12
2681,"Doughnut, chocolate",12
2682,"Doughnut, cake type, powdered sugar",24
2683,"Doughnut, cake type, with icing",24
2684,"Doughnut, cake type, chocolate icing",24
2685,"Doughnut, chocolate, with chocolate icing",24
2686,Doughnut holes,12
2687,Churros,12
2688,Beignet,12
2689,"Doughnut, yeast type",12
2690,"Doughnut, yeast type, with chocolate icing",24
2691,"Doughnut, jelly",12
2692,"Doughnut, custard-filled",12
2693,"Doughnut, custard-filled, with icing",24
2694,Breakfast tart,12
2695,"Breakfast tart, lowfat",12
2696,"Coffee cake, crumb or quick-bread type",12
2697,"Coffee cake, crumb or quick-bread type, with fruit",12
2698,"Coffee cake, crumb or quick-bread type, cheese-filled",12
2699,Cereal or granola bar (General Mills Fiber One Chewy Bar),8
2700,Cereal or granola bar (Kellogg's Nutri-Grain Cereal Bar),8
2701,Cereal or granola bar (Kellogg's Nutri-Grain Yogurt Bar),8
2702,Cereal or granola bar (Kellogg's Nutri-Grain Fruit and Nut Bar),48
2703,Milk 'n Cereal bar,8
2704,Cereal or granola bar (Kellogg's Special K bar),8
2705,Cereal or granola bar (Kashi Chewy),8
2706,Cereal or granola bar (Kashi Crunchy),8
2707,Cereal or granola bar (KIND Fruit and Nut Bar),48
2708,Cereal or granola bar (General Mills Nature Valley Chewy Trail Mix),48
2709,"Cereal or granola bar, with yogurt coating (General Mills Nature Valley Chewy Granola Bar)",8
2710,Cereal or granola bar (General Mills Nature Valley Sweet and Salty Granola Bar),8
2711,Cereal or granola bar (General Mills Nature Valley Crunchy Granola Bar),8
2712,Cereal or granola bar (Quaker Chewy Granola Bar),8
2713,Cereal or granola bar (Quaker Chewy 90 Calorie Granola Bar),8
2714,Cereal or granola bar (Quaker Chewy 25% Less Sugar Granola Bar),8
2715,Cereal or granola bar (Quaker Chewy Dipps Granola Bar),8
2716,Cereal or granola bar (Quaker Granola Bites),8
2717,"Snack bar, oatmeal",8
2718,"Cereal or Granola bar, NFS",8
2719,"Cereal or granola bar, lowfat, NFS",8
2720,"Cereal or granola bar, nonfat",8
2721,"Cereal or granola bar, reduced sugar, NFS",8
2722,"Cereal or granola bar, fruit and nut",48
2723,"Cereal or granola bar, peanuts , oats, sugar, wheat germ",48
2724,"Cereal or granola bar, chocolate coated, NFS",8
2725,"Cereal or granola bar, with coconut, chocolate coated",8
2726,"Cereal or granola bar with nuts, chocolate coated",48
2727,"Cereal or granola bar, oats, nuts, coated with non-chocolate coating",48
2728,"Cereal or granola bar, coated with non-chocolate coating",8
2729,"Cereal or granola bar, high fiber, coated with non-chocolate yogurt coating",8
2730,"Cereal or granola bar, with rice cereal",8
2731,"Breakfast bar, NFS",8
2732,"Breakfast bar, date, with yogurt coating",8
2733,"Breakfast bar, cereal crust with fruit filling, lowfat",8
2734,Nutrition bar (Balance Original Bar),8
2735,Nutrition bar (Clif Bar),8
2736,Nutrition bar (Clif Kids Organic Zbar),8
2737,Nutrition bar (PowerBar),8
2738,Nutrition bar (Slim Fast Original Meal Bar),8
2739,Nutrition bar (Snickers Marathon Protein Bar),48
2740,Nutrition bar (South Beach Living Meal Bar),8
2741,Nutrition bar (South Beach Living High Protein Bar),8
2742,Nutrition bar (Tiger's Milk),8
2743,Nutrition bar (Zone Perfect Classic Crunch),8
2744,"Nutrition bar or meal replacement bar, NFS",8
2745,"Baby Toddler snack, NFS",6
2746,Baby Toddler bar,6
2747,Baby Toddler cookie,12
2748,Baby Toddler biscuit,6
2749,"Crackers, NFS",9
2750,Graham crackers,9
2751,Graham crackers (Teddy Grahams),9
2752,"Graham crackers, chocolate covered",9
2753,"Crackers, oatmeal",9
2754,"Crackers, Cuban",9
2755,"Graham crackers, reduced fat",9
2756,"Graham crackers, sandwich, with filling",9
2757,"Crackers, breakfast biscuit",9
2758,"Crackers, butter, reduced sodium",9
2759,"Crackers, matzo, reduced sodium",9
2760,"Crackers, saltine, reduced sodium",9
2761,"Crackers, wheat, reduced sodium",9
2762,"Crackers, woven wheat, reduced sodium",9
2763,"Crackers, butter, plain",9
2764,"Crackers, butter, flavored",9
2765,"Crackers, butter (Ritz)",9
2766,"Crackers, butter, reduced fat",9
2767,"Crackers, cheese",9
2768,"Crackers, cheese (Cheez-It)",9
2769,"Crackers, cheese (Goldfish)",9
2770,"Crackers, cheese, reduced fat",9
2771,"Crackers, cheese, reduced sodium",9
2772,"Crackers, cheese, whole grain",9
2773,"Crackers, crispbread",9
2774,"Crackers, flatbread",9
2775,"Crackers, matzo",9
2776,"Crackers, milk",9
2777,"Crackers, oyster",9
2778,"Chips, rice",24
2779,Rice cake,12
2780,"Crackers, rice",9
2781,"Crackers, rice and nuts",48
2782,Popcorn cake,48
2783,Rice paper,9
2784,"Crackers, saltine",9
2785,"Crackers, saltine, reduced fat",9
2786,"Crackers, saltine, multigrain",9
2787,"Crackers, multigrain",9
2788,"Crackers, sandwich",9
2789,"Crackers, sandwich, peanut butter filled",12
2790,"Crackers, sandwich, peanut butter filled (Ritz)",12
2791,"Crackers, sandwich, reduced fat, peanut butter filled",12
2792,"Crackers, whole grain, sandwich, peanut butter filled",12
2793,"Crackers, sandwich, cheese filled",9
2794,"Crackers, sandwich, cheese filled (Ritz)",9
2795,"Crackers, water",9
2796,"Crackers, wonton",9
2797,"Crackers, woven wheat",9
2798,"Crackers, woven wheat, plain (Triscuit)",9
2799,"Crackers, woven wheat, flavored (Triscuit)",9
2800,"Crackers, woven wheat, reduced fat",9
2801,"Crackers, wheat",9
2802,"Crackers, wheat, plain (Wheat Thins)",9
2803,"Crackers, wheat, flavored (Wheat Thins)",9
2804,"Crackers, wheat, reduced fat",9
2805,"Crackers, gluten free, plain",9
2806,"Crackers, gluten free, flavored",9
2807,Baby Toddler crackers,6
2808,"Baby Toddler puffs, fruit",6
2809,"Baby Toddler puffs, vegetable",6
2810,Baby Toddler crunchies,6
2811,Baby Toddler wheels,6
2812,Corn nuts,24
2813,"Corn chips, plain",24
2814,"Corn chips, flavored",24
2815,"Corn chips, plain (Fritos)",24
2816,"Corn chips, flavored (Fritos)",24
2817,Cheese flavored corn snacks,24
2818,"Cheese flavored corn snacks, reduced fat",24
2819,"Tortilla chips, plain",24
2820,Cheese flavored corn snacks (Cheetos),24
2821,"Tortilla chips, flavored",24
2822,"Corn chips, reduced sodium",24
2823,"Tortilla chips, nacho cheese flavor (Doritos)",24
2824,"Tortilla chips, cool ranch flavor (Doritos)",24
2825,"Tortilla chips, other flavors (Doritos)",24
2826,"Tortilla chips, reduced fat, plain",24
2827,"Tortilla chips, reduced fat, flavored",24
2828,"Tortilla chips, low fat, unsalted",24
2829,"Tortilla chips, reduced sodium",24
2830,Snack mix,48
2831,"Potato chips, restructured, multigrain",24
2832,Pita chips,24
2833,"Popcorn, NFS",48
2834,"Popcorn, movie theater, with added butter",48
2835,"Popcorn, movie theater, no butter added",48
2836,"Popcorn, air-popped, no butter added",48
2837,"Popcorn, air-popped, with added butter",48
2838,"Popcorn, popped in oil, no butter added",48
2839,"Popcorn, popped in oil, with added butter",48
2840,"Popcorn, microwave, NFS",48
2841,"Popcorn, microwave, plain",48
2842,"Popcorn, microwave, plain, light",48
2843,"Popcorn, microwave, low sodium",48
2844,"Popcorn, microwave, butter flavored",48
2845,"Popcorn, microwave, flavored, light",48
2846,"Popcorn, microwave, cheese flavored",48
2847,"Popcorn, microwave, kettle",48
2848,"Popcorn, ready-to-eat, NFS",48
2849,"Popcorn, ready-to-eat, plain",48
2850,"Popcorn, ready-to-eat, plain, light",48
2851,"Popcorn, ready-to-eat, low sodium",48
2852,"Popcorn, ready-to-eat, butter flavored",48
2853,"Popcorn, ready-to-eat, cheese flavored",48
2854,"Popcorn, ready-to-eat, flavored, light",48
2855,"Popcorn, ready-to-eat, kettle",48
2856,"Popcorn, caramel coated",48
2857,"Popcorn, caramel coated, with nuts",48
2858,"Popcorn, chocolate coated",48
2859,"Popcorn chips, plain",48
2860,"Popcorn chips, other flavors",48
2861,"Popcorn chips, sweet flavors",48
2862,Onion flavored rings,12
2863,Shrimp chips,24
2864,"Pretzels, NFS",9
2865,"Pretzels, hard, NFS",24
2866,"Pretzels, hard, plain, salted",24
2867,"Pretzels, hard, plain, lightly salted",24
2868,"Pretzels, hard, plain, unsalted",24
2869,"Pretzels, hard, flavored",24
2870,"Pretzels, hard, multigrain",24
2871,"Pretzels, hard, plain, gluten free",24
2872,"Pretzels, hard, flavored, gluten free",24
2873,"Pretzel chips, hard, plain",24
2874,"Pretzel chips, hard, flavored",24
2875,"Pretzel chips, hard, gluten free",24
2876,"Pretzels, hard, coated, NFS",24
2877,"Pretzels, hard, chocolate coated",24
2878,"Pretzels, hard, white chocolate coated",24
2879,"Pretzels, hard, yogurt coated",24
2880,"Pretzels, hard, coated, gluten free",24
2881,"Pretzels, hard, filled, NFS",24
2882,"Pretzels, hard, cheese filled",24
2883,"Pretzels, hard, peanut butter filled",24
2884,"Pretzels, soft, NFS",8
2885,"Pretzels, soft, ready-to-eat, NFS",8
2886,"Pretzels, soft, ready-to-eat, salted, buttered",8
2887,"Pretzels, soft, ready-to-eat, unsalted, buttered",8
2888,"Pretzels, soft, ready-to-eat, salted, no butter",8
2889,"Pretzels, soft, ready-to-eat, unsalted, no butter",8
2890,"Pretzels, soft, ready-to-eat, cinnamon sugar coated",8
2891,"Pretzels, soft, ready-to-eat, coated or flavored",8
2892,"Pretzels, soft, ready-to-eat, topped with meat",8
2893,"Pretzels, soft, ready-to-eat, topped with cheese",8
2894,"Pretzels, soft, from frozen, NFS",8
2895,"Pretzels, soft, from frozen, salted",8
2896,"Pretzels, soft, from frozen, unsalted",8
2897,"Pretzels, soft, from frozen, cinnamon sugar coated",8
2898,"Pretzels, soft, from frozen, coated or flavored",8
2899,"Pretzels, soft, from frozen, topped with meat",8
2900,"Pretzels, soft, from frozen, topped with cheese",8
2901,"Pretzels, soft, filled with cheese",8
2902,"Pretzels, soft, from school lunch",8
2903,"Pretzels, soft, multigrain",8
2904,"Pretzels, soft, gluten free",8
2905,"Pretzels, soft, gluten free, cinnamon sugar coated",8
2906,"Pretzels, soft, gluten free, coated or flavored",8
2907,Multigrain chips (Sun Chips),24
2908,"Snack mix, plain (Chex Mix)",48
2909,Bagel chips,24
2910,Cracker chips,24
2911,"Pancakes, NFS",8
2912,"Pancakes, plain, frozen",8
2913,"Pancakes, fruit, frozen",8
2914,"Pancakes, chocolate, frozen",8
2915,"Pancakes, whole grain, frozen",8
2916,"Pancakes, plain, fast food / restaurant",8
2917,"Pancakes, fruit, fast food / restaurant",8
2918,"Pancakes, chocolate, fast food / restaurant",8
2919,"Pancakes, whole grain, fast food / restaurant",8
2920,"Pancakes, school",8
2921,"Pancakes, plain",8
2922,"Pancakes, plain, reduced fat",8
2923,"Pancakes, fruit",8
2924,"Pancakes, pumpkin",8
2925,"Pancakes, chocolate",8
2926,"Pancakes, whole grain",8
2927,"Pancakes, whole grain, reduced fat",8
2928,"Pancakes, gluten free",8
2929,"Waffle, NFS",8
2930,"Waffle, plain, frozen",8
2931,"Waffle, plain, reduced fat",8
2932,"Waffle, fruit, frozen",8
2933,"Waffle, chocolate, frozen",8
2934,"Waffle, whole grain, frozen",8
2935,"Waffle, whole grain, reduced fat",8
2936,"Waffle, whole grain, fruit, frozen",8
2937,"Waffle, plain, fast food / restaurant",8
2938,"Waffle, chocolate, fast food / restaurant",8
2939,"Waffle, fruit, fast food / restaurant",8
2940,"Waffle, whole grain, fast food / restaurant",8
2941,"Waffle, school",8
2942,"Waffle, plain",8
2943,"Waffle, fruit",8
2944,"Waffle, chocolate",8
2945,"Waffle, cinnamon",8
2946,"Waffle, whole grain",8
2947,"Waffle, gluten free",8
2948,"French toast, NFS",10
2949,"French toast, frozen",10
2950,"French toast, fast food / restaurant",10
2951,"French toast, school",10
2952,"French toast, plain",10
2953,"French toast, whole grain",10
2954,"French toast, gluten free",10
2955,French toast sticks,10
2956,"French toast sticks, fast food / restaurant",10
2957,"French toast sticks, school",10
2958,"Crepe, NFS",8
2959,"Crepe, plain",8
2960,Chinese pancake,8
2961,"Dumpling, no meat",8
2962,Cake made with glutinous rice,12
2963,Idli,8
2964,"Dosa, plain",8
2965,Cake made with glutinous rice and dried beans,12
2966,Funnel cake with sugar,24
2967,Funnel cake with sugar and fruit,24
2968,"Pasta, vegetable, cooked",9
2969,"Noodles, cooked",9
2970,"Noodles, whole grain, cooked",9
2971,"Noodles, chow mein",9
2972,"Long rice noodles, made from mung beans, cooked",9
2973,"Rice noodles, cooked",9
2974,"Pasta, cooked",9
2975,"Pasta, whole grain, cooked",9
2976,"Pasta, gluten free",9
2977,"Cereal, cooked, NFS",6
2978,Barley,6
2979,Buckwheat groats,6
2980,"Grits, NFS",6
2981,"Grits, regular or quick, made with water, NS as to fat",6
2982,"Grits, regular or quick, made with water, no added fat",6
2983,"Grits, regular or quick, made with water, fat added",6
2984,"Grits, with cheese, NS as to fat",6
2985,"Grits, with cheese, no added fat",6
2986,"Grits, with cheese, fat added",6
2987,"Grits, instant, made with water, no added fat",6
2988,"Grits, instant, made with water, fat added",6
2989,"Grits, instant, made with water, NS as to fat",6
2990,"Cornmeal mush, NS as to fat",6
2991,"Cornmeal mush, no added fat",6
2992,"Cornmeal mush, fat added",6
2993,"Masa harina, cooked",8
2994,Millet,6
2995,"Oatmeal, fast food, plain",6
2996,"Oatmeal, fast food, flavored",6
2997,"Oatmeal, NFS",6
2998,"Oatmeal, regular or quick, made with water, no added fat",6
2999,"Oatmeal, regular or quick, made with water, fat added",6
3000,"Oatmeal, regular or quick, made with milk, no added fat",6
3001,"Oatmeal, regular or quick, made with milk, fat added",6
3002,"Oatmeal, regular or quick, made with non-dairy milk, no added fat",6
3003,"Oatmeal, regular or quick, made with non-dairy milk, fat added",6
3004,"Oatmeal, instant, plain, made with water, no added fat",6
3005,"Oatmeal, instant, plain, made with water, fat added",6
3006,"Oatmeal, instant, plain, made with milk, no added fat",6
3007,"Oatmeal, instant, plain, made with milk, fat added",6
3008,"Oatmeal, instant, plain, made with non-dairy milk, no added fat",6
3009,"Oatmeal, instant, plain, made with non-dairy milk, fat added",6
3010,"Oatmeal, instant, maple flavored, no added fat",6
3011,"Oatmeal, instant, maple flavored, fat added",6
3012,"Oatmeal, instant, fruit flavored, no added fat",6
3013,"Oatmeal, instant, fruit flavored, fat added",6
3014,"Oatmeal, reduced sugar",6
3015,"Oatmeal, multigrain",6
3016,"Quinoa, NS as to fat",8
3017,"Quinoa, no added fat",8
3018,"Quinoa, fat added",8
3019,"Rice, cooked, NFS",8
3020,"Rice, white, cooked, NS as to fat",8
3021,"Rice, white, cooked, made with oil",8
3022,"Rice, white, cooked, made with butter",8
3023,"Rice, white, cooked, made with margarine",8
3024,"Rice, white, cooked, fat added, NS as to fat type",8
3025,"Rice, white, cooked, no added fat",8
3026,"Rice, brown, cooked, NS as to fat",8
3027,"Rice, brown, cooked, fat added, made with oil",8
3028,"Rice, brown, cooked, made with butter",8
3029,"Rice, brown, cooked, made with margarine",8
3030,"Rice, brown, cooked, fat added, NS as to fat type",8
3031,"Rice, brown, cooked, no added fat",8
3032,Cream of rice,6
3033,"Rice, cooked, with milk",8
3034,"Rice, sweet, cooked with honey",12
3035,Congee,6
3036,"Yellow rice, cooked, NS as to fat",8
3037,"Yellow rice, cooked, no added fat",8
3038,"Yellow rice, cooked, fat added",8
3039,"Rice, white, cooked, glutinous",8
3040,"Rice, wild, 100%, cooked, NS as to fat",8
3041,"Rice, wild, 100%, cooked, no added fat",8
3042,"Rice, wild, 100%, cooked, fat added",8
3043,"Rice, white and wild, cooked, no added fat",8
3044,"Rice, brown and wild, cooked, no added fat",8
3045,"Rice, white and wild, cooked, fat added",8
3046,"Rice, white and wild, cooked, NS as to fat",8
3047,"Rice, brown and wild, cooked, fat added",8
3048,"Rice, brown and wild, cooked, NS as to fat",8
3049,"Rice, white, cooked with fat, Puerto Rican style",8
3050,"Cream of wheat, NFS",6
3051,"Cream of wheat, regular or quick, made with water, no added fat",6
3052,"Cream of wheat, regular or quick, made with water, fat added",6
3053,"Cream of wheat, instant, made with water, no added fat",6
3054,"Cream of wheat, instant, made with water, fat added",6
3055,"Bulgur, no added fat",8
3056,"Bulgur, fat added",8
3057,"Bulgur, NS as to fat",8
3058,"Couscous, plain, cooked",8
3059,"Whole wheat cereal, cooked",6
3060,"Wheat cereal, chocolate flavored, cooked",6
3061,"Oat bran cereal, cooked",6
3062,"Cereal, ready-to-eat, NFS",8
3063,"Cereal, O's, flavored",8
3064,"Cereal, crunch",8
3065,"Cereal, O's, plain",8
3066,"Cereal, chocolate puffs",8
3067,"Cereal, cinnamon toast",8
3068,"Cereal, chocolate crispy",8
3069,"Cereal, corn squares",8
3070,"Cereal, corn flakes, plain",8
3071,"Cereal, corn puffs",8
3072,"Cereal, rice crispy, plain",8
3073,"Cereal, bran flakes, plain",8
3074,"Cereal, shredded wheat, flavored",8
3075,"Cereal, rice crispy, flavored",8
3076,"Cereal, fruit rings",8
3077,"Cereal, fruit crispy",8
3078,"Cereal, granola",8
3079,"Cereal, oat bunches",8
3080,"Cereal, corn squares, flavored",8
3081,"Cereal, O's, honey nut",12
3082,"Cereal, multigrain",8
3083,"Cereal, oat squares",8
3084,"Cereal, frosted oats with marshmallows",8
3085,"Cereal, O's, multigrain",8
3086,"Cereal, bran flakes, flavored",8
3087,"Cereal, rice squares",8
3088,"Cereal, K's, plain",8
3089,"Cereal, K's, flavored",8
3090,"Cereal, flavored puffs",8
3091,"Cereal, corn flakes, flavored",8
3092,"Cereal, O's, NFS",8
3093,"Cereal, wheat squares",8
3094,Wheat germ,8
3095,"Cereal, plain puffs",8
3096,"Cereal, shredded wheat, plain",8
3097,"Cereal, wheat flakes",8
3098,"Cereal, other, NFS",8
3099,"Cereal, other, plain",8
3100,"Cereal, other, fruit flavored",8
3101,"Cereal, other, chocolate",8
3102,"Cereal, other, peanut butter",12
3103,"Cereal, other, honey",12
3104,"Cereal, reduced sugar",8
3105,Wheat bran,8
3106,"Oats, raw",60
3107,"Cereal, oat bran, ready-to-eat",8
3108,"Baby Toddler cereal, barley, dry",6
3109,"Baby Toddler cereal, oatmeal, dry",6
3110,"Baby Toddler cereal, rice, dry",6
3111,"Baby Toddler cereal, rice with fruit, dry",6
3112,"Baby Toddler cereal, multigrain with fruit, dry",6
3113,"Baby Toddler cereal, multigrain, dry",6
3114,"Baby Toddler cereal, oatmeal with fruit, dry",6
3115,"Baby Toddler cereal, NFS",6
3116,"Baby Toddler cereal, rice, ready-to-eat",6
3117,"Baby Toddler cereal, oatmeal, ready-to-eat",6
3118,"Baby Toddler cereal, multigrain, ready-to-eat",6
3119,"Baby Toddler cereal, multigrain with fruit, ready-to-eat",6
3120,"Baby Toddler cereal, oatmeal with fruit, ready-to-eat",6
3121,"Baby Toddler cereal, rice with fruit, ready-to-eat",6
3122,Chilaquiles,8
3123,Frito pie,12
3124,Mexican pizza,8
3125,Taco or tostada salad with meat,8
3126,Taco or tostada salad with chicken,8
3127,"Taco or tostada salad, meatless",8
3128,Taco or tostada salad with meat and sour cream,8
3129,Taco or tostada salad with chicken and sour cream,8
3130,"Taco or tostada salad, meatless with sour cream",8
3131,"Taco, NFS",8
3132,"Taco, corn tortilla, beef, cheese",8
3133,"Taco, corn tortilla, beef, with beans, cheese",8
3134,"Taco, corn tortilla, pork, cheese",8
3135,"Taco, corn tortilla, pork, with beans, cheese",8
3136,"Taco, corn tortilla, chicken, cheese",8
3137,"Taco, corn tortilla, chicken, with beans, cheese",8
3138,"Taco, corn tortilla, with beans, cheese",8
3139,"Taco, flour tortilla, beef, cheese",8
3140,"Taco, flour tortilla, beef, with beans, cheese",8
3141,"Taco, flour tortilla, pork, cheese",8
3142,"Taco, flour tortilla, pork, with beans, cheese",8
3143,"Taco, flour tortilla, chicken, cheese",8
3144,"Taco, flour tortilla, chicken, with beans, cheese",8
3145,"Taco, flour tortilla, with beans, cheese",8
3146,"Taco, fish",8
3147,"Taco, meat, no cheese",8
3148,"Taco, meat, with beans, no cheese",8
3149,"Taco, with beans, no cheese",8
3150,"Taco, cheese only",8
3151,"Burrito, NFS",9
3152,"Burrito, beef, cheese",9
3153,"Burrito, beef, with rice, cheese",9
3154,"Burrito, beef, with beans, cheese",9
3155,"Burrito, beef, with beans and rice, cheese",9
3156,"Burrito, pork, cheese",9
3157,"Burrito, pork, with rice, cheese",9
3158,"Burrito, pork, with beans, cheese",9
3159,"Burrito, pork, with beans and rice, cheese",9
3160,"Burrito, chicken, cheese",9
3161,"Burrito, chicken, with rice, cheese",9
3162,"Burrito, chicken, with beans, cheese",9
3163,"Burrito, chicken, with beans and rice, cheese",9
3164,"Burrito, with beans, no cheese",9
3165,"Burrito, with beans, cheese",9
3166,"Burrito, with beans and rice, cheese",9
3167,"Burrito, meat, no cheese",9
3168,"Burrito, meat, with rice, no cheese",9
3169,"Burrito, meat, with beans, no cheese",9
3170,"Burrito, meat, with beans and rice, no cheese",9
3171,"Burrito, cheese only",9
3172,"Burrito bowl, NFS",9
3173,"Burrito bowl, beef or pork",9
3174,"Burrito bowl, beef or pork, with rice",9
3175,"Burrito bowl, beef or pork, with beans",9
3176,"Burrito bowl, beef or pork, with beans and rice",9
3177,"Burrito bowl, chicken",9
3178,"Burrito bowl, chicken, with rice",9
3179,"Burrito bowl, chicken, with beans",9
3180,"Burrito bowl, chicken, with beans and rice",9
3181,"Burrito bowl, with beans",9
3182,"Enchilada, NFS",8
3183,"Enchilada, beef",8
3184,"Enchilada, pork",8
3185,"Enchilada, chicken",8
3186,"Enchilada, no meat",8
3187,"Tamale, NFS",8
3188,"Tamale, beef",8
3189,"Tamale, pork",8
3190,"Tamale, chicken",8
3191,"Tamale, no meat",8
3192,Tamale casserole with meat,12
3193,"Nachos, NFS",24
3194,"Nachos, cheese only",24
3195,"Nachos, beef or pork",24
3196,"Nachos, beef or pork, with beans",24
3197,"Nachos, chicken",24
3198,"Nachos, chicken, with beans",24
3199,"Nachos, with beans",24
3200,"Gordita, cheese only",8
3201,"Gordita, with beans",8
3202,"Gordita, meat",8
3203,"Gordita, meat, with beans",8
3204,"Chimichanga, meat",12
3205,"Chimichanga, with beans",12
3206,"Chimichanga, chicken",12
3207,"Quesadilla, NFS",8
3208,"Quesadilla, cheese only",8
3209,"Quesadilla, beef or pork",8
3210,"Quesadilla, chicken",8
3211,"Quesadilla, with vegetables",8
3212,"Quesadilla, beef or pork, with vegetables",8
3213,"Quesadilla, chicken, with vegetables",8
3214,"Quesadilla, egg",8
3215,"Quesadilla, egg, with meat",8
3216,"Taquito, cheese only",8
3217,"Taquito, beef or pork",8
3218,"Taquito, chicken",8
3219,"Taquito, egg",8
3220,"Fajita, NFS",8
3221,"Fajita, chicken",8
3222,"Fajita, beef or pork",8
3223,"Fajita, shrimp",8
3224,"Fajita, vegetable",8
3225,"Pupusa, cheese only",8
3226,"Pupusa, with beans",8
3227,"Pupusa, meat",8
3228,"Pupusa, meat, with beans",8
3229,"Pizza, cheese, from frozen, thin crust",8
3230,"Pizza, cheese, from frozen, thick crust",8
3231,"Pizza, cheese, from restaurant or fast food, NS as to type of crust",8
3232,"Pizza, cheese, from restaurant or fast food, thin crust",8
3233,"Pizza, cheese, from restaurant or fast food, medium crust",8
3234,"Pizza, cheese, from restaurant or fast food, thick crust",8
3235,"Pizza, cheese, stuffed crust",8
3236,"Pizza, cheese, from school lunch, medium crust",8
3237,"Pizza, cheese, from school lunch, thin crust",8
3238,"Pizza, cheese, from school lunch, thick crust",8
3239,"Pizza, extra cheese, thin crust",8
3240,"Pizza, extra cheese, thick crust",8
3241,"Pizza, cheese, with vegetables, from frozen, thin crust",8
3242,"Pizza, cheese with vegetables, from frozen, thick crust",8
3243,"Pizza, cheese, with vegetables, from restaurant or fast food, thin crust",8
3244,"Pizza, cheese, with vegetables, from restaurant or fast food, medium crust",8
3245,"Pizza, cheese, with vegetables, from restaurant or fast food, thick crust",8
3246,"Pizza with cheese and extra vegetables, thin crust",8
3247,"Pizza with cheese and extra vegetables, medium crust",8
3248,"Pizza with cheese and extra vegetables, thick crust",8
3249,"Pizza, cheese, with fruit, thin crust",8
3250,"Pizza, cheese, with fruit, medium crust",8
3251,"Pizza, cheese, with fruit, thick crust",8
3252,"Pizza with pepperoni, from frozen, thin crust",18
3253,"Pizza with pepperoni, from frozen, medium crust",18
3254,"Pizza with pepperoni, from frozen, thick crust",18
3255,"Pizza with pepperoni, from restaurant or fast food, NS as to type of crust",18
3256,"Pizza with pepperoni, from restaurant or fast food, thin crust",18
3257,"Pizza with pepperoni, from restaurant or fast food,  medium crust",18
3258,"Pizza with pepperoni, from restaurant or fast food, thick crust",18
3259,"Pizza with pepperoni, stuffed crust",18
3260,"Pizza with pepperoni, from school lunch, thin crust",18
3261,"Pizza, with pepperoni, from school lunch, medium crust",18
3262,"Pizza with pepperoni, from school lunch, thick crust",18
3263,"Pizza with meat other than pepperoni, from frozen, thin crust",8
3264,"Pizza with meat other than pepperoni, from frozen, medium crust",8
3265,"Pizza with meat other than pepperoni, from frozen, thick crust",8
3266,"Pizza with meat other than pepperoni, from restaurant or fast food, NS as to type of crust",8
3267,"Pizza with meat other than pepperoni, from restaurant or fast food, thin crust",8
3268,"Pizza with meat other than pepperoni, from restaurant or fast food, medium crust",8
3269,"Pizza with meat other than pepperoni, from restaurant or fast food, thick crust",8
3270,"Pizza, with meat other than pepperoni, stuffed crust",8
3271,"Pizza, with meat other than pepperoni, from school lunch, medium crust",8
3272,"Pizza, with meat other than pepperoni, from school lunch, thin crust",8
3273,"Pizza, with meat other than pepperoni, from school lunch, thick crust",8
3274,"Pizza with extra meat, thin crust",8
3275,"Pizza with extra meat, medium crust",8
3276,"Pizza with extra meat, thick crust",8
3277,"Pizza with meat and vegetables, from frozen, thin crust",8
3278,"Pizza with meat and vegetables, from frozen, medium crust",8
3279,"Pizza with meat and vegetables, from frozen, thick crust",8
3280,"Pizza with meat and vegetables, from restaurant or fast food, thin crust",8
3281,"Pizza with meat and vegetables, from restaurant or fast food, medium crust",8
3282,"Pizza with meat and vegetables, from restaurant or fast food, thick crust",8
3283,"Pizza with extra meat and extra vegetables, thin crust",8
3284,"Pizza with extra meat and extra vegetables, thick crust",8
3285,"Pizza with extra meat and extra vegetables, medium crust",8
3286,"Pizza with meat and fruit, thin crust",8
3287,"Pizza with meat and fruit, medium crust",8
3288,"Pizza with meat and fruit, thick crust",8
3289,"Pizza with beans and vegetables, thin crust",8
3290,"Pizza with beans and vegetables, thick crust",8
3291,"Pizza, no cheese, thin crust",8
3292,"Pizza, no cheese, thick crust",8
3293,"White pizza, cheese, thin crust",8
3294,"White pizza, cheese, thick crust",8
3295,"White pizza, cheese, with vegetables, thin crust",8
3296,"White pizza, cheese, with vegetables, thick crust",8
3297,"White pizza, cheese, with meat, thin crust",8
3298,"White pizza, cheese, with meat, thick crust",8
3299,"White pizza, cheese, with meat and vegetables, thin crust",8
3300,"White pizza, cheese, with meat and vegetables, thick crust",8
3301,"Calzone, with cheese, meatless",8
3302,"Calzone, with meat and cheese",8
3303,Pizza rolls,8
3304,"Pizza, cheese, whole wheat thin crust",8
3305,"Pizza, cheese, whole wheat thick crust",8
3306,"Pizza, with meat, whole wheat thin crust",8
3307,"Pizza, with meat, whole wheat thick crust",8
3308,"Pizza, cheese and vegetables, whole wheat thin crust",8
3309,"Pizza, cheese and vegetables, whole wheat thick crust",8
3310,"Pizza, cheese, gluten-free thin crust",8
3311,"Pizza, cheese, gluten-free thick crust",8
3312,"Pizza, with meat, gluten-free thin crust",8
3313,"Pizza, with meat, gluten-free thick crust",8
3314,"Pizza, cheese and vegetables, gluten-free thin crust",8
3315,"Pizza, cheese and vegetables, gluten-free thick crust",8
3316,Breakfast pizza with egg,8
3317,"Egg roll, meatless",9
3318,"Egg roll, with shrimp",9
3319,"Egg roll, with beef and/or pork",9
3320,"Egg roll, with chicken or turkey",9
3321,"Roll with meat and/or shrimp, vegetables and rice paper, not fried",9
3322,"Wonton, dumpling or pot sticker, fried",12
3323,"Wonton, dumpling or pot sticker, fried, no meat",12
3324,"Puffs, fried, crab meat and cream cheese filled",12
3325,"Wonton, dumpling or pot sticker, steamed",8
3326,"Empanada, NFS",8
3327,"Empanada, no meat",8
3328,"Empanada, beef",8
3329,"Empanada, beef, with vegetables",8
3330,"Empanada, chicken",8
3331,"Empanada, chicken, with vegetables",8
3332,"Cornmeal stick, Puerto Rican style",8
3333,"Kibby, Puerto Rican style",8
3334,Bacalaitos fritos,12
3335,"Hayacas, Puerto Rican style",8
3336,"Crepe, with meat",8
3337,Pierogi,8
3338,"Gnocchi, cheese",8
3339,"Gnocchi, potato",8
3340,Knish,8
3341,Bao bun,9
3342,"Bao bun, no meat",9
3343,"Pastry, cheese-filled",12
3344,"Pastry, egg and cheese filled",12
3345,"Pastry, meat / poultry-filled",12
3346,Spanakopita,12
3347,Samosa,12
3348,"Quiche with meat, poultry or fish",12
3349,"Spinach quiche, meatless",12
3350,"Cheese quiche, meatless",12
3351,"Turnover or hot pocket, NFS",9
3352,"Turnover or hot pocket, meatless",9
3353,"Turnover or hot pocket, beef",9
3354,"Turnover or hot pocket, ham",9
3355,"Turnover or hot pocket, pizza pocket, meat",9
3356,"Turnover or hot pocket, pizza pocket",9
3357,"Turnover or hot pocket, chicken",9
3358,"Turnover, seafood",9
3359,Turnover or lean pocket,9
3360,"Turnover or breakfast pocket, egg",9
3361,Biscuit with gravy,8
3362,Chicken cornbread,9
3363,Cornmeal dressing with chicken or turkey and vegetables,9
3364,Dressing with oysters,8
3365,Dressing with chicken or turkey and vegetables,8
3366,Dressing with meat and vegetables,8
3367,Lasagna with meat,12
3368,"Lasagna with meat, canned",12
3369,"Lasagna with meat, from restaurant",12
3370,"Lasagna with meat, home recipe",12
3371,"Lasagna with meat, frozen",12
3372,Lasagna with meat and spinach,12
3373,Lasagna with chicken or turkey,12
3374,"Lasagna, with chicken or turkey, and spinach",12
3375,"Lasagna, meatless",12
3376,"Lasagna, meatless, with vegetables",12
3377,"Ravioli, NS as to filling, no sauce",9
3378,"Ravioli, NS as to filling, with tomato sauce",9
3379,"Ravioli, NS as to filling, with cream sauce",9
3380,"Ravioli, meat-filled, no sauce",9
3381,"Ravioli, meat-filled, with tomato sauce or meat sauce",9
3382,"Ravioli, meat-filled, with tomato sauce or meat sauce, canned",9
3383,"Ravioli, meat-filled, with cream sauce",9
3384,"Ravioli, cheese-filled, no sauce",9
3385,"Ravioli, cheese-filled, with tomato sauce",9
3386,"Ravioli, cheese-filled, with tomato sauce, canned",9
3387,"Ravioli, cheese-filled, with meat sauce",9
3388,"Ravioli, cheese-filled, with cream sauce",9
3389,"Ravioli, cheese and spinach-filled, no sauce",9
3390,"Ravioli, cheese and spinach-filled, with cream sauce",9
3391,"Ravioli, cheese and spinach filled, with tomato sauce",9
3392,"Manicotti, cheese-filled, no sauce",9
3393,"Manicotti, cheese-filled, with tomato sauce, meatless",9
3394,"Manicotti, cheese-filled, with meat sauce",9
3395,"Manicotti, vegetable- and cheese-filled, with tomato sauce, meatless",9
3396,"Stuffed shells, cheese-filled, no sauce",9
3397,"Stuffed shells, cheese-filled, with tomato sauce, meatless",9
3398,"Stuffed shells, cheese-filled, with meat sauce",9
3399,"Stuffed shells, cheese- and spinach- filled, no sauce",9
3400,"Stuffed shells, with chicken, with tomato sauce",9
3401,"Stuffed shells, with fish and/or shellfish, with tomato sauce",9
3402,"Tortellini, meat-filled, with tomato sauce",9
3403,"Tortellini, meat-filled, with tomato sauce, canned",9
3404,"Tortellini, cheese-filled, meatless, with tomato sauce",9
3405,"Tortellini, cheese-filled, meatless, with tomato sauce, canned",9
3406,"Tortellini, cheese-filled, meatless, with vinaigrette dressing",9
3407,"Tortellini, meat-filled, no sauce",9
3408,"Tortellini, cheese-filled, with cream sauce",9
3409,"Tortellini, cheese-filled, no sauce",9
3410,"Tortellini, spinach-filled, with tomato sauce",9
3411,"Tortellini, spinach-filled, no sauce",9
3412,"Cannelloni, cheese- and spinach-filled, no sauce",9
3413,Chow fun noodles with meat and vegetables,9
3414,"Chow fun noodles with vegetables, meatless",9
3415,"Lo mein, NFS",9
3416,"Lo mein, meatless",9
3417,"Lo mein, with shrimp",9
3418,"Lo mein, with pork",9
3419,"Lo mein, with beef",9
3420,"Lo mein, with chicken",9
3421,"Pad Thai, NFS",9
3422,"Pad Thai, meatless",9
3423,Pad Thai with chicken,9
3424,Pad Thai with seafood,9
3425,Pad Thai with meat,9
3426,"Adobo, with noodles",9
3427,"Macaroni with tuna, Puerto Rican style",9
3428,Macaroni or noodles with cheese,9
3429,"Macaroni or noodles with cheese, from restaurant",9
3430,"Macaroni or noodles with cheese, made from packaged mix",9
3431,"Macaroni or noodles with cheese, canned",9
3432,"Macaroni or noodles with cheese, Easy Mac type",9
3433,"Macaroni or noodles with cheese, made from reduced fat packaged mix",9
3434,Macaroni or noodles with cheese and tuna,9
3435,Macaroni or noodles with cheese and meat,9
3436,"Macaroni or noodles with cheese and meat, prepared from Hamburger Helper mix",9
3437,Macaroni or noodles with cheese and tomato,9
3438,Macaroni or noodles with cheese and frankfurters or hot dogs,18
3439,Macaroni or noodles with cheese and egg,9
3440,Macaroni or noodles with cheese and chicken or turkey,9
3441,"Macaroni or noodles with cheese, whole grain",9
3442,"Pasta with tomato-based sauce, cheese and meat",9
3443,Pasta with tomato-based sauce and cheese,9
3444,"Pasta with vegetables, no sauce or dressing",9
3445,"Pasta with sauce, NFS",9
3446,"Pasta with sauce, meatless, school lunch",9
3447,"Pasta with tomato-based sauce, restaurant",9
3448,"Pasta with tomato-based sauce, home recipe",9
3449,"Pasta with tomato-based sauce, ready-to-heat",9
3450,"Pasta with tomato-based sauce, and added vegetables, restaurant",9
3451,"Pasta with tomato-based sauce, and added vegetables, home recipe",9
3452,"Pasta with tomato-based sauce, and added vegetables, ready-to-heat",9
3453,"Pasta with sauce and meat, from school lunch",9
3454,"Pasta with tomato-based sauce and meat, restaurant",9
3455,"Pasta with tomato-based sauce and meat, home recipe",9
3456,"Pasta with tomato-based sauce and meat, ready-to-heat",9
3457,"Pasta with tomato-based sauce, meat, and added vegetables, restaurant",9
3458,"Pasta with tomato-based sauce, meat, and added vegetables, home recipe",9
3459,"Pasta with tomato-based sauce, meat, and added vegetables, ready-to-heat",9
3460,"Pasta with tomato-based sauce and poultry, restaurant",9
3461,"Pasta with tomato-based sauce and poultry, home recipe",9
3462,"Pasta with tomato-based sauce and poultry, ready-to-heat",9
3463,"Pasta with tomato-based sauce, poultry, and added vegetables, restaurant",9
3464,"Pasta with tomato-based sauce, poultry, and added vegetables, home recipe",9
3465,"Pasta with tomato-based sauce, poultry, and added vegetables, ready-to-heat",9
3466,"Pasta with tomato-based sauce and seafood, restaurant",9
3467,"Pasta with tomato-based sauce and seafood, home recipe",9
3468,"Pasta with tomato-based sauce and seafood, ready-to-heat",9
3469,"Pasta with tomato-based sauce, seafood, and added vegetables, restaurant",9
3470,"Pasta with tomato-based sauce, seafood, and added vegetables, home recipe",9
3471,"Pasta with tomato-based sauce, seafood, and added vegetables, ready-to-heat",9
3472,"Pasta with cream sauce, restaurant",9
3473,"Pasta with cream sauce, home recipe",9
3474,"Pasta with cream sauce, ready-to-heat",9
3475,"Pasta with cream sauce and added vegetables, restaurant",9
3476,"Pasta with cream sauce and added vegetables, from home recipe",9
3477,"Pasta with cream sauce and added vegetables, ready-to-heat",9
3478,"Pasta with cream sauce and meat, restaurant",9
3479,"Pasta with cream sauce and meat, home recipe",9
3480,"Pasta with cream sauce and meat, ready-to-heat",9
3481,"Pasta with cream sauce, meat, and added vegetables, restaurant",9
3482,"Pasta with cream sauce, meat, and added vegetables, home recipe",9
3483,"Pasta with cream sauce, meat, and added vegetables, ready-to-heat",9
3484,"Pasta with cream sauce and poultry, restaurant",9
3485,"Pasta with cream sauce and poultry, home recipe",9
3486,"Pasta with cream sauce and poultry, ready-to-heat",9
3487,"Pasta with cream sauce, poultry, and added vegetables, restaurant",9
3488,"Pasta with cream sauce, poultry, and added vegetables, home recipe",9
3489,"Pasta with cream sauce, poultry, and added vegetables, ready-to-heat",9
3490,"Pasta with cream sauce and seafood, restaurant",9
3491,"Pasta with cream sauce and seafood, home recipe",9
3492,"Pasta with cream sauce and seafood, ready-to-heat",9
3493,"Pasta with cream sauce, seafood, and added vegetables, restaurant",9
3494,"Pasta with cream sauce, seafood, and added vegetables, home recipe",9
3495,"Pasta with cream sauce, seafood, and added vegetables, ready-to-heat",9
3496,"Pasta, whole grain, with tomato-based sauce, restaurant",9
3497,"Pasta, whole grain, with tomato-based sauce, home recipe",9
3498,"Pasta, whole grain, with tomato-based sauce, ready-to-heat",9
3499,"Pasta, whole grain, with tomato-based sauce and added vegetables, restaurant",9
3500,"Pasta, whole grain, with tomato-based sauce and added vegetables, home recipe",9
3501,"Pasta, whole grain, with tomato-based sauce and added vegetables, ready-to-heat",9
3502,"Pasta, whole grain, with tomato-based sauce and meat, restaurant",9
3503,"Pasta, whole grain, with tomato-based sauce and meat, home recipe",9
3504,"Pasta, whole grain, with tomato-based sauce and meat, ready-to-heat",9
3505,"Pasta, whole grain, with tomato-based sauce, meat, and added vegetables, restaurant",9
3506,"Pasta, whole grain, with tomato-based sauce, meat, and added vegetables, home recipe",9
3507,"Pasta, whole grain, with tomato-based sauce, meat, and added vegetables, ready-to-heat",9
3508,"Pasta, whole grain, with tomato-based sauce and poultry, restaurant",9
3509,"Pasta, whole grain, with tomato-based sauce and poultry, home recipe",9
3510,"Pasta, whole grain, with tomato-based sauce and poultry, ready-to-heat",9
3511,"Pasta, whole grain, with tomato-based sauce, poultry, and added vegetables, restaurant",9
3512,"Pasta, whole grain, with tomato-based sauce, poultry, and added vegetables, home recipe",9
3513,"Pasta, whole grain, with tomato-based sauce, poultry, and added vegetables, ready-to-heat",9
3514,"Pasta, whole grain, with tomato-based sauce and seafood, restaurant",9
3515,"Pasta, whole grain, with tomato-based sauce and seafood, home recipe",9
3516,"Pasta, whole grain, with tomato-based sauce and seafood, ready-to-heat",9
3517,"Pasta, whole grain, with tomato-based sauce, seafood, and added vegetables, restaurant",9
3518,"Pasta, whole grain, with tomato-based sauce, seafood, and added vegetables, home recipe",9
3519,"Pasta, whole grain, with tomato-based sauce, seafood, and added vegetables, ready-to-heat",9
3520,"Pasta, whole grain, with cream sauce, restaurant",9
3521,"Pasta, whole grain, with cream sauce, home recipe",9
3522,"Pasta, whole grain, with cream sauce, ready-to-heat",9
3523,"Pasta, whole grain, with cream sauce, and added vegetables, restaurant",9
3524,"Pasta, whole grain, with cream sauce, and added vegetables, home recipe",9
3525,"Pasta, whole grain, with cream sauce, and added vegetables, ready-to-heat",9
3526,"Pasta, whole grain, with cream sauce and meat, restaurant",9
3527,"Pasta, whole grain, with cream sauce and meat, home recipe",9
3528,"Pasta, whole grain, with cream sauce and meat, ready-to-heat",9
3529,"Pasta, whole grain, with cream sauce, meat, and added vegetables, restaurant",9
3530,"Pasta, whole grain, with cream sauce, meat, and added vegetables, home recipe",9
3531,"Pasta, whole grain, with cream sauce, meat, and added vegetables, ready-to-heat",9
3532,"Pasta, whole grain, with cream sauce and poultry, restaurant",9
3533,"Pasta, whole grain, with cream sauce and poultry, home recipe",9
3534,"Pasta, whole grain, with cream sauce and poultry, ready-to-heat",9
3535,"Pasta, whole grain, with cream sauce, poultry, and added vegetables, restaurant",9
3536,"Pasta, whole grain, with cream sauce, poultry, and added vegetables, home recipe",9
3537,"Pasta, whole grain, with cream sauce, poultry, and added vegetables, ready-to-heat",9
3538,"Pasta, whole grain, with cream sauce and seafood, restaurant",9
3539,"Pasta, whole grain, with cream sauce and seafood, home recipe",9
3540,"Pasta, whole grain, with cream sauce and seafood, ready-to-heat",9
3541,"Pasta, whole grain, with cream sauce, seafood, and added vegetables, restaurant",9
3542,"Pasta, whole grain, with cream sauce, seafood, and added vegetables, home recipe",9
3543,"Pasta, whole grain, with cream sauce, seafood, and added vegetables, ready-to-heat",9
3544,Pasta with tomato-based sauce and beans or lentils,9
3545,"Macaroni or noodles, creamed, with cheese",9
3546,"Macaroni or noodles, creamed, with cheese and tuna",9
3547,Flavored pasta,9
3548,"Yat Ga Mein with meat, fish, or poultry",9
3549,"Macaroni or pasta salad, made with mayonnaise",9
3550,"Macaroni or pasta salad, made with light mayonnaise",9
3551,"Macaroni or pasta salad, made with mayonnaise-type salad dressing",9
3552,"Macaroni or pasta salad, made with light mayonnaise-type salad dressing",9
3553,"Macaroni or pasta salad, made with Italian dressing",9
3554,"Macaroni or pasta salad, made with light Italian dressing",9
3555,"Macaroni or pasta salad, made with creamy dressing",9
3556,"Macaroni or pasta salad, made with light creamy dressing",9
3557,"Macaroni or pasta salad, made with any type of fat free dressing",9
3558,Macaroni or pasta salad with egg,9
3559,Macaroni or pasta salad with tuna,9
3560,Macaroni or pasta salad with crab meat,9
3561,Macaroni or pasta salad with shrimp,9
3562,Macaroni or pasta salad with tuna and egg,9
3563,Macaroni or pasta salad with chicken,9
3564,Macaroni or pasta salad with cheese,9
3565,Macaroni or pasta salad with meat,9
3566,Noodle pudding,9
3567,"Bibimbap, Korean",8
3568,"Rice, fried, meatless",12
3569,"Rice, fried, NFS",12
3570,"Rice, fried, with chicken",12
3571,"Rice, fried, with pork",12
3572,"Rice, fried, with beef",12
3573,"Rice, fried, with shrimp",12
3574,"Dukboki or Tteokbokki, Korean",8
3575,"Adobo, with rice",8
3576,"Sushi, NFS",60
3577,"Sushi roll, avocado",60
3578,"Sushi roll, California",60
3579,"Sushi roll, eel",60
3580,"Sushi roll, salmon",60
3581,"Sushi roll, shrimp",60
3582,Sushi roll tuna,60
3583,"Sushi roll, vegetable",60
3584,"Sushi, topped with crab",60
3585,"Sushi, topped with eel",60
3586,"Sushi, topped with salmon",60
3587,"Sushi, topped with shrimp",60
3588,"Sushi, topped with tuna",60
3589,"Sushi, topped with egg",60
3590,"Seafood paella, Puerto Rican style",8
3591,"Soupy rice with chicken, Puerto Rican style",8
3592,"Soupy rice mixture with chicken and potatoes, Puerto Rican style",8
3593,"Stewed rice, Puerto Rican style",12
3594,"Rice with squid, Puerto Rican style",8
3595,"Rice with vienna sausage, Puerto Rican style",18
3596,"Rice with Spanish sausage, Puerto Rican style",18
3597,"Rice with stewed beans, Puerto Rican style",12
3598,"Congee, with meat, poultry, and/or seafood",6
3599,"Congee, with meat, poultry, and/or seafood, and vegetables",6
3600,"Congee, with vegetables",6
3601,"Congee, with egg",6
3602,Biryani with vegetables,8
3603,"Beans and rice, from fast food / restaurant",8
3604,"Kidney beans and rice, from fast food / restaurant",8
3605,"Black beans and rice, from fast food / restaurant",8
3606,"Pinto beans and rice, from fast food / restaurant",8
3607,Beans and white rice,8
3608,"Beans and rice, with tomatoes",8
3609,"Beans and rice, with meat",8
3610,Kidney beans and white rice,8
3611,Black beans and white rice,8
3612,Pinto beans and white rice,8
3613,"Rice, white, with corn, NS as to fat",8
3614,"Rice, white, with corn, no added fat",8
3615,"Rice, white, with corn, fat added",8
3616,"Rice, white, with peas, NS as to fat",8
3617,"Rice, white, with peas, no added fat",8
3618,"Rice, white, with peas, fat added",8
3619,"Rice, white, with carrots, NS as to fat",8
3620,"Rice, white, with carrots, no added fat",8
3621,"Rice, white, with carrots, fat added",8
3622,"Rice, white, with peas and carrots, NS as to fat",8
3623,"Rice, white, with peas and carrots, no added fat",8
3624,"Rice, white, with peas and carrots, fat added",8
3625,"Rice, white, with tomatoes and/or tomato-based sauce, NS as to fat",8
3626,"Rice, white, with tomatoes and/or tomato-based sauce, no added fat",8
3627,"Rice, white, with tomatoes and/or tomato-based sauce, fat added",8
3628,"Rice, white, with dark green vegetables, NS as to fat",8
3629,"Rice, white, with dark green vegetables, no added fat",8
3630,"Rice, white, with dark green vegetables, fat added",8
3631,"Rice, white, with carrots and tomatoes and/or tomato-based sauce, NS as to fat",8
3632,"Rice, white, with carrots and tomatoes and/or tomato-based sauce, no added fat",8
3633,"Rice, white, with carrots and tomatoes and/or tomato-based sauce, fat added",8
3634,"Rice, white, with dark green vegetables and tomatoes and/or tomato-based sauce, NS as to fat",8
3635,"Rice, white, with dark green vegetables and tomatoes and/or tomato-based sauce, no added fat",8
3636,"Rice, white, with dark green vegetables and tomatoes and/or tomato-based sauce, fat added",8
3637,"Rice, white, with carrots and dark green vegetables, NS as to fat",8
3638,"Rice, white, with carrots and dark green vegetables, no added fat",8
3639,"Rice, white, with carrots and dark green vegetables, fat added",8
3640,"Rice, white, with carrots, dark green vegetables, and tomatoes and/or tomato-based sauce, NS as to fat",8
3641,"Rice, white, with carrots, dark green vegetables, and tomatoes and/or tomato-based sauce, no added fat",8
3642,"Rice, white, with carrots, dark green vegetables, and tomatoes and/or tomato-based sauce, fat added",8
3643,"Rice, white, with other vegetables, NS as to fat",8
3644,"Rice, white, with other vegetables, no added fat",8
3645,"Rice, white, with other vegetables, fat added",8
3646,"Rice, white, with lentils, NS as to fat",8
3647,"Rice, white, with lentils, fat added",8
3648,"Rice, white, with lentils, no added fat",8
3649,"Rice, cooked with coconut milk",8
3650,Beans and brown rice,8
3651,Kidney beans and brown rice,8
3652,Black beans and brown rice,8
3653,Pinto beans and brown rice,8
3654,"Rice, brown, with corn, NS as to fat",8
3655,"Rice, brown, with corn, no added fat",8
3656,"Rice, brown, with corn, fat added",8
3657,"Rice, brown, with peas, NS as to fat",8
3658,"Rice, brown, with peas, no added fat",8
3659,"Rice, brown, with peas, fat added",8
3660,"Rice, brown, with carrots, NS as to fat",8
3661,"Rice, brown, with carrots, no added fat",8
3662,"Rice, brown, with carrots, fat added",8
3663,"Rice, brown, with peas and carrots, NS as to fat",8
3664,"Rice, brown, with peas and carrots, no added fat",8
3665,"Rice, brown, with peas and carrots, fat added",8
3666,"Rice, brown, with tomatoes and/or tomato based sauce, NS as to fat",8
3667,"Rice, brown, with tomatoes and/or tomato based sauce, no added fat",8
3668,"Rice, brown, with tomatoes and/or tomato based sauce, fat added",8
3669,"Rice, brown, with dark green vegetables, NS as to fat",8
3670,"Rice, brown, with dark green vegetables, no added fat",8
3671,"Rice, brown, with dark green vegetables, fat added",8
3672,"Rice, brown, with carrots and tomatoes and/or tomato-based sauce, NS as to fat",8
3673,"Rice, brown, with carrots and tomatoes and/or tomato-based sauce, no added fat",8
3674,"Rice, brown, with carrots and tomatoes and/or tomato-based sauce, fat added",8
3675,"Rice, brown, with dark green vegetables and tomatoes and/or tomato-based sauce, NS as to fat",8
3676,"Rice, brown, with dark green vegetables and tomatoes and/or tomato-based sauce, no added fat",8
3677,"Rice, brown, with dark green vegetables and tomatoes and/or tomato-based sauce, fat added",8
3678,"Rice, brown, with carrots and dark green vegetables, NS as to fat",8
3679,"Rice, brown, with carrots and dark green vegetables, no added fat",8
3680,"Rice, brown, with carrots and dark green vegetables, fat added",8
3681,Grape leaves stuffed with rice,8
3682,"Rice, brown, with carrots, dark green vegetables, and tomatoes and/or tomato-based sauce, NS as to fat",8
3683,"Rice, brown, with carrots, dark green vegetables, and tomatoes and/or tomato-based sauce, no added fat",8
3684,"Rice, brown, with carrots, dark green vegetables, and tomatoes and/or tomato-based sauce, fat added",8
3685,"Rice, brown, with other vegetables, NS as to fat",8
3686,"Rice, brown, with other vegetables, no added fat",8
3687,"Rice, brown, with other vegetables, fat added",8
3688,Rice croquette,12
3689,"Stuffed pepper, with meat",8
3690,"Stuffed pepper, with rice and meat",8
3691,"Stuffed pepper, with rice, meatless",8
3692,"Stuffed tomato, with rice and meat",8
3693,"Stuffed tomato, with rice, meatless",8
3694,Rice pilaf,8
3695,Dirty rice,8
3696,Flavored rice mixture,8
3697,Flavored rice mixture with cheese,8
3698,"Flavored rice, brown and wild",8
3699,Flavored rice and pasta mixture,9
3700,"Flavored rice and pasta mixture, reduced sodium",9
3701,"Spanish rice, from restaurant",8
3702,"Spanish rice, fat added",8
3703,"Spanish rice, no added fat",8
3704,"Spanish rice, NS as to fat",8
3705,Spanish rice with ground beef,8
3706,Rice dressing,8
3707,Rice with raisins,8
3708,Rice dessert or salad with fruit,8
3709,"Rice, white, with cheese and/or cream based sauce, NS as to fat",8
3710,"Rice, white, with cheese and/or cream based sauce, no added fat",8
3711,"Rice, white, with cheese and/or cream based sauce, fat added",8
3712,"Rice, white, with gravy, NS as to fat",8
3713,"Rice, white, with gravy, no added fat",8
3714,"Rice, white, with gravy, fat added",8
3715,"Rice, white, with soy-based sauce, NS as to fat",8
3716,"Rice, white, with soy-based sauce, no added fat",8
3717,"Rice, white, with soy-based sauce, fat added",8
3718,"Rice, brown, with cheese and/or cream based sauce, NS as to fat",8
3719,"Rice, brown, with cheese and/or cream based sauce, no added fat",8
3720,"Rice, brown, with cheese and/or cream based sauce, fat added",8
3721,"Rice, brown, with gravy, NS as to fat",8
3722,"Rice, brown, with gravy, no added fat",8
3723,"Rice, brown, with gravy, fat added",8
3724,"Rice, brown, with soy-based sauce, NS as to fat",8
3725,"Rice, brown, with soy-based sauce, no added fat",8
3726,"Rice, brown, with soy-based sauce, fat added",8
3727,"Rice, white, with vegetables, cheese and/or cream based sauce, NS as to fat",8
3728,"Rice, white, with vegetables, cheese and/or cream based sauce, no added fat",8
3729,"Rice, white, with vegetables, cheese and/or cream based sauce, fat added",8
3730,"Rice, white, with vegetables and gravy, NS as to fat",8
3731,"Rice, white, with vegetables and gravy, no added fat",8
3732,"Rice, white, with vegetables and gravy, fat added",8
3733,"Rice, white, with vegetables, soy-based sauce, NS as to fat",8
3734,"Rice, white, with vegetables, soy-based sauce, no added fat",8
3735,"Rice, white, with vegetables, soy-based sauce, fat added",8
3736,"Rice, brown, with vegetables, cheese and/or cream based sauce, NS as to fat",8
3737,"Rice, brown, with vegetables, cheese and/or cream based sauce, no added fat",8
3738,"Rice, brown, with vegetables, cheese and/or cream based sauce, fat added",8
3739,"Rice, brown, with vegetables and gravy, NS as to fat",8
3740,"Rice, brown, with vegetables and gravy, no added fat",8
3741,"Rice, brown, with vegetables and gravy, fat added",8
3742,"Rice, brown, with vegetables, soy-based sauce, NS as to fat",8
3743,"Rice, brown, with vegetables, soy-based sauce, no added fat",8
3744,"Rice, brown, with vegetables, soy-based sauce, fat added",8
3745,Upma,8
3746,"Dosa, with filling",8
3747,Vada,8
3748,Tabbouleh,8
3749,Vegetable sandwich on white,9
3750,"Vegetable sandwich on white, with cheese",9
3751,Vegetable sandwich on wheat,9
3752,"Vegetable sandwich on wheat, with cheese",9
3753,Vegetable sandwich wrap,9
3754,"Jelly sandwich, NFS",9
3755,"Jelly sandwich, on white bread",9
3756,"Jelly sandwich, on wheat bread",9
3757,"Noodles with vegetables in tomato-based sauce, diet frozen meal",12
3758,"Spaghetti and meatballs dinner, NFS, frozen meal",12
3759,"Spaghetti with meat sauce, diet frozen meal",12
3760,"Pancakes and sausage, frozen meal",18
3761,"Soup, NFS",8
3762,"Soup, noodle, NFS",9
3763,"Soup, rice",8
3764,"Soup, barley",8
3765,"Soup, chicken noodle, canned",9
3766,"Soup, chicken noodle",9
3767,"Soup, chicken, canned, reduced sodium",8
3768,"Soup, Matzo ball",9
3769,"Soup, ramen noodles, water added",9
3770,"Ramen bowl, NFS",9
3771,Ramen bowl with beef,9
3772,Ramen bowl with chicken,9
3773,Ramen bowl with fish,9
3774,"Ramen bowl, vegetarian",9
3775,Ramen bowl with meat and egg,9
3776,"Ramen bowl, vegetarian with egg",9
3777,"Soup, wonton",9
3778,"Soup, sopa de fideo aguada",9
3779,"Soup, tortilla",8
3780,"Meat substitute, cereal- and vegetable protein-based, fried",12
3781,"Clementine, raw",6
3782,"Grapefruit, raw",6
3783,"Grapefruit, canned",6
3784,"Kumquat, raw",6
3785,"Lemon, raw",6
3786,Lemon pie filling,12
3787,"Lime, raw",6
3788,"Orange, raw",6
3789,"Orange, canned, NFS",6
3790,"Orange, canned, juice pack",6
3791,"Orange, canned, in syrup",6
3792,"Tangerine, raw",6
3793,"Grapefruit juice, 100%, freshly squeezed",12
3794,"Grapefruit juice, 100%, NS as to form",12
3795,"Grapefruit juice, 100%, canned, bottled or in a carton",12
3796,"Grapefruit juice, 100%, with calcium added",12
3797,"Lemon juice, 100%, NS as to form",12
3798,"Lemon juice, 100%, freshly squeezed",12
3799,"Lemon juice, 100%, canned or bottled",12
3800,"Lime juice, 100%, NS as to form",12
3801,"Lime juice, 100%, freshly squeezed",12
3802,"Lime juice, 100%, canned or bottled",12
3803,"Orange juice, 100%, NFS",12
3804,"Orange juice, 100%,  freshly squeezed",12
3805,"Orange juice, 100%, canned, bottled or in a carton",12
3806,"Orange juice, 100%, with calcium added, canned, bottled or in a carton",12
3807,"Orange juice, 100%, frozen, reconstituted",12
3808,"Orange juice, 100%, frozen, not reconstituted",12
3809,"Orange juice, 100%, with calcium added, frozen, reconstituted",12
3810,"Tangerine juice, 100%",12
3811,"Fruit juice blend, citrus, 100% juice",12
3812,"Dried, fruit, NFS",12
3813,"Apple, dried",12
3814,"Apricot, dried",12
3815,"Blueberries, dried",12
3816,"Cherries, dried",12
3817,Banana chips,12
3818,"Currants, dried",12
3819,"Cranberries, dried",12
3820,Date,12
3821,"Fig, dried",12
3822,"Mango, dried",12
3823,"Papaya, dried",12
3824,"Peach, dried",12
3825,"Pear, dried",12
3826,"Persimmon, dried",12
3827,"Pineapple, dried",12
3828,"Prune, dried",12
3829,Raisins,12
3830,"Fruit, NFS",6
3831,"Fruit, pickled",6
3832,"Apple, raw",6
3833,"Applesauce, regular",6
3834,"Applesauce, unsweetened",6
3835,"Applesauce, flavored",6
3836,Apple pie filling,12
3837,"Apple, baked",6
3838,"Apricot, raw",6
3839,"Apricot, canned",6
3840,"Avocado, raw",6
3841,"Banana, raw",6
3842,"Banana, baked",6
3843,"Cantaloupe, raw",6
3844,"Melon, frozen",6
3845,"Starfruit, raw",6
3846,"Cherries, maraschino",24
3847,Cherry pie filling,12
3848,"Cherries, raw",6
3849,"Cherries, canned",6
3850,"Cherries, frozen",6
3851,Dragon fruit,6
3852,"Fig, raw",6
3853,"Fig, canned",6
3854,"Grapes, raw",6
3855,"Guava, raw",6
3856,"Kiwi fruit, raw",6
3857,Lychee,6
3858,"Honeydew melon, raw",6
3859,"Mango, raw",6
3860,"Mango, canned",6
3861,"Mango, frozen",6
3862,"Nectarine, raw",6
3863,"Papaya, raw",6
3864,"Papaya, canned",6
3865,"Passion fruit, raw",6
3866,"Peach, raw",6
3867,"Peach, canned, NFS",6
3868,"Peach, canned, in syrup",6
3869,"Peach, canned, juice pack",6
3870,"Peach, frozen",6
3871,"Pear, raw",6
3872,"Pear, Asian, raw",6
3873,"Pear, canned, NFS",6
3874,"Pear, canned, in syrup",6
3875,"Pear, canned, juice pack",6
3876,"Persimmon, raw",6
3877,"Pineapple, raw",6
3878,"Pineapple, canned, NFS",6
3879,"Pineapple, canned, in syrup",6
3880,"Pineapple, canned, juice pack",6
3881,"Pineapple, frozen",6
3882,"Plum, raw",6
3883,"Plum, canned",6
3884,"Pomegranate, raw",6
3885,Rhubarb,6
3886,Tamarind,6
3887,"Watermelon, raw",6
3888,"Berries, NFS",6
3889,"Berries, frozen",6
3890,"Blackberries, raw",6
3891,"Blackberries, frozen",6
3892,"Blueberries, raw",6
3893,"Bluberries, canned",6
3894,"Blueberries, frozen",6
3895,Blueberry pie filling,12
3896,"Cranberries, raw",6
3897,Cranberry sauce,6
3898,"Raspberries, raw",6
3899,"Raspberries, frozen",6
3900,"Strawberries, raw",6
3901,"Strawberries, canned",6
3902,"Strawberries, frozen",6
3903,Ambrosia,6
3904,"Fruit salad, fresh or raw, excluding citrus fruits, no dressing",6
3905,"Fruit salad, fresh or raw, including citrus fruits, no dressing",6
3906,"Fruit cocktail, canned, NFS",6
3907,"Fruit cocktail, canned, in syrup",6
3908,"Fruit cocktail, canned, juice pack",6
3909,"Fruit mixture, frozen",6
3910,Apple salad with dressing,6
3911,"Apple, candied",24
3912,"Fruit, chocolate covered",24
3913,"Fruit salad, excluding citrus fruits, with salad dressing or mayonnaise",6
3914,"Fruit salad, excluding citrus fruits, with whipped cream",6
3915,"Fruit salad, excluding citrus fruits, with nondairy whipped topping",6
3916,"Fruit salad, excluding citrus fruits, with marshmallows",6
3917,"Fruit salad, including citrus fruits, with pudding",6
3918,"Fruit salad, excluding citrus fruits, with pudding",6
3919,"Fruit salad, including citrus fruits, with salad dressing or mayonnaise",6
3920,"Fruit salad, including citrus fruit, with whipped cream",6
3921,"Fruit salad, including citrus fruits, with nondairy whipped topping",6
3922,"Fruit salad, including citrus fruits, with marshmallows",6
3923,Lime souffle,6
3924,"Guacamole, NFS",6
3925,Guacamole with tomatoes,6
3926,Chutney,6
3927,Pineapple salad with dressing,6
3928,"Soup, fruit",6
3929,Frozen fruit juice bar,24
3930,"Frozen fruit juice bar, no sugar added",24
3931,Sorbet,8
3932,"Fruit juice, NFS",12
3933,"Fruit juice blend, 100% juice",12
3934,"Cranberry juice blend, 100% juice",12
3935,"Cranberry juice blend, 100% juice, with calcium added",12
3936,Apple cider,12
3937,"Apple juice, 100%",12
3938,"Apple juice, 100%, with calcium added",12
3939,"Blackberry juice, 100%",12
3940,Blueberry juice,12
3941,"Cranberry juice, 100%, not a blend",12
3942,"Grape juice, 100%",12
3943,"Grape juice, 100%, with calcium added",12
3944,"Papaya juice, 100%",12
3945,"Passion fruit juice, 100%",12
3946,"Pineapple juice, 100%",12
3947,"Pomegranate juice, 100%",12
3948,"Prune juice, 100%",12
3949,"Strawberry juice, 100%",12
3950,"Watermelon juice, 100%",12
3951,"Fruit smoothie, with whole fruit, no dairy",8
3952,"Fruit smoothie, with whole fruit, no dairy, added protein",8
3953,"Fruit smoothie, with whole fruit, non-dairy",8
3954,"Fruit smoothie juice drink, no dairy",8
3955,"Fruit smoothie, light",8
3956,"Fruit smoothie, bottled",8
3957,"Fruit nectar, NFS",8
3958,Apricot nectar,8
3959,Banana nectar,8
3960,Cantaloupe nectar,8
3961,Guava nectar,8
3962,Mango nectar,8
3963,Peach nectar,8
3964,Papaya nectar,8
3965,Passion fruit nectar,8
3966,Pear nectar,8
3967,"Soursop, nectar",8
3968,Vinegar,8
3969,"Baby Toddler fruit, NFS",6
3970,"Baby Toddler multiple fruit, Stage 2",6
3971,"Baby Toddler multiple fruit, Stage 3",8
3972,"Baby Toddler fruit, with grain",6
3973,"Baby Toddler fruit, with yogurt",6
3974,"Baby Toddler fruit and vegetables, Stage 2",6
3975,"Baby Toddler fruit and vegetables, Stage 3",8
3976,"Baby Toddler fruit and vegetables, with grain",6
3977,"Baby Toddler fruit and vegetables, with yogurt",6
3978,"Baby Toddler fruit, vegetables, and meat",6
3979,Baby Toddler fruit and meat,6
3980,"Baby Toddler apples, Stage 1",4
3981,"Baby Toddler apples, Stage 2",6
3982,"Baby Toddler bananas, Stage 1",4
3983,"Baby Toddler bananas, Stage 2",6
3984,"Baby Toddler peaches, Stage 1",4
3985,"Baby Toddler peaches, Stage 2",6
3986,"Baby Toddler pears, Stage 1",4
3987,"Baby Toddler pears, Stage 2",6
3988,Baby Toddler prunes,6
3989,Baby Toddler mangoes,6
3990,"Baby Toddler juice, NFS",12
3991,"Baby Toddler juice, apple",12
3992,"Baby Toddler juice, grape",12
3993,"Baby Toddler juice, mixed fruit",12
3994,"Baby Toddler juice, pear",12
3995,"Baby Toddler juice, fruit and vegetable",12
3996,"Baby Toddler juice, fruit and yogurt blend",12
3997,Baby Toddler pudding,6
3998,Baby Toddler yogurt melts,8
3999,"Potato, NFS",6
4000,"Potato, baked, NFS",6
4001,"Potato, baked, peel not eaten",6
4002,"Potato, boiled, NFS",6
4003,"Potato, boiled, ready-to-heat",6
4004,"Potato, boiled, from fresh, peel not eaten, NS as to fat",6
4005,"Potato, boiled, from fresh, peel not eaten, no added fat",6
4006,"Potato, boiled, from fresh, peel not eaten, fat added, NS as to fat type",6
4007,"Potato, boiled, from fresh, peel not eaten, made with oil",6
4008,"Potato, boiled, from fresh, peel not eaten, made with butter",6
4009,"Potato, boiled, from fresh, peel not eaten, made with margarine",6
4010,"Potato, boiled, from fresh, peel eaten, NS as to fat",6
4011,"Potato, boiled, from fresh, peel eaten, fat added, NS as to fat type",6
4012,"Potato, boiled, from fresh,  peel eaten, no added fat",6
4013,"Potato, boiled, from fresh, peel eaten, made with oil",6
4014,"Potato, boiled, from fresh, peel eaten, made with butter",6
4015,"Potato, boiled, from fresh, peel eaten, made with margarine",6
4016,"Potato, canned, NS as to fat",6
4017,"Potato, canned, fat added, NS as to fat type",6
4018,"Potato, canned, no added fat",6
4019,"Potato, roasted, NFS",6
4020,"Potato, roasted, from fresh, peel eaten, NS as to fat",6
4021,"Potato, roasted, from fresh, peel eaten, no added fat",6
4022,"Potato, roasted, from fresh, peel eaten, fat added, NS as to fat type",6
4023,"Potato, roasted, from fresh, peel eaten, made with oil",6
4024,"Potato, roasted, from fresh, peel eaten, made with butter",6
4025,"Potato, roasted, from fresh, peel eaten, made with margarine",6
4026,"Potato, roasted, from fresh, peel not eaten, NS as to fat",6
4027,"Potato, roasted, from fresh, peel not eaten, fat added, NS as to fat type",6
4028,"Potato, roasted, from fresh, peel not eaten, no added fat",6
4029,"Potato, roasted, from fresh, peel not eaten, made with oil",6
4030,"Potato, roasted, from fresh, peel not eaten, made with butter",6
4031,"Potato, roasted, from fresh, peel not eaten, made with margarine",6
4032,"Potato, roasted, ready-to-heat",6
4033,"Stewed potatoes, Puerto Rican style",12
4034,"Potato only from Puerto Rican mixed dishes, gravy and other components reported separately",8
4035,"Potato from Puerto Rican style stuffed pot roast, with gravy",8
4036,"Potato from Puerto Rican beef stew, with gravy",12
4037,"Potato from Puerto Rican chicken fricassee, with sauce",8
4038,"Potato chips, NFS",24
4039,"Potato chips, plain",24
4040,"Potato chips, barbecue flavored",24
4041,"Potato chips, sour cream and onion flavored",24
4042,"Potato chips, cheese flavored",24
4043,"Potato chips, other flavored",24
4044,"Potato chips, ruffled, plain",24
4045,"Potato chips, ruffled, barbecue flavored",24
4046,"Potato chips, ruffled, sour cream and onion flavored",24
4047,"Potato chips, ruffled, cheese flavored",24
4048,"Potato chips, ruffled, other flavored",24
4049,"Potato chips, restructured, plain",24
4050,"Potato chips, restructured, flavored",24
4051,"Potato chips, baked, plain",24
4052,"Potato chips, baked, flavored",24
4053,"Potato chips, reduced fat",24
4054,"Potato chips, restructured, reduced fat, lightly salted",24
4055,"Potato chips, unsalted",24
4056,"Potato chips, lightly salted",24
4057,"Potato chips, restructured, lightly salted",24
4058,"Potato chips, popped, plain",24
4059,"Potato chips, popped, flavored",24
4060,"Potato chips, popped, NFS",24
4061,"Potato sticks, plain",24
4062,"Potato sticks, flavored",24
4063,"Potato sticks, fry shaped",24
4064,Vegetable chips,24
4065,"Potato, scalloped, NFS",6
4066,"Potato, scalloped, from fast food or restaurant",6
4067,"Potato, scalloped, from fresh",6
4068,"Potato, scalloped, from fresh, with meat",6
4069,"Potato, scalloped, from dry mix",6
4070,"Potato, scalloped, from dry mix, with meat",6
4071,"Potato, scalloped, ready-to-heat",6
4072,"Potato, scalloped, ready-to-heat, with meat",6
4073,"Potato, french fries, NFS",12
4074,"Potato, french fries, NS as to fresh or frozen",12
4075,"Potato, french fries, from fresh, fried",12
4076,"Potato, french fries, from fresh, baked",12
4077,"Potato, french fries, from frozen, baked",12
4078,"Potato, french fries, fast food",12
4079,"Potato, french fries, restaurant",12
4080,"Potato, french fries, from frozen, fried",12
4081,"Potato, french fries, school",12
4082,"Potato, french fries, with cheese, fast food / restaurant",12
4083,"Potato, french fries, with cheese, school",12
4084,"Potato, french fries, with chili, fast food / restaurant",24
4085,"Potato, french fries, with chili and cheese, fast food / restaurant",24
4086,"Potato, french fries, with cheese",12
4087,"Potato, french fries, with chili and cheese",24
4088,"Potato, french fries, with chili",24
4089,"Potato, home fries, NFS",12
4090,"Potato, home fries, from restaurant / fast food",12
4091,"Potato, home fries, from fresh",12
4092,"Potato, home fries, ready-to-heat",12
4093,"Potato, home fries, with vegetables",12
4094,"Potato, hash brown, NFS",12
4095,"Potato, hash brown, from fast food",12
4096,"Potato, hash brown, from fast food, with cheese",12
4097,"Potato, hash brown, from restaurant",12
4098,"Potato, hash brown, from restaurant, with cheese",12
4099,"Potato, hash brown, from school lunch",12
4100,"Potato, hash brown, from fresh",12
4101,"Potato, hash brown, from fresh, with cheese",12
4102,"Potato, hash brown, from dry mix",12
4103,"Potato, hash brown, ready-to-heat",12
4104,"Potato, hash brown, ready-to-heat, with cheese",12
4105,Potato skins without topping,12
4106,"Potato skins, with cheese",12
4107,"Potato skins, with cheese and bacon",12
4108,"Potato skins, NFS",12
4109,"Potato, mashed, NFS",6
4110,"Potato, mashed, from fast food",6
4111,"Potato, mashed, from fast food, with gravy",6
4112,"Potato, mashed, ready-to-heat",6
4113,"Potato, mashed, from fresh, made with milk",6
4114,"Potato, mashed, from fresh, made with milk, with cheese",6
4115,"Potato, mashed, from fresh, made with milk, with gravy",6
4116,"Potato, mashed, from fresh, NFS",6
4117,"Potato, mashed, from restaurant",6
4118,"Potato, mashed, from restaurant, with gravy",6
4119,"Potato, mashed, from school lunch",6
4120,"Potato, mashed, from dry mix, NFS",6
4121,"Potato, mashed, from dry mix, made with milk",6
4122,"Potato, mashed, from dry mix, made with milk, with cheese",6
4123,"Potato, mashed, from dry mix, made with milk, with gravy",6
4124,"Potato, mashed, ready-to-heat, NFS",6
4125,"Potato, mashed, ready-to-heat, with cheese",6
4126,"Potato, mashed, ready-to-heat, with gravy",6
4127,Potato patty,12
4128,"Potato tots, NFS",12
4129,"Potato tots, fast food / restaurant",12
4130,"Potato tots, school",12
4131,"Potato tots, from fresh, fried or baked",12
4132,"Potato tots, frozen, baked",12
4133,"Potato tots, frozen, fried",12
4134,"Potato tots, frozen, NS as to fried or baked",12
4135,"Potato, baked, peel not eaten, with butter",6
4136,"Potato, baked, peel not eaten, with sour cream",6
4137,"Potato, baked, peel not eaten, with cheese",6
4138,"Potato, baked, peel not eaten, with meat",6
4139,"Potato, baked, peel not eaten, with chili",24
4140,"Potato, baked, peel not eaten, with vegetables",6
4141,"Potato, baked, peel eaten",6
4142,"Potato, baked, peel eaten, with butter",6
4143,"Potato, baked, peel eaten, with sour cream",6
4144,"Potato, baked, peel eaten, with cheese",6
4145,"Potato, baked, peel eaten, with meat",6
4146,"Potato, baked, peel eaten, with chili",24
4147,"Potato, baked, peel eaten, with vegetables",6
4148,"Potato salad with egg, from restaurant",8
4149,"Potato salad with egg, made with mayonnaise",8
4150,"Potato salad with egg, made with light mayonnaise",8
4151,"Potato salad with egg, made with mayonnaise-type salad dressing",8
4152,"Potato salad with egg, made with light mayonnaise-type salad dressing",8
4153,"Potato salad with egg, made with creamy dressing",8
4154,"Potato salad with egg, made with light creamy dressing",8
4155,"Potato salad with egg, made with Italian dressing",8
4156,"Potato salad with egg, made with light Italian dressing",8
4157,"Potato salad with egg, made with any type of fat free dressing",8
4158,"Potato salad, German style",8
4159,"Potato salad, from restaurant",8
4160,"Potato salad, made with mayonnaise",8
4161,"Potato salad, made with light mayonnaise",8
4162,"Potato salad, made with mayonnaise-type salad dressing",8
4163,"Potato salad, made with light mayonnaise-type salad dressing",8
4164,"Potato salad, made with creamy dressing",8
4165,"Potato salad, made with light creamy dressing",8
4166,"Potato salad, made with Italian dressing",8
4167,"Potato salad, made with light Italian dressing",8
4168,"Potato salad, made with any type of fat free dressing",8
4169,Potato pancake,12
4170,Lefse,8
4171,Stewed potatoes,12
4172,Stewed potatoes with tomatoes,12
4173,"Soup, potato",8
4174,"Soup, potato with meat",8
4175,"Plantain, cooked, no added fat",6
4176,"Plantain, cooked with oil",6
4177,"Plantain, raw",6
4178,"Plantain, cooked, fat added, NS as to fat type",6
4179,"Plantain, cooked with butter or margarine",6
4180,Plantain chips,24
4181,"Cassava, cooked",6
4182,Yuca fries,12
4183,"Casabe, cassava bread",9
4184,"Taro, cooked",6
4185,Fufu,8
4186,Taro chips,24
4187,"Beet greens, raw",6
4188,"Beet greens, cooked",6
4189,"Broccoli raab, raw",6
4190,"Broccoli raab, cooked",6
4191,"Chard, raw",6
4192,"Chard, cooked",6
4193,"Collards, raw",6
4194,"Collards, fresh, cooked, no added fat",6
4195,"Collards, frozen, cooked, no added fat",6
4196,"Collards, NS as to form, cooked",6
4197,"Collards, fresh, cooked, fat added, NS as to fat type",6
4198,"Collards, frozen, cooked, fat added, NS as to fat type",6
4199,"Collards, fresh, cooked with oil",6
4200,"Collards, fresh, cooked with butter or margarine",6
4201,"Collards, frozen, cooked with oil",6
4202,"Collards, frozen, cooked with butter or margarine",6
4203,"Cress, raw",6
4204,"Cress, cooked",6
4205,"Dandelion greens, raw",6
4206,"Dandelion greens, cooked",6
4207,"Romaine lettuce, raw",6
4208,"Caesar salad, with romaine, no dressing",8
4209,"Escarole, cooked",6
4210,"Greens, fresh, cooked, no added fat",6
4211,"Greens, frozen, cooked, no added fat",6
4212,"Greens, NS as to form, cooked",6
4213,"Greens, fresh, cooked, fat added",6
4214,"Greens, frozen, cooked, fat added",6
4215,"Greens, canned, cooked",6
4216,"Kale, raw",6
4217,"Kale, fresh, cooked, no added fat",6
4218,"Kale, frozen, cooked, no added fat",6
4219,"Kale, NS as to form, cooked",6
4220,"Kale, fresh, cooked, fat added",6
4221,"Kale, frozen, cooked, fat added",6
4222,"Lambsquarter, cooked",6
4223,"Mustard greens, raw",6
4224,"Mustard greens, fresh, cooked, no added fat",6
4225,"Mustard greens, frozen, cooked, no added fat",6
4226,"Mustard greens, NS as to form, cooked",6
4227,"Mustard greens, fresh, cooked, fat added",6
4228,"Mustard greens, frozen, cooked, fat added",6
4229,"Poke greens, cooked",6
4230,"Radicchio, raw",6
4231,"Spinach, raw",6
4232,"Spinach, fresh, cooked, no added fat",6
4233,"Spinach, frozen, cooked, no added fat",6
4234,"Spinach, canned, cooked, no added fat",6
4235,"Spinach, fresh, cooked with oil",6
4236,"Spinach, fresh, cooked with butter or margarine",6
4237,"Spinach, NS as to form, cooked",6
4238,"Spinach, fresh, cooked, fat added, NS as to fat type",6
4239,"Spinach, frozen, cooked, fat added, NS as to fat type",6
4240,"Spinach, canned, cooked, fat added, NS as to fat type",6
4241,"Spinach, frozen, cooked with oil",6
4242,"Spinach, frozen, cooked with butter or margarine",6
4243,"Spinach, canned, cooked with oil",6
4244,"Spinach, canned, cooked with butter or margarine",6
4245,"Spinach, creamed",6
4246,Spinach souffle,8
4247,Spinach and cheese casserole,12
4248,Palak Paneer,8
4249,Channa Saag,8
4250,"Taro leaves, cooked",6
4251,"Turnip greens, fresh, cooked, no added fat",6
4252,"Turnip greens, frozen, cooked, no added fat",6
4253,"Turrnip greens, NS as to form, cooked",6
4254,"Turnip greens, fresh, cooked, fat added",6
4255,"Turnip greens, frozen, cooked, fat added",6
4256,"Watercress, raw",6
4257,"Watercress, cooked",6
4258,"Bitter melon, horseradish, jute, or radish leaves, cooked",6
4259,"Sweet potato, squash, pumpkin, chrysanthemum, or bean leaves, cooked",6
4260,"Broccoli, raw",6
4261,"Broccoli, cooked, from restaurant",6
4262,"Broccoli, fresh, cooked, no added fat",6
4263,"Broccoli, frozen, cooked, no added fat",6
4264,"Broccoli, NS as to form, cooked",6
4265,"Broccoli, fresh, cooked, fat added, NS as to fat type",6
4266,"Broccoli, frozen, cooked, fat added, NS as to fat type",6
4267,"Broccoli, fresh, cooked with oil",6
4268,"Broccoli, fresh, cooked with butter or margarine",6
4269,"Broccoli, frozen, cooked with oil",6
4270,"Broccoli, frozen, cooked with butter or margarine",6
4271,Broccoli casserole with noodles,12
4272,Broccoli casserole with rice,12
4273,Fried broccoli,12
4274,"Broccoli, chinese, raw",6
4275,"Broccoli, Chinese, cooked",6
4276,"Soup, broccoli cheese",8
4277,"Carrots, raw",6
4278,"Carrots, raw, salad",6
4279,"Carrots, raw, salad with apples",6
4280,"Carrots, cooked, from restaurant",6
4281,"Carrots, fresh, cooked, no added fat",6
4282,"Carrots, frozen, cooked, no added fat",6
4283,"Carrots, canned, cooked, no added fat",6
4284,"Carrots, fresh, cooked with oil",6
4285,"Carrots, fresh, cooked with butter or margarine",6
4286,"Carrots, NS as to form, cooked",6
4287,"Carrots, fresh, cooked, fat added, NS as to fat type",6
4288,"Carrots, frozen, cooked, fat added, NS as to fat type",6
4289,"Carrots, canned, cooked, fat added, NS as to fat type",6
4290,"Carrots, frozen, cooked with oil",6
4291,"Carrots, frozen, cooked with butter or margarine",6
4292,"Carrots, canned, cooked with oil",6
4293,"Carrots, canned, cooked with butter or margarine",6
4294,"Carrots, glazed, cooked",6
4295,"Carrots, canned, reduced sodium, cooked, no added fat",6
4296,"Carrots, canned, reduced sodium, cooked, fat added, NS as to fat type",6
4297,"Carrots, canned, reduced sodium, cooked with oil",6
4298,"Carrots, canned, reduced sodium, cooked with butter or margarine",6
4299,Beet juice,12
4300,"Carrot juice, 100%",12
4301,"Peas and carrots, fresh, cooked, no added fat",6
4302,"Peas and carrots, frozen, cooked, no added fat",6
4303,"Peas and carrots, canned, cooked, no added fat",6
4304,"Peas and carrots, cooked, NS as to form",6
4305,"Peas and carrots, fresh, cooked, fat added",6
4306,"Peas and carrots, frozen, cooked, fat added",6
4307,"Peas and carrots, canned, cooked, fat added",6
4308,"Pumpkin, canned, cooked",6
4309,"Pumpkin, cooked",6
4310,"Winter squash, raw",6
4311,"Winter squash, cooked, no added fat",6
4312,"Winter squash, cooked, fat added",6
4313,"Squash, winter, souffle",8
4314,"Sweet potato, NFS",6
4315,"Sweet potato, baked, NS as to fat",6
4316,"Sweet potato, baked, no added fat",6
4317,"Sweet potato, baked, fat added",6
4318,"Sweet potato, boiled, NS as to fat",6
4319,"Sweet potato, boiled, no added fat",6
4320,"Sweet potato, boiled, fat added",6
4321,"Sweet potato, candied",6
4322,"Sweet potato, canned, NS as to fat",6
4323,"Sweet potato, canned, no added fat",6
4324,"Sweet potato, canned, fat added",6
4325,"Sweet potato, casserole or mashed",6
4326,"Sweet potato fries, NFS",12
4327,Sweet potato chips,24
4328,"Sweet potato fries, frozen",12
4329,"Sweet potato fries, from fresh",12
4330,"Sweet potato fries, fast food / restaurant",12
4331,"Sweet potato fries, school",12
4332,Sweet potato tots,12
4333,"Sweet potato tots, fast food / restaurant",12
4334,"Sweet potato tots, school",12
4335,"Soup, pumpkin",8
4336,"Tomatoes, raw",6
4337,"Tomatoes, NS as to form, cooked",6
4338,"Tomatoes, fresh, cooked",6
4339,"Tomatoes, canned, cooked",6
4340,"Tomatoes, scalloped",6
4341,"Tomatoes, canned, reduced sodium, cooked",6
4342,Fried green tomatoes,12
4343,"Tomato, green, pickled",6
4344,Sun-dried tomatoes,6
4345,"Tomato juice, 100%",12
4346,"Tomato juice, 100%, low sodium",12
4347,Tomato juice cocktail,12
4348,"Tomato and vegetable juice, 100%",12
4349,"Tomato and vegetable juice, 100%, low sodium",12
4350,Ketchup,8
4351,"Ketchup, reduced sodium",8
4352,Tomato chili sauce,8
4353,"Salsa, NFS",8
4354,"Salsa, pico de gallo",8
4355,"Salsa, red",8
4356,"Salsa, red, homemade",8
4357,Taco sauce,8
4358,"Enchilada sauce, red",8
4359,"Enchilada sauce, green",8
4360,"Salsa verde or salsa, green",8
4361,Hot Thai sauce,24
4362,Spaghetti sauce,9
4363,Spaghetti sauce with added vegetables,9
4364,"Spaghetti sauce, reduced sodium",9
4365,"Spaghetti sauce, fat free",9
4366,Vodka sauce with tomatoes and cream,252
4367,Barbecue sauce,8
4368,Buffalo sauce,24
4369,Steak sauce,8
4370,Cocktail sauce,8
4371,Puerto Rican seasoning with ham,8
4372,Puerto Rican seasoning without ham and tomato sauce,8
4373,"Tomato and cucumber salad made with tomato, cucumber, oil, and vinegar",6
4374,"Soup, tomato",8
4375,"Soup, cream of tomato",8
4376,"Soup, tomato, canned",8
4377,"Soup, tomato, canned / carton, reduced sodium",8
4378,Tomato sandwich on white,9
4379,Tomato sandwich on wheat,9
4380,"Raw vegetable, NFS",6
4381,"Sprouts, NFS",6
4382,"Alfalfa sprouts, raw",6
4383,Artichoke,6
4384,"Asparagus, raw",6
4385,"Bean sprouts, raw",6
4386,"Green beans, raw",6
4387,"Beets, raw",6
4388,"Broccoflower, raw",6
4389,"Brussels sprouts, raw",6
4390,"Cabbage, green, raw",6
4391,"Cabbage, Chinese, raw",6
4392,"Cabbage, red, raw",6
4393,"Cactus, raw",6
4394,"Cauliflower, raw",6
4395,"Celery, raw",6
4396,"Fennel bulb, raw",6
4397,"Basil, raw",6
4398,"Chives, raw",6
4399,"Cilantro, raw",6
4400,"Corn, raw",6
4401,"Cucumber, raw",6
4402,"Eggplant, raw",6
4403,"Garlic, raw",6
4404,"Jicama, raw",6
4405,"Kohlrabi, raw",6
4406,"Lettuce, raw",6
4407,"Lettuce, Boston, raw",6
4408,"Lettuce, arugula, raw",6
4409,"Mixed salad greens, raw",6
4410,"Mushrooms, raw",6
4411,"Onions, green, raw",6
4412,"Onions, raw",6
4413,"Parsley, raw",6
4414,"Green peas, raw",6
4415,"Peppers, hot, raw",6
4416,"Peppers, raw, NFS",6
4417,"Peppers, sweet, green, raw",6
4418,"Peppers, sweet, red, raw",6
4419,"Peppers, banana, raw",6
4420,Radish,6
4421,"Rutabaga, raw",6
4422,"Seaweed, raw",6
4423,"Snowpeas, raw",6
4424,"Summer squash, yellow, raw",6
4425,"Summer squash, green, raw",6
4426,"Turnip, raw",6
4427,Mixed vegetable juice,12
4428,Celery juice,12
4429,"Broccoli salad with cauliflower, cheese, bacon bits, and dressing",8
4430,Broccoli slaw salad,6
4431,"Coleslaw, fast food / restaurant",6
4432,Coleslaw,6
4433,"Cabbage salad, NFS",6
4434,"Coleslaw, with fruit",6
4435,Cucumber and vegetable namasu,6
4436,"Cucumber salad, made with sour cream dressing",6
4437,"Cucumber salad, made with Italian dressing",6
4438,Cucumber salad made with cucumber and vinegar,6
4439,"Lettuce, salad with assorted vegetables including tomatoes and/or carrots, no dressing",6
4440,"Lettuce, salad with assorted vegetables excluding tomatoes and carrots, no dressing",6
4441,"Lettuce, salad with avocado, tomato, and/or carrots, with or without other vegetables, no dressing",6
4442,"Lettuce, salad with cheese, tomato and/or carrots, with or without other vegetables, no dressing",6
4443,"Lettuce, salad with egg, tomato, and/or carrots, with or without other vegetables, no dressing",6
4444,"Lettuce, salad with egg, cheese, tomato, and/or carrots, with or without other vegetables, no dressing",6
4445,"Lettuce, wilted, with bacon dressing",6
4446,"Seven-layer salad, lettuce salad made with a combination of onion, celery, green pepper, peas, mayonnaise, cheese, eggs, and/or bacon",8
4447,"Greek Salad, no dressing",6
4448,"Spinach salad, no dressing",6
4449,"Cobb salad, no dressing",8
4450,Aloe vera juice drink,24
4451,"Asparagus, fresh, cooked, no added fat",6
4452,"Asparagus, frozen, cooked, no added fat",6
4453,"Asparagus, canned, cooked, no added fat",6
4454,"Asparagus, NS as to form, cooked",6
4455,"Asparagus, fresh, cooked, fat added, NS as to fat type",6
4456,"Asparagus, frozen, cooked, fat added, NS as to fat type",6
4457,"Asparagus, canned, cooked, fat added, NS as to fat type",6
4458,"Asparagus, fresh, cooked with oil",6
4459,"Asparagus, fresh, cooked with butter or margarine",6
4460,"Asparagus, frozen, cooked with oil",6
4461,"Asparagus, frozen, cooked with butter or margarine",6
4462,"Asparagus, canned, cooked with oil",6
4463,"Asparagus, canned, cooked with butter or margarine",6
4464,"Bamboo shoots, cooked",6
4465,"Lima beans, from frozen, no added fat",6
4466,"Lima beans, from frozen, fat added",6
4467,"Lima beans, from canned",6
4468,"Green beans, cooked, from restaurant",6
4469,"Green beans, fresh, cooked, no added fat",6
4470,"Green beans, frozen, cooked, no added fat",6
4471,"Green beans, canned, cooked, no added fat",6
4472,"Green beans, NS as to form, cooked",6
4473,"Green beans, fresh, cooked, fat added, NS as to fat type",6
4474,"Green beans, frozen, cooked, fat added, NS as to fat type",6
4475,"Green beans, canned, cooked, fat added, NS as to fat type",6
4476,"Green beans, fresh, cooked with oil",6
4477,"Green beans, fresh, cooked with butter or margarine",6
4478,"Green beans, frozen, cooked with oil",6
4479,"Green beans, frozen, cooked with butter or margarine",6
4480,"Green beans, canned, cooked with oil",6
4481,"Green beans, canned, cooked with butter or margarine",6
4482,"Green beans, canned, reduced sodium, cooked, no added fat",6
4483,"Green beans, canned, reduced sodium, cooked, fat added, NS as to fat type",6
4484,"Green beans, canned, reduced sodium, cooked with oil",6
4485,"Green beans, canned, reduced sodium, cooked with butter or margarine",6
4486,Fried green beans,12
4487,"Yellow string beans, cooked",6
4488,"Bean sprouts, cooked",6
4489,"Beets, fresh, cooked, no added fat",6
4490,"Beets, canned, cooked, no added fat",6
4491,"Beets, NS as to form, cooked",6
4492,"Beets, fresh, cooked, fat added",6
4493,"Beets, canned, cooked, fat added",6
4494,"Beets, canned, reduced sodium, cooked",6
4495,"Bitter melon, cooked",6
4496,"Breadfruit, cooked",6
4497,"Broccoflower, cooked",6
4498,"Brussels sprouts, fresh, cooked, no added fat",6
4499,"Brussels sprouts, frozen, cooked, no added fat",6
4500,"Brussels sprouts, NS as to form, cooked",6
4501,"Brussels sprouts, fresh, cooked, fat added",6
4502,"Brussels sprouts, frozen, cooked, fat added",6
4503,"Burdock, cooked",6
4504,"Cabbage, Chinese, cooked, no added fat",6
4505,"Cabbage, Chinese, cooked, fat added",6
4506,"Cabbage, green, cooked, no added fat",6
4507,"Cabbage, green, cooked, fat added, NS as to fat type",6
4508,"Cabbage, green, cooked with oil",6
4509,"Cabbage, green, cooked with butter or margarine",6
4510,"Cabbage, red, cooked",6
4511,"Cabbage, savoy, cooked",6
4512,"Cactus, cooked, no added fat",6
4513,"Cactus, cooked, fat added",6
4514,"Cauliflower, fresh, cooked, no added fat",6
4515,"Cauliflower, frozen, cooked, no added fat",6
4516,"Cauliflower, NS as to form, cooked",6
4517,"Cauliflower, fresh, cooked, fat added, NS as to fat type",6
4518,"Cauliflower, frozen, cooked, fat added, NS as to fat type",6
4519,"Cauliflower, fresh, cooked with oil",6
4520,"Cauliflower, fresh, cooked with butter or margarine",6
4521,"Cauliflower, frozen, cooked with oil",6
4522,"Cauliflower, frozen, cooked with butter or margarine",6
4523,"Celery, cooked",6
4524,"Fennel bulb, cooked",6
4525,"Christophine, cooked",6
4526,"Corn, cooked, from restaurant",6
4527,"Corn, fresh, cooked, no added fat",6
4528,"Corn, frozen, cooked, no added fat",6
4529,"Corn, canned, cooked, no added fat",6
4530,"Corn, NS as to form, cooked",6
4531,"Corn, fresh, cooked, fat added, NS as to fat type",6
4532,"Corn, frozen, cooked, fat added, NS as to fat type",6
4533,"Corn, canned, cooked, fat added, NS as to fat type",6
4534,"Corn, fresh, cooked with oil",6
4535,"Corn, fresh, cooked with butter or margarine",6
4536,"Corn, frozen, cooked with oil",6
4537,"Corn, frozen, cooked with butter or margarine",6
4538,"Corn, canned, cooked with oil",6
4539,"Corn, canned, cooked with butter or margarine",6
4540,"Corn, creamed",6
4541,"Corn, canned, reduced sodium, cooked, no added fat",6
4542,"Corn, canned, reduced sodium, cooked, fat added, NS as to fat type",6
4543,"Corn, canned, reduced sodium, cooked with oil",6
4544,"Corn, canned, reduced sodium, cooked with butter or margarine",6
4545,"Cucumber, cooked",6
4546,"Eggplant, cooked, no added fat",6
4547,"Eggplant, cooked, fat added",6
4548,"Flowers or blossoms of sesbania, squash, or lily, cooked",6
4549,"Garlic, cooked",6
4550,"Hominy, cooked",6
4551,"Kohlrabi, cooked",6
4552,Leeks,6
4553,"Lotus root, cooked",6
4554,"Mushrooms, fresh, cooked, no added fat",6
4555,"Mushrooms, NS as to form, cooked",6
4556,"Mushrooms, fresh, cooked, fat added, NS as to fat type",6
4557,"Mushrooms, canned, cooked",6
4558,"Mushrooms, fresh, cooked with oil",6
4559,"Mushrooms, fresh, cooked with butter or margarine",6
4560,"Mushroom, Asian, cooked, from dried",6
4561,"Okra, fresh, cooked, no added fat",6
4562,"Okra, frozen, cooked, no added fat",6
4563,"Okra, NS as to form, cooked",6
4564,"Okra, fresh, cooked, fat added",6
4565,"Okra, frozen, cooked, fat added",6
4566,"Lettuce, cooked",6
4567,"Onions, cooked, no added fat",6
4568,"Onions, cooked, fat added",6
4569,"Onions, pearl, cooked",6
4570,"Onions, green, cooked",6
4571,"Palm hearts, cooked",6
4572,"Parsnips, cooked",6
4573,"Blackeyed peas, from frozen",6
4574,"Blackeyed peas, from canned",6
4575,"Green peas, cooked, from restaurant",6
4576,"Green peas, fresh, cooked, no added fat",6
4577,"Green peas, frozen, cooked, no added fat",6
4578,"Green peas, canned, cooked, no added fat",6
4579,"Green peas, NS as to form, cooked",6
4580,"Green peas, fresh, cooked, fat added, NS as to fat type",6
4581,"Green peas, frozen, cooked, fat added, NS as to fat type",6
4582,"Green peas, canned, cooked, fat added, NS as to fat type",6
4583,"Green peas, fresh, cooked with oil",6
4584,"Green peas, fresh, cooked with butter or margarine",6
4585,"Green peas, frozen, cooked with oil",6
4586,"Green peas, frozen, cooked with butter or margarine",6
4587,"Green peas, canned, cooked with oil",6
4588,"Green peas, canned, cooked with butter or margarine",6
4589,"Green peas, canned, reduced sodium, cooked, no added fat",6
4590,"Green peas, canned, reduced sodium, cooked, fat added, NS as to fat type",6
4591,"Green peas, canned, reduced sodium, cooked with oil",6
4592,"Green peas, canned, reduced sodium, cooked with butter or margarine",6
4593,"Peppers, green, cooked",6
4594,"Peppers, red, cooked",6
4595,"Peppers, hot, cooked",6
4596,Pimiento,6
4597,"Rutabaga, cooked",6
4598,"Salsify, cooked",6
4599,Sauerkraut,8
4600,"Snowpeas, fresh, cooked, no added fat",6
4601,"Snowpeas, frozen, cooked, no added fat",6
4602,"Snowpeas, NS as to form, cooked",6
4603,"Snowpeas, fresh, cooked, fat added",6
4604,"Snowpeas, frozen, cooked, fat added",6
4605,"Seaweed, dried",6
4606,"Seaweed, cooked, no added fat",6
4607,"Seaweed, cooked, fat added",6
4608,"Summer squash, yellow or green, fresh, cooked, no added fat",6
4609,"Summer squash, yellow or green, frozen, cooked, no added fat",6
4610,"Summer squash, yellow or green, NS as to form, cooked",6
4611,"Summer squash, yellow or green, fresh, cooked, fat added, NS as to fat type",6
4612,"Summer squash, yellow or green, frozen, cooked, fat added, NS as to fat type",6
4613,"Summer squash, yellow or green, canned, cooked, fat added, NS as to fat type",6
4614,"Summer squash, yellow or green, fresh, cooked with oil",6
4615,"Summer squash, yellow or green, fresh, cooked with butter or margarine",6
4616,"Summer squash, yellow or green, frozen, cooked with oil",6
4617,"Summer squash, yellow or green, frozen, cooked with butter or margarine",6
4618,"Spaghetti squash, cooked",6
4619,"Turnip, cooked",6
4620,Water Chesnut,6
4621,"Winter melon, cooked",6
4622,Yeast,8
4623,Yeast extract spread,8
4624,"Lima beans and corn, cooked, no added fat",6
4625,"Lima beans and corn, cooked, fat added",6
4626,"Bean salad, yellow and/or green string beans",6
4627,"Peppers and onions, cooked, no added fat",6
4628,"Peppers and onions, cooked, fat added",6
4629,"Classic mixed vegetables, cooked, from restaurant",6
4630,"Classic mixed vegetables, frozen, cooked, no added fat",6
4631,"Classic mixed vegetables, canned, cooked, no added fat",6
4632,"Classic mixed vegetables, NS as to form, cooked",6
4633,"Classic mixed vegetables, frozen, cooked, fat added, NS as to fat type",6
4634,"Classic mixed vegetables, canned, cooked, fat added, NS as to fat type",6
4635,"Classic mixed vegetables, frozen, cooked with oil",6
4636,"Classic mixed vegetables, frozen, cooked with butter or margarine",6
4637,"Classic mixed vegetables, canned, cooked with oil",6
4638,"Classic mixed vegetables, canned, cooked with butter or margarine",6
4639,"Classic mixed vegetables, canned, reduced sodium, cooked, no added fat",6
4640,"Classic mixed vegetables, canned, reduced sodium, cooked, fat added, NS as to fat type",6
4641,"Classic mixed vegetables, canned, reduced sodium, cooked with oil",6
4642,"Classic mixed vegetables, canned, reduced sodium, cooked with butter or margarine",6
4643,"Peas and corn, cooked, no added fat",6
4644,"Peas and corn, cooked, fat added",6
4645,Ratatouille,8
4646,"Vegetables, stew type, cooked, fat added",12
4647,"Vegetables, stew type, cooked, no added fat",12
4648,"Broccoli and cauliflower, cooked, no added fat",6
4649,"Broccoli and cauliflower, cooked, fat added",6
4650,"Broccoli, cauliflower and carrots, cooked, no added fat",6
4651,"Broccoli, cauliflower and carrots, cooked, fat added",6
4652,"Asian stir fry vegetables, cooked, no added fat",12
4653,"Asian stir fry vegetables, cooked, fat added",12
4654,"Jai, Monk's Food",8
4655,"Vegetable mixture, dried",6
4656,"Artichokes, stuffed",6
4657,Green bean casserole,12
4658,"Green beans, cooked, Szechuan-style",6
4659,Fried cauliflower,12
4660,"Chiles rellenos, cheese-filled",24
4661,"Chiles rellenos, filled with meat and cheese",24
4662,Stuffed jalapeno pepper,24
4663,"Corn, scalloped or pudding",6
4664,"Fritter, corn",12
4665,Fried eggplant,12
4666,Eggplant dip,8
4667,"Eggplant parmesan casserole, regular",12
4668,Eggplant with cheese and tomato sauce,8
4669,"Mushrooms, stuffed",6
4670,Fried mushrooms,12
4671,Fried okra,12
4672,Fried onion rings,12
4673,Pea salad,6
4674,Pea salad with cheese,6
4675,"Fried summer squash, yellow or green",12
4676,"Squash, summer, casserole with tomato and cheese",12
4677,"Squash, summer, casserole, with rice and tomato sauce",12
4678,"Squash, summer, casserole, with cheese sauce",12
4679,"Squash, summer, souffle",8
4680,"Stew, vegetable",12
4681,"Chow mein or chop suey, meatless, no noodles",8
4682,Vegetable tempura,12
4683,Pakora,12
4684,Vegetable curry,8
4685,Vegetable curry with rice,8
4686,"Chow mein or chop suey, meatless, with noodles",9
4687,"Green beans, pickled",6
4688,"Beets, pickled",6
4689,"Celery, pickled",6
4690,"Relish, corn",6
4691,"Cauliflower, pickled",6
4692,"Cabbage, green, pickled",6
4693,"Cabbage, red, pickled",6
4694,Kimchi,8
4695,"Pickles, dill",6
4696,"Relish, pickle",6
4697,"Pickles, sweet",6
4698,"Eggplant, pickled",6
4699,"Ginger root, pickled",6
4700,Horseradish,6
4701,"Mushrooms, pickled",6
4702,Mustard,6
4703,Honey mustard dip,12
4704,"Okra, pickled",6
4705,"Olives, NFS",6
4706,"Olives, green",6
4707,"Olives, black",6
4708,"Olives, stuffed",6
4709,Olive tapenade,6
4710,Hot pepper sauce,24
4711,"Peppers, sweet, pickled",6
4712,"Peppers, hot, pickled",6
4713,"Peppers, jalapenos",6
4714,"Pickles, NFS",6
4715,"Pickles, fried",12
4716,"Radishes, pickled",6
4717,"Seaweed, pickled",6
4718,"Vegetables, pickled",6
4719,"Turnip, pickled",6
4720,Wasabi paste,24
4721,"Zucchini, pickled",6
4722,"Soup, borscht",8
4723,"Soup, gazpacho",8
4724,"Soup, cream of mushroom",8
4725,"Soup, French onion",8
4726,"Soup, cream of vegetable",8
4727,"Soup, seaweed",8
4728,"Soup, vegetable, canned",8
4729,"Soup, vegetable, canned, reduced sodium",8
4730,"Soup, vegetable",8
4731,"Soup, minestrone",8
4732,"Soup, beef",8
4733,"Soup, vegetable, with meat",8
4734,"Baby Toddler vegetable, NFS",6
4735,"Baby Toddler carrots, Stage 1",4
4736,"Baby Toddler carrots, Stage 2",6
4737,"Baby Toddler squash, Stage 1",4
4738,"Baby Toddler squash, Stage 2",6
4739,"Baby Toddler sweet potatoes, Stage 1",4
4740,"Baby Toddler sweet potatoes, Stage 2",6
4741,"Baby Toddler green beans, Stage 1",4
4742,"Baby Toddler green beans, Stage 2",6
4743,Baby Toddler beets,6
4744,"Baby Toddler multiple vegetables, Stage 2",6
4745,"Baby Toddler multiple vegetables, Stage 3",8
4746,"Baby Toddler vegetables, with grain",6
4747,Baby Toddler vegetables and meat,6
4748,"Baby Toddler peas, Stage 1",4
4749,"Baby Toddler peas, Stage 2",6
4750,"Toddler meal, NFS",12
4751,"Toddler meal, meat and vegetables",12
4752,"Toddler meal, rice and vegetables",12
4753,"Toddler meal, pasta",12
4754,"Toddler meal, pasta and vegetables",12
4755,"Fried stuffed potatoes, Puerto Rican style",12
4756,"Green plantain with cracklings, Puerto Rican style",8
4757,"Ripe plantain meat pie, Puerto Rican style",12
4758,Puerto Rican pasteles,8
4759,"Stuffed cabbage, with meat, Puerto Rican style",8
4760,"Stuffed cabbage, with meat and rice, Syrian dish, Puerto Rican style",8
4761,Eggplant and meat casserole,12
4762,"Vegetable and fruit juice, 100% juice, with high vitamin C",12
4763,"Fruit and vegetable smoothie, with dairy",8
4764,"Fruit and vegetable smoothie, added protein",8
4765,"Fruit and vegetable smoothie, non-dairy",8
4766,"Fruit and vegetable smoothie, non-dairy, added protein",8
4767,"Fruit and vegetable smoothie, bottled",8
4768,"Fruit and vegetable smoothie, no dairy",8
4769,Vegetable smoothie,8
4770,"Table fat, NFS",6
4771,"Butter, NFS",6
4772,"Butter, stick",6
4773,"Butter, tub",6
4774,"Butter, light",6
4775,"Margarine, NFS",6
4776,"Margarine, stick",6
4777,"Margarine, tub",6
4778,"Butter replacement, liquid",6
4779,"Margarine, light",6
4780,"Butter replacement, powder",6
4781,"Oil or table fat, NFS",6
4782,Animal fat or drippings,6
4783,Lard,6
4784,"Shortening, NS as to vegetable or animal",6
4785,"Ghee, clarified butter",6
4786,Garlic sauce,8
4787,Lemon-butter sauce,8
4788,Hollandaise sauce,8
4789,Sandwich spread,9
4790,Tartar sauce,8
4791,Horseradish sauce,8
4792,Pesto sauce,8
4793,Fry sauce,8
4794,"Sauce, NFS",8
4795,Curry sauce,8
4796,Honey butter,12
4797,"Vegetable oil, NFS",6
4798,Almond oil,12
4799,Coconut oil,6
4800,Corn oil,6
4801,Cottonseed oil,6
4802,Flaxseed oil,6
4803,Olive oil,6
4804,Peanut oil,12
4805,Canola oil,6
4806,Safflower oil,6
4807,Sesame oil,8
4808,Soybean oil,8
4809,Sunflower oil,6
4810,Walnut oil,48
4811,Wheat germ oil,8
4812,"Salad dressing, NFS, for salads",8
4813,"Salad dressing, NFS, for sandwiches",9
4814,Blue or roquefort cheese dressing,8
4815,Bacon and tomato dressing,8
4816,Caesar dressing,8
4817,Coleslaw dressing,8
4818,French or Catalina dressing,8
4819,Honey mustard dressing,12
4820,"Italian dressing, made with vinegar and oil",8
4821,"Mayonnaise, regular",8
4822,Vegan mayonnaise,8
4823,Russian dressing,8
4824,Mayonnaise-type salad dressing,8
4825,Avocado dressing,8
4826,Creamy Italian dressing,8
4827,Poppy seed dressing,8
4828,Sesame dressing,8
4829,Ranch dressing,8
4830,Thousand Island dressing,8
4831,Fruit dressing,8
4832,"Salad dressing, light, NFS",8
4833,"Blue or roquefort cheese dressing, light",8
4834,"Creamy Italian dressing, light",8
4835,"French or Catalina dressing, light",8
4836,"Caesar dressing, light",8
4837,"Mayonnaise, light",8
4838,"Mayonnaise, reduced fat,  with olive oil",8
4839,"Mayonnaise-type salad dressing, light",8
4840,"Honey mustard dressing, light",12
4841,"Italian dressing, light",8
4842,"Ranch dressing, light",8
4843,"Sesame dressing, light",8
4844,"Thousand Island dressing, light",8
4845,Korean dressing or marinade,8
4846,"Blue or roquefort cheese dressing, fat free",8
4847,"Caesar dressing, fat free",8
4848,"Creamy Italian dressing, fat free",8
4849,"French or Catalina dressing, fat free",8
4850,"Honey mustard dressing, fat free",12
4851,"Italian dressing, fat free",8
4852,"Mayonnaise, fat free",8
4853,"Ranch dressing, fat free",8
4854,"Salad dressing, fat free, NFS",8
4855,"Thousand Island dressing, fat free",8
4856,"Bacon, for use with vegetables",8
4857,"Ham, for use with vegetables",8
4858,"Beef, for use with vegetables",8
4859,"Chicken, for use with vegetables",8
4860,"Cream sauce, for use with vegetables",8
4861,"Cheese sauce, for use with vegetables",8
4862,"Gravy, for use with vegetables",8
4863,"Soy based sauce, for use with vegetables",8
4864,"Tomato sauce, for use with vegetables",8
4865,"Avocado, for use on a sandwich",9
4866,"Cucumber, for use on a sandwich",9
4867,"Lettuce, for use on a sandwich",9
4868,"Mushrooms, for use on a sandwich",9
4869,"Onions, for use on a sandwich",9
4870,"Pepper, for use on a sandwich",9
4871,"Spinach, for use on a sandwich",9
4872,"Tomatoes, for use on a sandwich",9
4873,"Bacon, for use on a sandwich",9
4874,"Sugar, NFS",12
4875,"Sugar, white, granulated or lump",12
4876,"Sugar, white, confectioner's, powdered",12
4877,"Sugar, brown",12
4878,"Sugar, cinnamon",12
4879,Sugar substitute and sugar blend,12
4880,"Sugar substitute, sucralose, powder",12
4881,"Sugar substitute, stevia, powder",12
4882,"Sugar substitute, stevia, liquid",12
4883,"Sugar substitute, monk fruit, powder",12
4884,"Sugar substitute, powder, NFS",12
4885,"Sugar substitute, liquid, NFS",12
4886,"Sugar substitute, saccharin, powder",12
4887,"Sugar substitute, saccharin, liquid",12
4888,"Sugar substitute, aspartame, powder",12
4889,"Syrup, NFS",12
4890,Pancake syrup,12
4891,Corn syrup,12
4892,Blueberry syrup,12
4893,Chocolate syrup,12
4894,"Chocolate syrup, light",12
4895,Simple syrup,12
4896,Strawberry drink syrup,12
4897,"Pancake syrup, light",12
4898,Honey,12
4899,Agave liquid sweetener,12
4900,Molasses,12
4901,"Topping, butterscotch or caramel",12
4902,"Topping, chocolate",12
4903,"Topping, fruit",12
4904,"Topping, marshmallow",12
4905,"Topping, nuts and syrup",48
4906,Chocolate hazelnut spread,48
4907,"Icing, chocolate",24
4908,"Icing, white",24
4909,"Caramel dip, regular",12
4910,"Caramel dip, light",12
4911,Chocolate dip,12
4912,Dessert dip,12
4913,Sweet and sour sauce,12
4914,Dessert sauce,12
4915,Duck sauce,12
4916,"Jam or jelly, NFS",12
4917,Jelly,12
4918,Jam,12
4919,Fruit butter,12
4920,Marmalade,12
4921,"Jam or jelly, sugar free",12
4922,"Jam or jelly, reduced sugar",12
4923,"Jam or jelly, fruit juice sweetened",12
4924,Guava paste,12
4925,Sweet potato paste,12
4926,"Bean paste, sweetened",12
4927,Gelatin dessert,24
4928,Gelatin dessert with fruit,24
4929,Gelatin salad with vegetables,24
4930,"Gelatin dessert, sugar free",24
4931,"Gelatin dessert, sugar free, with fruit",24
4932,Yokan,12
4933,Haupia,8
4934,Italian Ice,24
4935,"Italian Ice, no sugar added",24
4936,"Popsicle, NFS",24
4937,Popsicle,24
4938,"Popsicle, no sugar added",24
4939,Freezer pop,24
4940,Snow cone,24
4941,"Snow cone, no sugar added",24
4942,"Candy, NFS",48
4943,"Almonds, chocolate covered candy",48
4944,"Chocolate candy, other, NFS",48
4945,Chocolate candy,48
4946,"Chocolate candy with nuts, other, NFS",48
4947,Chocolate candy with nuts,48
4948,Chocolate candy with cereal,48
4949,"Chocolate candy, cookie filled",48
4950,Chocolate chips,24
4951,"Candy, sprinkles",24
4952,"Dark chocolate candy, other, NFS",48
4953,Dark chocolate candy,48
4954,"Dark chocolate candy with nuts, other, NFS",48
4955,Dark chocolate candy with nuts,48
4956,White chocolate candy,48
4957,"Chocolate candy, fudge",48
4958,"Chocolate candy, caramel filled",48
4959,"Chocolate candy, caramel filled with nuts",48
4960,"Chocolate candy, coconut filled",48
4961,"Chocolate candy, cream filled",48
4962,"Chocolate candy, nougat filled",48
4963,"Chocolate candy, nougat filled with nuts",48
4964,"Chocolate candy, peanut butter filled",48
4965,Chocolate candy with dried fruit,48
4966,"Chocolate candy, sugar free",48
4967,"Candy, non chocolate, other, NFS",48
4968,"Ladoo, round ball",48
4969,"Candy, licorice",48
4970,"Candy, marshmallow",48
4971,"Candy, caramel",48
4972,"Candy, nougat with nuts",48
4973,"Peanuts, chocolate covered candy",48
4974,"Candy, peanut brittle",48
4975,"Candy, mint",48
4976,"Candy, gummy",48
4977,"Candy, hard",48
4978,"Candy, lollipop",48
4979,Cough drops,48
4980,"Candy, cotton",48
4981,"Candy, fruit flavored pieces",48
4982,"Chocolate candy, candy shell",48
4983,"Chocolate candy, candy shell with nuts",48
4984,"Candy, fruit snacks",24
4985,"Candy, fruit leather",24
4986,"Candy, taffy",48
4987,"Candy, non chocolate, sugar free",48
4988,Chewing gum,48
4989,"Chewing gum, sugar free",48
4990,"Coffee, NS as to type",192
4991,"Coffee, NS as to brewed or instant",192
4992,"Coffee, brewed",192
4993,"Coffee, brewed, blend of regular and decaffeinated",192
4994,"Coffee, Turkish",192
4995,"Coffee, espresso",192
4996,"Coffee, espresso, decaffeinated",192
4997,"Coffee, brewed, flavored",192
4998,"Coffee, Cuban",192
4999,"Coffee, macchiato",192
5000,"Coffee, macchiato, sweetened",192
5001,"Coffee, cafe con leche",192
5002,"Coffee, cafe con leche, decaffeinated",192
5003,"Coffee, Latte",192
5004,"Coffee, Latte, nonfat",192
5005,"Coffee, Latte, with non-dairy milk",192
5006,"Coffee, Latte, flavored",192
5007,"Coffee, Latte, nonfat, flavored",192
5008,"Coffee, Latte, with non-dairy milk, flavored",192
5009,"Coffee, Latte, decaffeinated",192
5010,"Coffee, Latte, decaffeinated, nonfat",192
5011,"Coffee, Latte, decaffeinated, with non-dairy milk",192
5012,"Coffee, Latte, decaffeinated, flavored",192
5013,"Coffee, Latte, decaffeinated, nonfat, flavored",192
5014,"Coffee, Latte, decaffeinated, with non-dairy milk, flavored",192
5015,Frozen coffee drink,192
5016,"Frozen coffee drink, nonfat",192
5017,"Frozen coffee drink, with non-dairy milk",192
5018,"Frozen coffee drink, with whipped cream",192
5019,"Frozen coffee drink, nonfat, with whipped cream",192
5020,"Frozen coffee drink, with non-dairy milk and whipped cream",192
5021,"Frozen coffee drink, decaffeinated",192
5022,"Frozen coffee drink, decaffeinated, nonfat",192
5023,"Frozen coffee drink, decaffeinated, with non-dairy milk",192
5024,"Frozen coffee drink, decaffeinated, with whipped cream",192
5025,"Frozen coffee drink, decaffeinated, nonfat, with whipped cream",192
5026,"Frozen coffee drink, decaffeinated, with non-dairy milk and whipped cream",192
5027,"Coffee, Cafe Mocha",192
5028,"Coffee, Cafe Mocha, nonfat",192
5029,"Coffee, Cafe Mocha, with non-dairy milk",192
5030,"Coffee, Cafe Mocha, decaffeinated",192
5031,"Coffee, Cafe Mocha, decaffeinated, nonfat",192
5032,"Coffee, Cafe Mocha, decaffeinated, with non-dairy milk",192
5033,Frozen mocha coffee drink,192
5034,"Frozen mocha coffee drink, nonfat",192
5035,"Frozen mocha coffee drink, with non-dairy milk",192
5036,"Frozen mocha coffee drink, with whipped cream",192
5037,"Frozen mocha coffee drink, nonfat, with whipped cream",192
5038,"Frozen mocha coffee drink, with non-dairy milk and whipped cream",192
5039,"Frozen mocha coffee drink, decaffeinated",192
5040,"Frozen mocha coffee drink, decaffeinated, nonfat",192
5041,"Frozen mocha coffee drink, decaffeinated, with non-dairy milk",192
5042,"Frozen mocha coffee drink, decaffeinated, with whipped cream",192
5043,"Frozen mocha coffee drink, decaffeinated, nonfat, with whipped cream",192
5044,"Frozen mocha coffee drink, decaffeinated, with non-dairy milk and whipped cream",192
5045,"Iced Coffee, brewed",192
5046,"Iced Coffee, brewed, decaffeinated",192
5047,"Iced Coffee, pre-lightened and pre-sweetened",192
5048,"Coffee, Iced Latte",192
5049,"Coffee, Iced Latte, nonfat",192
5050,"Coffee, Iced Latte, with non-dairy milk",192
5051,"Coffee, Iced Latte, flavored",192
5052,"Coffee, Iced Latte, nonfat, flavored",192
5053,"Coffee, Iced Latte, with non-dairy milk, flavored",192
5054,"Coffee, Iced Latte, decaffeinated",192
5055,"Coffee, Iced Latte, decaffeinated, nonfat",192
5056,"Coffee, Iced Latte, decaffeinated, with non-dairy milk",192
5057,"Coffee, Iced Latte, decaffeinated, flavored",192
5058,"Coffee, Iced Latte, decaffeinated, nonfat, flavored",192
5059,"Coffee, Iced Latte, decaffeinated, with non-dairy milk, flavored",192
5060,"Coffee, Iced Cafe Mocha",192
5061,"Coffee, Iced Cafe Mocha, nonfat",192
5062,"Coffee, Iced Cafe Mocha, with non-dairy milk",192
5063,"Coffee, Iced Cafe Mocha, decaffeinated",192
5064,"Coffee, Iced Cafe Mocha, decaffeinated, nonfat",192
5065,"Coffee, Iced Cafe Mocha, decaffeinated, with non-dairy milk",192
5066,"Coffee, instant, reconstituted",192
5067,"Coffee, instant, 50% less caffeine, reconstituted",192
5068,"Coffee, NS as to brewed or instant, decaffeinated",192
5069,"Coffee, brewed, decaffeinated",192
5070,"Coffee, instant, decaffeinated, reconstituted",192
5071,"Coffee, instant, pre-lightened and pre-sweetened with sugar, reconstituted",192
5072,"Coffee, instant, decaffeinated, pre-lightened and pre-sweetened with sugar, reconsitituted",192
5073,"Coffee, instant, pre-sweetened with sugar, reconstituted",192
5074,"Coffee, mocha, instant, pre-lightened and pre-sweetened with low calorie sweetener, reconstituted",192
5075,"Coffee, instant, pre-lightened and pre-sweetened with low calorie sweetener, reconstituted",192
5076,"Coffee, instant, decaffeinated, pre-lightened and pre-sweetened with low calorie sweetener, reconstituted",192
5077,"Coffee, pre-lightened and pre-sweetened with sugar",192
5078,"Coffee, decaffeinated, pre-lightened and pre-sweetened with sugar",192
5079,"Coffee, pre-lightened and pre-sweetened with low calorie sweetener",192
5080,"Coffee, decaffeinated, pre-lightened and pre-sweetened with low calorie sweetener",192
5081,"Coffee, pre-lightened",192
5082,"Coffee, decaffeinated, pre-lightened",192
5083,"Coffee, pre-sweetened with sugar",192
5084,"Coffee, decaffeinated, pre-sweetened with sugar",192
5085,"Coffee, pre-sweetened with low calorie sweetener",192
5086,"Coffee, decaffeinated, pre-sweetened with low calorie sweetener",192
5087,"Coffee and chicory, brewed",192
5088,"Coffee and chicory, brewed, decaffeinated",192
5089,"Coffee, Cappuccino",192
5090,"Coffee, Cappuccino, nonfat",192
5091,"Coffee, Cappuccino, with non-dairy milk",192
5092,"Coffee, Cappuccino, decaffeinated",192
5093,"Coffee, Cappuccino, decaffeinated, nonfat",192
5094,"Coffee, Cappuccino, decaffeinated, with non-dairy milk",192
5095,"Coffee, bottled/canned",192
5096,"Coffee, bottled/canned, light",192
5097,"Coffee, instant, not reconstituted",192
5098,"Coffee, instant, decaffeinated, not reconstituted",192
5099,"Coffee, instant, pre-sweetened with sugar, not reconstituted",192
5100,"Coffee, instant, pre-lightened and pre-sweetened with sugar, not reconstituted",192
5101,"Coffee, instant, decaffeinated, pre-lightened and pre-sweetened with sugar, not reconstituted",192
5102,"Coffee, instant, decaffeinated, pre-lightened and pre-sweetened with low calorie sweetener, not reconstituted",192
5103,Coffee substitute,192
5104,Chicory beverage,192
5105,"Tea, hot, leaf, black",192
5106,"Tea, hot, leaf, black, decaffeinated",192
5107,"Tea, hot, leaf, green",192
5108,"Tea, hot, leaf, green, decaffeinated",192
5109,"Tea, hot, leaf, oolong",192
5110,"Tea, iced, instant, black, unsweetened",192
5111,"Tea, iced, instant, black, pre-sweetened with sugar",192
5112,"Tea, iced, instant, black, decaffeinated, pre-sweetened with sugar",192
5113,"Tea, iced, instant, black, pre-sweetened with low calorie sweetener",192
5114,"Tea, iced, instant, black, decaffeinated, pre-sweetened with low calorie sweetener",192
5115,"Tea, iced, instant, black, decaffeinated, unsweetened",192
5116,"Tea, iced, instant, green, unsweetened",192
5117,"Tea, iced, instant, green, pre-sweetened with sugar",192
5118,"Tea, iced, instant, green, pre-sweetened with low calorie sweetener",192
5119,"Tea, hot, herbal",192
5120,"Tea, hot, hibiscus",192
5121,Corn beverage,12
5122,"Tea, hot, chamomile",192
5123,"Tea, hot, with milk",192
5124,"Tea, ginger",192
5125,"Tea, bubble",192
5126,"Tea, kombucha",192
5127,"Tea, iced, instant, black, unsweetened, dry",192
5128,"Tea, iced, instant, black, pre-sweetened, dry",192
5129,Iced Tea / Lemonade juice drink,24
5130,"Iced Tea / Lemonade juice drink, light",24
5131,"Iced Tea / Lemonade juice drink, diet",24
5132,"Tea, iced, brewed, black, pre-sweetened with sugar",192
5133,"Tea, iced, brewed, black, pre-sweetened with low calorie sweetener",192
5134,"Tea, iced, brewed, black, unsweetened",192
5135,"Tea, iced, brewed, black, decaffeinated, pre-sweetened with sugar",192
5136,"Tea, iced, brewed, black, decaffeinated, pre-sweetened with low calorie sweetener",192
5137,"Tea, iced, brewed, black, decaffeinated, unsweetened",192
5138,"Tea, iced, brewed, green, pre-sweetened with sugar",192
5139,"Tea, iced, brewed, green, pre-sweetened with low calorie sweetener",192
5140,"Tea, iced, brewed, green, unsweetened",192
5141,"Tea, iced, brewed, green, decaffeinated, pre-sweetened with sugar",192
5142,"Tea, iced, brewed, green, decaffeinated, pre-sweetened with low calorie sweetener",192
5143,"Tea, iced, brewed, green, decaffeinated, unsweetened",192
5144,"Tea, iced, bottled, black",192
5145,"Tea, iced, bottled, black, decaffeinated",192
5146,"Tea, iced, bottled, black, diet",192
5147,"Tea, iced, bottled, black, decaffeinated, diet",192
5148,"Tea, iced, bottled, black, unsweetened",192
5149,"Tea, iced, bottled, black, decaffeinated, unsweetened",192
5150,"Tea, iced, bottled, green",192
5151,"Tea, iced, bottled, green, diet",192
5152,"Tea, iced, bottled, green, unsweetened",192
5153,"Soft drink, NFS",24
5154,"Soft drink, NFS, diet",24
5155,"Water, tonic",24
5156,"Water, carbonated, plain",24
5157,"Water, carbonated, flavored",24
5158,"Soft drink, cola",24
5159,"Soft drink, cola, diet",24
5160,"Soft drink, cola, decaffeinated",24
5161,"Soft drink, cola, decaffeinated, diet",24
5162,"Soft drink, pepper type",24
5163,"Soft drink, pepper type, diet",24
5164,"Soft drink, pepper type, decaffeinated",24
5165,"Soft drink, pepper type, decaffeinated, diet",24
5166,"Soft drink, cream soda",24
5167,"Soft drink, cream soda, diet",24
5168,"Soft drink, fruit flavored, caffeine free",24
5169,"Soft drink, fruit flavored, diet, caffeine free",24
5170,"Soft drink, fruit flavored, caffeine containing",192
5171,"Soft drink, fruit flavored, caffeine containing, diet",192
5172,"Soft drink, ginger ale",24
5173,"Soft drink, ginger ale, diet",24
5174,"Soft drink, root beer",24
5175,"Soft drink, root beer, diet",24
5176,"Soft drink, chocolate flavored",24
5177,"Soft drink, chocolate flavored, diet",24
5178,"Soft drink, cola, fruit or vanilla flavored",24
5179,"Soft drink, cola, chocolate flavored",24
5180,"Soft drink, cola, fruit or vanilla flavored, diet",24
5181,"Soft drink, cola, chocolate flavored, diet",24
5182,"Fruit juice drink, citrus, carbonated",24
5183,"Fruit juice drink, noncitrus, carbonated",24
5184,Fruit juice drink,24
5185,Tamarind drink,24
5186,"Fruit punch, made with fruit juice and soda",24
5187,"Lemonade, fruit juice drink",24
5188,"Lemonade, fruit flavored drink",24
5189,"Lemonade, frozen concentrate, not reconstituted",24
5190,Fruit flavored drink,24
5191,"Pina Colada, nonalcoholic",24
5192,"Margarita mix, nonalcoholic",24
5193,Slush frozen drink,24
5194,"Slush frozen drink, no sugar added",24
5195,"Fruit flavored drink, with high vitamin C",24
5196,"Cranberry juice drink, with high vitamin C",24
5197,"Fruit juice drink, with high vitamin C",24
5198,"Vegetable and fruit juice drink, with high vitamin C",24
5199,Fruit juice drink (Sunny D),24
5200,"Fruit flavored drink, powdered, reconstituted",24
5201,"Fruit flavored drink, with high vitamin C, powdered, reconstituted",24
5202,"Fruit juice drink, with high vitamin C, light",24
5203,"Fruit juice drink, light",24
5204,"Fruit juice drink, diet",24
5205,"Cranberry juice drink, with high vitamin C, light",24
5206,"Grape juice drink, light",24
5207,"Orange juice beverage, 40-50% juice, light",24
5208,"Apple juice beverage, 40-50% juice, light",24
5209,"Lemonade, fruit juice drink, light",24
5210,"Pomegranate juice beverage, 40-50% juice, light",24
5211,"Vegetable and fruit juice drink, with high vitamin C, diet",24
5212,"Vegetable and fruit juice drink, with high vitamin C, light",24
5213,"Fruit flavored drink, with high vitamin C, diet",24
5214,"Fruit flavored drink, diet",24
5215,"Fruit flavored drink, with high vitamin C, powdered, reconstituted, diet",24
5216,"Fruit flavored drink, powdered, reconstituted, diet",24
5217,Fruit juice drink (Capri Sun),24
5218,"Fruit juice drink, added calcium (Sunny D)",24
5219,"Horchata, made with water",12
5220,"Horchata, made with milk",12
5221,Frescavena,12
5222,Atole de avena,12
5223,Sugar cane beverage,12
5224,Atole,12
5225,Atole de chocolate,12
5226,"Wine, nonalcoholic",252
5227,"Beer, nonalcoholic",252
5228,Shirley Temple,24
5229,"Fruit flavored drink, with high vitamin C, powdered, not reconstituted",24
5230,"Fruit flavored drink, powdered, not reconstituted",24
5231,"Fruit flavored drink, powdered, not reconstituted, diet",24
5232,"Sports drink, dry concentrate, not reconstituted",192
5233,Beer,252
5234,"Beer, light",252
5235,"Beer, higher alcohol",252
5236,"Alcoholic malt beverage, sweetened",252
5237,Alcoholic malt beverage,252
5238,Hard cider,252
5239,Hard seltzer,252
5240,Liqueur,252
5241,"Liqueur, cream",252
5242,"Liqueur, coffee flavored",252
5243,"Cocktail, NFS",252
5244,Brandy Alexander,252
5245,Bloody Mary,252
5246,Cape Cod,252
5247,Daiquiri,252
5248,"Gelatin shot, alcoholic",252
5249,Gimlet,252
5250,Gin and tonic,252
5251,Greyhound,252
5252,Jagerbomb,252
5253,Kamikaze,252
5254,Manhattan,252
5255,Margarita,252
5256,Martini,252
5257,"Martini, flavored",252
5258,Michelada,252
5259,Mimosa,252
5260,Mint julep,252
5261,Mojito,252
5262,Moscow mule,252
5263,Old fashioned,252
5264,Orange Blossom,252
5265,Rob Roy,252
5266,Rusty Nail,252
5267,Screwdriver,252
5268,Seabreeze,252
5269,Seven and Seven,252
5270,Tom Collins,252
5271,Whiskey sour,252
5272,Whiskey and soda,252
5273,Whiskey and water,252
5274,Whiskey and cola,252
5275,Whiskey and diet cola,252
5276,Whiskey and ginger ale,252
5277,Rum and cola,252
5278,Rum and diet cola,252
5279,Pina Colada,252
5280,Brandy and cola,252
5281,Vodka and soda,252
5282,Vodka and lemonade,252
5283,Vodka and cola,252
5284,Vodka and diet cola,252
5285,Vodka and energy drink,252
5286,Vodka and water,252
5287,Vodka and tonic,252
5288,Sloe gin fizz,252
5289,Black Russian,252
5290,White Russian,252
5291,"Fruit punch, alcoholic",252
5292,Champagne punch,252
5293,Singapore Sling,252
5294,Mai Tai,252
5295,Tequila Sunrise,252
5296,Long Island iced tea,252
5297,Fuzzy Navel,252
5298,Alcoholic coffee drink,252
5299,Frozen daiquiri,252
5300,Frozen margarita,252
5301,"Eggnog, alcoholic",252
5302,Gin fizz,252
5303,"Rum, hot buttered",252
5304,"Wine, sparkling",252
5305,"Wine, red",252
5306,"Wine, white",252
5307,"Wine, rose",252
5308,"Wine, rice",252
5309,"Wine, dessert, sweet",252
5310,"Wine, light",252
5311,Wine cooler,252
5312,"Sangria, red",252
5313,"Sangria, white",252
5314,Wine spritzer,252
5315,Glug,252
5316,Brandy,252
5317,Whiskey,252
5318,Scotch,252
5319,Gin,252
5320,Rum,252
5321,Vodka,252
5322,Tequila,252
5323,"Water, NFS",0
5324,"Water, tap",0
5325,"Water, bottled, plain",0
5326,"Water, non-carbonated, flavored",24
5327,"Water beverage, fruit flavored",24
5328,"Water, enhanced, regular",24
5329,"Water, enhanced, diet",24
5330,"Water, baby",0
5331,"Nutritional drink or shake, ready-to-drink (Boost)",12
5332,"Nutritional drink or shake, ready-to-drink (Boost Plus)",12
5333,"Nutritional drink or shake, ready-to-drink (Carnation Instant Breakfast)",12
5334,"Nutritional drink or shake, ready-to-drink (Ensure)",12
5335,"Nutritional drink or shake, ready-to-drink (Ensure Plus)",12
5336,"Nutritional drink or shake, ready-to-drink, sugar free (Glucerna)",12
5337,"Nutritional drink or shake, ready-to-drink (Muscle Milk)",12
5338,"Nutritional drink or shake, ready-to-drink, light (Muscle Milk)",12
5339,"Nutritional drink or shake, ready-to-drink (Slim Fast)",12
5340,"Nutritional drink or shake, ready-to-drink, sugar free (Slim Fast)",12
5341,"Nutritional drink or shake, high protein, ready-to-drink (Slim Fast)",12
5342,"Nutritional drink or shake, ready-to-drink, NFS",12
5343,"Nutritional drink or shake, high protein, ready-to-drink, NFS",12
5344,"Nutritional drink or shake, high protein, light, ready-to-drink, NFS",12
5345,"Nutritional drink or shake, liquid, soy-based",12
5346,Nutritional powder mix (Carnation Instant Breakfast),12
5347,"Nutritional powder mix, sugar free (Carnation Instant Breakfast)",12
5348,Nutritional powder mix (EAS Whey Protein Powder),12
5349,Nutritional powder mix (EAS Soy Protein Powder),12
5350,"Nutritional powder mix, high protein (Herbalife)",12
5351,Nutritional powder mix (Isopure),12
5352,Nutritional powder mix (Muscle Milk),12
5353,"Nutritional powder mix, light (Muscle Milk)",12
5354,Nutritional powder mix (Slim Fast),12
5355,"Nutritional powder mix, sugar free (Slim Fast)",12
5356,"Nutritional powder mix, high protein (Slim Fast)",12
5357,"Nutritional powder mix, NFS",12
5358,"Nutritional powder mix, high protein, NFS",12
5359,"Nutritional powder mix, whey based, NFS",12
5360,"Nutritional powder mix, protein, soy based, NFS",12
5361,"Nutritional powder mix, protein, light, NFS",12
5362,"Nutritional powder mix, protein, NFS",12
5363,Energy drink (Full Throttle),192
5364,Energy drink (Monster),192
5365,Energy drink (Mountain Dew AMP),192
5366,Energy drink (No Fear),192
5367,Energy drink (No Fear Motherload),192
5368,Energy drink (NOS),192
5369,Energy drink (Red Bull),192
5370,Energy drink (Rockstar),192
5371,Energy drink (SoBe Energize Energy Juice Drink),192
5372,Energy drink (Vault),192
5373,Energy Drink,192
5374,"Energy drink, low calorie (Monster)",192
5375,"Energy drink, sugar free (Monster)",192
5376,"Energy drink, sugar free (Mountain Dew AMP)",192
5377,"Energy drink, sugar free (No Fear)",192
5378,"Energy drink, sugar-free (NOS)",192
5379,Energy drink (Ocean Spray Cran-Energy Juice Drink),192
5380,"Energy drink, sugar-free (Red Bull)",192
5381,"Energy drink, sugar free (Rockstar)",192
5382,"Energy drink, sugar free (Vault)",192
5383,Energy drink (XS),192
5384,Energy drink (XS Gold Plus),192
5385,"Energy drink, sugar free",192
5386,Sports drink (Gatorade G),192
5387,Sports drink (Powerade),192
5388,"Sports drink, NFS",192
5389,"Sports drink, low calorie (Gatorade G2)",192
5390,"Sports drink, low calorie (Powerade Zero)",192
5391,"Sports drink, low calorie",192
5392,"Fluid replacement, electrolyte solution",0
5393,"Fluid replacement, 5% glucose in water",0
5394,"Fruit juice, acai blend",12
5395,Cheese as ingredient in sandwiches,9
5396,Cheese and Queso as ingredient,8
5397,Beef as ingredient in recipes,8
5398,Breakfast meat as ingredient in omelet,8
5399,Chicken as ingredient in recipes,8
5400,"Fish, cooked, as ingredient",8
5401,"Fish fillet, fried as ingredient in sandwiches",12
5402,Breading or batter as ingredient in food,8
5403,Wheat bread as ingredient in sandwiches,9
5404,Wheat bun as ingredient in sandwiches,9
5405,"Rice, white, cooked, as ingredient",8
5406,"Rice, brown, cooked, as ingredient",8
5407,"Potato, cooked, as ingredient",6
5408,"Spinach, cooked, as ingredient",6
5409,"Broccoli, cooked, as ingredient",6
5410,"Carrots, cooked, as ingredient",6
5411,"Sweet potato, cooked, as ingredient",6
5412,"Tomatoes, cooked, as ingredient",6
5413,"Onions, cooked, as ingredient",6
5414,"Mushrooms, cooked, as ingredient",6
5415,"Green pepper, cooked, as ingredient",6
5416,"Red pepper, cooked, as ingredient",6
5417,"Cabbage, cooked, as ingredient",6
5418,"Cauliflower, cooked, as ingredient",6
5419,"Eggplant, cooked, as ingredient",6
5420,"Green beans, cooked, as ingredient",6
5421,"Summer squash, cooked, as ingredient",6
5422,"Celery, cooked, as ingredient",6
5423,Dark green vegetables as ingredient in omelet,6
5424,Tomatoes as ingredient in omelet,6
5425,Other vegetables as ingredient in omelet,6
5426,"Mirepoix, cooked, as ingredient",6
5427,Vegetables as ingredient in curry,8
5428,Vegetables as ingredient in soups,8
5429,Vegetables as ingredient in stews,12
5430,Sauce as ingredient in hamburgers,9
5431,Industrial oil as ingredient in food,6