id,Title,Desc,Muscle Group,metValue,sports,Minimal Age (months)
0,Partner plank band row,The partner plank band row is an abdominal exercise where two partners perform single-arm planks while pulling on the opposite ends of an exercise band. This technique can be done for time or reps in any ab-focused workout.,"Abs, Back, Obliques",4.5,"Circuit Training, Fitness, Strength Training",144
1,Banded crunch isometric hold,"The banded crunch isometric hold is an exercise targeting the abdominal muscles, particularly the rectus abdominis or ""six-pack"" muscles. The band adds resistance and continuous tension to this popular exercise.",Abs,3.0,"Bodybuilding, Fitness, Strength Training",120
2,FYR Banded Plank Jack,"The banded plank jack is a variation on the plank that involves moving the legs in and out for repetitions. Having a band around the thighs forces the lower body to work harder, particularly the hips and glutes. The plank jack is commonly performed as part of a bodyweight circuit, or as part of a dynamic warm-up.","Abs, Glutes, Hip Flexors, Full Body",8.5,"Cardio, Circuit Training, Fitness, HIIT",168
3,Banded crunch,"The banded crunch is an exercise targeting the abdominal muscles, particularly the rectus abdominis or ""six-pack"" muscles. The band adds resistance and continuous tension to this popular exercise.",Abs,3.5,"Bodybuilding, Fitness, Strength Training",120
4,Crunch,"The crunch is a popular core exercise targeting the rectus abdominis, or ""six-pack"" muscles, as well as the obliques. It has been the centerpiece of many ab-focused workouts, due to both its simplicity and the intense burn and mind-muscle connection it produces. It can be performed for time or reps as part of the ab-focused portion of any workout.","Abs, Obliques",2.8,"Fitness, Strength Training",96
5,Decline band press sit-up,"The decline band press sit-up is a weighted core exercise that works the rectus abdominis or ""six pack"" muscles, as well as the deep core muscles. It also taxes the muscles of the shoulders and upper back. Sit-up variations with added resistance are usually performed for moderate to high reps, such as 8-12 reps per set or more, as part of the core-focused portion of a workout.","Abs, Shoulders, Back, Chest",4.5,"Bodybuilding, Strength Training",168
6,FYR2 Banded Frog Pump,"The banded frog pump is a glute exercise that involves lying on your back with the soles of your feet together and a resistance band around your thighs. You then raise your hips off the ground, working against the band's resistance. This exercise is excellent for activating and strengthening the gluteus maximus and medius.","Glutes, Inner Thighs",3.5,"Bodybuilding, Rehabilitation, Strength Training",144
7,Band low-to-high twist,"The band low-to-high twist is a core exercise targeting the upper abdominals and the obliques. Take care to perform it with control, as rapid, uncontrolled twisting can injure the spine. It is usually performed for moderate to high reps, at least 8-15 per side, as part of the core-focused portion of a workout.","Abs, Obliques",3.8,"Fitness, Golf, Strength Training, Tennis",144
8,Barbell roll-out,"The barbell roll-out is an abdominal exercise that utilizes a barbell in the place of an ab roller. It is best performed with a barbell that has rotating collars, and is considered more difficult than other ab roller variations. Many lifters may not be able to perform a single rep at first, but once they can perform these for reps, they'll be rewarded with a seriously strong core.","Abs, Lats, Shoulders",5.0,"Calisthenics, Strength Training",192
9,Barbell Ab Rollout - On Knees,"The barbell roll-out is an abdominal exercise that utilizes a barbell in the place of an ab roller. It is best performed with a barbell that has rotating collars, and is considered more difficult than other ab roller variations. Many lifters may not be able to perform a single rep at first, but once they can perform these for reps, they'll be rewarded with a seriously strong core.","Abs, Lats, Shoulders",4.5,"Bodybuilding, Strength Training",192
10,Decline bar press sit-up,"The decline bar press sit-up is a weighted core exercise targeting the abdominal muscles, particularly the lower abs. It also challenges the shoulders and upper back to move the weight. Weighted sit-up variations are usually performed for moderate to high reps, such as 8-12 reps per set or more, as part of the core-focused portion of a workout.","Abs, Shoulders, Chest",5.0,"Bodybuilding, Strength Training",192
11,Bench barbell roll-out,"The bench barbell roll-out is a challenging exercise targeting the abdominals. It is similar to using an ab roller, but using a barbell allows for a wider grip. Placing the knees on a bench rather than the floor makes the move more difficult by increasing the challenge to the upper body.","Abs, Shoulders, Lats, Back",5.5,"Calisthenics, Strength Training",192
12,Barbell Side Bend,"The barbell side bend is a core exercise that targets the obliques. To perform it, you stand with your feet shoulder-width apart, holding a barbell across the back of your shoulders. Then, you bend to one side at the waist, keeping your back straight, and return to the starting position before repeating on the other side.",Obliques,4.0,"Bodybuilding, Strength Training",192
13,Seated bar twist,"The seated bar twist is a core exercise meant to strengthen the obliques. It is often performed for high reps with relatively light weight, such as an empty barbell, a lightweight fixed-weight bar, or even a PVC pipe. It can be performed during a workout, at the end of a workout, or outside of the gym to build core strength and resiliency.",Obliques,2.5,"Mobility, Strength Training",144
14,Single-arm landmine pull and press,"The single-arm landmine pull and press is an explosive rotational movement using a barbell anchored in a landmine device. It combines a pull off the floor with rotation and finishes with a press. It is usually performed for low reps per set with an emphasis on speed and form, not moving heavy weight.","Full Body, Shoulders, Obliques, Back",7.5,"Athletics, Fitness, Golf, Rotational Sports",192
15,Barbell Ab Roll Out - Gethin Variation,"The barbell roll-out is an abdominal exercise that utilizes a barbell in the place of an ab roller. It is best performed with a barbell that has rotating collars, and is considered more difficult than other ab roller variations. Many lifters may not be able to perform a single rep at first, but once they can perform these for reps, they'll be rewarded with a seriously strong core.","Abs, Lats, Shoulders",5.0,"Bodybuilding, Strength Training",192
16,30 Barbell Floor Wiper,"The barbell floor wiper is a core exercise in which the barbell is held in the locked-out position of a floor press, and the hips and legs are rotated side to side. It targets the oblique muscles of the lateral abdomen, but is also seriously challenging to the deep core and rectus abdominis or ""six-pack"" muscles.","Obliques, Abs, Shoulders, Chest",5.5,"Crossfit, Strength Training",192
17,30 Barbell Roll-Out,"The barbell roll-out is an abdominal exercise that utilizes a barbell in the place of an ab roller. It is best performed with a barbell that has rotating collars, and is considered more difficult than other ab roller variations. Many lifters may not be able to perform a single rep at first, but once they can perform these for reps, they'll be rewarded with a seriously strong core.","Abs, Lats, Shoulders",5.0,Strength Training,192
18,Decline plate sit-up,"The decline plate sit-up is a weighted core exercise that works the rectus abdominis or ""six pack"" muscles, as well as the deep core muscles. Weighted sit-up variations are usually performed for moderate to high reps, such as 8-12 reps per set or more, as part of the core-focused portion of a workout.",Abs,4.0,"Bodybuilding, Strength Training",168
19,KV Barbell Hip Thrust,"The barbell hip thrust is a popular glute-strengthening exercise. It involves sitting on the floor with your upper back against a bench and a barbell across your hips. You then drive your hips upward, squeezing your glutes, until your body forms a straight line from your shoulders to your knees.","Glutes, Hamstrings",5.0,"Athletics, Bodybuilding, Strength Training",192
20,Advanced Kettlebell Windmill,"The advanced kettlebell windmill is a full-body exercise that challenges your core, shoulders, and hips.","Full Body, Shoulders, Obliques, Hamstrings",6.0,"Fitness, Kettlebell Training, Mobility",168
21,Kettlebell Windmill,"The single-kettlebell windmill is a dynamic kettlebell exercise emphasizing core strength and shoulder and hip mobility and stability. It is often used as a functional warm-up or for multi-directional strength work. It doesn't work as well in a metcon or conditioning setting, and shouldn't be performed under intense fatigue.","Shoulders, Obliques, Hamstrings, Full Body",5.5,"Fitness, Kettlebell Training, Mobility",168
22,Kettlebell Pass Between The Legs,The kettlebell pass between the legs is a dynamic exercise that improves coordination and core stability. It involves swinging a kettlebell and passing it from one hand to the other between your legs.,"Abs, Obliques, Full Body",6.5,"Fitness, Kettlebell Training",168
23,Kettlebell 3-point leg extension,"The kettlebell 3-point leg extension is a dynamic core exercise performed around and over a kettlebell or other short, stationary object. It is similar in some ways to a V-up or reverse crunch, but targets both the obliques and the rectus abdominis or ""six-pack"" muscles. It can be performed for reps or for time, usually in dedicated ab training or as part of a kettlebell and bodyweight circuit workout.","Abs, Obliques",4.5,"Circuit Training, Kettlebell Training",168
24,Double Kettlebell Swing,"The double kettlebell swing is a powerful, full-body exercise that enhances strength, power, and cardiovascular fitness. It involves swinging two kettlebells from between your legs up to chest level, using a powerful hip hinge.","Hamstrings, Glutes, Lower Back, Shoulders, Full Body",10.5,"Crossfit, HIIT, Kettlebell Training, Strength Training",192
25,Burpee over kettlebell,"The burpee over kettlebell is a more advanced version of a popular conditioning exercise. If you're performing a circuit that already has both burpees and kettlebell movements, it's a simple way to provide a novel stimulus to the muscles of the lower body and create a more athletic style of training.",Full Body,10.0,"Crossfit, Fitness, HIIT",192
26,Kettlebell toe-touch,"The kettlebell toe-touch is a more difficult version of a highly popular abdominal movement usually done for high reps. The simple addition of a weight makes the toe-touch far more difficult, providing a different stimulus to the core during training.",Abs,4.0,"Kettlebell Training, Strength Training",168
27,Kettlebell swing,"The kettlebell swing is a popular lower-body exercise emphasizing the hamstrings, glutes, and back muscles. It is often used to train explosive power, for aerobic or cardiovascular conditioning, in circuit training, or as an accessory movement for the deadlift.","Hamstrings, Glutes, Lower Back, Full Body",9.8,"Cardio, Crossfit, Fitness, HIIT, Kettlebell Training",168
28,Two-way swing,"The two-way kettlebell swing is an exercise that alternates a chest-height kettlebell swing (sometimes called a ""Russian"" or ""hardstyle"" swing) with an overhead kettlebell swing (sometimes called an ""American"" swing). Both swing variations work many of the same muscles, such as the hamstrings, glutes, and core, but because the weight must travel farther in the overhead swing, it's slightly more metabolically demanding and works the upper back and shoulders more. This combo can be performed for time or reps and works especially well in circuit-style or full-body training. If you can't perform the overhead swing without lower back or shoulder pain, just perform the chest-height swing.","Hamstrings, Glutes, Lower Back, Shoulders, Full Body",11.0,"Crossfit, HIIT, Kettlebell Training",192
29,Kettlebell crab reach,"The kettlebell crab reach is a kettlebell pressing exercise in which the lifter presses a kettlebell overhead while in a modified single-arm bridge position. The simple addition of a weight makes the reach far more difficult, challenging the muscles of the back, shoulders, glutes, and core.","Full Body, Glutes, Shoulders, Abs, Back",6.5,"Fitness, Kettlebell Training, Mobility",168
30,Taylor Single-Arm Kettlebell Swing,The Taylor single-arm kettlebell swing is a variation of the traditional kettlebell swing that is performed with one arm. This unilateral movement challenges your core to resist rotation and improves grip strength.,"Hamstrings, Glutes, Lower Back, Obliques, Full Body",9.5,"Crossfit, Fitness, Kettlebell Training",168
31,Holman Kettlebell Up to Elbow Down,"The Kettlebell Up to Elbow Down is a full-body exercise that improves strength, stability, and coordination. It involves moving from a lying position to an elbow-supported position while holding a kettlebell, engaging the core, shoulders, and back.","Full Body, Abs, Shoulders, Back",5.0,"Fitness, Kettlebell Training",168
32,FYR2 Double-Kettlebell Ski,The FYR2 double-kettlebell ski swing is a dynamic exercise that mimics the motion of skiing. It involves swinging two kettlebells back between your legs and then explosively extending your hips and knees to swing them forward.,"Hamstrings, Glutes, Lower Back, Full Body",9.0,"Fitness, HIIT, Kettlebell Training",168
33,FYR2 Kettlebell Hike,"The Kettlebell Hike is a dynamic exercise targeting the posterior chain (glutes, hamstrings, and lower back). It involves swinging a kettlebell between the legs using an explosive hip hinge movement, making it great for developing power and strength.","Hamstrings, Glutes, Lower Back, Full Body",8.5,"Fitness, Kettlebell Training",168
34,FYR2 Kettlebell Cross-Body Catch,The FYR2 kettlebell cross-body catch is a coordination and agility drill. It involves tossing a kettlebell from one hand to the other across your body.,"Full Body, Abs, Obliques",5.0,"Fitness, Kettlebell Training",168
35,FYR2 Kettlebell Duck Walk,"The Kettlebell Duck Walk is a challenging lower-body exercise that improves strength, mobility, and endurance. It involves walking in a deep squat position while holding a kettlebell, engaging the quads, glutes, and hamstrings.","Quads, Glutes, Hamstrings, Legs",6.0,"Fitness, Kettlebell Training, Strength Training",168
36,FYR2 Kettlebell Get-Up Reach,The Kettlebell Get-Up Reach is a variation of the Turkish get-up that focuses on shoulder stability and core strength. The exercise involves reaching with the non-kettlebell hand towards the ceiling as you progress through the stages of the get-up.,"Full Body, Shoulders, Abs",6.5,"Fitness, Kettlebell Training",168
37,FYR2 Kettlebell Juggle,"The Kettlebell Juggle is an advanced exercise that improves coordination, grip strength, and explosive power. It involves tossing and catching a kettlebell with one or two hands in various patterns.","Full Body, Forearms, Shoulders",7.0,"Fitness, Kettlebell Sport",168
38,FYR2 Squat-Clean-Alternating-Press Complex,"The FYR2 squat-clean-alternating-press complex is a full-body workout that combines three movements: a squat, a clean, and an alternating overhead press, all performed with kettlebells.","Full Body, Legs, Shoulders",8.5,"Crossfit, Fitness, Kettlebell Training",192
39,Dumbbell V-Sit Cross Jab,"The dumbbell V-sit cross jab is a hybrid movement that trains the abdominal and shoulder muscles simultaneously. It can address multiple muscle groups in a time-efficient muscle-building or circuit-style workout, while also providing a cardiovascular challenge.","Abs, Obliques, Shoulders",5.0,"Boxing, Circuit Training, Martial Arts",168
40,Dumbbell spell caster,"The dumbbell spell caster is an exercise that primarily targets the abdominal muscles such as the obliques. However, it also works shoulders, back, hips, and legs, and demands all of those muscles work together in a coordinated motion. It is usually performed with relatively light weights for moderate to high reps, at least 8-12 reps per side. Make sure to only use a weight you can control.","Obliques, Shoulders, Full Body",5.5,"Circuit Training, Fitness",168
41,Dumbbell side bend,"The dumbbell side bend is a popular exercise for targeting the oblique muscles of the abdomen. It is usually performed for relatively high reps, at least 8-12 reps per set or more. It can be performed one side at a time or alternating sides.",Obliques,3.5,"Bodybuilding, Strength Training",168
42,Dumbbell crunch,"The dumbbell crunch is a more difficult version of a highly popular abdominal movement. The simple addition of a weight makes the crunch far more difficult, providing a different stimulus to the core during training.",Abs,3.8,"Bodybuilding, Strength Training",168
43,Dumbbell Fix Dumbbell Sprawl,The Dumbbell Fix dumbbell sprawl is a full-body conditioning exercise. It's a variation of a burpee that involves sprawling your legs back and then standing up while holding dumbbells.,Full Body,9.0,"Crossfit, Fitness, HIIT",168
44,Dumbbell Fix Alternating Renegade Row,"The Alternating Renegade Row is a compound exercise that targets the back, shoulders, and core. It involves maintaining a plank position while alternately rowing a dumbbell with each arm, challenging stability and upper body strength.","Back, Abs, Obliques, Shoulders",6.5,"Crossfit, Fitness, Strength Training",168
45,Dumbbell Fix Dumbbell Mountain Climber,"The Dumbbell Mountain Climber is a dynamic, full-body exercise that combines the benefits of a traditional mountain climber with the added challenge of holding dumbbells. It targets the core, shoulders, arms, and legs.","Full Body, Abs, Shoulders, Legs",9.0,"Circuit Training, Fitness, HIIT",168
46,Dumbbell Fix Dumbbell Russian Twist,"The Dumbbell Fix dumbbell Russian twist is a core exercise that targets the obliques. Seated with your feet off the ground, you hold a dumbbell and twist your torso from side to side.",Obliques,4.0,"Fitness, Strength Training",168
47,Dumbbell Fix Dumbbell Pull-Over,The Dumbbell Pull-Over is a classic resistance exercise that primarily targets the chest (pectoralis major) and back (latissimus dorsi) muscles. It also engages the core and triceps.,"Chest, Lats, Back, Triceps",4.5,"Bodybuilding, Strength Training",168
48,Dumbbell Fix Dumbbell Sit-Up,The Dumbbell Fix dumbbell sit-up is a weighted abdominal exercise. It involves performing a sit-up while holding a dumbbell at your chest or overhead for added resistance.,Abs,4.0,Strength Training,168
49,Dumbbell Fix Dumbbell Front Squat,"The Dumbbell Fix dumbbell front squat is a lower body exercise that targets the quads, glutes, and core. You hold two dumbbells at your shoulders and perform a squat.","Quads, Glutes, Abs, Legs",6.0,"Bodybuilding, Fitness, Strength Training",168
50,Dumbbell Fix Full Man Maker,"The Full Man Maker is a complex, full-body exercise that combines a push-up, renegade rows, a squat, and an overhead press. It is highly effective for building strength, endurance, and cardiovascular fitness.",Full Body,11.0,"Crossfit, Fitness, HIIT",192
51,Dumbbell T-hold,"The dumbbell T-hold is a static exercise that primarily targets the obliques, although it also works the shoulders and upper back. It involves holding a dumbbell in the air while in a side plank position. It is usually performed for timed holds, although it can be performed dynamically for reps as a plank with dumbbell rotation.","Obliques, Shoulders",3.5,"Pilates, Strength Training, Yoga",168
52,Dumbbell hollow-body floor press,The dumbbell hollow-body floor press combines upper-body strength and core work in one move.,"Abs, Chest, Triceps",5.5,"Fitness, Strength Training",168
53,Dumbbell crusher,"The dumbbell crusher is a dumbbell complex that combines a squat with a dumbbell curl, followed by a triceps press. It targets the legs, glutes, biceps, shoulders, and triceps in a single sequence, making it a great way to burn serious calories and hit a lot of muscles in a short period of time. The upper-body movements will determine the amount of weight you can effectively use.","Full Body, Legs, Arms",7.0,"Circuit Training, Fitness, HIIT",168
54,Dumbbell Crunch - Gethin Variation,"The dumbbell crunch is a more difficult version of a highly popular abdominal movement. The simple addition of a weight makes the crunch far more difficult, providing a different stimulus to the core during training.",Abs,3.8,"Bodybuilding, Strength Training",168
55,Single-arm dumbbell crunch,"The single-arm dumbbell crunch is a more difficult version of a highly popular abdominal movement. Adding a weight to one side makes the crunch far more difficult to your rectus abdominis or ""six-pack"" muscles, as well as the obliques and deep core muscles.","Abs, Obliques",4.0,"Bodybuilding, Strength Training",168
56,HM Alternating Dumbbell Plank Row,"The Alternating Dumbbell Plank Row is a full-body strength exercise that targets the upper back, core, chest, and arms. It involves holding a plank position while alternating rowing a dumbbell to the chest with each arm.","Back, Abs, Obliques, Shoulders",6.5,"Crossfit, Fitness, Strength Training",168
57,Dumbbell straight-legged hip raise,The dumbbell straight-legged hip raise works the hips and glutes. It requires and teaches body control and coordination.,"Abs, Glutes",4.0,"Pilates, Strength Training",168
58,Seated leg tuck with dumbbell,The seated leg tuck with dumbbell is an ab exercise requiring only a bench and a dumbbell. It's commonly performed for high reps as a burnout at the end of a core workout.,Abs,4.0,"Bodybuilding, Strength Training",168
59,Dumbbell V-sit cross jab-,"The dumbbell V-sit cross jab is a hybrid movement that trains the abdominal and shoulder muscles simultaneously. It can address multiple muscle groups in a time-efficient muscle-building or circuit-style workout, while also providing a cardiovascular challenge.","Abs, Obliques, Shoulders",5.0,"Boxing, Circuit Training, Martial Arts",168
60,30 Hanging Leg Raise With Dumbbell,"The Hanging Leg Raise with a dumbbell is an advanced core exercise that increases the difficulty of the traditional hanging leg raise. Holding a dumbbell between the feet adds resistance, further challenging the abdominal muscles and hip flexors.","Abs, Hip Flexors",5.0,"Calisthenics, Crossfit, Gymnastics, Strength Training",192
61,Dumbbell Get-Up Sit-Up,The dumbbell get-up sit-up is a core-strengthening exercise that is a component of the Turkish get-up. It involves sitting up from a lying position while holding a dumbbell overhead.,"Abs, Shoulders",5.0,"Fitness, Kettlebell Training",168
62,Holman Right Side Plank with Left Triceps Press,The Holman right side plank with left triceps press is a challenging exercise that combines a side plank for core stability with a single-arm triceps press to work the arm and shoulder.,"Obliques, Triceps, Shoulders, Arms",5.0,"Circuit Training, Fitness",168
63,Holman Left Side Plank with Right Triceps Press,The Holman left side plank with right triceps press is a core and arm exercise. It involves holding a left side plank while performing a triceps press with your right arm.,"Obliques, Triceps, Shoulders, Arms",5.0,"Circuit Training, Fitness",168
64,Holman Boat with Feet Push-Out and Overhead Press,"The Holman boat with feet push-out and overhead press is a complex core and shoulder exercise. In a boat pose, you simultaneously extend your legs and press a weight overhead.","Abs, Shoulders, Hip Flexors",5.5,"Fitness, Pilates, Yoga",168
65,Holman Hovering Plank Row,"The Hovering Plank Row is a challenging exercise that combines an isometric plank hold with a dynamic rowing motion. It targets the upper back, shoulders, and core while improving stability and control.","Back, Abs, Shoulders",6.0,"Circuit Training, Fitness",168
66,Holman Weighted Seated Killer Abs to Russian Twist,The Holman weighted seated killer abs to Russian twist is a challenging core circuit. It involves a seated abdominal exercise followed immediately by weighted Russian twists.,"Abs, Obliques",5.0,"Circuit Training, Strength Training",168
67,Holman Straight Plank Dumbbell Reach-Under,"The Straight Plank Dumbbell Reach-Under is a core stability exercise that targets the obliques. It involves maintaining a plank position while reaching a dumbbell under your body and back, challenging anti-rotation strength.","Obliques, Abs",4.5,"Fitness, Strength Training",168
68,Holman Straight-Arm Side Plank Overhead Press to Chest Press,"The Holman straight-arm side plank overhead press to chest press is a multi-movement exercise that challenges core stability and shoulder strength. In a side plank, you perform an overhead press followed by a chest press with a dumbbell.","Obliques, Shoulders, Chest",6.0,"Circuit Training, Fitness",168
69,Holman Weighted Burpee to Pike,"The Holman weighted burpee to pike is a full-body conditioning move. It's a burpee performed with weights, followed by a pike-up to work the shoulders and core.","Full Body, Shoulders, Abs",9.5,"Crossfit, Fitness, HIIT",168
70,Holman Straight-Legged Boat Chest Press,"The Holman straight-legged boat chest press is a core and chest exercise. In a straight-legged boat pose, you perform a chest press with dumbbells.","Abs, Chest",5.5,"Fitness, Pilates",168
71,Holman Weighted Burpee to Side Delt Raise,The Holman weighted burpee to side delt raise is a compound exercise that combines a burpee with a side deltoid raise to work the entire body and shoulders.,"Full Body, Shoulders, Deltoids",9.5,"Fitness, HIIT",168
72,Holman Heavy Double Pike,The Holman heavy double pike is an advanced core exercise. It typically involves using a piece of equipment like a suspension trainer or slideboard to pike your hips up while holding heavy weights.,Abs,5.0,Calisthenics,192
73,Holman Heavy Double Split Pike,"The Heavy Double Split Pike is an advanced abdominal exercise that targets the lower and upper abs. It involves simultaneously lifting the legs and torso from a supine position, creating a V-shape with the body.",Abs,5.0,Calisthenics,192
74,MetaBurn Alternating Dumbbell Sit-Through,"The Alternating Dumbbell Sit-Through is a dynamic, full-body exercise that improves strength, mobility, and coordination. It involves transitioning from a quadruped position to a seated position while holding a dumbbell, engaging the core, shoulders, and legs.","Full Body, Abs, Obliques, Shoulders, Legs",7.0,"Animal Flow, Circuit Training, Fitness",168
75,MetaBurn Alternating Plank Row With Dumbbell Pull-Through,"The MetaBurn alternating plank row with dumbbell pull-through is a challenging core and back exercise. In a plank, you perform a row and then pull a dumbbell from one side to the other.","Back, Abs, Obliques",6.8,"Circuit Training, Fitness",168
76,MetaBurn Alternating Plank Row With Push-Up,"The MetaBurn alternating plank row with push-up is a compound exercise that targets the back, chest, and core. It combines a plank row with a push-up.","Back, Chest, Abs, Triceps",7.5,"Crossfit, Fitness, HIIT",168
77,MetaBurn Dumbbell Russian Twist,"The MetaBurn dumbbell Russian twist is a classic oblique exercise. Seated with feet lifted, you twist your torso side to side while holding a dumbbell.",Obliques,4.0,Strength Training,168
78,MetaBurn Dumbbell Toe-Touch,"The MetaBurn dumbbell toe-touch is a core exercise that targets the upper abs. Lying on your back, you hold a dumbbell and reach up to touch your toes.",Abs,4.0,Strength Training,168
79,MetaBurn Plank To Alternating Row,"The Plank to Alternating Row is a strength exercise that combines the stability of a plank with the movement of a row. It targets the back, shoulders, and core, improving core strength and stability.","Back, Abs, Obliques, Shoulders",6.5,"Circuit Training, Fitness",168
80,Standing dumbbell knee crunch-,"The standing dumbbell knee crunch is a great way to train the abs while standing up. Additionally, the deltoids are worked because the lifter holds a pair of dumbbells overhead throughout.","Abs, Deltoids, Shoulders",5.0,"Fitness, Strength Training",168
81,MetaBurn Plank With Dumbbell Rotation,"The Plank with Dumbbell Rotation is a core exercise that targets the obliques and improves rotational strength and stability. It involves maintaining a plank position while lifting a dumbbell towards the ceiling, rotating the torso.","Obliques, Shoulders",5.0,"Fitness, Strength Training",168
82,FYR2 Dumbbell Crab Reach,"The FYR2 dumbbell crab reach is a dynamic, full-body exercise. From a crab walk position, you reach one arm up and over your body while holding a dumbbell.","Full Body, Shoulders, Glutes, Abs",6.5,"Circuit Training, Fitness, Mobility",168
83,FYR2 Dumbbell Man-Maker,"The FYR2 dumbbell man-maker is a challenging, multi-step exercise. It typically includes a push-up, renegade rows, a squat clean, and a thruster, all performed with dumbbells.",Full Body,11.5,"Crossfit, Fitness, HIIT",192
84,FYR2 Dumbbell Sit-Up Reach,The FYR2 dumbbell sit-up reach is a core exercise. It involves performing a sit-up while holding a dumbbell and reaching it towards your feet.,Abs,4.2,Strength Training,168
85,FYR2 Loaded Beast Sprawl,"The Loaded Beast Sprawl is a dynamic, full-body exercise that improves strength, explosiveness, and mobility. It involves transitioning from a ""beast"" position (quadruped with knees slightly off the floor) to an extended, plank-like position.","Full Body, Shoulders, Legs, Abs",7.5,"Animal Flow, Calisthenics, Fitness",168
86,FYR2 Loaded to Unloaded Beast,"The FYR2 loaded to unloaded beast is an exercise that transitions between a ""loaded beast"" position (hips back towards heels) and an ""unloaded beast"" position (shoulders forward over wrists).","Full Body, Shoulders, Legs, Abs",6.0,"Animal Flow, Fitness, Mobility",144
87,Lying Leg Pullover,The Lying Leg Pullover is a variation of the pullover performed with the legs raised. This places a greater emphasis on core engagement and torso stability throughout the movement.,"Chest, Lats, Abs, Back",5.0,"Bodybuilding, Strength Training",168
88,Landmine twist,"The landmine twist is a rotational abdominal movement performed using an angled barbell anchored at floor level in a landmine device. It can also be performed by sticking a barbell in the corner of a room, preferably in a towel to protect the walls. It targets the deep muscles of the core, including both the obliques and the transversus abdominis. It can be done fast or slow, for time or reps, either in traditional muscle-focused rep ranges such as 8-12 reps per side or for higher rep ranges.",Obliques,4.5,"Fitness, Golf, Rotational Sports, Strength Training, Tennis",192
89,Suspended ab fall-out,"The suspended ab fall-out is a dynamic abdominal exercise utilizing a suspension strap system or gymnastic rings. It is similar in form to an ab roller, but can more easily be scaled to be more or less difficult. It targets the muscles of the rectus abdominis or ""six-pack"" muscles, as well as the deep core muscles. It can be trained for low reps for strength or higher reps for muscle definition.","Abs, Shoulders, Lats",5.5,"Calisthenics, Gymnastics, Suspension Training",168
90,Decline reverse crunch,"The decline reverse crunch is a popular bodyweight exercise targeting the abdominal muscles, particularly the lower abs. It is usually performed for high reps, such as 10-15 reps per set or more, as part of the ab-focused portion of a workout.",Abs,3.5,"Bodybuilding, Strength Training",144
91,Plate Twist,"The plate twist is a core exercise that targets the obliques. Seated on the floor, you hold a weight plate and twist your torso from side to side.",Obliques,4.0,Strength Training,168
92,Weighted Crunches,"The weighted suitcase crunch is a weighted version of a popular abdominal training exercise. The simple addition of a weight makes the suitcase crunch far more difficult, helping build the ""six pack"" muscles and providing a different stimulus to the core during training.",Abs,3.8,"Bodybuilding, Strength Training",168
93,Ab Roller,"The ab wheel roll-out is an exercise targeting the abdominals, often with an inexpensive wheel device with a handle on either side. Many trainers and strength coaches claim it's one of, if no the best exercise for developing strength in the midsection. Beginners may have to start with a limited range of motion or just wheel planks.","Abs, Lats, Shoulders",5.0,"Calisthenics, Crossfit, Strength Training",168
94,Otis-Up,"The Otis-up is a weighted exercise focusing on the abdominal muscles, as well as the shoulders to a lesser degree. It primarily targets the rectus abdominus or “six-pack” muscles, but also involves the obliques and deep core muscles. It is normally performed on a decline bench holding a weight plate, but can also be performed with a dumbbell, kettlebell, or other weight.","Abs, Shoulders",4.8,Strength Training,168
95,Captain's chair knee raise,"The captain's chair knee raise is a bodyweight exercise that targets the abs. It is performed on an apparatus that allows the forearms to rest on pads and the upright torso to hang freely. Knee raises are often performed for moderate to high reps, such as 8-12 reps or more, as part of ab-focused training.","Abs, Hip Flexors",4.0,"Bodybuilding, Strength Training",168
96,Sledgehammer swing,The sledgehammer swing is an exercise working the abdominals and numerous other muscles. The sledgehammer is slammed from overhead onto a tire which absorbs the impact and causes the hammer to bounce back up. It can be performed for time or reps as part of a functional fitness or athleticism-focused workout.,"Full Body, Abs, Obliques, Shoulders",10.0,"Crossfit, Fitness, HIIT, Strength Training",192
97,Decline bar press sit-up,"The decline bar press sit-up is a weighted core exercise targeting the abdominal muscles, particularly the lower abs. It also challenges the shoulders and upper back to move the weight. Weighted sit-up variations are usually performed for moderate to high reps, such as 8-12 reps per set or more, as part of the core-focused portion of a workout.","Abs, Shoulders, Chest",5.0,"Bodybuilding, Strength Training",192
98,Pallof press,"The Pallof press is an isometric exercise that trains core stability. It involves resisting rotation from a cable or band, developing what is sometimes called ""anti-rotation"" core strength. It is most often seen in programs for athletes who compete in sports that test strength, power, and functional movements. It can be trained in timed holds or for reps by pressing the cable or band away from the body.","Obliques, Abs",3.5,"Fitness, Rehabilitation, Strength Training",144
99,Weighted Sit-Ups - With Bands,"The weighted sit-up is a more difficult version of a highly popular abdominal movement. The simple addition of a weight makes the sit-up far more difficult, providing a different stimulus to the core during training and helping build strong abs.",Abs,4.5,Strength Training,168
100,Suitcase crunch,"The suitcase crunch is a bodyweight movement that targets the muscles of the abs, the rectus abdominis or ""six-pack"" muscles in particular. It is similar to a V-up, but the lower back stays flat against the ground. It can be performed for time or reps in the ab-focused portion of any workout.",Abs,3.5,"Calisthenics, Strength Training",120
101,FYR Rope Jumping,"Jumping rope is classic conditioning exercise that is popular with everyone from children to boxers to CrossFit athletes. It targets many different muscles, including the calves, glutes, shoulders, and upper back, and is great for everything from fat loss to improving overall athletic performance.","Full Body, Calves, Legs",11.8,"Boxing, Cardio, Crossfit, HIIT",84
102,Barbell press sit-up,"The barbell press sit-up is a weighted exercise focusing on the abdominal muscles, as well as the shoulders to a lesser degree. It primarily targets the rectus abdominis or ""six-pack"" muscles, but also involves the obliques and deep core muscles. It can be performed on the floor with the feet anchored or unanchored, or on a decline or other bench. It is similar to the Otis-up, which is performed with a weight plate.","Abs, Shoulders, Chest",5.5,"Bodybuilding, Strength Training",192
103,Single-arm bent-over rear delt fly,"The single-arm bent-over rear delt fly is a popular upper-body exercise that targets the muscles on the back of the shoulder joint, specifically the rear head of the deltoid. Since pressing movements build the front and (to a lesser degree) side deltoid heads, this move is often done to promote balanced shoulder development. It is usually performed for high reps, such as 10-15 reps per set or more, as part of a shoulder or upper-body workout.","Shoulders, Deltoids, Back",3.5,"Bodybuilding, Strength Training",168
104,Captain's chair leg raise,"The captain's chair leg raise is a bodyweight exercise that targets the abs. It is performed on an apparatus that allows the forearms to rest on pads and the upright torso to hang freely. Leg raise variations are often performed for moderate to high reps, such as 8-12 reps or more, as part of ab-focused training.","Abs, Hip Flexors",4.5,"Bodybuilding, Strength Training",168
105,Shoulder-Elevated One-Leg Hip Thrusts,"The Shoulder-Elevated One-Leg Hip Thrust is a glute exercise that isolates and targets the gluteal muscles. Elevating the shoulders increases the range of motion, and performing it on one leg increases the difficulty.","Glutes, Hamstrings",4.5,"Bodybuilding, Strength Training",168
106,Ab Twist - Gethin Variation,"The cross-body sit-up is a bodyweight exercise targeting the ab muscles, the obliques and rectus abdominis or ""six-pack"" muscles in particular. It involves bringing the opposite-side knee and elbow together, usually alternating sides with each rep. It can be performed for time or reps as part of the ab-focused portion of any workout.","Abs, Obliques",3.0,"Fitness, Strength Training",120
107,Weighted Crunch - Gethin Variation,"The weighted sit-up is a more difficult version of a highly popular abdominal movement. The simple addition of a weight makes the sit-up far more difficult, providing a different stimulus to the core during training and helping build strong abs.",Abs,4.0,Strength Training,168
108,Ab Wheel Roll-Out - Gethin Variation,"The ab wheel roll-out is an exercise targeting the abdominals, often with an inexpensive wheel device with a handle on either side. Many trainers and strength coaches claim it's one of, if no the best exercise for developing strength in the midsection. Beginners may have to start with a limited range of motion or just wheel planks.","Abs, Lats, Shoulders",5.0,"Bodybuilding, Strength Training",168
109,Bench crunch,"The bench crunch is a popular ab exercise performed lying on a bench. It is largely similar to the same exercise performed on the floor, but being able to press the lower back into the bench pad can help reinforce proper form and increase the burn in the abs. Like most crunch variations, it is usually performed for moderate to high reps, such as 8-12 reps per set or more.",Abs,3.0,"Bodybuilding, Strength Training",120
110,Decline plate sit-up twist,"The decline plate sit-up twist is a weighted core exercise that works the obliques and rectus abdominis or ""six pack"" muscles, as well as the deep core muscles. Weighted sit-up variations are usually performed for moderate to high reps, such as 8-12 reps per set or more, as part of the core-focused portion of a workout.","Abs, Obliques",4.5,"Bodybuilding, Strength Training",168
111,Reverse ab roll-out,"The reverse ab roll-out is an exercise targeting the abdominals. It's a twist on the ab wheel roll-out, and is similar to a body saw exercise, only performed on a foam roller. Instead of your arms moving and your lower body remaining stationary, your lower body moves and your arms remain stationary. Beginners may need to use a limited range of motion.","Abs, Shoulders",4.8,"Fitness, Strength Training",144
112,30 Seated Twist With PVC Pipe,The seated bar twist is a core exercise aiming to strengthen the obliques.,Obliques,2.0,Mobility,84
113,Suspended crunch-,"The suspended crunch is an abdominal exercise performed with the feet in the stirrups of a suspension strap system. It targets the muscles of the core, most prominently the rectus abdominis or ""six-pack"" muscles, but also taxes the shoulders and deep core muscles.","Abs, Shoulders",4.5,"Calisthenics, Suspension Training",168
114,Suspended oblique crunch,"The suspended oblique crunch is an abdominal exercise performed with the feet in the stirrups of a suspension strap system. It targets the muscles of the core, most prominently the obliques, but also the rectus abdominis or ""six-pack"" muscles, the shoulders, and deep core muscles.","Obliques, Abs, Shoulders",4.8,"Calisthenics, Suspension Training",168
115,Weighted sit-up,"The weighted sit-up is a more difficult version of a highly popular abdominal movement. The simple addition of a weight makes the sit-up far more difficult, providing a different stimulus to the core during training and helping build strong abs.",Abs,4.0,"Bodybuilding, Strength Training",168
116,30 Decline Press Sit-Up,The decline bar press sit-up is a core and upper body exercise targeting the lower abdominals and shoulders.,"Abs, Shoulders, Chest",5.0,"Bodybuilding, Strength Training",192
117,Holman Towel Reverse Plank Alternating Heel Pull-in,"The Towel Reverse Plank Alternating Heel Pull-in is a posterior chain exercise that targets the glutes, hamstrings, and lower back. Using a towel under the heels adds a sliding element, increasing the difficulty.","Glutes, Hamstrings, Lower Back",4.0,"Fitness, Home Workouts",120
118,Holman Boat with Weighted Cross Punch,The Boat with Weighted Cross Punch is a core exercise that combines an isometric boat pose hold with a rotational movement. It targets the rectus abdominis and obliques while improving balance.,"Abs, Obliques",4.5,"Boxing, Fitness, Pilates",168
119,Holman Weighted Hook Punch,"The Weighted Hook Punch is an exercise that simulates a boxing punch while adding resistance. It targets the shoulders, arms, and core, improving power and explosiveness.","Shoulders, Obliques, Arms",6.0,"Boxing, Fitness, Martial Arts",168
120,Holman Weighted Traveling Punch,The Holman weighted traveling punch is a dynamic exercise that combines movement with punching. You travel in a certain direction while punching with weights.,"Full Body, Shoulders, Arms, Abs",7.0,"Boxing, HIIT, Martial Arts",168
121,Holman Weighted Uppercut Punch,The Holman weighted uppercut punch is a core and shoulder exercise that mimics an uppercut punch while holding a weight.,"Shoulders, Obliques, Arms",6.0,"Boxing, Fitness, Martial Arts",168
122,Holman Slow Weighted Double Pike,The Holman slow weighted double pike is an advanced core exercise that involves piking the hips up slowly while holding weights.,Abs,5.0,Calisthenics,192
123,Holman Plate Straight Plank Reach,"In a straight plank position, the Holman plate straight plank reach involves reaching one arm forward to touch a weight plate, challenging core stability.",Abs,4.0,"Fitness, Strength Training",168
124,Holman Plate Elbow Plank Jack to Straight Plank Jack,"The Holman plate elbow plank jack to straight plank jack is a dynamic plank variation. It involves performing plank jacks on your elbows, then transitioning to a straight-arm plank for more jacks.","Abs, Glutes, Full Body",8.0,"Circuit Training, Fitness, HIIT",168
125,Holman Plate Hill Climber,The Holman plate hill climber is a variation of mountain climbers where you tap your toes on a weight plate.,"Abs, Full Body",8.5,"Circuit Training, HIIT",168
126,Holman Plate Reverse Plank Hill Climber,"The Plate Reverse Plank Hill Climber is a posterior chain exercise targeting the glutes and hamstrings. It involves maintaining a reverse plank position while alternately driving the knees to the chest, holding a plate on the hips.","Glutes, Hamstrings",4.5,"Fitness, Strength Training",168
127,Holman Plate Straight Plank Pike to Jack,The Holman plate straight plank pike to jack is a core exercise that combines a plank pike (lifting your hips) with a plank jack (jumping your feet out and in).,"Abs, Shoulders, Glutes",7.5,"Circuit Training, HIIT",168
128,Holman Plate In-and-Out Push-Up,"The Plate In-and-Out Push-Up is a push-up variation that adds a stability challenge. It involves sliding a plate under one hand in and out during the movement, engaging the chest, shoulders, and core.","Chest, Shoulders, Triceps, Abs",5.5,"Fitness, Strength Training",168
129,Holman Plate Burpee,"The Holman plate burpee is a burpee variation that incorporates a weight plate, often by jumping onto or over it.",Full Body,9.5,"Crossfit, Fitness, HIIT",168
130,Holman Plate Elbow Plank Reach,The Plate Elbow Plank Reach is a core stability exercise that targets the rectus abdominis and obliques. It involves maintaining an elbow plank while sliding a plate forward and back with one hand.,Abs,4.0,"Fitness, Strength Training",168
131,Holman Elbow Plank to Renegade Row,The Holman elbow plank to renegade row is a challenging core and back exercise. It involves transitioning from an elbow plank to a straight-arm plank to perform a renegade row.,"Back, Abs, Obliques, Shoulders",7.0,"Circuit Training, Fitness",168
132,Holman Straight Plank Weighted Hand Hill Climber,The Straight Plank Weighted Hand Hill Climber is a variation of the mountain climber that increases the load on the upper body and core. Holding a weight in one hand challenges stability and strength.,"Abs, Shoulders, Full Body",9.0,"Calisthenics, HIIT",168
133,Holman Weighted Left Side Diagonal Pike,The Holman weighted left side diagonal pike is a core exercise that targets the obliques. It involves piking your hips up and to the left while holding a weight.,Obliques,4.5,Strength Training,168
134,Holman Weighted Right Side Diagonal Pike,The Holman weighted right side diagonal pike is a core exercise that targets the obliques. It involves piking your hips up and to the right while holding a weight.,Obliques,4.5,Strength Training,168
135,Holman Weighted W-Boat to Overhead Press,"The Holman weighted W-boat to overhead press is a core and shoulder exercise. In a 'W' boat pose, you perform an overhead press with weights.","Abs, Shoulders",5.5,"Fitness, Pilates",168
136,Holman Weighted Kneeling Lift,The Holman weighted kneeling lift is a core and shoulder exercise that involves lifting a weight from the floor to an overhead position while kneeling.,"Shoulders, Abs",5.0,"Fitness, Strength Training",168
137,Holman Hips-Up Weighted Pull-Over,"The Holman hips-up weighted pull-over is an exercise that targets the chest, lats, and core. With your hips raised in a bridge, you perform a pull-over with a weight.","Chest, Lats, Back, Glutes, Abs",5.5,"Fitness, Strength Training",168
138,Holman Weighted Cross Punch,The Holman weighted cross punch is a core-focused exercise where you perform cross-body punches while holding weights.,"Obliques, Shoulders",5.0,"Boxing, Fitness",168
139,Holman Straight-Leg Boat Hover Chest Press,"The Holman straight-leg boat hover chest press is a challenging core and chest exercise. In a low, straight-leg boat pose, you perform a chest press.","Abs, Chest",5.8,"Calisthenics, Fitness",168
140,Holman Weighted Pike,The Holman weighted pike is a core exercise where you perform a pike (lifting your hips) while holding a weight.,Abs,4.5,Strength Training,168
141,Holman Feet-Elevated Wax-On Wax-Off,"The Feet-Elevated Wax-On Wax-Off is a core exercise that mimics a circular polishing motion. With the feet elevated, it increases the load on the lower abs and requires greater stability.","Abs, Shoulders",5.0,"Circuit Training, Fitness",144
142,Holman Elbow Plank to Towel Pike,"The Elbow Plank to Towel Pike is a core exercise that targets the rectus abdominis. It involves sliding the feet, placed on a towel, towards the hands from an elbow plank position, creating a pike position at the hips.",Abs,5.0,"Fitness, Home Workouts",144
143,Holman Seated Killer Abs Overhead Press,"The Holman seated killer abs overhead press is a core and shoulder exercise. In a seated position that challenges your abs, you perform an overhead press.","Abs, Shoulders",5.5,"Circuit Training, Fitness",168
144,Holman Straight Plank Alternating Weighted Open,"The Straight Plank Alternating Weighted Open is a core exercise that targets the obliques and shoulders. It involves maintaining a plank position while alternately lifting a weight towards the ceiling with each arm, rotating the torso.","Obliques, Shoulders",5.0,"Fitness, Strength Training",168
145,Holman Weighted Killer Abs with Overhead Press,The Holman weighted killer abs with overhead press is a challenging core and shoulder circuit. It involves a difficult abdominal exercise followed by an overhead press.,"Abs, Shoulders",6.0,"Circuit Training, Fitness",168
146,Holman Weighted Split-Leg Pike,The Holman weighted split-leg pike is an advanced core exercise where you perform a pike with your legs split apart while holding a weight.,"Abs, Inner Thighs",5.0,Calisthenics,192
147,Holman Towel Reverse Plank Heel Pull-in,"The Towel Reverse Plank Heel Pull-in is a posterior chain exercise that targets the glutes and hamstrings. It involves maintaining a reverse plank while pulling one heel, placed on a towel, towards the body.","Hamstrings, Glutes",4.0,"Fitness, Home Workouts",120
148,Stick Twist,The stick twist is a core exercise that involves holding a stick or bar and twisting your torso from side to side to improve rotational mobility.,Obliques,2.0,Mobility,84
149,Roc Everest,"The Roc Everest is a challenging cardio and endurance exercise, often involving a combination of climbing and other movements.",Full Body,12.0,"Endurance Sports, Obstacle Course Racing",216
150,Standing cable low-to-high twist,"The standing cable low-to-high twist is a core exercise targeting the upper abdominals and the obliques. Take care to perform it with control, as opposed to violent twisting which can injure the back. It is usually performed for moderate to high reps, at least 8-15 per side, as part of the core-focused portion of a workout.","Obliques, Abs",4.0,"Fitness, Rotational Sports, Strength Training",168
151,Single-arm high-cable side bend,The single-arm high-cable side bend is an exercise targeting the obliques using a cable stack machine.,Obliques,3.5,"Bodybuilding, Strength Training",168
152,Kneeling cable oblique crunch,"The kneeling cable oblique crunch is a popular core isolation exercise using a rope attachment and cable stack while kneeling on the floor. It primarily targets the obliques and rectus abdominis or ""six-pack"" muscles, but also strengthens the deep core muscles. It is most commonly performed for moderate to high reps, such as 8-12 reps per set or higher.","Obliques, Abs",4.0,"Bodybuilding, Strength Training",168
153,Kneeling cable crunch,"The kneeling cable crunch is a popular core isolation exercise using a rope attachment and cable stack while kneeling on the floor. It primarily targets the rectus abdominis or ""six-pack"" muscles, but also strengthens the deep core muscles. It is most commonly performed early in an ab workout, usually in moderate to high reps, such as 8-12 reps per set or higher.",Abs,4.0,"Bodybuilding, Strength Training",168
154,Rope Crunch,"The kneeling cable crunch is a popular core isolation exercise using a rope attachment and cable stack while kneeling on the floor. It primarily targets the rectus abdominus or ""six-pack"" muscles, but also strengthens the deep core muscles. It is most commonly performed early in an ab workout, usually in moderate to high reps like 8-12 reps per set or higher.",Abs,4.0,"Bodybuilding, Strength Training",168
155,Standing cable crunch,"The standing cable crunch is a popular core isolation exercise using a rope attachment. It primarily targets the rectus abdominis or ""six-pack"" muscles, but also strengthens the deep core muscles. It is most commonly performed early in an ab workout, usually in moderate to high reps, such as 8-12 reps per set or higher.",Abs,4.0,"Bodybuilding, Strength Training",168
156,Bosu Ball Cable Crunch With Side Bends,The Bosu ball cable crunch with side bends is a core exercise that combines a cable crunch on a Bosu ball for instability with side bends to target the obliques.,"Abs, Obliques",4.5,"Fitness, Strength Training",168
157,Standing Cable Wood Chop,The standing cable high-to-low twist is a core exercise targeting the lower abdominals and the obliques.,"Obliques, Abs",4.0,"Fitness, Rotational Sports, Strength Training",168
158,Cable reverse crunch,"The cable reverse crunch is performed on the ground facing away from a high pulley, which helps target the lower abdominals specifically.",Abs,4.0,"Bodybuilding, Strength Training",168
159,Cable Russian Twists,Cable Russian twists are a core exercise that uses a cable machine to provide resistance as you twist your torso from side to side.,Obliques,4.2,"Fitness, Strength Training",168
160,Pallof press with rotation,The Pallof press with rotation is a dynamic variation of the Pallof press that incorporates weighted rotation away from the torso using resistance from a cable pulley. It is intended to build abdominal strength and teach proper bracing. It can be performed for time or for reps in the core-focused portion of any workout.,"Obliques, Abs",4.0,"Fitness, Rotational Sports, Strength Training",168
161,Cable Seated Crunch,The cable seated crunch is a machine-based abdominal exercise where you crunch your torso down against the resistance of a cable.,Abs,3.8,"Bodybuilding, Strength Training",168
162,Cable Judo Flip,"The Cable Judo Flip is a dynamic exercise that simulates a judo throw. It targets the core, back, and legs, improving rotational power and explosiveness.","Full Body, Obliques, Back, Legs",7.5,"Fitness, Judo, Martial Arts",168
163,Exercise Ball Cable Crunch - Gethin Variation,"The exercise ball crunch is a popular gym exercise targeting the abdominals. Unlike crunches on the floor or a bench, by using a ball, you can increase the range of motion and both stretch and contract the abs on every rep. The ball crunch can be performed for low reps with a slower tempo, focusing on a hard contraction, or for higher reps.",Abs,3.5,"Bodybuilding, Strength Training",144
164,Standing cable high-to-low twist,"The standing cable high-to-low twist is a core exercise targeting the lower abdominals and the obliques. Take care to perform it with control, as opposed to violent twisting which can injure the back. It is usually performed for moderate to high reps, at least 8-15 per side, as part of the core-focused portion of a workout.","Obliques, Abs",4.0,"Fitness, Rotational Sports, Strength Training",168
165,Bent-Over Reverse Cable Fly,"The Bent-Over Reverse Cable Fly is an upper back and shoulder exercise. It targets the rhomboids and rear deltoids, improving posture and upper back strength.","Shoulders, Deltoids, Back",3.5,"Bodybuilding, Strength Training",168
166,Standing Cable Crunch - Gethin Variation,"The standing cable crunch is a popular core isolation exercise using a rope attachment. It primarily targets the rectus abdominus or ""six-pack"" muscles, but also strengthens the deep core muscles. It is most commonly performed early in an ab workout, usually in moderate to high reps like 8-12 reps per set or higher.",Abs,4.0,"Bodybuilding, Strength Training",168
167,AM Cable Crunch,"The kneeling cable crunch is a popular core isolation exercise using a rope attachment and cable stack while kneeling on the floor. It primarily targets the rectus abdominus or ""six-pack"" muscles, but also strengthens the deep core muscles. It is most commonly performed early in an ab workout, usually in moderate to high reps like 8-12 reps per set or higher.",Abs,4.0,"Bodybuilding, Strength Training",168
168,Tyler Holt Weighted Knee-To-Chest Crunch,The Tyler Holt weighted knee-to-chest crunch is an abdominal exercise where you bring your knees to your chest while holding a weight.,Abs,4.0,Strength Training,168
169,Standing cable twist,"The standing cable twist is a core exercise that targets the abdominals, particularly the obliques. Take care to perform it with control, as opposed to violent twisting which can injure the back. It is usually performed for moderate to high reps, at least 8-15 per side, as part of the core-focused portion of a workout.",Obliques,3.8,"Fitness, Strength Training",168
170,30 Cable Rope Crunch,"The kneeling cable crunch is a popular core isolation exercise using a rope attachment and cable stack while kneeling on the floor. It primarily targets the rectus abdominus or ""six-pack"" muscles, but also strengthens the deep core muscles. It is most commonly performed early in an ab workout, usually in moderate to high reps like 8-12 reps per set or higher.",Abs,4.0,"Bodybuilding, Strength Training",168
171,30 Cable Rope Oblique Crunch,"The kneeling cable oblique crunch is a popular core isolation exercise using a rope attachment and cable stack while kneeling on the floor. It primarily targets the obliques and rectus abdominus or ""six-pack"" muscles, but also strengthens the deep core muscles. It is most commonly performed for moderate to high reps like 8-12 reps per set or higher.","Obliques, Abs",4.0,"Bodybuilding, Strength Training",168
172,Cable lying twist on ball,The cable lying twist on ball is an exercise targeting the core and obliques with the added challenge of stability to keep from losing position on the unstable surface.,"Obliques, Abs",4.5,"Fitness, Strength Training",168
173,30 Cable Pallof Press,"The pallof press is an anti-rotation, isometric exercise that trains core stability. It is most often seen in programs for athletes who compete in sports that test strength, power, and functional movements.","Obliques, Abs",3.5,"Fitness, Rehabilitation, Strength Training",144
174,30 Cable Reverse Crunch On Ball,"The cable reverse crunch on a BOSU is performed on top of a BOSU ball between two cable pulleys, which helps target the lower abdominals specifically and is more proprioceptively challenging than a cable reverse crunch on the floor.",Abs,4.5,"Fitness, Strength Training",168
175,30 Cable Reverse Crunch,"The cable reverse crunch is performed on the ground facing away from a high pulley, which helps target the lower abdominals specifically.",Abs,4.0,"Bodybuilding, Strength Training",168
176,Tyler Holt Cable Torso Twist,The Tyler Holt cable torso twist is a core exercise that uses a cable machine to create resistance as you rotate your torso.,Obliques,3.8,"Fitness, Strength Training",168
177,Single-Arm Cable Outward-Facing Biceps Curl,The single-arm cable outward-facing biceps curl is a cable exercise that targets the biceps. It is performed standing in front of a cable machine facing away from the cable stack to increase the range of motion by fully extending the elbows. This movement is usually performed for moderate to high reps for a burn and pump as part of an arm-focused workout.,"Biceps, Arms",3.0,"Bodybuilding, Strength Training",168
178,Biceps Rope Curl,The biceps rope curl is a biceps exercise performed with a rope attachment on a cable machine. It allows for a neutral grip and can help to target the brachialis muscle.,"Biceps, Arms",3.0,"Bodybuilding, Strength Training",168
179,Kneeling Cable Crunches,"The kneeling cable crunch is a popular abdominal exercise. Kneeling in front of a cable machine, you pull the rope down as you crunch your abs.",Abs,4.0,"Bodybuilding, Strength Training",168
180,Ab Crunch Machine,"The machine crunch is a machine-based exercise targeting the abdominal muscles. It involves sitting upright in the machine and curling the torso down toward the chest against some pre-set level of resistance. On some machines, the knees also curl up torward the torso. Crunch machines usually use extra resistance in the form of selectorized weight stacks or plate loading, and are often performed for moderate to high reps, like 8-12 reps per set or higher, as part of the ab-focused portion of a workout.",Abs,3.0,"Bodybuilding, Strength Training",168
181,Smith machine straight-legged hip raise,"The Smith machine straight-legged hip raise is an exercise targeting the abdominal muscles. Because of the potential awkwardness of getting into position, it is usually performed for moderate to high reps, such as 8-12 reps per set or more. If your Smith machine has safety bars, set them at a height that allows you a full range of motion while giving adequate protection from the weight potentially falling.",Abs,4.0,"Bodybuilding, Strength Training",168
182,Machine crunch,"The machine crunch is a machine-based exercise targeting the abdominal muscles. It involves sitting upright in the machine and curling the torso down against a pre-set level of resistance. On some machines, the knees also curl up toward the torso. Crunch machines usually use extra resistance in the form of selectorized weight stacks or plate loading, and are often performed for moderate to high reps, such as 8-12 reps per set or more, as part of the ab-focused portion of a workout.",Abs,3.0,"Bodybuilding, Strength Training",168
183,AM Ab Machine,The AM ab machine is a piece of gym equipment designed to isolate and work the abdominal muscles.,Abs,3.0,Strength Training,168
184,Smith machine V-up,The smith machine V-up is a weighted abdominal exercise that involves pressing a weighted bar upward while performing a V-up. Performing it in a Smith machine eliminates the balance challenge of a free weight. It is usually performed for moderate to high reps in the ab-focused portion of a workout.,"Abs, Shoulders, Chest",5.5,"Bodybuilding, Strength Training",168
185,Elbow plank,"The elbow plank is a popular isometric abdominal exercise. It is common in all types of exercise programs, as well as in group fitness and yoga classes. It targets the muscles of the core, the deep core or transversus abdominis in particular. It is also often prescribed for time to help back pain or to teach proper bracing.",Abs,2.8,"Pilates, Rehabilitation, Strength Training, Yoga",96
186,Bottoms Up,"The lying leg lift is a popular bodyweight exercise targeting the muscles of the abs, the rectus abdominis or “six-pack” muscles in particular. It can be performed for time or reps in the core-focused portion of any workout.",Abs,3.0,"Calisthenics, Strength Training",120
187,Spider crawl,"The spider crawl is a bodyweight exercise that involves crawling on the floor with the knees outside of the elbows. It is different from a leopard crawl in that the hips are higher, and it's different from a bear crawl because the knees are wider. It can be done as a full-body warm-up, in short bursts for power or circuit training, or for longer durations as cardiovascular conditioning.",Full Body,7.0,"Animal Flow, Cardio, Fitness",120
188,Cocoons,"The cocoon crunch is a bodyweight exercise targeting the ab muscles, the rectus abdominis or ""six-pack"" muscles in particular. It involves bringing your knees to your chest and your arms from overhead to center. It can be performed for time or reps as part of the ab-focused portion of any workout.",Abs,3.5,Strength Training,120
189,Cross-Body Crunch,"The elbow-to-knee crunch is a bodyweight exercise targeting the ab muscles, the obliques and rectus abdominis or ""six-pack"" muscles in particular. It can be performed for time or reps as part of the ab-focused portion of any workout.","Abs, Obliques",3.0,Strength Training,96
190,Elbow-to-knee crunch,"The elbow-to-knee crunch is a bodyweight exercise targeting the ab muscles, the obliques and rectus abdominis or ""six-pack"" muscles in particular. It can be performed for time or reps as part of the ab-focused portion of any workout.","Abs, Obliques",3.0,Strength Training,96
191,Decline Crunch,The decline crunch is an effective core exercise targeting the rectus abdominis.,Abs,3.2,"Bodybuilding, Strength Training",144
192,Hanging toes-to-bar,"The hanging toes-to-bar is an advanced abdominal exercise in which the lifter touches their feet to a pull-up bar. There are many ways to perform this movement (strict or swinging, arms completely straight or slightly bent, legs straight or bent) each providing unique benefits and challenges. Initially, it may be a difficult move to do for a single rep, but once you build the requisite core, lat, and shoulder strength, it can be performed for higher reps.","Abs, Hip Flexors, Lats",6.5,"Calisthenics, Crossfit, Gymnastics",192
193,Hanging Oblique Knee Raise,"The hanging oblique crunch an abdominal exercise that targets both the rectus abdominus or “six-pack” muscles, and the oblique muscles. It can be performed hanging from a bar, or if grip strength is a limitation, by placing the elbows in ab straps. If hanging from a straight bar is uncomfortable to the wrists or shoulder, you can also perform them hanging with a neutral grip (palms facing one another)","Obliques, Abs, Hip Flexors",5.5,"Calisthenics, Crossfit, Strength Training",192
194,Gorilla Chin/Crunch,"The gorilla chin/crunch is an advanced bodyweight exercise that combines a chin-up with a crunch, bringing your knees towards your chest at the top of the movement.","Back, Biceps, Abs",7.0,"Calisthenics, Crossfit",192
195,Hanging leg raise,"The hanging leg raise is an exercise targeting the abs, but which also works the lats and hip flexors. Instead of resting your forearms on the pads of a captain's chair, you perform these hanging from a bar. Experienced lifters make these look easy, but beginners may need time to build up to sets of 8-12 reps.","Abs, Hip Flexors, Lats",6.0,"Calisthenics, Crossfit, Gymnastics",192
196,Mountain climber,"The mountain climber is a popular bodyweight exercise targeting the muscles of the core, as well as the shoulders, hips, and cardiovascular system. It involves lifting one knee to the chest at a time from a straight-arm plank position. It can be performed for time or reps as part of a dynamic warm-up, for bodyweight cardio or conditioning, or as no-equipment dynamic core training.","Full Body, Abs, Shoulders, Hip Flexors",8.0,"Cardio, Circuit Training, HIIT",144
197,Ab bicycle,"The ab bicycle is a bodyweight movement that targets the muscles of the abs, the obliques and rectus abdominis or ""six-pack"" muscles in particular. It can be performed for time or reps in the ab-focused portion of any workout.","Abs, Obliques",3.0,"Fitness, Strength Training",120
198,3/4 sit-up,"The 3/4 sit-up is a bodyweight exercise focused on the muscles of the core. It is similar to a sit-up, but stops short of the top position. This keeps constant tension on the abs, making it more difficult than traditional sit-ups. It can be performed for time or for reps, with the feet anchored or free, as part of the ab-focused portion of any workout.",Abs,3.5,Strength Training,120
199,Reverse crunch,"The reverse crunch is a popular exercise targeting the abdominals, particularly the lower half. It’s easy to perform on either the floor or a flat bench. Many lifters think of this as a companion to the crunch, which targets the upper abdominals more than the lower.",Abs,3.0,Strength Training,120
200,Crunches,"The crunch is a popular core exercise targeting the rectus abdominis, or ""six-pack"" muscles, as well as the obliques. It has been the centerpiece of many ab-focused workouts, due to both its simplicity and the intense burn and mind-muscle connection it produces. It can be performed for time or reps as part of the ab-focused portion of any workout.","Abs, Obliques",2.8,"Fitness, Strength Training",96
201,Dead bug reach,"The dead bug reach is an exercise for strengthening the core in which you alternate lowering your opposing arm and leg simultaneously, controlling the movement with the abdominal muscles. It can be part of a dynamic warm-up to activate the core for other athletics or lifting, or be performed in a circuit or on its own in the ab-focused portion of any workout.",Abs,3.0,"Fitness, Pilates, Rehabilitation",96
202,Crunch - Hands Overhead,"The crunch with hands overhead is a variation of the traditional crunch where you hold your arms extended overhead, which increases the lever length and the difficulty of the exercise.",Abs,3.2,Strength Training,120
203,V-up,"The V-up is a bodyweight movement that targets the muscles of the abs, the rectus abdominis or ""six-pack"" muscles in particular. It is similar to a suitcase crunch, but the lower back lifts off the ground at the top of each rep. It can be performed for time or reps in the ab-focused portion of any workout.","Abs, Hip Flexors",4.5,"Calisthenics, Crossfit, Gymnastics",144
204,Stomach Vacuum,"The stomach vacuum is an isometric exercise that targets the transverse abdominis, a deep core muscle. It involves pulling your stomach in as if trying to touch your navel to your spine.",Abs,2.0,"Bodybuilding, Pilates, Yoga",96
205,Russian twist,"The Russian twist is an exercise targeting the abdominals and the obliques. Beginning from a position that resembles stopping midway through a sit-up, it involves twisting side to side. It can be performed with body weight alone or while holding a weight plate or other object. It is performed by alternating sides with each rep and can be done for time or for a specific number of reps as part of the ab-focused portion of any workout.",Obliques,3.5,"Fitness, Strength Training",144
206,Flat Bench Lying Leg Raise,"The lying leg lift is a popular bodyweight exercise targeting the muscles of the abs, the rectus abdominis or “six-pack” muscles in particular. It can be performed for time or reps in the core-focused portion of any workout.","Abs, Hip Flexors",3.0,"Bodybuilding, Strength Training",120
207,Knees tucked crunch,"The knees tucked crunch is a core exercise that involves performing a crunch while keeping the knees bent in a 90-degree position. It primarily targets the rectus abdominis or ""six-pack"" muscles. It can be performed for time or reps as part of any abs-focused circuit or workout.",Abs,2.8,Strength Training,96
208,Butt-Ups,"Butt-Ups, also known as Pike Press, is a core and shoulder exercise. It involves lifting the hips towards the ceiling from a plank position, creating an inverted V-shape with the body.","Abs, Shoulders",4.5,"Calisthenics, Pilates, Yoga",144
209,Feet-elevated oblique crunch,"The feet-elevated oblique crunch is a variation on the crunch exercise that targets the obliques as well as the rectus abdominis or ""six-pack"" muscles. Resting the feet on a bench takes some of the hip flexor activation out of the movement, focusing the stress more on the abs.","Obliques, Abs",3.2,Strength Training,144
210,Bent-knee reverse crunch,"The bent-knee reverse crunch is a popular bodyweight core exercise. It targets the lower portion of the rectus abdominis or ""six-pack"" muscles. It can be performed for time or reps as part of any ab-focused workout.",Abs,3.0,Strength Training,120
211,Alternating heel-touch,"The alternating heel-touch is a popular bodyweight exercise that targets the obliques, as well as the rectus abdominis, or ""six-pack"" muscles. It can be performed for time or reps as part of any abs-focused circuit or workout.","Obliques, Abs",3.0,Strength Training,120
212,Suspended Reverse Crunch,"The suspended reverse crunch is a challenging core exercise performed with a suspension trainer. With your feet in the straps, you draw your knees towards your chest.","Abs, Shoulders",4.8,"Calisthenics, Suspension Training",168
213,Lying bench reverse crunch,"The lying bench reverse crunch is a popular ab exercise performed by bringing the knees toward the chest while lying on a bench. It is largely similar to the same exercise performed on the floor, but being able to press the lower back into the bench pad can help reinforce proper form and increase the burn in the abs. Like most crunch variations, it is usually performed for moderate to high reps, such as 8-12 reps per set or more.",Abs,3.2,"Bodybuilding, Strength Training",144
214,Sit-up,"The sit-up is a popular bodyweight exercise focused on the abdominal muscles. It has also been used as part of military, tactical, and scholastic fitness tests for many years. It can be performed for time or reps, with the feet anchored or free, on flat ground or a bench.","Abs, Hip Flexors",3.8,"Boxing, Fitness, Military Training",120
215,Side Bridge,"The side plank is a popular isometric abdominal exercise focusing on the oblique muscles, as well as the transversus abdominis or deep core muscles. It is sometimes paired with the curl up and bird dog as the “McGill big three” for core strength and stability. It is performed for time and can work in a warm-up or in the core-focused portion of any workout.",Obliques,2.8,"Rehabilitation, Strength Training, Yoga",96
216,Lying oblique crunch,The lying oblique crunch is a bodyweight exercise targeting the oblique muscles. It can be performed for a specific number of reps or to fatigue or failure as part of the ab-focused portion of any workout.,Obliques,3.0,Strength Training,96
217,Janda Sit-Up,The Janda sit-up is an abdominal exercise that attempts to isolate the abs by deactivating the hip flexors. This is often done by pressing the heels against a fixed object.,Abs,4.0,"Calisthenics, Rehabilitation",144
218,Leg Pull-In,"The reverse crunch is a popular exercise targeting the abdominals, particularly the lower half. It’s easy to perform on either the floor or a flat bench. Many lifters think of this as a companion to the crunch, which targets the upper abdominals more than the lower.",Abs,3.0,Strength Training,120
219,Side Jackknife,"The Side Jackknife is an oblique exercise. It involves simultaneously lifting the legs and torso from a side-lying position, bringing the hands and feet together.",Obliques,4.0,"Calisthenics, Strength Training",144
220,Scissor Kick,"The scissor kick is a core exercise where you lie on your back and alternately raise and lower your legs in a fluttering or ""scissor"" motion.","Abs, Hip Flexors",3.5,"Pilates, Strength Training",120
221,Toe Touchers,"The toe-touch is a bodyweight movement that targets the muscles of the abs, the rectus abdominis or ""six-pack"" muscles in particular. It can be performed for time or reps in the ab-focused portion of any workout.",Abs,3.5,Strength Training,120
222,Lower Back Curl,The lower back curl is a gentle exercise to improve mobility and reduce stiffness in the lower back. It involves lying on your back and gently curling your lower back off the floor.,"Lower Back, Abs",2.0,"Mobility, Rehabilitation",84
223,Exercise ball torso rotation,"The exercise ball torso rotation is a rotational abdominal exercise performed while holding a yoga or exercise ball between the hands. It focuses on the rotational muscles of the core, including the obliques, glutes, and hip muscles. It can be performed one side at a time or alternating, either for time or reps. To make it more difficult, wrap a light exercise band around the ball and anchor it to a solid object.","Obliques, Glutes",3.5,"Fitness, Strength Training",144
224,Seated Overhead Stretch,"The Seated Overhead Stretch is a flexibility exercise that targets the lats, shoulders, and triceps. It helps to improve the range of motion in the shoulder girdle.","Lats, Shoulders, Triceps",1.5,"Mobility, Yoga",72
225,Overhead Stretch,"The Overhead Stretch is a basic flexibility exercise that targets the shoulders, back, and arms. It can be performed standing or seated and helps to relieve tension in the upper body.","Shoulders, Lats, Back",1.5,Mobility,72
226,Seated Scissor Kick,The seated scissor kick is a core exercise performed while sitting on the edge of a bench or chair. You extend your legs and perform a scissor-kicking motion.,"Abs, Hip Flexors",3.5,Strength Training,120
227,Partner resistance standing twist,"The partner resistance standing twist is a bodyweight exercise in which one partner performs bodyweight twists while the other provides manual resistance. It targets the muscles of the core, and the obliques in particular. It can be performed in the core-focused part of any workout.",Obliques,3.0,"Partner Training, Strength Training",144
228,Cross Crunch,The cross crunch is an abdominal exercise that targets the obliques. It involves bringing one elbow to the opposite knee.,"Obliques, Abs",3.0,Strength Training,96
229,Full Moon,The Full Moon is a dynamic stretching exercise that involves circular movements of the torso to improve spinal mobility.,"Obliques, Abs",2.5,"Mobility, Yoga",84
230,Hanging knee raise with manual resistance,"The hanging knee raise with manual resistance is a more advanced version of the hanging knee raise that utilizes a partner. The partner applies enough resistance to make the movement more difficult, while still allowing the lifter to perform multiple reps.","Abs, Hip Flexors",5.5,"Calisthenics, Partner Training",192
231,Straight-Legged Hip Raise,"The straight-legged hip raise is a core exercise that targets the lower abs. Lying on your back, you lift your straight legs up towards the ceiling and then raise your hips off the floor.",Abs,3.8,"Calisthenics, Strength Training",144
232,Wall mountain climber,The wall mountain climber is a challenging exercise targeting the shoulders and abdominals. It's most common in bodyweight circuit training because it targets a lot of muscles as well as the cardiovascular system all at once. It can be performed for time or reps.,"Shoulders, Abs, Full Body",9.0,"Calisthenics, Crossfit, HIIT",168
233,Skin The Cat To Push-Up,"The skin the cat to push-up is an advanced bodyweight exercise that combines the ""skin the cat"" movement on rings or a bar with a push-up.","Full Body, Shoulders, Lats, Abs, Chest, Triceps",8.5,"Calisthenics, Gymnastics",192
234,Partner lying leg raise with lateral throw down,The partner lying leg raise with lateral throw down is a core exercise in which one partner performs a leg raise while the other partner pushes their legs back down at a lateral angle. The partner performing the exercise has to use core strength and stability to keep their legs from falling to the ground.,"Abs, Obliques",5.0,"Martial Arts, Partner Training, Strength Training",144
235,Hanging leg raise with throw down,"The hanging leg raise with throw down is a more advanced version of the hanging knee raise that utilizes a partner to make the movement more difficult. The partner pushes down at the top of each rep, forcing the lifter to ""fight back"" with their abs.","Abs, Hip Flexors",6.5,"Calisthenics, Partner Training",192
236,Partner sit-up with high-five,The partner sit-up with high-five is a full-body exercise targeting the core. Partners each perform a sit-up and high-five each other mid rep.,Abs,4.0,"Fitness, Partner Training",120
237,Exercise ball knee roll-in,The exercise ball knee roll-in is an abdominal exercise that involves supporting yourself with your hands in a plank or push-up position and drawing the knees in toward the chest. This is a fairly advanced abdominal move requiring a fair amount of core strength.,"Abs, Shoulders",5.0,"Fitness, Strength Training",144
238,Partner lying leg raise with throw down,The partner lying leg raise with throw down is a core exercise in which one partner performs a leg raise while the other partner pushes their legs back down. The partner performing the exercise has to use core strength and stability to keep their legs from falling to the ground.,"Abs, Hip Flexors",4.8,"Martial Arts, Partner Training, Strength Training",144
239,Crab toe-touch,"The crab toe-touch is a full-body exercise targeting the glutes, hamstrings, quads, and core. It is a challenging move that trains balance, core strength, and many muscle groups, making it work well in a time-efficient bodyweight circuit workout.","Full Body, Glutes, Hamstrings, Abs",6.0,"Calisthenics, Circuit Training, Fitness",144
240,Side kick-through,"The side kick-through is a full-body movement that involves isometric holds and moving the body through different ranges of motion, beginning in a bear crawl position. The difference between a side kick-through and a sit-through is that your butt stays off the ground throughout the entire rep. It is commonly performed in bodyweight circuits and animal-style flows, but can also work for reps on its own or as part of a dynamic warm-up or mobility sequence.","Full Body, Obliques, Shoulders, Legs",7.5,"Animal Flow, Breakdancing, Fitness",168
241,Partner target sit-up,"The partner target sit-up is a core exercise where one partner performs sit-ups, while the other uses his or her hands to create a target for them to reach for. This increases the challenge of each rep. It can be performed for time or reps in the ab-focused portion of any workout.",Abs,4.0,Partner Training,120
242,Suspended Crunch,"The suspended crunch is a core exercise using a suspension trainer. With your feet in the straps, you pull your knees towards your chest.","Abs, Shoulders",4.5,"Calisthenics, Suspension Training",168
243,Jump Lunge,"The alternating lunge jump is an explosive bodyweight exercise that targets the lower-body muscles, including the quads, glutes, and hamstrings. It can be performed for time or reps in power training, and is also effective in any fat-loss or athleticism-focused workout.","Quads, Glutes, Hamstrings, Legs",8.5,"Athletics, HIIT, Plyometrics",168
244,Side plank hip dip,"The side plank hip dip is a dynamic version of the side plank exercise focusing on the oblique muscles, as well as the transversus abdominis or deep core muscles. It can be performed for time or reps and can work in a warm-up or in the core-focused portion of any workout.",Obliques,3.5,"Pilates, Strength Training",120
245,Elbow plank jack,"The elbow plank jack is an isometric abdominal exercise with a dynamic lower-body component. It targets the muscles of the core, the deep core or transversus abdominis in particular. It can be performed for time or reps in the ab-focused portion of any workout.","Abs, Glutes",8.0,"Cardio, Circuit Training, HIIT",144
246,Exercise ball V-up,"The exercise ball V-up is a popular movement to target the abdominal muscles, particularly the rectus abdominis or ""six-pack"" muscles. It involves passing an exercise ball or yoga ball back and forth between the hands and feet while performing V-ups. It can be performed for reps or time as part of any ab-focused workout or bodyweight circuit.","Abs, Hip Flexors",5.0,"Fitness, Strength Training",144
247,Standing torso twist stretch,"The standing torso twist stretch is a stretching exercise targeting the lats and core, particularly the obliques. It’s great before a workout or any sporting event that involves a lot of twisting of the upper body.","Obliques, Lats",1.8,Mobility,84
248,Slalom jumps,"The slalom jump is an explosive bodyweight exercise that targets the lower body, including the quads, glutes, and hamstrings. Performed for reps, it also provides a serious cardiovascular challenge. It can be performed for time or reps and is especially effective in a fat-loss or athleticism-focused circuit or workout.","Legs, Quads, Glutes, Calves",8.0,"Agility Training, Plyometrics, Skiing",168
249,Bear crawl,"The bear crawl is a popular bodyweight crawling exercise. While it looks simple, the bear crawl is an intense full-body movement that targets the cardiovascular system as well as a wide range of muscle groups, the shoulders, core, and legs in particular. It can be done as a full-body warm-up, in short bursts for power or circuit training, or for longer durations as cardiovascular conditioning.","Full Body, Shoulders, Abs, Legs",7.5,"Animal Flow, Fitness, Military Training",120
250,Crab single-arm reach,"The crab single-arm reach is a full-body exercise that requires maintaining a tabletop position while alternating arm raises. It is an excellent movement to include in a dynamic warm-up, a bodyweight circuit, or for muscle activation or mobility anytime.","Full Body, Shoulders, Glutes, Hamstrings, Abs",5.5,"Calisthenics, Fitness, Mobility",144
251,Side lunge cross-body heel-touch,"The side lunge cross-body heel-touch is a lower-body exercise targeting the quads, glutes, and hamstrings. The heel-touch adds a slight rotational challenge.","Legs, Quads, Glutes, Hamstrings, Obliques",4.0,"Fitness, Mobility",120
252,Alligator Crawl,"The spider crawl is a bodyweight exercise that involves crawling on the floor with the knees outside of the elbows. It is different from a leopard crawl in that the hips are higher, and it's different from a bear crawl because the knees are wider. It can be done as a full-body warm-up, in short bursts for power or circuit training, or for longer durations as cardiovascular conditioning.",Full Body,7.0,"Fitness, Military Training",120
253,Lying cross-over lower back stretch,"The lying cross-over lower back stretch is a simple bodyweight stretch targeting the lower back, hips, and torso. It involves rotating the legs while lying flat on the back. It is commonly included in dynamic warm-ups, but can also be performed as full-body mobility work anytime.","Lower Back, Glutes, Obliques",1.8,"Mobility, Yoga",84
254,Half bird dog,"The half bird dog is a core exercise designed to strengthen the posterior chain. In the half bird dog, you will raise one arm or one leg at a time, rather than both at once as you would for a regular bird dog.","Abs, Lower Back, Glutes",2.5,"Beginners, Pilates, Rehabilitation",84
255,Shoulder tap,"The shoulder tap is an exercise targeting the abdominals and core. The basic stance matches the top of a push-up position. From there, one hand is raised to tap its opposing shoulder. A tap with each hand to each opposing shoulder equals one rep.","Abs, Obliques, Shoulders",4.0,"Calisthenics, Fitness, Mobility",120
256,Double crunch,"The double crunch is a bodyweight exercise focused on the muscles of the core, the rectus abdominis or ""six-pack"" muscles in particular. It's a very simple exercise that involves ""crunching"" the knees and elbows toward each other using the abdominal muscles, while keeping the back flat against the ground.",Abs,3.5,Strength Training,120
257,Flutter kick,"The flutter kick is a core exercise where the legs are held off the ground as you flutter your feet over and under each other in small motions. It targets multiple muscles of the core, but particularly the rectus abdominis or ""six-pack"" muscles. It can be performed for time or reps in the ab-focused portion of any workout.","Abs, Hip Flexors",3.8,"Military Training, Strength Training, Swimming",120
258,Sprawl,"The sprawl is an explosive bodyweight exercise that targets the core, upper body, and lower body. It is similar to a burpee, but without a jump at the top and with a plank instead of a push-up at the bottom. It can be performed for time or reps in any fat-loss or athleticism-focused circuit or workout.",Full Body,9.0,"Fitness, HIIT, Martial Arts, Wrestling",168
259,Spider plank jack,"The spider plank jack is a bodyweight core exercise that begins in a straight-arm plank, then combines a spider crunch and a plank jack into a single sequence. It can be performed as bodyweight core training or for conditioning in a fat-loss or athleticism-focused circuit.","Abs, Obliques, Glutes",8.5,"Circuit Training, HIIT",144
260,Pillar-To-Plank,"The Pillar-To-Plank, or up-down plank, is a core and shoulder exercise. It involves alternately lowering from a high plank (on hands) to an elbow plank and back up, while maintaining a stable torso.","Abs, Shoulders, Triceps",4.5,"Calisthenics, Fitness",120
261,Alternating High Knee Raise,The alternating high knee raise is a dynamic warm-up exercise that involves bringing your knees up towards your chest one at a time.,"Hip Flexors, Full Body",5.0,"Athletics, Cardio, Mobility",84
262,Sumo Squat Pulse,"The sumo squat pulse is a lower body exercise. In a wide-stance sumo squat, you perform small pulsing movements up and down.","Glutes, Quads, Inner Thighs, Legs",4.0,"Barre, Bodybuilding, Pilates",120
263,Line-Drill Foot Work,Line-drill footwork refers to a variety of agility drills that involve quick foot movements over a line on the ground.,"Full Body, Calves",8.0,"Agility Training, Basketball, Football, Soccer",96
264,Plank Fire Hydrants,"The plank fire hydrant is a core and glute exercise. In a plank position, you lift one knee out to the side, similar to a fire hydrant.","Abs, Glutes",4.0,"Fitness, Pilates",120
265,Banded jumping jack,"The banded jumping jack takes a classic plyometric exercise and adds an extra degree of difficulty in the form of a band surrounding the thighs, just above the knees. It can be performed for time or reps and is a great way to warm up for athletics or lower-body lifting.","Full Body, Glutes",8.5,"Cardio, HIIT, Mobility",144
266,Shin hug,"The shin hug is a bodyweight exercise focused on the muscles of the core. It shares characteristics with V-ups and crunches, but finishes with the ribs touching the thighs. It can be performed for time or for reps as part of the ab-focused portion of any workout.",Abs,3.5,Strength Training,120
267,FYR Bear Crawl Fire Feet,"Bear crawl fire feet is a variation of the bear crawl that involves running in place while in a static bear crawl hold. It adds an extra coordination and full-body challenge to an already intense full-body movement that targets the cardiovascular system as well as a wide range of muscle groups. It can be done as a full-body warm-up, or as part of a bodyweight circuit or flow.","Full Body, Shoulders, Abs, Legs",8.0,"Animal Flow, Fitness, HIIT",144
268,Bear crawl up-down,"The bear crawl up-down is a variation of the bear crawl that involves lowering the forearms to the ground in an alternating rhythm while in a static bear crawl hold. It adds an extra coordination and upper-body challenge to an already intense full-body movement that targets the cardiovascular system as well as a wide range of muscle groups. It can be done as a full-body warm-up, or as part of a bodyweight circuit or flow.","Full Body, Shoulders, Abs, Legs",7.8,"Animal Flow, Fitness",144
269,FYR Crab Kick,"The crab toe-touch is a full-body exercise targeting the glutes, hamstrings, quads, and core.","Full Body, Glutes, Hamstrings, Abs",6.0,"Calisthenics, Fitness",144
270,Bear crawl hold,"The bear crawl hold is a static variation of the bear crawl exercise performed for time. It looks simple, but it demands full-body tension and is taxing to the shoulders, core, and legs. It can be done as a full-body warm-up, as part of a bodyweight circuit or flow, or as a build-up to the traditional bear crawl.","Full Body, Shoulders, Abs, Legs, Quads",4.5,"Animal Flow, Calisthenics, Fitness",120
271,Traveling bear crawl,"The traveling bear crawl is a more advanced version of the bear crawl exercise that moves side to side rather than front to back. While it looks simple, the traveling bear crawl is an intense full-body movement that targets the cardiovascular system as well as a wide range of muscle groups, the shoulders, core, and legs in particular. It can be done as a full-body warm-up, in short bursts for power or circuit training, or for longer durations as cardiovascular conditioning.","Full Body, Shoulders, Abs, Legs",7.8,"Animal Flow, Fitness",144
272,Single-leg V-up,"The single-leg V-up is a bodyweight exercise that targets the abdominals and the hip flexors, working one side of the body at a time. It can be performed for time or reps in the ab-focused portion of any workout.","Abs, Hip Flexors",4.0,"Calisthenics, Strength Training",144
273,FYR Bear Crawl Shoulder Tap,"The bear crawl shoulder tap is a variation of the bear crawl that involves touching the opposing shoulder while in a static bear crawl hold. It adds an extra coordination and core challenge to an already intense full-body movement that targets the cardiovascular system as well as a wide range of muscle groups. It can be done as a full-body warm-up, or as part of a bodyweight circuit or flow.","Full Body, Shoulders, Abs, Obliques",6.0,"Animal Flow, Fitness",144
274,Alternating single-leg sprawl,"The alternating single-leg sprawl is an explosive bodyweight exercise that targets the core, upper body, and lower body. It differs from a standard sprawl by including a single-leg plank instead of a regular plank at the bottom. It can be performed for time or reps in any fat-loss or athleticism-focused circuit or workout.",Full Body,9.5,"Fitness, HIIT",168
275,Wide mountain climber,"The wide mountain climber is a popular bodyweight exercise targeting the muscles of the core, as well as the shoulders, hips, and cardiovascular system. It is different from a traditional mountain climber because you bring the knee to the outside of the elbow rather than the inside. It can be performed for time or reps as part of a dynamic warm-up, for bodyweight cardio or conditioning, or as no-equipment dynamic core training.","Abs, Obliques, Hip Flexors, Shoulders, Full Body",8.2,"Fitness, HIIT",144
276,Plank leg raise,"The plank leg raise is an isometric abdominal exercise that targets the muscles of the core, the deep core or transversus abdominis in particular. It also targets the muscles of the glutes and hips. It can be performed for time or reps in the ab-focused portion of any workout.","Abs, Glutes",3.5,"Pilates, Strength Training, Yoga",120
277,Glute bridge step-out,"The glute bridge step-out is a lower-body bodyweight exercise that targets the glutes and hamstrings. It differs from a glute bridge by the addition of a step-out, which increases stress on the hamstrings. It can be performed for time or reps and works perfectly in a dynamic warm-up for lower-body training, but can also be performed for glute activation anytime.","Glutes, Hamstrings",4.0,"Mobility, Rehabilitation, Strength Training",120
278,Knee up-down,"The knee up-down is a bodyweight exercise that mimics getting up and down from a kneeling position on the floor. It combines the low position of a squat with lunges, bringing some of the benefits of both. It can be done for time or reps as part of a dynamic warm-up or as part of a bodyweight circuit or workout.","Legs, Quads, Glutes, Full Body",5.5,"Circuit Training, Fitness",120
279,FYR Sprawl,"The sprawl is an explosive bodyweight exercise that targets the core, upper body, and lower body. It is similar to a burpee, but without a jump at the top and with a plank instead of a push-up at the bottom. It can be performed for time or reps in any fat-loss or athleticism-focused circuit or workout.",Full Body,9.0,"HIIT, Martial Arts, Wrestling",168
280,Reach crunch,The reach crunch is a bodyweight core exercise that involves keeping the arms raised toward the ceiling while performing a crunch. It can be performed for time or reps as part of any abs-focused circuit or workout.,Abs,3.0,Strength Training,120
281,FYR Push-Up Plank Hold,"The straight-arm plank is an exercise targeting the core muscles. It is basically the top of a push-up position, with elbows fully extended and palms on the floor. The position is held for time to target the muscles of the core, as well as the shoulders.","Abs, Shoulders",3.0,"Calisthenics, Strength Training",96
282,FYR Hollow-Body Rock,"The hollow-body rock is a bodyweight abdominal exercise performed on the floor. It starts with a hollow-body hold and adds a back-and-forth rock that challenges core stability and increases the difficulty of the movement. It can be performed for time or for reps, either in an ab-focused portion of a workout or as part of a circuit workout.",Abs,4.0,"Calisthenics, Crossfit, Gymnastics",144
283,V-up plus knee-to-chest combo,The V-up plus knee-to-chest combo is a core exercise that targets the abdominals and hip flexors by combining two movements into a single sequence. It can be performed for time or reps in the ab-focused portion of any workout.,"Abs, Hip Flexors",4.8,Strength Training,144
284,Side plank lateral raise,"The side plank lateral raise is an exercise that combines an isometric side plank hold with a dumbbell raise to target both the core and the shoulders. You probably won't be able to use much weight without disrupting your balance, but even at light weight, this is a movement that can help address multiple muscle groups in a time-efficient workout.","Obliques, Shoulders, Deltoids",4.5,"Circuit Training, Fitness",168
285,Superhero burpee,"The superhero burpee is an advanced variation of the burpee exercise. The main difference between this and the standard burpee is that while on the floor, the hands are extended in front of the body like Superman taking flight. This increases the challenge to the upper back and shoulders. These can be performed for time or reps as part of any fat-loss or athleticism-focused workout or circuit.","Full Body, Back, Shoulders",9.5,"Fitness, HIIT",168
286,Hollow-body abduction,"The hollow-body abduction is an isometric core exercise that includes leg abductions for an added challenge to the core and abductors. It targets multiple muscles of the core, but particularly the rectus abdominis or ""six-pack"" muscles. It can be performed for time or reps in the ab-focused portion of any workout.","Abs, Inner Thighs",4.0,"Calisthenics, Pilates",144
287,FYR Hollow Hold,"The Hollow Hold is an isometric core exercise that targets the deep abdominal muscles. It involves maintaining a position where the lower back is pressed into the floor, and the shoulders and legs are lifted.",Abs,3.8,"Calisthenics, Crossfit, Gymnastics",144
288,Tip-toe crunch,The tip-toe crunch is a variation on the crunch exercise that involves placing the toes on or near the ground. This can help isolate the abs from the hip flexors. The tip-toe crunch can be performed for time or for reps as part of the core-focused component of any workout.,Abs,2.8,Strength Training,96
289,Knee-to-nose pulse,"The knee-to-nose pulse is a bodyweight exercise that targets the core by pulsing your knee toward your nose. It starts in a straight-arm plank position, and is similar to a mountain climber, but with a hold or pause in the bent-knee position.","Abs, Shoulders",4.0,"Fitness, Yoga",120
290,Plank walk-out,"The plank walk-out is an advanced plank variation targeting the core and shoulders. From a standing position, the lifter descends into a plank-type position but “walks” the hands forward until they are out in front of the head. This is far more challenging to the core than having the arms directly under the shoulders. Beginners will need to progress to this exercise.","Abs, Shoulders",5.0,Calisthenics,144
291,FYR V-Up,"The V-up is a bodyweight movement that targets the muscles of the abs, the rectus abdominis or ""six-pack"" muscles in particular. It is similar to a suitcase crunch, but the lower back lifts off the ground at the top of each rep. It can be performed for time or reps in the ab-focused portion of any workout.","Abs, Hip Flexors",4.5,"Calisthenics, Crossfit, Gymnastics",144
292,Long sit-up,"The long sit-up is an advanced version of the sit-up exercise that is performed with the hands reaching over the head. This lengthens the torso, making it harder for the abs to contract and lift the upper body. Long sit-ups can be performed for time or for reps, with the feet anchored or free.",Abs,4.2,Strength Training,144
293,FYR Breakdancer,"The side kick-through is a full-body movement that involves isometric holds and moving the body through different ranges of motion, beginning in a bear crawl position. The difference between a side kick-through and a sit-through is that your butt stays off the ground throughout the entire rep. It is commonly performed in bodyweight circuits and animal-style flows, but can also work for reps on its own or as part of a dynamic warm-up or mobility sequence.","Full Body, Obliques, Shoulders, Legs",7.5,"Animal Flow, Breakdancing, Fitness",168
294,Seated leg lift,The seated leg lift is a bodyweight exercise targeting the muscles of the core and hip flexors. It can be performed for time or reps in the core-focused portion of any workout.,"Abs, Hip Flexors",3.5,"Pilates, Strength Training",120
295,Gorilla burpee,"The gorilla burpee is a variation of the burpee exercise that consists of a reverse lunge on each leg, a full squat, then a standard burpee. It is extra challenging for the lower body, including the quads, glutes, and hamstrings. It can be performed for time or reps in any fat-loss or athleticism-focused circuit or workout.","Full Body, Legs",10.0,"Fitness, HIIT",192
296,Knee-in to V-out,"The knee-in to V-out is a bodyweight abdominal exercise performed on the floor. It is similar to both the reverse crunch and the V-up exercise, but combines elements of both. It primarily targets the muscles of the rectus abdominis, or “six-pack” muscles. It can be performed for reps or time, either as part of an ab-focused workout or as a component of a circuit workout.",Abs,4.0,Strength Training,120
297,Bear crawl push-up,"The bear crawl push-up is a variation of the bear crawl hold with a push-up added. It adds an extra coordination and shoulder challenge to an already intense full-body movement that targets the cardiovascular system as well as a wide range of muscle groups, the shoulders, core, and legs in particular. It can be done as a full-body warm-up, or as part of a bodyweight circuit or flow.","Full Body, Chest, Shoulders, Triceps, Abs, Legs",8.0,"Animal Flow, Fitness",168
298,FYR Front Step,The FYR front step is a basic stepping exercise used to elevate the heart rate and warm up the body.,Full Body,4.0,"Aerobics, Mobility",84
299,Plank reach,"The plank reach is an exercise targeting the entire core, particularly the oblique muscles. It resembles a plank exercise, but the primary difference is that the lifter extends their arms forward, one at time. The core, especially the obliques, must work hard to maintain stability. It can be performed for time, with holds in the reaching position, or for reps.","Abs, Obliques",3.8,"Fitness, Strength Training",120
300,Eiffel Tower leg raise,"The Eiffel Tower leg raise is a bodyweight exercise targeting the muscles of the abs, the rectus abdominis or “six-pack” muscles in particular. It is similar to a V-up, but with the added challenge of “drawing” a pyramid shape in the air with the legs during each rep. It can be performed for time or reps in the core-focused portion of any workout.",Abs,4.8,Calisthenics,144
301,Straight-arm plank,"The straight-arm plank is an exercise targeting the core muscles. It is basically the top of a push-up position, with elbows fully extended and palms on the floor. The position is held for time to target the muscles of the core, as well as the shoulders.","Abs, Shoulders",3.0,"Calisthenics, Strength Training",96
302,Plank up-down,"The plank up-down is a variation of the plank push-up that ends in an elbow plank rather than with the chest on the ground. It involves transitioning between the two positions one arm at a time, rather than two. It puts more stress on the triceps and core than traditional planks. It can be performed for time or reps in any bodyweight workout or during the core-focused portion of any workout.","Abs, Shoulders, Triceps",4.5,"Calisthenics, Fitness",120
303,Frog kick,"The frog kick is an explosive bodyweight movement that involves hopping the rear legs up and forward from a straight-arm plank position. It targets the legs, core, and shoulders, but is also a high-intensity conditioning movement that will raise core body temperature and burn serious calories. It can be performed for time or reps as part of any athleticism-focused or fat-loss circuit or workout.","Full Body, Legs, Abs, Shoulders",8.0,"Fitness, HIIT",168
304,FYR Knees to Chest,"The hollow-body alternating knee-to-chest is a core exercise that involves bending the legs while holding the hips and shoulder blades off the ground. It targets the rectus abdominis or ""six-pack"" muscles. It can be performed for time or reps in the ab-focused portion of any workout.",Abs,3.5,Strength Training,120
305,Front kick-through,"The front kick-through is a full-body movement that involves moving the legs from a bear crawl position to a balanced one-legged stance. It is commonly performed for reps or time in bodyweight circuits and animal-style flows, but can also work on its own or as part of a dynamic warm-up or mobility sequence.","Full Body, Legs, Abs, Shoulders",7.5,"Animal Flow, Capoeira, Fitness",168
306,FYR Sit-Up,"The sit-up is a popular bodyweight exercise focused on the abdominal muscles. It has also been used as part of military, tactical, and scholastic fitness tests for many years. It can be performed for time or reps, with the feet anchored or free, on flat ground or a bench.","Abs, Hip Flexors",3.8,"Fitness, Military Training",120
307,FYR Leg Lift,The seated leg lift is a bodyweight exercise targeting the muscles of the core and hip flexors. It can be performed for time or reps in the core-focused portion of any workout.,"Abs, Hip Flexors",3.5,"Pilates, Strength Training",120
308,TBS Toes-to-bar,"The hanging toes-to-bar is an advanced abdominal exercise in which the lifter touches their feet to a pull-up bar. There are many ways to perform this movement: strict or swinging, arms completely straight or slightly bent, legs straight or bent, each providing unique benefits and challenges. Initially, it may be a difficult move to do for a single rep, but once you build the requisite core, lat, and shoulder strength, it can be performed for higher reps.","Abs, Hip Flexors, Lats",6.5,"Calisthenics, Crossfit, Gymnastics",192
309,FYR Mountain Climber,"The mountain climber is a popular bodyweight exercise targeting the muscles of the core, as well as the shoulders, hips, and cardiovascular system. It involves lifting one knee to the chest at a time from a straight-arm plank position. It can be performed for time or reps as part of a dynamic warm-up, for bodyweight cardio or conditioning, or as no-equipment dynamic core training.","Full Body, Abs, Shoulders, Hip Flexors",8.0,"Cardio, Circuit Training, HIIT",144
310,Roman Chair Side Ups,Roman chair side ups are an oblique exercise performed on a Roman chair or hyperextension bench. You bend sideways at the waist against gravity.,Obliques,3.5,"Bodybuilding, Strength Training",168
311,Push-Up Roll Out - Gethin Variation,The push-up roll out - Gethin variation is a challenging core and chest exercise that combines a push-up with a rollout using a barbell or ab wheel.,"Chest, Abs, Shoulders, Triceps",6.5,"Calisthenics, Fitness",168
312,Cross-Body Crunch - Gethin Variation,"The cross-body sit-up is a bodyweight exercise targeting the ab muscles, the obliques and rectus abdominis or ""six-pack"" muscles in particular. It involves bringing the opposite-side knee and elbow together, usually alternating sides with each rep. It can be performed for time or reps as part of the ab-focused portion of any workout.","Abs, Obliques",3.0,"Fitness, Strength Training",120
313,Decline leg lift with twist,"The decline leg lift with twist is a bodyweight core exercise targeting the obliques and rectus abdominis or ""six-pack"" muscles, particularly the lower abs. It can be performed for time or for reps as part of the core-focused portion of any workout or circuit.","Abs, Obliques",4.0,Strength Training,144
314,Hanging Leg Raise - Variation Gethin,"The hanging leg raise is an exercise targeting the abs and hip flexors. Instead of resting the forearms on the pads of apparatus, hang from a bar. It can be performed for time or reps in the ab-focused portion of any workout.","Abs, Hip Flexors, Lats",6.0,"Calisthenics, Crossfit, Gymnastics",192
315,Butterfly crunch,"The butterfly crunch is a popular bodyweight exercise that targets the rectus abdominis, or ""six-pack"" muscles. It gets its name from the position of the elbows and knees, both of which are bent out like wings. It can be performed for time or reps as part of any abs-focused circuit or workout.","Abs, Inner Thighs",3.0,"Strength Training, Yoga",120
316,Cross-body mountain climber,"The cross-body mountain climber is a popular bodyweight exercise targeting the muscles of the core, as well as the shoulders, hips, and cardiovascular system. It is different from a traditional mountain climber because you bring the knee to the opposite side of the body rather than simply to the chest. It can be performed for time or reps as part of a dynamic warm-up, for bodyweight cardio or conditioning, or as no-equipment dynamic core training.","Abs, Obliques, Shoulders, Full Body",8.2,"Cardio, Fitness, HIIT",144
317,Flat Bench Lying Leg Raise - Gethin Variation,"The lying leg lift is a popular bodyweight exercise targeting the muscles of the abs, the rectus abdominis or “six-pack” muscles in particular. It can be performed for time or reps in the core-focused portion of any workout.","Abs, Hip Flexors",3.0,"Bodybuilding, Strength Training",120
318,Lying leg lift,"The lying leg lift is a popular bodyweight exercise targeting the muscles of the abs, the rectus abdominis or “six-pack” muscles in particular. It can be performed for time or reps in the core-focused portion of any workout.","Abs, Hip Flexors",3.0,Strength Training,120
319,Hanging alternating single-leg raise,"The hanging alternating single-leg raise is an exercise targeting the abs, but which also works the lats and hip flexors. Rather than performing both legs at a time, you lift one and alternate with each rep. Leg raises are often performed for moderate to high reps, such as 8-12 reps or more, as part of ab-focused training. However, this difficult variation may require some time to build up to those rep ranges.","Abs, Hip Flexors, Lats",5.5,"Calisthenics, Strength Training",192
320,Plank Walk,The plank walk is a core exercise where you move laterally in a plank position.,"Abs, Obliques, Shoulders",4.0,Fitness,120
321,Sit-Up - Gethin Variation,"The sit-up is a popular bodyweight exercise focused on the abdominal muscles. It has also been used as part of military, tactical, and scholastic fitness tests for many years. It can be performed for time or reps, with the feet anchored or free, on flat ground or a bench.","Abs, Hip Flexors",3.8,"Fitness, Military Training",120
322,Plank Push-Up,"The plank up-down is a variation of the plank push-up that ends in an elbow plank rather than with the chest on the ground. It involves transitioning between the two positions one arm at a time, rather than two. It puts more stress on the triceps and core than traditional planks. It can be performed for time or reps in any bodyweight workout or during the core-focused portion of any workout.","Abs, Shoulders, Triceps",4.5,"Calisthenics, Fitness",120
323,Decline crunch-,"The decline crunch is a popular bodyweight exercise targeting the rectus abdominis or ""six-pack"" muscles, particular the upper abs. It is usually performed for high reps, such as 10-15 reps per set or more, as part of the ab-focused portion of a workout.",Abs,3.2,"Bodybuilding, Strength Training",144
324,Alternating lying leg raise,"The alternating lying leg lift is a popular bodyweight exercise targeting the muscles of the abs, the rectus abdominis or “six-pack” muscles in particular. It can be performed for time or reps in the core-focused portion of any workout.","Abs, Hip Flexors",3.0,Strength Training,120
325,Decline leg lift,"The decline leg lift is a popular bodyweight core exercise targeting the rectus abdominis or ""six-pack"" muscles, particularly the lower abs. It can be performed for time or for reps as part of the core-focused portion of any workout or circuit.",Abs,3.5,Strength Training,144
326,Crunch - Gethin Variation,"The crunch is a popular core exercise targeting the rectus abdominis, or ""six-pack"" muscles, as well as the obliques. It has been the centerpiece of many ab-focused workouts, due to both its simplicity and the intense burn and mind-muscle connection it produces. It can be performed for time or reps as part of the ab-focused portion of any workout.","Abs, Obliques",2.8,"Fitness, Strength Training",96
327,Plank - Gethin Variation,"The elbow plank is a popular isometric abdominal exercise. It is common in all types of exercise programs, as well as in group fitness and yoga classes. It targets the muscles of the core, the deep core or transversus abdominis in particular. It is also often prescribed for time to help back pain or to teach proper bracing.",Abs,2.8,"Pilates, Strength Training, Yoga",96
328,Barbell floor wiper,"The barbell floor wiper is a core exercise in which the barbell is held in the locked-out position of a floor press, and the hips and legs are rotated side to side. It targets the oblique muscles of the lateral abdomen, but is also seriously challenging to the deep core and rectus abdominis or ""six-pack"" muscles.","Obliques, Abs, Shoulders, Chest",5.5,"Crossfit, Strength Training",192
329,Prison Push-Up,The prison push-up is a push-up variation where you bring one knee to the outside of your elbow as you lower your body.,"Chest, Triceps, Shoulders, Obliques",4.5,"Calisthenics, Fitness",144
330,McGill Modified Curl-Up,The McGill modified curl-up is a core exercise designed to strengthen the abdominal muscles while minimizing stress on the lower back.,"Abs, Lower Back",2.5,Rehabilitation,84
331,Cross-body toe-touch,"The cross-body toe-touch is a version of the toe-touch stretch where instead of both hands reaching down toward both feet, one hand at a time reaches for the opposing foot. It's a common component in dynamic warm-ups for training or sports, but can also be performed for simple flexibility work anytime.","Hamstrings, Lower Back",2.0,Mobility,84
332,Toy soldier,"The toy soldier is a calisthenics exercise targeting the hip flexors and legs, which are kicked up one at a time. When each leg is at the top of the kick, the opposing hand touches that foot. It's a common warm-up exercise before athletics, but can also help raise core temperature and mobilize a wide range of muscles and joints prior to training.","Hamstrings, Hip Flexors, Full Body",4.0,"Athletics, Mobility",84
333,Natural Glute Ham Raise with Stability Ball,The natural glute ham raise with a stability ball is a challenging posterior chain exercise that targets the glutes and hamstrings.,"Hamstrings, Glutes, Lower Back",5.0,"Fitness, Strength Training",168
334,Lateral ape,"The lateral ape is an exercise focused on the lower body that involves staying in a low squat position as you hop laterally. It can be performed as part of a dynamic warm-up, to improve hip mobility, or as part of a fat-loss or athleticism-focused circuit workout.","Legs, Glutes, Quads",6.0,"Animal Flow, Fitness, Parkour",144
335,Hollow-body knee tuck,"The hollow-body knee tuck is a bodyweight abdominal exercise performed on the floor. It is similar to both the hollow-body hold and the knee tuck or reverse crunch, combining elements of both. It primarily targets the muscles of the rectus abdominis, or “six-pack” muscles. It can be performed for reps or time, either as part of an ab-focused workout or as a component of a circuit workout.",Abs,3.8,"Calisthenics, Gymnastics",144
336,HM Air Jumping Rope,The HM air jumping rope is a cardio exercise that mimics the motion of jumping rope without an actual rope.,"Full Body, Calves",11.0,"Cardio, Mobility",84
337,HM Alternating Lunge Reach,The HM alternating lunge reach is a dynamic stretch and warm-up that combines a lunge with a reach to improve flexibility and mobility.,"Legs, Full Body",3.5,Mobility,84
338,HM Alternating Side Plank Reach,The Alternating Side Plank Reach is an exercise for the obliques and shoulder stability. It involves maintaining a side plank while reaching the top arm under the body and then up towards the ceiling.,"Obliques, Shoulders",3.8,"Fitness, Yoga",120
339,HM Superman Plank,The Superman Plank is an advanced plank variation that challenges balance and core strength. It involves simultaneously lifting the opposite arm and leg while maintaining a stable plank position.,"Abs, Lower Back, Glutes, Shoulders",4.2,Calisthenics,144
340,HM Table Pose,The HM table pose is a yoga-inspired position that strengthens the back of the body.,"Glutes, Hamstrings, Shoulders",3.0,"Mobility, Yoga",96
341,HM Toe Touch,The HM toe touch is a core exercise where you lie on your back and reach up to touch your toes.,Abs,3.5,Strength Training,120
342,HM Right Side Bird-Dog,The HM right side bird-dog is a core stability exercise where you extend your right arm and left leg from an all-fours position.,"Abs, Lower Back, Glutes",2.8,"Pilates, Rehabilitation, Yoga",84
343,HM Right Side Crunch,The HM right side crunch is an oblique exercise where you crunch your right side.,Obliques,2.8,Strength Training,96
344,HM Bicycle,The HM bicycle is a classic core exercise that involves a pedaling motion with the legs while bringing the opposite elbow to the knee.,"Abs, Obliques",3.0,"Fitness, Strength Training",120
345,HM Bird-Dog Plank,The Bird-Dog Plank is a core stability exercise that targets the deep abdominal muscles and improves balance. It involves alternately lifting the opposite arm and leg from a plank position.,"Abs, Lower Back, Glutes",4.0,"Calisthenics, Fitness",120
346,HM Boat Pose,The HM boat pose is a yoga-inspired core exercise where you balance on your sit bones with your legs and torso lifted.,"Abs, Hip Flexors",3.5,"Pilates, Yoga",120
347,HM Bottoms Up,The HM bottoms up is a core exercise that involves lying on your back and lifting your hips and legs towards the ceiling.,Abs,3.0,Strength Training,120
348,HM Bridge,The HM bridge is a glute and hamstring exercise where you lie on your back and lift your hips off the ground.,"Glutes, Hamstrings",2.5,"Mobility, Rehabilitation, Strength Training",96
349,HM Running Man Crunch,The HM running man crunch is a core exercise that mimics a running motion while in a crunch position.,"Abs, Obliques",4.0,Strength Training,120
350,HM Seated Twist,The HM seated twist is a gentle rotational stretch for the spine.,"Obliques, Lower Back",1.8,"Mobility, Yoga",84
351,HM Side-Bend Pose,The HM side-bend pose is a stretch for the obliques and lats.,"Obliques, Lats",1.8,"Mobility, Yoga",84
352,HM Side-Plank Arm Wrap,The HM side-plank arm wrap is a core exercise where you wrap your top arm around your torso in a side plank.,Obliques,3.0,"Fitness, Yoga",96
353,HM Side-Plank with Hip Touch,The HM side-plank with hip touch is a side plank variation where you lower and lift your hip to work the obliques.,Obliques,3.5,"Pilates, Strength Training",120
354,HM Side-Plank with Kick,The HM side-plank with kick is a dynamic side plank variation that involves kicking one leg forward.,"Obliques, Hip Flexors",4.0,"Fitness, Pilates",120
355,HM Side V-Up,The HM side V-up is an oblique exercise where you lie on your side and bring your legs and torso up to meet in the middle.,Obliques,4.0,Strength Training,144
356,HM Crab Crunch,"The Crab Crunch is an exercise that targets the core and triceps. It involves lifting the hips from a ""crab"" position while alternately touching the opposite hand and foot.","Abs, Triceps, Glutes, Full Body",5.5,"Calisthenics, Fitness",144
357,HM Cross-Over Crunch,The HM cross-over crunch is an oblique exercise where you bring one elbow to the opposite knee.,"Obliques, Abs",3.0,Strength Training,96
358,HM Crunch Pulse,"Crunch Pulses are a variation of the traditional crunch that involves small, controlled movements at the top of the motion. This maintains constant tension on the abdominal muscles.",Abs,2.8,Strength Training,96
359,HM Dead Bug,The HM dead bug is a core stability exercise where you lie on your back and slowly lower opposite arm and leg.,Abs,3.0,"Fitness, Pilates, Rehabilitation",96
360,HM Single-Leg Inchworm,The HM single-leg inchworm is a full-body exercise that challenges balance and core strength.,"Full Body, Hamstrings, Shoulders, Abs",5.5,"Calisthenics, Fitness",144
361,HM Floor Jack,The HM floor jack is a cardio exercise that mimics a jumping jack while lying on the floor.,Full Body,4.0,"Circuit Training, Home Workouts",96
362,HM Floor Wiper,The HM floor wiper is a core exercise where you lie on your back and rotate your legs from side to side like windshield wipers.,"Obliques, Abs",3.5,Strength Training,120
363,HM Floor Kick,The HM floor kick is a dynamic exercise that involves kicking from a seated or lying position.,"Abs, Hip Flexors",3.8,Strength Training,120
364,HM Sit-Up,The HM sit-up is a classic abdominal exercise where you lift your torso up to a sitting position.,"Abs, Hip Flexors",3.8,"Fitness, Military Training",120
365,HM Slow Mountain Climber,The HM slow mountain climber is a core exercise where you bring your knees to your chest in a controlled manner from a plank position.,"Abs, Shoulders",5.0,"Fitness, Strength Training",120
366,HM Slow Sit-Up,The HM slow sit-up is a sit-up performed at a slow tempo to increase time under tension.,"Abs, Hip Flexors",3.8,Strength Training,120
367,HM Half-Up,The HM half-up is a core exercise where you lift your torso only partially off the ground.,Abs,2.8,Strength Training,96
368,HM Hollow-Body Pulse,The HM hollow-body pulse is a core exercise where you perform small pulsing movements in a hollow-body position.,Abs,4.0,"Calisthenics, Gymnastics",144
369,HM Hollow Hold,The HM hollow hold is an isometric core exercise where you hold a hollow-body position.,Abs,3.8,"Calisthenics, Crossfit, Gymnastics",144
370,HM Inchworm,The HM inchworm is a full-body dynamic stretch and exercise.,"Full Body, Hamstrings, Shoulders, Abs",5.0,"Calisthenics, Fitness, Mobility",120
371,HM Right Side Hollow Hold with Pulse,The HM right side hollow hold with pulse is a core exercise that focuses on the right side of the body.,"Obliques, Abs",4.2,Calisthenics,144
372,HM Reverse Crunch with Frisbee,The HM reverse crunch with Frisbee is a reverse crunch variation that uses a Frisbee for added resistance or as a target.,Abs,3.2,"Fitness, Home Workouts",120
373,HM Left Side Bird-Dog,The HM left side bird-dog is a core stability exercise where you extend your left arm and right leg from an all-fours position.,"Abs, Lower Back, Glutes",2.8,"Pilates, Rehabilitation, Yoga",84
374,HM Left Side Crunch,The HM left side crunch is an oblique exercise where you crunch your left side.,Obliques,2.8,Strength Training,96
375,HM Left Side Hollow Hold With Pulse,The HM left side hollow hold with pulse is a core exercise that focuses on the left side of the body.,"Obliques, Abs",4.2,Calisthenics,144
376,HM Reverse Crunch,The HM reverse crunch is a core exercise that targets the lower abs.,Abs,3.0,Strength Training,120
377,HM Low Lunge With External Twist And Arm Reach,The HM low lunge with external twist and arm reach is a hip and thoracic spine mobility drill.,"Hip Flexors, Obliques, Glutes",2.5,"Mobility, Yoga",84
378,HM Mountain Climber,The HM mountain climber is a classic cardio and core exercise.,"Full Body, Abs, Shoulders, Hip Flexors",8.0,"Cardio, HIIT",144
379,HM Prison Sit-Up,The HM prison sit-up is a sit-up performed with your hands behind your head.,"Abs, Hip Flexors",3.8,Fitness,120
380,HM Plank Alternating Hip-Dip,The HM plank alternating hip-dip is a plank variation where you rotate your hips from side to side.,"Obliques, Abs",3.5,Fitness,120
381,HM Tuck-Up Get-Up,The HM tuck-up get-up is a core exercise that involves tucking your knees to your chest and then getting up to a standing position.,"Abs, Full Body",6.0,"Calisthenics, Fitness",144
382,HM Flutter Kick,"Flutter Kicks are a lower abdominal exercise. They involve small, rapid, alternating kicks with the legs while lying on your back with your legs raised.","Abs, Hip Flexors",3.8,"Military Training, Strength Training",120
383,HM Plank,The HM plank is a fundamental isometric core exercise.,Abs,2.8,Strength Training,96
384,McGill Pull-Up,The McGill pull-up is likely a pull-up variation with specific form cues emphasized by Dr. Stuart McGill for back health.,"Back, Lats, Biceps",6.0,"Rehabilitation, Strength Training",192
385,AM Leg Lift,"The captain's chair leg raise is an exercise that targets the abs and hip flexors. It involves an apparatus that allows the forearms to rest on pads and the upright torso to hang freely. Unlike the Captain’s chair knee raise, the legs are straight here.","Abs, Hip Flexors",4.5,"Bodybuilding, Strength Training",168
386,AM Decline Abs,"The decline sit-up is a core exercise that works the iliopsoas, quads, hip flexors, and adductors. The rectus abdominis and obliques are the stabilizers in this movement.","Abs, Hip Flexors",4.0,"Bodybuilding, Strength Training",144
387,Hanging crunch,"The hanging crunch an abdominal exercise that targets the rectus abdominis or ""six-pack"" muscles. It can be performed hanging from a bar, on a dip station or parallel bars, or if grip strength is a limitation, by placing the elbows in ab straps. If hanging from a straight bar is uncomfortable to the wrists or shoulders, you can also perform them hanging with a neutral grip (palms facing one another). It is similar to a hanging knee raise, but with more spinal curling and a more pronounced ""crunch"" at the top.","Abs, Hip Flexors",5.5,"Calisthenics, Strength Training",192
388,Tyler Holt Hanging Toes-To-Bar,The Tyler Holt hanging toes-to-bar is an advanced core exercise where you hang from a bar and bring your toes up to touch it.,"Abs, Hip Flexors, Lats",6.5,"Calisthenics, Crossfit, Gymnastics",192
389,Side plank,"The side plank is a popular isometric abdominal exercise focusing on the oblique muscles, as well as the transversus abdominis or deep core muscles. It is sometimes paired with the curl up and bird dog as the “McGill big three” for core strength and stability. It is performed for time and can work in a warm-up or in the core-focused portion of any workout.",Obliques,2.8,"Rehabilitation, Strength Training, Yoga",96
390,Bird dog-,"The bird dog is a core exercise designed to help strengthen and stabilize the posterior chain. It involves lifting an opposite-side arm and leg while in a bent-leg tabletop position. It is most commonly performed as part of a dynamic warm-up, or for mobility and muscle activation anytime.","Abs, Lower Back, Glutes, Shoulders",2.8,"Mobility, Pilates, Rehabilitation, Yoga",84
391,Single-leg curl up,"The single-leg curl up is a bodyweight abdominal movement that teaches and reinforces abdominal “bracing” for strength training. It is usually performed along with variations of the bird dog and side plank as the “McGill big three.” The curl up can be performed for time or for reps, with or without pauses at the top position, as part of a warm-up or the core-focused component of any workout.","Abs, Lower Back",2.5,Rehabilitation,84
392,Single-kettlebell windmill,"The single-kettlebell windmill is a dynamic kettlebell exercise emphasizing core strength and shoulder and hip mobility and stability. It is often used as a functional warm-up or for multi-directional strength work. It doesn't work as well in a metcon or conditioning setting, and shouldn't be performed under intense fatigue.","Shoulders, Obliques, Hamstrings, Full Body",5.5,"Fitness, Kettlebell Training, Mobility",168
393,UNS Foam Roll Thigh,The UNS foam roll thigh is a self-myofascial release technique for the quadriceps and hamstrings.,"Quads, Hamstrings",2.0,"Mobility, Rehabilitation",84
394,UNS Inverted row,The UNS inverted row is a back exercise where you pull your chest up to a fixed bar.,"Back, Lats, Biceps",4.5,"Calisthenics, Strength Training",144
395,UNS T-spine rotation with reach,The UNS T-spine rotation with reach is a thoracic spine mobility exercise.,"Back, Obliques",2.0,"Mobility, Yoga",84
396,UNS Quadruped thoracic rotation,The Quadruped Thoracic Rotation is a mobility exercise that targets the thoracic spine. It helps to improve rotation in the upper back and relieve stiffness.,"Back, Obliques",2.0,"Mobility, Rehabilitation",84
397,UNS Pec stretch,The UNS pec stretch is a stretch for the chest muscles.,Chest,1.5,Mobility,72
398,UNS Lat stretch,The UNS lat stretch is a stretch for the latissimus dorsi muscles.,"Lats, Back",1.5,Mobility,72
399,UNS Foam Roll,The UNS foam roll refers to general foam rolling for self-myofascial release.,Full Body,2.0,"Mobility, Rehabilitation",84
400,UNS Foam Roll Lats,The UNS foam roll lats is a specific foam rolling technique for the latissimus dorsi.,"Lats, Back",2.0,"Mobility, Rehabilitation",84
401,UNS Rocking Adductor Stretch,The UNS rocking adductor stretch is a dynamic stretch for the inner thighs.,Inner Thighs,2.0,Mobility,84
402,UNS Bird Dog,The UNS bird dog is a core stability exercise.,"Abs, Lower Back, Glutes",2.8,"Pilates, Rehabilitation, Yoga",84
403,UNS Jumping Jack,The UNS jumping jack is a classic full-body cardio exercise.,Full Body,8.0,"Cardio, HIIT, Mobility",84
404,Ab wheel roll-out,The ab wheel roll-out is an exercise targeting the abdominals using an inexpensive wheel device with a handle on either side. Many trainers and strength coaches claim it's one of the best exercises for developing strength in the midsection. Beginners may have to start with a limited range of motion or just wheel planks.,"Abs, Lats, Shoulders",5.0,"Calisthenics, Crossfit, Strength Training",168
405,Bench mountain climber,"The bench mountain climber is a bodyweight exercise that works the core, shoulders, and lower body while burning a lot of calories. Placing the hands on an elevated surface such as a bench decreases the challenge to the shoulders, allowing lifters to focus their work on the other body parts. Mountain climber variations are usually performed at a fast pace for moderate to high reps, such as 8-12 reps per leg or more.","Abs, Shoulders, Hip Flexors, Full Body",7.0,"Cardio, Circuit Training",144
406,Feet-elevated bench side plank,"The feet-elevated bench side plank is an advanced version of the side plank performed with the feet elevated on a bench. It targets the same muscles as the side plank, including the obliques, shoulders, and lateral hips, but the body angle makes it more difficult than side planks on the floor. Most lifters will need to progress to this version after mastering the basic side plank first.","Obliques, Shoulders",3.5,Calisthenics,168
407,Cross-body sit-up,"The cross-body sit-up is a bodyweight exercise targeting the ab muscles, the obliques and rectus abdominis or ""six-pack"" muscles in particular. It involves bringing the opposite-side knee and elbow together, usually alternating sides with each rep. It can be performed for time or reps as part of the ab-focused portion of any workout.","Abs, Obliques",3.8,Strength Training,120
408,Decline kayak,"The decline kayak is a core exercise targeting the obliques. It involves making a paddling motion on a decline bench with the feet anchored, using a bar or pipe for weight. It is usually performed for moderate to high reps, at least 8-12 reps per side, as part of the ab-focused portion of a workout or circuit.",Obliques,4.0,"Fitness, Kayaking",144
409,30 Decline Reverse Crunch,The decline reverse crunch is a core exercise targeting the lower abdominals.,Abs,3.5,Strength Training,144
410,Decline sit-up twist,"The decline sit-up twist is a bodyweight core exercise that targets the obliques, as well as the rectus abdominis or ""six pack"" muscles. Sit-up variations are usually performed for moderate to high reps, such as 10-15 reps per set or more, as part of the core-focused portion of a workout.","Obliques, Abs",4.0,Strength Training,144
411,30 Flat Bench Leg Raise,"The lying leg lift is a popular bodyweight exercise targeting the muscles of the abs, the rectus abdominis or “six-pack” muscles in particular. It can be performed for time or reps in the core-focused portion of any workout.","Abs, Hip Flexors",3.0,Strength Training,120
412,30 Flutter Kick,"The flutter kick is a core exercise where the legs are held off the ground as you flutter your feet over and under each other in small motions. It targets multiple muscles of the core, but particularly the rectus abdominis or ""six-pack"" muscles. It can be performed for time or reps in the ab-focused portion of any workout.","Abs, Hip Flexors",3.8,"Military Training, Strength Training",120
413,Chin-up crunch,The chin-up crunch is an exercise targeting the core and overall upper-body strength. It combines a chin-up with a knee raise or crunch to give extra emphasis to the core.,"Back, Biceps, Abs",7.0,"Calisthenics, Crossfit",192
414,30 Gorilla Chin Oblique Crunch,The 30 gorilla chin oblique crunch is a challenging bodyweight exercise combining a chin-up with an oblique crunch.,"Back, Biceps, Obliques, Abs",7.5,Calisthenics,192
415,Half Turkish get-up,"The half Turkish get-up is a kettlebell movement that focuses on the first portion of the Turkish get-up exercise. It is often taught as a precursor to the full Turkish get-up, but is also a valuable abdominal and shoulder exercise in its own right. It can be performed for reps or time, either in lower rep ranges for strength or higher rep ranges for technique practice or conditioning.","Full Body, Abs, Shoulders",6.0,"Fitness, Kettlebell Training",168
416,30 Hanging Oblique Crunch,"The hanging oblique crunch an abdominal exercise that targets both the rectus abdominus or “six-pack” muscles, and the oblique muscles. It can be performed hanging from a bar, or if grip strength is a limitation, by placing the elbows in ab straps. If hanging from a straight bar is uncomfortable to the wrists or shoulder, you can also perform them hanging with a neutral grip (palms facing one another)","Obliques, Abs, Hip Flexors",5.5,"Calisthenics, Strength Training",192
417,30 Hollow-Body Hold,"The hollow-body hold is an isometric exercise that increases strength and stability in the core muscles. It is common in gymnastics training, CrossFit training, and as a core tension and bracing drill for lifters and athletes of all types. It is performed for time and can be performed as an activation drill prior to lifting, as part of a circuit, or as equipment-free core training anytime.",Abs,3.8,"Calisthenics, Crossfit, Gymnastics",144
418,Parallel bars knee raise,"The parallel bars knee raise is a bodyweight exercise that targets the abs. It is performed on parallel bars, starting in the top position of a dip. Knee raises are often performed for moderate to high reps, such as 8-12 reps or more, as part of ab-focused training.","Abs, Hip Flexors, Triceps",4.5,"Calisthenics, Gymnastics",168
419,30 Landmine Twist,"The landmine twist is a rotational abdominal movement performed utilizing an angled barbell anchored at floor level in a landmine device. It can also be performed by sticking a barbell in the corner of a room, preferably in a towel to protect the walls. It targets the deep muscles of the core, including both the obliques and the transversus abdominus. It can be done fast or slow, for time or reps, either in traditional muscle-focused rep ranges such as 8-12 reps per side.",Obliques,4.5,"Fitness, Rotational Sports",192
420,Parallel bars leg raise,"The parallel bars leg raise is a bodyweight exercise that targets the abs. It is performed on parallel bars, starting in the top position of a dip. Leg raises are often performed for moderate to high reps, such as 8-12 reps or more, as part of ab-focused training. However, this difficult variation may require some time to build up to those rep ranges.","Abs, Hip Flexors, Triceps",5.5,"Calisthenics, Gymnastics",168
421,Otis-up-,"The Otis-up is a weighted exercise focusing on the abdominal muscles and the shoulders to a lesser degree. It primarily targets the rectus abdominis or ""six-pack"" muscles, but also involves the obliques and deep core muscles. It is normally performed on a decline bench holding a weight plate, but can also be performed with a dumbbell, kettlebell, or other weight.","Abs, Shoulders",4.8,Strength Training,168
422,30 Shoulder Tap,"The shoulder tap is an exercise targeting the abdominals and core. The basic stance matches the top of a push-up position. From there, one hand is raised to tap its opposing shoulder. A tap with each hand to each opposing shoulder equals one rep.","Abs, Obliques, Shoulders",4.0,"Calisthenics, Fitness",120
423,30 Spider Crawl,"The spider crawl is a bodyweight exercise that involves crawling on the floor with the knees outside of the elbows. It is different from a leopard crawl in that the hips are higher, and it's different from a bear crawl because the knees are wider. It can be done as a full-body warm-up, in short bursts for power or circuit training, or for longer durations as cardiovascular conditioning.",Full Body,7.0,"Animal Flow, Fitness",120
424,Spider crunch,"The spider crunch is a core exercise that begins in a straight-arm plank position and involves raising one knee toward your same-side elbow to target the obliques. It is similar to a mountain climber, but with the knees out wider. It can be performed for time or reps as bodyweight ab training or conditioning.","Obliques, Abs",4.5,"Calisthenics, Fitness",120
425,Toe-touch,"The toe-touch is a bodyweight movement that targets the muscles of the abs, the rectus abdominis or ""six-pack"" muscles in particular. It can be performed for time or reps in the ab-focused portion of any workout.",Abs,3.5,Strength Training,120
426,30 Hanging Toes-To-Bar,"The hanging toes-to-bar is an advanced abdominal exercise in which the lifter touches their feet to a pull-up bar. There are many ways to perform this movement: strict or swinging, arms completely straight or slightly bent, legs straight or bent, each providing unique benefits and challenges. Initially, it may be a difficult move to do for a single rep, but once you build the requisite core, lat, and shoulder strength, it can be performed for higher reps.","Abs, Hip Flexors, Lats",6.5,"Calisthenics, Crossfit, Gymnastics",192
427,30 V-Up,"The V-up is a bodyweight movement that targets the muscles of the abs, the rectus abdominis or ""six-pack"" muscles in particular. It is similar to a suitcase crunch, but the lower back lifts off the ground at the top of each rep. It can be performed for time or reps in the ab-focused portion of any workout.","Abs, Hip Flexors",4.5,"Calisthenics, Gymnastics",144
428,Cocoon crunch,"The cocoon crunch is a bodyweight exercise targeting the ab muscles, the rectus abdominis or ""six-pack"" muscles in particular. It involves bringing your knees to your chest and your arms from overhead to center. It can be performed for time or reps as part of the ab-focused portion of any workout.",Abs,3.5,Strength Training,120
429,Bench oblique crunch,"The bench oblique crunch is an exercise that targets the obliques, the muscles running alongside the rectus abdominis. The range of motion is fairly small, but it still does a great job of working these hard-to-isolate muscles. Like most crunch variations, it is usually performed for moderate to high reps, such as 8-12 reps per set or more.",Obliques,3.0,"Bodybuilding, Strength Training",120
430,Full moon-,"The full moon is a bodyweight exercise targeting the muscles of the abs. It is similar to a V-up, but with the added challenge of “drawing” a circle shape in the air during each rep. It can be performed for time or reps in the core-focused portion of any workout.","Abs, Obliques",4.8,Calisthenics,144
431,Push-up to side plank,"The push-up to side plank is an upper-body and core-focused exercise combining two popular bodyweight movements. It targets the chest, triceps, and shoulders with the push-up, and the obliques and hip external rotator muscles with the side plank. It can be performed as part of a dynamic warm-up or any bodyweight strength-training workout.","Chest, Shoulders, Triceps, Obliques",5.0,"Calisthenics, Fitness, Yoga",144
432,Tyler Holt V-Up,The Tyler Holt V-up is an advanced core exercise where you simultaneously lift your legs and torso to form a 'V' shape.,"Abs, Hip Flexors",4.5,"Calisthenics, Strength Training",144
433,Tyler Holt Plank,The Tyler Holt plank is a standard plank exercise with specific form cues for optimal core engagement.,Abs,2.8,Strength Training,96
434,Tyler Holt Hip-Dip,The Tyler Holt hip-dip is a plank variation where you dip your hips from side to side.,Obliques,3.5,Fitness,120
435,Suicides,Suicides are a high-intensity agility drill that involves sprinting back and forth between a series of lines.,"Full Body, Legs",13.5,"Basketball, Football, HIIT, Soccer",168
436,Holman Towel Straight Plank Jack,The Holman towel straight plank jack is a plank jack performed with a towel under the feet to reduce friction.,"Abs, Glutes",8.0,"Circuit Training, Home Workouts",144
437,Holman Towel Hill Climber,The Holman towel hill climber is a mountain climber variation using a towel under the feet.,"Abs, Full Body",8.0,"HIIT, Home Workouts",144
438,Holman Towel Elbow Plank Jack,"The Towel Elbow Plank Jack is a core and inner thigh exercise. It involves spreading and bringing together the feet, placed on a towel, from an elbow plank position.","Abs, Inner Thighs",8.0,"Fitness, Home Workouts",144
439,Holman Towel Elbow Plank Pike,The Holman towel elbow plank pike is a core exercise where you use a towel to slide your feet in towards your body from an elbow plank.,Abs,5.0,"Fitness, Home Workouts",144
440,Holman Towel Straight Plank Hand Reach,"The Towel Straight Plank Hand Reach is a core stability exercise. It involves sliding one hand, placed on a towel, forward while maintaining a stable plank position.","Abs, Shoulders",4.2,"Fitness, Home Workouts",120
441,Holman Towel Wax-On Wax-Off,The Holman towel wax-on wax-off is a core exercise where you make circular motions with your hands on a towel.,"Abs, Shoulders",4.0,"Fitness, Home Workouts",120
442,Holman Towel Wide Hill Climber,The Towel Wide Hill Climber is a variation of the mountain climber that targets the inner thighs and obliques more. The feet are placed on a towel for a smooth sliding motion.,"Abs, Obliques, Inner Thighs",8.2,"HIIT, Home Workouts",144
443,Holman Towel Dirty Dog,The Holman towel dirty dog is a glute and core exercise performed with a towel for added instability.,"Glutes, Abs",4.0,"Fitness, Home Workouts",120
444,Holman Straight Plank Shoulder Tap,The Holman straight plank shoulder tap is a core stability exercise where you tap your opposite shoulder in a plank.,"Abs, Obliques, Shoulders",4.0,"Calisthenics, Fitness",120
445,Holman Killer Abs,Holman Killer Abs is likely a challenging abdominal workout or a specific exercise designed by a trainer named Holman.,Abs,7.0,"Calisthenics, HIIT",168
446,Holman Straight Plank Split Jack,The Holman straight plank split jack is a plank variation where you split your legs apart in a jacking motion.,"Abs, Glutes",8.0,"Circuit Training, HIIT",144
447,Holman Elbow Plank Swim,The Holman elbow plank swim is a core exercise that mimics a swimming motion from an elbow plank.,"Abs, Lower Back",4.0,"Fitness, Swimming",120
448,Holman Elbow Plank Saw,The Holman elbow plank saw is a core exercise where you rock your body forward and backward from an elbow plank.,"Abs, Shoulders",3.5,"Calisthenics, Fitness",120
449,Holman Feet-Elevated Straight Plank Toe-Tap Series,"The Feet-Elevated Straight Plank Toe-Tap Series is a challenging core exercise. It involves various patterns of toe taps while the feet are elevated on a support, increasing the load.","Abs, Glutes",5.0,Calisthenics,168
450,Holman Elbow Plank Pike Pull,"The Elbow Plank Pike Pull is a core exercise that targets the rectus abdominis. It involves pulling the body forward by sliding the hands, placed on a towel, from an elbow plank position.","Abs, Shoulders, Lats",5.5,"Fitness, Home Workouts",144
451,Holman Hand-Elevated Walk-Over Push-Up,The Holman hand-elevated walk-over push-up is a push-up variation where you walk your hands over an elevated surface.,"Chest, Shoulders, Triceps",5.0,"Calisthenics, Fitness",144
452,Holman Hands-Elevated Hill Climber,The Holman hands-elevated hill climber is a mountain climber with your hands on an elevated surface.,"Abs, Shoulders, Full Body",7.0,Cardio,144
453,Holman Seated Pike,The Holman seated pike is a core and hamstring flexibility exercise.,"Abs, Hamstrings",2.5,"Gymnastics, Mobility, Pilates",84
454,Holman Feet-Elevated Up-Down Plank,The Feet-Elevated Up-Down Plank is an advanced version of the exercise that increases the load on the shoulders and core. Elevating the feet increases the difficulty.,"Abs, Shoulders, Triceps",5.5,Calisthenics,168
455,Holman Feet-Elevated Hand Tap,The Holman feet-elevated hand tap is a core stability exercise performed with feet elevated.,"Abs, Shoulders",4.5,Calisthenics,168
456,Holman Reverse Straight Plank with Alternating Heel Pull-In,The Holman reverse straight plank with alternating heel pull-in is a core and hamstring exercise.,"Hamstrings, Glutes, Lower Back",4.0,Fitness,120
457,Holman Elbow Plank,The Holman elbow plank is a standard plank performed on the elbows.,Abs,2.8,Strength Training,96
458,Holman Straight Plank Squat Thrust,The Holman straight plank squat thrust is a dynamic exercise that combines a plank with a squat thrust.,"Full Body, Legs, Abs",8.5,"Circuit Training, HIIT",168
459,Holman Alternating Single-Leg Pike,The Holman alternating single-leg pike is a core exercise that involves piking one leg at a time.,Abs,4.0,"Pilates, Strength Training",144
460,Holman Knee Pull-In Crunch,The Holman knee pull-in crunch is a core exercise where you pull your knees in towards your chest.,Abs,3.5,Strength Training,120
461,Holman Straight Plank with Hand Tap,The Holman straight plank with hand tap is a core stability exercise where you tap one hand in a plank.,Abs,3.8,Fitness,120
462,Holman Straight Plank with Dirty Dog,"The Holman straight plank with dirty dog is a core and glute exercise combining a plank with a ""dirty dog"" or fire hydrant movement.","Abs, Glutes",4.0,"Fitness, Pilates",120
463,Holman Elbow Plank Roll,The Holman elbow plank roll is a core exercise where you roll from an elbow plank to a side plank.,"Obliques, Abs",3.8,Fitness,120
464,Holman Froggy Push-Up,The Holman froggy push-up is a push-up variation with a wider leg stance.,"Chest, Triceps, Shoulders, Inner Thighs",5.0,"Calisthenics, Fitness",144
465,Holman Straight Plank Hand Tap to Shoulder Tap,The Holman straight plank hand tap to shoulder tap is a core stability sequence.,"Abs, Obliques, Shoulders",4.2,Fitness,120
466,Holman In-Out Straight Plank,The Holman in-out straight plank is a plank variation where you jump your feet in and out.,"Abs, Glutes",8.0,"Circuit Training, HIIT",144
467,Holman Bicycle,The Holman bicycle is a classic core exercise.,"Abs, Obliques",3.0,Strength Training,120
468,Holman Alternating Diagonal Knee Pull-in,The Holman alternating diagonal knee pull-in is an oblique exercise where you bring your knee to the opposite elbow.,"Obliques, Abs",3.5,Strength Training,120
469,Holman Elbow Plank with Step-Out,The Holman elbow plank with step-out is a plank variation where you step one foot out to the side.,"Abs, Glutes",3.5,Fitness,120
470,Holman Alternating Slow L-Raise,The Holman alternating slow L-raise is a core exercise that involves slowly raising one leg at a time to form an 'L' shape.,Abs,3.8,"Pilates, Strength Training",120
471,Holman Feet-Elevated Plank with Shoulder Tap,The Holman feet-elevated plank with shoulder tap is a challenging core stability exercise.,"Abs, Obliques, Shoulders",5.0,Calisthenics,168
472,Holman Feet-Elevated Inchworm Pike to Straight Plank Push-Up,"The Feet-Elevated Inchworm Pike to Straight Plank Push-Up is a complex full-body exercise. It combines hamstring flexibility, core strength, and upper-body strength.","Full Body, Hamstrings, Shoulders, Chest, Abs",7.5,"Calisthenics, Fitness",168
473,Holman Feet-Elevated Up-Down Elbow Plank,The Holman feet-elevated up-down elbow plank is a plank variation with feet elevated.,"Abs, Shoulders, Triceps",5.5,Calisthenics,168
474,Holman Feet-Elevated Plank Pike Pull,The Holman feet-elevated plank pike pull is a core exercise with feet elevated.,"Abs, Shoulders",5.5,Calisthenics,168
475,Holman Feet-Elevated Alternating Single-Leg Hip Raise,The Holman feet-elevated alternating single-leg hip raise is a unilateral glute exercise.,"Glutes, Hamstrings",4.0,Strength Training,144
476,Holman Feet-Elevated Plank Pike Pull to Push-Up,The Holman feet-elevated plank pike pull to push-up is a compound exercise.,"Abs, Shoulders, Chest, Triceps",6.5,Calisthenics,168
477,Holman Standing Heel Click,The Holman standing heel click is a plyometric exercise where you jump and click your heels together.,"Legs, Calves",7.0,"Dance, Plyometrics",144
478,Holman Straight Plank Right-Left Jack to Split Jack,The Holman straight plank right-left jack to split jack is a dynamic plank sequence.,"Abs, Glutes",8.0,"Circuit Training, HIIT",144
479,Holman Elbow Plank Jack to Ninja Knees,The Holman elbow plank jack to ninja knees is a core exercise that combines a plank jack with bringing the knees in.,"Abs, Glutes",8.2,"Circuit Training, HIIT",144
480,Holman Right Side Elbow Plank with Left Leg Swing,The Holman right side elbow plank with left leg swing is a dynamic side plank variation.,Obliques,4.0,Fitness,120
481,Holman Left Side Elbow Plank with Right Leg Swing,The Holman left side elbow plank with right leg swing is a dynamic side plank variation.,Obliques,4.0,Fitness,120
482,Holman Straight Plank with Alternating Diagonal Sit-Back,The Holman straight plank with alternating diagonal sit-back is a core exercise that involves sitting back diagonally from a plank.,"Abs, Obliques, Shoulders",4.5,"Animal Flow, Fitness",120
483,Holman Boat Press with Leg Extension,The Boat Press with Leg Extension is a core exercise that combines an isometric hold with dynamic movement. It targets the rectus abdominis and improves balance and coordination.,"Abs, Shoulders",5.5,"Fitness, Pilates",168
484,Holman Shoulder Tap to Dirty Dog,The Holman shoulder tap to dirty dog is a core and glute exercise.,"Abs, Glutes, Shoulders",4.5,"Circuit Training, Fitness",120
485,Holman Standing Russian Twist,The Holman standing Russian twist is a standing core exercise that mimics the Russian twist.,Obliques,4.0,Fitness,144
486,Holman Hovering Plank with Shoulder Tap,The Holman hovering plank with shoulder tap is a core stability exercise in a hovering plank position.,"Abs, Shoulders, Obliques, Quads",6.0,"Animal Flow, Fitness",144
487,Holman Elbow Plank to Stacked Plank Hip Drop,The Holman elbow plank to stacked plank hip drop is a core exercise for the obliques.,Obliques,4.0,Fitness,120
488,Holman Elbow Plank to Walk-Up Pike,The Holman elbow plank to walk-up pike is a core exercise that involves walking your feet in towards your hands from an elbow plank.,"Abs, Shoulders",5.0,"Fitness, Yoga",120
489,Holman Hill Climber,The Holman hill climber is a variation of the mountain climber.,"Abs, Full Body",8.0,"Cardio, HIIT",144
490,Holman Straight Plank Pike to Renegade Row,The Holman straight plank pike to renegade row is a compound core and back exercise.,"Abs, Back, Shoulders, Obliques",7.0,"Circuit Training, Fitness",168
491,Holman Alternating Hip Drop to Push-Up,The Holman alternating hip drop to push-up is a core and chest exercise.,"Obliques, Chest, Triceps",5.0,Fitness,144
492,Holman Crab Kick,The Holman crab kick is a dynamic exercise that improves coordination and core strength.,"Full Body, Abs, Glutes, Triceps",6.0,"Capoeira, Fitness",144
493,Holman Wounded Bear Crawl,The Holman wounded bear crawl is a variation of the bear crawl that is more challenging.,"Full Body, Shoulders, Legs, Abs",7.8,"Animal Flow, Fitness",144
494,Holman Alternating Crab Reach,The Holman alternating crab reach is a dynamic full-body exercise.,"Full Body, Glutes, Shoulders, Abs",5.5,"Fitness, Mobility",144
495,Holman Hovering Panther Core Stabilizer,The Holman hovering panther core stabilizer is a core exercise in a hovering panther (or bear crawl) position.,"Abs, Quads, Shoulders",4.5,"Animal Flow, Fitness",120
496,Holman Burpee to Forward Lunge,The Holman burpee to forward lunge is a conditioning exercise that combines a burpee with a lunge.,Full Body,9.5,"Circuit Training, HIIT",168
497,Holman Seated Knee Pull-In Series,The Holman seated knee pull-in series is a core workout done from a seated position.,Abs,3.5,Strength Training,120
498,Holman Elbow Plank Pike,The Holman elbow plank pike is a core exercise where you lift your hips from an elbow plank.,"Abs, Shoulders",4.5,"Fitness, Yoga",120
499,Holman Elbow Plank Jack to Straight Plank Split Jack,The Holman elbow plank jack to straight plank split jack is a dynamic plank sequence.,"Abs, Glutes",8.0,"Circuit Training, HIIT",144
500,Holman Boat Pull-Over,The Holman boat pull-over is a core and back exercise performed in a boat pose.,"Abs, Lats, Chest",5.5,"Fitness, Pilates",168
501,Holman Squat Pulse to Plyometric Jump,The Holman squat pulse to plyometric jump is a lower body power exercise.,"Quads, Glutes, Legs",8.5,"HIIT, Plyometrics",168
502,Holman Hands Down Heel Click,The Holman hands down heel click is a plyometric exercise.,"Legs, Calves, Glutes",7.0,Plyometrics,144
503,Holman Straight Plank to Kick-Up,The Holman straight plank to kick-up is a dynamic core exercise.,"Abs, Glutes",5.0,Fitness,120
504,Holman Hands-Elevated Split Jack,The Holman hands-elevated split jack is a plyometric exercise with hands elevated.,"Legs, Full Body",7.5,"Circuit Training, HIIT",144
505,Holman Feet-Elevated Plank Reach,The Holman feet-elevated plank reach is a core stability exercise.,"Abs, Shoulders",4.5,Calisthenics,168
506,Holman Hand-Elevated Side Plank Semicircle,The Holman hand-elevated side plank semicircle is a core exercise with the hand on an elevated surface.,"Obliques, Shoulders",4.0,Fitness,144
507,Holman Hands-Elevated Straight Plank Pike,The Holman hands-elevated straight plank pike is a core exercise with hands elevated.,"Abs, Shoulders",4.5,Fitness,144
508,Holman Alternating Rolling Elbow Plank,The Holman alternating rolling elbow plank is a core exercise where you roll from a front plank to side planks.,"Obliques, Abs",3.8,Fitness,120
509,Holman Elbow Plank Jack,The Holman elbow plank jack is a classic plank variation.,"Abs, Glutes",8.0,"Circuit Training, HIIT",144
510,Holman Squat Thrust to Alternating Knee-In,The Holman squat thrust to alternating knee-in is a dynamic conditioning exercise.,"Full Body, Abs, Legs",8.8,"Circuit Training, HIIT",168
511,Holman Supine Double Pike,The Holman supine double pike is a core exercise performed on your back.,Abs,4.5,Strength Training,144
512,Holman Elbow Plank Alternating Pike,The Holman elbow plank alternating pike is a core exercise where you pike one leg at a time.,"Abs, Shoulders",4.8,Fitness,120
513,Holman Seated Killer Abs,Holman Seated Killer Abs is likely a challenging seated abdominal workout.,Abs,6.0,Calisthenics,168
514,Holman Side Plank Hip Drop,The Holman side plank hip drop is an oblique exercise.,Obliques,3.5,Strength Training,120
515,Holman Wide Hill Climber,The Holman wide hill climber is a mountain climber with a wider foot stance.,"Abs, Obliques, Inner Thighs",8.2,"Circuit Training, HIIT",144
516,Holman Straight-Legged Bicycle,The Holman straight-legged bicycle is a bicycle crunch with straight legs.,"Abs, Obliques",3.5,Strength Training,120
517,Holman Stair Toe Tap,The Holman stair toe tap is a cardio exercise using a stair or step.,"Legs, Full Body",6.0,Cardio,96
518,Holman Elbow Plank Ninja,The Holman elbow plank ninja is a dynamic core exercise.,Abs,5.0,Fitness,144
519,Holman Traveling Stair Climb Push-Up,The Holman traveling stair climb push-up is a push-up variation that involves moving up stairs.,"Chest, Triceps, Shoulders, Full Body",6.5,Fitness,144
520,Holman Hands-Elevated Burpee,The Holman hands-elevated burpee is a burpee with hands on an elevated surface.,Full Body,8.5,"Cardio, HIIT",144
521,Holman Straight Plank Donkey Kick,The Holman straight plank donkey kick is a core and glute exercise.,"Glutes, Abs",4.0,Fitness,120
522,Holman Feet-Elevated Straight Plank Pike Pull,The Holman feet-elevated straight plank pike pull is a core exercise with feet elevated.,"Abs, Shoulders",5.5,Calisthenics,168
523,Holman Towel Burpee,The Holman towel burpee is a burpee variation using a towel.,Full Body,9.0,"HIIT, Home Workouts",168
524,Holman Elbow Plank to Alternating Side Plank Crunch,The Holman elbow plank to alternating side plank crunch is a core exercise for the obliques.,"Obliques, Abs",4.5,Fitness,120
525,Holman Straight-Legged Hip Raise,The Holman straight-legged hip raise is a lower ab exercise.,Abs,3.8,Strength Training,144
526,Holman Feet-Elevated Hill Climber,The Holman feet-elevated hill climber is a challenging mountain climber variation.,"Abs, Shoulders, Full Body",9.0,"Calisthenics, HIIT",168
527,Holman Ninja Knee Hill Climber,The Holman ninja knee hill climber is a dynamic mountain climber variation.,"Abs, Full Body",8.5,HIIT,168
528,Holman Feet-Elevated Shoulder Tap,The Holman feet-elevated shoulder tap is a core stability exercise with feet elevated.,"Abs, Shoulders, Obliques",5.0,Calisthenics,168
529,Holman Feet-Elevated Hip Raise,The Holman feet-elevated hip raise is a glute exercise with feet elevated.,"Glutes, Hamstrings",3.5,Strength Training,144
530,Holman Left Hand Right Foot Crab Reach,The Holman left hand right foot crab reach is a dynamic full-body exercise.,"Full Body, Glutes, Shoulders, Abs",5.5,"Fitness, Mobility",144
531,Holman Alternating Crab Flip to Froggy Push-Up to Kicks,The Holman alternating crab flip to froggy push-up to kicks is a complex bodyweight flow.,Full Body,8.0,"Animal Flow, Fitness",168
532,Holman Right Hand Left Foot Sleeping Crab,The Holman right hand left foot sleeping crab is a core and mobility exercise.,"Abs, Obliques",3.5,"Animal Flow, Mobility",120
533,Holman Left Hand Right Foot Sleeping Crab,The Holman left hand right foot sleeping crab is a core and mobility exercise.,"Abs, Obliques",3.5,"Animal Flow, Mobility",120
534,Holman Straight Plank with Alternating Leg Kick-Under,The Holman straight plank with alternating leg kick-under is a dynamic core exercise.,"Abs, Obliques",4.5,Fitness,120
535,Holman Right Hip Drop Push-Up,The Holman right hip drop push-up is a push-up variation with a hip drop to the right.,"Chest, Triceps, Obliques",4.8,Fitness,144
536,Holman Right Side Diagonal Burpee,The Holman right side diagonal burpee is a burpee with a diagonal jump to the right.,Full Body,9.2,HIIT,168
537,Holman Left Hip Drop Push-Up,The Holman left hip drop push-up is a push-up variation with a hip drop to the left.,"Chest, Triceps, Obliques",4.8,Fitness,144
538,Holman Right Leg 7-Up Crunch,The Holman right leg 7-up crunch is a core exercise focusing on the right side.,Abs,3.0,Strength Training,96
539,Holman Left Leg 7-Up Crunch,The Holman left leg 7-up crunch is a core exercise focusing on the left side.,Abs,3.0,Strength Training,96
540,Holman Straight Plank Jack,The Holman straight plank jack is a standard plank jack.,"Abs, Glutes",8.0,"Circuit Training, HIIT",144
541,Holman Feet-Elevated Couch Hill Climber,The Holman feet-elevated couch hill climber is a mountain climber with feet on a couch.,"Abs, Shoulders, Full Body",9.0,"HIIT, Home Workouts",168
542,Holman Feet-Elevated Right Side Plank,The Holman feet-elevated right side plank is a side plank with feet elevated.,"Obliques, Shoulders",3.5,Calisthenics,168
543,Holman Alternating Up-Down Plank to Push-Up,The Holman alternating up-down plank to push-up is a compound core and chest exercise.,"Abs, Chest, Triceps, Shoulders",6.0,Fitness,144
544,Holman Straight Plank Pike,The Holman straight plank pike is a core exercise where you lift your hips from a plank.,"Abs, Shoulders",4.5,"Calisthenics, Yoga",144
545,Holman Ninja Knee Straight Plank,The Holman ninja knee straight plank is a dynamic core exercise.,Abs,5.0,Fitness,144
546,Holman Reverse Crunch to Hip Raise,The Holman reverse crunch to hip raise is a lower ab exercise.,Abs,3.5,Strength Training,120
547,Holman Straight Plank Quick Reach,The Holman straight plank quick reach is a core stability exercise.,"Abs, Shoulders",3.8,Fitness,120
548,Holman Alternating Diagonal Straight Plank,The Holman alternating diagonal straight plank is a core exercise with a diagonal reach.,"Abs, Obliques, Shoulders",4.0,Fitness,120
549,Holman Feet-Elevated Left Side Plank,The Holman feet-elevated left side plank is a side plank with feet elevated.,"Obliques, Shoulders",3.5,Calisthenics,168
550,Holman Right Hand Left Foot Crab Reach,The Holman right hand left foot crab reach is a dynamic full-body exercise.,"Full Body, Glutes, Shoulders, Abs",5.5,"Fitness, Mobility",144
551,Holman Low-Impact Crab Kick,The Holman low-impact crab kick is a modified version of the crab kick.,"Full Body, Abs, Glutes, Triceps",5.0,Fitness,120
552,Holman Alternating Crab Flip to Froggy Push-Up,The Holman alternating crab flip to froggy push-up is a bodyweight flow.,Full Body,7.5,"Animal Flow, Fitness",168
553,Holman High-Impact Crab Kick,The Holman high-impact crab kick is a more explosive version of the crab kick.,"Full Body, Abs, Glutes, Triceps",6.5,"Capoeira, Fitness",168
554,Holman Single-Leg Right Pike,The Holman single-leg right pike is a core exercise focusing on the right side.,Abs,4.0,"Pilates, Strength Training",144
555,Holman Single-Leg Left Pike,The Holman single-leg left pike is a core exercise focusing on the left side.,Abs,4.0,"Pilates, Strength Training",144
556,Holman Shoulder Tap to Hand Tap,The Holman shoulder tap to hand tap is a core stability sequence.,"Abs, Obliques, Shoulders",4.2,Fitness,120
557,Holman Towel Reverse Plank Jack,The Holman towel reverse plank jack is a core and hamstring exercise.,"Glutes, Hamstrings, Lower Back",4.5,"Fitness, Home Workouts",120
558,Holman Side-to-Side Twist,The Holman side-to-side twist is a core exercise for the obliques.,Obliques,3.0,"Mobility, Strength Training",96
559,Holman Crab Kick with Hop,The Holman crab kick with hop is a plyometric version of the crab kick.,"Full Body, Abs, Glutes, Triceps",6.5,"Fitness, Plyometrics",168
560,Holman Crab Reach to Crab Kick,The Holman crab reach to crab kick is a dynamic bodyweight flow.,"Full Body, Glutes, Shoulders, Abs",6.2,"Animal Flow, Fitness",144
561,Holman Wide Squat Side-to-Side Obliques,The Holman wide squat side-to-side obliques is a lower body and core exercise.,"Legs, Glutes, Quads, Inner Thighs, Obliques",4.5,Fitness,120
562,Holman Side Plank Crunch,The Holman side plank crunch is an oblique exercise.,Obliques,3.8,Strength Training,120
563,Total Fitness Ab Tuck,"The hollow-body knee tuck is a bodyweight abdominal exercise performed on the floor. It is similar to both the hollow-body hold and the knee tuck or reverse crunch, combining elements of both. It primarily targets the muscles of the rectus abdominis, or “six-pack” muscles. It can be performed for reps or time, either as part of an ab-focused workout or as a component of a circuit workout.",Abs,3.8,Calisthenics,144
564,Active hang from bar,"The active hang from bar is a static exercise that involves isometrically squeezing the shoulders into the sockets and activating the muscles of the upper back and core. It can be used to improve pull-up form or to do more pull-ups, but also has postural and shoulder health benefits.","Back, Lats, Forearms, Abs",3.0,"Calisthenics, Gymnastics, Rehabilitation, Rock Climbing",144
565,Cat-cow,Cat-cow is a traditional yoga pose that is also popular in fitness and strength training. It targets spinal mobility and control of the vertebral column. It can be performed for time or reps as part of a dynamic warm-up or as a mobility or restorative exercise anytime. It can also work as part of a yoga or bodyweight sequence with other poses.,"Lower Back, Abs",2.0,"Mobility, Yoga",72
566,Crab walk,"The crab walk is a full-body exercise that has been popular in schools and gym classes for decades. It's a full-body coordination challenge that also burns serious calories, making it an excellent inclusion in a full-body warm-up or bodyweight circuit workout.","Full Body, Triceps, Glutes, Hamstrings, Shoulders",6.0,"Cardio, Fitness, Mobility",96
567,Lunge with overhead reach,The lunge with overhead reach is a full-body bodyweight movement targeting the quads and shoulders. It has both strength and mobility benefits and can be performed one leg at a time or alternating for time or for reps.,"Legs, Shoulders, Full Body",4.0,"Fitness, Mobility, Yoga",120
568,Hang from bar,"The hang from bar is a static exercise that involves hanging from a bar by two hands. It can either be an ""active hang,"" where you pack the shoulders and activate the muscles of the upper back, or a ""passive hang,"" where you let the shoulders unpack and let the muscles of the upper body stretch. A passive hang may not be appropriate for all people depending on their shoulder health, but many coaches believe hanging can be healthy for the shoulders when done properly.","Forearms, Lats, Back",2.5,"Calisthenics, Mobility",144
569,Total Fitness Hollow Hold,"The hollow-body hold is an isometric exercise that increases strength and stability in the core muscles. It is common in gymnastics training, CrossFit training, and as a core tension and bracing drill for lifters and athletes of all types. It is performed for time and can be performed as an activation drill prior to lifting, as part of a circuit, or as equipment-free core training anytime.",Abs,3.8,"Calisthenics, Crossfit, Gymnastics",144
570,Total Fitness Side Plank,"The side plank is a popular isometric abdominal exercise focusing on the oblique muscles, as well as the transversus abdominis or deep core muscles. It is sometimes paired with the curl up and bird dog as the “McGill big three” for core strength and stability. It is performed for time and can work in a warm-up or in the core-focused portion of any workout.",Obliques,2.8,"Rehabilitation, Strength Training",96
571,Side plank pulse,"The side plank pulse is a dynamic version of the side plank exercise focusing on the oblique muscles, as well as the transversus abdominis or deep core muscles. It can be performed for time or reps and can work in a warm-up or in the core-focused portion of any workout.",Obliques,3.5,"Pilates, Strength Training",120
572,Total Fitness Spider Crawl (Unweighted),"The spider crawl is a bodyweight exercise that involves crawling on the floor with the knees outside of the elbows. It is different from a leopard crawl in that the hips are higher, and it's different from a bear crawl because the knees are wider. It can be done as a full-body warm-up, in short bursts for power or circuit training, or for longer durations as cardiovascular conditioning.",Full Body,7.0,"Animal Flow, Fitness",120
573,Total Fitness V-Up,"The V-up is a bodyweight movement that targets the muscles of the abs, the rectus abdominis or ""six-pack"" muscles in particular. It is similar to a suitcase crunch, but the lower back lifts off the ground at the top of each rep. It can be performed for time or reps in the ab-focused portion of any workout.","Abs, Hip Flexors",4.5,"Calisthenics, Gymnastics",144
574,MetaBurn Alternating Knee-to-Elbow Mountain Climber,The MetaBurn alternating knee-to-elbow mountain climber is an oblique-focused mountain climber.,"Abs, Obliques, Full Body",8.2,"Fitness, HIIT",144
575,Alternating sit-through with crunch-,"The alternating sit-through with crunch is a full-body movement that starts in a bear crawl position and ends with a leg kicked out to the side. In between reps, you perform a crunch. It is commonly performed for reps or time in bodyweight circuits and animal-style flows, but can also work on its own or as part of a dynamic warm-up or mobility sequence.","Full Body, Obliques, Abs",7.0,"Animal Flow, Fitness",168
576,MetaBurn Alternating Toe-Touch,The MetaBurn alternating toe-touch is a core exercise.,Abs,3.5,Strength Training,120
577,MetaBurn Janda Sit-Up,The MetaBurn Janda sit-up is a sit-up variation designed to isolate the abs.,Abs,4.0,Calisthenics,144
578,MetaBurn Oblique Roll Crunch,The MetaBurn oblique roll crunch is a core exercise for the obliques.,Obliques,3.2,Strength Training,120
579,MetaBurn Plank Jack,The MetaBurn plank jack is a standard plank jack.,"Abs, Glutes",8.0,"Circuit Training, HIIT",144
580,MetaBurn Plank To Alternating Side Plank,The MetaBurn plank to alternating side plank is a core stability exercise.,"Abs, Obliques",4.0,Fitness,120
581,MetaBurn Plank Up-Down,The MetaBurn plank up-down is a dynamic plank variation.,"Abs, Shoulders, Triceps",4.5,"Calisthenics, Fitness",120
582,MetaBurn Plank Wiper,The MetaBurn plank wiper is a core exercise where you move your legs from side to side in a plank.,Obliques,4.0,Fitness,120
583,MetaBurn Plank With Alternating Toe-Touch,The MetaBurn plank with alternating toe-touch is a core stability exercise.,"Abs, Glutes",4.2,Fitness,120
584,MetaBurn Plyo Push-Up,The MetaBurn plyo push-up is an explosive push-up.,"Chest, Triceps, Shoulders",8.0,"Calisthenics, Plyometrics",168
585,MetaBurn Psycho Crunch,The MetaBurn psycho crunch is a challenging abdominal exercise.,Abs,5.0,Calisthenics,168
586,MetaBurn Scapular Retraction Plank,The MetaBurn scapular retraction plank is a plank variation that focuses on scapular movement.,"Abs, Back",3.2,Rehabilitation,96
587,MetaBurn Scapular Retraction Plank Hold,The MetaBurn scapular retraction plank hold is an isometric hold focusing on scapular retraction.,"Abs, Back",3.0,Rehabilitation,96
588,MetaBurn Scorpion,The MetaBurn scorpion is a dynamic stretch for the hips and lower back.,"Lower Back, Glutes, Obliques",2.5,Mobility,84
589,MetaBurn Side Crawler,The MetaBurn side crawler is a lateral movement exercise.,"Full Body, Obliques",6.0,"Animal Flow, Fitness",144
590,MetaBurn Side Plank Oblique Crunch,The MetaBurn side plank oblique crunch is an oblique exercise.,Obliques,3.8,Strength Training,120
591,MetaBurn Sit-Through,"The Sit-Through is a full-body exercise that improves mobility, strength, and coordination. It involves transitioning from a quadruped position to a seated position by rotating the body and passing one leg underneath.","Full Body, Obliques, Shoulders, Legs",7.0,"Animal Flow, Breakdancing, Fitness",168
592,MetaBurn Sit-Up To V-Up,The MetaBurn sit-up to V-up is a challenging core exercise.,"Abs, Hip Flexors",5.0,Calisthenics,144
593,MetaBurn Sit-Up With Rotation,The MetaBurn sit-up with rotation is a sit-up with a twist for the obliques.,"Abs, Obliques",4.0,Strength Training,120
594,MetaBurn Split-Leg Crunch,The MetaBurn split-leg crunch is a crunch with legs split apart.,Abs,3.2,Strength Training,120
595,MetaBurn Tabletop Hip Thrust,The MetaBurn tabletop hip thrust is a glute exercise.,"Glutes, Hamstrings",3.0,Strength Training,96
596,MetaBurn Tabletop With Russian Kick,The MetaBurn tabletop with Russian kick is a core and leg exercise.,"Abs, Legs, Full Body",5.5,"Dance, Fitness",144
597,MetaBurn Toe Driver Abs,The MetaBurn toe driver abs is a core exercise.,Abs,3.5,Strength Training,120
598,MetaBurn-V-Up,The MetaBurn-V-up is a standard V-up exercise.,"Abs, Hip Flexors",4.5,Calisthenics,144
599,X-body V-up,"The X-body V-up is a bodyweight abdominal exercise performed on the floor. It is similar to the popular V-up exercise, but is performed with the arms and legs out wide in an X-shape. It primarily targets the muscles of the rectus abdominis, or “six-pack” muscles. It can be performed for reps or time, either as part of an ab-focused workout or as a component of a circuit workout.","Abs, Obliques",4.8,Strength Training,144
600,MetaBurn Swivel Crunch,The MetaBurn swivel crunch is an oblique exercise.,Obliques,3.5,Strength Training,120
601,Robertson Core-Engaged Dead Bug,The Robertson core-engaged dead bug is a dead bug variation with specific cues for core engagement.,Abs,3.0,Rehabilitation,96
602,FYR2 Double-Under,The FYR2 double-under is a jump rope skill where the rope passes under your feet twice in one jump.,"Full Body, Calves",12.5,"Boxing, Crossfit, Jump Rope",168
603,FYR2 Fire Feet with Burpee Tuck Jump Drill,The FYR2 fire feet with burpee tuck jump drill is a high-intensity conditioning drill.,"Full Body, Legs",11.0,"Cardio, HIIT",192
604,FYR2 Flutter Kick,The FYR2 flutter kick is a core exercise.,"Abs, Hip Flexors",3.8,Strength Training,120
605,FYR2 Half-Moon,The FYR2 half-moon is a yoga-inspired pose that challenges balance and core strength.,"Obliques, Glutes",3.0,Yoga,96
606,FYR2 Leopard Crawl,The FYR2 leopard crawl is a primal movement exercise.,Full Body,7.2,"Animal Flow, Fitness",144
607,FYR2 Plank Alternating Front Step,The FYR2 plank alternating front step is a dynamic plank variation.,"Abs, Hip Flexors",4.0,Fitness,120
608,FYR2 Shoulder Tap,The FYR2 shoulder tap is a core stability exercise.,"Abs, Obliques, Shoulders",4.0,Fitness,120
609,Hand shift plank,The hand shift plank is a progression of the straight-arm plank exercise where you maintain a plank position as you shift your hands side to side. The additional movement forces the core muscles to work harder to stabilize.,"Abs, Shoulders",3.5,Fitness,120
610,Cross-body plank march,"The cross-body plank march is an exercise targeting the entire core but especially the obliques. It’s more difficult than a standard plank, with the extra stabilization challenge of bringing one knee at a time off the ground toward the opposing elbow. This will increase the challenge to the core and shoulder muscles, but also present a coordination and balance challenge.","Abs, Obliques, Shoulders",4.2,Fitness,120
611,Bent-knee Copenhagen hip adduction,"The bent-knee Copenhagen hip adduction is an advanced exercise that combines the isometric stabilization of the Copenhagen plank with dynamic adductions to challenge the core stabilizers and adductors. This exercise targets the same muscles as the side plank, including the obliques, shoulders, and lateral hips, but places extra emphasis on the adductors and is more difficult than side planks on the floor. Most lifters will need to progress to this version after mastering the basic side plank or Copenhagen plank first.","Inner Thighs, Obliques",4.5,"Hockey, Rehabilitation, Soccer",168
612,Copenhagen plank,"The Copenhagen plank is an advanced version of the side plank performed with one foot on a bench and the other foot hovering under it. This exercise targets the same muscles as the side plank, including the obliques, shoulders, and lateral hips, but places extra emphasis on the adductors and is more difficult than side planks on the floor. Most lifters will need to progress to this version after mastering the basic side plank or feet-elevated side plank first.","Inner Thighs, Obliques",4.0,"Hockey, Rehabilitation, Soccer",168
613,ACFT Hanging leg tuck,"The hanging leg tuck is an exercise targeting the entire body, including the arms, upper back, abs, and hip flexors. This specific exercise is part of the new Army Combat Fitness Test or ACFT. It is performe while hanging from a bar and combines elements of a pull-up with a leg raise. Experienced lifters make these look easy, but beginners may need time to build up to sets of 8-12 reps.","Abs, Hip Flexors, Lats, Back",6.5,"Calisthenics, Crossfit, Military Training",192
614,Alternating hanging knee raise,"The alternating hanging knee raise is an exercise targeting the abs, but which also works the lats and hip flexors. Rather than performing both legs at a time, you lift one knee at a time and alternate with each rep as if marching in place. Knee raises are often performed for moderate to high reps, such as 8-12 reps or more, as part of ab-focused training.","Abs, Hip Flexors, Lats",5.0,"Calisthenics, Strength Training",192
615,Plank To Sphinx,The plank to sphinx is a core exercise that involves lowering from a plank to a sphinx pose (on forearms).,"Abs, Shoulders",3.0,"Mobility, Yoga",96
616,Twisting Mountain Climbers,Twisting mountain climbers are a mountain climber variation that targets the obliques.,"Obliques, Abs",8.2,"Fitness, HIIT",144
617,Jack Knives,Jack knives are a core exercise where you bring your arms and legs together to meet in the middle.,"Abs, Hip Flexors",4.5,"Calisthenics, Strength Training",144
618,Hanging Leg Raises,Hanging leg raises are an advanced core exercise performed while hanging from a bar.,"Abs, Hip Flexors, Lats",6.0,"Calisthenics, Crossfit, Gymnastics",192
619,Dumbbell suitcase crunch,"The dumbbell suitcase crunch is a weighted version of a popular abdominal training exercise. The simple addition of a weight makes the suitcase crunch far more difficult, helping build the ""six pack"" muscles and providing a different stimulus to the core during training.",Abs,4.0,"Bodybuilding, Strength Training",168
620,Medicine ball rotational throw,"The medicine ball rotational throw is an explosive exercise targeting the abdominals, including the obliques, as well as the hips and upper back. It involves standing sideways to the wall and twisting the torso to hurl a medicine ball into the wall, then catching the ball on the ricochet. It can be performed for lower reps with a focus on power, or for higher reps with a focus on fat loss and conditioning.","Obliques, Back, Full Body",7.0,"Athletics, Fitness, Golf, Rotational Sports, Tennis",168
621,Hollow-hold ball toss,"The hollow-hold ball toss is a more difficult version of the hollow-body hold exercise. It involves tossing a ball to a partner while maintaining an isometric hold in the hollow-body position. It can be done for reps or time in any ab-focused workout, or in an ""I go, you go"" format.",Abs,4.5,"Fitness, Partner Training",144
622,Partner front Russian twist and pass,"The partner front Russian twist and pass is a weighted version of a popular abdominal training exercise that also utilizes a training partner to add another dynamic component. It targets the oblique muscles, as well as the deep muscles of the core and the rectus abdominis or ""six pack"" muscles. It can be done for reps or time in an ab-focused portion of any workout.",Obliques,4.5,"Fitness, Partner Training",144
623,Sit-up with single-arm overhand throw,"The sit-up with single-arm overhand throw is an exercise targeting the core muscles, but the inclusion of the throw also brings in other upper-body muscles. When you come to the top of the sit-up position, you throw a medicine ball using one arm to a partner who then throws it right back to you to be caught with both hands. It can be performed for time or reps as part of the ab-focused portion of any workout.","Abs, Shoulders, Obliques",5.0,"Fitness, Partner Training",144
624,Medicine ball partner twist,"The medicine ball partner twist is a plyometrics exercise targeting the core muscles, particularly the obliques. You and a partner stand back to back and rotate in unison to pass a medicine ball back and forth on alternating sides.",Obliques,4.0,"Fitness, Partner Training",144
625,Partner side Russian twist and pass,"The partner side Russian twist and pass is a weighted version of a popular abdominal training exercise that also utilizes a training partner to add another dynamic component. It primarily targets the oblique muscles, as well as the deep muscles of the core and the rectus abdominis or ""six pack"" muscles. It can be done for reps or time in an ab-focused portion of any workout.",Obliques,4.5,"Fitness, Partner Training",144
626,Medicine ball half moon,"The medicine ball half moon is a dynamic core exercise performed around and over a medicine ball or other short, stationary object. It is similar in some ways to a V-up or reverse crunch, and targets both the obliques and the rectus abdominis or ""six-pack"" muscles. It can be performed for reps or for time, usually in dedicated ab training or as part of a medicine ball and bodyweight circuit workout.","Abs, Obliques",4.8,"Circuit Training, Fitness",144
627,Exercise ball roll-out,"The exercise ball roll-out is an exercise that strengthens the core, shoulders and upper- back muscles. It starts in a plank-style position, with the arms resting on a ball. Then, roll the ball out in front of you as far as you can while maintaining a strong, neutral spinal position. The lack of stability from the ball increases the degree of difficulty. This is a difficult movement, and beginners may need to use a limited range of motion.","Abs, Shoulders, Lats",5.0,"Fitness, Strength Training",144
628,Medicine ball pass,"The medicine ball pass is a simple partner-based exercise that involves throwing a weighted ball back and forth. It can be part of a dynamic warm-up for lifting or athletics, but can also work as active rest or as a component of circuit training.","Full Body, Shoulders, Chest",4.5,"Fitness, Mobility, Partner Training",144
629,Partner medicine ball sit-up,"The partner medicine ball sit-up is a more difficult version of the traditional abdominal exercise. Two partners pass a medicine ball back and forth at the top of each rep, so each one must alternate a weighted rep with an unweighted rep. This technique can be done for reps or time in any ab-focused workout, in an ""I go, you go"" format.",Abs,4.5,"Fitness, Partner Training",144
630,Medicine ball Russian twist,"The medicine ball Russian twist is a weighted version of a popular abdominal training exercise. It targets the oblique muscles, as well as the deep muscles of the core and the rectus abdominis or ""six pack"" muscles. It can be done for reps or time in the ab-focused portion of any workout.",Obliques,4.0,"Fitness, Strength Training",144
631,30 Medicine Ball Slam,"The medicine ball slam is an explosive exercise for developing power, strength, and speed. Muscles worked include the abdominals, legs, triceps, shoulders, and lats. The slams are usually done in rapid succession to complete one set. It can also be a component of a power or athleticism-focused circuit workout.","Full Body, Lats, Abs, Shoulders",9.5,"Crossfit, Fitness, HIIT",168
632,Medicine ball twist,"The medicine ball twist is an exercise targeting the abdominal muscles, particularly the obliques. It is similar in many ways to a Russian twist exercise. The ball is held tight to the chest throughout the movement, and then the torso is rotated from side to side for the desired number of reps or a set amount of time.",Obliques,3.8,Strength Training,144
633,FYR2 Medicine Ball Complex,The FYR2 medicine ball complex is a series of exercises performed with a medicine ball.,Full Body,8.0,"Fitness, HIIT",168
634,FYR2 Medicine Ball Fire-Feet Drill,The FYR2 medicine ball fire-feet drill is a conditioning drill with a medicine ball.,Full Body,8.5,"Cardio, HIIT",168
635,FYR2 Medicine Ball Knees-to-Chest,The FYR2 medicine ball knees-to-chest is a core exercise with a medicine ball.,Abs,4.0,Fitness,144
636,FYR2 Medicine Ball Mountain Climber,The FYR2 medicine ball mountain climber is a mountain climber with hands on a medicine ball.,"Abs, Shoulders, Full Body",8.5,"Fitness, HIIT",168
637,Decline oblique crunch,"The decline oblique crunch is a popular bodyweight exercise targeting the obliques and the rectus abdominis or ""six-pack"" muscles. It is usually performed for high reps, such as 10-15 reps per set or more, as part of the ab-focused portion of a workout.","Obliques, Abs",3.5,"Bodybuilding, Strength Training",144
638,Decline sit-up,"The decline sit-up is a bodyweight core exercise that works the rectus abdominis or ""six pack"" muscles. Sit-up variations are usually performed for moderate to high reps, such as 10-15 reps per set or more, as part of the core-focused portion of a workout.","Abs, Hip Flexors",4.0,"Bodybuilding, Strength Training",144
639,Hanging Windshield Wiper,"The hanging windshield wiper is an advanced abdominal training exercise that is also extremely challenging to other muscles of the upper body, including the lats (latissimus dorsi), biceps, and grip. It requires—and builds—great strength in the rectus abdominis or ""six-pack"" muscles, as well as the obliques and deep core muscles. If you can't perform it hanging from a bar, the lying windshield wiper on the floor provides some of the same benefits.","Obliques, Abs, Lats, Forearms",7.5,"Calisthenics, Crossfit, Gymnastics",192
640,Exercise Ball Pull-In,The exercise ball knee roll-in is an abdominal exercise that involves supporting yourself with your hands in a plank or push-up position and drawing the knees in toward the chest. This is a fairly advanced abdominal move requiring core strength.,"Abs, Shoulders",5.0,"Fitness, Strength Training",144
641,Exercise ball crunch,"The exercise ball crunch is a popular gym exercise targeting the abdominals. Unlike crunches on the floor or a bench, by using a ball you can increase the range of motion and both stretch and contract the abs on every rep. The ball crunch can be performed for low reps with a slower tempo focusing on a hard contraction, or for higher reps.",Abs,3.0,"Bodybuilding, Strength Training",120
642,Feet-elevated crunch,"The feet-elevated crunch is a variation on the basic crunch, a very popular ab move. Resting the feet on a bench takes some of the hip flexor activation out of the movement, focusing the stress more on the abs. It may have a small range of motion, but this movement produces a major burn.",Abs,3.0,Strength Training,120
643,Weighted Ball Side Bend,The weighted ball side bend is an oblique exercise performed with a weighted ball.,Obliques,3.5,Strength Training,144
644,Swiss Ball Ab Roll-Out,"The exercise ball roll-out is an exercise that strengthens the core, shoulders and upper- back muscles. It starts in a plank-style position, with the arms resting on a ball. Then, you roll the ball out in front of you as far as you can while maintaining a strong, neutral spinal position. The lack of stability from the ball increases the degree of difficulty. This is a difficult movement, and beginners may need to use a limited range of motion.","Abs, Shoulders, Lats",5.0,"Fitness, Strength Training",144
645,Exercise Ball Cable Crunch - Gethin Variation,"The exercise ball crunch is a popular gym exercise targeting the abdominals. Unlike crunches on the floor or a bench, by using a ball, you can increase the range of motion and both stretch and contract the abs on every rep. The ball crunch can be performed for low reps with a slower tempo, focusing on a hard contraction, or for higher reps.",Abs,4.0,Strength Training,168
646,Exercise ball squat and twist,"The exercise ball squat and twist is a combination exercise targeting the quads, but also the obliques because of the twisting motion with each repetition. The exercise ball is held close to the chest throughout. Because it is a lightweight movement, it is usually performed for high reps or for time, and can be a great part of a bodyweight and exercise ball circuit.","Quads, Obliques, Legs",4.5,"Circuit Training, Fitness",120
647,Swiss Ball V-Up With Foot Pass,"The exercise ball V-up is a popular movement to target the abdominal muscles, particularly the rectus abdominis or ""six-pack"" muscles. It involves passing an exercise ball or yoga ball back and forth between the hands and feet while performing V-ups. It can be performed for reps or time as part of any ab-focused workout or bodyweight circuit.",Abs,5.0,"Fitness, Strength Training",144
648,Exercise ball pike,"The exercise ball pike is a challenging move that targets the core. It involves thrusting the hips into full flexion over a ball, then extending out to a foot-elevated plank with the feet on the ball. It's a challenging move from a strength perspective, but also for balance. It can be the centerpiece of an ab workout or go along with other body weight or ball movements in an ab circuit.","Abs, Shoulders",6.0,"Calisthenics, Fitness",168
649,Exercise ball bird dog,"The exercise ball bird dog is a dynamic movement focusing on the glutes and the postural muscles of the upper back. When performing it, use an exercise ball that is tall enough to support your chest and core, but short enough to allow your hands and knees to reach the ground. It is slightly easier than a bodyweight bird dog and can work as a regression for that movement. It can be done for time or reps as part of a warm-up, paired with movements in a workout, or as a mobility or recovery exercise.","Glutes, Lower Back, Shoulders, Back",2.5,"Fitness, Rehabilitation",84
650,Exercise ball superman,"The exercise ball superman is a slightly more advanced variation of the bodyweight superman exercise. It targets many muscles along the posterior or backside of the body, including the rear deltoids, trapezius, spinal erectors, glutes, and hamstrings. It can be done for time or reps as part of a warm-up, paired with movements in a workout, or as a mobility or recovery exercise.","Lower Back, Glutes, Hamstrings, Back, Shoulders",3.5,"Fitness, Rehabilitation",120
651,BOSU cross-body crunch,"The BOSU cross-body crunch is a dynamic abdominal exercise performed on a BOSU ball or other stability training device. It targets several of the muscles in the core, including the obliques and the rectus abdominis or ""six-pack"" muscles. It is usually performed in alternating reps, either for time or a number of reps, as part of an ab-focused workout or a circuit involving body weight or the BOSU ball.","Abs, Obliques",3.8,"Fitness, Strength Training",144
652,Exercise Ball Knee Tuck - Gethin Varation,The exercise ball knee roll-in is an abdominal exercise that involves supporting yourself with your hands in a plank or push-up position and drawing the knees in toward the chest. This is a fairly advanced abdominal move requiring core strength.,"Abs, Shoulders",5.0,Fitness,144
653,Alternating Exercise Ball Knee Tucks - Gethin Variation,The exercise ball knee roll-in is an abdominal exercise that involves supporting yourself with your hands in a plank or push-up position and drawing the knees in toward the chest. This is a fairly advanced abdominal move requiring core strength.,"Abs, Shoulders",5.2,Fitness,144
654,AM Ball Crunch,"The exercise ball crunch is a popular gym exercise targeting the abdominals. Unlike crunches on the floor or a bench, by using a ball, you can increase the range of motion and both stretch and contract the abs on every rep. The ball crunch can be performed for low reps with a slower tempo, focusing on a hard contraction, or for higher reps.",Abs,3.0,Strength Training,120
655,30 Bosu Cable Reverse Crunch,The 30 Bosu cable reverse crunch is a reverse crunch on a Bosu ball with cable resistance.,Abs,4.5,"Calisthenics, Fitness",168
656,BOSU knee tuck,"The BOSU knee tuck is a dynamic abdominal movement performed on a BOSU ball or other stability training device. It primarily targets the rectus abdominis or ""six-pack"" muscles of the core. It can be performed for time or reps as part of an ab-focused workout or a circuit involving body weight or the BOSU ball.",Abs,4.0,Fitness,144
657,30 Side Plank On Ball,"The feet-elevated side plank on ball is a more advanced version of a traditional bodyweight side plank. The feet are balanced on an exercise ball, providing a balance challenge but also increasing the load placed upon the obliques and shoulder muscles. It is usually performed for timed holds, either one side at a time or alternating sides. If a ball is unavailable, some of the benefits of the movement can be obtained by performing side planks with the feet elevated on a couch, chair, bench, or other stable object.","Obliques, Shoulders",4.0,"Calisthenics, Fitness",168
658,Hanging exercise ball leg raise,"The hanging exercise ball leg raise is an exercise targeting the abs and hip flexors. Instead of resting the forearms on the pads of an apparatus, it's performed hanging from a bar with an exercise ball held between the legs.","Abs, Hip Flexors, Inner Thighs, Lats",6.5,Calisthenics,192
659,Taylor Exercise Ball Stir-The-Pot,The Taylor exercise ball stir-the-pot is a challenging core exercise on an exercise ball.,"Abs, Obliques",4.5,"Fitness, Rehabilitation",144
660,FYR2 Air Ball,The FYR2 air ball is likely a plyometric exercise involving jumping and pretending to shoot a basketball.,"Full Body, Legs",7.0,"Mobility, Plyometrics",144
661,Feet-elevated plank on ball,"The feet-elevated plank is a variation on the straight-arm plank, a bodyweight standard. The feet are elevated on a ball to align the body parallel to the floor and provide a greater stabilization challenge. This makes it more difficult than straight-arm planks on the floor, but also puts more emphasis on the shoulder muscles. It is often used as a shoulder and core warm-up, or as a burnout movement for a chest or shoulder workout.","Abs, Shoulders",4.0,"Calisthenics, Fitness",144
662,Band Hip Adductions,Band hip adductions are an inner thigh exercise using a resistance band.,Inner Thighs,2.5,"Rehabilitation, Strength Training",96
663,Lateral Band Walk,The lateral band walk is a glute activation exercise.,Glutes,3.0,"Mobility, Rehabilitation, Strength Training",96
664,FYR2 Standing Banded Leg Abduction,The FYR2 standing banded leg abduction is a glute exercise.,Glutes,2.8,"Mobility, Rehabilitation, Strength Training",96
665,Iliotibial band SMR,"Iliotibial band self-myofascial release (SMR) is a self-administered soft-tissue treatment for the lower body, usually using a foam roller or other ""trigger point"" massage tool. By applying pressure strategically to the IT band along the side of the upper leg, some people find they can cause this often painful and tight area to relax or ""release."" IT band SMR is often accompanied by SMR on the glute or quad muscles, or by stretches that target the glutes or quads.",Legs,2.0,"Mobility, Rehabilitation",84
666,Adductor SMR,"Adductor self-myofascial release (SMR) is a self-administered soft-tissue treatment for the lower body, usually using a foam roller, lacrosse ball, or other ""trigger point"" massage tool. By applying pressure strategically to the adductor muscles in the inner thigh region, some people find they can cause this often painful and tight muscle to relax or ""release."" Adductor SMR is often accompanied by SMR on the iliotibial (IT) band or glutes (TFL muscles), or by stretches that target the adductors.",Inner Thighs,2.0,"Mobility, Rehabilitation",84
667,Lying Bent Leg Groin,The lying bent leg groin is a stretch for the inner thighs.,Inner Thighs,1.5,Mobility,72
668,Lateral box jump,"The lateral box jump is a plyometric exercise targeting lateral agility and lower-body strength. It's a great move for athletes in many sports, including basketball, skiing, and tennis.","Legs, Glutes, Quads",8.5,"Basketball, Plyometrics, Skiing, Tennis",168
669,Thigh adductor,"The thigh adductor machine is a lower-body exercise that targets the muscles of the inner thighs. It is usually performed for moderate to high reps, such as 8-12 reps per set or more, as part of lower-body training.",Inner Thighs,3.0,"Bodybuilding, Strength Training",168
670,Thigh abductor,"The thigh abductor is a lower-body exercise that targets the muscles of the outer hips and glutes. It is usually performed for moderate to high reps, such as 8-12 reps per set or more, as part of lower-body training.",Glutes,3.0,"Bodybuilding, Strength Training",168
671,Standing Hip Circles,Standing hip circles are a mobility exercise for the hips.,"Hip Flexors, Glutes",2.0,Mobility,84
672,Groiners,Groiners are a dynamic stretch for the hips and groin.,"Hip Flexors, Inner Thighs",3.0,Mobility,84
673,Fire Hydrant,The fire hydrant is a glute activation exercise.,Glutes,2.5,"Mobility, Pilates, Rehabilitation",96
674,Windmills,Windmills are a full-body exercise that improves mobility and stability.,"Shoulders, Obliques, Hamstrings, Full Body",4.0,"Fitness, Mobility",120
675,Side Leg Raises,Side leg raises are an exercise for the outer thighs and glutes.,Glutes,2.5,"Pilates, Rehabilitation, Strength Training",96
676,Lateral hop,"The lateral hop is an explosive bodyweight exercise that consists of a two-legged hop to the side. It targets the lower body, including the quads, glutes, and hamstrings. Performed for reps, it also provides a serious cardiovascular challenge. It can be performed for time or reps and is especially effective in a fat-loss or athleticism-focused circuit or workout.","Legs, Glutes, Quads",8.0,"Agility Training, Plyometrics",144
677,Monster Walk,The monster walk is a glute activation exercise with a resistance band.,Glutes,3.0,"Mobility, Rehabilitation, Strength Training",96
678,Side Lying Groin Stretch,The side lying groin stretch is a stretch for the inner thighs.,Inner Thighs,1.5,Mobility,72
679,IT Band and Glute Stretch,The IT band and glute stretch is a stretch for the iliotibial band and gluteal muscles.,"Glutes, Legs",1.5,Mobility,72
680,Single-leg lying cross-over stretch,"The single-leg lying cross-over stretch is a simple bodyweight stretch targeting the lower back, hips, and glutes. It involves rotating a single leg over the body while lying flat on the back. It is commonly included in dynamic warm-ups, but can also be performed as full-body mobility work anytime.","Lower Back, Glutes, Obliques",1.8,Mobility,84
681,Carioca quick step,"The carioca quick step is a lateral bodyweight exercise targeting the adductors but also promoting agility and overall conditioning. It’s a favorite of football players, particularly defensive backs, because it mimics the way they have to track wide receivers downfield. It can also help mobilize the hips for athletes and lifters of all ability levels.","Inner Thighs, Full Body",7.0,"Agility Training, Basketball, Football",120
682,Standing hip circle,"The standing hip circle is a bodyweight exercise targeting the hips and abductor muscles. It is a classic way to ""limber up"" after sitting for a long period or before a lower-body workout or sports. It requires no equipment and can be helpful for everyone from beginners to advanced fitness enthusiasts.","Hip Flexors, Glutes",2.0,Mobility,84
683,Lateral cone hop,"The lateral cone hop is an agility drill that involves jumping over cones or other short hurdles side to side rather than front to back. It can be performed for reps or for time and can be beneficial for track athletes, basketball players, or any other athletes who need to explosive lateral power.","Legs, Glutes, Quads",8.0,"Agility Training, Plyometrics, Sports Performance",144
684,Side-To-Side Adductor Stretch,The side-to-side adductor stretch is a dynamic stretch for the inner thighs.,Inner Thighs,2.0,Mobility,84
685,Dynamic pigeon stretch,"The dynamic pigeon stretch is a lower-body stretch targeting the glutes, hips, and piriformis. It is influenced by the pigeon pose from yoga, but involves moving in and out of the pose. It can be part of a dynamic warm-up or mobility work performed anytime.","Glutes, Hip Flexors",2.5,"Mobility, Yoga",84
686,Cross-over jack,"The cross-over jack is a variation on the jumping jack, a popular calisthenics exercise used to improve overall conditioning. The difference between the jumping jack and the cross-over jack is that with the latter, the feet don't just come together each rep, they cross over each other. It's a great way to add variety to your warm-up or conditioning work.","Full Body, Inner Thighs",8.0,"Cardio, Mobility",96
687,Traveling thigh killa,"The traveling thigh killa is a challenging lower-body bodyweight exercise that builds muscular endurance with a series of hops forward and backward, as well as bodyweight squats. It can be performed for time or reps, usually in a circuit workout or as a lower-body finisher.","Legs, Quads, Glutes",9.0,"Circuit Training, HIIT",168
688,FYR Thigh Killa,"The thigh killa is a challenging lower-body bodyweight exercise that builds muscular endurance with a series of hops and bodyweight squats. It can be performed for time or reps, usually in a circuit workout or as a lower-body finisher.","Legs, Quads, Glutes",8.8,"Circuit Training, HIIT",168
689,HM Straddle Stretch,The HM straddle stretch is a seated stretch for the inner thighs and hamstrings.,"Inner Thighs, Hamstrings",1.5,"Mobility, Yoga",72
690,HM Right Leg Swing,The HM right leg swing is a dynamic stretch for the hips and hamstrings.,"Hamstrings, Hip Flexors",2.5,Mobility,84
691,HM Right Side-Kick,The HM right side-kick is a martial arts-inspired kick that works the glutes and legs.,"Glutes, Legs",5.0,"Kickboxing, Martial Arts",120
692,HM Frog Stretch,The HM frog stretch is a deep stretch for the inner thighs and hips.,"Inner Thighs, Hip Flexors",1.8,"Mobility, Yoga",72
693,HM Kick-Out,The HM kick-out is a dynamic kicking exercise.,"Legs, Glutes, Quads",5.0,Martial Arts,120
694,HM Left Leg Swing,The HM left leg swing is a dynamic stretch for the hips and hamstrings.,"Hamstrings, Hip Flexors",2.5,Mobility,84
695,UNS Foam Roll Adductor,The UNS foam roll adductor is a self-myofascial release technique for the inner thighs.,Inner Thighs,2.0,"Mobility, Rehabilitation",84
696,MetaBurn Groiner,The MetaBurn groiner is a dynamic hip and groin stretch.,"Hip Flexors, Inner Thighs",3.0,Mobility,84
697,Side-lying leg adduction scissor,"The side-lying leg adduction scissor is a dynamic core exercise that combines the isometric hold of a side-lying leg lift with leg adductions to further challenge the core and adductors. It targets multiple muscles of the core, primarily the rectus abdominis or ""six-pack"" muscles. It can be performed for time or reps in the ab-focused portion of any workout.","Abs, Inner Thighs",3.5,"Pilates, Strength Training",120
698,Groin and Back Stretch,The groin and back stretch is a stretch that targets both the inner thighs and the back.,"Inner Thighs, Lower Back",1.8,Mobility,72
699,Adductor/Groin,This refers to general stretches or exercises for the adductor (groin) muscles.,Inner Thighs,2.0,"Mobility, Strength Training",84
700,Incline dumbbell biceps curl,"The incline dumbbell biceps curl is an exercise targeting the biceps and performed face up on an incline bench. This creates a vertical arm angle, which helps to isolate the biceps and limit involvement of the shoulder muscles. This curl variation is usually performed for moderate to high reps, such as 8-12 reps per set or more, as part of upper-body or arm-focused training.","Biceps, Arms",3.5,"Bodybuilding, Strength Training",168
701,Banded biceps curl in squat position,"The banded biceps curl in squat position is an exercise targeting the biceps, although it also works the core and lower body.","Biceps, Legs, Full Body",4.5,"Circuit Training, Fitness",144
702,Banded Hammer Press - Gethin Variation,The machine chest press is an upper body exercise targeting the pectoral muscles.,Chest,4.0,Strength Training,168
703,Band standing concentration curl,"The band standing concentration curl is a variation of a popular biceps-focused exercise utilizing a band instead of a dumbbell. It allows you to focus on one biceps at a time and really squeeze out intense peak contractions. Band concentration curls are usually performed for moderate to high reps, such as 8-12 reps per set or more, as part of an upper-body or arm-focused workout.","Biceps, Arms",3.0,"Bodybuilding, Home Workouts",144
704,Brachialis SMR,"Brachialis self-myofascial release (SMR) is a self-administered soft-tissue treatment for the upper body, usually using a foam roller, lacrosse ball, or other ""trigger point"" massage tool. By applying pressure strategically to the biceps or brachialis muscles of the upper arm, some people find they can cause this often painful and tight muscle to relax or ""release."" Brachialis SMR is often accompanied by SMR on the triceps muscles or pectorals, or by stretches that target the biceps or pecs.","Biceps, Arms",2.0,"Mobility, Rehabilitation",84
705,Wide-grip barbell curl,"The wide-grip barbell curl is a variation of the classic barbell curl with the grip wider than shoulder width. It is thought that this helps build the inner or ""short"" head of the biceps muscles. This movement is usually performed for moderate to high reps, such as 8-12 reps per set.","Biceps, Arms",3.5,"Bodybuilding, Strength Training",192
706,EZ-bar spider curl,"The EZ-bar spider curl is an exercise targeting the biceps and performed face down on either an incline bench or on the flat side of a preacher bench. The EZ-bar makes for a more comfortable wrist position, while the angle helps to isolate the biceps and limit involvement of the shoulder muscles. This curl variation is usually performed for moderate to high reps, such as 8-12 reps per set or more, as part of upper-body or arm-focused training.","Biceps, Arms",3.5,"Bodybuilding, Strength Training",168
707,Barbell Curl,"The barbell curl is an arm exercise that is also one of the most recognizable movements in all of bodybuilding and fitness. It helps build sleeve-popping biceps and allows heavier loading than many other curl variations. It is usually performed in moderate to high reps, such as 8-12 reps per set, as part of the arm-focused portion of any workout.","Biceps, Arms",4.0,"Bodybuilding, Strength Training",192
708,Close-grip EZ-bar curl,"The close-grip EZ-bar curl is an exercise targeting the biceps, particularly the long head. The main difference between this exercise and standard EZ-bar curls is that the hands are positioned closer together on the bar. It is thought that this helps build the outer biceps head and the peak. This curl variation is usually performed for moderate to high reps, such as 8-12 reps per set.","Biceps, Arms",3.5,"Bodybuilding, Strength Training",168
709,Preacher Curl,"The EZ-bar preacher curl is a classic exercise for building bigger biceps. This move is all about isolation. With the back of the upper arms against the pad, it’s next to impossible to cheat. Go light, get a great pump, and build that peak!","Biceps, Arms",3.0,"Bodybuilding, Strength Training",168
710,Barbell Curls Lying Against An Incline,The barbell curl lying against an incline is a biceps exercise that emphasizes the long head of the bicep.,Biceps,3.5,Bodybuilding,192
711,Seated Close-Grip Concentration Barbell Curl,The seated close-grip concentration barbell curl is a biceps isolation exercise.,"Biceps, Arms",3.0,Bodybuilding,192
712,Close-grip barbell curl,"The close-grip barbell curl is a curl variation where the hands are closer than shoulder width. It is thought that this helps build the outer biceps head and the peak. This curl variation is usually performed for moderate to high reps, such as 8-12 reps per set.","Biceps, Arms",3.5,"Bodybuilding, Strength Training",192
713,Drag curl,"The drag curl is a biceps exercise that attempts to remove the influence of the front deltoids on the classic curl. With the elbows kept back, the barbell ""drags"" up the torso. It is usually performed for moderate to high reps, such as 8-15 reps per set, as part of an upper-body or arms-focused workout.","Biceps, Arms",3.5,Bodybuilding,192
714,Reverse-grip barbell curl,"The reverse-grip barbell curl is a variation on the biceps curl where the palms face downward. The switch from an underhand to an overhand grip brings the forearm and brachialis muscles more into the exercise. If it is uncomfortable to the wrists, try performing it on the angles of an EZ-curl bar.","Forearms, Biceps, Arms",3.5,"Arm Wrestling, Bodybuilding, Strength Training",192
715,Lying High Bench Barbell Curl,The lying high bench barbell curl is a biceps exercise performed while lying on a high bench.,"Biceps, Arms",3.5,Bodybuilding,192
716,Seated wide-grip curl to close-grip curl,"The seated wide-grip curl to close-grip curl is a variation on the classic seated dumbbell curl. It is thought that wide-grip curls target the inner head of the biceps more, while close-grip curls target the outer head or peak. This variation allows you to get the benefits of both.","Biceps, Arms",3.5,Bodybuilding,168
717,Seated Straigh-Bar Curl Superset,"The seated wide-grip curl to close-grip curl is a variation on the classic seated dumbbell curl. The variation is that the range of motion changes in alternating fashion—one more traditional, one where you’re bringing the weight in more from the side.","Biceps, Arms",3.8,Bodybuilding,168
718,Dave Draper Forehead Curl,"The Dave Draper forehead curl, also known as a spider curl, is a biceps exercise performed with your chest against an incline bench.","Biceps, Arms",3.5,Bodybuilding,192
719,Reverse-grip EZ-bar curl,"The reverse-grip EZ-bar curl is an exercise targeting the biceps and forearms. Because grip strength is a limitation with this move, it is often performed for moderate to high reps as part of an upper-body or arm-focused workout.","Forearms, Biceps, Arms",3.5,"Arm Wrestling, Bodybuilding",168
720,EZ-Bar Spider Curl - Gethin Variation,The EZ-bar spider curl is an isolation exercise targeting the biceps and performed face-down on an incline bench. The EZ-bar makes for a more comfortable wrist position.,"Biceps, Arms",3.5,Bodybuilding,168
721,Barbell curl-,"The barbell curl is an arm exercise that is also one of the most recognizable movements in all of bodybuilding and fitness. It helps build sleeve-popping biceps and allows heavier loading than many other curl variations. It is usually performed in moderate to high reps, such as 8-12 reps per set, as part of the arm-focused portion of any workout.","Biceps, Arms",4.0,"Bodybuilding, Strength Training",192
722,Paul Carter Barbell Curl,"The barbell curl is an arm exercise that is also one of the most recognizable movements in all of bodybuilding and fitness. It helps build sleeve-popping biceps and allows heavier loading than many other curl variations. It is usually performed in moderate to high reps, such as 8-12 reps per set, as part of the arm-focused portion of any workout.","Biceps, Arms",4.0,Bodybuilding,192
723,Standing band biceps curl,The standing band biceps curl is an arm-focused exercise using a band for resistance. This variation is usually performed for moderate to high reps as part of an arms-focused or upper-body workout.,"Biceps, Arms",3.0,"Home Workouts, Strength Training",144
724,Close-Grip EZ-Bar Curl - Gethin Variation,"The close-grip EZ-bar curl is an exercise targeting the biceps, particularly the long head. The main difference between this exercise and standard barbell curls is that the hands are positioned closer together on the bar. It is thought that this helps build the outer biceps head and the peak. This curl variation is usually performed for moderate to high reps, like at least 8-12 reps per set.","Biceps, Arms",3.5,Bodybuilding,168
725,Seated Barbell Curl,The seated barbell curl is a classic biceps exercise.,"Biceps, Arms",3.0,Bodybuilding,192
726,AM Standing Barbell Curl,"The standing EZ-bar curl is an immenselyp popular exercise targeting the biceps. It is commonly performed for moderate to high reps as part of an upper body or arms-focused workout. Many gyms even have EZ-bars at fixed weights, allowing for easy weight changes.","Biceps, Arms",3.5,"Bodybuilding, Strength Training",168
727,EZ-bar preacher curl,"The EZ-bar preacher curl is a classic exercise for building bigger biceps. This move is all about isolation. With the back of the upper arms against the pad, it's next to impossible to use momentum which forces the muscles to work harder.","Biceps, Arms",3.0,"Bodybuilding, Strength Training",168
728,30 Arms Standing Barbell Curl,The 30 Arms standing barbell curl is a standard biceps curl with a focus on proper form for arm development.,"Biceps, Arms",4.0,Bodybuilding,192
729,30 Arms Incline Biceps Curl,The 30 Arms incline biceps curl is a biceps curl performed on an incline bench to stretch the long head of the bicep.,"Biceps, Arms",3.5,Bodybuilding,192
730,"Bicep Curls """"21s""""""","Bicep curls ""21s"" are a biceps burnout technique involving 7 partial reps in the lower half, 7 in the upper half, and 7 full reps.","Biceps, Arms",4.0,Bodybuilding,168
731,Incline Hammer Curls,The incline hammer curl is a biceps and brachialis exercise performed on an incline bench with a neutral grip.,"Biceps, Forearms, Arms",3.5,Bodybuilding,168
732,Hammer Curls,"This curl is performed simultaneously with dumbbells but without wrist supination. Throughout each rep, the wrists remain neutral, like a carpenter hammering a nail.","Biceps, Forearms, Arms",3.5,"Bodybuilding, Strength Training",168
733,Biceps curl to shoulder press,"The biceps curl to shoulder press is a dumbbell complex that combines two exercises that build and strengthen the biceps and shoulders or deltoids. It is usually performed one rep of each movement at a time, although you could perform more reps of each, or increase the reps in successive rounds (e.g., 1 rep in round 1, 2 reps in round 2, etc.). No matter how you structure the sets and reps, it is a time-efficient way to hit two crucial upper-body muscles in any workout.","Biceps, Shoulders, Arms",4.5,"Circuit Training, Fitness",168
734,Concentration curl,"The concentration curl is a classic exercise for building the biceps one arm at a time. It can be performed bent over or kneeling, but is more often performed seated on a bench. It's great for emphasizing the biceps peak and is often used to finish a biceps workout. Like most curl variations, these are usually performed for moderate to high reps, such as 8-12 reps per set or more.","Biceps, Arms",3.0,Bodybuilding,168
735,Flexor Incline Dumbbell Curls,The flexor incline dumbbell curl is a biceps curl on an incline bench with a focus on wrist flexion.,"Biceps, Forearms, Arms",3.5,Bodybuilding,168
736,Dumbbell Bicep Curl,"The dumbbell biceps curl is a single-joint exercise for building bigger and stronger biceps. Popular among gym goers of all experience levels, this move can be done seated or standing. It is generally performed for moderate to high reps, such as 8-12 reps or higher, as part of the arm-focused portion of a workout.","Biceps, Arms",3.5,"Bodybuilding, Strength Training",168
737,Cross-body hammer curl,"The cross-body hammer curl is a dumbbell exercise that targets the biceps, brachialis, and forearm muscles. Rather than lifting the weights directly in front of the body, you lift them across the torso. Throughout each rep, the wrists remain neutral, like a carpenter hammering a nail. This helps isolate the brachialis muscles on each arm. It is generally performed for moderate to high reps, such as 8-12 reps or more, as part of the arm-focused portion of a workout.","Biceps, Forearms, Arms",3.5,Bodybuilding,168
738,Dumbbell Alternate Bicep Curl,"The alternating biceps curl is a single-joint exercise for building bigger and stronger biceps one arm at a time. Popular among gym goers of all experience levels, this move can be done seated or standing. It is generally performed for moderate to high reps, such as 8-12 reps or higher, as part of the arm-focused portion of a workout.","Biceps, Arms",3.5,"Bodybuilding, Strength Training",168
739,Single-arm dumbbell preacher curl,"The single-arm dumbbell preacher curl is an exercise that focuses on building the biceps, particularly the biceps peak. Most people will go light on this movement, performing it for moderate to high reps as part of an upper-body or arms-focused workout.","Biceps, Arms",3.0,Bodybuilding,168
740,Alternate Incline Dumbbell Curl,"The alternating incline dumbbell biceps curl is an exercise targeting the biceps and performed face up on an incline bench. This creates a vertical arm angle which helps to isolate the biceps and limit involvement of the shoulder muscles. This curl variation is usually performed for moderate to high reps, such as 8-12 rep per arm or more, as part of upper-body or arm-focused training.","Biceps, Arms",3.5,Bodybuilding,168
741,Standing concentration curl,"The standing concentration curl is a variation on the more common seated concentration curl, which is a staple of bodybuilding arm routines. It can serve as a substitute for preacher curl variations if a preacher bench is unavailable and is also a classic way to focus in on the biceps peak. It is usually performed for moderate to high reps, such as 8-10 reps per set, with a focus on strict form and controlled tempo.","Biceps, Arms",3.0,Bodybuilding,168
742,Alternating incline dumbbell biceps curl,"The alternating incline dumbbell biceps curl is an exercise targeting the biceps and performed face up on an incline bench. This creates a vertical arm angle which helps to isolate the biceps and limit involvement of the shoulder muscles. This curl variation is usually performed for moderate to high reps, such as 8-12 rep per arm or more, as part of upper-body or arm-focused training.","Biceps, Arms",3.5,Bodybuilding,168
743,Alternate Hammer Curl,"The alternating hammer curl is performed with dumbbells but without wrist supination. Throughout each rep, the wrists remain neutral, like a carpenter hammering a nail.","Biceps, Forearms, Arms",3.5,Bodybuilding,168
744,Seated dumbbell biceps curl,"The seated dumbbell biceps curl is a popular exercise for building bigger biceps. While curls can effectively be performed standing as well, performing them seated can enforce strict form and perhaps boost the mind-muscle connection. Like most curl variations, these are usually performed for moderate to high reps, such as 8-12 reps per set or more.","Biceps, Arms",3.0,Bodybuilding,168
745,Preacher Hammer Dumbbell Curl,The preacher hammer dumbbell curl is a biceps and brachialis isolation exercise performed on a preacher bench with a neutral grip.,"Biceps, Forearms, Arms",3.0,Bodybuilding,168
746,Dumbbell preacher curl,"The dumbbell preacher curl is an exercise that focuses on building the biceps, particularly the biceps peak. All you need is a pair of dumbbells and a preacher bench. It's usually performed for moderate to high reps as part of an upper-body or arms-focused workout.","Biceps, Arms",3.0,Bodybuilding,168
747,Lying Supine Dumbbell Curl,The lying supine dumbbell curl is a biceps exercise performed while lying on your back.,"Biceps, Arms",3.0,Bodybuilding,168
748,Standing Dumbbell Reverse Curl,"With the reverse-grip dumbbell curl, the palms face down, not up. This unorthodox wrist position simultaneously targets the biceps while also building forearm and grip strength. The move can performed standing or seated.","Forearms, Biceps, Arms",3.5,"Arm Wrestling, Bodybuilding",168
749,Palms-out incline biceps curl,"The palms-out incline biceps curl is an exercise targeting the biceps. It is largely similar to the incline dumbbell curl, but the palms-out position targets the long head of the biceps, which is responsible for the biceps ""peak."" This curl variation is usually performed for moderate to high reps, such as 8-12 reps per set or more, as part of upper-body or arm-focused training.","Biceps, Arms",3.5,Bodybuilding,168
750,Straight-arm plank with biceps curl,"The straight-arm plank with biceps curl is a hybrid movement that trains the abdominal and biceps muscles simultaneously. It can address multiple muscle groups in a time-efficient muscle-building or circuit-style workout, while also providing an additional cardiovascular challenge.","Abs, Biceps, Arms",4.5,"Circuit Training, Fitness",168
751,Face-down incline dumbbell biceps curl,"The face-down incline dumbbell biceps curl is an exercise targeting the biceps and performed face down on an incline bench. This creates a vertical arm angle, which helps to isolate the biceps and limit involvement of the shoulder muscles. This curl variation is usually performed for moderate to high reps, such as 8-12 reps per set or more, as part of upper-body or arm-focused training.","Biceps, Arms",3.5,Bodybuilding,168
752,Seated Dumbbell Inner Biceps Curl,The seated dumbbell inner biceps curl is a biceps curl with a focus on supinating the wrist to target the inner bicep.,"Biceps, Arms",3.0,Bodybuilding,168
753,Standing Inner-Biceps Curl,The standing inner-biceps curl is a biceps curl with a focus on wrist supination.,"Biceps, Arms",3.5,Bodybuilding,168
754,Seated hammer curl,"The seated hammer curl is a popular exercise for building bigger biceps and forearms. The movement resembles hammering a nail—hence the name. While curls can effectively be performed standing as well, performing them seated can enforce strict form and perhaps boost the mind-muscle connection. Like most curl variations, these are usually performed for moderate to high reps, such as 8-12 reps per set or more.","Biceps, Forearms, Arms",3.0,Bodybuilding,168
755,Paul Carter Incline Dumbbell Biceps Curl,The incline dumbbell biceps curl is an isolation exercise targeting the biceps. This variation targets the long head of the biceps more than a traditional curl and there is more overall tension to this muscle.,"Biceps, Arms",3.5,Bodybuilding,168
756,Paul Carter Concentration Curl,"The concentration curl is a classic exercise for building the biceps one arm at a time. It can be performed bent over or kneeling, but is more often performed seated on a bench. It's great for emphasizing the biceps peak and is often used to finish a biceps workout. Like most curl variations, these are usually performed for moderate to high reps, such as 8-12 reps per set or more.","Biceps, Arms",3.0,Bodybuilding,168
757,FYR Dumbbell Curl,"The dumbbell biceps curl is a single-joint exercise for building bigger and stronger biceps. Popular among gym goers of all experience levels, this move can be done seated or standing. It is generally performed for moderate to high reps, such as 8-12 reps or higher, as part of the arm-focused portion of a workout.","Biceps, Arms",3.5,"Bodybuilding, Strength Training",168
758,Dumbbell biceps curl to upright row,"The dumbbell biceps curl to upright row is a dumbbell complex that combines two exercises that build and strengthen the biceps, traps, and the middle head of the deltoids. It is usually performed one rep of each movement at a time, although you could perform more reps of each, or increase the reps in successive rounds (e.g., 1 rep in round 1, 2 reps in round 2, etc.). No matter how you structure the sets and reps, it is a time-efficient way to hit multiple upper-body muscles in any workout.","Biceps, Traps, Shoulders, Arms",4.5,"Circuit Training, Fitness",168
759,FYR Dumbbell Hammer Curl,"This curl is performed simultaneously with dumbbells but without wrist supination. Throughout each rep, the wrists remain neutral, like a carpenter hammering a nail.","Biceps, Forearms, Arms",3.5,"Bodybuilding, Strength Training",168
760,Dumbbell overhead hold with single-arm curl,"The dumbbell overhead hold with single-arm curl combines an isometric overhead hold with a curl for the other arm. The two movements collectively target the muscles of the shoulders and arms, while providing a surprising core challenge. Expect to be challenged, even with light weight.","Shoulders, Biceps, Abs, Arms",5.0,"Circuit Training, Fitness",168
761,FYR Kneeling Biceps,The kneeling concentration curl allows you to target the biceps without having the ability to use momentum from the rest of your body to move the weight.,"Biceps, Arms",3.0,Bodybuilding,168
762,Lunge hold dumbbell curl,"The lunge hold dumbbell curl is a challenging complex that combines an isometric hold at the bottom of a lunge with a dumbbell biceps curl. The two exercises combine to target the legs, core, and biceps. The curl will determine the amount of weight you can use, but even a light weight will make the lunge hold seriously challenging.","Biceps, Legs, Abs, Full Body",5.5,"Circuit Training, Fitness",168
763,FYR Dumbbell Biceps Curl,"The dumbbell biceps curl is a single-joint exercise for building bigger and stronger biceps. Popular among gym goers of all experience levels, this move can be done seated or standing. It is generally performed for moderate to high reps, such as 8-12 reps or higher, as part of the arm-focused portion of a workout.","Biceps, Arms",3.5,Strength Training,168
764,Alternating dumbbell snatch,"The alternating dumbbell snatch is an explosive exercise that builds full-body power and targets the muscles of the hips, back, and shoulders. Performing it by alternating arms gives each arm the chance to recover, allowing you to do a greater amount of quality work. It can be performed for low reps with a focus on power and speed, or for higher reps to build muscle or as part of a metabolic conditioning circuit.","Full Body, Shoulders, Back, Legs",9.0,"Crossfit, HIIT, Olympic Weightlifting",192
765,TBS Incline Dumbbell Curl,The incline dumbbell biceps curl is an isolation exercise targeting the biceps. This variation targets the long head of the biceps more than a traditional curl and there is more overall tension to this muscle.,"Biceps, Arms",3.5,Bodybuilding,168
766,TBS Hammer Curl,"The alternating hammer curl is performed with dumbbells but without wrist supination. Throughout each rep, the wrists remain neutral, like a carpenter hammering a nail.","Biceps, Forearms, Arms",3.5,Bodybuilding,168
767,Reverse-grip dumbbell curl,"With the reverse-grip dumbbell curl, the palms face down, not up. This unorthodox wrist position simultaneously targets the biceps while also building forearm and grip strength. The move can be performed standing or seated. Because grip is a limiting factor, it is usually performed for moderate to high reps, such as 8-10 reps per set.","Forearms, Biceps, Arms",3.5,"Arm Wrestling, Bodybuilding",168
768,Incline Dumbbell Curl - Gethin Variation,The incline dumbbell biceps curl is an isolation exercise targeting the biceps. This variation targets the long head of the biceps more than a traditional curl and there is more overall tension to this muscle.,"Biceps, Arms",3.5,Bodybuilding,168
769,Hammer curl,"The hammer curl is a dumbbell movement that focuses on the biceps, brachialis, and forearm muscles. Throughout each rep, the wrists remain neutral, like a carpenter hammering a nail. It is generally performed for moderate to high reps, such as 8-12 reps or more, as part of the arm-focused portion of a workout.","Biceps, Forearms, Arms",3.5,Bodybuilding,168
770,Seated Dumbbell Curl - Gethin Variation,"The seated dumbbell biceps curl is a standard exercise for building bigger biceps. While dumbbell biceps curls can be performed standing, this version involves sitting on a bench.","Biceps, Arms",3.0,Bodybuilding,168
771,Dumbbell Hammer Curl - Gethin Variation,"This curl is performed simultaneously with dumbbells but without wrist supination. Throughout each rep, the wrists remain neutral, like a carpenter hammering a nail.","Biceps, Forearms, Arms",3.5,Bodybuilding,168
772,Single-arm seated dumbbell curl,"The single-arm seated dumbbell curl is a popular exercise for building bigger biceps. Performing it one arm at a time may allow you to use slightly heavier weight, while focusing on really feeling the mind-muscle connection in the working arm. Like most curl variations, these are usually performed for moderate to high reps, such as 8-12 reps per set or more.","Biceps, Arms",3.0,Bodybuilding,168
773,Lying Cable Curl - Gethin Variation,The lying cable biceps curl is an isolation exercise that eliminates the possibility of using momentum from the lower body to raise the weight.,"Biceps, Arms",3.0,Bodybuilding,168
774,Dumbbell biceps curl,"The dumbbell biceps curl is a single-joint exercise for building bigger and stronger biceps. Popular among gym goers of all experience levels, this move can be done seated or standing. It is generally performed for moderate to high reps, such as 8-12 reps or higher, as part of the arm-focused portion of a workout.","Biceps, Arms",3.5,"Bodybuilding, Strength Training",168
775,Seated Biceps Hammer Curl,The seated biceps hammer curl is a brachialis and biceps exercise with a neutral grip.,"Biceps, Forearms, Arms",3.0,Bodybuilding,168
776,HM Alternating Reverse Lunge With Biceps Curl,The HM alternating reverse lunge with biceps curl is a compound exercise for the legs and biceps.,"Legs, Biceps, Full Body",5.5,"Circuit Training, Fitness",168
777,AM Hammer Curls,"This curl is performed simultaneously with dumbbells but without wrist supination. Throughout each rep, the wrists remain neutral, like a carpenter hammering a nail.","Biceps, Forearms, Arms",3.5,"Bodybuilding, Strength Training",168
778,AM Seated Hammer Curls,"The seated hammer curl is a popular exercise for building bigger biceps. The movement resembles hammering a nail—hence the name. While hammer can be performed standing, this version involves sitting on a bench.","Biceps, Forearms, Arms",3.0,Bodybuilding,168
779,Seated alternating biceps curl,"The seated alternating biceps curl is an exercise that builds bigger and stronger biceps. The alternating technique allows one arm to rest briefly while the other arm lifts. It is usually performed for moderate to high reps, such as 8-12 reps or more, as part of the upper-body or arm-focused portion of a workout.","Biceps, Arms",3.0,Bodybuilding,168
780,Alternating hammer curl,"The alternating hammer curl is performed with dumbbells but without wrist supination. Throughout each rep, the wrists remain neutral, like a carpenter hammering a nail. It is generally performed for moderate to high reps, such as 8-12 reps or more, as part of the arm-focused portion of a workout.","Biceps, Forearms, Arms",3.5,Bodybuilding,168
781,Alternating biceps curl,"The alternating biceps curl is a single-joint exercise for building bigger and stronger biceps one arm at a time. Popular among gym goers of all experience levels, this move can be done seated or standing. It is generally performed for moderate to high reps, such as 8-12 reps or higher, as part of the arm-focused portion of a workout.","Biceps, Arms",3.5,"Bodybuilding, Strength Training",168
782,Holman Slow Biceps Curl,The Holman slow biceps curl is a biceps curl performed at a slow tempo.,"Biceps, Arms",3.5,Bodybuilding,168
783,Holman Biceps Curl to Chest Punch,The Holman biceps curl to chest punch is a compound exercise for the biceps and chest.,"Biceps, Chest, Arms",4.5,"Boxing, Fitness",168
784,Holman Right Arm Heavy Biceps Curl,The Holman right arm heavy biceps curl is a single-arm biceps curl with a heavy weight.,"Biceps, Arms",4.0,Bodybuilding,168
785,Holman Left Arm Heavy Biceps Curl,The Holman left arm heavy biceps curl is a single-arm biceps curl with a heavy weight.,"Biceps, Arms",4.0,Bodybuilding,168
786,Holman Alternating Front Lunge Biceps Curl,The Holman alternating front lunge biceps curl is a compound exercise for the legs and biceps.,"Legs, Biceps, Full Body",5.5,"Circuit Training, Fitness",168
787,Holman Weighted Double-Time Biceps Curl,The Holman weighted double-time biceps curl is a biceps curl performed at a fast tempo.,"Biceps, Arms",4.0,Bodybuilding,168
788,Holman Heavy Right Arm Biceps Curl,The Holman heavy right arm biceps curl is a heavy single-arm biceps curl.,"Biceps, Arms",4.0,Bodybuilding,168
789,Holman Heavy Left Arm Biceps Curl,The Holman heavy left arm biceps curl is a heavy single-arm biceps curl.,"Biceps, Arms",4.0,Bodybuilding,168
790,MetaBurn Dumbbell Drag Curl,The MetaBurn dumbbell drag curl is a biceps exercise where you drag the dumbbells up your body.,"Biceps, Arms",3.5,Bodybuilding,168
791,MetaBurn Hammer Curl to Overhead Press,The MetaBurn hammer curl to overhead press is a compound exercise for the biceps and shoulders.,"Biceps, Shoulders, Arms",4.8,"Circuit Training, Fitness",168
792,MetaBurn Biceps Curl To Lateral Raise,The MetaBurn biceps curl to lateral raise is a compound exercise for the biceps and shoulders.,"Biceps, Shoulders, Arms",4.5,"Circuit Training, Fitness",168
793,FYR2 Alternating Dumbbell Curl,The FYR2 alternating dumbbell curl is a classic biceps exercise.,"Biceps, Arms",3.5,"Bodybuilding, Strength Training",168
794,FYR2 Pulse Biceps Curl,The FYR2 pulse biceps curl is a biceps curl with small pulsing movements at the top.,"Biceps, Arms",3.2,Bodybuilding,168
795,FYR2 Seesaw Dumbbell Biceps Curl,The FYR2 seesaw dumbbell biceps curl is a biceps curl where you alternate arms in a seesaw motion.,"Biceps, Arms",3.8,"Bodybuilding, Circuit Training",168
796,FYR2 Single-Dumbbell Biceps Curl,The FYR2 single-dumbbell biceps curl is a biceps curl performed with one dumbbell.,"Biceps, Arms",3.0,Bodybuilding,168
797,FYR2 Dumbbell Curl-Row Complex,The FYR2 dumbbell curl-row complex is a compound exercise for the biceps and back.,"Biceps, Back, Arms",5.0,"Circuit Training, Fitness",168
798,30 Arms Standing Dumbbell Hammer Curl 21s,"The 30 Arms standing dumbbell hammer curl 21s is a hammer curl variation of the ""21s"" technique.","Biceps, Forearms, Arms",4.0,Bodybuilding,168
799,30 Arms Standing Biceps Curl,The 30 Arms standing biceps curl is a standard biceps curl.,"Biceps, Arms",3.5,Bodybuilding,168
800,30 Arms Standing Alternating Hammer Curl,The 30 Arms standing alternating hammer curl is a classic hammer curl.,"Biceps, Forearms, Arms",3.5,Bodybuilding,168
801,30 Arms Standing Alternating Biceps Curl,The 30 Arms standing alternating biceps curl is a classic biceps curl.,"Biceps, Arms",3.5,Bodybuilding,168
802,30 Arms Single-Arm Hammer Preacher Curl,The 30 Arms single-arm hammer preacher curl is a brachialis and biceps isolation exercise.,"Biceps, Forearms, Arms",3.0,Bodybuilding,168
803,30 Arms Single-Arm Dumbbell Preacher Curl,The 30 Arms single-arm dumbbell preacher curl is a biceps isolation exercise.,"Biceps, Arms",3.0,Bodybuilding,168
804,30 Arms Seated Dumbbell Concentration Curl,The 30 Arms seated dumbbell concentration curl is a biceps peak-focused exercise.,"Biceps, Arms",3.0,Bodybuilding,168
805,30 Arms Seated Biceps Curl,The 30 Arms seated biceps curl is a classic biceps curl.,"Biceps, Arms",3.0,Bodybuilding,168
806,30 Arms Seated Alternating Biceps Curl,The 30 Arms seated alternating biceps curl is a classic biceps curl.,"Biceps, Arms",3.0,Bodybuilding,168
807,30 Arms Incline Hammer Curl,The 30 Arms incline hammer curl is a brachialis and biceps exercise.,"Biceps, Forearms, Arms",3.5,Bodybuilding,168
808,30 Arms Incline Dumbbell Triceps Extension,The 30 Arms incline dumbbell triceps extension is a triceps exercise.,"Triceps, Arms",3.5,Bodybuilding,168
809,30 Arms Hammer Curl,The 30 Arms hammer curl is a standard hammer curl.,"Biceps, Forearms, Arms",3.5,Bodybuilding,168
810,Reverse Plate Curls,The reverse plate curl is a forearm and biceps exercise.,"Forearms, Biceps",3.0,Bodybuilding,168
811,Standing Biceps Stretch,The standing biceps stretch is a stretch for the biceps muscles.,Biceps,1.5,Mobility,72
812,Suspended Curl,The suspended curl is a biceps exercise using a suspension trainer.,"Biceps, Abs, Arms",4.0,"Calisthenics, Suspension Training",168
813,Plate hammer curl,"The plate hammer curl is an exercise that targets the long head of the biceps as well as the brachialis and brachioradialis muscles. Typically hammer curls are done with dumbbells, but in this case, holding a weight plate places the hands in the same neutral position.","Biceps, Forearms, Arms",3.5,"Bodybuilding, Strength Training",168
814,Barbell spider curl,"The barbell spider curl is an exercise targeting the biceps and performed face down on either an incline bench or on the flat side of a preacher bench. The vertical bench angle helps to isolate the biceps and limit involvement of the shoulder muscles. This curl variation is usually performed for moderate to high reps, such as 8-12 reps per set or more, as part of upper-body or arm-focused training.","Biceps, Arms",3.5,Bodybuilding,192
815,Barbell forehead curl,"The barbell forehead curl is a classic movement from the Golden Age of bodybuilding and is often associated with Dave ""The Blond Bomber"" Draper. The barbell is brought up to your forehead instead of to your chest, emphasizing the squeeze and peak contraction. It is usually performed for moderate to high reps, such as 8-12 reps per set.","Biceps, Arms",3.5,Bodybuilding,192
816,Overhead cable curl,"Also known as a crucifix curl, the overhead cable curl is a biceps-focused exercise performed between two cable stacks, using a pair of D-handles. The arms and elbows are held at shoulder height throughout the movement, and both hands curl in toward the ears. This position is designed to eliminate shoulder involvement and momentum, while targeting the biceps peak. This movement is generally done for moderate to high reps, such as 8-12 reps per set or more, as part of arm-focused training.","Biceps, Arms",3.0,Bodybuilding,168
817,Standing One-Arm Cable Curl,The single-arm cable biceps curl is a single-joint isolation exercise for building the biceps. This move is intended to be strict and deliberate; this is not an exercise for using momentum or otherwise cheating.,"Biceps, Arms",3.0,Bodybuilding,168
818,Reverse Cable Curl,The reverse cable curl is a forearm and biceps exercise with a cable machine.,"Forearms, Biceps, Arms",3.0,Bodybuilding,168
819,Standing Biceps Cable Curl,"The cable straight-bar biceps curl takes a classic bodybuilding exercise, the standing barbell curl, and replaces the barbell with a handle attached to a cable. This is a common burnout move performed for moderate to high reps, such as 8-12 reps per set, as part of an upper-body or arm-focused workout.","Biceps, Arms",3.5,Bodybuilding,168
820,Cable rope hammer curl,"The cable rope hammer curl is a popular arm-focused exercise performed with a rope handle attached by a cable to a weight stack. It uses a neutral (palms facing one another) grip, which targets the forearms and brachialis muscles in addition to the biceps. Because grip is a limitation, it is usually performed for moderate to high reps, such as 8-12 reps per set or more.","Biceps, Forearms, Arms",3.5,Bodybuilding,168
821,Lying cable biceps curl,"The lying cable biceps curl is a cable exercise that targets the biceps. It is performed lying on the back, either on a bench or the ground, with the feet facing toward a cable stack. This movement is usually performed for moderate to high reps for a burn and pump as part of an arm-focused workout.","Biceps, Arms",3.0,Bodybuilding,168
822,Cable rope preacher hammer curl,"The cable rope preacher hammer curl is a single-joint arm exercise that builds strength and size in the biceps using a cable stack, a preacher bench, and a rope grip. The neutral or ""hammer"" grip amplifies activation of both the grip and the brachialis muscles, building arm thickness. The angle of the bench also effectively removes the shoulders from the movement, largely isolating the biceps. It is generally performed for higher reps, at least 8-15 per set.","Biceps, Forearms, Arms",3.0,Bodybuilding,168
823,Lying Close-Grip Bar Curl On High Pulley,The lying high-cable biceps curl is an unusual move for building the biceps—but it’s a highly effective one. Lying prone and curling down toward you provides a different stimulus than more standard approaches allow.,"Biceps, Arms",3.0,Bodybuilding,168
824,Cable EZ-Bar Preacher Curl - Gethin Variation,"The cable preacher curl is a single-joint arm exercise that builds strength and size in the biceps using a cable stack and a preacher bench. It is popular in muscle-building arm workouts because the angle of the bench effectively removes the shoulders from the movement, largely isolating the biceps. It is generally performed for higher reps, at least 8-15 per set.","Biceps, Arms",3.0,Bodybuilding,168
825,Squatting cable EZ-bar biceps curl,"The squatting cable EZ-bar biceps curl is an exercise that builds and strengthens the biceps while the lower body is in a static squat position. It is usually performed for higher rep sets, such as 8-12 reps per set or more, in combination with other curls or arm training. It is most similar in arm positioning to a preacher curl, but has some unique benefits to the lower body, as well.","Biceps, Legs, Full Body",4.5,"Bodybuilding, Fitness",168
826,Cable straight-bar biceps curl,"The cable straight-bar biceps curl takes a classic bodybuilding exercise, the standing barbell curl, and replaces the barbell with a handle attached to a cable. This is a common burnout move performed for moderate to high reps, such as 8-12 reps per set, as part of an upper-body or arm-focused workout.","Biceps, Arms",3.5,Bodybuilding,168
827,Standing reverse-grip cable curl,"The standing reverse-grip cable curl takes a classic bodybuilding exercise, the reverse barbell curl, and tweaks it by using a handle attached to a cable stack instead. It targets the forearm muscles and brachialis to a greater degree than underhand biceps curl variations. Because grip is a limitation, this move is commonly performed for moderate to high reps, such as 8-12 reps per set or more, as part of an upper-body or arm-focused workout.","Forearms, Biceps, Arms",3.5,"Arm Wrestling, Bodybuilding",168
828,Lying high-cable biceps curl,The lying high-cable biceps curl is a single-joint exercise targeting the biceps in a prone (face-up) position. It is usually performed for moderate to high reps as part of the arm-focused portion of a workout.,"Biceps, Arms",3.0,Bodybuilding,168
829,High-Pulley Cable Curl - Gethin Variation,"Also known as a crucifix curl, the overhead cable curl is a biceps-focused exercise performed between two cable stacks, using a pair of D-handles. The arms and elbows are held at shoulder height throughout the movement, and both hands curl in toward the ears. This position is designed to eliminate shoulder involvement and momentum, while targeting the biceps peak. This movement is generally done for moderate to high reps, such as 8-12 reps per set or more, as part of arm-focused training.","Biceps, Arms",3.0,Bodybuilding,168
830,Standing High Cable Curl - Gethin Variation,"The cable straight-bar biceps curl takes a classic bodybuilding exercise, the standing barbell curl, and replaces the barbell with a handle attached to a cable. This is a common burnout move performed for moderate to high reps, such as 8-12 reps per set, as part of an upper-body or arm-focused workout.","Biceps, Arms",3.5,Bodybuilding,168
831,High Cable Curls,The lying high-cable biceps curl is a single-joint exercise targeting the biceps in a prone (face-up) position. It is usually performed for moderate to high reps as part of the arm-focused portion of a workout.,"Biceps, Arms",3.0,Bodybuilding,168
832,Seated cable biceps curl,The seated cable biceps curl is a single-joint arm exercise intended to isolate the biceps. The seated position helps eliminate the use of momentum. This movement is usually performed for moderate to high reps for a burn and pump as part of an arm-focused workout.,"Biceps, Arms",3.0,Bodybuilding,168
833,Lying Close-Grip Bar Curl On High Pulley - Gethin Variation,The lying high-cable biceps curl is an unusual move for building the biceps—but it’s a highly effective one. Lying prone and curling down toward you provides a different stimulus than more standard approaches allow.,"Biceps, Arms",3.0,Bodybuilding,168
834,Standing Cable Curl - Gethin Variation,"The cable straight-bar biceps curl takes a classic bodybuilding exercise, the standing barbell curl, and replaces the barbell with a handle attached to a cable. This is a common burnout move performed for moderate to high reps, such as 8-12 reps per set, as part of an upper-body or arm-focused workout.","Biceps, Arms",3.5,Bodybuilding,168
835,Double Arm Cable Biceps Curl,The double arm cable biceps curl is a biceps exercise with a cable machine.,"Biceps, Arms",3.5,Bodybuilding,168
836,AM Cable Biceps Curl,"The cable straight-bar biceps curl takes a classic bodybuilding exercise, the standing barbell curl, and replaces the barbell with a handle attached to a cable. This is a common burnout move performed for moderate to high reps, such as 8-12 reps per set, as part of an upper-body or arm-focused workout.","Biceps, Arms",3.5,Bodybuilding,168
837,Single-arm cable biceps curl,"The single-arm cable biceps curl is a single-joint isolation exercise for building the biceps. This move is intended to be strict and deliberate; this is not an exercise for using momentum or otherwise cheating. It is usually performed for moderate to high reps, such as 8-12 reps or more per set, as part of an arm-focused workout.","Biceps, Arms",3.0,Bodybuilding,168
838,UP Cable Curl With Straight Bar,The UP cable curl with straight bar is a biceps exercise with a straight bar attachment on a cable machine.,"Biceps, Arms",3.5,Bodybuilding,168
839,30 Arms Cable Rope Hammer Curl,The 30 Arms cable rope hammer curl is a hammer curl with a rope attachment.,"Biceps, Forearms, Arms",3.5,Bodybuilding,168
840,30 Arms Squatting Cable Straight-Bar Curl,The 30 Arms squatting cable straight-bar curl is a biceps curl performed in a squatting position.,"Biceps, Legs, Full Body",4.5,Fitness,168
841,30 Arms High Cable Curl,The 30 Arms high cable curl is a biceps exercise with the cables set high.,"Biceps, Arms",3.0,Bodybuilding,168
842,30 Arms Cable Straight-Bar Curl,The 30 Arms cable straight-bar curl is a standard cable curl.,"Biceps, Arms",3.5,Bodybuilding,168
843,30 Arms Cable Concentration Curl,The 30 Arms cable concentration curl is a biceps peak-focused exercise with a cable.,"Biceps, Arms",3.0,Bodybuilding,168
844,30 Arms BFR High Cable Curl,The 30 Arms BFR high cable curl is a high cable curl with blood flow restriction.,"Biceps, Arms",3.0,Bodybuilding,216
845,BFR cable rope hammer curl,"The blood flow restriction (BFR) cable rope hammer curl is an arm movement that builds biceps size and strength using a cable stack, rope grip, and blood flow restriction bands. It is popular in high-rep ""pump""-style arm workouts. The bands should be placed as high as possible on your arms, at a tightness of no greater than 8 on a scale of 10. Most BFR workouts recommend using a far lighter weight than usual, perhaps as low as 25-50 percent of a normal working weight.","Biceps, Forearms, Arms",3.5,Bodybuilding,216
846,Machine Bicep Curl,The machine bicep curl is a biceps exercise on a machine.,"Biceps, Arms",3.0,"Bodybuilding, Strength Training",168
847,Machine Preacher Curls,The machine preacher curl is an isolation exercise targeting the biceps.,"Biceps, Arms",3.0,Bodybuilding,168
848,Single-arm machine preacher curl,"The single-arm machine preacher curl is a popular exercise to build size and strength in the biceps. It approximates the motion of a free-weight preacher curl, but uses a selectorized weight stack or plate-loaded machine. Many such machines offer different grips and grip widths. Machine biceps curls are often done for moderate to high reps, such as 8-12 reps per set or more, as part of the upper-body or arm-focused portion of a workout.","Biceps, Arms",3.0,Bodybuilding,168
849,Machine preacher curl,"The machine preacher curl is a popular exercise to build size and strength in the biceps. It approximates the motion of a free-weight preacher curl, but uses a selectorized weight stack or plate-loaded machine. Many such machines offer different grips and grip widths. Machine biceps curls are often done for moderate to high reps, such as 8-12 reps per set or more, as part of the upper-body or arm-focused portion of a workout.","Biceps, Arms",3.0,Bodybuilding,168
850,Smith machine drag curl,"The Smith machine drag curl is a biceps-focused exercise using the bar in a Smith machine. It is usually trained in moderate to high reps, at least 8-15 reps per set, and can work in the biceps-focused portion of any workout.","Biceps, Arms",3.5,Bodybuilding,192
851,30 Arms BFR Machine Preacher Curl,The 30 Arms BFR machine preacher curl is a machine preacher curl with blood flow restriction.,"Biceps, Arms",3.0,Bodybuilding,216
852,Seated Biceps,This refers to general seated biceps exercises.,"Biceps, Arms",3.0,Bodybuilding,168
853,TBS Chin-Up,"The a chin-up is a variation of the pull-up exercise in which the reps are performed with the palms facing toward the body, in an underhand position, with a grip that is narrower than shoulder-width. Like other pull-up variations, it builds strength and muscle in the upper back, biceps, and core, but it utilizes the biceps slightly more than overhand pull-ups. It can be used as a more shoulder-friendly alternative to straight-bar pull-ups, or to help perform more reps than you can perform overhand.","Back, Lats, Biceps",6.0,"Calisthenics, Crossfit, Strength Training",168
854,Pull-up - Gethin Variation,"The pull-up is a multi-joint bodyweight exercise that builds strength and muscle in the upper back, biceps, and core. It is often used as a measurement tool in military or tactical fitness tests, and is an excellent gauge of “relative strength” which is strength in relation to bodyweight.","Back, Lats, Biceps",6.0,"Calisthenics, Crossfit, Military Training",168
855,UN Pull-Up Supinated,The UN pull-up supinated is a chin-up (supinated grip pull-up).,"Back, Lats, Biceps",6.0,"Calisthenics, Strength Training",168
856,UN Pull-Up Pronated,"The pull-up is a multi-joint bodyweight exercise that builds strength and muscle in the upper back, biceps, and core. The pronated grip refers to the palms facing away from the body.","Back, Lats, Biceps",6.0,"Calisthenics, Strength Training",168
857,UN Pull-Up Neutral,The UN pull-up neutral is a neutral grip pull-up.,"Back, Lats, Biceps",6.0,"Calisthenics, Rock Climbing, Strength Training",168
858,EZ-Bar Curl,"The standing EZ-bar curl is an immensely popular exercise targeting the biceps. It is commonly performed for moderate to high reps as part of an upper body or arms-focused workout. Many gyms even have EZ-bars at fixed weights, allowing for easy weight changes.","Biceps, Arms",3.5,"Bodybuilding, Strength Training",192
859,Reverse Barbell Preacher Curls,"The reverse-grip barbell curl is a variation on the biceps curl where the palms face downward. The switch from an underhand to an overhand grip brings the forearm and brachialis muscles more into the exercise. If it is uncomfortable to the wrists, try performing it on the angles of an EZ-curl bar.","Forearms, Biceps, Arms",3.0,"Arm Wrestling, Bodybuilding",192
860,Close-Grip EZ-Bar Curl with Band,The close-grip EZ-bar curl with band is a biceps curl with added band resistance.,"Biceps, Arms",3.8,Bodybuilding,192
861,Standing EZ-Bar Curl - Gethin Variation,"The standing EZ-bar curl is an immenselyp popular exercise targeting the biceps. It is commonly performed for moderate to high reps as part of an upper body or arms-focused workout. Many gyms even have EZ-bars at fixed weights, allowing for easy weight changes.","Biceps, Arms",3.5,Bodybuilding,192
862,TBS EZ-Bar Curl,"The standing EZ-bar curl is an immenselyp popular exercise targeting the biceps. It is commonly performed for moderate to high reps as part of an upper body or arms-focused workout. Many gyms even have EZ-bars at fixed weights, allowing for easy weight changes.","Biceps, Arms",3.5,Bodybuilding,192
863,Standing EZ-bar curl,"The standing EZ-bar curl is a popular exercise targeting the biceps. It is commonly performed for moderate to high reps as part of an upper-body or arm-focused workout. Many gyms even have EZ-bars at fixed weights, allowing for easy weight changes.","Biceps, Arms",3.5,"Bodybuilding, Strength Training",192
864,30 Arms Standing Overhand EZ-Bar Curl,The 30 Arms standing overhand EZ-bar curl is a reverse EZ-bar curl.,"Forearms, Biceps, Arms",3.5,"Arm Wrestling, Bodybuilding",192
865,30 Arms EZ-Bar Spider Curl,The 30 Arms EZ-bar spider curl is a biceps peak exercise.,"Biceps, Arms",3.5,Bodybuilding,192
866,30 Arms EZ-Bar Preacher Curl,The 30 Arms EZ-bar preacher curl is a biceps isolation exercise.,"Biceps, Arms",3.0,Bodybuilding,192
867,30 Arms Standing EZ-Bar Curl,The 30 Arms standing EZ-bar curl is a standard EZ-bar curl.,"Biceps, Arms",3.5,Bodybuilding,192
868,Calf Raises - With Bands,Calf raises with bands are a calf exercise with added resistance from a band.,Calves,2.8,"Home Workouts, Rehabilitation, Strength Training",120
869,Peroneals Stretch,The peroneals stretch is a stretch for the peroneal muscles on the outside of the lower leg.,Calves,1.5,"Mobility, Running",72
870,Posterior Tibialis Stretch,The posterior tibialis stretch is a stretch for the posterior tibialis muscle in the lower leg.,Calves,1.5,"Mobility, Running",72
871,Calf SMR,"Calf self-myofascial release (SMR) is a self-administered soft-tissue treatment for the lower body, usually using a foam roller, lacrosse ball, or other ""trigger point"" massage tool. By applying pressure strategically to the calf muscles of the lower leg, some people find they can cause this often painful and tight muscle to relax or ""release."" Calf SMR is often accompanied by SMR on the quadriceps muscles, or by stretches that target the calves.",Calves,2.0,"Mobility, Rehabilitation",84
872,Rocking Standing Calf Raise,The rocking standing calf raise is a calf raise with a rocking motion.,Calves,2.5,"Rehabilitation, Strength Training",96
873,Standing barbell calf raise,"The standing barbell calf raise is a popular exercise to target the calf muscles of the lower leg, particularly the gastrocnemius muscle. It can be performed for time or for reps, either using a barbell or Smith machine bar if balance is a problem.",Calves,3.5,"Bodybuilding, Strength Training",192
874,Barbell Seated Calf Raise,The barbell seated calf raise is a calf exercise performed while seated with a barbell on the knees.,Calves,3.0,"Bodybuilding, Strength Training",192
875,Smith machine standing calf raise,"The Smith machine standing calf raise is a machine-based exercise targeting the muscles of the calves, particularly the gastrocnemius or upper calf muscle. It is usually performed for moderate to high reps, such as 8-12 reps per set or more, as part of the lower-body portion of a workout.",Calves,3.0,Bodybuilding,168
876,Calf Raise On A Dumbbell,The calf raise on a dumbbell is a calf raise with the balls of the feet on a dumbbell.,Calves,3.0,"Home Workouts, Strength Training",168
877,Standing Dumbbell Calf Raise,"The standing dumbbell calf raise is a popular exercise to target the calf muscles of the lower leg, and in particular the gastrocnemius muscles. It can be performed for time or for reps, either two dumbbells, or one if balance is a problem and you would like to use your free hand to hold a fixed object.",Calves,3.0,"Bodybuilding, Strength Training",168
878,Single-leg standing dumbbell calf raise,"The single-leg standing dumbbell calf raise is a popular exercise to target the calf muscles of the lower leg, particularly the gastrocnemius muscle. It can be performed for time or for reps, either with two dumbbells or with one if balance is a problem and you would like to use your free hand to hold a fixed object.",Calves,3.0,"Bodybuilding, Strength Training",168
879,Dumbbell walking calf raise,"The dumbbell walking calf raise is a dynamic exercise targeting the calf muscles of the lower leg, particularly the gastrocnemius muscle. It can be performed for distance or for reps.",Calves,3.5,"Fitness, Strength Training",168
880,Balance Board,A balance board is a piece of equipment used to improve balance and stability.,"Calves, Abs",2.5,"Fitness, Rehabilitation, Skateboarding, Surfing",96
881,Weighted donkey calf raise,"The weighted donkey calk raise is a strength and muscle-building exercise focused on the muscles of the lower leg, most prominently the gastrocnemius muscle. While traditional donkey calf raises involved either a specific machine or carrying another person on one's back, this method uses a weight belt. It can be done in traditional muscle-building rep ranges, or for higher reps as part of lower-body training.",Calves,3.5,Bodybuilding,192
882,Anterior Tibialis-SMR,Anterior tibialis-SMR is self-myofascial release for the muscle on the front of the shin.,Calves,2.0,"Mobility, Rehabilitation, Running",84
883,Foot-SMR,Foot-SMR is self-myofascial release for the feet.,Calves,2.0,"Mobility, Rehabilitation, Running",84
884,Agility Ladder,An agility ladder is a piece of equipment used for agility drills.,"Full Body, Calves",8.0,"Basketball, Football, HIIT, Soccer",96
885,Single-leg machine seated calf raise,"The single-leg machine seated calf raise is an exercise targeting the calf muscles of the lower leg, particularly the soleus muscle. It is usually performed for moderate to high reps, such as 8-12 reps per set, but occasionally for higher reps of 20 per set or more.",Calves,2.5,Bodybuilding,168
886,Smith Machine Calf Raise,"The Smith machine standing calf raise is a machine-based exercise targeting the muscles of the calves, particularly the gastrocnemius or upper calf muscle. It is usually performed for moderate to high reps, such as 8-12 reps per set or more, as part of the lower-body portion of a workout.",Calves,3.0,Bodybuilding,168
887,Standing Calf Raises,"The standing calf raise is a popular movement to target the calf muscles of the lower leg, and in particular the gastrocnemius muscles. When unweighted, it is usually performed for high reps or for time.",Calves,2.5,Strength Training,96
888,Seated Calf Raise,"The machine seated calf raise is an exercise targeting the calf muscles of the lower leg, particularly the soleus muscle. It is usually performed for moderate to high reps, such as 8-12 reps per set, and occasionally for very high burnout-focused sets of 50-100 total reps.",Calves,2.5,Bodybuilding,168
889,Calf Press On The Leg Press Machine,"The leg press calf raise is an exercise that uses the leg press machine to work the calves. With the toes and balls of your feet on the platform but heels off, you push forward to work the calves.",Calves,3.0,Bodybuilding,168
890,Calf Press,"The standing calf raise is a popular movement to target the calf muscles of the lower leg, and in particular the gastrocnemius muscles. When unweighted, it is usually performed for high reps or for time.",Calves,2.5,Strength Training,96
891,Smith Machine Reverse Calf Raises,The Smith machine reverse calf raise is a calf exercise for the tibialis anterior.,Calves,2.5,"Bodybuilding, Rehabilitation",168
892,Seated Single-Leg Calf Press - Gethin Variation,"The single-leg machine seated calf raise is an exercise targeting the calf muscles of the lower leg, particularly the soleus muscle. It is usually performed for moderate to high reps, such as 8-12 reps per set, but occasionally for higher reps of 20 per set or more.",Calves,2.5,Bodybuilding,168
893,Seated Calf Raise - Gethin Variation,"The machine seated calf raise is an exercise targeting the calf muscles of the lower leg, particularly the soleus muscle. It is usually performed for moderate to high reps, such as 8-12 reps per set, and occasionally for very high burnout-focused sets of 50-100 total reps.",Calves,2.5,Bodybuilding,168
894,Donkey Calf Raise - Gethin Variation,"The donkey calk raise is a strength and muscle-building exercise focused on the muscles of the lower leg, most prominently the gastrocnemius muscle. While traditional donkey calf raises involved either a specific machine or carrying another person on one's back, this method uses a weight belt. It can be done in traditional muscle-building rep ranges, or for higher reps as part of lower-body training.",Calves,3.5,Bodybuilding,192
895,Standing Calf Raise Facing Hack Squat Machine - Gethin Variation,The reverse hack squat calf raise is a varation of the standing calf raise to target them in a different manner.,Calves,3.0,Bodybuilding,168
896,Calf Press On A Hack Squat Machine - Gethin Variation,The hack squat calf raise is a variation of the standing calf raise to target them in a different manner than seated or fully standing.,Calves,3.0,Bodybuilding,168
897,Smith Machine Standing Calf Raises - Gethin Variation,"The Smith machine standing calf raise is a machine-based exercise targeting the muscles of the calves, particularly the gastrocnemius or upper calf muscle. It is usually performed for moderate to high reps, such as 8-12 reps per set or more, as part of the lower-body portion of a workout.",Calves,3.0,Bodybuilding,168
898,Hack squat calf raise,"The hack squat calf raise is a variation of the standing calf raise performed in a hack squat machine. This allows for heavy loading, but also shoulder comfort from the pads of the hack squat. Calf raise variations are often performed for relatively high reps, such as 10-20 reps per set or more.",Calves,3.0,Bodybuilding,168
899,Seated Calf Press - Gethin Variation,"The machine seated calf raise is an exercise targeting the calf muscles of the lower leg, particularly the soleus muscle. It is usually performed for moderate to high reps, such as 8-12 reps per set, and occasionally for very high burnout-focused sets of 50-100 total reps.",Calves,2.5,Bodybuilding,168
900,Leg press calf raise,"The leg press calf raise is a variation of the standing calf raise performed in a leg press machine. This allows for heavy loading, but also shoulder comfort from the pads of the leg press. Calf raise variations are often performed for relatively high reps, such as 10-20 reps per set or more.",Calves,3.0,Bodybuilding,168
901,Machine seated calf raise,"The machine seated calf raise is an exercise targeting the calf muscles of the lower leg, particularly the soleus muscle. It is usually performed for moderate to high reps, such as 8-12 reps per set, and occasionally for very high burnout-focused sets of 50-100 total reps.",Calves,2.5,Bodybuilding,168
902,30 Legs Seated Calf Raise,The 30 Legs seated calf raise is a standard seated calf raise.,Calves,2.5,Bodybuilding,168
903,30 Legs Standing Calf Raise,The 30 Legs standing calf raise is a standard standing calf raise.,Calves,3.0,Bodybuilding,168
904,Peroneals-SMR,Peroneals-SMR is self-myofascial release for the peroneal muscles.,Calves,2.0,"Mobility, Rehabilitation, Running",84
905,Knee Circles,Knee circles are a mobility exercise for the knees.,Legs,1.5,Mobility,72
906,Standing Gastrocnemius Calf Stretch,The standing gastrocnemius calf stretch is a stretch for the larger calf muscle.,Calves,1.5,Mobility,72
907,Wall calf stretch,The wall calf stretch is a stretch targeting the calf muscles. This is a simple way to stretch these often-tight muscles without any equipment needed.,Calves,1.5,Mobility,72
908,Seated Calf Stretch,The seated calf stretch is a stretch for the calf muscles.,Calves,1.5,Mobility,72
909,Standing Calf Raise,"The standing calf raise is a popular movement to target the calf muscles of the lower leg, and in particular the gastrocnemius muscles. When unweighted, it is usually performed for high reps or for time.",Calves,2.5,Strength Training,96
910,Standing calf raise-,"The standing calf raise is a popular movement to target the calf muscles of the lower leg, particularly the gastrocnemius muscle. When unweighted, it is usually performed for high reps or for time.",Calves,2.5,Strength Training,96
911,HM Left Calf-Spike Sumo Pulse,The HM left calf-spike sumo pulse is a sumo squat with a focus on the left calf.,"Calves, Legs",4.2,"Barre, Pilates",120
912,Ankle Circles,Ankle circles are a mobility exercise for the ankles.,Calves,1.5,Mobility,72
913,Calf Stretch Elbows Against Wall,The calf stretch with elbows against the wall is a variation of the standing calf stretch.,Calves,1.5,Mobility,72
914,Standing Soleus And Achilles Stretch,The standing soleus and Achilles stretch is a stretch for the deeper calf muscle and Achilles tendon.,Calves,1.5,"Mobility, Running",72
915,Cross Over - With Bands,The cross over with bands is likely a chest or back exercise with resistance bands.,"Chest, Back",3.5,"Home Workouts, Strength Training",144
916,Bench Press - With Bands,The bench press with bands is a bench press with added band resistance.,"Chest, Triceps, Shoulders",6.0,Strength Training,192
917,Bench Press With Short Bands,The bench press with short bands is a variation of the banded bench press.,"Chest, Triceps, Shoulders",6.0,Strength Training,192
918,Feet-Elevated TRX Push-Up,The feet-elevated TRX push-up is a challenging push-up with feet in a suspension trainer.,"Chest, Triceps, Shoulders, Abs",6.0,"Calisthenics, Suspension Training",168
919,Band-suspended kettlebell bench press,"The band-suspended kettlebell bench press is a bench press variation where kettlebells or weight plates are hung from the ends of a barbell by looped bands. The suspended weights can be in addition to normally loaded weight plates, or in the place of them. Because the instability of the weights makes the lift difficult, this bench press variety is a popular accessory movement for building the traditional bench press in powerlifting training.","Chest, Triceps, Shoulders, Abs",6.5,"Fitness, Strength Training",192
920,HM Banded Cross-Over Pull,The HM banded cross-over pull is a back or chest exercise with a resistance band.,"Chest, Back",3.5,Home Workouts,144
921,Rusin Band Pull-Apart,The Rusin band pull-apart is a shoulder health exercise.,"Shoulders, Back",2.5,"Mobility, Rehabilitation, Strength Training",96
922,UNS Banded Push-Up,The UNS banded push-up is a push-up with band resistance.,"Chest, Triceps, Shoulders",5.0,"Calisthenics, Strength Training",144
923,Taylor Band-Assisted One-Arm Push-Up,The Taylor band-assisted one-arm push-up is a progression towards a one-arm push-up.,"Chest, Triceps, Shoulders, Obliques",6.0,Calisthenics,192
924,Incline band bench press,"The incline band bench press is variation of the incline press, a popular upper-body exercise targeting the upper pectoral muscles. While it can be a strength-focused movement, it is usually performed for moderate to high reps, such as 8-12 reps per set or more, as part of upper-body or chest-focused training.","Chest, Triceps, Shoulders",5.5,"Home Workouts, Strength Training",144
925,Band push-up,"The band push-up is a progression of the popular bodyweight version of the exercise commonly used in military and tactical physical fitness tests. Adding the dynamic resistance of the band matches the strength curve of the push-up and helps build upper-body muscle and strength, emphasizing the chest, triceps, and shoulders, but also working the upper back and core.","Chest, Triceps, Shoulders",5.0,"Calisthenics, Strength Training",144
926,Band chest fly,"Similar to the cable chest fly, the band chest fly is a single-joint movement that works the pectoral muscles. The fly is common in upper-body and chest-focused muscle-building workouts, and the band variation works well as a pre-exhaust at the beginning of a workout or a finishing movement at the end. It is often used in combination with other presses or flyes to target the chest from different angles.",Chest,3.5,"Bodybuilding, Home Workouts",144
927,Close-grip bench press,"The close-grip bench press is a popular exercise targeting the triceps and chest. The main difference between this exercise and the standard bench press is that the hands and elbows are placed closer together, which places more of an emphasis on the triceps. The close-grip bench press is often used as an accessory movement for the traditional bench press, or as a triceps builder for arm training. Similar to the bench press, it can be trained in low reps for strength or higher reps for muscle or strength endurance.","Triceps, Chest, Shoulders",5.0,"Bodybuilding, Strength Training",192
928,Barbell Bench Press - Medium Grip,"The bench press is a compound exercise that builds strength and muscle in the chest and triceps. When many people think of listing, the bench press is often the first exercise that comes to mind","Chest, Triceps, Shoulders",5.0,"Bodybuilding, Strength Training",192
929,Decline barbell bench press,"The decline barbell bench press is a popular upper-body exercise targeting the lower pectoral muscles. While it can be a strength-focused movement, it is usually performed for moderate to high reps, such as 8-12 reps per set or more, as part of upper-body or chest-focused training.","Chest, Triceps, Shoulders",5.0,"Bodybuilding, Strength Training",192
930,Wide-grip bench press,"The wide-grip bench press is a compound exercise targeting the chest and, to a lesser extent, the triceps. The main difference between this exercise and the standard bench press is that the hands are placed farther apart on the bar. Many lifters find they can handle more weight going wide than with narrower grips, although it's also worth noting that plenty of banged-up lifters have said benching with a wide grip may also have contributed to their shoulder injuries and pain. The wide-grip bench is often used as a chest-building movement in chest or upper-body workouts, or as an accessory movement for the traditional bench press.","Chest, Triceps, Shoulders",5.0,"Bodybuilding, Strength Training",192
931,Wide-Grip Decline Barbell Bench Press,The wide-grip decline barbell bench press is a chest exercise that targets the lower pecs.,"Chest, Triceps, Shoulders",5.0,"Bodybuilding, Strength Training",192
932,Barbell Incline Bench Press Medium-Grip,The incline bench press is an upper body compound movement that targets the upper chest.,"Chest, Triceps, Shoulders",5.0,"Bodybuilding, Strength Training",192
933,Neck Press,"The neck press, or guillotine press, is a bench press variation that brings the bar to the neck.",Chest,5.0,Bodybuilding,192
934,Front Raise And Pullover,The front raise and pullover is a combination exercise for the shoulders and back.,"Shoulders, Lats, Chest, Back",4.0,Bodybuilding,168
935,Board bench press,"The board bench press is an upper-body exercise that is commonly performed as an assistance movement for the bench press. It targets the same muscles as the bench press, including the chest and shoulders, but really focuses on the triceps. Because you can load it more heavily than a full bench press, it allows you to overload the triceps and lock out of the bench press.","Triceps, Chest, Shoulders",6.0,Strength Training,192
936,Barbell Bench Press-Wide Grip,"The wide-grip bench pressis a compound exercise targeting the chest, primarily. The main difference between this exercise and the standard bench press is that the hands are placed wider apart on the bar.","Chest, Triceps, Shoulders",5.0,"Bodybuilding, Strength Training",192
937,Wide-Grip Decline Barbell Pullover,The wide-grip decline barbell pullover is an exercise for the chest and lats.,"Chest, Lats, Back",4.5,Bodybuilding,192
938,Barbell Guillotine Bench Press,The barbell guillotine bench press is a bench press variation that brings the bar to the neck.,Chest,5.0,Bodybuilding,192
939,Band-suspended kettlebell bench press,"The band-suspended kettlebell bench press is a bench press variation where kettlebells or weight plates are hung from the ends of a barbell by looped bands. The suspended weights can be in addition to normally loaded weight plates, or in the place of them. Because the instability of the weights makes the lift difficult, this bench press variety is a popular accessory movement for building the traditional bench press in powerlifting training.","Chest, Triceps, Shoulders, Abs",6.5,Strength Training,192
940,Paul Carter Incline Bench Press,The incline bench press is an upper body compound movement that targets the upper chest.,"Chest, Triceps, Shoulders",5.0,Bodybuilding,192
941,Incline bench press,"The incline bench press is a popular barbell exercise targeting the chest muscles, particularly the upper pectoral muscles. While it can be a strength-focused movement, it is usually performed for moderate to high reps, such as 8-12 reps per set or more, as part of upper-body or chest-focused training.","Chest, Triceps, Shoulders",5.0,"Bodybuilding, Strength Training",192
942,Bench press,"The bench press is a popular barbell exercise that builds strength and muscle in the chest, triceps, and shoulders. It is a popular way to measure overall upper-body strength, and is contested in the sport of powerlifting. When many people think of lifting, the bench press is often the first exercise that comes to mind. It can be performed for low reps for strength, higher reps for muscle, or for higher reps to build or measure strength endurance, like in the 225-pound bench press rep test in the NFL combine.","Chest, Triceps, Shoulders",5.0,"American Football, Bodybuilding, Strength Training",192
943,TBS Close-Grip Bench Press,The close-grip bench pressis a compound exercise targeting the triceps and chest. The main difference between this exercise and the standard bench press is that the hands and elbows are placed closer together.,"Triceps, Chest, Shoulders",5.0,"Bodybuilding, Strength Training",192
944,AM Flat Bench Barbell Press,"The bench press is a compound exercise that builds strength and muscle in the chest and triceps. When many people think of listing, the bench press is often the first exercise that comes to mind",Chest,5.0,Strength Training,192
945,UP Bench Press,"The bench press is a compound exercise that builds strength and muscle in the chest and triceps. When many people think of listing, the bench press is often the first exercise that comes to mind",Chest,5.0,Strength Training,192
946,UP Close-Grip Bench Press,The close-grip bench pressis a compound exercise targeting the triceps and chest. The main difference between this exercise and the standard bench press is that the hands and elbows are placed closer together.,"Triceps, Chest, Shoulders",5.0,Strength Training,192
947,King Maker Barbell Bench Press,"The bench press is a compound exercise that builds strength and muscle in the chest and triceps. When many people think of listing, the bench press is often the first exercise that comes to mind",Chest,5.0,Strength Training,192
948,King Maker Incline Barbell Bench Press,The incline bench press is an upper body compound movement that targets the upper chest.,"Chest, Triceps, Shoulders",5.0,Strength Training,192
949,30 Chest Incline Barbell Bench Press,The 30 Chest incline barbell bench press is a standard incline bench press.,"Chest, Triceps, Shoulders",5.0,Bodybuilding,192
950,30 Chest Barbell Bench Press,The 30 Chest barbell bench press is a standard bench press.,"Chest, Triceps, Shoulders",5.0,Bodybuilding,192
951,30 Chest 30-Degree Incline Dumbbell Press,The 30 Chest 30-degree incline dumbbell press is a dumbbell press on a 30-degree incline.,"Chest, Triceps, Shoulders",4.5,Bodybuilding,168
952,Spoto press,"The Spoto press is a variation of the popular barbell exercise the bench press that builds strength and muscle in the chest, triceps, and shoulders. It differs from the bench press in that the lifter pauses for a few seconds at the bottom of the movement before pressing the bar back up. This pause removes all momentum and increases the time under tension for the chest and shoulder muscles to help develop upper-body musculature and strength.","Chest, Triceps, Shoulders",5.5,Strength Training,192
953,Kettlebell plyo push-up,"The kettlebell plyo push-up is an explosive upper-body movement that uses a kettlebell primarily as a platform for the hands. A short step, dumbbell, or other stationary object could also be used in place of the kettlebell. It can be performed for reps or time, either for low reps to build explosive power or for higher reps for conditioning.","Chest, Triceps, Shoulders",8.0,"Fitness, Plyometrics",168
954,Extended Range One-Arm Kettlebell Floor Press,The extended range one-arm kettlebell floor press is a chest exercise with an increased range of motion.,"Chest, Triceps, Shoulders, Obliques",4.5,"Fitness, Kettlebell Training",168
955,Kettlebell alternating floor press,"The kettlebell alternating floor press limits the range of motion you would achieve with a dumbbell or kettlebell bench press, but still targets the chest, triceps, and anterior delts. This allows you to build strength in the top portion of the lift, overload the triceps, and work on strengthening the shoulder stabilizers.","Chest, Triceps, Shoulders",4.5,"Fitness, Kettlebell Training",168
956,One-Arm Kettlebell Floor Press,The one-arm kettlebell floor press is a unilateral chest exercise.,"Chest, Triceps, Shoulders, Obliques",4.5,"Fitness, Kettlebell Training",168
957,Leg-Over Floor Press,The leg-over floor press is a floor press variation.,"Chest, Triceps, Shoulders, Abs",5.0,Fitness,168
958,Band-suspended kettlebell bench press,"The band-suspended kettlebell bench press is a bench press variation where kettlebells or weight plates are hung from the ends of a barbell by looped bands. The suspended weights can be in addition to normally loaded weight plates, or in the place of them. Because the instability of the weights makes the lift difficult, this bench press variety is a popular accessory movement for building the traditional bench press in powerlifting training.","Chest, Triceps, Shoulders, Abs",6.5,Strength Training,192
959,FYR2 Push-Up to Kettlebell Hike Combo,The FYR2 push-up to kettlebell hike combo is a compound exercise for the chest and posterior chain.,"Chest, Triceps, Hamstrings, Glutes, Full Body",8.0,"Fitness, HIIT, Kettlebell Training",168
960,Pushups,"The push-up is a popular bodyweight exercise that is commonly used in military and tactical physical fitness tests. It’s a classic movement to build upper-body muscle and strength, emphasizing the chest, triceps, and shoulders, but also working the upper back and core.","Chest, Triceps, Shoulders, Abs",3.8,"Calisthenics, Fitness, Military Training",120
961,Incline Push-Up,"The hands-elevated push-up is a variation on the push-up, a body-weight standard. The hands are elevated, so that your body is aligned at an angle to the floor rather than parallel.","Chest, Triceps, Shoulders",3.0,"Beginners, Fitness",96
962,Hands-elevated push-up,"The hands-elevated push-up is a variation on the classic push-up where the hands are placed on a bench or other elevated surface. Having the hands higher than the feet makes it easier than push-ups on the floor, but also puts the emphasis more on the triceps. It can be used as a substitute for floor push-ups or as a mechanical dropset after maxing out on floor push-ups.","Chest, Triceps, Shoulders",3.0,"Beginners, Rehabilitation",96
963,Decline Push-Up,"The feet-elevated push-up is a variation on the push-up, a body-weight standard. The feet are elevated, so that your body is aligned at an angle to the floor rather than parallel.","Chest, Triceps, Shoulders",4.5,"Calisthenics, Strength Training",144
964,Single-Arm Push-Up,The single-arm push-up is an advanced push-up variation.,"Chest, Triceps, Shoulders, Obliques, Abs",8.0,Calisthenics,192
965,Close push-up to wide push-up,"The close push-up to wide push-up combines two variations of a push-up to emphasize the strengthening of different muscles. The close push-up emphasizes the triceps, while the wide push-up emphasizes the chest and shoulders.","Chest, Triceps, Shoulders",4.5,"Calisthenics, Circuit Training",144
966,Wide-grip hands-elevated push-up,"The wide-grip hands-elevated push-up is a variation on the elevated push-up performed with the hands farther apart than with a standard push-up. Having the hands higher than the feet makes it easier than wide-grip push-ups on the floor, but the extra width also puts more emphasis on the chest muscles. It can be used as a substitute for wide-grip floor push-ups, or as a mechanical dropset after maxing out on floor push-ups.","Chest, Shoulders",3.0,"Beginners, Fitness",96
967,Push-Ups With Feet On An Exercise Ball,The push-up with feet on an exercise ball is a challenging push-up that requires more core stability.,"Chest, Triceps, Shoulders, Abs",5.0,"Calisthenics, Fitness",144
968,Feet-elevated push-up,"The feet-elevated push-up is a variation on the push-up, a bodyweight standard. The feet are elevated so that your body is aligned at an angle to the floor rather than parallel. This makes it more difficult than push-ups on the floor, but also puts more emphasis on the shoulder muscles. It is often used as a bodyweight substitute for incline presses, or as a burnout movement for a chest or shoulder workout.","Chest, Shoulders, Triceps",4.5,"Calisthenics, Strength Training",144
969,Isometric Wipers,The typewriter push-up is an advanced push-up variation where the hands are extra wide and you lower toward each hand in alternating reps. It is more challenging to each working arm than traditional push-ups and also stretches and challenges the chest.,"Chest, Shoulders, Triceps, Abs",5.5,Calisthenics,168
970,Clock push-up,"The clock push-up is a series of regular push-ups performed one at a time, moving your hands one step to the side between each one until you've completed a full circle. It targets the same muscles as traditional push-ups, such as the chest, triceps, and shoulders, but adds an endurance and core challenge to traditional push-ups.","Chest, Triceps, Shoulders, Abs",6.0,"Calisthenics, Circuit Training",144
971,Incline Push-Up Depth Jump,The incline push-up depth jump is a plyometric push-up.,"Chest, Triceps, Shoulders",7.5,"Plyometrics, Sports Performance",168
972,Push-Up Wide,"The wide push-up is a variation of the push-up with the hands wider than shoulder-width apart. It targets upper-body muscle groups including the chest, shoulders, and triceps, but has more of a chest emphasis than narrower-grip push-up variations. If wide push-ups lead to pain in the front of your shoulder, opt for a narrower version.","Chest, Shoulders, Triceps",3.8,"Calisthenics, Fitness",120
973,Sphinx push-up,"The sphinx push-up is a difficult variation of the push-up that ends with the forearms on the ground in front of the body, rather than with the chest on the ground. It puts more stress on the triceps than traditional push-ups. It can be performed for time or reps in any bodyweight workout or during any arms-focused portion of a workout.","Triceps, Chest, Shoulders",5.0,"Calisthenics, Yoga",144
974,Close-Hands Push-Up,"The close push-up is an upper-body exercise that targets the chest, triceps, and shoulders. The close hand position places more emphasis on the triceps.","Triceps, Chest, Shoulders",4.0,"Calisthenics, Strength Training",120
975,Tiger-bend push-up,The tiger-bend push-up is an advanced push-up variation where you shift onto your forearms at the bottom position and then back onto your hands and up again. It targets the triceps far more than regular push-ups.,"Triceps, Shoulders, Chest",6.0,"Calisthenics, Martial Arts",168
976,Plyo push-up,"The plyo push-up is a bodyweight exercise aimed at increasing upper-body power and strength. It targets the muscles of the chest, triceps, and shoulders, and can be trained in low reps for power and strength, or higher reps for conditioning.","Chest, Triceps, Shoulders",8.0,"Calisthenics, Plyometrics, Sports Performance",168
977,Close-grip hands-elevated push-up,"The close-grip hands-elevated push-up is a variation on the classic push-up where the hands are placed on a bench or other elevated surface. Having the hands higher than the feet makes it easier than close-grip push-ups on the floor, but also puts the emphasis more on the triceps. It can be used as a substitute for floor push-ups or close-grip push-ups, or as a mechanical dropset after maxing out on floor push-ups.","Triceps, Chest, Shoulders",3.0,"Beginners, Fitness",96
978,Suspended push-up,"The suspended push-up is a bodyweight pushing exercise performed on a suspension strap system or gymnastic rings. It targets the chest, shoulders, and triceps, but is also challenging to the core and upper back. It can work in traditional strength and muscle-building rep ranges or for higher reps.","Chest, Triceps, Shoulders, Abs",5.5,"Calisthenics, Suspension Training",168
979,Push Up to Side Plank,"The push-up to side plank is an upper-body and core-focused exercise combining two popular bodyweight movements. It targets the chest, triceps, and shoulders with the push-up, and the obliques and hip external rotator muscles with the side plank. It can be performed as part of a dynamic warm-up or any bodyweight strength-training workout.","Chest, Triceps, Shoulders, Obliques",5.0,"Calisthenics, Fitness, Yoga",144
980,Isometric Chest Squeezes,Isometric chest squeezes are an exercise where you press your hands together to create tension in the chest.,Chest,2.0,"Bodybuilding, Rehabilitation",96
981,Side-to-side push-up,The side-to-side push-up is a variation of the push-up exercise where you side-step the opposite hand and foot and perform a push-up.,"Chest, Triceps, Shoulders",4.5,"Calisthenics, Fitness",144
982,Typewriter push-up,The typewriter push-up is an advanced push-up variation where the hands are extra wide and you lower toward each hand in alternating reps. It is more challenging to each working arm than traditional push-ups and also stretches and challenges the chest.,"Chest, Triceps, Shoulders",5.5,Calisthenics,168
983,Diamond push-up,"The diamond push-up is an advanced variation of the push-up exercise performed with the hands in a diamond shape. It increases the challenge to the triceps, but also targets the chest and shoulders.","Triceps, Chest, Shoulders",4.5,"Calisthenics, Military Training",144
984,Judo push-up,"The judo push-up is an advanced push-up variation that blends elements of the yoga poses downward- and upward-facing dog. This movement increases the demands on the shoulders, but also has mobility benefits. It can work in a dynamic warm-up or mobility-focused workout, but also in bodyweight strength training.","Shoulders, Chest, Triceps",5.0,"Calisthenics, Martial Arts, Yoga",144
985,Superman Push-Up,The superman push-up is an explosive push-up where your body leaves the ground.,"Chest, Triceps, Shoulders, Full Body",8.5,"Calisthenics, Plyometrics",192
986,Wide push-up,"The wide push-up is a variation of the push-up with the hands wider than shoulder-width apart. It targets upper-body muscle groups including the chest, shoulders, and triceps, but has more of a chest emphasis than narrower-grip push-up variations. If wide push-ups lead to pain in the front of your shoulder, opt for a narrower version.","Chest, Shoulders",3.8,"Calisthenics, Fitness",120
987,One-Arm Push-Up,The one-arm push-up is an advanced push-up.,"Chest, Triceps, Shoulders, Obliques, Abs",8.0,Calisthenics,192
988,Clapping Push-Up,"Also known as a plyo push-up, the clapping push-up is a bodyweight exercise aimed at increasing upper-body power and strength. It targets the muscles of the chest, triceps, and shoulders, and can be trained in low reps for power and strength, or higher reps for conditioning.","Chest, Triceps, Shoulders",8.0,"Calisthenics, Plyometrics, Sports Performance",168
989,Staggered push-up,"The staggered push-up is a variation of the push-up exercise where your hand position is staggered, with one hand forward and one back. It targets the same muscles as a traditional push-up, including the chest, triceps, and shoulders, but is more difficult to the rear arm and core.","Chest, Triceps, Shoulders, Abs",4.5,"Calisthenics, Fitness",144
990,Reverse-grip hands-elevated push-up,"The reverse-grip hands-elevated push-up is a bodyweight exercise performed on a Smith machine or other elevated surface. It targets the chest, triceps, and shoulders. It can work as a regression of floor reverse-grip push-ups, or in a progressive mechanical dropset moving the bar up once you reach failure at a lower height.","Chest, Triceps",3.5,Strength Training,144
991,Triple Clap Push-Up,The triple clap push-up is a highly advanced plyometric push-up.,"Chest, Triceps, Shoulders",9.0,"Calisthenics, Plyometrics",192
992,Side kick-through push-up,"The side kick-through push-up is a full-body movement that begins in a bear crawl position and ends with a leg kicked out to the side, with a push-up performed between kick-throughs. It is commonly performed for reps or timed bodyweight circuits and animal-style flows, but can also work on its own or as part of a dynamic warm-up or mobility sequence.","Full Body, Chest, Obliques, Triceps",8.0,"Animal Flow, Fitness",168
993,Swimming,Swimming is a full-body cardiovascular exercise.,Full Body,7.0,"Cardio, Swimming, Triathlon",48
994,FYR Push-Up,"The push-up is a popular bodyweight exercise that is commonly used in military and tactical physical fitness tests. It’s a classic movement to build upper-body muscle and strength, emphasizing the chest, triceps, and shoulders, but also working the upper back and core.","Chest, Triceps, Shoulders, Abs",3.8,"Calisthenics, Fitness",120
995,Frog push-up,"The frog push-up is an advanced push-up variation that is performed with the legs bent and butt in the air. It heavily targets the triceps and shoulders, but is also quite challenging to the core.","Triceps, Shoulders, Chest",5.5,"Calisthenics, Fitness",168
996,Wide push-up plank hold,"The wide push-up plank hold is a full-body exercise targeting the core. Because the arms aren't directly under the body, it can be more difficult than traditional push-up planks, especially for the upper back and chest, but also for the core.","Abs, Chest, Back",3.5,Calisthenics,120
997,Close push-up,"The close push-up is an upper-body exercise that targets the chest, triceps, and shoulders. The close hand position places more emphasis on the triceps.","Triceps, Chest, Shoulders",4.0,"Calisthenics, Strength Training",120
998,Push-Up - Gethin Variation,"The push-up is a popular bodyweight exercise that is commonly used in military and tactical physical fitness tests. It’s a classic movement to build upper-body muscle and strength, emphasizing the chest, triceps, and shoulders, but also working the upper back and core.","Chest, Triceps, Shoulders, Abs",3.8,Calisthenics,120
999,HM Incline Push-Up On Chair,The HM incline push-up on a chair is an incline push-up using a chair.,"Chest, Triceps, Shoulders",3.0,"Beginners, Home Workouts",96
1000,HM Push-Up,The HM push-up is a standard push-up.,"Chest, Triceps, Shoulders",3.8,Calisthenics,120
1001,HM Push-Plank,The HM push-plank is a dynamic plank exercise.,"Abs, Shoulders",4.5,Fitness,120
1002,AM Chest Dips,The chest dip is a chest-building exercise in which the lifter hangs between two parallel handles. Leaning the torso slightly forward shifts the emphasis from the triceps to the chest.,"Chest, Triceps, Shoulders",5.0,"Bodybuilding, Calisthenics",168
1003,Push-up,"The push-up is a popular bodyweight exercise that is commonly used in military and tactical physical fitness tests. It’s a classic movement to build upper-body muscle and strength, emphasizing the chest, triceps, and shoulders, but also working the upper back and core.","Chest, Triceps, Shoulders, Abs",3.8,"Calisthenics, Fitness",120
1004,UP Push-up,"The push-up is a popular bodyweight exercise that is commonly used in military and tactical physical fitness tests. It’s a classic movement to build upper-body muscle and strength, emphasizing the chest, triceps, and shoulders, but also working the upper back and core.","Chest, Triceps, Shoulders, Abs",3.8,Calisthenics,120
1005,UN Push-Up,The UN push-up is a standard push-up.,"Chest, Triceps, Shoulders",3.8,Calisthenics,120
1006,UNS Foam Roll Pecs,The UNS foam roll pecs is self-myofascial release for the chest muscles.,Chest,2.0,"Mobility, Rehabilitation",84
1007,UN Hands Elevated Push-Up,The UN hands elevated push-up is an incline push-up.,"Chest, Triceps, Shoulders",3.0,Beginners,96
1008,Holman Seal Drag to Push-Up,The Holman seal drag to push-up is a dynamic exercise that combines a drag with a push-up.,"Full Body, Chest, Triceps, Back",6.5,"Fitness, Military Training",168
1009,Holman Hand-Elevated Push-Up with Hand Row,The Holman hand-elevated push-up with hand row is a compound exercise.,"Chest, Back, Triceps, Shoulders",6.0,"Circuit Training, Fitness",168
1010,Holman Push-Up,The Holman push-up is a standard push-up.,"Chest, Triceps, Shoulders",3.8,Calisthenics,120
1011,Holman Slow Hips-Up Chest Press,"The Holman slow hips-up chest press is a chest press with hips elevated, performed slowly.","Chest, Glutes, Triceps",4.5,Fitness,168
1012,Holman Jump-Out Push-Up with Hand Hop Back,The Holman jump-out push-up with hand hop back is a plyometric push-up.,"Chest, Triceps, Shoulders",8.0,"Calisthenics, Plyometrics",168
1013,Holman Froggy Push-Up to Donkey Kick,The Holman froggy push-up to donkey kick is a compound bodyweight exercise.,"Full Body, Chest, Glutes, Shoulders",7.0,"Animal Flow, Fitness",168
1014,Holman Push-Up to Sit Back,The Holman push-up to sit back is a push-up with a sit-back motion to stretch the lats.,"Chest, Triceps, Shoulders, Lats",4.5,"Fitness, Yoga",120
1015,Holman Sit Back Push-Up,The Holman sit back push-up is a push-up with a sit-back motion.,"Chest, Triceps, Shoulders, Lats",4.5,Fitness,120
1016,Holman Alternating Staggered Push-Up,The Holman alternating staggered push-up is a push-up with hands in a staggered stance.,"Chest, Triceps, Shoulders, Abs",4.5,Calisthenics,144
1017,Holman Foot-Up Diving Push-Up,The Holman foot-up diving push-up is a dive bomber push-up with one foot up.,"Shoulders, Chest, Triceps",5.5,Calisthenics,168
1018,Holman Narrow Push-Up,The Holman narrow push-up is a close-grip push-up.,"Triceps, Chest",4.0,Calisthenics,120
1019,Holman Dynamo Push-Up,The Holman dynamo push-up is likely a dynamic or explosive push-up.,"Chest, Triceps, Shoulders",7.5,Plyometrics,168
1020,Holman Jump to Push-Up,The Holman jump to push-up is a plyometric exercise.,"Full Body, Chest, Triceps",8.5,"HIIT, Plyometrics",168
1021,Holman Foot-Elevated Push-Up,The Holman foot-elevated push-up is a decline push-up.,"Chest, Shoulders, Triceps",4.5,Calisthenics,144
1022,Holman Feet-Elevated Push-Up,The Holman feet-elevated push-up is a decline push-up.,"Chest, Shoulders, Triceps",4.5,Calisthenics,144
1023,Total Fitness Plyo Push-Up,"The plyo push-up is a bodyweight exercise aimed at increasing upper-body power and strength. It targets the muscles of the chest, triceps, and shoulders, and can be trained in low reps for power and strength, or higher reps for conditioning.","Chest, Triceps, Shoulders",8.0,"Calisthenics, Plyometrics",168
1024,Scapular push-up,"The scapular push-up is an upper-body exercise aimed at increasing the stability of the scapulae and mobility in the shoulders. It is often performed as part of a dynamic warm-up before an upper-body workout, or as part of a mobility session.","Back, Shoulders",2.5,"Mobility, Rehabilitation",96
1025,King Maker Push-up,"The push-up is a popular bodyweight exercise that is commonly used in military and tactical physical fitness tests. It’s a classic movement to build upper-body muscle and strength, emphasizing the chest, triceps, and shoulders, but also working the upper back and core.","Chest, Triceps, Shoulders, Abs",3.8,Fitness,120
1026,Warrior push-up,"The warrior push-up is a series of push-up and plank variations combined into a single sequence. They include a Judo push-up, plank, side plank, mountain climber, diamond push-up, and regular push-up. Done together, they tax the upper-body muscles from different angles and increase time under tension for the entire body.","Full Body, Chest, Triceps, Shoulders, Abs",7.0,"Calisthenics, Fitness, Yoga",168
1027,Taylor Roll-Over Push-Up,The Taylor roll-over push-up is a push-up that involves rolling over to the other side.,"Chest, Triceps, Shoulders, Obliques",5.5,Fitness,144
1028,Taylor One-Arm Push-Up Slow Negative,The Taylor one-arm push-up slow negative is a progression for the one-arm push-up.,"Chest, Triceps, Shoulders, Obliques, Abs",6.0,Calisthenics,192
1029,30 Chest Push-Up To Isometric Hold,The 30 Chest push-up to isometric hold is a push-up with a hold at the bottom.,"Chest, Triceps, Shoulders, Abs",4.2,Calisthenics,120
1030,30 Chest Push-Up,The 30 Chest push-up is a standard push-up.,"Chest, Triceps, Shoulders",3.8,Calisthenics,120
1031,30 Chest Bench Push-Up,The 30 Chest bench push-up is an incline push-up.,"Chest, Triceps, Shoulders",3.0,Beginners,96
1032,MetaBurn 3-Phase Push-Up,The MetaBurn 3-phase push-up is a push-up broken down into three phases.,Chest,4.5,Strength Training,144
1033,MetaBurn Fast Feet To Push-Up,The MetaBurn fast feet to push-up is a conditioning exercise.,"Full Body, Chest, Triceps, Shoulders",9.0,"Cardio, HIIT",168
1034,MetaBurn Judo Push-Up To Pike Push-Up,The MetaBurn judo push-up to pike push-up is a compound push-up.,"Shoulders, Chest, Triceps",5.5,"Calisthenics, Fitness",144
1035,MetaBurn Pike Push-Up,The MetaBurn pike push-up is a push-up that targets the shoulders.,"Shoulders, Triceps",4.5,"Calisthenics, Gymnastics",144
1036,MetaBurn Push-Up To Frogger,The MetaBurn push-up to frogger is a compound bodyweight exercise.,"Full Body, Chest, Legs, Abs",8.5,"Fitness, HIIT",168
1037,MetaBurn Push-Up With Hand Side-Step,The MetaBurn push-up with hand side-step is a push-up with lateral movement.,"Chest, Triceps, Shoulders, Abs",4.5,"Calisthenics, Fitness",144
1038,MetaBurn Push-Up With Hand-Up Rotation,The MetaBurn push-up with hand-up rotation is a push-up with a T-rotation.,"Chest, Triceps, Shoulders, Obliques",5.0,"Fitness, Yoga",144
1039,MetaBurn Sphinx Push-Up,The MetaBurn sphinx push-up is a push-up from the forearms.,"Triceps, Shoulders, Chest",5.0,Calisthenics,144
1040,MetaBurn Spiderman Push-Up,The MetaBurn spiderman push-up is a push-up where you bring your knee to your elbow.,"Chest, Triceps, Shoulders, Obliques, Hip Flexors",4.8,"Calisthenics, Fitness",144
1041,Roberston Push-up to Down Dog,The Roberston push-up to down dog is a push-up that flows into a downward dog stretch.,"Chest, Triceps, Shoulders, Hamstrings, Full Body",4.5,"Fitness, Yoga",120
1042,FYR2 Push-Up-Breakdancer-Shoulder-Tap Complex,The FYR2 push-up-breakdancer-shoulder-tap complex is a bodyweight flow.,"Full Body, Chest, Obliques, Abs, Shoulders",8.5,"Animal Flow, Breakdancing, Fitness",168
1043,ACFT Hand-release push-up,"The hand-release push-up is a variation of the push-up, a popular bodyweight exercise commonly used in military and tactical physical fitness tests. It’s a movement to build upper-body strength and endurance, emphasizing the chest, triceps, and shoulders, but also working the upper back and core. This specific exercise is part of the new Army Combat Fitness Test or ACFT.","Chest, Triceps, Shoulders, Back",4.0,"Crossfit, Military Training",144
1044,1.5-rep push-up,"The 1.5-rep push-up is a more difficult variation of the push-up, commonly used to train for military and tactical physical fitness tests. It builds upper-body muscle and strength, emphasizing the chest, core, upper back, triceps, and shoulders.","Chest, Triceps, Shoulders, Abs",4.5,"Calisthenics, Military Training",144
1045,ACFT Triple-clap push-up,"The triple-clap push-up is an explosive bodyweight exercise aimed at increasing upper-body power and strength. It is an advanced exercise targeting the muscles of the chest, triceps, core, and shoulders.","Chest, Triceps, Shoulders",9.0,"Calisthenics, Plyometrics",192
1046,ACFT Superman push-up,"The Superman push-up is an explosive bodyweight exercise aimed at increasing upper-body power and strength. It is an advanced exercise targeting the muscles of the chest, triceps, shoulders, and core that involves pressing up off the floor and lifting the hands and feet off the ground simultaneously at the top of the movement.","Chest, Triceps, Shoulders, Full Body, Lower Back, Glutes",8.5,"Calisthenics, Plyometrics",192
1047,Cross-over push-up,The cross-over push-up is a variation of the push-up that adds a degree of difficulty by stepping over a small box or step between repetitions. It can be performed for time or for reps and creates a greater core stabilization challenge by forcing the core muscles to maintain the a neutral spine throughout the movement.,"Chest, Triceps, Shoulders, Abs",5.0,"Calisthenics, Fitness",144
1048,Leverage Incline Chest Press,The leverage incline chest press is a machine-based incline press.,"Chest, Shoulders",4.0,Bodybuilding,168
1049,Butterfly,"The machine chest fly is an exercise targeting the chest. The motion is often compared to bear-hugging a tree trunk. In chest workouts, this exercise often follows compound moves such as the bench press.",Chest,3.0,Bodybuilding,168
1050,Leverage Chest Press,The machine chest press is an upper body exercise targeting the pectoral muscles.,"Chest, Triceps, Shoulders",4.0,Bodybuilding,168
1051,Decline Smith Press,"The Smith machine decline bench press is a machine-based exercise targeting the chest muscles, particularly the lower pectoral muscles. The Smith machine mimics a barbell but provides more stability. This movement is often performed for moderate to high reps, such as 8-12 reps per set or more, as part of a chest or upper-body workout.",Chest,4.0,Bodybuilding,192
1052,Smith machine bench press,"The Smith machine bench press is a machine-based movement targeting the chest. The Smith machine mimics a barbell but provides more stability. This movement can be programmed in low reps for strength or higher reps for muscle and strength endurance. It is often performed for moderate to high reps, such as 8-12 reps per set or more, as part of a chest or upper-body focused workout.","Chest, Triceps, Shoulders",4.0,"Bodybuilding, Strength Training",192
1053,Leverage Decline Chest Press,The leverage decline chest press is a machine-based decline press.,"Chest, Shoulders",4.0,Bodybuilding,168
1054,Machine chest press,"The machine chest press is a machine-based exercise targeting the chest. It approximates the motion of a bench press but is usually performed facing forward and seated upright. Many machines offer multiple grip options, such as overhand, neutral (palms facing), or underhand. The chest press is often performed for moderate to high reps, such as 8-12 reps per set or more, as part of a pre-exhaust or muscle-building upper-body workout.","Chest, Triceps, Shoulders",4.0,"Bodybuilding, Strength Training",168
1055,Smith Machine Incline Bench Press,"The Smith machine incline bench press is a machine-based movement targeting the chest, particularly the upper chest. The Smith machine mimics a barbell but provides more stability. This movement can be programmed in low reps for strength or higher reps for muscle and strength endurance. It is often performed for moderate to high reps, such as 8-12 reps per set or more, as part of a chest or upper-body focused workout.","Chest, Shoulders, Triceps",4.0,Bodybuilding,192
1056,Smith Machine Close-Grip Bench Press,"The Smith machine close-grip bench press is a machine-based movement targeting the chest and triceps. The Smith machine mimics a barbell but provides more stability. This movement can be programmed in low reps for strength or higher reps for muscle and strength endurance. It is often performed for moderate to high reps, such as 8-12 reps per set or more, as part of a chest, arms, or upper-body focused workout.","Triceps, Chest",4.0,Bodybuilding,192
1057,Smith Machine Decline Press,"The Smith machine decline bench press is a machine-based exercise targeting the chest muscles, particularly the lower pectoral muscles. The Smith machine mimics a barbell but provides more stability. This movement is often performed for moderate to high reps, such as 8-12 reps per set or more, as part of a chest or upper-body workout.",Chest,4.0,Bodybuilding,192
1058,Smith machine bench press throw,The Smith machine bench press throw is an exercise that helps develop pushing power that carries over to the traditional bench press. It involves pushing a relatively light weight (such as 30-50 percent of your 1RM) explosively and actually letting go at the top of the rep. It can work as power or speed-style training in a strength or athleticism-focused workout plan.,"Chest, Triceps, Shoulders",6.0,"American Football, Plyometrics",192
1059,Machine chest fly,"The machine chest fly is a machine-based exercise targeting the chest. It approximates the motion of a dumbbell fly or cable fly, but is usually performed facing forward and seated upright. The motion is often compared to bear-hugging a tree trunk. The chest fly is usually performed for moderate to high reps, such as 8-12 reps per set or more, as part of a pre-exhaust or muscle-building upper-body workout.",Chest,3.0,Bodybuilding,168
1060,Machine bench press,"The machine bench press is a machine-based exercise targeting the chest and upper body. It approximates the motion of a bench press, but uses a selectorized weight-stack or plate-loaded machine. Many such machines also allow you to choose between different grips and grip widths. Machine-based presses are often done for moderate to high reps, such as 8-12 reps per set or more, as part of the upper-body or chest-focused portion of a workout.","Chest, Triceps, Shoulders",4.0,"Bodybuilding, Strength Training",168
1061,Machine Seated Chest Press - Gethin Variation,The machine chest press is an upper body exercise targeting the pectoral muscles.,"Chest, Triceps, Shoulders",4.0,Bodybuilding,168
1062,Smith machine weighted push-up,"The Smith machine weighted push-up is a pushing movement performed with a plate resting on the back or shoulders. It is performed most safely with a foot or so of space at the bottom to minimize the risk of getting ""pinned"" under the bar. It targets all the same muscles as a push-up, including the chest, triceps, and shoulders.","Chest, Triceps, Shoulders",5.0,Strength Training,192
1063,Smith machine incline bench press-,"The Smith machine incline bench press is a machine-based movement targeting the chest, particularly the upper chest. The Smith machine mimics a barbell but provides more stability. This movement can be programmed in low reps for strength or higher reps for muscle and strength endurance. It is often performed for moderate to high reps, such as 8-12 reps per set or more, as part of a chest or upper-body focused workout.","Chest, Shoulders, Triceps",4.0,Bodybuilding,192
1064,Smith machine decline bench press,"The Smith machine decline bench press is a machine-based exercise targeting the chest muscles, particularly the lower pectoral muscles. The Smith machine mimics a barbell but provides more stability. This movement is often performed for moderate to high reps, such as 8-12 reps per set or more, as part of a chest or upper-body workout.",Chest,4.0,Bodybuilding,192
1065,AM Pec Dec,"The pec deck is a machine-based exercise targeting the chest. It approximates the motion of a dumbbell fly or cable fly, but is usually performed facing forward and seated upright. The motion is often compared to bear-hugging a tree trunk. The chest fly is usually performed for moderate to high reps, such as 8-12 reps per set or more, as part of a pre-exhaust or muscle-building upper-body workout.",Chest,3.0,Bodybuilding,168
1066,30 Chest Machine Flat Chest Press,The 30 Chest machine flat chest press is a standard machine chest press.,"Chest, Triceps, Shoulders",4.0,Bodybuilding,168
1067,Smith machine push-up,"The Smith machine push-up is an upper-body exercise targeting the chest, shoulders, and triceps. It is similar in form to bodyweight push-ups, but with the hands on the bar of the Smith machine. This allows you to vary the height to increase or decrease difficulty, or to perform a mechanical dropset by raising the bar after hitting failure at a certain height.","Chest, Triceps, Shoulders",3.5,Strength Training,168
1068,30 Chest Smith Machine Incline Chest Press,The 30 Chest Smith machine incline chest press is an incline press on a Smith machine.,"Chest, Shoulders, Triceps",4.0,Bodybuilding,192
1069,30 Chest Smith Machine Chest Press,The 30 Chest Smith machine chest press is a chest press on a Smith machine.,"Chest, Triceps, Shoulders",4.0,Bodybuilding,192
1070,30 Chest Machine Incline Chest Press,The 30 Chest machine incline chest press is an incline chest press on a machine.,"Chest, Shoulders, Triceps",4.0,Bodybuilding,168
1071,30 Chest Machine Fly,The 30 Chest machine fly is a chest fly on a machine.,Chest,3.0,Bodybuilding,168
1072,30 Chest 30-Degree Incline Smith Machine Press,The 30 Chest 30-degree incline Smith machine press is a Smith machine press on a 30-degree incline.,"Chest, Shoulders, Triceps",4.0,Bodybuilding,192
1073,Low-cable cross-over,"The low-cable cross-over is an isolation movement that uses a cable stack to target the upper portion of the pectoral muscles. It is common in upper-body and chest-focused muscle-building workouts, often in combination with presses or flyes from other angles to target all portions of the chest.",Chest,3.0,Bodybuilding,168
1074,Incline cable chest fly,"The incline cable chest fly is an isolation movement that uses a cable stack and an incline bench to target the upper portion of the pectoral muscles. It is common in upper-body and chest-focused muscle-building workouts, often after pressing movements like the barbell or dumbbell bench press or as a finishing movement at the end of the workout. It is often used in combination with other flyes to target the chest from different angles.",Chest,3.0,Bodybuilding,168
1075,Cable Crossover,"The cable cross-over is an isolation movement that uses a cable stack to build bigger and stronger pectoral muscles. Since it's done using adjustable pulleys, you can target different parts of your chest by setting the pulleys at different levels. It is common in upper body and chest-focused muscle-building workouts, often as a pre-exhaust at the beginning of a workout, or a finishing movement at the end. It is often in combination with other presses or flyes to target the chest from different angles.",Chest,3.0,Bodybuilding,168
1076,Incline cable chest press,"The incline cable chest press is a pressing movement that uses a cable stack and an incline bench to target the upper portion of the pectoral muscles, similar to an incline dumbbell press. It is common in upper-body and chest-focused muscle-building workouts, where it can be effective as a primary movement in classic hypertrophy rep ranges, as a pre-exhaust, or as a high-rep finisher. It is often used in combination with other presses or flyes to target the chest from different angles.","Chest, Shoulders, Triceps",4.0,Bodybuilding,168
1077,Cable Chest Press,The cable chest press is a chest press using a cable machine.,"Chest, Triceps, Shoulders",4.0,Bodybuilding,168
1078,Single-arm cable cross-over,"The single-arm cable cross-over is an isolation movement that uses a cable stack to build bigger and stronger pectoral muscles. Working the chest one side at a time allows you to focus on the balance between the sides of your chest and really feel the chest muscles contracting. It is common in upper-body and chest-focused muscle-building workouts, often in combination with other presses or flyes to target the chest from different angles.",Chest,3.0,Bodybuilding,168
1079,Cable cross-over,"The cable cross-over is an isolation movement that uses a cable stack to build bigger and stronger pectoral muscles. Since it's done using adjustable pulleys, you can target different parts of your chest by setting the pulleys at different levels. It is common in upper-body and chest-focused muscle-building workouts, often as a pre-exhaust at the beginning of a workout, or a finishing movement at the end. It is often in combination with other presses or flyes to target the chest from different angles.",Chest,3.0,Bodybuilding,168
1080,Standing Cable Chest Press,The standing cable chest press is a chest press performed while standing.,"Chest, Triceps, Shoulders, Abs",4.5,"Fitness, Strength Training",168
1081,Lying cable chest fly,"The lying cable chest fly is an isolation movement that uses a cable stack and a flat bench to build bigger and stronger pectoral muscles. It is common in upper-body and chest-focused muscle-building workouts, often as a pre-exhaust at the beginning of a workout or as a finishing movement at the end. It is often used in combination with other presses or flyes to target the chest from different angles.",Chest,3.0,Bodybuilding,168
1082,Paul Carter Cable Cross-Over,"The cable cross-over is an isolation movement that uses a cable stack to build bigger and stronger pectoral muscles. Since it's done using adjustable pulleys, you can target different parts of your chest by setting the pulleys at different levels. It is common in upper body and chest-focused muscle-building workouts, often as a pre-exhaust at the beginning of a workout, or a finishing movement at the end. It is often in combination with other presses or flyes to target the chest from different angles.",Chest,3.0,Bodybuilding,168
1083,One-Arm Cable Crossover - Gethin Variation,"The single-arm cable cross-over is an isolation movement that uses a cable stack to build bigger and stronger pectoral muscles. Working the chest one side at a time allows you to focus on balance between sides of your chest, and really feel the chest muscles contracting. It is common in upper body and chest-focused muscle-building workouts, often in combination with other presses or flyes to target the chest from different angles.",Chest,3.0,Bodybuilding,168
1084,Incline Cable Fly - Gethin Variation,"The incline cable chest fly is an isolation movement that uses a cable stack and an incline bench to target the upper portion of the pectoral muscles. It is common in upper-body and chest-focused muscle-building workouts, often after pressing movements like the barbell or dumbbell bench press or as a finishing movement at the end of the workout. It is often used in combination with other flyes to target the chest from different angles.",Chest,3.0,Bodybuilding,168
1085,Cable Cross-Over - Gethin Variation,"The cable cross-over is an isolation movement that uses a cable stack to build bigger and stronger pectoral muscles. Since it's done using adjustable pulleys, you can target different parts of your chest by setting the pulleys at different levels. It is common in upper body and chest-focused muscle-building workouts, often as a pre-exhaust at the beginning of a workout, or a finishing movement at the end. It is often in combination with other presses or flyes to target the chest from different angles.",Chest,3.0,Bodybuilding,168
1086,Seated cable chest fly,"The seated cable chest fly is an isolation movement that uses a cable stack and an upright bench to target the pectoral muscles. Being able to brace against a seat can help you stabilize your torso and focus on isolating the pecs, feeling them stretch and contract. It is usually used in combination with other presses or flyes to target the chest from different angles.",Chest,3.0,Bodybuilding,168
1087,Single-arm incline cable cross-over-,"The single-arm incline cable cross-over is an isolation movement that uses a cable stack and a bench to target the upper part of the pectoral muscles. Working the chest one side at a time allows you to focus on balance between the sides of your chest and really feel the chest muscles contracting. It is common in upper-body and chest-focused muscle-building workouts, often in combination with other presses or flyes to target the chest from different angles.",Chest,3.0,Bodybuilding,168
1088,High-to-low cable chest fly,"The high-to-low cable chest fly is an isolation movement that uses a cable stack to target the lower portion of the pectoral muscles. It is common in upper-body and chest-focused muscle-building workouts, often after pressing movements like the barbell or dumbbell bench press or as a finishing movement at the end of the workout. It is often used in combination with other flyes to target the chest from different angles.",Chest,3.0,Bodybuilding,168
1089,UP Cable Cross-Over,"The cable cross-over is an isolation movement that uses a cable stack to build bigger and stronger pectoral muscles. Since it's done using adjustable pulleys, you can target different parts of your chest by setting the pulleys at different levels. It is common in upper body and chest-focused muscle-building workouts, often as a pre-exhaust at the beginning of a workout, or a finishing movement at the end. It is often in combination with other presses or flyes to target the chest from different angles.",Chest,3.0,Bodybuilding,168
1090,UP Cable Fly,The UP cable fly is a chest fly with cables.,Chest,3.0,Bodybuilding,168
1091,30 Chest Low-To-High Cable Fly,The 30 Chest low-to-high cable fly is a cable fly that targets the upper chest.,Chest,3.0,Bodybuilding,168
1092,30 Chest Incline Cable Fly,The 30 Chest incline cable fly is a cable fly on an incline bench.,Chest,3.0,Bodybuilding,168
1093,30 Chest Incline Cable Chest Press,The 30 Chest incline cable chest press is a cable press on an incline bench.,"Chest, Triceps, Shoulders",4.0,Bodybuilding,168
1094,30 Chest High-To-Low Cable Press,The 30 Chest high-to-low cable press is a cable press that targets the lower chest.,"Chest, Triceps, Shoulders",4.0,Bodybuilding,168
1095,30 Chest High-To-Low Cable Fly,The 30 Chest high-to-low cable fly is a cable fly that targets the lower chest.,Chest,3.0,Bodybuilding,168
1096,30 Chest Shoulder-Height Cable Fly,The 30 Chest shoulder-height cable fly is a standard cable fly.,Chest,3.0,Bodybuilding,168
1097,Cable Pec Fly,The cable pec fly is a chest fly with cables.,Chest,3.0,Bodybuilding,168
1098,Chest Push (multiple response),The chest push (multiple response) is a plyometric chest exercise.,"Chest, Shoulders, Triceps",6.0,"Plyometrics, Sports Performance",168
1099,Medicine Ball Chest Pass,"The medicine ball pass is a simple partner-based exercise that involves throwing a weighted ball back-and-forth. It can be part of a dynamic warm-up for lifting or athletics, but can also work as active rest or as a component of circuit training.","Chest, Shoulders, Triceps, Full Body",5.5,"Fitness, Sports Performance",144
1100,Medicine ball sprawl to chest press,"The medicine ball sprawl to chest press is a sequence of athletic movements using a medicine ball or other small weight. It involves performing a sprawl with the hands on the ball, followed by a standing chest press holding the ball. It is challenging to the cardiovascular system, but also the muscles of the core, shoulders, and upper back. It can be performed for reps or for time, usually in dedicated ab training or as part of a medicine ball and bodyweight circuit workout.","Full Body, Chest, Shoulders, Abs",9.5,"Fitness, HIIT",168
1101,Medicine ball push-up,"The medicine ball push-up is a simple way to make a classic bodyweight exercise more difficult. It targets all the same muscles as the push-up: chest, triceps, shoulders, upper back, and core. The addition of the medicine ball adds a degree of difficulty and can increase chest and triceps activation.","Chest, Triceps, Shoulders, Abs",4.5,"Calisthenics, Fitness",144
1102,Chest Push (single response),The chest push (single response) is a plyometric chest exercise.,"Chest, Shoulders, Triceps",6.0,"Plyometrics, Sports Performance",168
1103,Chest Push with Run Release,The chest push with run release is a conditioning drill.,"Full Body, Chest, Legs",8.0,American Football,168
1104,Chest Push from 3 point stance,The chest push from a 3-point stance is a power exercise.,"Full Body, Chest, Legs",7.0,American Football,168
1105,Dumbbell Bench Press,"The dumbbell bench press is a mainstay of workout enthusiasts worldwide. It’s a classic move for building a bigger, stronger chest. As such, it’s often placed first in mass-building chest workouts.","Chest, Triceps, Shoulders",4.5,"Bodybuilding, Strength Training",168
1106,Dumbbell Flyes,"The dumbbell chest fly is a popular exercise that targets the pectoral or chest muscles. It attempts to isolate the chest muscles, stretching and contracting them while limiting involvement of the shoulders. Unlike a press, where the elbows bend and flex, flyes should keep a relatively consistent elbow angle. The motion is sometimes compared to ""hugging a tree."" Dumbbell flyes are usually performed for moderate to high reps, such as 8-12 reps per set or more, as part of a chest or upper-body focused workout.",Chest,3.5,Bodybuilding,168
1107,Incline dumbbell bench press,"The incline dumbbell bench press is a popular upper-body exercise targeting the upper pectoral muscles. While it can be a strength-focused movement, it is usually performed for moderate to high reps, such as 8-12 reps per set or more, as part of upper-body or chest-focused training.","Chest, Shoulders, Triceps",4.5,"Bodybuilding, Strength Training",168
1108,Decline Dumbbell Flyes,"The decline dumbbell chest fly is an upper body isolation exercise targeting the lower chest. It will require less weight than a decline press, which makes it a great hypertrophy exercise with high reps.",Chest,3.5,Bodybuilding,168
1109,Reverse-grip incline dumbbell bench press,"The reverse-grip incline dumbbell bench press is an upper-body exercise targeting the pectoral muscles. Pressing with a reverse grip targets the upper chest in particular, especially when performed on an incline. This press variation is usually performed for moderate to high reps, such as 8-12 reps per set or more, as part of upper-body or chest-focused training.","Chest, Triceps, Shoulders",4.5,Bodybuilding,168
1110,Incline Dumbbell Flyes,"The incline dumbbell chest fly is an upper body isolation exercise targeting the upper chest and is typically used with aesthetic goals in mind. It will require less weight than an incline press, which makes it a great hypertrophy exercise with high reps.",Chest,3.5,Bodybuilding,168
1111,Neutral-grip dumbbell bench press,"The neutral-grip dumbbell bench press is a variation on a classic chest-building exercise where the palms face each other instead of forward. This shift puts the elbows closer to the sides, placing more emphasis on the triceps, and perhaps also the inner chest. The neutral-grip press can be performed in lower reps for strength or higher reps for muscle growth.","Chest, Triceps",4.5,"Bodybuilding, Strength Training",168
1112,Decline dumbbell bench press,"The decline dumbbell bench press is a popular upper-body exercise targeting the lower pectoral muscles. While it can be a strength-focused movement, it is usually performed for moderate to high reps, such as 8-12 reps per set or more, as part of upper-body or chest-focused training.","Chest, Triceps, Shoulders",4.5,Bodybuilding,168
1113,Single-arm kettlebell row,"The single-arm kettlebell row is a popular muscle- and strength-building exercise that works the muscles of the back and core simultaneously. It has all the same benefits as a single-arm dumbbell row, but some people find a kettlebell more comfortable to hold during the movement.","Back, Lats, Biceps, Obliques",4.5,"Kettlebell Training, Strength Training",168
1114,Hammer Grip Incline DB Bench Press,The hammer grip incline DB bench press is an incline dumbbell press with a neutral grip.,"Chest, Triceps, Shoulders",4.5,Bodybuilding,168
1115,Straight-arm dumbbell pull-over,"The straight-arm dumbbell pull-over is an exercise that targets the muscles of the pecs, lats, and serratus anterior muscles. Performing this movement with straight arms makes it more difficult, increases the stretch on the serratus muscles and lats, and forces the core to work harder. Old-school bodybuilders would perform pull-overs with light weights for sets of 20 between sets of heavy 20-rep squats, but they are more popular today in moderate rep ranges, such as 8-12 reps per set, as part of an upper-body workout.","Chest, Lats, Back, Abs",4.5,Bodybuilding,168
1116,Incline Dumbbell Bench With Palms Facing In,The incline dumbbell bench with palms facing in is another name for the hammer grip incline dumbbell press.,"Chest, Triceps, Shoulders",4.5,Bodybuilding,168
1117,Incline Dumbbell Flyes - With A Twist,The incline dumbbell fly with a twist is a chest fly with a rotational component.,Chest,3.5,Bodybuilding,168
1118,Bent-arm dumbbell pull-over,"The bent-arm dumbbell pull-over was a staple exercise of the ""Golden Era"" of bodybuilding and a favorite of Arnold Schwarzenegger himself. Done properly, the exercise targets the pecs, lats, and serratus anterior muscles. Old-school bodybuilders would perform them with light weights for sets of 20 between sets of heavy 20-rep squats, but pull-overs are more popular today in moderate rep ranges, such as 8-12 reps per set, as part of an upper-body workout.","Chest, Lats, Back",4.0,Bodybuilding,168
1119,Close-grip dumbbell bench press,"The close-grip dumbbell bench press is a popular variation of the dumbbell bench press in which the dumbbells are held closer than shoulder width. This places more emphasis on the triceps, and perhaps also the inner chest. The close-grip dumbbell bench press can be performed in lower reps for strength or higher reps for muscle growth.","Triceps, Chest",4.5,Bodybuilding,168
1120,Single-dumbbell push-up,"The single-dumbbell push-up is a more difficult push-up variation where you balance your hands on the ends of a dumbbell. This simple change makes many muscle groups work harder, helping encourage muscle and strength gains across the upper body.","Chest, Triceps, Shoulders, Abs",4.5,"Calisthenics, Fitness",144
1121,One-Arm Flat Bench Dumbbell Flye,The one-arm flat bench dumbbell fly is a unilateral chest exercise.,Chest,3.5,Bodybuilding,168
1122,Dumbbell Fix Dumbbell Floor Chest Fly,The Dumbbell Fix dumbbell floor chest fly is a chest fly performed on the floor.,Chest,3.5,"Home Workouts, Strength Training",144
1123,Dumbbell Fix Traveling Push-Up,The Dumbbell Fix traveling push-up is a push-up with lateral movement.,"Chest, Triceps, Shoulders, Abs",4.5,Fitness,144
1124,Incline dumbbell chest fly,"The incline dumbbell chest fly is an upper-body exercise targeting the chest. Performing it at an incline helps to target the upper chest in particular, while limiting involvement of the shoulders. Fly variations are usually performed for moderate to high reps, such as 8-12 reps per set or more.",Chest,3.5,Bodybuilding,168
1125,Paul Carter Dumbbell Shrug,"The standing dumbbell shrug is a popular movement to build and strengthen the trapezius muscles. It’s a often trained on a bodybuilding-style shoulder or back training day, but can also work well in full-body or strength-focused training.",Traps,3.0,Bodybuilding,168
1126,Dumbbell push-up row,"The dumbbell push-up row combines pressing, rowing, and core stabilization into a single sequence. It's popular in time-efficient strength and muscle-building workouts.","Full Body, Chest, Back, Triceps, Abs",7.0,"Circuit Training, Fitness",168
1127,TBS Dumbbell Incline Press,The incline dumbbell bench press is an upper body exercise targeting the upper pectoral muscles.,"Chest, Shoulders, Triceps",4.5,Bodybuilding,168
1128,Incline Dumbbell Fly - Gethin Variation,"The incline dumbbell chest fly is an upper body isolation exercise targeting the upper chest and is typically used with aesthetic goals in mind. It will require less weight than an incline press, which makes it a great hypertrophy exercise with high reps.",Chest,3.5,Bodybuilding,168
1129,Dumbbell bench press-,"The dumbbell bench press is a mainstay of lifters worldwide. It's a classic move for building a bigger, stronger chest and triceps. It's often placed first in mass-building chest workouts, but can also be utilized as an accessory movement for the barbell bench press in strength training. It can be performed in lower strength-focused rep ranges, or for higher reps to build muscle.","Chest, Triceps, Shoulders",4.5,"Bodybuilding, Strength Training",168
1130,Decline dumbbell fly and press,"The decline dumbbell fly and press is a dumbbell complex that targets the chest muscles, particularly the lower pecs. By alternating the single-joint fly with the multijoint press, you get the benefits of both and put serious stress on the chest muscles even with relatively light weight. Because the fly will be the limiting factor in weight selection, this pairing is usually performed for moderate to high reps, such as 8-12 reps per set or more, as part of upper-body or chest-focused training.","Chest, Triceps",4.5,Bodybuilding,168
1131,Incline dumbbell fly and press,"The incline dumbbell fly and press is a dumbbell complex that targets the chest muscles, particularly the upper pecs. By alternating the single-joint fly with the multijoint press, you get the benefits of both and put serious stress on the chest muscles even with relatively light weight. Because the fly will be the limiting factor in weight selection, this pairing is usually performed for moderate to high reps, such as 8-12 reps per set or more, as part of upper-body or chest-focused training.","Chest, Triceps, Shoulders",4.5,Bodybuilding,168
1132,Single-arm decline dumbbell bench press,"The single-arm decline dumbbell bench press is an upper-body exercise targeting the pectoral muscles, particularly the lower pecs. Because balance can be an issue, this press variation is usually performed with lighter weight for moderate to high reps, such as 8-12 reps per set or more, as part of upper-body or chest-focused training.","Chest, Triceps, Shoulders, Obliques",4.5,"Bodybuilding, Fitness",168
1133,Single-arm incline dumbbell bench press,"The single-arm incline dumbbell bench press is an upper-body exercise targeting the pectoral muscles. Because balance can be an issue, this press variation is usually performed with lighter weight for moderate to high reps, such as 8-12 reps per set or more, as part of upper-body or chest-focused training.","Chest, Shoulders, Triceps, Obliques",4.5,"Bodybuilding, Fitness",168
1134,Incline Dumbbell Press - Gethin Variation,The incline dumbbell bench press is an upper body exercise targeting the upper pectoral muscles.,"Chest, Shoulders, Triceps",4.5,Bodybuilding,168
1135,Dumbbell Chest Press - Gethin Variation,"The dumbbell bench press is a mainstay of workout enthusiasts worldwide. It’s a classic move for building a bigger, stronger chest. As such, it’s often placed first in mass-building chest workouts.","Chest, Triceps, Shoulders",4.5,Bodybuilding,168
1136,Dumbbell Floor Press - Gethin Variation,"The dumbbell floor press limits the range of motion you would achieve with a regular dumbbell bench press, but still targets the chest, triceps, and anterior delts. This allows you to build strength in the top portion of the lift and work on strengthening the shoulder stabilizers.","Chest, Triceps, Shoulders",4.0,"Bodybuilding, Strength Training",168
1137,Decline Dumbbell Press - Gethin Variation,The decline dumbbell bench press is an upper body isolation exercise targeting the lower chest. Utilizing dumbbells instead of a barbell increases the difficulty of stabilizing the weight.,"Chest, Triceps, Shoulders",4.5,Bodybuilding,168
1138,Dumbbell chest fly,"The dumbbell chest fly is a popular exercise that targets the pectoral or chest muscles. It attempts to isolate the chest muscles, stretching and contracting them while limiting involvement of the shoulders. Unlike a press, where the elbows bend and flex, flyes should keep a relatively consistent elbow angle. The motion is sometimes compared to ""hugging a tree."" Dumbbell flyes are usually performed for moderate to high reps, such as 8-12 reps per set or more, as part of a chest or upper-body focused workout.",Chest,3.5,Bodybuilding,168
1139,Machine rear delt fly,"The machine rear delt fly is an exercise targeting the rear head of the shoulder muscle or deltoids, as well as the muscles of the upper back. It's sort of the reverse of the machine chest fly, and is sometimes performed on the same machine, but facing the opposite direction. Because it targets such small muscles, this exercise is usually performed with light weight for high reps, such as 10-15 reps per set or more.","Shoulders, Deltoids, Back",2.5,Bodybuilding,168
1140,AM Dumbbell Bench Press,"The dumbbell bench press is a mainstay of workout enthusiasts worldwide. It’s a classic move for building a bigger, stronger chest. As such, it’s often placed first in mass-building chest workouts.","Chest, Triceps, Shoulders",4.5,Strength Training,168
1141,UP Incline Dumbbell Press,The incline dumbbell bench press is an upper body exercise targeting the upper pectoral muscles.,"Chest, Shoulders, Triceps",4.5,Strength Training,168
1142,UP Incline Dumbbell Fly,"The incline dumbbell chest fly is an upper body isolation exercise targeting the upper chest and is typically used with aesthetic goals in mind. It will require less weight than an incline press, which makes it a great hypertrophy exercise with high reps.",Chest,3.5,Strength Training,168
1143,Holman Push-Up to Belly Touch,The Holman push-up to belly touch is a push-up where you touch your belly at the top.,"Chest, Triceps, Shoulders, Abs",4.0,Fitness,120
1144,Single-arm dumbbell floor press,"The single-arm dumbbell floor press is a multijoint pressing exercise performed lying on the floor, either with the knees bent or straight. It has less range of motion than a regular dumbbell bench press, but still targets the chest, triceps, and anterior delts. By performing it with one arm, you can strengthen weakness on certain sides or simply use it as a way to challenge the core more during this exercise.","Chest, Triceps, Shoulders, Obliques",4.5,"Fitness, Strength Training",168
1145,Total Fitness Weighted Push-Up,"The plate-weighted push-up is a simple way to make a classic bodyweight exercise more difficult. It targets all the same muscles as the push-up: chest, triceps, shoulders, upper back, and core. You can balance a plate on your upper back yourself, but it's easier and safer to have someone else put it there. If you stack a few plates up, be sure to have a spotter close at hand.","Chest, Triceps, Shoulders, Abs",5.0,"Calisthenics, Strength Training",168
1146,King Maker Standing Dumbbell Shoulder Press,The standing dumbbell shoulder press is a classic deltoid-builder (especially the front deltoids) that’s ubiquitous in gyms around the world. Performing the move standing up as opposed to seated allows for more weight to be used.,"Shoulders, Deltoids, Triceps",5.0,Strength Training,168
1147,30 Chest Incline Dumbbell Fly,The 30 Chest incline dumbbell fly is a standard incline dumbbell fly.,Chest,3.5,Bodybuilding,168
1148,30 Chest Incline Dumbbell Bench Press,The 30 Chest incline dumbbell bench press is a standard incline dumbbell press.,"Chest, Shoulders, Triceps",4.5,Bodybuilding,168
1149,30 Chest Dumbbells-Together Press,The 30 Chest dumbbells-together press is a chest press with dumbbells pressed together.,"Chest, Triceps",4.5,Bodybuilding,168
1150,30 Chest Dumbbells-Together Incline Bench Press,The 30 Chest dumbbells-together incline bench press is an incline press with dumbbells pressed together.,"Chest, Triceps, Shoulders",4.5,Bodybuilding,168
1151,30 Chest Dumbbell Fly,The 30 Chest dumbbell fly is a standard dumbbell fly.,Chest,3.5,Bodybuilding,168
1152,30 Chest Dumbbell Bench Press,The 30 Chest dumbbell bench press is a standard dumbbell bench press.,"Chest, Triceps, Shoulders",4.5,Bodybuilding,168
1153,30 Chest 30-Degree Incline Dumbbell Fly,The 30 Chest 30-degree incline dumbbell fly is a dumbbell fly on a 30-degree incline.,Chest,3.5,Bodybuilding,168
1154,FYR2 Single-Dumbbell Push-Up,The FYR2 single-dumbbell push-up is a push-up with one hand on a dumbbell.,"Chest, Triceps, Shoulders, Abs",4.5,"Calisthenics, Fitness",144
1155,Bodyweight Flyes,"The double-bar roll-out chest fly is a chest exercise that utilizes two rotating barbells as ""handles"" for a chest fly. It targets the muscles of the chest, but is also an intense core workout. It's a tough movement that is usually performed in the chest-focused portion of a workout.","Chest, Abs",5.5,Calisthenics,192
1156,Close-grip EZ-bar bench press,"The close-grip EZ-bar bench press is an exercise targeting the chest, shoulders, and triceps. This move is more commonly done with a straight bar and is often only performed with an EZ-bar as part of a complex of movements such as pull-overs or skullcrushers.","Triceps, Chest",5.0,Bodybuilding,192
1157,Chest dip,"The chest dip is a bodyweight exercise performed on parallel bars or on a pull-up and dip station. It targets the chest, triceps, and shoulders. Dips with a chest focus are usually performed with the torso leaning forward and the elbows angled out from the torso. Dips can be performed for low reps for strength or higher reps for muscle growth.","Chest, Triceps, Shoulders",5.0,"Bodybuilding, Calisthenics, Gymnastics",168
1158,Drop Push,The drop push is a plyometric push-up.,"Chest, Triceps, Shoulders",8.0,"Plyometrics, Sports Performance",168
1159,Forward Drag with Press,The forward drag with press is a conditioning exercise.,"Full Body, Chest, Legs",8.5,"Cardio, Strength Training",168
1160,Chain Press,The chain press is a bench press with chains for accommodating resistance.,"Chest, Triceps, Shoulders",6.0,Strength Training,192
1161,Behind Head Chest Stretch,The behind head chest stretch is a stretch for the chest and shoulders.,"Chest, Shoulders",1.5,Mobility,72
1162,Pass-through stretch with band,The pass-through stretch with band is a popular move to build and maintain mobility in the shoulder joint and to strengthen the muscles of the upper back and rotator cuff. It is common in CrossFit and Olympic lifting training and is usually performed as part of a warm-up or paired with movements in a workout. It can also be performed with a PVC pipe or dowel if a band isn't available.,Shoulders,2.0,"Crossfit, Mobility, Olympic Weightlifting",84
1163,Weighted Push-Up,"The plate-weighted push-up is a simple way to make a classic bodyweight exercise more difficult. It targets all the same muscles as the push-up: chest, triceps, shoulders, upper back, and core. You can balance a plate on your upper back yourself, but it's easier and safer to have someone else put it there. If you stack a few plates up, be sure to have a spotter close at hand.","Chest, Triceps, Shoulders, Abs",5.0,"Calisthenics, Strength Training",168
1164,Heavy Bag Thrust,The heavy bag thrust is a power exercise using a heavy bag.,"Full Body, Chest, Legs",8.0,"Boxing, Martial Arts",168
1165,Decline Explosive Push-Up,The decline explosive push-up is a plyometric decline push-up.,"Chest, Shoulders, Triceps",8.5,"Calisthenics, Plyometrics",168
1166,Suspended Chest Fly,The suspended chest fly is a chest fly using a suspension trainer.,"Chest, Abs",4.5,"Calisthenics, Suspension Training",168
1167,Svend press,The Svend press is an exercise where the chest is targeted by performing presses while squeezing two weight plates together. It is usually performed for relatively high reps with light weights as an accessory movement to the bench press or as a burnout movement on chest day.,Chest,3.0,Bodybuilding,168
1168,Bar Push-Up Smith Machine,"The hands-elevated push-up is a variation on the push-up, a body-weight standard. The hands are elevated, so that your body is aligned at an angle to the floor rather than parallel.","Chest, Triceps, Shoulders",3.5,Strength Training,168
1169,Plate-weighted push-up,"The plate-weighted push-up is a simple way to make a classic bodyweight exercise more difficult. It targets all the same muscles as the push-up: chest, triceps, shoulders, upper back, and core. You can balance a plate on your upper back yourself, but it's easier and safer to have someone else put it there. If you stack a few plates up, be sure to have a spotter close at hand.","Chest, Triceps, Shoulders, Abs",5.0,"Calisthenics, Strength Training",168
1170,Double-bar roll-out chest fly,"The double-bar roll-out chest fly is a chest exercise that utilizes two rotating barbells as ""handles"" for a chest fly. It targets the muscles of the chest, but is also an intense core workout. It's a tough movement that is usually performed in the chest-focused portion of a workout.","Chest, Abs",6.0,Calisthenics,192
1171,Holman Plate Dynamo Push-Up,The Holman plate dynamo push-up is a dynamic push-up using a weight plate.,"Chest, Triceps, Shoulders",5.5,"Calisthenics, Fitness",168
1172,Holman Towel Drag Two Steps to Push-Up,The Holman towel drag two steps to push-up is a conditioning exercise.,"Full Body, Chest",6.5,"Fitness, Home Workouts",144
1173,Taylor Val Slide Push-Up/Fly Combo,The Taylor Val slide push-up/fly combo is a compound chest exercise using slideboards.,"Chest, Triceps, Shoulders, Abs",5.5,"Fitness, Home Workouts",144
1174,Exercise ball chest stretch,"The exercise ball chest stretch is a simple stretch for the pectoral muscles that can be made more dynamic with help from a medicine ball. It can work in a dynamic warm-up, paired with movements in a workout, or as part of a cool-down or recovery strategy. If the stretch causes pain in the front of your shoulder, dial back the intensity or choose another chest stretch.",Chest,1.8,Mobility,84
1175,Bosu Ball Push-Up,The Bosu ball push-up is a push-up on a Bosu ball for added instability.,"Chest, Triceps, Shoulders, Abs",4.5,Fitness,144
1176,Feet-elevated push-up on ball,"The feet-elevated push-up on ball is a variation on the push-up, a bodyweight standard. The feet are elevated on a ball to align the body parallel to the floor and provide a greater stabilization challenge. This makes it more difficult than push-ups on the floor, but also puts more emphasis on the shoulder muscles. It can be a challenging non-gym substitute for incline presses, or as a burnout movement for a chest or shoulder workout.","Chest, Shoulders, Triceps, Abs",5.0,"Calisthenics, Fitness",144
1177,Standing alternating band speed row,"The standing alternating band speed row is an explosive back exercise using exercise bands. It targets the muscles of the middle and upper back, including the lats (latissimus dorsi), rhomboids, and trapezius, as well as the biceps. It can be performed for time or reps either as part of a power or speed-focused portion of a workout or as a burnout at the end of a workout.","Back, Lats, Biceps",5.5,"HIIT, Sports Performance",144
1178,Band roundhouse elbow,"The band roundhouse elbow is an explosive rotational power exercise using exercise bands. It targets the muscles of the obliques and deep core, but also engrains full-body coordination and striking ability. It can work in an ab workout, in martial arts training, or in general strength and muscle training.","Obliques, Full Body",6.5,"Boxing, Fitness, Martial Arts",144
1179,Palms-down wrist curl over bench,"The palms-down wrist curl over bench is an exercise targeting the forearms. It is usually performed for high reps, such as 10-15 reps per set or more, as part of a grip or arm-focused workout.",Forearms,2.0,"Arm Wrestling, Bodybuilding, Rock Climbing",144
1180,Palms-up wrist curl over bench,"The palms-up wrist curl over bench is an exercise targeting the forearms. It is usually performed for high reps, such as 10-15 reps per set or more, as part of a grip or arm-focused workout.",Forearms,2.0,"Arm Wrestling, Bodybuilding, Rock Climbing",144
1181,Standing behind-the-back wrist curl,"The standing behind-the-back wrist curl is a popular exercise to target the muscles in the forearms, wrists, and fingers. It is generally performed for moderate to high reps, such as 8-15 reps per set, and can work as isolated forearm training or as part of an arms-focused workout.",Forearms,2.5,Bodybuilding,192
1182,Seated finger curl,"The seated finger curl is an exercise targeting the muscles of the hands and forearms. It is popular with rock climbers and other athletes looking to build forearm size and strength. The range of motion is tiny, but done for moderate to high reps, these will definitely make the forearms burn.",Forearms,2.0,"Rock Climbing, Strength Training",144
1183,Seated palms-up wrist curl,"The seated palms-up wrist curl is an exercise targeting the forearms. It is usually performed for high reps, such as 10-15 reps per set or more, as part of a grip or arm-focused workout.",Forearms,2.0,Bodybuilding,144
1184,Bottoms-Up Clean From The Hang Position,The bottoms-up clean from the hang position is a kettlebell exercise that challenges grip strength and stability.,"Forearms, Biceps, Shoulders, Full Body",6.5,"Kettlebell Training, Strength Training",168
1185,Seated One-Arm Dumbbell Palms-Up Wrist Curl,The seated one-arm dumbbell palms-up wrist curl is a forearm exercise.,Forearms,2.0,Bodybuilding,168
1186,Palms-Up Dumbbell Wrist Curl Over A Bench,The palms-up dumbbell wrist curl over a bench is a forearm exercise.,Forearms,2.0,Bodybuilding,168
1187,Seated palms-down wrist curl,"The seated palms-down wrist curl is an exercise targeting the forearms. It is usually performed for high reps, such as 10-15 reps per set or more, as part of a grip or arm-focused workout.",Forearms,2.0,Bodybuilding,168
1188,Palms-Down Dumbbell Wrist Curl Over A Bench,The palms-down dumbbell wrist curl over a bench is a forearm exercise for the extensors.,Forearms,2.0,Bodybuilding,168
1189,Seated One-Arm Dumbbell Palms-Down Wrist Curl,The seated one-arm dumbbell palms-down wrist curl is a forearm extensor exercise.,Forearms,2.0,Bodybuilding,168
1190,Seated Dumbbell Palms-Up Wrist Curl,The seated dumbbell palms-up wrist curl is a forearm flexor exercise.,Forearms,2.0,Bodybuilding,168
1191,Partner farmer's walk,"The partner farmer's walk is a protocol for performing farmer's carries with dumbbells or other weights. One partner walks for a predetermined distance or time, then passes the weight to the other partner who walks for the same distance or time.","Full Body, Forearms, Traps, Abs",8.0,"Fitness, Partner Training, Strength Training",168
1192,Dumbbell suitcase carry,"The dumbbell suitcase carry is similar to a dumbbell farmer's carry, but only uses one dumbbell rather than two. This simple change provides a significant challenge to the abdominal muscles. It can be a challenging finisher to any workout, or work well in fat-loss circuit training or as an accessory movement to heavy lifts like the deadlift.","Obliques, Forearms, Traps, Full Body",7.5,"Fitness, Strength Training",168
1193,Suitcase Dumbbell Carry,"The dumbbell suitcase carry is similar to a dumbbell farmer’s carry, but only uses one dumbbell rather than two. This simple change provides a significant challenge to the abdominal muscles. It can be a challenging finisher to any workout, or work well in fat-loss circuit training or as an accessory movement to heavy lifts like the deadlift.","Obliques, Forearms, Traps, Full Body",7.5,"Fitness, Strength Training",168
1194,Side plank with dumbbell external rotation,"The side plank with dumbbell external rotation is a movement that combines an isometric side plank hold with a dumbbell rotation to target both the core and the rotator cuff muscles. You probably won't be able to use much weight without disrupting your balance, but even at light weight, this is a movement that can help address multiple muscle groups in a dynamic warm-up or as accessory work at the end of a workout.","Obliques, Shoulders",3.5,"Fitness, Rehabilitation",168
1195,Rickshaw Carry,"The rickshaw carry is a strongman event that involves carrying a heavy, weighted frame.","Full Body, Forearms, Traps, Legs",9.0,Strength Training,192
1196,Dumbbell farmer's walk,"The dumbbell farmer's walk is an exercise with roots in competitive strongman training, but which is also popular in CrossFit and functional training. It can be a challenging finisher to any workout, or work well in fat-loss circuit training or as an accessory movement to heavy lifts like the deadlift.","Full Body, Forearms, Traps, Abs",8.0,"Crossfit, Fitness, Strength Training",168
1197,Wrist Roller,The wrist roller is a piece of equipment for strengthening the forearms.,Forearms,3.0,"Arm Wrestling, Bodybuilding, Strength Training",144
1198,Standing Olympic Plate Hand Squeeze,The standing Olympic plate hand squeeze is a grip strength exercise.,Forearms,2.5,Strength Training,144
1199,Plate Pinch,The plate pinch is a grip strength exercise.,Forearms,2.5,Strength Training,144
1200,Landmine Press and Catch,"The single-arm linear jammer is an explosive pressing movement performed using an angled barbell anchored at floor level in a landmine device. It can also be performed by sticking a barbell in the corner of a room, preferably in a towel to protect the walls. The linear jammer involves pressing the weight into the air, then catching it with the other hand. The movement focuses primarily on the muscles of the shoulders or deltoids. It can be trained in traditional muscle and strength-focused rep ranges, for lower reps with a focus on explosive pressing power, or for higher reps.","Shoulders, Full Body",7.0,"Fitness, Sports Performance",192
1201,Plate halo,The plate halo is an exercise targeting the shoulder complex. It's usually performed as part of a dynamic warm-up prior to an upper-body workout.,Shoulders,2.5,Mobility,96
1202,Bryant Wrist Curl,The Bryant wrist curl is likely a specific wrist curl variation.,Forearms,2.5,Bodybuilding,144
1203,Seated Two-Arm Palms-Up Low-Pulley Wrist Curl,The seated two-arm palms-up low-pulley wrist curl is a forearm exercise with a cable machine.,Forearms,2.0,Bodybuilding,168
1204,Cable Wrist Curl,The cable wrist curl is a forearm exercise with a cable machine.,Forearms,2.0,Bodybuilding,168
1205,Single-arm cable push-down,"The single-arm cable push-down is a single-joint isolation movement that develops the triceps muscle one arm at a time. Because the action is purely at the elbow joint, it is difficult to use any substantial weight. Reps are usually high, such as 8-12 reps per set or more, with a focus on strict form and feeling the mind-muscle connection.","Triceps, Arms",3.0,Bodybuilding,168
1206,Wrist Circles,Wrist circles are a mobility exercise for the wrists.,Forearms,1.5,Mobility,72
1207,Kneeling Forearm Stretch,The kneeling forearm stretch is a stretch for the forearm flexors.,Forearms,1.5,"Mobility, Rock Climbing",72
1208,Hip Extension with Bands,The hip extension with bands is a glute exercise.,Glutes,3.0,"Mobility, Rehabilitation",96
1209,Hip Lift with Band,The hip lift with band is a glute bridge with a band.,Glutes,3.0,"Mobility, Rehabilitation",96
1210,HM Monster Walk,The HM monster walk is a glute activation exercise.,Glutes,3.0,"Mobility, Rehabilitation",96
1211,UNS Banded Glute Bridge,The UNS banded glute bridge is a glute bridge with a band.,Glutes,3.0,"Mobility, Rehabilitation",96
1212,FYR2 Banded Glute Bridge,The FYR2 banded glute bridge is a glute bridge with a band.,Glutes,3.0,"Mobility, Rehabilitation",96
1213,Piriformis SMR,"Piriformis self-myofascial release (SMR) is a self-administered soft-tissue treatment for the lower body, usually using a foam roller, lacrosse ball, or other ""trigger point"" massage tool. By applying pressure strategically to the piriformis muscles in the upper gluteal region, some people find they can cause this often painful and tight muscle to relax or ""release."" Piriformis SMR is often accompanied by SMR on the iliotibial (IT) band or tensor fascia lata (TFL muscles), or by stretches that target the glutes and hips.",Glutes,2.0,"Mobility, Rehabilitation",84
1214,Barbell glute bridge,"The barbell glute bridge is a popular exercise targeting the muscles of the glutes and hamstrings. It can be done as a strength movement on its own, as an activation drill or warm-up for lower-body training, or as a burnout at the end of a lower-body workout.","Glutes, Hamstrings",4.5,"Bodybuilding, Strength Training",192
1215,Barbell Hip Thrust,"The barbell hip thrust is an exercise that engages the posterior chain, particular the glutes. It involves fully extending your hips while holding a weighted barbell across the midsection.","Glutes, Hamstrings",5.0,"Bodybuilding, Strength Training",192
1216,Kneeling Squat,The kneeling squat is a squat variation performed on the knees.,"Glutes, Quads",4.0,Strength Training,144
1217,Kneeling Jump Squat,The kneeling jump squat is a plyometric kneeling squat.,"Glutes, Quads, Full Body",8.0,"Plyometrics, Sports Performance",168
1218,UN Rear Foot Elevated Split Squat,The UN rear foot elevated split squat is a Bulgarian split squat.,"Quads, Glutes, Legs",5.0,Strength Training,168
1219,Kettlebell thruster,"The kettlebell thruster is a popular kettlebell movement that combines a kettlebell front squat with a kettlebell press, while holding the bell in a goblet or bottoms-up grip. It is preceded by a clean at the start of each set, and you can perform a clean between each rep if you choose. It can be trained in traditional strength or muscle-building rep ranges, in circuit or fat-loss training, or as part of a larger kettlebell combination or complex.","Full Body, Legs, Shoulders, Glutes, Quads",10.0,"Crossfit, HIIT, Kettlebell Training",192
1220,Taylor Kettlebell Swing,The Taylor kettlebell swing is a standard kettlebell swing.,"Hamstrings, Glutes, Lower Back, Full Body",9.8,"Crossfit, Kettlebell Training",168
1221,UN Goblet Squat,The UN goblet squat is a standard goblet squat.,"Quads, Glutes, Legs",5.5,Strength Training,168
1222,Single-arm triceps kick-back,"The single-arm triceps kick-back is a popular movement to increase size and strength of the triceps. It is usually performed for moderate to high reps, at least 8-12 reps, as part of an upper-body or arm-focused workout.","Triceps, Arms",2.5,Bodybuilding,168
1223,Holman Lateral High Knees to Quad Touch Jump,The Holman lateral high knees to quad touch jump is a conditioning drill.,"Full Body, Legs",8.5,"Cardio, HIIT",168
1224,FYR2 Dumbbell Hip Thrust,The FYR2 dumbbell hip thrust is a hip thrust with a dumbbell.,"Glutes, Hamstrings",4.0,Strength Training,168
1225,FYR2 Glute Bridge Dumbbell Floor Press,The FYR2 glute bridge dumbbell floor press is a compound exercise for the glutes and chest.,"Glutes, Chest, Triceps, Full Body",6.0,"Circuit Training, Fitness",168
1226,Suspended Hip Thrust,The suspended hip thrust is a hip thrust with feet in a suspension trainer.,"Glutes, Hamstrings",4.5,"Fitness, Suspension Training",168
1227,Single-leg cable hip extension,"The single-leg cable hip extension is an isolation exercise that targets the glutes, specifically the gluteus maximus. It is a common burnout movement on a lower-body focused day and is usually performed for moderate to high reps, such as 8-12 reps per set or more.",Glutes,3.0,Bodybuilding,168
1228,Pull Through,"The pull through is a posterior chain exercise, often done with a cable or band.","Glutes, Hamstrings, Lower Back",4.0,"Bodybuilding, Strength Training",168
1229,Cable rope pull-through deadlift,The cable rope pull-through deadlift is an exercise targeting the glutes and hamstrings using a proper hip-hinging motion.,"Glutes, Hamstrings, Lower Back",4.0,"Bodybuilding, Strength Training",168
1230,UNS Cable Pull-Through,The UNS cable pull-through is a pull-through with a cable machine.,"Glutes, Hamstrings, Lower Back",4.0,Strength Training,168
1231,30 Legs Glute-Ham Raise,The 30 Legs glute-ham raise is a challenging posterior chain exercise.,"Hamstrings, Glutes, Lower Back",6.0,"Athletics, Strength Training",192
1232,Glute bridge,"The glute bridge is a popular lower-body bodyweight exercise that primarily targets the glutes, but also activates the lower back and hamstrings. It can be performed with body weight alone, or with added resistance such as barbells, dumbbells, or bands. It can be performed for time or reps and works perfectly in a dynamic warm-up for lower-body training, but can also be performed for glute activation anytime.","Glutes, Hamstrings",2.5,"Mobility, Rehabilitation, Strength Training",96
1233,Single-leg glute bridge,"The single-leg glute bridge is a lower-body exercise that targets the glutes, lower back, and hamstrings. It is performed one side at a time.","Glutes, Hamstrings",3.0,"Rehabilitation, Strength Training",120
1234,Step-up with knee raise,"The step-up with knee raise is a lower-body exercise targeting the quads, glutes, and hamstrings. It differs from a traditional step-up in that at the top, you lift the trailing leg up to full hip flexion. This gives the exercise a greater range of motion and more of a focus on powerful hip extension in the working leg. When performed with body weight, these are usually performed for high reps as part of a dynamic warm-up, as cardio acceleration, or as part of the lower-body portion of a workout or circuit.","Quads, Glutes, Hamstrings, Legs",5.0,"Cardio, Fitness",120
1235,Glute Kickback,The glute kickback is a glute isolation exercise.,Glutes,2.5,"Bodybuilding, Strength Training",120
1236,Standing hip extension,The standing hip extension is a movement that activates the glutes and hamstrings. It is often performed either for time or reps as part of a dynamic warm-up.,"Glutes, Hamstrings",2.5,"Mobility, Rehabilitation",96
1237,Lying glute stretch,"The lying glute stretch is a stretch to help increase flexibility in the glutes and hips. It involves rotating a single leg over the body while lying flat on the back, and reaching around the leg to facilitate a stretch. It is commonly included in dynamic warm-ups or cool-downs, but can also be performed as full-body mobility work anytime.",Glutes,1.5,Mobility,72
1238,Knee Across The Body,The knee across the body is a stretch for the glutes and lower back.,"Glutes, Lower Back",1.5,Mobility,72
1239,Seated Glute,This refers to seated glute stretches.,Glutes,1.5,Mobility,72
1240,Lying Glute,This refers to lying glute stretches.,Glutes,1.5,Mobility,72
1241,One Knee To Chest,The one knee to chest is a lower back and glute stretch.,"Lower Back, Glutes",1.5,Mobility,72
1242,Seated Glute Stretch,The seated glute stretch is a stretch for the gluteal muscles.,Glutes,1.5,Mobility,72
1243,Neck Bridge Supine,The neck bridge supine is an exercise to strengthen the neck muscles.,"Lower Back, Glutes",4.0,"Martial Arts, Wrestling",192
1244,Walking High Knee,The walking high knee is a dynamic warm-up.,"Hip Flexors, Full Body",3.0,"Athletics, Mobility",84
1245,Walking Butt Kicks,The walking butt kick is a dynamic warm-up.,"Quads, Hamstrings",3.0,"Athletics, Mobility",84
1246,Walking Glute Stretch,The walking glute stretch is a dynamic stretch for the glutes.,Glutes,2.5,Mobility,84
1247,Lunge kick,"The lunge kick is a lower-body, cardio-based exercise performed at a high intensity. It includes a kick of the front leg to make the movement more powerful. It can be performed either for time or reps and is a great inclusion in a fat-loss or athleticism-focused circuit workout.","Legs, Quads, Glutes, Full Body",7.0,"HIIT, Martial Arts",144
1248,Curtsy lunge,"The curtsy lunge is a lower-body bodyweight movement that targets the muscles of the hips and glutes. It is usually performed for moderate to high reps, at least 8-12 reps per leg.","Glutes, Quads, Inner Thighs, Legs",4.0,"Barre, Dance, Strength Training",120
1249,Alternating standing glute stretch,"The alternating standing glute stretch focuses on improving lower-body mobility and flexibility, particularly in the hips and glutes. It involves performing a partial squat in a ""figure 4"" position. It can be performed as part of a lower-body warm-up or done post-workout to help combat tightness and soreness.",Glutes,2.5,Mobility,84
1250,Side-lying leg lift,"The side-lying leg lift is a bodyweight exercise targeting the muscles of the hips and glutes. It can be a worthy addition to a dynamic warm-up on a lower-body or strength-focused training day, a component of a lower-body circuit or workout, or a glute activation drill to do anytime. Generally, leg lifts are done for high reps, such as 8-15 reps per leg or more.",Glutes,2.5,"Pilates, Rehabilitation",96
1251,FYR Progressive High Knee,"High knees is a full-body, cardio-based exercise with an emphasis on the lower body. It is often performed for reps or time as part of a dynamic warm-up.","Hip Flexors, Full Body",8.0,"Cardio, Mobility",84
1252,Glute-Ham Raise - Gethin Variation,The glute ham raise is an exercise targeting the glutes and hamstrings on a GHD.,"Hamstrings, Glutes, Lower Back",6.0,"Bodybuilding, Strength Training",192
1253,Lunge glute stretch,"The lunge glute stretch is a lower-body stretch targeting the glutes, hips, and piriformis. It is influenced by the pigeon pose from yoga, but is performed with straight arms. It can be part of a dynamic warm-up or mobility work performed anytime.","Glutes, Hip Flexors",2.0,"Mobility, Yoga",84
1254,Natural Glute Ham Raise - Gethin Variation,The glute ham raise is an exercise targeting the glutes and hamstrings on a GHD.,"Hamstrings, Glutes, Lower Back",5.5,Strength Training,168
1255,Groiner,"The groiner is an explosive bodyweight exercise targeting the legs, shoulders, and core. It also includes a dynamic stretch of the hips. It can be performed for time or reps in any fat-loss or athleticism-focused circuit or workout.","Full Body, Hip Flexors, Legs",7.5,"Fitness, HIIT",144
1256,HM Alternating Donkey Kick,The HM alternating donkey kick is a glute exercise.,Glutes,2.5,Strength Training,96
1257,HM Alternating Slow Step-Down With Chair,The HM alternating slow step-down with a chair is a single-leg squat variation.,"Quads, Glutes, Legs",4.0,"Home Workouts, Rehabilitation",120
1258,HM Right Side Iron Cross,The HM right side iron cross is a dynamic stretch.,"Lower Back, Glutes, Obliques",2.5,Mobility,84
1259,HM Single-Leg Bridge,The HM single-leg bridge is a unilateral glute exercise.,"Glutes, Hamstrings",3.0,Strength Training,120
1260,HM Hi-Low,The HM hi-low is likely a cardio or conditioning move.,Full Body,7.0,HIIT,144
1261,HM Kick-Back,The HM kick-back is a glute exercise.,Glutes,2.5,Strength Training,96
1262,HM Left Side Iron Cross,The HM left side iron cross is a dynamic stretch.,"Lower Back, Glutes, Obliques",2.5,Mobility,84
1263,HM Left Side-Kick,The HM left side-kick is a martial arts-inspired kick.,"Glutes, Legs",5.0,Martial Arts,120
1264,HM Leg Lifts,The HM leg lift is a core or leg exercise.,"Abs, Hip Flexors",3.0,Strength Training,120
1265,Walking lunge,"The walking lunge is a lower-body exercise that targets the glutes, quads, and hamstrings while challenging stability and balance. It can be performed for reps, time, or distance in the lower-body portion of any workout.","Quads, Glutes, Hamstrings, Legs",4.5,"Fitness, Strength Training",120
1266,High Plyometric Box Jump,The high plyometric box jump is an advanced plyometric exercise.,"Legs, Glutes, Quads, Calves",9.0,"Athletics, Crossfit, Plyometrics",192
1267,Barbell hip thrust-,"The barbell hip thrust is a popular exercise that targets the posterior chain, particularly the glutes and hamstrings. It involves fully extending your hips while holding a weighted barbell across the front of the hips. It is a great movement to activate the glutes prior to other lower-body training, but can also be performed in the main part of a workout, or for high reps as a glute burnout.","Glutes, Hamstrings",5.0,"Bodybuilding, Strength Training",192
1268,UN Glute Bridge,The UN glute bridge is a standard glute bridge.,"Glutes, Hamstrings",2.5,Strength Training,96
1269,Holman Donkey Kick,The Holman donkey kick is a glute exercise.,Glutes,2.5,Strength Training,96
1270,Holman Hip Raise with Alternating Kick,The Holman hip raise with alternating kick is a dynamic glute bridge.,"Glutes, Hamstrings",3.5,Fitness,120
1271,Holman Left Leg Donkey Kick,The Holman left leg donkey kick is a donkey kick with the left leg.,Glutes,2.5,Strength Training,96
1272,Holman Diagonal Right Leg Step-Out to Right Knee-Up,The Holman diagonal right leg step-out to right knee-up is a coordination and conditioning drill.,"Full Body, Legs",6.0,"Agility Training, HIIT",144
1273,Holman Right Leg Donkey Kick,The Holman right leg donkey kick is a donkey kick with the right leg.,Glutes,2.5,Strength Training,96
1274,Holman Butt Tap to Jump,The Holman butt tap to jump is a plyometric exercise.,"Legs, Glutes",7.5,Plyometrics,144
1275,Holman Butt Tap to Jump-Forward-Jump-Back,The Holman butt tap to jump-forward-jump-back is a plyometric drill.,"Legs, Glutes, Full Body",8.0,"Agility Training, Plyometrics",144
1276,Holman Traveling High Knees to Squat Thrust,The Holman traveling high knees to squat thrust is a conditioning drill.,"Full Body, Legs",9.0,HIIT,168
1277,Holman Butt Kicker to High Knees,The Holman butt kicker to high knees is a dynamic warm-up.,"Legs, Full Body",6.0,"Cardio, Mobility",84
1278,Holman Daisy Cutter,The Holman daisy cutter is likely a low-to-the-ground agility drill.,"Full Body, Legs",7.5,Agility Training,144
1279,Holman Frogger,The Holman frogger is a dynamic hip mobility exercise.,"Hip Flexors, Glutes, Legs",7.0,"Fitness, HIIT",144
1280,Holman Hip Raise with Chest Press,The Holman hip raise with chest press is a compound exercise for the glutes and chest.,"Glutes, Chest, Triceps, Full Body",6.0,"Circuit Training, Fitness",168
1281,Total Fitness Bear Crawl,"The bear crawl is a popular bodyweight crawling exercise. While it looks simple, the bear crawl is an intense full-body movement that targets the cardiovascular system as well as a wide range of muscle groups, the shoulders, core, and legs in particular. It can be done as a full-body warm-up, in short bursts for power or circuit training, or for longer durations as cardiovascular conditioning.","Full Body, Shoulders, Abs, Legs",7.5,"Animal Flow, Fitness",120
1282,Pigeon stretch,"The pigeon stretch is a lower-body stretch targeting the glutes, hips, and piriformis. It is similar to the pigeon pose from yoga, but is also popular as part of dynamic warm-ups or cool-downs in strength training. It can also be performed anytime to help combat training-related soreness.","Glutes, Hip Flexors",2.0,"Mobility, Yoga",84
1283,Levitating side kick-through,"The levitating side kick-through is a full-body movement that starts in a bear crawl position and ends with a leg kicked out to the side. In between reps, you kick into the air in a partial handstand. It is commonly performed for reps or time in bodyweight circuits and animal-style flows, but can also work on its own or as part of a dynamic warm-up or mobility sequence.","Full Body, Shoulders, Obliques, Legs",8.5,"Animal Flow, Breakdancing, Calisthenics",192
1284,30 Legs Hip Thrust,The 30 Legs hip thrust is a standard hip thrust.,"Glutes, Hamstrings",4.5,"Bodybuilding, Strength Training",168
1285,Dumbbell single-leg hip thrust,"The dumbbell single-leg hip thrust is a single-sided exercise that targets the posterior chain, particularly the glutes and hamstrings. It involves balancing on one foot and fully extending your hips while holding a dumbbell across the front of your hip. It is a great movement to activate the glutes prior to other lower-body training, but can also be performed in the main part of a workout, or for high reps as a glute burnout.","Glutes, Hamstrings",4.0,"Bodybuilding, Strength Training",168
1286,Medicine ball duck walk,"The medicine ball duck walk is a dynamic medicine ball movement that challenges both the upper and lower body, while also elevating the heart rate. It's a great movement to include in medicine ball or bodyweight circuit training to increase fatigue and burn serious calories while hammering the muscles of the legs.","Legs, Quads, Glutes, Full Body",6.5,"Circuit Training, Fitness",144
1287,Exercise ball hip thrust,"The exercise ball hip thrust is a simple yet effective way to work the glutes and hamstrings. Proper form is essential to really feel the burn in the glutes, and the ball can help guide you into the right form better than a bench, which is the usual support for hip thrusts. Unlike the bench version, the ball hip thrust is best performed with body weight or bands as resistance for safety reasons. It can be an excellent component of a warm-up for lower-body training, or a glute activation drill performed anytime.","Glutes, Hamstrings",3.5,"Fitness, Home Workouts, Rehabilitation",120
1288,Downward Facing Balance,The downward facing balance is a yoga-inspired pose that challenges balance.,"Full Body, Glutes, Lower Back",3.0,Yoga,96
1289,Band Good Morning (Pull Through),The band good morning (pull through) is a posterior chain exercise with a band.,"Hamstrings, Glutes, Lower Back",3.5,Strength Training,144
1290,Standing Hamstring and Calf Stretch,The standing hamstring and calf stretch is a stretch for the back of the legs.,"Hamstrings, Calves",1.5,Mobility,72
1291,Hamstring-SMR,Hamstring-SMR is self-myofascial release for the hamstrings.,Hamstrings,2.0,"Mobility, Rehabilitation",84
1292,Barbell Deadlift,"The barbell deadlift is a compound exercise used to develop overall strength and size in the posterior chain. It is a competition lift in the sport of powerlifting, but is also considered a classic benchmark of overall strength. When performed with the hands outside the knees, it is often called a ""conventional"" deadlift. When the feet are wide and the hands are inside the knees, it is a sumo deadlift.","Full Body, Hamstrings, Glutes, Lower Back, Back",8.0,"Crossfit, Strength Training",192
1293,Clean Deadlift,"The clean deadlift is a deadlift with a clean grip, which is a component of the full clean.","Full Body, Hamstrings, Glutes, Lower Back, Traps",8.0,Olympic Weightlifting,192
1294,Sumo deadlift,"The sumo deadlift is a compound movement in which the feet are set in a wide stance with toes pointed out and grip is placed inside of the legs. It is allowed to be performed instead of conventional deadlifts in most powerlifting competitions. The sumo deadlift targets the hamstrings, glutes, and upper back/traps, but also has a greater emphasis on stretching and strengthening the adductor and hip muscles due to the wide stance.","Full Body, Hamstrings, Glutes, Inner Thighs, Back",8.0,Strength Training,192
1295,Romanian Deadlift from Deficit,The Romanian deadlift from a deficit is an RDL with an increased range of motion.,"Hamstrings, Glutes, Lower Back",6.0,"Bodybuilding, Strength Training",192
1296,Power Snatch,The power snatch is an explosive Olympic lift.,"Full Body, Hamstrings, Glutes, Back, Shoulders, Traps",10.0,"Crossfit, Olympic Weightlifting",216
1297,Power Clean from Blocks,The power clean from blocks is a power clean with a reduced range of motion.,"Full Body, Hamstrings, Glutes, Back, Shoulders, Traps",9.0,"Crossfit, Olympic Weightlifting",216
1298,Snatch Deadlift,The snatch deadlift is a deadlift with a snatch grip.,"Full Body, Hamstrings, Glutes, Back, Traps",8.0,Olympic Weightlifting,216
1299,Power clean,"The power clean is a full-body movement in which the bar is pulled from the floor and caught in the front rack position in three pulls or phases. The bar is received in the ""power"" position, with the hips higher than a full-depth squat position. The power clean can be used as a component of the clean and press or clean and jerk, but is also a valuable lift to build explosive power and strength.","Full Body, Hamstrings, Glutes, Back, Shoulders, Traps",9.5,"Athletics, Crossfit, Olympic Weightlifting",216
1300,Hang Snatch,The hang snatch is a snatch initiated from a hanging position.,"Full Body, Hamstrings, Glutes, Back, Shoulders, Traps",9.5,"Crossfit, Olympic Weightlifting",216
1301,Wide Stance Stiff Legs,The wide stance stiff leg deadlift is a posterior chain exercise.,"Hamstrings, Glutes, Lower Back, Inner Thighs",5.5,"Bodybuilding, Strength Training",192
1302,Clean,The clean is an Olympic weightlifting movement.,"Full Body, Hamstrings, Glutes, Back, Shoulders, Traps",10.0,"Crossfit, Olympic Weightlifting",216
1303,Good Morning,"The barbell good morning is an exercise that targets glute, hamstring, and lower back development. It is often trained as an accessory movement to the deadlift, but also has value on its own. It is sometimes performed for reps in traditional strength-focused rep ranges such as 5-8 reps per set, but due to the risk posed to the lower back, is rarely treated as a max-effort single-rep lift.","Hamstrings, Glutes, Lower Back",5.0,Strength Training,192
1304,Barbell stiff-legged deadlift,"The barbell stiff-legged deadlift targets the hamstrings, glutes, lower and upper back, as well as the core. It is a popular accessory movement for the deadlift, but also a muscle-building hamstring movement.","Hamstrings, Glutes, Lower Back",6.0,"Bodybuilding, Strength Training",192
1305,Romanian Deadlift,"The barbell stiff-legged deadlift targets the hamstrings, glutes, lower and upper back, as well as the core. It is a popular accessory movement for the deadlift, but also a muscle-building hamstring movement.","Hamstrings, Glutes, Lower Back",6.0,"Bodybuilding, Strength Training",192
1306,Sumo Deadlift with Chains,The sumo deadlift with chains is a sumo deadlift with accommodating resistance.,"Full Body, Hamstrings, Glutes, Inner Thighs, Back",8.5,Strength Training,192
1307,Sumo Deadlift with Bands,The sumo deadlift with bands is a sumo deadlift with accommodating resistance.,"Full Body, Hamstrings, Glutes, Inner Thighs, Back",8.5,Strength Training,192
1308,Good Morning off Pins,The good morning off pins is a good morning with a partial range of motion.,"Hamstrings, Glutes, Lower Back",5.5,Strength Training,192
1309,Stiff-Legged Deadlift,"The barbell stiff-legged deadlift targets the hamstrings, glutes, lower and upper back, as well as the core. It is a popular accessory movement for the deadlift, but also a muscle-building hamstring movement.","Hamstrings, Glutes, Lower Back",6.0,"Bodybuilding, Strength Training",192
1310,Snatch Pull,"The snatch pull is a component of the snatch, focusing on the pulling phase.","Full Body, Hamstrings, Glutes, Back, Traps",8.5,Olympic Weightlifting,216
1311,Hanging Bar Good Morning,The hanging bar good morning is a good morning performed while hanging from a bar.,"Hamstrings, Glutes, Lower Back",5.0,Strength Training,192
1312,Reverse Band Sumo Deadlift,The reverse band sumo deadlift is a sumo deadlift with assistance from bands.,"Full Body, Hamstrings, Glutes, Inner Thighs, Back",8.0,Strength Training,192
1313,Muscle Snatch,The muscle snatch is a snatch variation that uses more upper body strength.,"Full Body, Shoulders, Traps, Back",9.0,Olympic Weightlifting,216
1314,Split Snatch,The split snatch is a snatch where the lifter catches the bar in a split position.,"Full Body, Legs, Shoulders, Back",10.0,Olympic Weightlifting,216
1315,Hang Snatch - Below Knees,The hang snatch - below knees is a hang snatch initiated from below the knees.,"Full Body, Hamstrings, Glutes, Back, Shoulders, Traps",9.5,Olympic Weightlifting,216
1316,30 Legs Sumo Deadlift,The 30 Legs sumo deadlift is a standard sumo deadlift.,"Full Body, Hamstrings, Glutes, Inner Thighs, Back",8.0,Strength Training,192
1317,Kettlebell pass-through lunge,"The kettlebell pass-through lunge is a dynamic leg and core exercise in which a lifter passes a weight under their front leg during lunges. It is a unique coordination challenge, but also challenging to the musculature of the abdomen, lower body, shoulders, and upper back. It is most commonly performed for higher reps, such as 10-15 reps per side, or for time. It can work in circuit-style workouts, or in lower-body or full-body time-efficient training.","Legs, Quads, Glutes, Abs, Shoulders, Full Body",6.0,"Fitness, Kettlebell Training",168
1318,Kettlebell One-Legged Deadlift,"The kettlebell single-leg deadlift is a variation on the kettlebell deadlift where one foot stays planted on the ground while the other raises into the air at the bottom of the movement. It's popular in lower-body training for strength and muscle building, but also trains balance, grip, and the core muscles.","Hamstrings, Glutes, Lower Back",5.5,"Fitness, Kettlebell Training",168
1319,Single-arm kettlebell clean,"The single-arm kettlebell clean is an explosive kettlebell exercise where the lifter pulls the weight to shoulder level in a single movement. While the kettlebell clean is often used as a transitional movement into the press or front squat, it is also a valuable strength and power exercise in its own right. It can be performed in low rep ranges for strength or higher rep ranges for technique practice or muscle growth.","Full Body, Hamstrings, Glutes, Back, Shoulders",8.0,"Crossfit, Kettlebell Training",168
1320,Single-leg kettlebell deadlift,"The kettlebell single-leg deadlift is a variation on the kettlebell deadlift where one foot stays planted on the ground while the other raises into the air at the bottom of the movement. It's popular in lower-body training for strength and muscle building, but also trains balance, grip, and the core muscles.","Hamstrings, Glutes, Lower Back",5.5,"Fitness, Kettlebell Training",168
1321,Romanian Deadlift with Kettlebell,The Romanian deadlift with a kettlebell is an RDL performed with a kettlebell.,"Hamstrings, Glutes, Lower Back",5.0,"Kettlebell Training, Strength Training",168
1322,Single-arm kettlebell swing,"The single-arm kettlebell swing is a popular exercise emphasizing the muscles of the hamstrings, glutes, and back. Because you are only swinging with one arm at a time, it is also uniquely challenging to the grip and core muscles. It is often used to train explosive power, for aerobic or cardiovascular conditioning, or in circuit training.","Hamstrings, Glutes, Lower Back, Obliques, Full Body",9.5,"Crossfit, HIIT, Kettlebell Training",168
1323,Kettlebell Dead Clean,The kettlebell dead clean is a kettlebell clean initiated from a dead stop on the floor.,"Full Body, Hamstrings, Glutes, Back, Shoulders",8.5,Kettlebell Training,168
1324,Alternating Hang Clean,The alternating hang clean is a hang clean performed with alternating arms.,"Full Body, Hamstrings, Glutes, Back, Shoulders",9.0,"Crossfit, Olympic Weightlifting",192
1325,One-Arm Open Palm Kettlebell Clean,The one-arm open palm kettlebell clean is a kettlebell clean variation.,"Full Body, Forearms",8.0,"Kettlebell Sport, Strength Training",168
1326,Open Palm Kettlebell Clean,The open palm kettlebell clean is a kettlebell clean variation.,"Full Body, Forearms",8.0,"Kettlebell Sport, Strength Training",168
1327,Kettlebell Hang Clean,The kettlebell hang clean is a standard kettlebell hang clean.,"Full Body, Hamstrings, Glutes, Back, Shoulders",8.0,Kettlebell Training,168
1328,Double Kettlebell Alternating Hang Clean,"The double kettlebell alternating hang clean is a hang clean with two kettlebells, alternating arms.","Full Body, Hamstrings, Glutes, Back, Shoulders",9.5,"Crossfit, Kettlebell Training",192
1329,Romanian Deadlift With Dumbbells,"The dumbbell stiff-legged deadlift targets the hamstrings, glutes, low and upper back, as well as the core. The purpose of the stiff-legged, as opposed to Romanian deadlift with slightly bent knees, is to engage the hamstrings and low back to an even greater degree.","Hamstrings, Glutes, Lower Back",5.5,"Bodybuilding, Strength Training",168
1330,Stiff-Legged Dumbbell Deadlift,"The dumbbell stiff-legged deadlift targets the hamstrings, glutes, low and upper back, as well as the core. The purpose of the stiff-legged, as opposed to Romanian deadlift with slightly bent knees, is to engage the hamstrings and low back to an even greater degree.","Hamstrings, Glutes, Lower Back",5.5,"Bodybuilding, Strength Training",168
1331,Vertical Swing,The vertical swing is a kettlebell swing with a more vertical trajectory.,"Hamstrings, Glutes, Lower Back, Shoulders, Full Body",10.0,Kettlebell Training,168
1332,Dumbbell Fix Dumbbell Swing,The Dumbbell Fix dumbbell swing is a kettlebell swing performed with a dumbbell.,"Hamstrings, Glutes, Lower Back, Full Body",9.5,"Fitness, HIIT",168
1333,Dumbbell Lying Hamstring Curl,The dumbbell lying hamstring curl is a hamstring curl with a dumbbell between the feet.,Hamstrings,3.5,"Bodybuilding, Home Workouts",168
1334,30 Legs Dumbbell Stiff-Legged Deadlift,The 30 Legs dumbbell stiff-legged deadlift is a stiff-legged deadlift with dumbbells.,"Hamstrings, Glutes, Lower Back",5.5,Bodybuilding,168
1335,Box jump,"The box jump is an explosive exercise that strengthens the muscles of the lower body, including the quads, glutes, calves, and hamstrings. They also develop power in the lower body while revving the heart rate. Box jumps can be performed for low reps to focus on strength and power, or for higher reps for metabolic conditioning. Most coaches recommend stepping down rather than jumping down between reps.","Legs, Glutes, Quads, Hamstrings, Calves",8.0,"Athletics, Crossfit, Plyometrics",144
1336,Box Jump (Multiple Response),"The box jump is a plyometric exercise that strengthens the muscles of the lower body, including the quads, glutes, calves and hamstrings. They also develop power in the lower-body while revving the heart rate.","Legs, Glutes, Quads, Hamstrings, Calves",8.0,"Crossfit, Plyometrics",144
1337,Sled push-,"The sled push is a conditioning exercise that targets the cardiovascular system and the muscles of the lower body. It involves pushing a sled along turf or another flat surface either for time or distance. Depending on your type of equipment, you may be pushing handles or straps in front of the sled. It can be used as part of a dynamic warm-up or for power training, as a finisher, or as part of a conditioning workout or circuit.","Legs, Quads, Glutes, Full Body",12.0,"American Football, Crossfit, Strength Training",192
1338,Lying Hamstring,This refers to lying hamstring stretches.,Hamstrings,1.5,Mobility,72
1339,Chair Leg Extended Stretch,The chair leg extended stretch is a hamstring stretch using a chair.,Hamstrings,1.5,Mobility,72
1340,Suspended Leg Curl,The suspended leg curl is a hamstring curl with a suspension trainer.,"Hamstrings, Glutes, Abs",5.0,"Fitness, Suspension Training",168
1341,Box Skip,The box skip is a plyometric drill.,"Legs, Calves",7.5,"Plyometrics, Sports Performance",144
1342,Power Stairs,Power stairs are a conditioning exercise involving running or jumping up stairs.,"Legs, Glutes, Quads, Calves, Full Body",10.0,"Cardio, HIIT",144
1343,Seated Hamstring and Calf Stretch,The seated hamstring and calf stretch is a stretch for the hamstrings and calves.,"Hamstrings, Calves",1.5,Mobility,72
1344,Hamstring slide,"The hamstring slide is a bodyweight exercise targeting the hamstrings. Lying supine on a smooth surface, bend your knees to pull both heels toward you. The sliding action requires a pad, cloth, or furniture sliders under the heels. These are considered more difficult than exercise ball hamstring curls and are a great primer movement before heavy squats or deadlifts, or as an accessory movement later in a lower-body workout.",Hamstrings,4.0,"Fitness, Home Workouts",120
1345,Seated Band Hamstring Curl,The seated band hamstring curl is a hamstring curl with a resistance band.,Hamstrings,2.5,"Home Workouts, Rehabilitation",96
1346,Lying cable leg curl,"The lying cable leg curl is a classic machine exercise for building greater muscle size and strength in the hamstrings. It's easy to learn, easy to master, and poses little in the way of injury risk. It is usually performed for moderate to high reps, at least 8-12 reps per set, as part of lower-body training.",Hamstrings,3.5,Bodybuilding,168
1347,Standing cable leg curl,"The standing cable leg curl is an isolation exercise for the hamstrings. It is often used as a variation of leg curl machines and for working each side independently. It is usually performed for moderate to high reps, at least 8-12 reps per set, as part of lower-body training.",Hamstrings,3.0,Bodybuilding,168
1348,Lying Leg Curls,"The lying leg curl is a popular machine-based exercise for the legs, particularly the hamstrings. It is similar to the seated leg curl, but the open hip angle in the lying leg curl may incorporate more glute and calf activation. It is usually performed for moderate to high reps, such as 8-12 reps per set or more, as part of a leg pre-exhaust or as a muscle-building movement for lower-body training.",Hamstrings,3.5,Bodybuilding,168
1349,Glute Ham Raise,The glute ham raise is an exercise targeting the glutes and hamstrings on a GHD.,"Hamstrings, Glutes, Lower Back",6.0,"Athletics, Crossfit, Strength Training",192
1350,Reverse Hyperextension,The reverse hyperextension is a posterior chain exercise.,"Lower Back, Glutes, Hamstrings",5.0,Strength Training,192
1351,Seated Leg Curl,"The leg curl is a popular machine-based exercise for the legs, particularly the hamstrings. It comes in seated and lying varieties, but the seated leg curl machine is more common in commercial gyms. Leg curl variations are usually performed for moderate to high reps, such as 8-12 reps per set or more, as part of a leg pre-exhaust or as a muscle-building movement for lower-body training.",Hamstrings,3.5,Bodybuilding,168
1352,Standing Leg Curl,The standing leg curl is a hamstring curl on a machine.,Hamstrings,3.0,Bodybuilding,168
1353,Smith machine stiff-legged deadlift,"The Smith machine stiff-legged deadlift is a machine-based exercise targeting the muscles of the hamstrings, glutes, and upper back. The Smith machine mimics a barbell but provides more stability. This movement can be programmed like a traditional stiff-legged or Romanian deadlift, in low reps for strength or higher reps for muscle and strength endurance. It is often performed for moderate to high reps, such as 8-12 reps per set or more, as part of a full-body or lower-body workout.","Hamstrings, Glutes, Lower Back",5.0,Bodybuilding,192
1354,Lying Leg Curl - Gethin Variation,"The lying leg curl is a popular machine-based exercise for the legs, particularly the hamstrings. It is similar to the seated leg curl, but the open hip angle in the lying leg curl may incorporate more glute and calf activation. It is usually performed for moderate to high reps, such as 8-12 reps per set or more, as part of a leg pre-exhaust or as a muscle-building movement for lower-body training.",Hamstrings,3.5,Bodybuilding,168
1355,Paul Carter Leg Extension,The leg extension is an isolation exercise for the quads.,Quads,3.0,Bodybuilding,168
1356,Lying leg curl,"The lying leg curl is a popular machine-based exercise for the legs, particularly the hamstrings. It is similar to the seated leg curl, but the open hip angle in the lying leg curl may incorporate more glute and calf activation. It is usually performed for moderate to high reps, such as 8-12 reps per set or more, as part of a leg pre-exhaust or as a muscle-building movement for lower-body training.",Hamstrings,3.5,Bodybuilding,168
1357,Seated Hamstring Curl - Gethin Variation,"The leg curl is a popular machine-based exercise for the legs, particularly the hamstrings. It comes in seated and lying varieties, but the seated leg curl machine is more common in commercial gyms. Leg curl variations are usually performed for moderate to high reps, such as 8-12 reps per set or more, as part of a leg pre-exhaust or as a muscle-building movement for lower-body training.",Hamstrings,3.5,Bodybuilding,168
1358,Single-leg lying leg curl,"The single-leg lying leg curl is a popular machine-based exercise for the legs, particularly the hamstrings. It is similar to the seated leg curl, but the open hip angle in the lying leg curl may incorporate more glute and calf activation. It is usually performed for moderate to high reps, such as 8-12 reps per set or more, as part of a leg pre-exhaust or as a muscle-building movement for lower-body training. Performing it one leg a time allows you to focus on the mind-muscle connection of each leg and address muscle imbalances.",Hamstrings,3.0,Bodybuilding,168
1359,Leg curl,"The leg curl is a popular machine-based exercise for the legs, particularly the hamstrings. It comes in seated and lying varieties, but the seated leg curl machine is more common in commercial gyms. Leg curl variations are usually performed for moderate to high reps, such as 8-12 reps per set or more, as part of a leg pre-exhaust or as a muscle-building movement for lower-body training.",Hamstrings,3.5,Bodybuilding,168
1360,Leg Extension - Gethin Variation,The leg extension is an isolation exercise for the quads.,Quads,3.0,Bodybuilding,168
1361,Single-leg leg extension-,"The single-leg leg extension is a popular machine-based exercise for the legs, particularly the quadriceps. It is usually performed for moderate to high reps, such as 8-12 reps per set or more, as part of a leg pre-exhaust or as a muscle-building movement for lower-body training. Performing it one leg a time allows you to focus on the mind-muscle connection of each leg and address muscle imbalances.",Quads,3.0,Bodybuilding,168
1362,Lying Hamstring Curls - Gethin Variation,"The lying leg curl is a popular machine-based exercise for the legs, particularly the hamstrings. It is similar to the seated leg curl, but the open hip angle in the lying leg curl may incorporate more glute and calf activation. It is usually performed for moderate to high reps, such as 8-12 reps per set or more, as part of a leg pre-exhaust or as a muscle-building movement for lower-body training.",Hamstrings,3.5,Bodybuilding,168
1363,AM Seated Hamstring Curl,"The leg curl is a popular machine-based exercise for the legs, particularly the hamstrings. It comes in seated and lying varieties, but the seated leg curl machine is more common in commercial gyms. Leg curl variations are usually performed for moderate to high reps, such as 8-12 reps per set or more, as part of a leg pre-exhaust or as a muscle-building movement for lower-body training.",Hamstrings,3.5,Bodybuilding,168
1364,UP Hamstring Curl,"The lying leg curl is a popular machine-based exercise for the legs, particularly the hamstrings. It is similar to the seated leg curl, but the open hip angle in the lying leg curl may incorporate more glute and calf activation. It is usually performed for moderate to high reps, such as 8-12 reps per set or more, as part of a leg pre-exhaust or as a muscle-building movement for lower-body training.",Hamstrings,3.5,Bodybuilding,168
1365,30 Legs Leg Extension,The 30 Legs leg extension is a standard leg extension.,Quads,3.0,Bodybuilding,168
1366,30 Legs Seated Leg Curl,The 30 Legs seated leg curl is a standard seated leg curl.,Hamstrings,3.5,Bodybuilding,168
1367,Natural Glute Ham Raise,"The glute ham raise is an exercise targeting the glutes and hamstrings on a GHD, or glute ham developer bench.","Hamstrings, Glutes, Lower Back",5.5,"Calisthenics, Strength Training",168
1368,Standing leg swing,"The standing leg swing is a dynamic stretching exercise that involves moving one leg up in front of you, as if to punt an imaginary football. This is a classic move for warming up the body and stretching the hamstrings.",Hamstrings,2.5,Mobility,84
1369,Linear Acceleration Wall Drill,The linear acceleration wall drill is a running drill for improving acceleration.,"Legs, Full Body",7.0,"Athletics, Sports Performance",144
1370,Knee Tuck Jump,"The tuck jump is a vertical jump, an explosive lower-body exercise that is a common way to measure explosive hip and lower-body strength in athletes. The more explosive you are, the higher you'll be able to jump.","Legs, Glutes, Quads, Full Body",8.5,"HIIT, Plyometrics",144
1371,Leg-Up Hamstring Stretch,The leg-up hamstring stretch is a hamstring stretch with one leg elevated.,Hamstrings,1.5,Mobility,72
1372,Inchworm,The inchworm is a popular bodyweight exercise that involves “walking” the hands on the floor from a bent-over toe-touch position into a straight-arm plank. It is usually performed as part of a dynamic warm-up to help raise core body temperature and “limber up” the body from head to toe.,"Full Body, Hamstrings, Shoulders, Abs",5.0,"Calisthenics, Fitness, Mobility",120
1373,Moving Claw Series,The moving claw series is a running drill.,"Legs, Hamstrings",6.0,Athletics,144
1374,Lying groin stretch with band,"The lying groin stretch with band is a simple way to stretch a chronically tight muscle group of the lower body. It is common in stretching and yoga classes but can also be performed individually as part of a warm-up, paired with movements in a workout, or as part of a cool-down or recovery strategy.",Inner Thighs,1.8,Mobility,84
1375,90/90 Hamstring,The 90/90 hamstring stretch is a common hamstring stretch.,Hamstrings,1.5,"Mobility, Rehabilitation",72
1376,World's greatest stretch,"The world's greatest stretch is a popular movement that earned its name because it targets multiple parts of the body, including the hips, shoulders, and thoracic spine, in a single sequence. This makes it a great dynamic warm-up, post-workout stretch, or mobility work you can do anytime.","Full Body, Hip Flexors, Hamstrings, Glutes, Obliques",3.0,"Fitness, Mobility",84
1377,The Straddle,The straddle is a seated stretch for the inner thighs and hamstrings.,"Inner Thighs, Hamstrings",1.5,"Gymnastics, Mobility, Yoga",72
1378,Prone Manual Hamstring,The prone manual hamstring is a partner-assisted hamstring exercise.,Hamstrings,3.5,"Partner Training, Rehabilitation",144
1379,Knee To Chest,The knee to chest is a lower back and glute stretch.,"Lower Back, Glutes",1.5,Mobility,72
1380,Hurdle Hops,Hurdle hops are a plyometric drill.,"Legs, Glutes, Quads, Full Body",8.5,"Athletics, Plyometrics",144
1381,Hip Stretch With Twist,The hip stretch with twist is a hip mobility drill.,"Hip Flexors, Glutes, Obliques",2.5,Mobility,84
1382,Linear 3-Part Start Technique,The linear 3-part start technique is a drill for improving sprinting starts.,"Legs, Full Body",8.0,Athletics,144
1383,Alternating Leg Swing,The alternating leg swing is a dynamic stretch.,"Hamstrings, Hip Flexors",2.5,Mobility,84
1384,Single-leg balance and reach,The single-leg balance and reach is an exercise that focuses on lower-body strength and stability.,"Hamstrings, Glutes, Lower Back",3.0,"Fitness, Rehabilitation",96
1385,High Kick,The high kick is a dynamic stretch for the hamstrings.,Hamstrings,3.5,"Martial Arts, Mobility",84
1386,Boss Everline 10-Yard Sprints,The Boss Everline 10-yard sprint is a short sprint drill.,"Legs, Full Body",12.0,"HIIT, Sports Performance",144
1387,Standing hamstring stretch,"The standing hamstring stretch is an exercise that stretches the hamstrings, the muscles that cover the back of the thighs. It involves looping a band around one foot and then pulling it, which produces an intense stretch in the hamstrings. It can be performed prior to training the lower body or playing sports, or as a restorative stretch anytime.",Hamstrings,1.8,Mobility,84
1388,Reverse lunge,"The reverse lunge is a lower-body exercise targeting the quads, glutes, and hamstrings. The reverse lunge places more emphasis on the glutes than other lunge variations.","Quads, Glutes, Hamstrings, Legs",4.0,"Fitness, Strength Training",120
1389,HM Alternating Cross Lunge,The HM alternating cross lunge is a lunge with a crossover motion.,"Glutes, Quads, Inner Thighs, Legs",4.0,"Dance, Fitness",120
1390,HM Alternating Front Kick,The HM alternating front kick is a dynamic stretch.,"Hamstrings, Hip Flexors",3.5,"Martial Arts, Mobility",84
1391,HM World's Greatest Stretch,The HM world's greatest stretch is a full-body mobility drill.,"Full Body, Hip Flexors, Hamstrings, Glutes, Obliques",3.0,Mobility,84
1392,HM Alternating Sprawl Kick-Through,"The HM alternating sprawl kick-through is a dynamic, full-body exercise.",Full Body,8.0,"Animal Flow, Fitness",168
1393,HM Alternating Step-Back,The HM alternating step-back is a simple stepping exercise.,"Legs, Full Body",3.0,Mobility,84
1394,HM Alternating Step-Up With Chair,The HM alternating step-up with a chair is a step-up using a chair.,"Quads, Glutes, Legs",4.0,"Home Workouts, Strength Training",96
1395,HM Right Knee-Up,The HM right knee-up is a dynamic warm-up.,"Hip Flexors, Full Body",4.0,Mobility,84
1396,HM Low Lunge With External Twist,The HM low lunge with external twist is a hip mobility drill.,"Hip Flexors, Glutes, Obliques",2.5,"Mobility, Yoga",84
1397,HM Ninja Crawl,The HM ninja crawl is a primal movement exercise.,Full Body,7.0,"Animal Flow, Fitness",144
1398,HM Pigeon Stretch,The HM pigeon stretch is a hip stretch.,"Glutes, Hip Flexors",2.0,"Mobility, Yoga",84
1399,Single-Leg Deadlift Walk,The single-leg deadlift walk is a dynamic exercise that challenges balance.,"Hamstrings, Glutes",4.5,"Fitness, Mobility",144
1400,Total Fitness Hamstring Slide,"The hamstring slide is a bodyweight exercise targeting the hamstrings. Lying supine on a smooth surface, you bend your knees to pull both heels toward you. The sliding action requires a pad, cloth, or furniture sliders under the heel. These are considered more difficult than exercise ball hamstring curls, and are a great primer movement before heavy squats or deadlifts, or as an accessory movement later in a lower-body workout.",Hamstrings,4.0,"Fitness, Home Workouts",120
1401,30 Legs Walking Lunge,The 30 Legs walking lunge is a standard walking lunge.,"Quads, Glutes, Hamstrings, Legs",4.5,Strength Training,120
1402,Glute ham raise-,"The glute ham raise is an exercise targeting the glutes and hamstrings on a GHD, or glute ham developer bench. The unassisted version of the movement requires serious hamstring strength, so it is more common to see versions that use a band or PVC pipe for assistance. It is commonly performed as an accessory movement for heavy barbell lifts. While a single rep may be a struggle at first, with time, strong athletes can build up to doing them for 8-12 reps per set.","Hamstrings, Glutes, Lower Back",6.0,"Crossfit, Strength Training",192
1403,Lying hamstring stretch with band,"The lying hamstring stretch with band is a simple way to stretch a chronically tight muscle group of the lower body. It is common in stretching and yoga classes but can also be performed individually as part of a warm-up, paired with movements in a workout, or as part of a cool-down or recovery strategy.",Hamstrings,1.8,Mobility,84
1404,Upper Back-Leg Grab,The upper back-leg grab is a stretch.,"Quads, Hip Flexors",1.8,Mobility,72
1405,Seated Hamstring,This refers to seated hamstring stretches.,Hamstrings,1.5,Mobility,72
1406,Alternating lunge jump,"The alternating lunge jump is an explosive bodyweight exercise that targets the lower-body muscles, including the quads, glutes, and hamstrings. It can be performed for time or reps in power training, and is also effective in any fat-loss or athleticism-focused workout.","Quads, Glutes, Hamstrings, Legs",8.5,"HIIT, Plyometrics",168
1407,Runner's Stretch,The runner's stretch is a common hamstring and hip flexor stretch.,"Hamstrings, Hip Flexors, Glutes",2.0,"Mobility, Running",84
1408,Exercise ball leg curl,"The exercise ball leg curl is an exercise targeting the hamstrings. In particular, it targets the knee flexion function of the hamstrings, as opposed to deadlift variations, which target the other hamstring function, hip flexion. Many lifters opt for this exercise when they don't have access to a lying leg curl machine, but it is worth considering even if you already do machine curls.","Hamstrings, Glutes",4.0,"Fitness, Home Workouts",120
1409,Ball Hamstring Hat Trick,"The exercise ball leg curl is an exercise targeting the hamstrings. In particular, it targets the knee flexion function of the hamstrings, as opposed to deadlift variations, which target the other hamstring function, hip flexion. Many lifters opt for this exercise when they don’t have access to a lying leg curl machine, but it is worth considering even if you already do machine curls.","Hamstrings, Glutes",4.5,Fitness,120
1410,Band-assisted pull-up,"The band-assisted pull-up is a variation of the pull-up exercise in which the reps are performed with an elastic band looped around the feet or knees. This reduces weight and resistance at the bottom of the rep, while increasing it toward the top. Like other pull-up variations, it builds strength and muscle in the upper back, biceps, and core, and is often used as a way to help people boost their pull-up numbers or perform their first rep.","Back, Lats, Biceps",4.0,"Calisthenics, Strength Training",144
1411,Assisted Chin-Up,"The reverse-grip chin-up is a variation of the pull-up exercise in which the reps are performed with the palms facing toward the body, in an underhand position, with a band looped around the feet or knees. This reduces weight and resistance at the bottom of the rep, while increasing it toward the top. Like other pull-up variations, it builds strength and muscle in the upper back, biceps, and core, but it utilizes the biceps slightly more than overhand band-assisted pull-ups.","Back, Biceps, Lats",4.0,Calisthenics,144
1412,UN Band Assisted Pull-up Pronated,The UN band assisted pull-up pronated is a band-assisted pull-up.,"Back, Lats, Biceps",4.0,Calisthenics,144
1413,UN Band Assisted Pull-up Neutral,The UN band assisted pull-up neutral is a band-assisted neutral grip pull-up.,"Back, Lats, Biceps",4.0,Calisthenics,144
1414,UN Band Assisted Pull-up Supinated,The UN band assisted pull-up supinated is a band-assisted chin-up.,"Biceps, Back, Lats",4.0,Calisthenics,144
1415,FYR2 Monster Band Face-Pull Hold,The FYR2 monster band face-pull hold is a shoulder health exercise with an isometric hold.,"Shoulders, Back, Traps",3.0,"Rehabilitation, Strength Training",120
1416,Single-arm band low row,"The single-arm band low row is a single-arm row variation utilizing a band for resistance that is anchored low. It targets the muscles of the middle back, like the lats (latissimus dorsi) and rhomboids, but also the core. It is usually performed for moderate to high reps, at least 8-15 reps per set, in the later stages of a back or upper-body workout.","Back, Lats, Biceps, Obliques",3.5,"Home Workouts, Strength Training",144
1417,Latissimus dorsi SMR,"Latissimus dorsi self-myofascial release (SMR) is a self-administered soft-tissue treatment for the upper body, usually using a foam roller, lacrosse ball, or other ""trigger point"" massage tool. By applying pressure strategically to the lat muscles of the mid back, some people find they can cause this often painful and tight area to relax or ""release."" Latissimus dorsi SMR is often accompanied by SMR on the pectorals or rhomboids, or by stretches that target the lats.","Lats, Back",2.0,"Mobility, Rehabilitation",84
1418,Bent-arm barbell pull-over,"The bent-arm barbell pull-over was a staple exercise of the ""Golden Era"" of bodybuilding and a favorite of Arnold Schwarzenegger himself. Done properly, the exercise targets the pecs, lats, and serratus anterior muscles. Old-school bodybuilders would perform them with light weights for sets of 20 between sets of heavy 20-rep squats, but pull-overs are more popular today in moderate rep ranges, such as 8-12 reps per set, as part of an upper-body workout.","Chest, Lats, Back",4.0,Bodybuilding,192
1419,Barbell pull-over to press,"The barbell pull-over to press is a complex that combines two popular exercises into one sequence that works much of the upper body, particularly the chest, triceps, and serratus anterior muscles. It is commonly performed with an EZ-bar, but can also be performed with a straight bar or neutral-grip bar. Because the pull-over will determine the amount of weight you can use, this movement is usually performed for moderate to high reps, such as 8-12 reps per set or more, as part of the upper-body portion of a workout.","Chest, Lats, Triceps",4.8,"Bodybuilding, Fitness",192
1420,Single-arm barbell bent-over row,"The single-arm barbell bent-over row is a barbell exercise focused on the muscles of the middle back, such as the lats (latissimus dorsi) and rhomboids. It also targets the biceps and grip. If the loose end of the barbell moves around, it can be secured by placing it in the corner of a room.","Back, Lats, Biceps",5.0,"Bodybuilding, Strength Training",192
1421,Reverse Barbell Row,The reverse barbell row is a bent-over row with a supinated grip.,"Back, Lats, Biceps",5.5,"Bodybuilding, Strength Training",192
1422,Side kick-through to kettlebell high pull,"The side kick-through to kettlebell high pull is a combination of a popular bodyweight exercise and an explosive kettlebell movement. Between them, the pairing targets the traps, shoulders, core, hips, hamstrings, and glutes. This combination can be performed for time or for reps, often as circuit-style training for conditioning or fat loss.","Full Body, Traps, Shoulders, Obliques, Glutes",8.5,"Fitness, HIIT, Kettlebell Training",168
1423,FYR2 Alternating Kettlebell Snatch,The FYR2 alternating kettlebell snatch is a kettlebell snatch performed with alternating arms.,"Full Body, Shoulders, Back, Glutes, Hamstrings",9.5,"Crossfit, Kettlebell Training",192
1424,FYR2 Alternating Kettlebell Swing,The FYR2 alternating kettlebell swing is a kettlebell swing with alternating arms.,"Full Body, Hamstrings, Glutes, Lower Back",9.5,"Crossfit, Kettlebell Training",168
1425,FYR2 American Kettlebell Swing,The FYR2 American kettlebell swing is a kettlebell swing where the kettlebell goes overhead.,"Full Body, Hamstrings, Glutes, Shoulders",11.0,"Crossfit, Kettlebell Training",192
1426,FYR2 Double-Kettlebell Standing Clean,The FYR2 double-kettlebell standing clean is a clean with two kettlebells.,"Full Body, Back, Shoulders, Legs",8.5,"Kettlebell Training, Strength Training",192
1427,FYR2 Kettlebell Swing High Pull,The FYR2 kettlebell swing high pull is a combination of a kettlebell swing and a high pull.,"Full Body, Hamstrings, Glutes, Shoulders, Traps",9.8,"Crossfit, Kettlebell Training",168
1428,FYR2 Kettlebell Swing-Clean-Press Combo,The FYR2 kettlebell swing-clean-press combo is a kettlebell complex.,Full Body,10.5,"Crossfit, Fitness, Kettlebell Training",192
1429,FYR2 Kettlebell Swing-Clean-Press-Row Combo,The FYR2 kettlebell swing-clean-press-row combo is a kettlebell complex.,Full Body,11.0,"Fitness, Kettlebell Training",192
1430,FYR2 Single-Arm Kettlebell Clean,The FYR2 single-arm kettlebell clean is a standard single-arm kettlebell clean.,"Full Body, Back, Shoulders, Legs",8.0,"Crossfit, Kettlebell Training",168
1431,FYR2 Single-Arm Kettlebell Swing,The FYR2 single-arm kettlebell swing is a standard single-arm kettlebell swing.,"Full Body, Hamstrings, Glutes, Lower Back, Obliques",9.5,"Crossfit, Kettlebell Training",168
1432,PJR pull-over-,"The PJR pull-over is a triceps-focused version of the pull-over exercise, usually performed on either a flat or slightly inclined bench. The low position of the movement stretches the triceps—particularly the long head of the muscle—while the top position is a triceps press that contracts all three heads. It can be done in any type of strength or muscle-focused workout, in traditional muscle-building rep ranges, such as 8-12 reps, or for higher reps.","Triceps, Lats, Chest",4.5,Bodybuilding,168
1433,Dumbbell seal row,"The dumbbell seal row is a weighted exercise targeting the muscles of the middle back, including the lats (latissimus dorsi) and rhomboids. It can be performed on a special elevated bench, on a bench placed on top of boxes or benches, or on a bench with a slight incline. The higher the bench, the greater the range of motion and stretch at the bottom of the movement. It is usually performed as an assistance movement for back strength and muscle growth, in rep ranges of 8-12 reps per set or higher.","Back, Lats",4.5,"Bodybuilding, Strength Training",168
1434,Incline Dumbbell Row - Gethin Variation,The incline dumbbell row is an upper body isolation exercise targeting the lower lats and upper back muscles.,"Back, Lats, Biceps",4.0,Bodybuilding,168
1435,FYR Bent-Over Dumbbell Row,"The dumbbell bent-over row is a popular exercise to develop and strengthen the muscles of the upper and middle back, like the latissimus (lat), lower trapezius, and rear deltoids. It can work equally well in strength, muscle-building, or circuit-style fat-loss workouts.","Back, Lats, Biceps",5.0,"Bodybuilding, Strength Training",168
1436,Straight-Arm Dumbbell Pull-Over - Gethin Variation,"The straight-arm dumbbell pull-overpull-over was a staple exercise of the Golden Era of bodybuilding and a favorite of Arnold Schwarzenegger himself. Done properly, the exercise hits the bottom of the pecs, the lats, the abs, and the triceps.","Chest, Lats, Back, Abs, Triceps",4.5,Bodybuilding,168
1437,Bent-Over Dumbbell Row - Gethin Variation,"The dumbbell bent-over row is a popular exercise to develop and strengthen the muscles of the upper and middle back, like the latissimus (lat), lower trapezius, and rear deltoids. It can work equally well in strength, muscle-building, or circuit-style fat-loss workouts.","Back, Lats, Biceps",5.0,Bodybuilding,168
1438,Bent-over dumbbell rear delt fly,"The bent-over dumbbell rear delt fly is a popular upper-body exercise that targets the muscles on the back of the shoulder joint, specifically the rear head of the deltoid. Since pressing movements build the front and (to a lesser degree) side deltoid heads, this move is often done to promote balanced shoulder development. It is usually performed for high reps, such as 10-15 reps per set or more, as part of a shoulder or upper-body workout.","Shoulders, Deltoids, Back",3.5,"Bodybuilding, Strength Training",168
1439,Band Resisted Dumbbell Row,The band resisted dumbbell row is a dumbbell row with added band resistance.,"Back, Lats, Biceps",5.5,"Fitness, Strength Training",168
1440,Holman Right Arm Weighted Half Jack,The Holman right arm weighted half jack is a jumping jack with a weight in the right arm.,"Full Body, Shoulders",8.5,HIIT,168
1441,Holman Left Arm Weighted Half Jack,The Holman left arm weighted half jack is a jumping jack with a weight in the left arm.,"Full Body, Shoulders",8.5,HIIT,168
1442,Holman Renegade Row,The Holman renegade row is a plank row.,"Back, Abs, Obliques, Shoulders",6.5,"Crossfit, Fitness",168
1443,Holman Renegade Row with Opposite Foot Step-Out,The Holman renegade row with opposite foot step-out is a renegade row with a step-out for added challenge.,"Back, Abs, Obliques, Shoulders, Glutes",7.0,Fitness,168
1444,Holman Renegade Row to Weighted Burpee,The Holman renegade row to weighted burpee is a compound conditioning exercise.,Full Body,11.0,"Crossfit, HIIT",192
1445,Holman Weighted Double-Arm Cross Punch,The Holman weighted double-arm cross punch is a core and shoulder exercise.,"Obliques, Shoulders",5.0,"Boxing, Fitness",168
1446,Holman Standing Flat Back Row,The Holman standing flat back row is a bent-over row with a flat back.,"Back, Lats, Biceps",5.0,Strength Training,168
1447,Total Fitness Dumbbell Isometric Row Hold,"The dumbbell bent-over row is a popular exercise to develop and strengthen the muscles of the upper and middle back, like the latissimus (lat), lower trapezius, and rear deltoids. It can work equally well in strength, muscle-building, or circuit-style fat-loss workouts.","Back, Lats, Biceps",3.5,Strength Training,168
1448,Dumbbell renegade row,"The dumbbell renegade row combines rowing and core training into a single difficult movement. It's popular in time-efficient strength and muscle-building workouts, as well as in circuit-style training.","Back, Abs, Obliques, Shoulders",6.5,"Crossfit, Fitness",168
1449,MetaBurn Bent-Over Row to Rear-Delt Raise,The MetaBurn bent-over row to rear-delt raise is a compound back and shoulder exercise.,"Back, Shoulders, Deltoids",5.0,"Bodybuilding, Fitness",168
1450,FYR2 Bent-Over Reverse Fly,The FYR2 bent-over reverse fly is a rear deltoid exercise.,"Shoulders, Deltoids, Back",3.5,Bodybuilding,168
1451,Weighted pull-up,"The weighted pull-up is a more advanced variation of the pull-up exercise in which the lifter adds extra weight to their body. Options for adding weight include a dip belt, weighted vest, chains, a dumbbell placed between the feet or legs, or looping a kettlebell over the foot. Like other pull-up variations, the weighted pull-up builds strength and muscle in the upper back, biceps, and core.","Back, Lats, Biceps",8.0,"Calisthenics, Crossfit, Strength Training",192
1452,Rocky Pull-Ups/Pulldowns,Rocky pull-ups/pulldowns are likely a specific style of pull-up or pulldown.,"Back, Lats, Biceps",6.5,Bodybuilding,192
1453,Gironda Sternum Chins,The Gironda sternum chin is a chin-up where you pull your chest to the bar.,"Back, Lats, Biceps",6.5,Bodybuilding,192
1454,Floor rope climb,"The floor rope climb is an exercise that involves performing partial rope climbs in a prone position with the feet on the floor. It can help prepare someone for full rope climbs, but also trains the muscles of the back, biceps, and grip. It can be done for time or reps.","Back, Biceps, Forearms",5.5,"Fitness, Obstacle Course Racing",168
1455,Overhead Lat,This refers to overhead lat stretches.,"Lats, Back",1.5,Mobility,72
1456,Around-the-world pull-up,"The around-the-world pull-up is a more advanced version of the classic pull-up. It focuses stress more directly on the individual arms or sides of the back, while also boosting the time under tension at the top of each rep. It can be used as a progression toward a one-arm pull-up, or simply as a way to increase the challenge and variety of your pull-up training.","Back, Lats, Biceps",7.0,Calisthenics,192
1457,L-sit chin-up,"The L-sit chin-up is an exercise targeting the back, biceps, core, and overall upper-body strength. It is considered significantly more difficult than standard chin-ups, and as such, is often performed for relatively low reps, such as 5-8 reps per set or less, with a focus on strength and form.","Back, Biceps, Abs",8.0,"Calisthenics, Gymnastics",192
1458,Back Flyes - Gethin Variation,"The incline dumbbell reverse fly is an upper-body exercise targeting the posterior or rear deltoids, as well as the postural muscles of the upper back. Because it targets such small muscles, this exercise is usually performed with light weight for high reps, such as 10-15 reps per set or more.","Shoulders, Deltoids, Back",3.5,Bodybuilding,168
1459,Incline straight-arm pull-over,"The incline straight-arm pull-over is an upper-body exercise targeting the chest and lats (latissimus dorsi). Performing it on an incline bench emphasizes the stretch on the chest in particular. If this movement causes pain in the front of the shoulders, perform it with a more limited range of motion or try pull-overs using a high cable stack instead. Pull-over variations are usually performed for moderate to high reps, such as 8-12 reps per set or more, as part of chest or back-focused upper-body training.","Chest, Lats, Back",4.5,Bodybuilding,168
1460,Machine high row,"The machine high row is a machine-based exercise targeting the back muscles, including the lats, rhomboids, and middle and lower traps. It approximates the motion of a free-weight row, but uses a selectorized weight-stack or plate-loaded machine. Many such machines also allow you to choose between different grips and grip widths. Machine rows are often done for moderate to high reps, such as 8-12 reps per set or more, as part of the upper-body or back-focused portion of a workout.","Back, Lats, Traps",4.0,Bodybuilding,168
1461,AM T-Bar Row,The AM T-bar row is a T-bar row on a machine.,"Back, Lats, Biceps",4.5,Bodybuilding,168
1462,Assisted Single-Arm Pull-Up,The assisted single-arm pull-up is a progression towards a one-arm pull-up.,"Back, Lats, Biceps",5.5,Calisthenics,192
1463,Assisted Single-Arm Chin-Up,The assisted single-arm chin-up is a progression towards a one-arm chin-up.,"Biceps, Back, Lats",5.5,Calisthenics,192
1464,Holman Renegade Punch-Under,The Holman renegade punch-under is a dynamic core exercise.,"Obliques, Abs, Shoulders",6.0,"Boxing, Fitness",168
1465,Holman Renegade Row to Split Jump,The Holman renegade row to split jump is a compound conditioning exercise.,"Full Body, Back, Legs",9.5,"Fitness, HIIT",168
1466,Holman Dirty Dog to Renegade Row,"The Holman dirty dog to renegade row is a compound core, glute, and back exercise.","Glutes, Back, Abs, Obliques",6.8,Fitness,168
1467,Holman Renegade Row to Side Punch to Forward Punch,The Holman renegade row to side punch to forward punch is a core and back combo.,"Back, Obliques, Shoulders, Abs",7.2,"Boxing, Fitness",168
1468,Standing dumbbell knee crunch,"The standing dumbbell knee crunch is a great way to train the abs while standing up. Additionally, the deltoids are worked because the lifter holds a pair of dumbbells overhead throughout.","Abs, Deltoids, Shoulders",5.0,Fitness,168
1469,Close-grip pull-down,"The close-grip pull-down is a variation on the lat pull-down that is performed with an overhand grip and the hands slightly closer than shoulder-width apart. This increases the range of motion beyond wider grips, and may increase the time under tension in each rep. This variation is usually performed for moderate to high reps as part of a back or upper-body workout.","Back, Lats, Biceps",4.0,Bodybuilding,168
1470,Shotgun row,"The shotgun row is a single-arm row variation utilizing a cable stack in a staggered stance. It targets the muscles of the middle back, like the lats (latissimus dorsi) and rhomboids, but also the core. It is usually performed for moderate to high-reps, at least 8-15 reps per set, in the later stages of a back or upper-body workout.","Back, Lats, Biceps, Obliques",4.5,"Bodybuilding, Fitness",168
1471,Close-Grip Front Lat Pulldown,"The close-grip pull-down is a variation on the lat pull-down, acable-based exercise machine that’s ubiquitous in gyms around the world. This back builder is easy to learn and highly effective, allowing for variable resistance depending on where you place the pin in the stack.","Back, Lats, Biceps",4.0,Bodybuilding,168
1472,Straight-arm rope pull-down,"The straight-arm rope pull-down is a variation of the straight-arm lat pull-down performed using a cable stack machine and a rope grip. It can either be performed in an athletic upright stance, or slightly bent over. It both stretches and contracts the muscles of the lats (latissimus dorsi) as well as providing additional activation to the other upper back muscles and the core. Because the triceps are also isometrically involved in the movement, it is usually performed for higher reps, such as 8-15 reps or more.","Lats, Back, Triceps",3.5,Bodybuilding,168
1473,Lat pull-down,"The lat pull-down is a cable-based exercise that's ubiquitous in gyms around the world. This back builder is easy to learn and highly effective at building back size and strength. It's usually trained in moderate to high reps, such as 8-12 reps per set. If grip strength is a limitation, you can wear wrist straps.","Back, Lats, Biceps",4.0,"Bodybuilding, Strength Training",168
1474,Straight-Arm Pulldown,"The straight-arm bar pull-down is a variation of the straight-arm lat pull-down performed using a cable stack machine. It can either be performed in an athletic upright stance, or slightly bent-over. It both stretches and contracts the muscles of the lats (latissimus dorsi) as well as providing additional activation to the other upper back muscles and the core. Because the triceps are also isometrically involved in the movement, it is usually performed for higher reps, like 8-15 reps or above.","Lats, Back, Triceps",3.5,Bodybuilding,168
1475,Single-arm kneeling lat pull-down,"The single-arm kneeling lat pull-down is a variation of the lat pull-down exercise performed one arm at a time, with the knees on the ground, rather than sitting on a bench or machine. It has all of the same benefits of a lat pull-down performed on a bench or machine, in addition to providing further activation to the core and lower body.","Back, Lats, Biceps, Obliques",4.0,"Bodybuilding, Fitness",168
1476,Elevated Cable Rows,"The cable seated row is a popular exercise to train the muscles of the upper back, including the lats (latissimus dorsi), traps, rhomboids, and rear deltoids, using a cable stack. It also targets the biceps to a lesser degree. The cable row can work well in a variety of rep-ranges, but is most popular in muscle-building workouts or as an accessory movement for strength workouts.","Back, Lats, Biceps, Traps",4.0,Bodybuilding,168
1477,Full Range-Of-Motion Lat Pulldown,The full range-of-motion lat pulldown is a lat pulldown with a complete range of motion.,"Back, Lats, Biceps",4.0,Bodybuilding,168
1478,Kneeling lat pull-down,"The kneeling lat pull-down is a variation of the lat pull-down exercise performed with the knees on the ground rather than sitting on a bench or machine. It has all of the same benefits of a lat pull-down performed on a bench or machine, in addition to providing further activation to the core and lower body.","Back, Lats, Biceps, Abs",4.2,"Bodybuilding, Fitness",168
1479,Behind-the-neck pull-down,"The behind-the-neck pull-down is a cable exercise intended to target the muscles of the upper and middle back. If you have the requisite shoulder mobility, it can help you target the upper back muscles, including the trapezius and rhomboids, as well as the lats (latissimus dorsi). It is popular among elite bodybuilders and physique athletes, but some coaches consider it unsafe to the shoulder joint, particularly for people with existing shoulder problems.","Back, Lats, Traps",4.0,Bodybuilding,192
1480,Straight-arm cable pull-over,"The straight-arm cable pull-over is an exercise that focuses on the muscles of the lats (latissimus dorsi) and chest using a cable stack and a flat bench. It is most commonly used for higher reps, such as 10-15 or more, in muscle-building workouts. It is also an effective substitute for dumbbell pull-overs or a pull-over machine, if you don't have access to them or they aggravate your shoulders.","Lats, Chest, Back",4.0,Bodybuilding,168
1481,Cable Straight-Arm Pulldown - Gethin Variation,"The straight-arm bar pull-down is a variation of the straight-arm lat pull-down performed using a cable stack machine. It can either be performed in an athletic upright stance, or slightly bent-over. It both stretches and contracts the muscles of the lats (latissimus dorsi) as well as providing additional activation to the other upper back muscles and the core. Because the triceps are also isometrically involved in the movement, it is usually performed for higher reps, like 8-15 reps or above.","Lats, Back, Triceps",3.5,Bodybuilding,168
1482,Rope Lat Pull-down - Gethin Variation,"The close-grip pull-down is a variation on the lat pull-down, acable-based exercise machine that’s ubiquitous in gyms around the world. This back builder is easy to learn and highly effective, allowing for variable resistance depending on where you place the pin in the stack.","Back, Lats, Biceps",4.0,Bodybuilding,168
1483,Straight-Arm Pull-Down - Gethin Variation,"The straight-arm bar pull-down is a variation of the straight-arm lat pull-down performed using a cable stack machine. It can either be performed in an athletic upright stance, or slightly bent-over. It both stretches and contracts the muscles of the lats (latissimus dorsi) as well as providing additional activation to the other upper back muscles and the core. Because the triceps are also isometrically involved in the movement, it is usually performed for higher reps, like 8-15 reps or above.","Lats, Back, Triceps",3.5,Bodybuilding,168
1484,High-cable standing row,"The high-cable standing row is an exercise targeting the lats. The high position allows for more engagement of the upper back, as well, specifically the rhomboids and teres major.","Back, Lats, Shoulders",4.0,Bodybuilding,168
1485,Lat Pull-down - Gethin Variation,"The lat pull-down is a cable-based exercise machine that’s ubiquitous in gyms around the world. This back builder is easy to learn and highly effective, allowing for variable resistance depending on where you place the pin in the stack.","Back, Lats, Biceps",4.0,Bodybuilding,168
1486,Wide-Grip Lat Pull-Down - Gethin Variation,"The lat pull-down is a cable-based exercise machine that’s ubiquitous in gyms around the world. This back builder is easy to learn and highly effective, allowing for variable resistance depending on where you place the pin in the stack.","Back, Lats, Biceps",4.0,Bodybuilding,168
1487,Behind-The-Neck Pull-Down - Gethin Variation,"The behind-the-neck pull-down is a cable exercise intended to target the muscles of the upper and middle back. If you have the requisite shoulder mobility, it can help you targets the upper back muscles, including the trapezius and rhomboids, as well as the lats (latissimus dorsi). It is popular among elite bodybuilders and physique athletes, but some coaches consider it unsafe to the shoulder joint, in particular to people with existing shoulder problems.","Back, Lats, Traps",4.0,Bodybuilding,192
1488,Single-Arm Cable Row - Gethin Variation,"The single-arm cable seated row is a version of the cable row movement that train the muscles of the upper back one side at a time. It targets a wide range of muscles including the lats (latissimus dorsi), traps, rhomboids, and rear deltoids, as well as the biceps. The single-arm row can work well in a variety of rep-ranges, but is most popular in muscle-building workouts or as an accessory movement for strength workouts.","Back, Lats, Biceps, Obliques",4.0,Bodybuilding,168
1489,Scapular Rows,Scapular rows are a back activation exercise.,Back,2.5,"Mobility, Rehabilitation",96
1490,Standing V-Grip Cable Rows,The standing V-grip cable row is a back exercise with a V-grip handle.,"Back, Lats, Biceps",4.0,Bodybuilding,168
1491,AM Close-Grip Pull-Down,"The close-grip pull-down is a variation on the lat pull-down, acable-based exercise machine that’s ubiquitous in gyms around the world. This back builder is easy to learn and highly effective, allowing for variable resistance depending on where you place the pin in the stack.","Back, Lats, Biceps",4.0,Bodybuilding,168
1492,AM Wide-Grip Pull-Down,"The lat pull-down is a cable-based exercise machine that’s ubiquitous in gyms around the world. This back builder is easy to learn and highly effective, allowing for variable resistance depending on where you place the pin in the stack.","Back, Lats, Biceps",4.0,Bodybuilding,168
1493,UP Lat Pull-Down,"The lat pull-down is a cable-based exercise machine that’s ubiquitous in gyms around the world. This back builder is easy to learn and highly effective, allowing for variable resistance depending on where you place the pin in the stack.","Back, Lats, Biceps",4.0,Bodybuilding,168
1494,Reverse-grip lat pull-down,"The reverse-grip lat pull-down is variation on the lat pull-down that targets the lower lats more than an overhand grip. Because the hands are relatively close together, it also increases the range of motion beyond wider-grip pull-down variations. It can be performed for low reps, such as 5-6 per set, for back strength, or for higher reps for size.","Lats, Biceps, Back",4.0,Bodybuilding,168
1495,Machine seated row,"The machine seated row is a popular exercise targeting the back muscles, particularly the lats (latissimus dorsi), rhomboids, and middle and lower trapezius. There is a wide variety of seated row machines, but most of them approximate the motion of a free-weight row, but in an upright, forward-facing position. Machine row variations are often performed for moderate to high reps, such as 8-12 reps per set or more, as part of an upper-body or back-focused portion of a workout.","Back, Lats, Biceps",4.0,"Bodybuilding, Strength Training",168
1496,Machine-assisted pull-up,"The machine-assisted pull-up takes a classic back-building exercise and adds assistance to make the movement easier than the bodyweight version. The amount of assistance can easily be changed by moving the pin in the stack. While some people use this variation as a substitute for pull-ups or as an assistance exercise for pull-ups, it is also effective as a way to perform the pull-up motion in traditional muscle-building ranges. This variation is often performed for moderate to high reps, such as 8-12 reps per set or more, as part of upper-body or back-focused training.","Back, Lats, Biceps",3.5,Strength Training,168
1497,Single-arm pull-down,"The single-arm pull-down is a variation on the lat pull-down that is performed one arm at a time, usually with a D-shaped handle and a cable stack. Many lifters find they can feel the lat (latissimus dorsi) muscles working better with single-arm variations.","Lats, Back, Biceps",4.0,Bodybuilding,168
1498,Chest-Supported Smith Machine Row - Gethin Variation,The chest-supported Smith machine row - Gethin variation is a specific type of row.,"Back, Lats, Biceps",4.5,Bodybuilding,192
1499,Single-arm machine high row,"The single-arm machine high row is a machine-based exercise targeting the back muscles, including the lats, rhomboids, and middle and lower traps. It approximates the motion of a free-weight row, but uses a selectorized weight-stack or plate-loaded machine. Many such machines also allow you to choose between different grips and grip widths. Machine-based rows are often done for moderate to high reps, such as 8-12 reps per set or more, as part of the upper-body or back-focused portion of a workout.","Back, Lats, Biceps, Obliques",4.0,Bodybuilding,168
1500,Machine Pull-Over - Gethin Variation,The machine pull-over - Gethin variation is a specific type of pull-over.,"Lats, Chest, Back",3.5,Bodybuilding,168
1501,Seated Machine Row - Gethin Variation,"The machine seated row is an exercise targeting the back muscles, emphasizing the mid- to upper-back.","Back, Lats, Biceps",4.0,Bodybuilding,168
1502,Wide-Grip Machine Row,The wide-grip machine row is a row with a wide grip on a machine.,"Back, Lats",4.0,Bodybuilding,168
1503,King Maker Lat Pull-Down,"The lat pull-down is a cable-based exercise machine that’s ubiquitous in gyms around the world. This back builder is easy to learn and highly effective, allowing for variable resistance depending on where you place the pin in the stack.","Back, Lats, Biceps",4.0,Strength Training,168
1504,Robertson Half-Kneeling Landmine Press,The Robertson half-kneeling landmine press is a shoulder press with a landmine.,"Shoulders, Abs",4.5,Fitness,192
1505,Pullups,"The pull-up is a multi-joint bodyweight exercise that builds strength and muscle in the upper back, biceps, and core. It is often used as a measurement tool in military or tactical fitness tests, and is an excellent gauge of “relative strength” which is strength in relation to bodyweight.","Back, Lats, Biceps",6.0,"Calisthenics, Crossfit, Military Training",168
1506,Pull-up,"The pull-up is a multijoint bodyweight exercise that builds strength and muscle in the upper back, biceps, and core. It is often used as a measurement tool in military or tactical fitness tests, and is an excellent gauge of ""relative strength"" which is strength in relation to body weight.","Back, Lats, Biceps",6.0,"Calisthenics, Crossfit",168
1507,Muscle Up,The muscle-up is an advanced bodyweight exercise.,"Back, Lats, Biceps, Chest, Triceps, Shoulders, Full Body",9.0,"Calisthenics, Crossfit, Gymnastics",216
1508,Rope climb,"The rope climb is an exercise that is used commonly in CrossFit workouts and as a test of upper-body strength. It was even contested at the Olympics in the early 20th century. It targets a wide range of upper-body musculature, including the hands and forearms, shoulders, biceps, lats (latissimus dorsi), and core.","Back, Biceps, Forearms, Full Body",11.0,"Crossfit, Gymnastics, Military Training, Obstacle Course Racing",192
1509,Wide-Grip Rear Pull-Up,The wide-grip rear pull-up is a pull-up behind the neck.,"Back, Lats",6.0,Calisthenics,192
1510,Side To Side Chins,Side to side chins are a chin-up variation with lateral movement.,"Back, Biceps, Lats",6.5,Calisthenics,192
1511,Neutral-grip pull-up,"The neutral-grip pull-up is a multijoint bodyweight exercise in which the reps are performed with the palms facing one another. Like other pull-up variations, it builds strength and muscle in the upper back, biceps, and core. It can be used as a more shoulder-friendly alternative to straight-bar pull-ups, or to help perform more reps than you can perform overhand.","Back, Lats, Biceps",6.0,"Calisthenics, Rock Climbing",168
1512,Kipping Muscle Up,The kipping muscle-up is a muscle-up with a kip.,"Full Body, Back, Chest, Arms",8.5,"Crossfit, Gymnastics",216
1513,One Arm Against Wall,The one arm against wall is a chest stretch.,Chest,1.5,Mobility,72
1514,One Handed Hang,"The single-arm hang is a static exercise that involves hanging from a bar by one hand. It is an advanced hanging exercise that demands above-average shoulder stability and grip strength, and may not be appropriate for some people. However, if someone is strong and stable enough to perform it, the movement can help build those same qualities.","Forearms, Lats, Shoulders, Obliques",4.0,"Calisthenics, Rock Climbing, Strength Training",192
1515,Standing side bend stretch,"The standing side bend stretch is a stretching exercise targeting the obliques, the muscles that run along the side of the core. It is a common inclusion in dynamic warm-ups for the upper body, but can also be performed to help ""limber up"" for lifting or athletics anytime.",Obliques,1.8,Mobility,84
1516,Burpee to pull-up,The burpee to pull-up is a variation of the bodyweight burpee in which the jump at the top of each rep leads into a jumping pull-up. It is popular in circuit-style and metcon workouts.,"Full Body, Back, Biceps",12.0,"Crossfit, HIIT",192
1517,Negative pull-up,"The negative pull-up is a multijoint bodyweight exercise that focuses on just one half of the traditional pull-up: the lowering, eccentric, or ""negative"" portion. Because muscles are stronger eccentrically than they are concentrically, many people can perform negatives even if they can't perform full pull-ups. For this reason, it is a popular training tool to help people earn their first pull-up rep, or as a back-off exercise after doing full pull-ups.","Back, Lats, Biceps",4.0,"Calisthenics, Strength Training",144
1518,Chin-Up,"The a chin-up is a variation of the pull-up exercise in which the reps are performed with the palms facing toward the body, in an underhand position, with a grip that is narrower than shoulder-width. Like other pull-up variations, it builds strength and muscle in the upper back, biceps, and core, but it utilizes the biceps slightly more than overhand pull-ups. It can be used as a more shoulder-friendly alternative to straight-bar pull-ups, or to help perform more reps than you can perform overhand.","Biceps, Back, Lats",6.0,"Calisthenics, Strength Training",168
1519,HM Superman Lat Pull,The HM superman lat pull is a back exercise in a superman position.,"Lower Back, Lats, Back, Glutes",3.5,"Fitness, Rehabilitation",96
1520,AM Pull-Up,"The pull-up is a multi-joint bodyweight exercise that builds strength and muscle in the upper back, biceps, and core. It is often used as a measurement tool in military or tactical fitness tests, and is an excellent gauge of “relative strength” which is strength in relation to bodyweight.","Back, Lats, Biceps",6.0,Calisthenics,168
1521,UP Chin-Up,The UP chin-up is a standard chin-up.,"Biceps, Back, Lats",6.0,Calisthenics,168
1522,Holman Alternating Forward and Side Punch,The Holman alternating forward and side punch is a cardio and shoulder exercise.,"Shoulders, Full Body",6.0,"Boxing, Kickboxing",120
1523,Jump to pull-up,"The jump to pull-up is a bodyweight exercise that targets the muscles of the back, biceps, and, to a lesser degree, legs. It involves jumping up to a pull-up bar between reps. Similar to a push-press, the legs help power through the most difficult portion of the pull-up, allowing you to perform more reps. Jumping pull-ups are often performed for moderate to high reps, such as 8-12 reps per set or more, as an accessory to other pulling or pull-up training, or as a full-body movement in a circuit or metcon.","Full Body, Back, Biceps, Legs",7.0,"Crossfit, Fitness",144
1524,Bent-over scapular slide,The bent-over scapular slide is an upper-body exercise that helps with scapular and shoulder mobility. It is commonly performed for time or reps as part of a dynamic warm-up for the upper body.,"Back, Shoulders",2.5,"Mobility, Rehabilitation",84
1525,Iron cross stretch,The iron cross stretch is a bodyweight stretch that focuses on hip and thoracic spine mobility.,"Lower Back, Glutes, Obliques",2.5,Mobility,84
1526,Total Fitness Standing Lat Stretch,The Total Fitness standing lat stretch is a lat stretch.,"Lats, Back",1.5,Mobility,72
1527,King Maker Pull-Up,"The pull-up is a multi-joint bodyweight exercise that builds strength and muscle in the upper back, biceps, and core. It is often used as a measurement tool in military or tactical fitness tests, and is an excellent gauge of “relative strength” which is strength in relation to bodyweight.","Back, Lats, Biceps",6.0,"Calisthenics, Strength Training",168
1528,Medicine ball slam,"The medicine ball slam is an explosive exercise for developing power, strength, and speed. Muscles worked include the abdominals, legs, triceps, shoulders, and lats. The slams are usually done in rapid succession to complete one set. It can also be a component of a power or athleticism-focused circuit workout.","Full Body, Lats, Abs, Shoulders",9.5,"Crossfit, Fitness, HIIT",168
1529,Catch and Overhead Throw,The catch and overhead throw is a medicine ball exercise.,"Full Body, Shoulders, Abs",6.0,"Fitness, Sports Performance",144
1530,FYR2 Bent-Over Medicine Ball Slam,The FYR2 bent-over medicine ball slam is a power exercise.,"Full Body, Back, Hamstrings",9.0,"Fitness, HIIT",168
1531,Dynamic Back Stretch,The dynamic back stretch is a stretch for the back.,"Back, Lower Back",2.0,Mobility,84
1532,Chair Lower Back Stretch,The chair lower back stretch is a lower back stretch using a chair.,Lower Back,1.5,Mobility,72
1533,Side-Lying Floor Stretch,The side-lying floor stretch is a gentle spinal twist.,"Lower Back, Obliques",1.5,"Mobility, Yoga",72
1534,Band good morning-,"The band good morning is an exercise targeting the hamstrings and glutes. It is often performed in powerlifting-style training for high reps, or in the place of barbell good mornings.","Hamstrings, Glutes, Lower Back",3.5,"Home Workouts, Strength Training",144
1535,FYR2 Monster Banded Good Morning,The FYR2 monster banded good morning is a good morning with a heavy band.,"Hamstrings, Glutes, Lower Back",4.0,Strength Training,144
1536,Band deadlift,The band deadlift is a lower-body exercise that mainly targets the hamstrings while also benefiting the glutes and lats using a proper hip-hinging motion.,"Hamstrings, Glutes, Lower Back, Back",4.5,"Home Workouts, Strength Training",144
1537,Lower back SMR,"Lower back self-myofascial release (SMR) is a self-administered soft-tissue treatment, usually using a foam roller, lacrosse ball, or other ""trigger point"" massage tool. By applying pressure strategically to the quadratus lumborum or spinal erector (erector spinae) muscles of the lower back, some people find they can cause this often painful and tight area to relax or ""release."" Lower back SMR is often accompanied by SMR on the glutes or piriformis muscles, or by stretches that target the piriformis or hips. However, some people find that SMR on the lower back can aggravate existing pain or injury, so be cautious when performing it.",Lower Back,2.0,"Mobility, Rehabilitation",84
1538,Barbell deficit deadlift,"The barbell deficit deadlift is a compound exercise targeting the posterior chain. It is commonly utilized in powerlifting training to build pulling strength off the floor, but is also an effective muscle-building movement for the glutes and hamstrings. It is usually performed with lighter weight, and perhaps for higher reps, than traditional deadlifts. If these make your back sore, decrease the deficit and/or wear a weightlifting belt.","Full Body, Hamstrings, Glutes, Lower Back, Back",8.5,Strength Training,192
1539,Deadlift with Bands,The deadlift with bands is a deadlift with accommodating resistance.,"Full Body, Hamstrings, Glutes, Lower Back, Back",8.5,Strength Training,192
1540,Deadlift with Chains,The deadlift with chains is a deadlift with accommodating resistance.,"Full Body, Hamstrings, Glutes, Lower Back, Back",8.5,Strength Training,192
1541,Rack Pull with Bands,The rack pull with bands is a rack pull with accommodating resistance.,"Back, Traps, Lower Back, Glutes, Hamstrings",8.0,Strength Training,192
1542,Rack pull,"The rack pull is a variation of the deadlift performed from an elevated height, either using boxes, safety pins, or the safeties in a squat rack. It targets all the same muscles as the deadlift, including the glutes, hamstrings, upper back, lower back, and grip. It can be used to strengthen deadlift lockout, but also as a deadlift alternative for people who can't deadlift from the floor without pain.","Back, Traps, Lower Back, Glutes, Hamstrings, Forearms",7.5,Strength Training,192
1543,Seated Good Mornings,The seated good morning is a posterior chain exercise.,"Lower Back, Hamstrings",4.5,Strength Training,192
1544,Stiff Leg Barbell Good Morning,The stiff leg barbell good morning is a posterior chain exercise.,"Hamstrings, Glutes, Lower Back",5.0,Strength Training,192
1545,Reverse Band Deadlift,The reverse band deadlift is a deadlift with band assistance.,"Full Body, Hamstrings, Glutes, Lower Back, Back",8.0,Strength Training,192
1546,Paul Carter Romanian Deadlift,"The barbell stiff-legged deadlift targets the hamstrings, glutes, lower and upper back, as well as the core. It is a popular accessory movement for the deadlift, but also a muscle-building hamstring movement.","Hamstrings, Glutes, Lower Back",6.0,"Bodybuilding, Strength Training",192
1547,TBS Good Morning,"The barbell good morning is an exercise that targets glute, hamstring, and lower back development. It is often trained as an accessory movement to the deadlift, but also has value on its own. It is sometimes performed for reps in traditional strength-focused rep ranges such as 5-8 reps per set, but due to the risk posed to the lower back, is rarely treated as a max-effort single-rep lift.","Hamstrings, Glutes, Lower Back",5.0,Strength Training,192
1548,TBS Romanian Deadlift,"The barbell stiff-legged deadlift targets the hamstrings, glutes, lower and upper back, as well as the core. It is a popular accessory movement for the deadlift, but also a muscle-building hamstring movement.","Hamstrings, Glutes, Lower Back",6.0,"Bodybuilding, Strength Training",192
1549,Barbell deadlift-,"The barbell deadlift is a compound exercise used to develop overall strength and size in the posterior chain. It is a competition lift in the sport of powerlifting, but is also considered a classic benchmark of overall strength. When performed with the hands outside the knees, it is often called a ""conventional"" deadlift. When the feet are wide and the hands are inside the knees, it is a sumo deadlift.","Full Body, Hamstrings, Glutes, Lower Back, Back",8.0,Strength Training,192
1550,Deadlift - Gethin Variation,"The barbell deadlift is a compound exercise used to develop overall strength and size in the posterior chain. It is a competition lift in the sport of powerlifting, but is also considered a classic benchmark of overall strength. When performed with the hands outside the knees, it is often called a ""conventional"" deadlift. When the feet are wide and the hands are inside the knees, it is a sumo deadlift.","Full Body, Hamstrings, Glutes, Lower Back, Back",8.0,Strength Training,192
1551,Barbell good morning,"The barbell good morning is an exercise that targets glute, hamstring, and lower back development. It is often trained as an accessory movement to the deadlift, but also has value on its own. It is sometimes performed for reps in traditional strength-focused rep ranges such as 5-8 reps per set, but due to the risk posed to the lower back, is rarely treated as a max-effort single-rep lift.","Hamstrings, Glutes, Lower Back",5.0,Strength Training,192
1552,UP Conventional Deadlift,"The barbell deadlift is a compound exercise used to develop overall strength and size in the posterior chain. It is a competition lift in the sport of powerlifting, but is also considered a classic benchmark of overall strength. When performed with the hands outside the knees, it is often called a ""conventional"" deadlift. When the feet are wide and the hands are inside the knees, it is a sumo deadlift.","Full Body, Hamstrings, Glutes, Lower Back, Back",8.0,Strength Training,192
1553,30 Day Back Barbell Rack Pull,The 30 Day Back barbell rack pull is a rack pull exercise.,"Back, Traps, Lower Back, Glutes, Hamstrings",7.5,Strength Training,192
1554,FYR Sumo Deadlift High Pull,"The kettlebell sumo deadlift high pull is a dynamic kettlebell exercise that focuses on the muscles of the posterior chain, including the hamstrings, glutes, traps, rear delts, and upper back. It can be done in lower reps for power or strength, or higher reps for conditioning and fat loss. It can also be a component of a circuit-style kettlebell workout, either for time or reps.","Full Body, Hamstrings, Glutes, Traps, Shoulders",9.5,"Crossfit, Kettlebell Training",168
1555,Kettlebell deadlift,"The kettlebell deadlift is a foundational movement in kettlebell training. It's often taught as a buildup or regression to the kettlebell swing, as well as to instruct the ""hip hinge"" motion in a more approachable manner than with a barbell.","Hamstrings, Glutes, Lower Back",5.0,"Fitness, Kettlebell Training",168
1556,HM Kettlebell Swing,The HM kettlebell swing is a standard kettlebell swing.,"Hamstrings, Glutes, Lower Back, Full Body",9.8,Kettlebell Training,168
1557,KV Romanian Deadlift with Kettlebell,The KV Romanian deadlift with kettlebell is an RDL with a kettlebell.,"Hamstrings, Glutes, Lower Back",5.0,Kettlebell Training,168
1558,FYR2 Kettlebell Good Morning,The FYR2 kettlebell good morning is a good morning with a kettlebell.,"Hamstrings, Glutes, Lower Back",4.5,"Fitness, Kettlebell Training",168
1559,FYR2 Kettlebell Romanian Deadlift,The FYR2 kettlebell Romanian deadlift is an RDL with a kettlebell.,"Hamstrings, Glutes, Lower Back",5.0,Kettlebell Training,168
1560,FYR2 Kettlebell Staggered-Stance Deadlift,The FYR2 kettlebell staggered-stance deadlift is a deadlift with a staggered stance.,"Hamstrings, Glutes, Lower Back",5.5,"Fitness, Kettlebell Training",168
1561,Dumbbell Fix Dumbbell Deadlift,The Dumbbell Fix dumbbell deadlift is a deadlift with dumbbells.,"Hamstrings, Glutes, Lower Back, Back",5.5,Strength Training,168
1562,Dumbbell skier,"As the name suggests, the dumbbell skier takes the motion of skiing and replaces the poles with dumbbells. The hip and torso motion are similar to a kettlebell swing, as are the muscles it targets, including the hamstrings, glutes, upper back, and grip. However, unlike the traditional kettlebell swing, the arms are outside of the knees. This movement can be performed for time or for reps, but is usually performed for relatively high reps, such as 8-12 sets per rep or more, as part of a fat-loss or athleticism-focused circuit or workout.","Full Body, Hamstrings, Glutes, Lower Back, Back",9.0,"Fitness, HIIT",168
1563,TBS Dumbbell Romanian Deadlift,"The dumbbell stiff-legged deadlift targets the hamstrings, glutes, low and upper back, as well as the core. The purpose of the stiff-legged, as opposed to Romanian deadlift with slightly bent knees, is to engage the hamstrings and low back to an even greater degree.","Hamstrings, Glutes, Lower Back",5.5,Bodybuilding,168
1564,Stiff-Legged Dumbbell Deadlift - Gethin Variation,"The dumbbell stiff-legged deadlift targets the hamstrings, glutes, low and upper back, as well as the core. The purpose of the stiff-legged, as opposed to Romanian deadlift with slightly bent knees, is to engage the hamstrings and low back to an even greater degree.","Hamstrings, Glutes, Lower Back",5.5,Bodybuilding,168
1565,UNS Dumbbell Romanian Deadlift,The UNS dumbbell Romanian deadlift is an RDL with dumbbells.,"Hamstrings, Glutes, Lower Back",5.5,Strength Training,168
1566,Holman Slow Deadlift,The Holman slow deadlift is a deadlift performed at a slow tempo.,"Hamstrings, Glutes, Lower Back, Back",5.5,Strength Training,168
1567,Holman Deadlift to Overhead Press,The Holman deadlift to overhead press is a compound exercise.,"Full Body, Legs, Back, Shoulders",8.5,"Fitness, HIIT",168
1568,Holman Staggered-Stance Deadlift,The Holman staggered-stance deadlift is a deadlift with a staggered stance.,"Hamstrings, Glutes, Lower Back, Back",5.5,Fitness,168
1569,Holman Deadlift to Front Raise,The Holman deadlift to front raise is a compound exercise.,"Full Body, Legs, Back, Shoulders",7.0,Fitness,168
1570,Holman Deadlift to Chest Press,The Holman deadlift to chest press is a compound exercise.,"Full Body, Legs, Back, Chest",7.0,Fitness,168
1571,Holman Deadlift to Squat Thrust,The Holman deadlift to squat thrust is a compound exercise.,Full Body,9.0,"Fitness, HIIT",168
1572,Holman Deadlift to Biceps Curl,The Holman deadlift to biceps curl is a compound exercise.,"Full Body, Back, Biceps, Legs",7.0,Fitness,168
1573,Dumbbell kickstand deadlift,"The dumbbell kickstand deadlift is a movement targeting the muscles of the hamstrings, glutes, and back. The kickstand position can help focus the stretch and contraction on each individual leg, similar to a single-leg Romanian deadlift, while presenting less of a balance challenge. It can be performed in low reps, such as 5-8 reps per set, for strengthening the posterior chain, or for higher reps for muscle growth.","Hamstrings, Glutes, Lower Back",5.5,"Fitness, Strength Training",168
1574,Single-leg stiff-legged deadlift to row,"The single-leg stiff-legged deadlift to row takes two popular strength moves and combines them into one full-body blaster. Between the deadlift and the row, you'll target the glutes, hamstrings, quads, back, and biceps. Because balance can be a challenge, this movement is usually done with relatively light weights for high reps, such as 8-12 reps per set or more.","Full Body, Hamstrings, Glutes, Back, Biceps",7.0,"Circuit Training, Fitness",168
1575,FYR2 Dumbbell Deadlift,The FYR2 dumbbell deadlift is a deadlift with dumbbells.,"Hamstrings, Glutes, Lower Back, Back",5.5,Strength Training,168
1576,FYR2 Dumbbell Deadlift to Dumbbell Upright Row,The FYR2 dumbbell deadlift to dumbbell upright row is a compound exercise.,"Full Body, Hamstrings, Glutes, Back, Shoulders, Traps",7.5,"Fitness, HIIT",168
1577,Atlas Stones,Atlas stones are a strongman event.,"Full Body, Lower Back, Glutes, Hamstrings, Back",13.0,Strength Training,216
1578,Axle Deadlift,The axle deadlift is a deadlift with a thick bar.,"Full Body, Hamstrings, Glutes, Lower Back, Back, Forearms",9.0,Strength Training,192
1579,Atlas Stone Trainer,An Atlas stone trainer is a piece of equipment for practicing with Atlas stones.,"Full Body, Lower Back, Glutes, Hamstrings, Back",12.0,Strength Training,216
1580,Partner Flat-Bench Back Extension,"The partner bench back extensionis a clever way to perform this exercise, which works the spinal erectors in the lower back. There are machines and angled apparatus that allow this exercise to performed solo; but, lacking those, all you need is a bench and a workout partner.","Lower Back, Glutes, Hamstrings",3.5,"Partner Training, Strength Training",144
1581,Keg Load,The keg load is a strongman event.,"Full Body, Lower Back, Glutes, Back",12.0,Strength Training,216
1582,Partner bench back extension,"The partner bench back extension is a clever way to target the glutes and spinal erector muscles. There are machines and angled benches that allow this exercise to be performed solo, but, lacking those, all you need is a bench and a workout partner. It is usually performed for high reps as a burnout or accessory movement for lower-body training.","Lower Back, Glutes, Hamstrings",3.5,"Partner Training, Strength Training",144
1583,Rack Pull - Gethin Variation,"The rack pull is a variation of the deadlift performed from an elevated height, either using boxes, safety pins, or the safeties in a squat rack. It targets all the same muscles as the deadlift, including the glutes, hamstrings, upper back, lower back, and grip. It can e used to strengthen deadlift lockout, but also as a deadlift alternative for people who can’t deadlift from the floor without pain.","Back, Traps, Lower Back, Glutes, Hamstrings, Forearms",7.5,Strength Training,192
1584,Hex Bar Deadlift - Gethin Variation,"The hex bar deadlift is a variety of deadlift performed in a hexagonal barbell also known as a trap bar. The bar is held with a parallel (palms in) grip outside of the legs. It is biomechanically different from a barbell deadlift in that it lines up with a lifter’s center of gravity, rather than placing it in front of their body. The trap bar deadlift can be trained in traditional strength and muscle-focused rep range, or for higher reps. It activates all of the same muscle groups as conventional or sumo deadlifts, including the glutes, quads, hamstring, lower back, lats, upper back, and grip.","Full Body, Quads, Hamstrings, Glutes, Lower Back, Traps",8.0,Strength Training,192
1585,Holman Deadlift,The Holman deadlift is a standard deadlift.,"Full Body, Hamstrings, Glutes, Lower Back, Back",8.0,Strength Training,192
1586,ACFT Low-handle trap bar deadlift,"The low-handle trap bar deadlift is a variety of deadlift performed in a hexagonal barbell also known as a trap bar. This specific exercise is part of the new Army Combat Fitness Test or ACFT. The bar is held with a parallel (palms in) grip outside of the legs. It is biomechanically different from a barbell deadlift in that it lines up with a lifter's center of gravity, rather than placing the weight in front of their body. It activates all of the same muscle groups as conventional or sumo deadlifts, including the glutes, quads, hamstrings, lower back, lats, upper back, and grip.","Full Body, Quads, Hamstrings, Glutes, Lower Back, Traps",8.5,"Military Training, Strength Training",192
1587,Neutral-grip lat pull-down,"The neutral-grip lat pull-down is a variation on the lat pull-down that uses a handle with a neutral (palms facing in) grip. This arrangement helps to build lat width and target the upper lats. This movement is usually performed for moderate to high reps, such as 8-12 per set or higher, as part of an upper-body or back-focused workout.","Back, Lats, Biceps",4.0,Bodybuilding,168
1588,Seated cable deadlift,"The seated cable deadlift is a version of the deadlift or hip hinge movement that is performed on a seated cable row machine. Similar to a stiff-legged deadlift or 45-degree back extension, it targets the muscles of the lower back, as well as the glutes and upper back to a lesser degree. It is usually utilized in higher rep ranges, at least 8-12 reps per set, on a back-focused muscle-building day, or as a deadlift accessory lift to strengthen the lower back.","Lower Back, Glutes, Back",4.5,"Bodybuilding, Strength Training",168
1589,Cable stiff-legged deadlift,"The cable stiff-legged deadlift is a lower-body exercise that mainly targets the hamstrings, while also benefiting the glutes using a proper hip-hinging motion.","Hamstrings, Glutes, Lower Back",4.0,"Bodybuilding, Strength Training",168
1590,Single-leg cable stiff-legged deadlift,"The single-leg cable stiff-legged deadlift is a lower-body exercise that mainly targets the hamstrings, while also benefiting the glutes using a proper hip-hinging motion. Training one leg at a time allows for working out imbalances.","Hamstrings, Glutes, Lower Back",4.0,"Bodybuilding, Fitness",168
1591,UNS Banded Dumbbell Romanian Deadlift,The UNS banded dumbbell Romanian deadlift is an RDL with dumbbells and a band.,"Hamstrings, Glutes, Lower Back",6.0,Strength Training,168
1592,Seated Back Extension,The seated back extension is a lower back exercise.,Lower Back,3.0,"Bodybuilding, Strength Training",168
1593,Back extension,"The back extension is an exercise used to build lower back strength that also targets the hamstrings and glutes. It is often performed on a 45-degree bench with the feet anchored. Unweighted back extensions are often performed for high reps, such as 15-20 reps or more, but the movement can also be performed with added weight in lower rep ranges, such as 8-12 reps per set.","Lower Back, Glutes, Hamstrings",3.5,"Bodybuilding, Strength Training",144
1594,Hyperextensions With No Hyperextension Bench,Hyperextensions with no hyperextension bench are a bodyweight lower back exercise.,"Lower Back, Glutes, Hamstrings",3.0,Home Workouts,120
1595,Superman,"The Superman is a bodyweight exercise that consists of isometric holds in an extended spine position. It targets the muscles of the posterior chain, including the muscles of the glutes, spinal erectors, and upper back. It can be performed as part of a dynamic warm-up, or for muscle activation or mobility anytime.","Lower Back, Glutes, Back",2.5,"Mobility, Pilates, Rehabilitation",96
1596,Hug A Ball,The hug a ball is a stretch for the back.,"Lower Back, Back",1.5,"Mobility, Yoga",72
1597,Child's pose,Child’s pose is a traditional yoga pose that is also popular in fitness and strength training. It targets mobility of the thoracic spine and control of the vertebral column. It can be performed for time or reps as part of a dynamic warm-up or as a mobility or restorative exercise anytime. It can also work as part of a yoga or bodyweight sequence with other poses.,"Lower Back, Lats",1.5,"Mobility, Yoga",72
1598,Pelvic Tilt Into Bridge,The pelvic tilt into bridge is a core and glute activation exercise.,"Abs, Glutes",2.0,"Pilates, Rehabilitation",84
1599,Hug Knees To Chest,The hug knees to chest is a lower back stretch.,Lower Back,1.5,Mobility,72
1600,Pyramid,The pyramid is likely a type of workout structure.,Full Body,7.0,"Cardio, Circuit Training",144
1601,Partner Superman with alternating high-five,"The partner Superman with alternating high-five is an exercise in which both partners perform isometric holds for reps, high-fiving each other in between. It targets the muscles of the posterior chain, including the muscles of the glutes, spinal erectors, and upper back. It can be performed as part of a dynamic warm-up, or as part of a core or back-focused workout or finisher.","Lower Back, Glutes, Back",3.0,"Fitness, Partner Training",96
1602,Yoga plex,"The yoga plex is a stretch that combines elements of the downward facing dog yoga pose with the “world’s greatest stretch.” It is most commonly performed as part of a dynamic warm-up, to limber up muscles from head to toe, raise the body’s core temperature, and mobilize the hips, upper back, and shoulders.",Full Body,3.0,"Mobility, Yoga",84
1603,TBS Back Extension,"The back extension is an exercise used to build lower back strength that also targets the hamstrings and glutes. It is often performed on a 45-degree bench with the feet anchored. Unweighted back extensions are often performed for high reps, such as 15-20 reps or more, but the movement can also be performed with added weight in lower rep ranges, such as 8-12 reps per set.","Lower Back, Glutes, Hamstrings",3.5,Strength Training,144
1604,Lower Back Stretch - Yates Variation,"The lying cross-over lower back stretch is a simple bodyweight stretch targeting the lower back, hips, and torso. It involves rotating the legs while lying flat on the back. It is commonly included in dynamic warm-ups, but can also be performed as full-body mobility work anytime.","Lower Back, Glutes, Obliques",1.8,Mobility,84
1605,Hyperextension - Gethin Variation,"The back extension is an exercise used to build lower back strength that also targets the hamstrings and glutes. It is often performed on a 45-degree bench with the feet anchored. Unweighted back extensions are often performed for high reps, such as 15-20 reps or more, but the movement can also be performed with added weight in lower rep ranges, such as 8-12 reps per set.","Lower Back, Glutes, Hamstrings",3.5,Bodybuilding,144
1606,Back Extension - Gethin Variation,"The back extension is an exercise used to build lower back strength that also targets the hamstrings and glutes. It is often performed on a 45-degree bench with the feet anchored. Unweighted back extensions are often performed for high reps, such as 15-20 reps or more, but the movement can also be performed with added weight in lower rep ranges, such as 8-12 reps per set.","Lower Back, Glutes, Hamstrings",3.5,Bodybuilding,144
1607,HM Banana Stretch,The HM banana stretch is a side body stretch.,"Obliques, Lats",1.8,"Mobility, Yoga",72
1608,HM T-Spine Stretch on Wall,The HM T-spine stretch on a wall is a thoracic spine mobility exercise.,"Back, Chest, Shoulders",2.0,Mobility,84
1609,HM Child's Pose,The HM child's pose is a yoga pose for relaxation and stretching.,"Lower Back, Lats",1.5,Yoga,72
1610,HM Cobra,The HM cobra is a yoga pose for back extension.,Lower Back,2.0,"Mobility, Yoga",84
1611,HM Cobra With Arm Retraction,The HM cobra with arm retraction adds a back activation component to the cobra pose.,"Lower Back, Back",2.5,"Rehabilitation, Yoga",84
1612,HM Dive-Bomber,The HM dive-bomber is a dynamic push-up variation.,"Shoulders, Chest, Triceps, Back",5.0,"Calisthenics, Martial Arts",144
1613,HM Downward-Facing Dog Pose,The HM downward-facing dog pose is a fundamental yoga pose.,"Hamstrings, Calves, Shoulders, Back",2.5,Yoga,84
1614,HM Downward Dog To Left Leg Extension To Warrior Pose,The HM downward dog to left leg extension to warrior pose is a yoga flow.,Full Body,3.5,Yoga,96
1615,HM Downward Dog To Right Leg Extension To Warrior Pose,The HM downward dog to right leg extension to warrior pose is a yoga flow.,Full Body,3.5,Yoga,96
1616,HM Spine Twist,The HM spine twist is a rotational stretch for the spine.,"Lower Back, Obliques",1.8,"Mobility, Yoga",72
1617,HM Good Morning,The HM good morning is a posterior chain exercise.,"Hamstrings, Glutes, Lower Back",3.0,"Mobility, Strength Training",120
1618,HM Rag Doll,The HM rag doll is a forward fold stretch.,"Hamstrings, Lower Back",1.5,"Mobility, Yoga",72
1619,HM Upward-Facing Dog Pose,The HM upward-facing dog pose is a yoga pose for back extension.,"Abs, Lower Back",2.5,Yoga,84
1620,Superman-,"The Superman is a bodyweight exercise that consists of isometric holds in an extended spine position. It targets the muscles of the posterior chain, including the muscles of the glutes, spinal erectors, and upper back. It can be performed as part of a dynamic warm-up, or for muscle activation or mobility anytime.","Lower Back, Glutes, Back",2.5,"Pilates, Rehabilitation",96
1621,Weighted back extension,"The weighted back extension is an exercise targeting the spinal erectors, as well as the glutes and hamstrings. Back extensions are often done for high reps without weight, but when done with weight, they can be an excellent accessory movement for deadlift strength as well as an overall posterior-chain strength builder. Because your back is the limiting factor, it's still an exercise that is usually done for moderate to high reps, such as 8-12 reps per set or higher. You can weight it with a plate or by holding a dumbbell or other weight in your hands.","Lower Back, Glutes, Hamstrings",4.5,"Bodybuilding, Strength Training",168
1622,MetaBurn Alternating Superman,The MetaBurn alternating superman is a lower back exercise.,"Lower Back, Glutes",2.8,Fitness,96
1623,MetaBurn Swimmer,The MetaBurn swimmer is a lower back exercise that mimics swimming.,"Lower Back, Glutes, Back",3.0,"Pilates, Swimming",96
1624,Dancer's Stretch,The dancer's stretch is a quad and hip flexor stretch.,"Quads, Hip Flexors",2.0,"Dance, Mobility",84
1625,Cat Stretch,The cat stretch is a spinal mobility exercise.,"Lower Back, Abs",2.0,"Mobility, Yoga",72
1626,Crossover Reverse Lunge,The crossover reverse lunge is a lunge with a crossover motion.,"Glutes, Quads, Inner Thighs, Legs",4.0,Fitness,120
1627,Standing Pelvic Tilt,The standing pelvic tilt is a core awareness exercise.,"Abs, Lower Back",2.0,"Pilates, Rehabilitation",84
1628,Exercise ball weighted hyperextension,"The exercise ball weighted hyperextension is an exercise that strengthens the lower back. If balance is an issue, have someone hold your feet.","Lower Back, Glutes, Hamstrings",4.0,"Fitness, Strength Training",144
1629,Exercise ball rear delt fly,"The exercise ball rear delt fly is a dumbbell exercise targeting the rear heads of the shoulders, as well as the muscles of the upper-middle back. Lying prone on an exercise ball offers support to perform the movement. It is generally performed for moderate to high reps as a part of upper body or shoulder training.","Shoulders, Deltoids, Back",3.0,"Bodybuilding, Fitness",144
1630,Lying rear delt Y,"The lying rear delt Y works the shoulders, specifically the rear heads, as well as the lower trapezius muscles. At the top of the motion, the arms and torso form a Y—hence the name. Shoulder Y variations are usually performed with light weights as a warm-up or prehab movement for upper-body training, or as a burnout on shoulder day.","Shoulders, Deltoids, Traps, Back",3.0,"Bodybuilding, Rehabilitation",144
1631,Partner Facing Feet-Elevated Side Plank With Band Row,The partner facing feet-elevated side plank with band row is a challenging partner exercise.,"Obliques, Back, Shoulders",5.5,"Fitness, Partner Training",168
1632,Partner side plank band row,The partner side plank band row is an abdominal exercise where two partners perform side planks while pulling on the opposite ends of an exercise band. This technique can be done for time or reps in any ab-focused workout.,"Obliques, Back",4.5,"Fitness, Partner Training",144
1633,Band-assisted chin-up,"The band-assisted chin-up is a variation of the pull-up exercise in which the reps are performed with the palms facing toward the body in an underhand position, with a band looped around the feet or knees. This reduces weight and resistance at the bottom of the rep, while increasing it toward the top. Like other pull-up variations, it builds strength and muscle in the upper back, biceps, and core, but it utilizes the biceps slightly more than overhand band-assisted pull-ups.","Biceps, Back, Lats",4.0,Calisthenics,144
1634,30 Back Band-Assisted Pull-Up,The 30 Back band-assisted pull-up is a pull-up with band assistance.,"Back, Lats, Biceps",4.0,Calisthenics,144
1635,30 Back Reverse-Grip Band-Assisted Pull-Up,The 30 Back reverse-grip band-assisted pull-up is a chin-up with band assistance.,"Biceps, Back, Lats",4.0,Calisthenics,144
1636,Band bent-over row,"The band bent-over row is an exercise to develop and strengthen the muscles of the upper and middle back, like the latissimus (lat), lower trapezius, and rear deltoids. Bands provide dynamic resistance and can work equally well in strength, muscle-building, or circuit-style fat-loss workouts.","Back, Lats, Biceps",4.0,"Home Workouts, Strength Training",144
1637,Heavy band bent-over row,"The heavy band bent-over row is a variation of the popular barbell exercise to develop and strengthen the muscles of the upper and middle back, like the latissimus (lats), lower trapezius, and rear deltoids. It can work equally well in strength, muscle-building, or circuit-style fat-loss workouts.","Back, Lats, Biceps",4.5,"Home Workouts, Strength Training",144
1638,Reverse-grip bent-over row,"The reverse-grip bent-over row is a compound exercise used to build strength and size in both the lower and upper back. It targets nearly all of the muscles in the back, but particularly the lats, rhomboids, and lower back. It is thought to target the biceps and lats a bit more directly than overhand barbell rows. Because it can be loaded heavily, it is a popular movement in strength and muscle-focused upper-body workouts.","Back, Lats, Biceps, Lower Back",5.5,"Bodybuilding, Strength Training",192
1639,One-Arm Long Bar Row,"The single-arm landmine bent-over row is a barbell exercise focused on the muscles of the middle back, such as the lats (latissimus dorsi) and rhomboids. It also targets the biceps and grip. It utilizes a landmine device which anchors one end of the barbell near the ground, but could also be approximated by placing the barbell in the corner of a room.","Back, Lats, Biceps",5.0,"Bodybuilding, Strength Training",192
1640,Bent Over Barbell Row,"The barbell bent-over row is a compound exercise used to build strength and size in both the lower and upper back. It targets nearly all of the muscles in the back, but particularly the lats, rhomboids, and lower back. It is commonly utilized as an accessory movement for the deadlift in powerlifting, but is also popular in strength and muscle-focused upper-body workouts.","Back, Lats, Biceps, Lower Back",6.0,"Bodybuilding, Strength Training",192
1641,Yates Row Reverse Grip,The Yates row reverse grip is a bent-over row with a supinated grip.,"Back, Lats, Biceps",6.0,Bodybuilding,192
1642,Pendlay Row,"The Pendlay row, named after the well-known strength coach Glenn Pendlay, is a bent-over row variation where each rep starts with the barbell resting on the ground. This eliminates the stretch reflex and forces the lifter to pull with power and a bent-over spine. The Pendlay row can be performed heavy for low reps, but is usually performed for moderate reps, such as 5-8 per set.","Back, Lats, Lower Back",7.0,"Olympic Weightlifting, Strength Training",192
1643,Straight Bar Bench Mid Rows,The straight bar bench mid row is a row with a straight bar on a bench.,"Back, Lats",4.5,Bodybuilding,192
1644,Barbell seal row,"The barbell seal row is a weighted exercise targeting the muscles of the middle back, including the lats (latissimus dorsi) and rhomboids. It can be performed on a special elevated bench, on a bench placed on top of boxes or benches, or on a bench with a slight incline. The higher the bench, the greater the range of motion and stretch at the bottom of the movement. It is usually performed as an assistance movement for back strength and muscle growth, in rep ranges of 8-12 reps per set or higher.","Back, Lats",5.0,"Bodybuilding, Strength Training",192
1645,Yates Row,The Yates row is a bent-over row with a specific form.,"Back, Lats, Biceps",6.0,Bodybuilding,192
1646,Plate Row,The plate row is a row using a weight plate.,"Back, Lats, Biceps",4.5,Strength Training,168
1647,Barbell Deadlift Bent Row Complex,"The barbell deadlift bent-over row complex combines two movements to target the posterior chain. It requires using a lighter weight than you could handle for heavy deadlifts alone, but doubles down on activation in the upper back, lower back, and glutes.","Full Body, Back, Hamstrings, Glutes",8.5,"Fitness, HIIT",192
1648,Single-Arm Landmine Row,The single-arm landmine row is a unilateral back exercise.,"Back, Lats, Biceps, Obliques",5.0,"Fitness, Strength Training",192
1649,TBS T-Bar Row,The TBS T-bar row is a T-bar row.,"Back, Lats, Biceps",5.5,Bodybuilding,192
1650,TBS Deficit Deadlift,The barbell deficit deadlift is a compound exercise targeting the posterior chain.,"Full Body, Hamstrings, Glutes, Lower Back, Back",8.5,Strength Training,192
1651,Bent-Over Barbell Row - Gethin Variation,"The barbell bent-over row is a compound exercise used to build strength and size in both the lower and upper back. It targets nearly all of the muscles in the back, but particularly the lats, rhomboids, and lower back. It is commonly utilized as an accessory movement for the deadlift in powerlifting, but is also popular in strength and muscle-focused upper-body workouts.","Back, Lats, Biceps, Lower Back",6.0,Bodybuilding,192
1652,Barbell bent-over row,"The barbell bent-over row is a compound exercise used to build strength and size in both the lower and upper back. It targets nearly all of the muscles in the back, but particularly the lats, rhomboids, and lower back. It is commonly utilized as an accessory movement for the deadlift in powerlifting, but is also popular in strength and muscle-focused upper-body workouts.","Back, Lats, Biceps, Lower Back",6.0,"Bodybuilding, Strength Training",192
1653,UN Barbell Rack Pull,The UN barbell rack pull is a rack pull.,"Back, Traps, Lower Back, Glutes, Hamstrings",7.5,Strength Training,192
1654,UN Barbell Scrape The Rack,The UN barbell scrape the rack is a deadlift or row variation.,"Back, Hamstrings, Glutes",6.5,Strength Training,192
1655,Barbell deadlift bent-over row complex,"The barbell deadlift bent-over row complex combines two movements to target the posterior chain. It requires using a lighter weight than you could handle for heavy deadlifts alone, but doubles down on activation in the upper back, lower back, and glutes.","Full Body, Back, Hamstrings, Glutes",8.5,"Fitness, HIIT",192
1656,30 Back Barbell Deadlift,The 30 Back barbell deadlift is a standard deadlift.,"Full Body, Hamstrings, Glutes, Lower Back, Back",8.0,Strength Training,192
1657,30 Back Bent-Over Barbell Row,The 30 Back bent-over barbell row is a standard bent-over row.,"Back, Lats, Biceps, Lower Back",6.0,Bodybuilding,192
1658,30 Back T-Bar Row,The 30 Back T-bar row is a standard T-bar row.,"Back, Lats, Biceps",5.5,Bodybuilding,192
1659,30 Back Underhand Bent-Over Barbell Row,The 30 Back underhand bent-over barbell row is a bent-over row with a supinated grip.,"Back, Lats, Biceps",5.5,Bodybuilding,192
1660,Kettlebell alternating renegade row,"The kettlebell alternating renegade row combines rowing and core training into a single difficult movement. It's popular in time-efficient strength and muscle-building workouts, as well as in circuit-style training.","Back, Abs, Obliques, Shoulders",6.5,"Fitness, Kettlebell Training",168
1661,Alternating Kettlebell Row,The alternating kettlebell row is a row with alternating kettlebells.,"Back, Lats, Biceps",5.0,Kettlebell Training,168
1662,Two-Arm Kettlebell Row,The two-arm kettlebell row is a row with two kettlebells.,"Back, Lats, Biceps",5.0,Kettlebell Training,168
1663,Kettlebell bent-over row to clean,"The kettlebell bent-over row to clean is a combination kettlebell exercise that targets many of the muscles of the upper body including the lats (latissimus dorsi), biceps, shoulders, and core. It also strengthens and trains power output of the lower body. It can be done for reps or for time as a strength or muscle-focused complex, or in circuit-style training for conditioning or fat loss.","Full Body, Back, Lats, Biceps, Shoulders",8.0,"Fitness, Kettlebell Training",168
1664,UP Deficit Kettlebell Stiff-Legged Deadlift,"The kettlebell deficit deadlift is a more advanced version of the kettlebell deadlift movement that is performed standing on steps or boxes. It can be done to build strength or hip mobility for squats or deadlifts, in high reps or in more traditional strength and muscle-focused rep ranges.","Hamstrings, Glutes, Lower Back",5.5,"Kettlebell Training, Strength Training",168
1665,FYR2 Dagger-Grip Double-Kettlebell Gorilla Row,The FYR2 dagger-grip double-kettlebell gorilla row is a specific type of kettlebell row.,"Back, Lats, Biceps",6.0,"Fitness, Kettlebell Training",168
1666,FYR2 Double-Kettlebell Swing Clean,The FYR2 double-kettlebell swing clean is a clean with two kettlebells.,"Full Body, Hamstrings, Glutes, Back",9.0,"Crossfit, Kettlebell Training",192
1667,Single-arm kettlebell row-,"The single-arm kettlebell row is a popular muscle- and strength-building exercise that works the muscles of the back and core simultaneously. It has all the same benefits as a single-arm dumbbell row, but some people find a kettlebell more comfortable to hold during the movement.","Back, Lats, Biceps, Obliques",4.5,"Kettlebell Training, Strength Training",168
1668,FYR2 Ascending-Rep Swing-Squat Complex,The FYR2 ascending-rep swing-squat complex is a kettlebell complex.,Full Body,11.0,"HIIT, Kettlebell Training",192
1669,One-Arm Dumbbell Row,"The single-arm bench dumbbell row is a popular exercise for building the latissimus dorsi, or lat, muscles of the back. The bench is used for support during the rowing motion.","Back, Lats, Biceps",4.5,"Bodybuilding, Strength Training",168
1670,Incline dumbbell row,"The incline dumbbell row is an upper-body exercise targeting the lats (latissimus dorsi) and upper-back muscles, as well as the biceps. Performing it on an incline bench helps target the lower lats in particular. Dumbbell row variations are usually performed for moderate to high reps, such as 8-12 reps per set or more, as part of the upper-body or back-focused portion of a workout.","Back, Lats, Biceps",4.0,"Bodybuilding, Strength Training",168
1671,Bent Over Two-Dumbbell Row With Palms In,The bent over two-dumbbell row with palms in is a dumbbell row with a neutral grip.,"Back, Lats, Biceps",5.0,Bodybuilding,168
1672,Man-maker,"The man-maker is a sequence of exercises combining a dumbbell front squat, military press, renegade row, and sprawl. Between these movements it challenges muscles across the body, along with the cardiovascular system. It can be performed for rounds or for time as a single full-body exercise or as part of a fat-loss or athleticism-focused workout.",Full Body,11.5,"Crossfit, Fitness, HIIT",192
1673,Dumbbell bent-over row,"The dumbbell bent-over row is a popular exercise to develop and strengthen the muscles of the upper and middle back, like the latissimus (lat), lower trapezius, and rear deltoids. It can work equally well in strength, muscle-building, or circuit-style fat-loss workouts.","Back, Lats, Biceps",5.0,"Bodybuilding, Strength Training",168
1674,Middle Back Shrug,The middle back shrug is a shrug that targets the middle trapezius.,"Traps, Back",3.0,"Bodybuilding, Rehabilitation",144
1675,Dumbbell pull-over to skullcrusher,"The dumbbell pull-over to skullcrusher is a complex that combines two popular exercises into one sequence that works much of the upper body, particularly the chest, triceps, and serratus anterior muscles. Because the pull-over will determine the amount of weight you can use, this movement is usually performed for moderate to high reps, such as 8-12 reps per set or more, as part of the upper-body portion of a workout.","Chest, Lats, Triceps, Back",4.8,"Bodybuilding, Fitness",168
1676,Dumbbell Fix Single-Arm Dumbbell Row,The Dumbbell Fix single-arm dumbbell row is a standard single-arm dumbbell row.,"Back, Lats, Biceps",4.5,Strength Training,168
1677,Dumbbell Fix Bent-Over Dumbbell Row,The Dumbbell Fix bent-over dumbbell row is a standard bent-over dumbbell row.,"Back, Lats, Biceps",5.0,Strength Training,168
1678,Dumbbell Seal Row - Gethin Variation,"The dumbbell seal row is a weighted exercise targeting the muscles of the middle back, including the lats (latissimus dorsi) and rhomboids. It can be performed on a special elevated bench, on a bench placed on top of boxes or benches, or on a bench with a slight incline. The higher the bench, the greater the range of motion and stretch at the bottom of the movement. It is usually performed as an assistance movement for back strength and muscle growth, in rep ranges of 8-12 reps per set or higher.","Back, Lats",4.5,Bodybuilding,168
1679,Decline dumbbell chest fly,"The decline dumbbell chest fly is an upper-body exercise targeting the muscles of the chest, particularly the lower chest. It will require less weight than a decline press, which makes it a great hypertrophy exercise with high reps. Fly variations are usually performed for moderate to high reps, such as 8-12 reps per set or more.",Chest,3.5,Bodybuilding,168
1680,TBS Bent-Over Dumbbell Row,"The dumbbell bent-over row is a popular exercise to develop and strengthen the muscles of the upper and middle back, like the latissimus (lat), lower trapezius, and rear deltoids. It can work equally well in strength, muscle-building, or circuit-style fat-loss workouts.","Back, Lats, Biceps",5.0,Bodybuilding,168
1681,HM Alternating Bent-Over Quick Row,The HM alternating bent-over quick row is a bent-over row performed quickly.,"Back, Lats, Biceps",5.5,Circuit Training,168
1682,HM Bent-Over Dumbbell Row,The HM bent-over dumbbell row is a standard bent-over dumbbell row.,"Back, Lats, Biceps",5.0,Strength Training,168
1683,AM Single Arm Row,"The single-arm bench dumbbell row is a popular exercise for building the latissimus dorsi, or lat, muscles of the back. The bench is used for support during the rowing motion.","Back, Lats, Biceps",4.5,Strength Training,168
1684,Dumbbell stiff-legged deadlift,"The dumbbell stiff-legged deadlift is a dumbbell exercise that targets the hamstrings, glutes, lower and upper back, and core. The difference between a stiff-legged deadlift and a Romanian deadlift is primarily the amount of knee bend. The knees are only slightly bent in a stiff-legged deadlift, while they bend more in a Romanian deadlift. Stiff-legged deadlifts are generally performed for low to moderate reps, such as 8-10 reps per set, with a focus on maximizing the hamstring stretch rather than moving heavy weight. Feel free to wear a weight belt to protect your lower back.","Hamstrings, Glutes, Lower Back",5.5,Bodybuilding,168
1685,Single-arm bench dumbbell row,"The single-arm bench dumbbell row is a popular exercise for building the latissimus dorsi, or lat, muscles of the back. The bench is used for support during the rowing motion.","Back, Lats, Biceps",4.5,"Bodybuilding, Strength Training",168
1686,UN Bent-Over Dumbbell Row,The UN bent-over dumbbell row is a standard bent-over dumbbell row.,"Back, Lats, Biceps",5.0,Strength Training,168
1687,UN Dumbbell RDL,The UN dumbbell RDL is a Romanian deadlift with dumbbells.,"Hamstrings, Glutes, Lower Back",5.5,Strength Training,168
1688,UN Chest Supported Row,The UN chest supported row is a row with the chest supported on a bench.,"Back, Lats, Biceps",4.0,Bodybuilding,168
1689,MetaBurn Bent-Over Renegade Row,The MetaBurn bent-over renegade row is a renegade row in a bent-over stance.,"Back, Obliques, Shoulders",6.0,Fitness,168
1690,30 Back Bent-Over Dumbbell Row,The 30 Back bent-over dumbbell row is a standard bent-over dumbbell row.,"Back, Lats, Biceps",5.0,Bodybuilding,168
1691,30 Back Dumbbell Pull-Over,The 30 Back dumbbell pull-over is an exercise for the back and chest.,"Lats, Chest, Back",4.0,Bodybuilding,168
1692,30 Back Incline Dumbbell Row,The 30 Back incline dumbbell row is a row on an incline bench.,"Back, Lats, Biceps",4.0,Bodybuilding,168
1693,30 Back Single-Arm Dumbbell Row,The 30 Back single-arm dumbbell row is a standard single-arm dumbbell row.,"Back, Lats, Biceps",4.5,Bodybuilding,168
1694,30 Back Single-Arm Dumbbell Swing Row,The 30 Back single-arm dumbbell swing row is a dynamic row.,"Back, Lats, Biceps",5.5,Fitness,168
1695,T-Bar Row with Handle,The T-bar row with handle is a T-bar row with a specific handle.,"Back, Lats, Biceps",5.5,Bodybuilding,192
1696,T-Bar Row,The T-bar row is a classic back exercise.,"Back, Lats, Biceps",5.5,"Bodybuilding, Strength Training",192
1697,Alternating sit-through with crunch,"The alternating sit-through with crunch is a full-body movement that starts in a bear crawl position and ends with a leg kicked out to the side. In between reps, you perform a crunch. It is commonly performed for reps or time in bodyweight circuits and animal-style flows, but can also work on its own or as part of a dynamic warm-up or mobility sequence.","Full Body, Obliques, Abs",7.0,"Animal Flow, Fitness",168
1698,Seated Cable Rows,"The cable seated row is a popular exercise to train the muscles of the upper back, including the lats (latissimus dorsi), traps, rhomboids, and rear deltoids, using a cable stack. It also targets the biceps to a lesser degree. The cable row can work well in a variety of rep-ranges, but is most popular in muscle-building workouts or as an accessory movement for strength workouts.","Back, Lats, Biceps, Traps",4.0,"Bodybuilding, Strength Training",168
1699,Upside-down pull-up,"The upside-down pull-up is an advanced bodyweight exercise that is normally performed on a pair of gymnastic rings. It involves pulling the body toward the ceiling in an inverted position. It targets the same muscles as traditional pull-ups, including the lats (latissimus dorsi), biceps, and core. However, the pulling angle is more akin to a bent-over row or upright row, depending on the angle of your hips.","Back, Lats, Biceps, Abs",8.0,"Calisthenics, Gymnastics",192
1700,Smith machine inverted row,"The Smith machine inverted row is a bodyweight exercise targeting the muscles of the lats (latissimus dorsi) and upper back, using the bar of the Smith machine to hang and pull from. You can change the bar height to customize the difficulty level and desired angle of the row. This variation is usually performed for moderate to high reps, such as 8-12 reps per set or more.","Back, Lats, Biceps",4.5,"Calisthenics, Strength Training",168
1701,Lying T-Bar Row,The lying T-bar row is a T-bar row performed while lying down.,"Back, Lats",5.0,Bodybuilding,192
1702,Suspended row,"The suspended row is a bodyweight pulling exercise that focuses on the muscles of the middle and upper back, as well as the biceps. It can be trained in traditional muscle-building rep ranges or for higher reps. It can also work as part of a dynamic warm-up for a pressing or pulling-focused workout.","Back, Lats, Biceps",4.5,"Calisthenics, Suspension Training",168
1703,Inverted Row with Straps,The inverted row with straps is an inverted row using suspension straps.,"Back, Lats, Biceps",4.5,"Calisthenics, Suspension Training",168
1704,One Arm Chin-Up,The one-arm chin-up is an advanced bodyweight exercise.,"Back, Biceps, Lats, Forearms",9.5,"Calisthenics, Rock Climbing",216
1705,Sled Row,The sled row is a back exercise using a sled.,"Back, Lats, Biceps",7.5,"Fitness, Strength Training",192
1706,Paul Carter T-Bar Row,The Paul Carter T-bar row is a specific style of T-bar row.,"Back, Lats, Biceps",5.5,Bodybuilding,192
1707,Single-Arm Bent-Over Rear Delt Raise - Gethin Variation,"The single-arm bent-over rear delt fly or rear delt raise is a popular upper-body exercise that targets the muscles on the back of the shoulder joint, specifically the rear head of the deltoid. Since pressing movements build the front and (to a lesser degree) side deltoid heads, this move is often done to promote balanced shoulder development. It is usually performed for high reps, such as 10-15 reps per set or more, as part of a shoulder or upper-body workout.","Shoulders, Deltoids, Back",3.5,Bodybuilding,168
1708,30 Back Plate Hyperextension,The 30 Back plate hyperextension is a hyperextension with a weight plate.,"Lower Back, Glutes, Hamstrings",4.5,Strength Training,168
1709,Seated Cable Rows,"The cable seated row is a popular exercise to train the muscles of the upper back, including the lats (latissimus dorsi), traps, rhomboids, and rear deltoids, using a cable stack. It also targets the biceps to a lesser degree. The cable row can work well in a variety of rep-ranges, but is most popular in muscle-building workouts or as an accessory movement for strength workouts.","Back, Lats, Biceps, Traps",4.0,Bodybuilding,168
1710,Single-arm cable seated row,"The single-arm cable seated row is a version of the cable row movement that trains the muscles of the upper back one side at a time. It targets a wide range of muscles including the lats (latissimus dorsi), traps, rhomboids, and rear deltoids. It also targets the biceps to a lesser degree. The single-arm row can work well in a variety of rep ranges but is most popular in muscle-building workouts or as an accessory movement for strength workouts.","Back, Lats, Biceps, Obliques",4.0,Bodybuilding,168
1711,Paul Carter Lat Pull-Down,"The lat pull-down is a cable-based exercise machine that’s ubiquitous in gyms around the world. This back builder is easy to learn and highly effective, allowing for variable resistance depending on where you place the pin in the stack.","Back, Lats, Biceps",4.0,Bodybuilding,168
1712,TBS Lat Pull-Down,The TBS lat pull-down is a standard lat pulldown.,"Back, Lats, Biceps",4.0,Bodybuilding,168
1713,One-Arm Cable Read Delt Fly - Gethin Variation,"The single-arm bent-over cable rear delt fly is an exercise targeting the rear deltoids. It is a great way to isolate this area of the shoulder and attack each side independently. It is usually performed for moderate to high reps, at least 8-12 reps per set, as part of an upper-body or shoulder-focused workout.","Shoulders, Deltoids, Back",3.0,Bodybuilding,168
1714,UP Seated Cable Row,"The cable seated row is a popular exercise to train the muscles of the upper back, including the lats (latissimus dorsi), traps, rhomboids, and rear deltoids, using a cable stack. It also targets the biceps to a lesser degree. The cable row can work well in a variety of rep-ranges, but is most popular in muscle-building workouts or as an accessory movement for strength workouts.","Back, Lats, Biceps",4.0,Bodybuilding,168
1715,UP Cable Straight-Arm Pull-Down,"The straight-arm rope pull-down is a variation of the straight-arm lat pull-down performed using a cable stack machine and a rope grip. It can either be performed in an athletic upright stance, or slightly bent-over. It both stretches and contracts the muscles of the lats (latissimus dorsi) as well as providing additional activation to the other upper back muscles and the core. Because the triceps are also isometrically involved in the movement, it is usually performed for higher reps, like 8-15 reps or above.","Lats, Back, Triceps",3.5,Bodybuilding,168
1716,UN Cable Pull-Through,The UN cable pull-through is a pull-through with a cable machine.,"Glutes, Hamstrings, Lower Back",4.0,Strength Training,168
1717,30 Back Close-Grip Seated Cable Row,The 30 Back close-grip seated cable row is a seated cable row with a close grip.,"Back, Lats, Biceps",4.0,Bodybuilding,168
1718,30 Back Incline Face-Up Cable Pull-Down,The 30 Back incline face-up cable pull-down is a cable pulldown on an incline bench.,"Back, Lats",4.0,Bodybuilding,168
1719,30 Back Kneeling High Cable Pull-Down,The 30 Back kneeling high cable pull-down is a cable pulldown while kneeling.,"Back, Lats",4.2,"Bodybuilding, Fitness",168
1720,30 Back Leaning V-Bar Pull-Down,The 30 Back leaning V-bar pull-down is a lat pulldown with a V-bar.,"Back, Lats, Biceps",4.0,Bodybuilding,168
1721,30 Back Reverse-Grip Pull-Down,The 30 Back reverse-grip pull-down is a lat pulldown with a supinated grip.,"Back, Lats, Biceps",4.0,Bodybuilding,168
1722,30 Back Standing Low Cable Bar Row,The 30 Back standing low cable bar row is a cable row while standing.,"Back, Lats, Biceps",4.0,Bodybuilding,168
1723,30 Back Standing Low Cable Rope Row,The 30 Back standing low cable rope row is a cable row with a rope handle.,"Back, Lats, Biceps",4.0,Bodybuilding,168
1724,30 Back Straight-Arm Bar Pull-Down,The 30 Back straight-arm bar pull-down is an isolation exercise for the lats.,"Lats, Back",3.5,Bodybuilding,168
1725,30 Back Straight-Arm Rope Pull-Down,The 30 Back straight-arm rope pull-down is an isolation exercise for the lats.,"Lats, Back",3.5,Bodybuilding,168
1726,30 Back Wide-Grip Behind-The-Head Pull-Down,The 30 Back wide-grip behind-the-head pull-down is a lat pulldown behind the neck.,"Back, Lats, Traps",4.0,Bodybuilding,192
1727,30 Back Wide-Grip Pull-Down,The 30 Back wide-grip pull-down is a standard lat pulldown.,"Back, Lats",4.0,Bodybuilding,168
1728,30 back Wide-Grip Seated Cable Row,The 30 back wide-grip seated cable row is a seated cable row with a wide grip.,"Back, Lats",4.0,Bodybuilding,168
1729,Rower,"The rower is a popular gym machine that is serious cardiovascular work, but also targets the legs, back, and arm muscles. It's a great way build overall aerobic and muscular fitness. It is popular in CrossFit-style workouts, but is also a staple in all types of gyms. It can be equally effective for HIIT-style interval workouts or for longer-duration endurance work.","Full Body, Legs, Back, Arms",9.0,"Cardio, Crossfit, Rowing",144
1730,Seated Cable Rows,"The cable seated row is a popular exercise to train the muscles of the upper back, including the lats (latissimus dorsi), traps, rhomboids, and rear deltoids, using a cable stack. It also targets the biceps to a lesser degree. The cable row can work well in a variety of rep-ranges, but is most popular in muscle-building workouts or as an accessory movement for strength workouts.","Back, Lats, Biceps, Traps",4.0,Bodybuilding,168
1731,Smith machine bent-over row,"The Smith machine bent-over row is an upper-body exercise targeting the muscles of the back, particularly the lats (latissimus dorsi). This movement can be programmed in low reps for strength or higher reps for muscle and strength endurance. It is often performed for moderate to high reps, such as 8-12 reps per set or more, as part of an upper-body or back-focused workout.","Back, Lats, Biceps",5.0,Bodybuilding,192
1732,Leverage High Row,The machine high row is an exercise targeting the lats and works the back overall.,"Back, Lats, Traps",4.0,Bodybuilding,168
1733,Machine Low Row,The machine low row is an exercise targeting the back muscles.,"Back, Lats",4.0,Bodybuilding,168
1734,Standing lat pull-down,"The standing lat pull-down is a variation of the lat pull-down performed standing next to a cable stack rather than sitting on a bench or machine. It has all of the same benefits of a lat pull-down performed on a bench or machine, in addition to providing further activation to the core and lower body. If you are too tall to perform this movement, a kneeling lat pull-down provides all of the same benefits.","Back, Lats, Abs",4.2,"Bodybuilding, Fitness",168
1735,30 Back Machine Seated Row,The 30 Back machine seated row is a seated row on a machine.,"Back, Lats, Biceps",4.0,Bodybuilding,168
1736,30 Back Smith Machine Push-Up,The 30 Back Smith machine push-up is a push-up with the hands on a Smith machine bar.,"Chest, Triceps",3.5,Strength Training,168
1737,Mixed Grip Chin,The mixed grip chin is a chin-up with one hand supinated and one pronated.,"Back, Biceps, Lats",6.0,Calisthenics,168
1738,Rhomboids SMR,"Rhomboids self-myofascial release (SMR) is a self-administered soft-tissue treatment for the upper body, usually using a foam roller, lacrosse ball, or other ""trigger point"" massage tool. By applying pressure strategically to the rhomboid muscles of the mid back, some people find they can cause this often painful and tight area to relax or ""release."" Rhomboids SMR is often accompanied by SMR on the lats, or by stretches that target the rhomboids or lats.",Back,2.0,"Mobility, Rehabilitation",84
1739,Spinal Stretch,This refers to general stretches for the spine.,"Lower Back, Back",1.8,Mobility,72
1740,Upper Back Stretch,This refers to general stretches for the upper back.,"Back, Traps",1.5,Mobility,72
1741,Middle Back Stretch,This refers to general stretches for the middle back.,"Back, Lats",1.5,"Mobility, Yoga",72
1742,TBS Pull-Up,The TBS pull-up is a standard pull-up.,"Back, Lats, Biceps",6.0,"Calisthenics, Crossfit, Strength Training",168
1743,HM Angel Stretch,The HM angel stretch is a shoulder mobility exercise.,"Shoulders, Back",2.0,"Mobility, Rehabilitation",84
1744,UNS Foam Roll Upper Back,The UNS foam roll upper back is self-myofascial release for the upper back.,"Back, Traps",2.0,"Mobility, Rehabilitation",84
1745,30 Back Neutral-Grip Pull-Down,The 30 Back neutral-grip pull-down is a lat pulldown with a neutral grip.,"Back, Lats, Biceps",4.0,Bodybuilding,168
1746,30 Back Pull-Up,The 30 Back pull-up is a standard pull-up.,"Back, Lats, Biceps",6.0,Calisthenics,168
1747,30 Back Reverse-Grip Pull-Up,The 30 Back reverse-grip pull-up is a chin-up.,"Biceps, Back, Lats",6.0,Calisthenics,168
1748,ACFT Medicine ball overhead power throw,"The medicine ball overhead power throw is an explosive exercise targeting the abdominals and hips. This specific exercise is part of the new Army Combat Fitness Test or ACFT. It can be performed for lower reps with a focus on power or for higher reps with a focus on fat loss and conditioning. It begins in a semi-squat position holding a medicine ball, which then gets ""scooped"" up and thrown overhead in one continuous movement.","Full Body, Abs, Hip Flexors",8.5,"Athletics, Fitness, Military Training",168
1749,Upright Row - With Bands,The upright row with bands is an upright row with a resistance band.,"Shoulders, Traps",3.5,"Home Workouts, Strength Training",144
1750,Band seated row,"The band seated row is a band alternative to the popular cable exercise and trains the muscles of the upper back, including the lats (latissimus dorsi), traps, rhomboids, and rear deltoids. It also targets the biceps to a lesser degree. The band row can work well in a variety of rep ranges, requiring a heavier band for muscle-building and strength workouts and a lighter band for weight-loss work and as an accessory movement.","Back, Lats, Biceps",3.5,"Home Workouts, Rehabilitation",144
1751,Barbell shrug,"The barbell shrug is an exercise targeting the traps (trapezius muscles). It is popular in strength and muscle-focused upper-body training, and is often trained on a shoulder day. With the assistance of straps, it can be loaded heavily, but it is still usually performed for moderate to high reps, such as 8-10 reps per set.",Traps,3.5,"Bodybuilding, Strength Training",192
1752,Barbell behind-the-back shrug,"The barbell behind-the-back shrug is an exercise targeting the traps. Having the bar behind you helps keep your shoulders pulled up and back, rather than rounded forward. It is popular in strength and muscle-focused upper-body training, and is often trained on a shoulder day. With the assistance of straps, it can be loaded heavily, but it is still usually performed for moderate to high reps, such as 8-10 reps per set.",Traps,3.5,Bodybuilding,192
1753,Clean Shrug,The clean shrug is a shrug performed as part of the clean movement.,"Traps, Back, Full Body",7.0,Olympic Weightlifting,216
1754,Snatch Shrug,The snatch shrug is a shrug performed as part of the snatch movement.,"Traps, Back, Full Body",7.0,Olympic Weightlifting,216
1755,Single-arm inverted row,"The single-arm inverted row is a bodyweight exercise targeting the muscles of the lats (latissimus dorsi) and upper back, using the bar of the Smith machine to hang and pull from. You can change the bar height to customize the difficulty level and desired angle of the row.","Back, Lats, Biceps, Obliques",5.0,Calisthenics,168
1756,Kettlebell sumo deadlift high pull,"The kettlebell sumo deadlift high pull is a dynamic kettlebell exercise that focuses on the muscles of the posterior chain, including the hamstrings, glutes, traps, rear delts, and upper back. It can be done in lower reps for power or strength, or higher reps for conditioning and fat loss. It can also be a component of a circuit-style kettlebell workout, either for time or reps.","Full Body, Hamstrings, Glutes, Traps, Shoulders",9.5,"Crossfit, HIIT, Kettlebell Training",168
1757,Standing dumbbell shrug,"The standing dumbbell shrug is a popular movement to build and strengthen the trapezius muscles. It's often trained on a bodybuilding-style shoulder or back training day, but can also work well in full-body or strength-focused training.",Traps,3.0,"Bodybuilding, Strength Training",168
1758,Standing dumbbell upright row,"The standing dumbbell upright row is a popular movement for building stronger and bigger traps and shoulders. Many lifters combine this move with either their back or shoulder workout, since it involves both body parts. It is generally performed for moderate to high reps, such as 8-12 reps per set or more.","Shoulders, Traps",4.0,Bodybuilding,168
1759,Dumbbell pull-over,"The dumbbell pull-over is a popular muscle and strength-building exercise that targets the muscles of the chest, upper back, lats, and the serratus anterior. It was a favorite of old-school bodybuilders, who believed high-rep pull-overs helped build a V-taper shape in the torso.","Chest, Lats, Back",4.0,Bodybuilding,168
1760,Standing Dumbbell Shrug - Gethin Variation,"The standing dumbbell shrug is a popular movement to build and strengthen the trapezius muscles. It’s a often trained on a bodybuilding-style shoulder or back training day, but can also work well in full-body or strength-focused training.",Traps,3.0,Bodybuilding,168
1761,Single-arm dumbbell row,"The single-arm dumbbell row is a popular exercise for building the latissimus dorsi, or lat, muscles of the back. It is most often performed for moderate to high reps, such as 8-12 reps per arm or more, as part of a muscle-building upper-body or back-focused portion of a workout.","Back, Lats, Biceps",4.5,"Bodybuilding, Strength Training",168
1762,Lying Face Down Plate Neck Resistance,The lying face down plate neck resistance is a neck strengthening exercise.,Back,2.0,"American Football, Martial Arts, Rehabilitation, Wrestling",192
1763,Lying Face Up Plate Neck Resistance,The lying face up plate neck resistance is a neck strengthening exercise.,Traps,2.0,"American Football, Martial Arts, Rehabilitation, Wrestling",192
1764,Seated Head Harness Neck Resistance,The seated head harness neck resistance is a neck strengthening exercise with a harness.,"Traps, Back",2.5,"American Football, Martial Arts, Wrestling",192
1765,Cable straight-bar upright row,"The cable straight-bar upright row is an isolation exercise for the traps and the medial deltoids. It may not be appropriate for all lifters depending on their shoulder health and injury history. It is usually performed for moderate to high reps, such as 8-12 reps per set or more, as part of an upper-body or shoulder-focused workout.","Shoulders, Traps",3.8,Bodybuilding,168
1766,Cable shrug,"The cable shrug is an exercise targeting the traps, as well as hitting the shoulders and upper back. Cables allow for lighter loading which is beneficial for higher-rep sets.",Traps,3.0,Bodybuilding,168
1767,Smith machine shrug,"The Smith machine shrug is an upper-body exercise targeting the traps (trapezius muscles). It is usually performed for moderate to high reps, such as 8-12 reps per set or more, as part of shoulder or trap-focused training.",Traps,3.0,Bodybuilding,192
1768,Leverage Shrug,The leverage shrug is a shrug on a leverage machine.,Traps,3.0,Bodybuilding,168
1769,Calf-Machine Shoulder Shrug,The calf-machine shoulder shrug is a shrug performed on a calf raise machine.,Traps,3.0,Bodybuilding,168
1770,Smith machine behind-the-back shrug,"The Smith machine behind-the-back shrug is an upper-body exercise targeting the traps (trapezius muscles). It is usually performed for moderate to high reps, such as 8-12 reps per set or more, as part of shoulder or trap-focused training.",Traps,3.0,Bodybuilding,192
1771,Smith machine upright row,"The Smith machine upright row is an upper-body exercise targeting the muscles of the traps and shoulders. This movement is often performed for moderate to high reps, such as 8-12 reps per set or more, as part of an upper-body or shoulder-focused workout.","Shoulders, Traps",4.0,Bodybuilding,192
1772,Machine low row-,"The machine low row is a popular exercise targeting the back muscles, particularly the lats (latissimus dorsi), rhomboids, and middle and lower trapezius. Machine row variations are often performed for moderate to high reps, such as 8-12 reps per set or more, as part of an upper-body or back-focused portion of a workout.","Back, Lats",4.0,"Bodybuilding, Strength Training",168
1773,Machine Shrug - Gethin Variation,The machine shrug - Gethin variation is a specific type of machine shrug.,Traps,3.0,Bodybuilding,168
1774,Smith machine single-arm shrug,"The Smith machine single-arm shrug is an upper-body exercise targeting the traps (trapezius muscles). It is usually performed for moderate to high reps, such as 8-12 reps per set or more, as part of shoulder or trap-focused training.",Traps,3.0,Bodybuilding,192
1775,Isometric Neck Exercise - Sides,The isometric neck exercise - sides is a neck strengthening exercise.,Traps,1.5,"Martial Arts, Rehabilitation, Wrestling",144
1776,Isometric Neck Exercise - Front And Back,The isometric neck exercise - front and back is a neck strengthening exercise.,"Traps, Back",1.5,"Martial Arts, Rehabilitation, Wrestling",144
1777,Neck Bridge Prone,The neck bridge prone is a neck strengthening exercise.,"Back, Traps",4.5,"Gymnastics, Martial Arts, Wrestling",192
1778,Side Neck Stretch,The side neck stretch is a stretch for the neck muscles.,Traps,1.5,Mobility,72
1779,Neck-SMR,Neck-SMR is self-myofascial release for the neck.,Traps,2.0,"Mobility, Rehabilitation",84
1780,Scapular Pull-Up,The scapular pull-up is a back activation exercise.,"Back, Lats",2.5,"Calisthenics, Mobility, Rehabilitation",144
1781,Single-leg depth squat,"The single-leg depth squat is an exercise targeting the muscles of the lower body, including the quads, glutes, and hamstrings. It is sometimes used as a substitute for the pistol squat, since it doesn't demand the same level of flexibility to perform. It is usually performed for low to moderate reps with a focus on proper form and control.","Quads, Glutes, Legs",5.5,"Calisthenics, Fitness, Parkour",168
1782,Squats - With Bands,Squats with bands are squats with a resistance band for added resistance or assistance.,"Quads, Glutes, Hamstrings, Legs",5.5,"Home Workouts, Strength Training",144
1783,Hip Flexion with Band,The hip flexion with band is a hip flexor strengthening exercise.,Hip Flexors,2.5,"Athletics, Rehabilitation",96
1784,Forward Band Walk,The forward band walk is an exercise for the hips and glutes.,"Glutes, Hip Flexors",3.0,"Mobility, Rehabilitation",96
1785,Boss Everline Resistance-Band Pull Sprint,The Boss Everline resistance-band pull sprint is a resisted sprint.,"Full Body, Legs",13.0,"Athletics, Sports Performance",192
1786,Banded jump squat,"The banded jump squat is an explosive bodyweight squat variation performed with a band around the thighs just above the knees. This increases muscle activation in the hips and glutes, while the squat targets the quads, hamstrings, and glutes. The banded jump squat can be performed for low reps as a power-focused exercise, or for higher reps to build muscle in the lower body, challenge conditioning, and burn fat.","Legs, Glutes, Quads",8.5,"HIIT, Plyometrics, Sports Performance",144
1787,Speed Box Squat,"The banded barbell box squat is a strength and power exercise targeting the lower body. It is popular in powerlifting training, either performed with light weights as a power and speed exercise, or heavier for strength. It is usually performed to a box of a height that demands the squatter to decent to around parallel.","Quads, Glutes, Hamstrings, Legs",7.0,Strength Training,192
1788,HM Banded Squat Toe Tap,The HM banded squat toe tap is a squat with a toe tap and a band.,"Quads, Glutes, Legs",4.0,"Fitness, Home Workouts",120
1789,UP Band Abducted Squat,The UP band abducted squat is a squat with a band around the knees to promote abduction.,"Quads, Glutes, Legs",4.0,"Rehabilitation, Strength Training",120
1790,FYR2 Lateral Band Walk,The FYR2 lateral band walk is a glute activation exercise.,Glutes,3.0,"Mobility, Rehabilitation",96
1791,FYR2 Banded Squat Hold-Pulse-Jump Complex,The FYR2 banded squat hold-pulse-jump complex is a lower body burnout.,"Quads, Glutes, Legs",9.0,"Circuit Training, HIIT",144
1792,Band split squat,"The band split squat is a band movement targeting the quads, glutes, and hamstrings. It can be performed either for time or reps, and is often included as part of a fat-loss or athleticism-focused circuit workout. Leaning back places more emphasis on the glutes and hamstrings, while standing straight up targets the quads.","Quads, Glutes, Hamstrings, Legs",4.5,"Home Workouts, Strength Training",144
1793,Band front squat,"The band front squat is a popular exercise for targeting the muscles of the lower body, including the quadriceps, glutes, and hamstrings. Holding band in the racked position also works the core and upper-back muscles to maintain posture while the lower body moves. Because the tension of the band changes as it stretches, the resistance more closely matches the natural strength curve of the squat. This movement is usually performed for moderate to high reps, at least 8-12 reps per set or more. If this movement hurts your knees, try performing it with a wider stance.","Quads, Glutes, Abs, Back",5.0,"Fitness, Home Workouts",144
1794,Squat hold with band pull-apart,"The squat hold with band pull-apart is a combination of the squat hold and band pull-apart. It involves holding the squat position with the thighs at or below parallel to the ground while performing a band pull-apart. The band pull-apart is an exercise targeting the upper back muscles, including the trapezius, rear delts, and rhomboids. The squat hold band pull-apart can be performed for mobility purposes or to increase time under tension on lower-body muscles including the quads, glutes, and hamstrings.","Quads, Glutes, Shoulders, Back, Full Body",4.5,"Fitness, Mobility",120
1795,Banded squat toe tap,"The banded squat toe tap is a banded variation on the classic bodyweight squat, but with a lateral toe tap to add extra focus to the stabilizer muscles around the hips. It can be performed for time or for reps as part of a dynamic warm-up for the lower body, or in any lower-body portion of a workout.","Quads, Glutes",4.0,"Mobility, Rehabilitation",120
1796,Band overhead squat,"The band overhead squat is a full-body, functional movement that works to build full-body strength and stability. It is a variation of the classic barbell exercise and can be used to train core strength and stability for Olympic weightlifting or CrossFit.","Full Body, Quads, Glutes, Shoulders, Abs",6.0,"Crossfit, Home Workouts, Mobility, Olympic Weightlifting",144
1797,Quadriceps SMR,"Quadriceps self-myofascial release (SMR) is a self-administered soft-tissue treatment for the lower body, usually using a foam roller, lacrosse ball, or other ""trigger point"" massage tool. By applying pressure strategically to the quad muscles of the upper leg, some people find they can cause this often painful and tight muscle group to relax or ""release."" Quadriceps SMR is often accompanied by SMR on the calf, glute, or hip muscles, or by stretches that target the calves or quads.",Quads,2.0,"Mobility, Rehabilitation",84
1798,Clean from Blocks,The clean from blocks is a clean with a reduced range of motion.,"Full Body, Hamstrings, Glutes, Back, Shoulders, Traps",9.5,"Crossfit, Olympic Weightlifting",216
1799,Barbell Full Squat,"The barbell back squat is a popular compound movement that emphasizes building the lower-body muscle groups and overall strength. It's the classic way to start a leg day, and is a worthy centerpiece to a lower-body training program. The squat is a competitive lift in the sport of powerlifting, but is also a classic measurement of lower-body strength. With the barbell racked on the traps or upper back, the emphasis is placed on the posterior chain but the entire body gets worked. The back squat can be trained in everything from heavy singles to sets of 20 reps or higher.","Quads, Glutes, Hamstrings, Lower Back, Legs",7.0,"Bodybuilding, Strength Training",192
1800,Barbell back squat to box,"The barbell back squat to box is a popular version of a classic lower-body exercise that utilizes a box at the bottom position of the movement. This allows the lifter to customize the depth of the squat, as well as limit the stretch reflex at the bottom of the squat. The movement targets the quadriceps, glutes, and hamstrings. The squat to box can be performed for low reps to build strength or power, or for higher reps to build muscle.","Quads, Glutes, Hamstrings, Legs",7.0,Strength Training,192
1801,Push-press,"The push-press is an overhead press variation in which the barbell is pushed upward with assistance from the lower body. This ""push"" helps the weight travel through the sticking point of a strict press. The push-press is commonly performed as part of barbell complexes, power training for all types of athletics, or as a powerful shoulder exercise.","Shoulders, Triceps, Legs, Full Body",8.0,"Crossfit, Olympic Weightlifting, Strength Training",192
1802,Power snatch-,"The power snatch is a full-body lift in which the bar is pulled from the floor with a wide grip to the overhead position in one movement. The bar is received in the ""power"" position, with the hips higher than a full-depth squat position. The power snatch can be used as a learning tool for the full snatch, or to train muscular power and strength on its own. It is usually performed for low reps, focusing on power and movement quality.","Full Body, Hamstrings, Glutes, Back, Shoulders, Traps",10.0,"Crossfit, Olympic Weightlifting",216
1803,Hang Clean,The hang clean is a clean initiated from a hanging position.,"Full Body, Hamstrings, Glutes, Back, Shoulders, Traps",9.0,"Crossfit, Olympic Weightlifting",216
1804,Barbell walking lunge,"The barbell walking lunge tests your ability to maintain balance while challenging the quads, glutes, and hamstrings as well as the core muscles. Using a barbell allows you to overload the exercise. It can be performed for moderate reps, such as 8-15 per set or across the gym, or for higher reps as a conditioning and mental toughness challenge.","Quads, Glutes, Hamstrings, Legs",6.0,"Bodybuilding, Strength Training",192
1805,Olympic Squat,"The Olympic squat is a high-bar, deep squat.","Quads, Glutes, Hamstrings, Legs",7.5,"Olympic Weightlifting, Strength Training",192
1806,Narrow-stance squat,"The narrow-stance squat is an exercise that targets the lower body with an emphasis on the quads. Many people will find they can't go as deep in a narrow-stance squat as with a wider squat, which is normal. The narrow-stance squat can be performed for time or reps in any workout.","Quads, Legs",5.0,Bodybuilding,144
1807,Box Squat with Bands,The box squat with bands is a box squat with accommodating resistance.,"Quads, Glutes, Hamstrings, Legs",7.5,Strength Training,192
1808,Weighted Jump Squat,The weighted jump squat is a plyometric squat with added weight.,"Quads, Glutes, Hamstrings, Legs",8.5,"Plyometrics, Sports Performance",168
1809,Squat with Chains,The squat with chains is a squat with accommodating resistance.,"Quads, Glutes, Hamstrings, Legs",7.5,Strength Training,192
1810,Barbell Squat,"The barbell back squat is a popular compound movement that emphasizes building the lower-body muscle groups and overall strength. It's the classic way to start a leg day, and is a worthy centerpiece to a lower-body training program. The squat is a competitive lift in the sport of powerlifting, but is also a classic measurement of lower-body strength. With the barbell racked on the traps or upper back, the emphasis is placed on the posterior chain but the entire body gets worked. The back squat can be trained in everything from heavy singles to sets of 20 reps or higher.","Quads, Glutes, Hamstrings, Lower Back, Legs",7.0,"Bodybuilding, Strength Training",192
1811,Barbell front squat,"The barbell front squat is a compound movement that emphasizes building the lower-body muscle groups. With the barbell racked in front of the body on the anterior delts, the front squat emphasizes the quads and glutes, but also upper back and core strength to remain upright. Front squats can be trained as an alternative to back squats, as an accessory movement for either squats or deadlifts, or for strength and muscle on their own. Many lifters and athletes prefer them to back squats, although they can be uncomfortable and difficult to learn at first.","Quads, Glutes, Abs, Back, Legs",7.5,"Bodybuilding, Crossfit, Olympic Weightlifting, Strength Training",192
1812,Barbell forward lunge,"The barbell forward lunge is a popular lower-body exercise targeting the quads, glutes, and hamstrings. Using a barbell allows you to overload the exercise beyond body weight and perform the movement in strength or muscle-focused rep ranges. The forward lunge can be performed as part of a barbell complex, in a circuit, or on its own in the lower-body portion of any workout.","Quads, Glutes, Hamstrings, Legs",6.0,Strength Training,192
1813,Smith machine box squat,"The Smith machine box squat is a machine-based exercise targeting the quads, glutes, and hamstrings. The Smith machine mimics a barbell but provides more stability. This movement can be programmed in low reps for strength or power or higher reps for muscle and strength endurance. It is often performed for moderate to high reps, such as 8-12 reps per set or more, as part of a full-body or lower-body workout.","Quads, Glutes, Hamstrings, Legs",6.0,Bodybuilding,192
1814,Barbell step-up,"The barbell step-up is a great exercise for building lower-body strength and power. It targets all the same muscles as bodyweight step-ups, such as the quads, glutes, and hamstrings, but allows for greater muscular overload.","Quads, Glutes, Hamstrings, Legs",6.5,"Fitness, Strength Training",192
1815,Barbell Bulgarian split squat,"The barbell Bulgarian split squat is a single-leg exercise targeting the quads, glutes, and hamstrings. It is easier to overload with the barbell than when using dumbbells. If balance is an issue, consider using a Smith machine or holding dumbbells at your side instead.","Quads, Glutes, Hamstrings, Legs",6.5,"Bodybuilding, Strength Training",192
1816,Hang Clean - Below the Knees,The hang clean - below the knees is a hang clean initiated from below the knees.,"Full Body, Hamstrings, Glutes, Back, Shoulders, Traps",9.0,Olympic Weightlifting,216
1817,Barbell hack squat,"The barbell hack squat is a variety of deadlift performed with the barbell behind the legs. This forces the lifter into a body position similar to a squat and targets the quads and glutes. It is named after famed strongman George Hackenschmidt, who performed it as an overall leg-building exercise. The barbell hack squat can be used as a substitute for the machine hack squat, or as a lower-body strength and size movement on its own.","Quads, Glutes, Legs",6.5,"Bodybuilding, Strength Training",192
1818,Hack Squat,"The hack squat is a machine-based exercise that targets the muscles of the legs, particularly the quadriceps. It is often used as an accessory for squats, but can also be the main lower-body movement in a workout. It is often performed for moderate to high reps, such as 8-12 reps per set or more.","Quads, Legs",5.0,Bodybuilding,168
1819,Barbell thruster,"The barbell thruster is a full-body exercise that incorporates both squatting and pressing in one functional movement. It's especially common in contemporary CrossFit workouts, but also in general strength training. The barbell is usually cleaned into place first, but it could be performed taken from a squat rack in a front-rack position. The thruster can be performed in traditional strength-focused rep ranges to build strength in the press, or in higher reps for full-body conditioning.","Full Body, Quads, Glutes, Shoulders, Triceps",11.0,"Crossfit, Olympic Weightlifting",192
1820,Split Jerk,The split jerk is an Olympic lifting movement.,"Full Body, Shoulders, Legs",10.0,"Crossfit, Olympic Weightlifting",216
1821,Push-jerk,"The push-jerk is a movement in which the barbell is pushed from the front rack position to overhead with help from the legs. It differs from the push-press in that the lifter dips under the bar rather than simply pushing it up. It is popular in CrossFit workouts and Olympic weightlifting, as well as power training for athletics. It is usually performed for low reps, focusing on power and movement quality.","Full Body, Shoulders, Legs",9.0,"Crossfit, Olympic Weightlifting",216
1822,Barbell back squat,"The barbell back squat is a popular compound movement that emphasizes building the lower-body muscle groups and overall strength. It's the classic way to start a leg day, and is a worthy centerpiece to a lower-body training program. The squat is a competitive lift in the sport of powerlifting, but is also a classic measurement of lower-body strength. With the barbell racked on the traps or upper back, the emphasis is placed on the posterior chain but the entire body gets worked. The back squat can be trained in everything from heavy singles to sets of 20 reps or higher.","Quads, Glutes, Hamstrings, Lower Back, Legs",7.0,"Bodybuilding, Strength Training",192
1823,Zercher squat,The Zercher squat is a barbell exercise in which the bar is placed in the crease of your elbows as you perform a normal squat. This movement can be awkward at first but is extremely effective in building both size and strength.,"Quads, Glutes, Biceps, Back, Abs, Legs",7.5,"Fitness, Strength Training",192
1824,Jefferson Squats,The Jefferson squat is a squat variation where you stand over the bar.,"Legs, Quads, Glutes, Inner Thighs",7.0,Strength Training,192
1825,Jerk Dip Squat,The jerk dip squat is a component of the jerk.,"Quads, Legs",5.0,Olympic Weightlifting,216
1826,Barbell side split squat,"The barbell side split squat is a variation of the split squat that targets the lower body, specifically the quads, and requires good hip mobility.","Quads, Inner Thighs, Glutes",6.0,"Mobility, Strength Training",192
1827,Frankenstein Squat,The Frankenstein squat is a front squat with arms extended.,"Quads, Glutes, Abs, Back",6.5,"Crossfit, Olympic Weightlifting",192
1828,Barbell speed squat,"The barbell speed squat targets the lower-body muscle groups using lighter weights to perform fast-paced back squats. Speed squats are popular in certain powerlifting training methodologies as a way to engrain form and lifting speed that can carry over to max-effort lifts. In this approach, they are usually performed in numerous sets of 3-5 reps with adequate rest in between. Speed squats are also sometimes performed with bands or chains adding extra resistance to the top half of the lift.","Quads, Glutes, Hamstrings, Legs",7.5,Strength Training,192
1829,Single-arm side deadlift,"The single-arm side deadlift is a compound exercise that strengthens the glutes, quads, hamstrings, back, and core. It has more of a core stability and anti-rotational component than other deadlift variations. The side deadlift is usually done for low to moderate reps, such as 5-8 reps per side, with a focus on posture and movement quality.","Full Body, Obliques, Glutes, Legs",7.0,"Fitness, Strength Training",192
1830,Barbell Squat To A Bench,"The barbell back squat to box takes a classic compound exercise for developing the lower body and adds the box element. Muscles worked include the quads, hips, glutes, and upper hamstrings.","Quads, Glutes, Hamstrings, Legs",7.0,Strength Training,192
1831,Clean Pull,The clean pull is a component of the clean.,"Full Body, Hamstrings, Glutes, Back, Traps",8.5,Olympic Weightlifting,216
1832,Front Barbell Squat To A Bench,The front barbell squat to a bench is a front squat to a bench.,"Quads, Glutes, Abs",7.0,"Olympic Weightlifting, Strength Training",192
1833,Barbell reverse lunge,"The barbell reverse lunge is a popular lower-body exercise targeting the quads, glutes, and hamstrings. Using a barbell allows you to overload the exercise beyond body weight and perform the movement in strength or muscle-focused rep ranges. The reverse lunge can be performed as part of a barbell complex, in a circuit, or on its own in the lower-body portion of any workout.","Quads, Glutes, Hamstrings, Legs",6.0,Strength Training,192
1834,Split Clean,The split clean is a clean where you catch the bar in a split position.,"Full Body, Legs, Back, Shoulders",10.0,Olympic Weightlifting,216
1835,Close-stance dumbbell front squat,"The close-stance dumbbell front squat is a popular exercise for targeting the muscles of the lower body, the quadriceps in particular. Holding dumbbells in the racked position also works the core and upper-back muscles to maintain posture while the lower body moves. Because the amount of weight you can use will be limited by what you can clean to the rack position, this movement is usually performed for moderate to high reps, at least 8-12 reps per set or more. If this movement hurts your knees, try performing it with a wider stance.","Quads, Glutes, Legs",6.0,Bodybuilding,168
1836,Front Squat (Clean Grip),The front squat (clean grip) is a front squat with a clean grip.,"Quads, Glutes, Abs, Back",7.5,"Crossfit, Olympic Weightlifting",192
1837,Barbell front squat to back squat,"The barbell front squat to back squat is a complex that combines two fundamental barbell squat movements with a press in between to build overall strength, coordination, and endurance. This combo hits every muscle in the lower body, but also seriously challenges the upper-body musculature to control and transition the weight.",Full Body,8.5,"Crossfit, Fitness",192
1838,Squat Jerk,The squat jerk is a jerk where you catch the bar in a full squat.,"Full Body, Shoulders, Legs",10.5,Olympic Weightlifting,216
1839,Barbell Front-To-Back Squat,"The barbell front squat to back squat is a complex that combines two fundamental barbell squat movements with a press in between to build overall strength, coordination, and endurance. This combo hits every muscle in the lower body, but also seriously challenges the upper-body musculature to control and transition the weight.",Full Body,8.5,Fitness,192
1840,Box Squat with Chains,The box squat with chains is a box squat with accommodating resistance.,"Quads, Glutes, Hamstrings, Legs",7.5,Strength Training,192
1841,Snatch from Blocks,The snatch from blocks is a snatch with a reduced range of motion.,"Full Body, Hamstrings, Glutes, Back, Shoulders, Traps",9.5,"Crossfit, Olympic Weightlifting",216
1842,Power Snatch from Blocks,The power snatch from blocks is a power snatch with a reduced range of motion.,"Full Body, Hamstrings, Glutes, Back, Shoulders, Traps",9.0,"Crossfit, Olympic Weightlifting",216
1843,Front Squat (Bodybuilder),"The barbell front squat is a compound movement that emphasizes building the lower-body muscle groups. With the barbell racked in front of the body on the anterior delts, the front squat emphasizes the quads and glutes, but also upper back and core strength to remain upright. Front squats can be trained as an alternative to back squats, as an accessory movement for either squats or deadlifts, or for strength and muscle on their own. Many lifters and athletes prefer them to back squats, although they can be uncomfortable and difficult to learn at first.","Quads, Glutes, Abs, Back",7.0,Bodybuilding,192
1844,Barbell step-down reverse lunge,"The barbell step-down reverse lunge is an exercise targeting the lower body, particularly the glutes and hamstrings. The front foot is slightly elevated during this movement, making the subsequent step-down more pronounced and difficult. These are usually performed for time or for relatively high reps, such as 10 reps or more per set.","Glutes, Hamstrings, Quads, Legs",6.0,Strength Training,192
1845,Squat with Bands,The squat with bands is a squat with accommodating resistance.,"Quads, Glutes, Hamstrings, Legs",7.5,Strength Training,192
1846,Heaving Snatch Balance,The heaving snatch balance is a snatch accessory exercise.,"Shoulders, Legs, Full Body",8.5,Olympic Weightlifting,216
1847,Snatch Balance,The snatch balance is a snatch accessory exercise.,"Shoulders, Legs, Full Body",9.0,Olympic Weightlifting,216
1848,Reverse Band Power Squat,The reverse band power squat is a squat with band assistance.,"Quads, Glutes, Hamstrings, Legs",7.0,Strength Training,192
1849,Paul Carter Back Squat,"The barbell back squat is a popular compound movement that emphasizes building the lower-body muscle groups and overall strength. It's the classic way to start a leg day, and is a worthy centerpiece to a lower-body training program. The squat is a competitive lift in the sport of powerlifting, but is also a classic measurement of lower-body strength. With the barbell racked on the traps or upper back, the emphasis is placed on the posterior chain but the entire body gets worked. The back squat can be trained in everything from heavy singles to sets of 20 reps or higher.","Quads, Glutes, Hamstrings, Lower Back, Legs",7.0,"Bodybuilding, Strength Training",192
1850,Paul Carter Barbell Split Squat,"The barbell Bulgarian split squat is a single-leg, full-body exercise targeting the quads, glutes, and hamstrings. It is easier to overload with the barbell as opposed to using dumbbells.","Quads, Glutes, Hamstrings, Legs",6.5,Bodybuilding,192
1851,TBS High-Bar Back Squat,"The barbell back squat is a popular compound movement that emphasizes building the lower-body muscle groups and overall strength. It's the classic way to start a leg day, and is a worthy centerpiece to a lower-body training program. The squat is a competitive lift in the sport of powerlifting, but is also a classic measurement of lower-body strength. With the barbell racked on the traps or upper back, the emphasis is placed on the posterior chain but the entire body gets worked. The back squat can be trained in everything from heavy singles to sets of 20 reps or higher.","Quads, Glutes, Hamstrings, Lower Back, Legs",7.0,Strength Training,192
1852,TBS Barbell Front Squat,"The barbell front squat is a compound movement that emphasizes building the lower-body muscle groups. With the barbell racked in front of the body on the anterior delts, the front squat emphasizes the quads and glutes, but also upper back and core strength to remain upright. Front squats can be trained as an alternative to back squats, as an accessory movement for either squats or deadlifts, or for strength and muscle on their own. Many lifters and athletes prefer them to back squats, although they can be uncomfortable and difficult to learn at first.","Quads, Glutes, Abs, Back",7.5,"Crossfit, Olympic Weightlifting",192
1853,Squat - Gethin Variation,"The barbell back squat is a popular compound movement that emphasizes building the lower-body muscle groups and overall strength. It's the classic way to start a leg day, and is a worthy centerpiece to a lower-body training program. The squat is a competitive lift in the sport of powerlifting, but is also a classic measurement of lower-body strength. With the barbell racked on the traps or upper back, the emphasis is placed on the posterior chain but the entire body gets worked. The back squat can be trained in everything from heavy singles to sets of 20 reps or higher.","Quads, Glutes, Hamstrings, Lower Back, Legs",7.0,Bodybuilding,192
1854,Front-To-Back Barbell Squat,The front-to-back barbell squat is a squat where you switch between a front and back squat.,Full Body,8.5,"Crossfit, Fitness",192
1855,Barbell Lunge - Gethin Variation,"The barbell forward lunge is a popular lower-body exercise targeting the quads, glutes, and hamstrings. Using a barbell allows you to overload the exercise beyond body weight and perform the movement in strength or muscle-focused rep ranges. The forward lunge can be performed as part of a barbell complex, in a circuit, or on its own in the lower-body portion of any workout.","Quads, Glutes, Hamstrings, Legs",6.0,Bodybuilding,192
1856,Rack Deadlift - Gethin Variation,"The rack pull is a variation of the deadlift performed from an elevated height, either using boxes, safety pins, or the safeties in a squat rack. It targets all the same muscles as the deadlift, including the glutes, hamstrings, upper back, lower back, and grip. It can e used to strengthen deadlift lockout, but also as a deadlift alternative for people who can’t deadlift from the floor without pain.","Back, Traps, Lower Back, Glutes, Hamstrings",7.5,Strength Training,192
1857,Barbell Squat - Gethin Variation,"The barbell back squat is a popular compound movement that emphasizes building the lower-body muscle groups and overall strength. It's the classic way to start a leg day, and is a worthy centerpiece to a lower-body training program. The squat is a competitive lift in the sport of powerlifting, but is also a classic measurement of lower-body strength. With the barbell racked on the traps or upper back, the emphasis is placed on the posterior chain but the entire body gets worked. The back squat can be trained in everything from heavy singles to sets of 20 reps or higher.","Quads, Glutes, Hamstrings, Lower Back, Legs",7.0,Bodybuilding,192
1858,Barbell Good Morning - Gethin Variation,"The barbell good morning is an exercise that targets glute, hamstring, and lower back development. It is often trained as an accessory movement to the deadlift, but also has value on its own. It is sometimes performed for reps in traditional strength-focused rep ranges such as 5-8 reps per set, but due to the risk posed to the lower back, is rarely treated as a max-effort single-rep lift.","Hamstrings, Glutes, Lower Back",5.0,Strength Training,192
1859,AM Barbell Squat,"The barbell back squat is a popular compound movement that emphasizes building the lower-body muscle groups and overall strength. It's the classic way to start a leg day, and is a worthy centerpiece to a lower-body training program. The squat is a competitive lift in the sport of powerlifting, but is also a classic measurement of lower-body strength. With the barbell racked on the traps or upper back, the emphasis is placed on the posterior chain but the entire body gets worked. The back squat can be trained in everything from heavy singles to sets of 20 reps or higher.","Quads, Glutes, Hamstrings, Lower Back, Legs",7.0,Strength Training,192
1860,Plyometric Power Clean,The plyometric power clean is an explosive clean.,Full Body,10.0,"Olympic Weightlifting, Plyometrics",216
1861,Banded Split Jerk,The banded split jerk is a split jerk with a band.,"Full Body, Shoulders, Legs",9.5,Olympic Weightlifting,192
1862,UP Squat,"The barbell back squat is a popular compound movement that emphasizes building the lower-body muscle groups and overall strength. It's the classic way to start a leg day, and is a worthy centerpiece to a lower-body training program. The squat is a competitive lift in the sport of powerlifting, but is also a classic measurement of lower-body strength. With the barbell racked on the traps or upper back, the emphasis is placed on the posterior chain but the entire body gets worked. The back squat can be trained in everything from heavy singles to sets of 20 reps or higher.","Quads, Glutes, Hamstrings, Lower Back, Legs",7.0,Strength Training,192
1863,UN Barbell Back Squat,The UN barbell back squat is a standard back squat.,"Quads, Glutes, Hamstrings, Legs",7.0,Strength Training,192
1864,UN Barbell Box Squat,The UN barbell box squat is a standard box squat.,"Quads, Glutes, Hamstrings, Legs",7.0,Strength Training,192
1865,UN Barbell Front Squat,The UN barbell front squat is a standard front squat.,"Quads, Glutes, Abs, Back",7.5,Strength Training,192
1866,KV Bulgarian Split Squat,The KV Bulgarian split squat is a standard Bulgarian split squat.,"Quads, Glutes, Legs",5.0,Strength Training,168
1867,King Maker Barbell Back Squat,"The barbell back squat is a popular compound movement that emphasizes building the lower-body muscle groups and overall strength. It's the classic way to start a leg day, and is a worthy centerpiece to a lower-body training program. The squat is a competitive lift in the sport of powerlifting, but is also a classic measurement of lower-body strength. With the barbell racked on the traps or upper back, the emphasis is placed on the posterior chain but the entire body gets worked. The back squat can be trained in everything from heavy singles to sets of 20 reps or higher.","Quads, Glutes, Hamstrings, Lower Back, Legs",7.0,Strength Training,192
1868,King Maker Barbell Deadlift,"The barbell deadlift is a compound exercise used to develop overall strength and size in the posterior chain. It is a competition lift in the sport of powerlifting, but is also considered a classic benchmark of overall strength. When performed with the hands outside the knees, it is often called a ""conventional"" deadlift. When the feet are wide and the hands are inside the knees, it is a sumo deadlift.","Full Body, Hamstrings, Glutes, Lower Back, Back",8.0,Strength Training,192
1869,30 Legs Barbell Back Squat,The 30 Legs barbell back squat is a standard back squat.,"Quads, Glutes, Hamstrings, Legs",7.0,Bodybuilding,192
1870,30 Legs Barbell Front Squat,The 30 Legs barbell front squat is a standard front squat.,"Quads, Glutes, Abs, Back",7.5,Bodybuilding,192
1871,Barbell Back Squats,Barbell back squats are a fundamental lower body exercise.,"Quads, Glutes, Hamstrings, Legs",7.0,"Bodybuilding, Strength Training",192
1872,Front Squats With Two Kettlebells,The front squat with two kettlebells is a front squat with kettlebells in the rack position.,"Quads, Glutes, Abs, Back",7.0,"Crossfit, Kettlebell Training",168
1873,Kettlebell Pistol Squat,The kettlebell pistol squat is a single-leg squat with a kettlebell.,"Quads, Glutes, Legs",7.0,"Calisthenics, Kettlebell Training",168
1874,Goblet Squat,"The goblet squat is a popular lower-body exercise where you hold a kettlebell or dumbbell in front of your chest as if you are supporting a heavy cup or goblet. It can help lifters of all levels improve their squat technique and hip mobility, but can also work as a muscle-building or strength accessory movement for experienced athletes. It also works well in combinations, complexes, and flows with other kettlebell movements like swings, presses, and cleans.","Quads, Glutes, Abs, Legs",5.5,"Fitness, Kettlebell Training, Strength Training",168
1875,Kettlebell Curtsy Lunge,The kettlebell curtsy lunge is a curtsy lunge with a kettlebell.,"Glutes, Quads, Inner Thighs, Legs",5.0,"Fitness, Kettlebell Training",168
1876,Single-arm kettlebell overhead squat,"The single-arm kettlebell overhead squat is a popular kettlebell movement performed while holding a single kettlebell in a locked-out overhead position. It targets the muscles of the lower body dynamically, while also challenging and building shoulder stability and upper-back mobility. It can be trained in traditional strength or muscle-building rep ranges, in circuit or fat-loss training, or as part of a kettlebell combination or complex.","Full Body, Quads, Glutes, Shoulders, Abs",8.0,"Crossfit, Kettlebell Training",168
1877,Kettlebell side squat,"The kettlebell side squat is a popular movement to build mobility and lateral strength in the hips. It can be performed for time or for reps, either on its own or as part of a kettlebell circuit, complex, or flow.","Inner Thighs, Glutes, Quads, Legs",5.5,"Fitness, Kettlebell Training",168
1878,Kettlebell sumo squat,"The kettlebell sumo squat is a lower-body movement emphasizing the muscles of the hips, glutes, and quads. It shares attributes with both the kettlebell deadlift and the goblet squat, but is usually performed with a wider stance and the feet pointed more outward, similar to a sumo deadlift. Its unique stance helps the lifter keep an upright torso, as well as emphasize stretching the hips and adductor muscles.","Glutes, Quads, Inner Thighs, Legs",5.5,"Fitness, Kettlebell Training",168
1879,Kettlebell thruster progression,"The kettlebell thruster progression is a kettlebell combination movement that includes a squat, curl, press, and overhead extension in a single sequence. It can work well with a light or moderate weight either for time or reps, in circuit-style training, or as a single kettlebell ""flow.""",Full Body,9.0,"Fitness, Kettlebell Training",168
1880,Kettlebell power clean,"The kettlebell power clean is an explosive kettlebell exercise where the lifter pulls the weight to shoulder level with a slight swing between the legs. It is often used as a drill to teach kettlebell clean technique, but is also a valuable power exercise in its own right. It can be performed in low rep ranges for strength or higher rep ranges for technique practice or muscle growth.","Full Body, Hamstrings, Glutes, Back, Shoulders",8.5,"Crossfit, Kettlebell Training",168
1881,Kettlebell fire feet,"Kettlebell fire feet is a dynamic movement that works most of the major muscle groups in the body simultaneously, while also elevating the heart rate. It's a great movement to include in kettlebell or bodyweight circuit training to increase fatigue and burn serious calories.",Full Body,9.0,"HIIT, Kettlebell Training",168
1882,Single Arm Overhead Kettlebell Squat,"The single-arm kettlebell overhead squat is a popular kettlebell movement performed while holding a single kettlebell in a locked-out overhead position. It targets the muscles of the lower body dynamically, while also challenging and building shoulder stability and upper-back mobility. It can be trained in traditional strength or muscle-building rep ranges, in circuit or fat-loss training, or as part of a kettlebell combination or complex.","Full Body, Quads, Glutes, Shoulders, Abs",8.0,"Crossfit, Kettlebell Training",168
1883,Pulsing goblet squat,"The pulsing goblet squat is a simple way to make a popular squat variation more taxing for the lower body and cardiovascular system. They can be done for time or reps, allowing you to get a significant training effect from a light weight in circuit-style training.","Quads, Glutes, Legs",5.8,"Barre, Circuit Training",168
1884,Double-kettlebell alternating lunge to clean,"The double-kettlebell alternating lunge to clean is a combination of kettlebell moves in a single sequence. This combination can be performed for time or for reps, often as circuit-style training for conditioning or fat loss, or in a kettlebell complex or flow.","Full Body, Legs, Back, Shoulders",9.5,"Fitness, Kettlebell Training",192
1885,FYR Goblet Squat,"The goblet squat is a popular lower-body exercise where you hold a kettlebell or dumbbell in front of your chest as if you are supporting a heavy cup or goblet. It can help lifters of all levels improve their squat technique and hip mobility, but can also work as a muscle-building or strength accessory movement for experienced athletes. It also works well in combinations, complexes, and flows with other kettlebell movements like swings, presses, and cleans.","Quads, Glutes, Abs, Legs",5.5,"Kettlebell Training, Strength Training",168
1886,FYR Kettlebell Sumo Squat,"The kettlebell sumo squat is a lower-body movement emphasizing the muscles of the hips, glutes, and quads. It shares attributes with both the kettlebell deadlift and the goblet squat, but is usually performed with a wider stance and the feet pointed more outward, similar to a sumo deadlift. Its unique stance helps the lifter keep an upright torso, as well as emphasize stretching the hips and adductor muscles.","Glutes, Quads, Inner Thighs, Legs",5.5,Kettlebell Training,168
1887,Double-kettlebell front squat,"The double-kettlebell front squat is a popular kettlebell movement performed while holding two kettlebells in the front-racked position. It targets the muscles of the lower body dynamically, and the muscles of the upper back and core isometrically. It can be trained in traditional strength or muscle-building rep ranges, in circuit or fat-loss training, or as part of a larger kettlebell combination or complex.","Quads, Glutes, Abs, Back",7.0,"Crossfit, Kettlebell Training",192
1888,FYR Kettlebell Squat Clean,"The kettlebell squat clean is an explosive kettlebell exercise where the lifter pulls the weight to shoulder level with a slight swing between the legs. It is often used as a drill to teach kettlebell clean technique, but is also a valuable power exercise in its own right. It can be performed in low rep ranges for strength or higher rep ranges for technique practice or muscle growth.","Full Body, Legs, Back, Shoulders",9.0,"Crossfit, Kettlebell Training",168
1889,Single-arm kettlebell front squat,"The single-arm kettlebell front squat is a popular kettlebell movement performed while holding a single kettlebell in the front-racked position. It targets the muscles of the lower body dynamically, and the muscles of the upper back and core isometrically. It can be trained in traditional strength or muscle-building rep ranges, in circuit or fat-loss training, or as part of a kettlebell combination or complex.","Quads, Glutes, Obliques, Back",6.5,Kettlebell Training,168
1890,Kettlebell front rack lunge,"The kettlebell front rack lunge is a dynamic leg and core exercise in which a lifter performs lunges while holding a single kettlebell in the front-racked position. It is a unique coordination challenge, but also challenging to the musculature of the abdomen, lower body, shoulders, and upper back. It is most commonly performed for higher reps, such as 10-15 reps per side, or for time. It can work in circuit-style workouts, as well as in muscle or strength-focused workouts.","Legs, Quads, Glutes, Abs, Shoulders",6.0,"Fitness, Kettlebell Training",168
1891,HM Turkish Get-Up,The HM Turkish get-up is a full-body exercise that improves stability and strength.,"Full Body, Shoulders, Abs",7.0,"Fitness, Kettlebell Training",168
1892,HM Single-Leg Romanian Deadlift,The HM single-leg Romanian deadlift is a unilateral posterior chain exercise.,"Hamstrings, Glutes, Lower Back",5.0,Strength Training,168
1893,Taylor Single-Arm Kettlebell Front Squat,The Taylor single-arm kettlebell front squat is a unilateral front squat.,"Quads, Glutes, Obliques, Back",6.5,Kettlebell Training,168
1894,Taylor Kettlebell Goblet Squat,The Taylor kettlebell goblet squat is a standard goblet squat.,"Quads, Glutes, Abs, Legs",5.5,Kettlebell Training,168
1895,Goblet squat-,"The goblet squat is a popular lower-body exercise where you hold a kettlebell or dumbbell in front of your chest as if you are supporting a heavy cup or goblet. It can help lifters of all levels improve their squat technique and hip mobility, but can also work as a muscle-building or strength accessory movement for experienced athletes. It also works well in combinations, complexes, and flows with other kettlebell movements like swings, presses, and cleans.","Quads, Glutes, Abs, Legs",5.5,"Kettlebell Training, Strength Training",168
1896,Holman Kettlebell Squat Clean,The Holman kettlebell squat clean is a squat clean with a kettlebell.,"Full Body, Legs, Back, Shoulders",9.0,"Crossfit, Kettlebell Training",168
1897,Holman Kettlebell Swing,The Holman kettlebell swing is a standard kettlebell swing.,"Hamstrings, Glutes, Lower Back, Full Body",9.8,"Crossfit, Kettlebell Training",168
1898,Holman Kettlebell Swing Transfer,The Holman kettlebell swing transfer is a kettlebell swing where you switch hands.,"Hamstrings, Glutes, Lower Back, Obliques, Full Body",9.5,Kettlebell Training,168
1899,Dumbbell goblet squat-,"The goblet squat is a popular lower-body exercise in which a dumbbell or kettlebell is held in front of the chest with two hands, approximating how you might hold a heavy goblet. It is used as a teaching tool to help instruct and develop proper squat form, but is also effective for building size in the quads, glutes, and hamstrings. It can be performed for low reps to build strength, or for higher reps to build muscle and conditioning.","Quads, Glutes, Abs, Legs",5.5,"Fitness, Strength Training",168
1900,Robertson Kettlebell Jump,The Robertson kettlebell jump is a plyometric kettlebell exercise.,"Legs, Glutes, Quads, Full Body",8.5,"Kettlebell Training, Plyometrics",168
1901,FYR2 Alternating Kettlebell Squat Clean,The FYR2 alternating kettlebell squat clean is a squat clean with alternating kettlebells.,"Full Body, Legs, Back, Shoulders",9.5,"Crossfit, Kettlebell Training",192
1902,FYR2 Banded Double-Kettlebell Squat Pulse,The FYR2 banded double-kettlebell squat pulse is a squat pulse with two kettlebells and a band.,"Quads, Glutes, Legs",6.5,"HIIT, Kettlebell Training",192
1903,FYR2 Double-Kettlebell Ballin' Lunge,The FYR2 double-kettlebell ballin' lunge is a dynamic lunge with two kettlebells.,"Legs, Quads, Glutes, Full Body",7.5,"Fitness, Kettlebell Training",192
1904,FYR2 Double-Kettlebell Front Rack Lunge,The FYR2 double-kettlebell front rack lunge is a lunge with two kettlebells in the rack position.,"Legs, Quads, Glutes, Abs, Back",6.5,"Fitness, Kettlebell Training",192
1905,FYR2 Double-Kettlebell Front Squat,The FYR2 double-kettlebell front squat is a front squat with two kettlebells.,"Quads, Glutes, Abs, Back",7.0,"Crossfit, Kettlebell Training",192
1906,FYR2 Explosive Kettlebell Jump Squat,The FYR2 explosive kettlebell jump squat is a plyometric squat with a kettlebell.,"Legs, Glutes, Quads",8.5,"Kettlebell Training, Plyometrics",168
1907,FYR2 Kettlebell Goblet Squat,The FYR2 kettlebell goblet squat is a standard goblet squat.,"Quads, Glutes, Abs, Legs",5.5,Kettlebell Training,168
1908,FYR2 Kettlebell Reverse Lunge Switch Grip,The FYR2 kettlebell reverse lunge switch grip is a reverse lunge with a grip switch.,"Legs, Quads, Glutes, Full Body",6.0,"Fitness, Kettlebell Training",168
1909,FYR2 Kettlebell Reverse Lunge to Kneeling Press,The FYR2 kettlebell reverse lunge to kneeling press is a compound exercise.,"Full Body, Legs, Shoulders",7.0,"Fitness, Kettlebell Training",168
1910,FYR2 Kettlebell Sumo Squat Pulse,The FYR2 kettlebell sumo squat pulse is a sumo squat pulse with a kettlebell.,"Glutes, Quads, Inner Thighs, Legs",5.8,Kettlebell Training,168
1911,FYR2 Reverse Lunge to Single-Leg Kettlebell Deadlift,The FYR2 reverse lunge to single-leg kettlebell deadlift is a compound exercise.,"Full Body, Legs, Glutes, Hamstrings",7.0,"Fitness, Kettlebell Training",168
1912,FYR2 Kettlebell Goblet-Squat-Deadlift Complex,The FYR2 kettlebell goblet-squat-deadlift complex is a kettlebell complex.,"Full Body, Legs, Back",7.5,"Fitness, Kettlebell Training",168
1913,FYR2 Kettlebell Squat-Press-Deadlift Complex,The FYR2 kettlebell squat-press-deadlift complex is a kettlebell complex.,Full Body,9.0,"Fitness, Kettlebell Training",168
1914,Goblet Squats,Goblet squats are a fundamental squat variation.,"Quads, Glutes, Abs, Legs",5.5,"Fitness, Strength Training",168
1915,Dumbbell Goblet Squat,"The goblet squat is a common exercise used in the early stages of learning to squat, or as a movement in general training programs for building size to the quads, glutes, and hamstrings.","Quads, Glutes, Abs, Legs",5.5,Strength Training,168
1916,Dumbbell squat,"The dumbbell squat is a classic lower-body exercise that targets the quadriceps, hamstrings, and glutes. While this variation is usually performed with relatively light weights for high reps, it can also be used as a substitute for squats or the trap-bar deadlift in any workout.","Quads, Glutes, Hamstrings, Legs",5.5,"Bodybuilding, Strength Training",168
1917,Dumbbell Lunges,"The dumbbell split squat is a popular lower-body exercise to build strength and muscle one leg at a time. It can be used to teach proper lunge form, but is also valuable on its own when trained in traditional strength-focused rep ranges, such as 5-8 reps per set, or for higher reps to build muscle or for conditioning.","Quads, Glutes, Hamstrings, Legs",5.0,"Bodybuilding, Strength Training",168
1918,Dumbbell reverse lunge,"The dumbbell reverse lunge is a popular lower-body movement that targets the muscles of the quads, glutes, hamstrings, and hips. It also works the core and upper-back muscles to maintain posture while the lower body moves. Lunge variations are often performed for moderate to high reps, such as 8-12 reps per leg or more, as part of the lower-body portion of a workout. If this movement hurts your knees, try performing split squats instead.","Quads, Glutes, Hamstrings, Legs",5.0,Strength Training,168
1919,Split Squat with Dumbbells,"The dumbbell Bulgaria split squat is a single-leg exercise targeting the quads, glutes, and hamstrings.","Quads, Glutes, Legs",5.0,"Bodybuilding, Strength Training",168
1920,Dumbbell sumo squat,"The dumbbell sumo squat is a popular lower-body movement using a single dumbbell held in front of the legs. It is performed with a wider than shoulder-width stance, which increases the demand on the glutes, hamstrings, and adductors while still benefiting the quads, core, and upper body. It is usually performed for moderate to high reps, at least 8-12 reps per set, as part of the lower-body portion of a workout.","Glutes, Quads, Inner Thighs, Hamstrings, Legs",5.5,"Bodybuilding, Strength Training",168
1921,Dumbbell seated box jump,"The dumbbell seated box jump is an explosive exercise that builds the quadriceps as well as overall lower-body strength and explosiveness. All you need is a box, a bench, and a light dumbbell. Performing it from a seated position eliminates the stretch reflex in the lower body, forcing you to generate more power. This is an advanced move, so consider starting off with box jumps or squat jumps before progressing to this.","Quads, Glutes, Legs",8.5,"Plyometrics, Sports Performance",168
1922,Dumbbell step-up,"The dumbbell step-up is a great exercise for building lower-body strength and power. It targets all the same muscles as bodyweight step-ups, such as the quads, glutes, and hamstrings, but allows for greater muscular overload.","Quads, Glutes, Legs",6.0,"Fitness, Strength Training",168
1923,Dumbbell Walking Lunge,"The dumbbell walking lunge tests your ability to maintain balance while challenging the quads, glutes, and hamstrings as well as core muscles.","Quads, Glutes, Hamstrings, Legs",5.5,Strength Training,168
1924,Dumbbell Squat To A Bench,The dumbbell squat to a bench is a squat to a bench with dumbbells.,"Quads, Glutes, Legs",5.5,Strength Training,168
1925,Dumbbell thruster,"The dumbbell thruster, which begins with a squat and ends with an overhead press, works the entire body at once in a single fluid motion. This exercise is often performed with kettlebells, but dumbbells are also a great option.","Full Body, Quads, Glutes, Shoulders, Triceps",10.5,"Crossfit, Fitness, HIIT",192
1926,Dumbbell front squat,"The dumbbell front squat is a popular exercise for targeting the muscles of the lower body, including the quadriceps, glutes, and hamstrings. Holding dumbbells in the racked position also works the core and upper-back muscles to maintain posture while the lower body moves. Because the amount of weight you can use will be limited by what you can clean to the rack position, this movement is usually performed for moderate to high reps, at least 8-12 reps per set or more. If this movement hurts your knees, try performing it with a wider stance.","Quads, Glutes, Abs, Back",6.5,"Bodybuilding, Strength Training",168
1927,Single-Arm Dumbbell Overhead Squat,The single-arm dumbbell overhead squat is a challenging unilateral squat.,"Full Body, Quads, Glutes, Shoulders, Obliques",7.5,"Crossfit, Fitness",168
1928,Dumbbell lateral hop,"The dumbbell lateral hop is an explosive exercise that targets the muscles of the hips and legs. Adding dumbbells adds a challenge to the core, as well. Because balance can be a challenge, it is usually performed with relatively light weights, often as a component of fat-loss or athletic training.","Legs, Glutes, Quads, Abs",8.0,"Plyometrics, Sports Performance",168
1929,Dumbbell lunge with biceps curl,"The dumbbell lunge with biceps curl combines an isometric hold at the bottom of a lunge with a dumbbell biceps curl. The two exercises combine to target the legs, core, and biceps. The curl will determine the amount of weight you can use, but even a light weight will make the lunge hold seriously challenging.","Legs, Biceps, Abs, Full Body",5.5,"Circuit Training, Fitness",168
1930,Dumbbell Pistol Squat,The dumbbell pistol squat is a pistol squat with a dumbbell.,"Quads, Glutes, Legs",6.5,Calisthenics,168
1931,Dumbbell Squat Snatch,The dumbbell squat snatch is a squat snatch with a dumbbell.,"Full Body, Legs, Shoulders, Back",10.0,"Crossfit, Olympic Weightlifting",192
1932,Dumbbell Alternating Lunge,The dumbbell alternating lunge is a standard alternating lunge.,"Quads, Glutes, Legs",5.0,Strength Training,168
1933,Dumbbell jump squat,"The dumbbell jump squat is a popular movement combining an explosive lower-body movement with extra upper-body loading in the form of dumbbells held in the hands. Done with heavier weights, it can be trained for low reps with a power focus. With light weights, it is often done for higher reps for fat-loss and conditioning.","Quads, Glutes, Legs",8.5,"HIIT, Plyometrics",168
1934,Dumbbell Side Lunge,The dumbbell side lunge is a lateral lunge with dumbbells.,"Inner Thighs, Glutes, Quads, Legs",5.5,"Fitness, Strength Training",168
1935,Boss Everline Dumbbell Lunge Jump,The Boss Everline dumbbell lunge jump is a plyometric lunge with dumbbells.,"Quads, Glutes, Legs",9.0,"HIIT, Plyometrics",168
1936,Dumbbell Fix Dumbbell Split Squat,The Dumbbell Fix dumbbell split squat is a standard split squat.,"Quads, Glutes, Legs",5.0,Strength Training,168
1937,Single-leg dumbbell Romanian deadlift,"The single-leg dumbbell Romanian deadlift is a movement targeting the muscles of the hamstrings, glutes, and back. The difference between a Romanian deadlift and a stiff-legged deadlift is the amount of knee bend. The knees are only slightly bent in a stiff-legged deadlift, while they bend more in a Romanian deadlift. Single-leg deadlifts are generally performed for low to moderate reps, such as 8-10 reps per set, with a focus on maximizing the hamstring stretch rather than moving heavy weight. If balance is a challenge, this movement is still very effective if performed while holding on to a stable object for support.","Hamstrings, Glutes, Lower Back",5.0,"Fitness, Strength Training",168
1938,Dumbbell Fix Dumbbell Alternating Reverse Lunge,The Dumbbell Fix dumbbell alternating reverse lunge is a standard reverse lunge.,"Quads, Glutes, Legs",5.0,Strength Training,168
1939,Dumbbell Fix Turkish Get-Up,The Dumbbell Fix Turkish get-up is a standard Turkish get-up.,"Full Body, Shoulders, Abs",7.0,"Fitness, Kettlebell Training",168
1940,Seesaw lunge,The seesaw lunge is a bodyweight exercise that combines both the forward and the reverse lunge. It can also be performed holding dumbbells or other weights. It can be performed for time or reps in the lower-body portion of any workout.,"Quads, Glutes, Hamstrings, Legs",5.5,"Circuit Training, Fitness",120
1941,FYR Dumbbell Front Squat,"The dumbbell front squat targets the quads, glutes, and hamstrings, as well as the upper body and challenging core stability for building total body strength.","Quads, Glutes, Abs, Back",6.5,Strength Training,168
1942,Dumbbell split squat,"The dumbbell split squat is a popular lower-body exercise to build strength and muscle one leg at a time. It can be used to teach proper lunge form, but is also valuable on its own when trained in traditional strength-focused rep ranges, such as 5-8 reps per set, or for higher reps to build muscle or for conditioning.","Quads, Glutes, Hamstrings, Legs",5.0,Strength Training,168
1943,Dumbbell deadlift,"The dumbbell deadlift is a movement that targets the hamstrings, glutes, and back muscles. While it can be performed all the way from the ground, in the style of a barbell deadlift, it is more often performed from the top down as a Romanian deadlift. The dumbbell deadlift can be performed in low rep ranges to build posterior strength, or for moderate to high reps to build muscle and endurance.","Hamstrings, Glutes, Lower Back, Back",5.5,Strength Training,168
1944,Single-arm stiff-legged deadlift,"The single-arm stiff-legged deadlift is a dumbbell exercise that targets the hamstrings, glutes, lower and upper back, and core. The difference between a stiff-legged deadlift and a Romanian deadlift is primarily the amount of knee bend. The knees are only slightly bent in a stiff-legged deadlift, while they bend more in a Romanian deadlift. Stiff-legged deadlifts are generally performed for low to moderate reps, such as 8-10 reps per set, with a focus on maximizing the hamstring stretch rather than moving heavy weight. Feel free to wear a weight belt to protect your lower back.","Hamstrings, Glutes, Lower Back, Obliques",5.0,"Fitness, Strength Training",168
1945,HM Dumbbell Overhead Squat,The HM dumbbell overhead squat is an overhead squat with dumbbells.,"Full Body, Shoulders, Quads, Glutes, Abs",7.5,"Crossfit, Fitness",168
1946,HM Dumbbell Squat,The HM dumbbell squat is a standard dumbbell squat.,"Quads, Glutes, Hamstrings, Legs",5.5,Strength Training,168
1947,UNS Dumbbell Goblet Squat,The UNS dumbbell goblet squat is a standard goblet squat.,"Quads, Glutes, Abs, Legs",5.5,Strength Training,168
1948,Single-Arm Dumbbell Snatch,The single-arm dumbbell snatch is a unilateral snatch.,"Full Body, Shoulders, Back, Legs",9.0,"Crossfit, HIIT, Olympic Weightlifting",192
1949,KV Dumbbell Lunges,The KV dumbbell lunge is a standard lunge.,"Quads, Glutes, Hamstrings, Legs",5.0,Strength Training,168
1950,Holman Squat to Biceps Curl,The Holman squat to biceps curl is a compound exercise.,"Legs, Biceps, Full Body",6.0,"Circuit Training, Fitness",168
1951,Holman Burpee to Biceps Curl,The Holman burpee to biceps curl is a compound conditioning exercise.,"Full Body, Biceps",9.5,"Fitness, HIIT",168
1952,Holman Slow Weighted Reverse Lunge,The Holman slow weighted reverse lunge is a reverse lunge performed slowly.,"Quads, Glutes, Legs",5.0,Strength Training,168
1953,Holman Slow Weighted Plie Squat,The Holman slow weighted plie squat is a plie squat performed slowly.,"Inner Thighs, Glutes, Quads",5.0,"Barre, Dance",168
1954,Holman Weighted Lunge Jump with Biceps Curl,The Holman weighted lunge jump with biceps curl is a compound plyometric exercise.,"Legs, Biceps, Full Body",9.0,"Fitness, HIIT",168
1955,Holman Left Reverse Lunge Chest Press to Left Knee-Up Chest Press,The Holman left reverse lunge chest press to left knee-up chest press is a compound exercise.,"Full Body, Legs, Chest",7.5,"Fitness, HIIT",168
1956,Holman Weighted Lunge Jump with Chest Press,The Holman weighted lunge jump with chest press is a compound plyometric exercise.,"Full Body, Legs, Chest",9.0,"Fitness, HIIT",168
1957,Holman Weighted Half Jack to Biceps Curl,The Holman weighted half jack to biceps curl is a compound exercise.,"Full Body, Legs, Biceps",8.8,"Circuit Training, HIIT",168
1958,Holman Weighted Half Jack to Chest Press,The Holman weighted half jack to chest press is a compound exercise.,"Full Body, Legs, Chest",8.8,"Circuit Training, HIIT",168
1959,Holman 180 Jump to Renegade Side Raise,The Holman 180 jump to renegade side raise is a compound conditioning exercise.,"Full Body, Legs, Shoulders, Back, Abs",9.5,"Fitness, HIIT",168
1960,Holman Right Reverse Lunge Biceps Curl to Right Knee-Up Biceps Curl,The Holman right reverse lunge biceps curl to right knee-up biceps curl is a compound exercise.,"Full Body, Legs, Biceps",7.5,"Fitness, HIIT",168
1961,Holman Roll-Back to Squat Thrust to Renegade Row,The Holman roll-back to squat thrust to renegade row is a compound conditioning exercise.,Full Body,10.0,"Fitness, HIIT",192
1962,Holman Roll-Back to Squat Thrust to Renegade Triceps Press,The Holman roll-back to squat thrust to renegade triceps press is a compound conditioning exercise.,Full Body,10.0,"Fitness, HIIT",192
1963,Holman Weighted Narrow Squat Jump,The Holman weighted narrow squat jump is a plyometric squat.,"Quads, Glutes, Legs",8.5,"HIIT, Plyometrics",168
1964,Holman Diagonal Deadlift,The Holman diagonal deadlift is a deadlift with a diagonal pull.,"Hamstrings, Glutes, Back, Obliques",6.0,Fitness,168
1965,Holman Weighted Burpee to Triceps Press,The Holman weighted burpee to triceps press is a compound conditioning exercise.,"Full Body, Triceps",9.5,"Fitness, HIIT",168
1966,Holman Squat Thrust Overhead Press,The Holman squat thrust overhead press is a compound exercise.,"Full Body, Legs, Shoulders",9.0,"Fitness, HIIT",168
1967,Holman Weighted Burpee to Chest Press,The Holman weighted burpee to chest press is a compound conditioning exercise.,"Full Body, Chest",9.5,"Fitness, HIIT",168
1968,Holman Squat to Right-Arm Overhead Press,The Holman squat to right-arm overhead press is a compound exercise.,"Full Body, Legs, Shoulders, Obliques",7.0,Fitness,168
1969,Holman Right Lunge Jump with Right Overhead Press,The Holman right lunge jump with right overhead press is a compound plyometric exercise.,"Full Body, Legs, Shoulders",9.0,HIIT,168
1970,Holman Left Lunge Jump with Left Overhead Press,The Holman left lunge jump with left overhead press is a compound plyometric exercise.,"Full Body, Legs, Shoulders",9.0,HIIT,168
1971,Holman Heavy Hip Drive,The Holman heavy hip drive is a hip thrust with a heavy weight.,"Glutes, Hamstrings",5.5,"Bodybuilding, Strength Training",168
1972,Holman Squat to Left-Arm Overhead Press,The Holman squat to left-arm overhead press is a compound exercise.,"Full Body, Legs, Shoulders, Obliques",7.0,Fitness,168
1973,Holman Weighted Lunge Jump to Floor Lunge Jump,The Holman weighted lunge jump to floor lunge jump is a plyometric lunge complex.,"Legs, Quads, Glutes",9.0,"HIIT, Plyometrics",168
1974,Holman Alternating Weighted Lunge Jump to Chest Press,The Holman alternating weighted lunge jump to chest press is a compound plyometric exercise.,"Full Body, Legs, Chest",9.2,"Fitness, HIIT",168
1975,Holman Weighted Burpee to Overhead Alternating Reverse Lunge,The Holman weighted burpee to overhead alternating reverse lunge is a compound conditioning exercise.,Full Body,10.5,"Fitness, HIIT",192
1976,Holman Weighted 180 Jump to Chest Press,The Holman weighted 180 jump to chest press is a compound conditioning exercise.,"Full Body, Legs, Chest",9.0,"Fitness, HIIT",168
1977,Holman Alternating Side Squat Overhead Press,The Holman alternating side squat overhead press is a compound exercise.,"Full Body, Legs, Shoulders, Inner Thighs",7.0,Fitness,168
1978,Holman Right Lunge with Right Biceps Curl,The Holman right lunge with right biceps curl is a compound exercise.,"Legs, Biceps, Full Body",5.5,Fitness,168
1979,Holman Left Lunge with Left Biceps Curl,The Holman left lunge with left biceps curl is a compound exercise.,"Legs, Biceps, Full Body",5.5,Fitness,168
1980,Holman Squat Thrust to Alternating Front Raise,The Holman squat thrust to alternating front raise is a compound exercise.,"Full Body, Legs, Shoulders",9.0,"Fitness, HIIT",168
1981,Dumbbell racked reverse lunge,"The dumbbell racked reverse lunge is a popular lower-body movement that targets the muscles of the quads, glutes, hamstrings, and hips. Holding dumbbells in the racked position further challenges the core and upper-back muscles to maintain posture while the lower body moves. Lunge variations are often performed for moderate to high reps, such as 8-12 reps per leg or more, as part of the lower-body portion of a workout. If this movement hurts your knees, try performing split squats instead.","Quads, Glutes, Abs, Back, Legs",6.0,"Fitness, Strength Training",168
1982,Total Fitness Dumbbell Reverse Lunge,"The dumbbell reverse lunge is a great single-leg movement that strengthens and builds the quads, hamstrings, and glutes.","Quads, Glutes, Hamstrings, Legs",5.0,Strength Training,168
1983,Single-arm dumbbell snatch-,"The single-arm dumbbell snatch is an explosive exercise that builds full-body power and targets the muscles of the hips, back, and shoulders. It involves lifting a dumbbell from the ground to overhead in a single movement. It can be performed for low reps with a focus on power and speed, or for higher reps to build muscle or as part of a metabolic conditioning circuit.","Full Body, Shoulders, Back, Legs",9.0,"Crossfit, HIIT, Olympic Weightlifting",192
1984,Total Fitness Dumbbell Step-Up,"The dumbbell step-up is a great exercise for building lower-body strength and power. The dumbbell version is better for intermediate and advanced lifters than beginners, who should begin by performing these unweighted.","Quads, Glutes, Legs",6.0,Strength Training,168
1985,Single-arm dumbbell front squat,"The single-arm dumbbell front squat is an exercise that targets the quads, glutes, and hamstrings, as well as the upper body. It also challenges oblique strength due to the offset loading. It can be performed in strength and muscle-focused workouts, in circuit training, or as part of a larger dumbbell complex with movements like single-arm dumbbell clean and presses.","Quads, Glutes, Obliques, Shoulders, Back",6.5,Fitness,168
1986,King Maker Weighted Jump Squat,"The dumbbell jump squat takes a classic bodybuilding move, the squat, and adds a plyometric element, the jump. It builds not only lower-body strength but also explosiveness.","Quads, Glutes, Legs",8.5,"HIIT, Plyometrics",168
1987,3D dumbbell lunge,"The 3D dumbbell lunge is a sequence of lower-body exercises that target the muscles of the glutes, quads, and hamstrings from a variety of angles. It consists of one curtsy lunge with each leg, followed by one reverse lunge with each leg. This lunge variation is most commonly performed for multiple rounds as part of a lower-body circuit or workout.","Legs, Glutes, Quads, Inner Thighs",5.5,"Circuit Training, Fitness",168
1988,MetaBurn Dumbbell Burpee,The MetaBurn dumbbell burpee is a burpee with dumbbells.,Full Body,10.0,"Crossfit, HIIT",192
1989,Dumbbell jump squat with rotation,"The dumbbell jump squat with rotation is a popular movement combining an explosive lower-body movement with extra upper-body loading in the form of dumbbells held in the hands. Each jump ends with the body turned 90 degrees, adding a rotational power component to the lift. It is usually performed with light weights for high reps in fat-loss and conditioning workouts.","Legs, Quads, Glutes, Obliques",8.8,"Fitness, HIIT, Plyometrics",168
1990,MetaBurn Dumbbell Wide Squat to Rack,The MetaBurn dumbbell wide squat to rack is a squat to a rack position.,"Legs, Glutes, Inner Thighs, Back, Shoulders",6.5,Fitness,168
1991,MetaBurn Reverse Lunge To High Pull,The MetaBurn reverse lunge to high pull is a compound exercise.,"Full Body, Legs, Shoulders, Traps",7.5,"Fitness, HIIT",168
1992,MetaBurn Reverse Lunge With Overhead Raise,The MetaBurn reverse lunge with overhead raise is a compound exercise.,"Full Body, Legs, Shoulders",6.5,Fitness,168
1993,MetaBurn Squat to Triceps Extension,The MetaBurn squat to triceps extension is a compound exercise.,"Full Body, Legs, Triceps",6.0,Fitness,168
1994,30 Legs Dumbbell Goblet Squat,The 30 Legs dumbbell goblet squat is a standard goblet squat.,"Quads, Glutes, Abs, Legs",5.5,Bodybuilding,168
1995,30 Legs Dumbbell Squat,The 30 Legs dumbbell squat is a standard dumbbell squat.,"Quads, Glutes, Hamstrings, Legs",5.5,Bodybuilding,168
1996,Dumbbell step-down reverse lunge,"The dumbbell step-down reverse lunge is an exercise targeting the lower body, particularly the glutes and hamstrings. The front foot is slightly elevated during this movement, making the subsequent step-down more pronounced and difficult. These are usually performed for time or for relatively high reps, such as 10 reps or more per side.","Glutes, Hamstrings, Quads, Legs",5.5,Fitness,168
1997,Tire flip,"The tire flip is an exercise that works the entire body, starting from a deadlift position and ending with a giant tire being flipped over. Each flip moves the tire farther in one direction until a set has been completed. It can be performed for time or reps as part of a functional fitness or athleticism-focused workout.",Full Body,13.5,"Crossfit, Strength Training",216
1998,Single Leg Push-off,The single leg push-off is a plyometric drill.,"Legs, Calves, Quads",7.5,"Plyometrics, Sports Performance",144
1999,Bear crawl sled drag,"The bear crawl sled drag is an advanced variation of the bear crawl exercise involving added resistance from a sled or other weight. If no sled is available, other viable options include dragging chain, a barbell plate, or a tire. The bear crawl sled drag is an intense full-body movement that targets the cardiovascular system as well as a wide range of muscle groups, particularly the shoulders, core, and legs. It can be done in short bursts for power or circuit training, or for longer durations as cardiovascular conditioning.","Full Body, Shoulders, Abs, Legs, Back",12.5,"Fitness, Military Training, Strength Training",192
2000,Bicycling,Bicycling is a cardiovascular exercise.,Legs,7.5,"Cardio, Cycling, Triathlon",72
2001,Hex-bar deadlift,"The hex bar deadlift is a variety of deadlift performed in a hexagonal barbell also known as a trap bar. The bar is held with a parallel (palms in) grip outside of the legs. It is biomechanically different from a barbell deadlift in that it lines up with a lifter's center of gravity, rather than placing the weight in front of their body. It activates all of the same muscle groups as conventional or sumo deadlifts, including the glutes, quads, hamstrings, lower back, lats, upper back, and grip.","Full Body, Quads, Glutes, Hamstrings, Back, Traps",8.0,"Sports Performance, Strength Training",192
2002,Skating,Skating is a cardiovascular exercise.,"Legs, Glutes, Inner Thighs",7.0,"Hockey, Ice Skating, Roller Skating",72
2003,Weighted sissy squat,"The weighted sissy squat is an exercise primarily targeting the quadriceps. In sissy squats, the knees travel over the toes, placing the quads under a fairly extreme stretch. They are usually performed for moderate to high reps as part of a lower-body training session.",Quads,4.5,Bodybuilding,168
2004,Dumbbell step-up,"The dumbbell step-up is a great exercise for building lower-body strength and power. It targets all the same muscles as bodyweight step-ups, such as the quads, glutes, and hamstrings, but allows for greater muscular overload.","Quads, Glutes, Legs",6.0,Strength Training,168
2005,Yoke Walk,The yoke walk is a strongman event.,"Full Body, Traps, Abs, Legs",13.0,Strength Training,216
2006,Front Cone Hops (or hurdle hops),Front cone hops (or hurdle hops) are a plyometric drill.,"Legs, Calves, Quads",8.0,"Athletics, Plyometrics",144
2007,Weighted Squat,The weighted squat is a fundamental lower body exercise.,"Quads, Glutes, Hamstrings, Legs",7.0,Strength Training,168
2008,Bench skip,"The bench skip is an explosive lower-body exercise that involves alternating the position of the feet on top of a bench. It primarily targets the muscles of the lower body, but is also a serious cardiovascular challenge. It is often performed for high reps or for time as part of a fat-loss or athleticism-focused workout or circuit.","Legs, Calves, Quads",8.5,"HIIT, Plyometrics",144
2009,Backward Drag,The backward drag is a conditioning exercise with a sled.,"Quads, Legs",11.5,"Cardio, Strength Training",192
2010,Sled Push,"The sled push is a conditioning exercise that targets the cardiovascular system and the muscles of the lower body. It involves pushing a sled along a turf or other flat surface either for time or distance. Depending on your type of equipment, you may be pushing handles or straps in front of the sled. It can be used as part of a dynamic warm-up or for power training, as a finisher, or as part of a conditioning workout or circuit.","Legs, Quads, Glutes, Full Body",12.0,"Cardio, Crossfit, Strength Training",192
2011,Barbell squat with plate slide,"The barbell squat with plate slide is an exercise targeting the quadriceps, with the plate slide also working the adductors and abductors. It can help you get more total-leg and hip development out of squats, but is probably not the sort of thing you want to do with a seriously heavy load on your back.","Quads, Glutes, Inner Thighs, Legs",6.5,Fitness,192
2012,Suspended split squat,"The suspended split squat is a single-leg squat variation performed with the rear leg in a suspension strap system. This allows the rear leg to move slightly more naturally than it would be able to on a bench. The exercise targets the quads, hamstring, and glute muscles on the front leg, but also taxes and stretches the quads on the rear leg.","Quads, Glutes, Legs",5.5,"Fitness, Suspension Training",168
2013,Intermediate Hip Flexor and Quad Stretch,The intermediate hip flexor and quad stretch is a stretch for the front of the legs.,"Hip Flexors, Quads",1.8,Mobility,84
2014,Sled Drag - Harness,The sled drag - harness is a conditioning exercise.,"Hamstrings, Glutes, Legs",11.0,"Cardio, Strength Training",192
2015,Burpee over barbell,"The burpee over barbell is an exercise that takes the burpee, a popular functional fitness move, and separates each rep with a lateral jump across the barbell. It works the cardiovascular system, but also the chest, quads, glutes, hamstrings, and abs. This exercise is a favorite of many athletes, including obstacle race participants.",Full Body,12.5,"Crossfit, HIIT, Obstacle Course Racing",192
2016,Dumbbell walking lunge-,"The dumbbell walking lunge is a popular lower-body movement that targets the muscles of the quads, glutes, hamstrings, and hips. It also works the core and upper-back muscles to maintain posture while the lower body moves. The dumbbell walking lunge is often performed for moderate to high reps, such as 8-12 reps per leg or more, as part of the lower-body portion of a workout. If this movement hurts your knees, try performing reverse lunges or split squats instead.","Quads, Glutes, Hamstrings, Legs",5.5,Strength Training,168
2017,Single-Leg Box Jump,The single-leg box jump is a plyometric exercise.,"Legs, Glutes, Quads",9.0,"Parkour, Plyometrics, Sports Performance",192
2018,Conan's Wheel,Conan's wheel is a strongman event.,"Full Body, Biceps, Abs, Legs",13.0,Strength Training,216
2019,Single-Leg Hop Progression,The single-leg hop progression is a series of plyometric drills.,"Legs, Calves",7.5,"Plyometrics, Rehabilitation",144
2020,Rickshaw Deadlift,The rickshaw deadlift is a deadlift with a rickshaw frame.,"Full Body, Back, Traps, Legs",8.0,Strength Training,192
2021,Single-cone sprint drill,"The single-cone sprint drill is an agility drill that involves moving quickly around a single cone. It demands that an athlete start, stop, and change directions all in a short period of time and a small space. It can be beneficial for football players and other athletes where quick changes of direction are important.","Legs, Full Body",11.0,"Agility Training, Basketball, Football, Soccer",144
2022,Single-Leg Stride Jump,The single-leg stride jump is a plyometric drill.,"Legs, Glutes, Quads",8.0,"Athletics, Plyometrics",144
2023,Trap Bar Jump,The trap bar jump is a plyometric exercise with a trap bar.,"Legs, Glutes, Traps, Full Body",9.0,"Plyometrics, Sports Performance",192
2024,Single-Leg Lateral Hop,The single-leg lateral hop is a plyometric drill.,"Legs, Glutes",8.0,"Plyometrics, Sports Performance",144
2025,Burpee Box-Jumps,The burpee box-jump is a compound conditioning exercise.,Full Body,12.5,"Crossfit, HIIT",192
2026,Sandbag Load,The sandbag load is a strongman event.,"Full Body, Lower Back, Glutes, Back",12.5,Strength Training,216
2027,Single-leg knee-tap squat,"The single-leg knee-tap squat is a single-leg squat variation that involves “floating” the back leg over the ground on the descent until touching just the knee to the ground or a pad. It is similar to a lunge, but without touching the back foot to the ground. It is an intense strength and coordination challenge that can work in any strength- or athleticism-focused workout.","Quads, Glutes, Legs",6.0,"Calisthenics, Fitness",168
2028,Car Deadlift,The car deadlift is a strongman event.,Full Body,13.0,Strength Training,216
2029,Barbell Squat To A Box,The barbell squat to a box is a box squat.,"Quads, Glutes, Hamstrings, Legs",7.0,Strength Training,192
2030,Double Under,The double under is a jump rope skill.,"Calves, Full Body",12.5,"Boxing, Crossfit, Jump Rope",168
2031,Plate push,"The plate push is a conditioning exercise that targets the cardiovascular system and the muscles of the lower body. It involves pushing a plate along turf or another flat surface either for time or distance. It can be used as part of a dynamic warm-up or for power training, as a finisher, or as part of a conditioning workout or circuit.","Legs, Full Body",11.0,"Fitness, HIIT",168
2032,Hybrid deadlift,"The hybrid deadlift is a version of the barbell deadlift in which the lifter's stance is wider than a conventional position, but narrower than a wide sumo deadlift. The feet are just outside the shoulders and grip placement is just inside of the legs. Many non-competitive lifters find this position to be more spine friendly and strong than either of the other traditional stances. This variation of the deadlift has all the same benefits as the others, and is capable of building serious full-body and posterior chain strength.","Full Body, Hamstrings, Glutes, Back",8.0,Strength Training,192
2033,Boss Everline Suspension Side Run,The Boss Everline suspension side run is a running drill with a suspension trainer.,"Legs, Obliques, Full Body",10.0,"Sports Performance, Suspension Training",168
2034,Boss Everline Lunge Sled Push,The Boss Everline lunge sled push is a conditioning exercise.,"Legs, Quads, Glutes, Full Body",12.0,"Cardio, Strength Training",192
2035,Squat Bottom Position Hold,The squat bottom position hold is an isometric squat.,"Quads, Glutes, Legs",3.5,"Mobility, Strength Training",120
2036,TRX Squat Jump,The TRX squat jump is a squat jump with a suspension trainer.,"Legs, Quads, Glutes",8.0,"Plyometrics, Suspension Training",168
2037,Landmine squat,"The landmine squat is a lower-body exercise that uses an angled barbell anchored at floor level in a landmine device. It can also be performed by sticking a barbell in the corner of a room, preferably in a towel to protect the walls. The landmine squat is similar in many ways to a goblet squat, but with slight differences due to the angle of the barbell. It can be trained in traditional muscle and strength-focused rep ranges or for higher reps.","Quads, Glutes, Legs",6.0,"Fitness, Strength Training",192
2038,Dumbbell Bulgarian split squat,"The dumbbell Bulgarian split squat is a single-leg exercise targeting the quads, glutes, and hamstrings. Overloading the movement with dumbbells usually presents less of a balance challenge than putting a barbell on the back. Dumbbell split squats are usually performed for moderate to high reps, such as 8-12 reps per leg, but they are also effective done with heavier weights in lower rep ranges.","Quads, Glutes, Legs",5.0,"Bodybuilding, Strength Training",168
2039,Holman Towel Alternating Prisoner Reverse Lunge,The Holman towel alternating prisoner reverse lunge is a reverse lunge with hands behind the head.,"Legs, Quads, Glutes, Abs",4.5,"Fitness, Home Workouts",120
2040,Holman Weighted Burpee to Belly Touch,The Holman weighted burpee to belly touch is a burpee with a belly touch.,Full Body,9.5,"Fitness, HIIT",168
2041,Holman Weighted Burpee to Front Punch,The Holman weighted burpee to front punch is a burpee with a punch.,"Full Body, Shoulders",9.8,"Boxing, HIIT",168
2042,Holman Weighted Low Squat Punch,The Holman weighted low squat punch is a punch from a low squat.,"Legs, Shoulders, Obliques",6.0,"Boxing, Fitness",168
2043,Holman Weighted Hook Punch to Squat Thrust,The Holman weighted hook punch to squat thrust is a compound conditioning exercise.,Full Body,9.0,"Boxing, HIIT",168
2044,Holman Towel Alternating Side Lunge Squat,The Holman towel alternating side lunge squat is a side lunge with a towel.,"Legs, Inner Thighs, Glutes, Quads",4.5,"Fitness, Home Workouts",120
2045,Holman Weighted Burpee to Renegade Side Punch,The Holman weighted burpee to renegade side punch is a compound conditioning exercise.,Full Body,10.0,"Boxing, Fitness, HIIT",192
2046,Holman Weighted Reverse Lunge to Knee-Up Overhead Press,The Holman weighted reverse lunge to knee-up overhead press is a compound exercise.,"Full Body, Legs, Shoulders",7.5,"Fitness, HIIT",168
2047,Holman Lunge Jump with Overhead Press,The Holman lunge jump with overhead press is a compound plyometric exercise.,"Full Body, Legs, Shoulders",9.0,"HIIT, Plyometrics",168
2048,Holman Weighted Burpee to Belly Touch to Standing T,The Holman weighted burpee to belly touch to standing t is a complex conditioning move.,Full Body,10.0,"Fitness, HIIT",192
2049,Holman Weighted Squat Jump,The Holman weighted squat jump is a plyometric squat.,"Legs, Quads, Glutes",8.5,"HIIT, Plyometrics",168
2050,Holman Weighted Plie Squat,The Holman weighted plie squat is a plie squat with weight.,"Inner Thighs, Glutes, Quads",5.5,"Barre, Dance",168
2051,Holman Heels-Elevated Sissy Squat,The Holman heels-elevated sissy squat is a quad-focused squat.,Quads,4.5,Bodybuilding,144
2052,Holman Squat Jump to Overhead Press,The Holman squat jump to overhead press is a compound plyometric exercise.,"Full Body, Legs, Shoulders",9.0,"Fitness, HIIT",168
2053,Holman 180 Jump to Overhead Press,The Holman 180 jump to overhead press is a compound plyometric exercise.,"Full Body, Legs, Shoulders",9.0,"Fitness, HIIT",168
2054,Holman Weighted Burpee to Row,The Holman weighted burpee to row is a compound conditioning exercise.,"Full Body, Back",9.8,"Fitness, HIIT",168
2055,Holman Weighted Burpee to 180 Jump,The Holman weighted burpee to 180 jump is a compound conditioning exercise.,Full Body,9.8,HIIT,168
2056,Holman Weighted 180 Jump,The Holman weighted 180 jump is a plyometric jump.,Legs,8.0,Plyometrics,168
2057,Holman Weighted Narrow-Mid-Wide Hop,The Holman weighted narrow-mid-wide hop is a plyometric drill.,Legs,8.2,"Agility Training, Plyometrics",168
2058,Holman Alternating Weighted Diagonal Burpee,The Holman alternating weighted diagonal burpee is a burpee with a diagonal jump.,Full Body,9.5,HIIT,168
2059,Holman Towel Burpee to Push-Up,The Holman towel burpee to push-up is a burpee with a towel.,Full Body,9.0,"HIIT, Home Workouts",168
2060,Holman Towel Right Side Squat,The Holman towel right side squat is a squat with a towel.,"Legs, Inner Thighs, Glutes, Quads",4.5,Home Workouts,120
2061,ACFT Sprint-drag-carry,"The sprint-drag-carry is a strength and endurance relay that is part of the new Army Combat Fitness Test or ACFT. It combines sprinting, reverse sled drag, side shuffle, and a farmer's carry to test overall strength and athletic conditioning. Practicing this relay as a drill is great for developing strenght, speed, endurance, and power, and can also be great conditioning work for lifters and athletes of all ability levels.",Full Body,14.0,"Fitness, HIIT, Military Training, Strength Training",192
2062,Cable Hip Adduction,The cable hip adduction is an inner thigh exercise.,Inner Thighs,2.5,"Bodybuilding, Rehabilitation",168
2063,Cable Deadlifts,The cable deadlift is a deadlift with a cable machine.,"Hamstrings, Glutes, Lower Back",4.5,Strength Training,168
2064,KV Cable Squat,The KV cable squat is a squat with a cable machine.,"Quads, Glutes, Legs",4.5,Strength Training,168
2065,Single-Leg Press,"The single-leg leg press is an exercise targeting the quadriceps one leg at a time. Many lifters prefer the leg press to squatting for several reasons, including the perception that it’s safer for the spine.","Quads, Glutes, Legs",4.5,Bodybuilding,168
2066,Stair climber,"The stair climber is a popular cardio machine found in most commercial gyms. Along with burning a ton of calories, the stair climber also helps build strength in the lower body, especially the glutes. It can work well at higher speeds for interval-style conditioning training, but also works well at slower paces for steady-state cardio.","Legs, Glutes, Quads, Calves",9.0,"Cardio, HIIT",144
2067,Leg Press,The leg press is a machine exercise targeting the quadriceps. It’s favorite among lifters who prefer the seated position to standing with a load on the spine.,"Quads, Glutes, Hamstrings, Legs",5.0,"Bodybuilding, Strength Training",168
2068,Elliptical trainer,"The elliptical trainer is a popular machine for cardiovascular training without the significant impact on your joints of running. On many machines, you can adjust the resistance level to make the movement more difficult for all four limbs. The elliptical is a mainstay in most commercial gyms, and can be equally effective for HIIT-style interval workouts or for longer-duration endurance work.","Full Body, Legs",5.0,Cardio,144
2069,Narrow-stance leg press,"The narrow-stance leg press is a machine-based exercise that targets the muscles of the legs. It emphasizes the quads, particularly the muscles of the outer quads and hips. It is often used as an accessory for squats, or as a muscle-building movement during lower-body training when it is usually performed for moderate to high reps, such as 8-12 reps per set or more.","Quads, Legs",5.0,Bodybuilding,168
2070,Narrow Stance Hack Squats,The narrow stance hack squat is a hack squat with a narrow stance.,"Quads, Legs",5.0,Bodybuilding,168
2071,Stairmaster,"The stair climber is a popular cardio machine found in most commercial gyms. Along with burning a ton of calories, the stair climber also helps build strength in the lower body, especially the glutes. It can work well at higher speeds for interval-style conditioning training, but also works well at slower paces for steady-state cardio.","Legs, Glutes, Quads, Calves",9.0,"Cardio, HIIT",144
2072,Machine Squat,The machine squat is a squat on a machine.,"Quads, Glutes, Legs",5.0,"Bodybuilding, Strength Training",168
2073,Smith machine back squat,"The Smith machine back squat is a machine-based exercise targeting the muscles of the lower body. The Smith machine mimics a barbell but provides more stability. This movement can be programmed in low reps for strength or higher reps for muscle and strength endurance. It is often performed for moderate to high reps, such as 8-12 reps per set or more, as part of a full-body or lower-body workout.","Quads, Glutes, Hamstrings, Legs",6.0,"Bodybuilding, Strength Training",192
2074,Leg Extensions,The leg extension is an isolation exercise for the quads.,Quads,3.0,Bodybuilding,168
2075,Treadmill running,"Treadmill running is a popular cardiovascular exercise performed on a machine that is available in most gyms. Performing this exercise on a treadmill allows you to adjust the speed of your running and, depending on the machine, perform it on an adjustable incline. Many machines also have built-in heart rate monitors and timers to help you track your progress.",Legs,10.0,"Cardio, Running",96
2076,Stationary bike,"The stationary bike is a popular cardio machine found in most commercial gyms. Along with burning a ton of calories, the stationary bike also helps develop the lower body. Stationary bikes come in multiple variations, ranging from ones that resemble riding a bike, to recumbent bikes, to fan bikes that work both the arms and the legs. No matter the variation, a stationary bike can work well at higher speeds for interval-style conditioning training, but also works well at slower paces for steady-state cardio.","Legs, Quads",7.0,"Cardio, Cycling",96
2077,Treadmill jogging,"Treadmill jogging is a popular cardiovascular exercise performed on a machine that is available in most gyms. Performing this exercise on a treadmill allows you to adjust the speed of your jogging and, depending on the machine, perform it on an adjustable incline. Many machines also have built-in heart rate monitors and timers to help you track your progress.",Legs,7.0,"Cardio, Running",96
2078,Recumbent Bike,The recumbent bike is a piece of cardio equipment.,"Legs, Quads",5.5,"Cardio, Rehabilitation",120
2079,Smith machine leg press,"The Smith machine leg press is a machine-based movement that targets the quads, glutes, and hamstrings. It can serve as a substitute for the leg press or be programmed similarly to the leg press. It is usually performed for moderate to high reps, such as 8-12 reps per set or more, as part of lower-body training. If your Smith machine has safety bars, set them at a height that allows you a full range of motion while giving adequate protection from the weight potentially falling.","Quads, Glutes, Legs",5.0,Bodybuilding,192
2080,Lying Machine Squat,The lying machine squat is a squat on a machine.,"Quads, Glutes, Legs",5.0,Bodybuilding,168
2081,Seated Leg Press,"The seated leg press is a lower body exercise that targets the quads, adductors, glutes, and hamstrings.","Quads, Glutes, Hamstrings, Legs",5.0,"Bodybuilding, Strength Training",168
2082,Smith machine pistol squat,"The Smith machine pistol squat is a machine-based exercise that targets the quads, glutes, and hamstrings. It is similar in form to a pistol squat but is performed with a bar on the shoulders. This adds extra resistance, but also eliminates some of the balance challenge of single-leg squats. This squat variation can be performed in low reps for strength or for higher reps for muscle gain.","Quads, Glutes, Legs",6.0,"Bodybuilding, Strength Training",192
2083,Leverage Deadlift,The leverage deadlift is a deadlift on a leverage machine.,"Hamstrings, Glutes, Back, Lower Back",7.0,Bodybuilding,168
2084,Leg press-,"The leg press is a machine exercise targeting the leg muscles, including the quads, glutes, and hamstrings. It's a favorite among lifters who prefer the seated position to standing with a load on the spine. The leg press is often used as an accessory for squats or deadlifts, but can also be the main lower-body movement in a workout. It is often performed for moderate to high reps, such as 8-12 reps per set or more.","Quads, Glutes, Hamstrings, Legs",5.0,"Bodybuilding, Strength Training",168
2085,TBS Hack Squat,"The hack squat is a machine-based exercise that targets the muscles of the legs, particularly the quadriceps. It is often used as an accessory for squats, but can also be the main lower-body movement in a workout. It is often performed for moderate to high reps, such as 8-12 reps per set or more.","Quads, Legs",5.0,Bodybuilding,168
2086,Leg Extensions - Gethin Variation,The leg extension is an isolation exercise for the quads.,Quads,3.0,Bodybuilding,168
2087,Seated leg press-,"The seated leg press is a machine-based exercise that targets the quads, glutes, and hamstrings. It is similar in many ways to larger leg press machines, but often utilizes a selectorized weight stack rather than plate loading. Leg press variations are often used as an accessory for squats or deadlifts, but can also be the main lower-body movement in a workout. This movement is often performed for moderate to high reps, such as 8-12 reps per set or more.","Quads, Glutes, Hamstrings, Legs",4.5,Bodybuilding,168
2088,Smith machine front squat,"The Smith machine front squat is a machine-based exercise targeting the muscles of the lower body. The Smith machine mimics a barbell but provides more stability. This movement can be programmed in low reps for strength or higher reps for muscle and strength endurance. It is often performed for moderate to high reps, such as 8-12 reps per set or more, as part of a full-body or lower-body workout.","Quads, Glutes, Abs, Legs",6.5,Bodybuilding,192
2089,Machine Deadlift - Gethin Variation,The machine deadlift - Gethin variation is a specific type of machine deadlift.,"Hamstrings, Glutes, Back, Lower Back",6.0,Bodybuilding,168
2090,Single-leg hack squat,"The single-leg hack squat is a lower-body exercise mainly targeting the quads, performed one side at a time per set. It is often used as an accessory for squats, or as a muscle-building movement during lower-body training, and is usually performed for moderate to high reps, such as 8-12 reps per set or more.","Quads, Glutes, Legs",4.5,Bodybuilding,168
2091,Narrow-stance hack squat,"The narrow-stance hack squat is a machine-based exercise that targets the muscles of the legs, particularly the quadriceps. It is often used as an accessory for squats, or as a muscle-building movement during lower-body training, and is usually performed for moderate to high reps, such as 8-12 reps per set or more.","Quads, Legs",5.0,Bodybuilding,168
2092,Alternating Single-Leg Curl - Gethin Variation,The alternating single-leg curl - Gethin variation is a specific type of leg curl.,Hamstrings,3.0,Bodybuilding,168
2093,Stiff-Legged Deadlift - Gethin Variation,"The barbell stiff-legged deadlift targets the hamstrings, glutes, lower and upper back, as well as the core. It is a popular accessory movement for the deadlift, but also a muscle-building hamstring movement.","Hamstrings, Glutes, Lower Back",6.0,Bodybuilding,192
2094,Single-Leg Press - Gethin Variation,"The single-leg leg press is an exercise targeting the quadriceps one leg at a time. Many lifters prefer the leg press to squatting for several reasons, including the perception that it’s safer for the spine.","Quads, Glutes, Legs",4.5,Bodybuilding,168
2095,Hack squat-,"The hack squat is a machine-based exercise that targets the muscles of the legs, particularly the quadriceps. It is often used as an accessory for squats, but can also be the main lower-body movement in a workout. It is often performed for moderate to high reps, such as 8-12 reps per set or more.","Quads, Legs",5.0,Bodybuilding,168
2096,Smith machine lunge squat,"The Smith machine lunge squat is an exercise targeting the quads, glutes, and hamstrings. Using added weight allows you to overload the exercise beyond body weight and perform the movement in strength ranges. The Smith machine mimics a barbell but provides more stability.","Quads, Glutes, Legs",5.5,Bodybuilding,192
2097,Hack Squat - Gethin Variation,"The hack squat is a machine-based exercise that targets the muscles of the legs, particularly the quadriceps. It is often used as an accessory for squats, but can also be the main lower-body movement in a workout. It is often performed for moderate to high reps, such as 8-12 reps per set or more.","Quads, Legs",5.0,Bodybuilding,168
2098,Leg Press - Gethin Variation,The leg press is a machine exercise targeting the quadriceps. It’s favorite among lifters who prefer the seated position to standing with a load on the spine.,"Quads, Glutes, Hamstrings, Legs",5.0,Bodybuilding,168
2099,AM Leg Press,The leg press is a machine exercise targeting the quadriceps. It’s favorite among lifters who prefer the seated position to standing with a load on the spine.,"Quads, Glutes, Hamstrings, Legs",5.0,Strength Training,168
2100,Leg extension,"The leg extension is a popular machine-based exercise for the legs, particularly the quadriceps. It is usually performed for moderate to high reps, such as 8-12 reps per set or more, as part of a leg pre-exhaust or as a muscle-building movement for lower-body training.",Quads,3.0,Bodybuilding,168
2101,UP Quad Extension,The leg extension is an isolation exercise for the quads.,Quads,3.0,Bodybuilding,168
2102,UP Single-Leg Press,"The single-leg leg press is an exercise targeting the quadriceps one leg at a time. Many lifters prefer the leg press to squatting for several reasons, including the perception that it’s safer for the spine.","Quads, Glutes, Legs",4.5,Bodybuilding,168
2103,UP Leg Press,The leg press is a machine exercise targeting the quadriceps. It’s favorite among lifters who prefer the seated position to standing with a load on the spine.,"Quads, Glutes, Hamstrings, Legs",5.0,Bodybuilding,168
2104,Pop Squat On Leg Press,The pop squat on leg press is a plyometric leg press.,"Quads, Glutes, Legs",8.0,"Plyometrics, Sports Performance",168
2105,King Maker Leg Press,The leg press is a machine exercise targeting the quadriceps. It’s favorite among lifters who prefer the seated position to standing with a load on the spine.,"Quads, Glutes, Hamstrings, Legs",5.0,Strength Training,168
2106,Single-leg leg press,"The single-leg leg press is a machine exercise targeting the leg muscles, including the quads, glutes, and hamstrings. The leg press is often used as an accessory for squats or deadlifts, but can also be the main lower-body movement in a workout. It is often performed for moderate to high reps, such as 8-12 reps per set or more.","Quads, Glutes, Legs",4.5,Bodybuilding,168
2107,King Maker Hack Squat,"The hack squat is a machine-based exercise that targets the muscles of the legs, particularly the quadriceps. It is often used as an accessory for squats, but can also be the main lower-body movement in a workout. It is often performed for moderate to high reps, such as 8-12 reps per set or more.","Quads, Legs",5.0,Strength Training,168
2108,30 Legs Feet-High Leg Press,The 30 Legs feet-high leg press is a leg press with feet high on the platform.,"Glutes, Hamstrings, Quads",5.0,Bodybuilding,168
2109,30 Legs Leg Press,The 30 Legs leg press is a standard leg press.,"Quads, Glutes, Hamstrings, Legs",5.0,Bodybuilding,168
2110,30 Legs Leg Press Calf Raise,The 30 Legs leg press calf raise is a calf raise on a leg press machine.,Calves,3.0,Bodybuilding,168
2111,30 Legs Lying Leg Curl,The 30 Legs lying leg curl is a standard lying leg curl.,Hamstrings,3.5,Bodybuilding,168
2112,30 Legs Machine Hack Squat,The 30 Legs machine hack squat is a standard hack squat.,"Quads, Legs",5.0,Bodybuilding,168
2113,30 Legs Single-Leg Leg Extension,The 30 Legs single-leg leg extension is a unilateral leg extension.,Quads,3.0,Bodybuilding,168
2114,30 Legs Single-Leg Leg Press,The 30 Legs single-leg leg press is a unilateral leg press.,"Quads, Glutes, Legs",4.5,Bodybuilding,168
2115,30 Legs Single-Leg Lying Leg Curl,The 30 Legs single-leg lying leg curl is a unilateral lying leg curl.,Hamstrings,3.0,Bodybuilding,168
2116,30 Legs Smith Machine Split Squat,The 30 Legs Smith machine split squat is a split squat on a Smith machine.,"Quads, Glutes, Legs",5.5,Bodybuilding,192
2117,30 Legs Smith Machine Squat,The 30 Legs Smith machine squat is a squat on a Smith machine.,"Quads, Glutes, Hamstrings, Legs",6.0,Bodybuilding,192
2118,Jumping rope,"Jumping rope is a classic conditioning exercise that is popular with everyone from children to boxers to CrossFit athletes. It targets many different muscles, including the calves, glutes, shoulders, and upper back, and is great for everything from fat loss to improving overall athletic performance.","Calves, Full Body",11.8,"Boxing, Cardio, Crossfit",84
2119,Forward lunge,"The forward lunge is a lower-body bodyweight exercise targeting the quads, glutes, and hamstrings. It can also be performed holding dumbbells or other weights. The forward lunge places more emphasis on the quads than other lunge variations. It can be performed for time or reps in the lower-body portion of any workout.","Quads, Glutes, Legs",4.0,"Fitness, Mobility",120
2120,Side-to-side box skip,"The side-to-side box skip is an explosive lower-body exercise that involves jumping laterally over a bench or box, landing with one foot on top of the surface, and then switching positions. It primarily targets the muscles of the lower body, but is also a serious cardiovascular challenge. It is often performed for high reps or for time as part of a fat-loss or athleticism-focused workout or circuit.","Legs, Glutes, Quads",8.5,"Agility Training, HIIT",144
2121,Bodyweight squat,"The bodyweight squat is a fundamental exercise that strengthens the quads, glutes, and hamstrings. It can be performed as part of a dynamic warm-up, for time or reps during a workout, or for hip and spine mobility any time.","Quads, Glutes, Hamstrings, Legs",3.5,"Fitness, Mobility",96
2122,Broad jump,"The broad jump is an explosive lower-body exercise. It is a common way to measure explosive hip and lower-body strength in athletes. The more explosive you are, the farther you'll be able to jump.","Legs, Glutes",8.0,"Athletics, Plyometrics",144
2123,Burpee,"The burpee is a high-intensity exercise that recruits the entire body to build strength and aerobic capacity. It is common in CrossFit workouts and group fitness classes, but can also be performed for time or reps in any fat-loss or athleticism-focused circuit or workout.",Full Body,9.0,"Crossfit, HIIT, Military Training",168
2124,Trail Running/Walking,Trail running/walking is running or walking on trails.,Legs,6.0,"Hiking, Running",96
2125,Scissors Jump,"The alternating lunge jump is an explosive bodyweight exercise that targets the lower-body muscles, including the quads, glutes, and hamstrings. It can be performed for time or reps in power training, and is also effective in any fat-loss or athleticism-focused workout.","Quads, Glutes, Hamstrings, Legs",8.5,"HIIT, Plyometrics",168
2126,Jumping jack-,"The jumping jack is a classic calisthenics exercise to improve overall conditioning. It’s one the most recognizable exercises on the planet, and it’s almost synonymous with training for military recruits. It can be done for time or reps, often in dynamic warm-ups or to mobilize the hips and shoulders.",Full Body,8.0,"Cardio, Mobility",84
2127,Arms-crossed jump squat,"The arms-crossed jump squat is an explosive version of the jump squat. Crossing your arms eliminates any extra power that could come from swinging your arms, making the movement extra strict and challenging for the lower body. It can be performed for time or reps and is especially effective in a fat-loss or athleticism-focused circuit or workout.","Legs, Quads, Glutes",8.0,Plyometrics,168
2128,Bodyweight Reverse Lunge,"The reverse lunge is a lower-body exercise targeting the quads, glutes, and hamstrings. The reverse lunge places more emphasis on the glutes than other lunge variations.","Quads, Glutes, Legs",4.0,Fitness,120
2129,Alien Squat,The alien squat is a specific type of squat.,"Legs, Quads, Glutes",5.0,Fitness,144
2130,Treadmill walking,"Treadmill walking is a popular cardiovascular exercise performed on a machine that is available in most gyms. Performing this exercise on a treadmill allows you to adjust the speed of your walking and, depending on the machine, perform it on an adjustable incline. Many machines also have built-in heart rate monitors and timers to help you track your progress.",Legs,3.5,Cardio,96
2131,Rocket Jump,The rocket jump is a plyometric jump.,"Legs, Glutes, Quads",8.0,Plyometrics,168
2132,Depth jump box jump,"The depth jump box jump is a plyometric exercise that entails jumping off one box, dropping into a squat, and then jumping up onto another box. These are all performed fluidly to complete one rep. Depth jumps have been a staple of high-level athletic programming for decades. They are usually performed for low reps with a focus on power and technique. If they hurt your knees or back, consider performing box jumps or squat jumps instead.","Legs, Glutes, Quads",9.0,"Athletics, Plyometrics",192
2133,Bodyweight Walking Lunge,"The walking lunge is a lower-body exercise that targets the glutes, quads, and hamstrings while challenging stability and balance. It can be performed for reps, time, or distance in the lower-body portion of any workout.","Quads, Glutes, Hamstrings, Legs",4.5,Fitness,120
2134,Walking High Knees,Walking high knees are a dynamic warm-up.,"Hip Flexors, Full Body",3.0,Mobility,84
2135,Lateral lunge,"The lateral lunge is a lower-body bodyweight movement that works the quads, glutes, and hamstrings. It can also be performed holding dumbbells or other weights. It is often performed for reps as part of a dynamic warm-up or mobility routine but can also work in a circuit or other workouts.","Inner Thighs, Glutes, Quads, Legs",4.0,"Fitness, Mobility",120
2136,Jump Squat,"The jump squat is an explosive bodyweight exercise targeting the quads, hamstrings, and glutes. It is also a serious cardiovascular challenge when done for reps. It can be performed as a power exercise to build jumping power, or in any fat-loss or athleticism-focused workout.","Quads, Glutes, Hamstrings, Legs",8.0,"HIIT, Plyometrics",168
2137,Over bench jump,The over bench jump is a plyometric exercise requiring only a weight bench to perform. It improves jumping ability and athleticism while burning a lot of calories.,"Legs, Glutes, Quads",8.5,"Fitness, Plyometrics",144
2138,Split Jump,"The alternating lunge jump is an explosive bodyweight exercise that targets the lower-body muscles, including the quads, glutes, and hamstrings. It can be performed for time or reps in power training, and is also effective in any fat-loss or athleticism-focused workout.","Quads, Glutes, Hamstrings, Legs",8.5,"HIIT, Plyometrics",168
2139,90-degree jump squat,"The 90-degree jump squat is an explosive bodyweight exercise that targets the muscles of the lower body, including the quads, glutes, and hamstrings, as well as the cardiovascular system. It can be performed for time or reps, usually in a fat-loss or athleticism-focused circuit workout.","Legs, Glutes, Quads, Obliques",8.2,"Agility Training, HIIT, Plyometrics",168
2140,Skip,"The skip is an exercise that builds power and explosiveness in the legs. It's commonly performed by children and in gym classes, but is also great for working the legs and hip flexors, making it a favorite warm-up for athletes who need to explode vertically.","Legs, Hip Flexors",6.0,"Athletics, Mobility",72
2141,Kneeling hip flexor stretch,"The kneeling hip flexor stretch is a stretch targeting greater flexibility in the front side of the hips. It targets a chronically tight muscle group and is often performed as part of a dynamic warm-up, a cool-down, or as recovery work after training.",Hip Flexors,1.8,Mobility,84
2142,Iron Crosses (stretch),The iron cross is a dynamic stretch.,"Lower Back, Glutes, Obliques",2.5,Mobility,84
2143,All Fours Quad Stretch,The all fours quad stretch is a quad stretch from an all-fours position.,Quads,1.8,Mobility,84
2144,Lying quad stretch with band,"The lying quad stretch with band is a simple way to stretch a chronically tight muscle group of the lower body. It is common in stretching and yoga classes but can also be performed individually as part of a warm-up, paired with movements in a workout, or as part of a cool-down or recovery strategy.",Quads,1.8,Mobility,84
2145,One Half Locust,The one half locust is a yoga pose.,"Lower Back, Glutes",2.5,Yoga,96
2146,Standing Hip Flexors,This refers to standing hip flexor stretches.,Hip Flexors,1.5,Mobility,72
2147,Looking At Ceiling,Looking at the ceiling is a neck stretch.,Traps,1.5,Mobility,72
2148,Rear Leg Raises,The rear leg raise is a glute exercise.,Glutes,2.5,"Pilates, Rehabilitation",96
2149,On Your Side Quad Stretch,The on your side quad stretch is a quad stretch.,Quads,1.5,Mobility,72
2150,On-Your-Back Quad Stretch,The on-your-back quad stretch is a quad stretch.,Quads,1.5,Mobility,72
2151,Standing Elevated Quad Stretch,The standing elevated quad stretch is a quad stretch with the foot elevated.,Quads,1.8,Mobility,84
2152,Thigh killa,"The thigh killa is a challenging lower-body bodyweight exercise that builds muscular endurance with a series of hops and bodyweight squats. It can be performed for time or reps, usually in a circuit workout or as a lower-body finisher.","Legs, Quads, Glutes",8.8,"Circuit Training, HIIT",168
2153,Southpaw sprawl,"The southpaw sprawl is a full-body movement that combines elements of a single-arm plank and a sprawl. It also has a rotational component, with a jumping leg-cross and torso twist in a single-arm plank position. It is a challenging move that trains balance, core strength, and many muscle groups, making it work well in a time-efficient bodyweight circuit workout.",Full Body,9.2,"Fitness, HIIT, Martial Arts",168
2154,Stride Jump Crossover,The stride jump crossover is a plyometric drill.,Legs,8.0,Plyometrics,144
2155,Side Standing Long Jump,The side standing long jump is a plyometric drill.,Legs,8.0,"Athletics, Plyometrics",144
2156,Wall squat,"The wall squat is a bodyweight exercise targeting the quadriceps, as well as other muscles in the lower body and core. The lifter's back is flat against a wall, and the back slides down and up the wall during each rep. If you don't have a smooth wall to slide on, the exercise can also be performed with an exercise ball between the back and the wall.","Quads, Legs",3.5,"Rehabilitation, Strength Training",120
2157,Slide Jump Shot,The slide jump shot is a basketball drill.,"Full Body, Legs",8.5,"Agility Training, Basketball",144
2158,Sprawl frog kick,"The sprawl frog kick is an explosive bodyweight exercise that targets multiple muscle groups across the upper and lower body. It is similar to a traditional sprawl, but with an extra hop in the middle of each rep. It can be performed for time or reps in any fat-loss or athleticism-focused circuit or workout.",Full Body,9.5,"Fitness, HIIT",168
2159,Lateral Speed Step,The lateral speed step is an agility drill.,Legs,8.0,"Agility Training, Sports Performance",144
2160,Side Hop-Sprint,The side hop-sprint is a plyometric and speed drill.,Legs,10.0,"HIIT, Sports Performance",168
2161,Pop squat,"The pop squat is an explosive bodyweight exercise that targets the lower-body muscles, including the quads, glutes, and hamstrings. It is similar to a jump squat, but alternates between a narrow and wide stance with each jump. It can be performed for time or reps in power training and is also effective in any fat-loss or athleticism-focused workout.","Legs, Quads, Glutes",8.2,"HIIT, Plyometrics",168
2162,Star Jump,The star jump is a plyometric exercise.,Full Body,8.5,"HIIT, Plyometrics",168
2163,Side Lunge Touching Heel,"The side lunge cross-body heel-touch is a lower-body exercise targeting the quads, glutes, and hamstrings. The heel-touch adds a slight rotational challenge.","Legs, Inner Thighs, Glutes, Quads",4.0,"Fitness, Mobility",120
2164,Lying Prone Quadriceps,This refers to a quad stretch while lying on your stomach.,Quads,1.5,Mobility,72
2165,Fast Kick With Arm Circles,The fast kick with arm circles is a dynamic warm-up.,"Full Body, Arms, Legs",4.0,"Martial Arts, Mobility",84
2166,Single-leg box squat,"The single-leg box squat is a bodyweight exercise that targets the muscles of the lower body, including the quads, glutes, and hamstrings. It is similar in form to a pistol squat, except that you sit to a box. This allows you to customize the depth of the movement to your movement abilities and mobility level. For this reason, the single-leg box squat is a popular movement for building leg strength in beginning trainees. It can be performed in lower strength-focused rep ranges, such as 5-8 reps per leg, or for higher reps for muscle building.","Quads, Glutes, Legs",5.0,"Calisthenics, Strength Training",168
2167,Defensive Slide,The defensive slide is an athletic drill.,"Legs, Glutes, Quads",8.0,"Basketball, Cardio",144
2168,Quick Leap,The quick leap is a plyometric exercise.,Legs,8.0,Plyometrics,144
2169,Vertical Mountain Climber,The vertical mountain climber is a standing mountain climber.,"Full Body, Hip Flexors",7.5,"Cardio, Mobility",120
2170,Reverse Burpee,The reverse burpee is a burpee in reverse.,"Full Body, Abs",9.0,"Fitness, HIIT",168
2171,Football Up-Down,The football up-down is a conditioning drill.,Full Body,10.0,"American Football, HIIT",168
2172,Jump lunge heel kick,"The jump lunge heel kick is a high-intensity, full-body exercise targeting the quads, glutes, and hamstrings. It combines a jump lunge with a standing hamstring stretch in a unique combo that also challenges balance. It can be performed for time or reps as part of a fat-loss or athleticism-focused circuit or workout.","Legs, Hamstrings, Glutes",8.8,"HIIT, Plyometrics",168
2173,Burpee box jump,"The burpee box jump is an explosive bodyweight exercise that combines a burpee with a leap onto a box or step. First, you perform a traditional burpee, and then instead of jumping into the air, you jump onto a box. This makes you focus on power generation in the jump, making each rep more challenging. Burpee box jumps are often performed for high reps as part of metabolic conditioning circuits or workouts.",Full Body,12.5,"Crossfit, HIIT",192
2174,Linear Depth Jump,The linear depth jump is a plyometric drill.,Legs,8.5,"Athletics, Plyometrics",168
2175,Slow Jog,The slow jog is a low-intensity cardio exercise.,Legs,6.0,"Cardio, Running",96
2176,High knees,"High knees is a full-body, cardio-based exercise with an emphasis on the lower body. It is often performed for reps or time as part of a dynamic warm-up.","Hip Flexors, Legs, Full Body",8.0,"Athletics, Cardio, Mobility",84
2177,Jumping Jack,"The jumping jack is a classic calisthenics exercise to improve overall conditioning. It’s one the most recognizable exercises on the planet, and it’s almost synonymous with training for military recruits. It can be done for time or reps, often in dynamic warm-ups or to mobilize the hips and shoulders.",Full Body,8.0,"Cardio, Military Training, Mobility",84
2178,Square Hop,The square hop is a plyometric drill.,"Legs, Calves",7.5,"Agility Training, Plyometrics",144
2179,Running lunge,"The running lunge is a dynamic exercise that targets the lower body. It combines elements of a reverse lunge with a step-up, in that the front leg fully extends and the rear leg flexes up in front of the body. It targets a wide range of muscles in the lower body, including the quads, glutes, and hamstrings. It can be performed for time or reps in any lower-body workout, or in a fat-loss or athleticism-focused circuit.","Legs, Quads, Glutes",6.0,"Cardio, Fitness",144
2180,In-out jump squat,"The in-out jump squat is a bodyweight squat variation that alternates wide and narrow jump squats. It targets the lower-body muscles, including the quads, glutes, adductors, and hamstrings, and also provides a serious cardiovascular challenge. It can be performed for time or reps and is especially effective in a fat-loss or athleticism-focused circuit or workout.","Legs, Quads, Glutes, Inner Thighs",8.2,"HIIT, Plyometrics",168
2181,Gorilla squat,"The gorilla squat is a bodyweight sequence that combines two reverse lunges and a bodyweight squat. It could also be performed with dumbbells, kettlebells, or other weights. It targets most of the muscles of the lower body, including the quads, glutes, and hamstrings. It can be performed for time or reps in the lower-body portion of any workout.","Legs, Quads, Glutes",5.0,"Circuit Training, Fitness",120
2182,Burpee tuck jump,The burpee tuck jump is an explosive version of the burpee exercise that adds a tuck jump to the top of each rep. It can be performed for time or reps in any fat-loss or athleticism-focused circuit or workout.,Full Body,11.0,"Crossfit, HIIT, Plyometrics",192
2183,Speed skater,"The speed skater is an explosive version of the lateral lunge that involves jumping from side to side and landing on a single leg, then touching the ground. It challenges the lower-body muscles, including the quads, hips, and glutes, and the cardiovascular system, while training lateral movement.","Legs, Glutes, Inner Thighs",8.0,"HIIT, Plyometrics, Speed Skating",144
2184,Jumping knee up-down,"The jumping knee up-down is an explosive bodyweight movement that consists of a knee up-down followed by a jump squat. It targets the muscles of the lower body, including the quads, glutes, and hamstrings, but is also a challenging power and conditioning exercise.","Legs, Quads, Glutes",8.5,"Fitness, HIIT",168
2185,Jump Lunge To Feet Jack,The jump lunge to feet jack is a compound plyometric exercise.,"Legs, Full Body",8.8,"HIIT, Plyometrics",168
2186,Reverse Lunge Rotation,The reverse lunge rotation is a reverse lunge with a torso twist.,"Legs, Obliques, Glutes",4.5,"Fitness, Mobility",120
2187,Alternating standing knee-pull stretch,"The alternating standing knee-pull stretch targets range of motion in the hips, hamstrings, and lower back. It's a common movement in dynamic warm-ups for athletics or lower-body training, but can also be used to ""limber up"" for activity anytime.","Hip Flexors, Glutes, Hamstrings",2.5,Mobility,84
2188,Seal jack,"The seal jack is a variation on the jumping jack, one the most common calisthenic exercises on the planet. The difference between this movement and the jumping jack has to do with the arm motion. Instead of the arms coming together overhead, they come together in front of the body, like a seal clapping its fins.","Full Body, Chest",8.0,"Cardio, Mobility",96
2189,Kneeling quad thoracic stretch,"The kneeling quad thoracic stretch is a stretch targeting greater range of motion in your thoracic spine. It is commonly included in dynamic warm-ups or cool-downs, but can also be performed as full-body mobility work any time.","Quads, Hip Flexors, Back",2.0,Mobility,84
2190,Single-Leg Squat With Knee Tap,"The single-leg knee-tap squat is a single-leg squat variation that involves “floating” the back leg over the ground on the descent until touching just the knee to the ground or a pad. It is similar to a lunge, but without touching the back foot to the ground. It is an intense strength and coordination challenge that can work in any strength- or athleticism-focused workout.","Quads, Glutes, Legs",6.0,"Calisthenics, Fitness",168
2191,Shuttle run,"The shuttle run is an athletic conditioning drill that’s great for developing speed and power, as well as changing direction. It’s a favorite of football and basketball players, but it can also be great conditioning work for lifters and athletes of all ability levels.","Legs, Full Body",13.0,"Basketball, Football, HIIT, Soccer",144
2192,Squat Isometric Hold,"The hack squat is a machine-based exercise that targets the muscles of the legs, particularly the quadriceps. It is often used as an accessory for squats, but can also be the main lower-body movement in a workout. It is often performed for moderate to high reps, such as 8-12 reps per set or more.","Quads, Glutes, Legs",3.5,Strength Training,120
2193,Wall sit,"The wall sit is an exercise targeting the quadriceps and core muscle. It involves descending into a squat position while leaning against a wall, then holding that position for a predetermined length of time. It's a classic leg endurance-building exercise for basketball players and gymnasts.",Quads,3.0,"Rehabilitation, Skiing, Strength Training",120
2194,Walking lunge with hip extension,"The walking lunge with hip extension is a combination of two movements, both targeting the lower body. The added hip extension places more of an emphasis on the glutes. It is a great inclusion in a dynamic warm-up for the lower body, but can also be performed for time or reps in any workout.","Glutes, Quads, Legs",5.0,"Fitness, Mobility",120
2195,Squat with alternating side leg raise,"The squat with alternating side leg raise is a bodyweight version of the squat, but with a lateral leg lift to add extra focus to the abductor muscles. It can be performed for time or for reps as part of a dynamic warm-up for the lower body, or in any lower-body portion of a workout.","Quads, Glutes, Legs",4.0,"Fitness, Mobility",120
2196,Lateral Squats,"The lateral lunge is a lower-body bodyweight movement that works the quads, glutes, and hamstrings. It can also be performed holding dumbbells or other weights. It is often performed for reps as part of a dynamic warm-up or mobility routine but can also work in a circuit or other workouts.","Inner Thighs, Glutes, Quads, Legs",4.0,Fitness,120
2197,Walking lunge with twist,"The walking lunge with twist is an exercise that targets the lower body and the obliques. The twist not only works the obliques, it also opens up the thoracic spine. It is a great inclusion in a dynamic warm-up for a lower-body or full-body workout, but can also be performed for time or reps in any workout.","Legs, Obliques, Glutes, Quads",4.8,"Fitness, Mobility",120
2198,Boss Everline Backward Lunge Walk,The Boss Everline backward lunge walk is a walking lunge in reverse.,"Legs, Quads, Glutes",4.5,Strength Training,120
2199,Reverse Diagonal Skaters,The reverse diagonal skater is a skater lunge with a reverse diagonal motion.,"Legs, Glutes",7.5,"Fitness, HIIT",144
2200,FYR Air Squat,"The bodyweight squat is a fundamental exercise that strengthens the quads, glutes, and hamstrings. It can be performed as part of a dynamic warm-up, for time or reps during a workout, or for hip and spine mobility any time.","Quads, Glutes, Hamstrings, Legs",3.5,Fitness,96
2201,FYR Tuck Jump,"The tuck jump is a vertical jump, an explosive lower-body exercise that is a common way to measure explosive hip and lower-body strength in athletes. The more explosive you are, the higher you'll be able to jump.","Legs, Glutes, Quads",8.5,"HIIT, Plyometrics",144
2202,Push-up sprawl tuck jump,"The push-up sprawl tuck jump is an explosive bodyweight sequence that combines three movements: the push-up, the sprawl, and the tuck jump. It is similar to a burpee, but with a tuck jump at the top. It can be performed for time or reps in any fat-loss or athleticism-focused circuit or workout.",Full Body,11.0,"Fitness, HIIT",192
2203,FYR Running Lunge,"The running lunge is a dynamic exercise that targets the lower body. It combines elements of a reverse lunge with a step-up, in that the front leg fully extends and the rear leg flexes up in front of the body. It targets a wide range of muscles in the lower body, including the quads, glutes, and hamstrings. It can be performed for time or reps in any lower-body workout, or in a fat-loss or athleticism-focused circuit.","Legs, Quads, Glutes",6.0,"Cardio, Fitness",144
2204,FYR Jumping Lunge,"The alternating lunge jump is an explosive bodyweight exercise that targets the lower-body muscles, including the quads, glutes, and hamstrings. It can be performed for time or reps in power training, and is also effective in any fat-loss or athleticism-focused workout.","Legs, Quads, Glutes",8.5,"HIIT, Plyometrics",168
2205,FYR Sprawl Frog Kick,"The sprawl frog kick is an explosive bodyweight exercise that targets multiple muscle groups across the upper and lower body. It is similar to a traditional sprawl, but with an extra hop in the middle of each rep. It can be performed for time or reps in any fat-loss or athleticism-focused circuit or workout.",Full Body,9.5,"Fitness, HIIT",168
2206,Jump squat-,"The jump squat is an explosive bodyweight exercise targeting the quads, hamstrings, and glutes. It is also a serious cardiovascular challenge when done for reps. It can be performed as a power exercise to build jumping power, or in any fat-loss or athleticism-focused workout.","Legs, Quads, Glutes",8.0,"HIIT, Plyometrics",168
2207,FYR Sprinter Burpee,The FYR sprinter burpee is a burpee with a sprinter start.,Full Body,10.5,"Cardio, HIIT",168
2208,Single-leg burpee,"The single-leg burpee is an advanced variation of the burpee exercise that involves performing all parts of the sequence with one leg at a time. It is usually performed alternating legs with each rep, but could be performed one side at a time. Performing one leg at a time increases the challenge to all parts of the body, especially the working leg, core, and shoulders.",Full Body,11.5,"Calisthenics, HIIT",192
2209,FYR Gorilla Squat,"The gorilla squat is a bodyweight sequence that combines two reverse lunges and a bodyweight squat. It could also be performed with dumbbells, kettlebells, or other weights. It targets most of the muscles of the lower body, including the quads, glutes, and hamstrings. It can be performed for time or reps in the lower-body portion of any workout.","Legs, Quads, Glutes",5.0,"Circuit Training, Fitness",120
2210,Banded compass jump squat,"The banded compass jump squat is an explosive squat variation performed with a band around the thighs just above the knees. This increases muscle activation in the hips and glutes, while the squat targets the quads, hamstrings, and glutes. The landing for each jump is a 90-degree rotation from the starting position. The banded compass jump squat can be performed for low reps as a power-focused exercise, or for higher reps to build muscle in the lower body, challenge conditioning, and burn fat.","Legs, Glutes, Obliques, Quads",8.5,"Agility Training, HIIT, Plyometrics",144
2211,In-out sprawl,"The in-out sprawl is a full-body movement that combines elements of a plank and a sprawl. It demands an explosive full-body jump from a plank position. It is a challenging move that trains balance, core strength, and many muscle groups, making it work well in a time-efficient bodyweight circuit workout.",Full Body,9.0,"Fitness, HIIT",168
2212,Knee-tuck kick-up,"The knee-tuck kick-up is a bodyweight movement that targets the muscles of the abs, the rectus abdominis or ""six-pack"" muscles in particular. It can be performed for time or reps in the ab-focused portion of any workout.",Abs,4.0,Calisthenics,144
2213,Bear crawl donkey kick,"The bear crawl donkey kick is a more advanced version of the bear crawl exercise that adds a donkey kick. It adds an extra coordination and shoulder challenge to an already intense full-body movement that targets the cardiovascular system as well as a wide range of muscle groups, the shoulders, core, and legs in particular. It can be done as a full-body warm-up, in short bursts for power or circuit training, or for longer durations as cardiovascular conditioning.","Full Body, Glutes, Shoulders, Abs",8.0,"Animal Flow, Fitness",168
2214,Southpaw sprawl with push-up,"The southpaw sprawl with push-up is a full-body movement that combines elements of a plank and a sprawl, with the addition of a push-up. It also has a rotational component, with a jumping leg-cross and torso twist in a straight-arm plank position. It is a challenging move that trains balance, core strength, and many muscle groups, making it work well in a time-efficient bodyweight circuit workout.",Full Body,9.8,"Fitness, HIIT, Martial Arts",168
2215,Bouncing lunge,"The bouncing lunge is a bodyweight movement targeting the quads. It can be performed either for time or reps, and is often included as part of a fat-loss or athleticism-focused circuit workout.","Quads, Legs",5.0,Circuit Training,120
2216,Bodyweight Squat - Gethin Variation,"The bodyweight squat is a fundamental exercise that strengthens the quads, glutes, and hamstrings. It can be performed as part of a dynamic warm-up, for time or reps during a workout, or for hip and spine mobility any time.","Quads, Glutes, Hamstrings, Legs",3.5,Fitness,96
2217,FYR Alternating Lunge,"The forward lunge is a lower-body bodyweight exercise targeting the quads, glutes, and hamstrings. It can also be performed holding dumbbells or other weights. The forward lunge places more emphasis on the quads than other lunge variations. It can be performed for time or reps in the lower-body portion of any workout.","Quads, Glutes, Legs",4.0,Fitness,120
2218,Bodyweight Walking Lunge - Gethin Variation,"The walking lunge is a lower-body exercise that targets the glutes, quads, and hamstrings while challenging stability and balance. It can be performed for reps, time, or distance in the lower-body portion of any workout.","Quads, Glutes, Hamstrings, Legs",4.5,Fitness,120
2219,Seated Quad Contraction,The seated quad contraction is an isometric quad exercise.,Quads,1.5,Rehabilitation,84
2220,HM Squat with Alternating Leg Extension,The HM squat with alternating leg extension is a squat with a leg extension at the top.,"Quads, Legs",4.0,Fitness,120
2221,HM Air Squat,The HM air squat is a bodyweight squat.,"Quads, Glutes, Legs",3.5,Fitness,96
2222,HM Alternating Jump Lunge,The HM alternating jump lunge is a plyometric lunge.,"Legs, Quads, Glutes",8.5,"HIIT, Plyometrics",168
2223,HM Alternating Lunge-In-Place,The HM alternating lunge-in-place is a stationary lunge.,"Legs, Quads, Glutes",4.0,Fitness,120
2224,HM Alternating Side Lunge,The HM alternating side lunge is a lateral lunge.,"Inner Thighs, Glutes, Quads, Legs",4.0,Fitness,120
2225,HM Sumo Pulse,The HM sumo pulse is a sumo squat with pulsing movements.,"Glutes, Inner Thighs, Quads",4.0,"Barre, Pilates",120
2226,HM Sumo Squat,The HM sumo squat is a wide-stance squat.,"Glutes, Inner Thighs, Quads",3.5,Fitness,120
2227,HM Alternating Side-Kick,The HM alternating side-kick is a martial arts-inspired kick.,"Glutes, Legs",5.0,Martial Arts,120
2228,HM Tuck-Up Burpee,The HM tuck-up burpee is a burpee with a tuck jump.,Full Body,11.0,HIIT,192
2229,HM Bear Crawl,The HM bear crawl is a primal movement exercise.,Full Body,7.5,Fitness,120
2230,HM Bear Stance Fire Hydrant,The HM bear stance fire hydrant is a glute exercise from a bear crawl position.,"Glutes, Abs",4.5,"Animal Flow, Fitness",120
2231,HM Walking Frankenstein,The HM walking Frankenstein is a dynamic stretch for the hamstrings.,Hamstrings,3.0,Mobility,84
2232,HM Walking Hip Stretch,The HM walking hip stretch is a dynamic hip stretch.,"Hip Flexors, Glutes",2.5,Mobility,84
2233,HM Wide Jump Squat,The HM wide jump squat is a plyometric squat with a wide stance.,"Glutes, Inner Thighs, Quads, Legs",8.0,"HIIT, Plyometrics",168
2234,HM Boxer Shuffle,The HM boxer shuffle is a cardio and coordination drill.,"Full Body, Calves",6.0,"Boxing, Mobility",96
2235,HM Running Lunge,The HM running lunge is a dynamic lunge.,"Legs, Quads, Glutes",6.0,Cardio,144
2236,HM Bulgarian Split Squat On Chair,The HM Bulgarian split squat on a chair is a Bulgarian split squat using a chair.,"Quads, Glutes, Legs",4.5,"Home Workouts, Strength Training",144
2237,HM Burpee,The HM burpee is a classic full-body exercise.,Full Body,9.0,"Cardio, HIIT",168
2238,HM Butterfly,The HM butterfly is a groin stretch.,Inner Thighs,1.5,"Mobility, Yoga",72
2239,HM Alternating Lunge Push-Up,The HM alternating lunge push-up is a compound exercise.,Full Body,6.0,Fitness,144
2240,HM Comet,"The HM comet is likely a dynamic, explosive movement.",Full Body,8.0,HIIT,168
2241,HM Couch Stretch,The HM couch stretch is a deep hip flexor and quad stretch.,"Quads, Hip Flexors",2.0,Mobility,84
2242,HM Down Up,The HM down up is a burpee without the push-up.,Full Body,8.5,HIIT,168
2243,HM Duck Walk,The HM duck walk is a lower body exercise in a low squat.,"Quads, Glutes, Legs",5.0,Fitness,120
2244,HM Fragon,"The HM fragon is likely a dynamic, full-body movement.",Full Body,7.5,"Animal Flow, Fitness",168
2245,HM Frankenstein,The HM Frankenstein is a dynamic hamstring stretch.,Hamstrings,3.0,Mobility,84
2246,HM Single-Leg Squat on Chair,The HM single-leg squat on a chair is a pistol squat to a chair.,"Quads, Glutes, Legs",4.8,"Home Workouts, Strength Training",144
2247,HM Single-Leg Touchdown,The HM single-leg touchdown is a single-leg squat where you touch the ground.,"Quads, Glutes, Legs",5.0,"Agility Training, Fitness",144
2248,HM Speed Skater,The HM speed skater is a lateral plyometric exercise.,"Legs, Glutes, Inner Thighs",8.0,"HIIT, Plyometrics",144
2249,HM Squat Jump,The HM squat jump is a standard plyometric squat.,"Legs, Quads, Glutes",8.0,"HIIT, Plyometrics",168
2250,HM Squat Lunge,The HM squat lunge is a compound lower body exercise.,"Legs, Quads, Glutes",6.0,Circuit Training,144
2251,HM Garland Pose,The HM garland pose is a deep squat yoga pose.,"Hip Flexors, Inner Thighs, Legs",2.0,"Mobility, Yoga",84
2252,HM High Knees,The HM high knee is a classic cardio drill.,"Hip Flexors, Full Body",8.0,Cardio,84
2253,HM In-And-Out Squat,The HM in-and-out squat is a squat with a change in foot position.,"Legs, Quads, Glutes",4.5,Fitness,120
2254,HM In-And-Out Squat Jump,The HM in-and-out squat jump is a plyometric squat with a change in foot position.,"Legs, Quads, Glutes, Inner Thighs",8.2,"HIIT, Plyometrics",168
2255,HM Jumping Jack,The HM jumping jack is a standard jumping jack.,Full Body,8.0,Cardio,84
2256,HM Jumping Knee-Up,The HM jumping knee-up is a plyometric exercise.,"Legs, Hip Flexors",8.0,Plyometrics,144
2257,HM Jumping Rope,The HM jumping rope is a classic cardio exercise.,"Full Body, Calves",11.8,"Boxing, Cardio",84
2258,HM Right Calf-Spike Sumo Pulse,The HM right calf-spike sumo pulse is a sumo squat with a focus on the right calf.,"Glutes, Inner Thighs, Calves, Legs",4.2,"Barre, Pilates",120
2259,HM Reverse Lunge with Kick,The HM reverse lunge with kick is a reverse lunge with a front kick.,"Legs, Glutes, Quads",5.5,"Fitness, Martial Arts",120
2260,HM Left Knee-Up,The HM left knee-up is a dynamic warm-up.,"Hip Flexors, Full Body",4.0,Mobility,84
2261,HM Left-Leg Lunge And Kick-Out,The HM left-leg lunge and kick-out is a lunge with a kick.,"Legs, Quads, Glutes",5.5,Fitness,120
2262,HM Mountain Pose,The HM mountain pose is a foundational yoga pose.,Full Body,1.5,Yoga,72
2263,HM Butt Kickers,The HM butt kicker is a dynamic warm-up.,"Hamstrings, Quads",6.0,"Cardio, Mobility",84
2264,HM Right-Leg Lunge And Kick-Out,The HM right-leg lunge and kick-out is a lunge with a kick.,"Legs, Quads, Glutes",5.5,Fitness,120
2265,HM Sumo Get-Up,The HM sumo get-up is a get-up from a sumo squat position.,Full Body,7.0,Fitness,144
2266,AM Jump Squat,"The jump squat is an explosive bodyweight exercise targeting the quads, hamstrings, and glutes. It is also a serious cardiovascular challenge when done for reps. It can be performed as a power exercise to build jumping power, or in any fat-loss or athleticism-focused workout.","Legs, Quads, Glutes",8.0,"HIIT, Plyometrics",168
2267,AM Bodyweight Squat,"The bodyweight squat is a fundamental exercise that strengthens the quads, glutes, and hamstrings. It can be performed as part of a dynamic warm-up, for time or reps during a workout, or for hip and spine mobility any time.","Quads, Glutes, Hamstrings, Legs",3.5,Fitness,96
2268,High knees sprawl drill,"The high knees sprawl drill is a full-body, cardio and strength-focused exercise. It can be performed for reps or time in a fast-paced circuit or other workout.",Full Body,10.0,"Cardio, HIIT",168
2269,UP Bulgarian Split Squat,"The dumbbell Bulgaria split squat is a single-leg exercise targeting the quads, glutes, and hamstrings.","Quads, Glutes, Legs",5.0,Strength Training,168
2270,UN Forward Lunge,The UN forward lunge is a standard forward lunge.,"Quads, Glutes, Legs",4.0,Fitness,120
2271,UN Front Foot Elevated Split Squat,The UN front foot elevated split squat is a split squat with the front foot elevated.,"Quads, Glutes, Legs",5.0,Strength Training,168
2272,UNS Half-Kneeling Hip Flexor Stretch,The UNS half-kneeling hip flexor stretch is a hip flexor stretch.,Hip Flexors,1.8,Mobility,84
2273,UNS Low Depth Jump,The UNS low depth jump is a plyometric drill.,Legs,8.0,Plyometrics,168
2274,UNS Forward-To-Reverse Lunge,The UNS forward-to-reverse lunge is a lunge that combines a forward and reverse lunge.,"Legs, Quads, Glutes",5.5,Fitness,120
2275,Holman Towel Squat Thrust,The Holman towel squat thrust is a squat thrust with a towel.,Full Body,8.5,"HIIT, Home Workouts",168
2276,Holman Towel Alternating Prisoner Squat,The Holman towel alternating prisoner squat is a prisoner squat with a towel.,"Quads, Glutes, Abs, Legs",4.5,Home Workouts,120
2277,Holman Towel Alternating Lateral Lunge,The Holman towel alternating lateral lunge is a lateral lunge with a towel.,"Inner Thighs, Glutes, Quads, Legs",4.5,Home Workouts,120
2278,Holman Squat Pull-Through Jump,The Holman squat pull-through jump is a complex lower body exercise.,"Full Body, Legs, Glutes",8.5,"Fitness, HIIT",168
2279,Holman 180 Jump,The Holman 180 jump is a plyometric jump with a 180-degree turn.,Legs,8.2,"Agility Training, Plyometrics",144
2280,Holman Foot-Elevated Knee-Up to Squat,The Holman foot-elevated knee-up to squat is a compound lower body exercise.,"Legs, Quads, Glutes",5.5,Fitness,144
2281,Holman Feet-Elevated Squat Thrust,The Holman feet-elevated squat thrust is a squat thrust with feet elevated.,Full Body,9.0,HIIT,168
2282,Holman Hands-Elevated Lunge Jump,The Holman hands-elevated lunge jump is a lunge jump with hands elevated.,"Legs, Quads, Glutes",8.0,"HIIT, Plyometrics",144
2283,Holman Hands-Elevated Jack to Split Jump,The Holman hands-elevated jack to split jump is a plyometric drill.,Legs,8.2,"HIIT, Plyometrics",144
2284,Holman Hands-Elevated Wide Squat Thrust,The Holman hands-elevated wide squat thrust is a squat thrust with hands elevated.,Full Body,8.0,HIIT,144
2285,Holman Hands-Elevated Squat Thrust to Split Jack,The Holman hands-elevated squat thrust to split jack is a compound conditioning exercise.,Full Body,8.8,HIIT,144
2286,Holman Squat Jump,The Holman squat jump is a standard squat jump.,"Legs, Quads, Glutes",8.0,"HIIT, Plyometrics",168
2287,Holman Squat Pulse,The Holman squat pulse is a squat with pulsing movements.,"Quads, Glutes, Legs",4.0,"Barre, Pilates",120
2288,Holman Jump-Out Push-Up,The Holman jump-out push-up is a plyometric push-up.,"Chest, Triceps, Shoulders",8.0,Plyometrics,168
2289,Holman Alternating Forward Lunge,The Holman alternating forward lunge is a standard forward lunge.,"Quads, Glutes, Legs",4.0,Fitness,120
2290,Holman Burpee to Jump,The Holman burpee to jump is a standard burpee.,Full Body,9.0,HIIT,168
2291,Holman Pilates Single-Leg Stretch,The Holman Pilates single-leg stretch is a Pilates core exercise.,Abs,3.0,Pilates,96
2292,Holman Alternating Reverse Prisoner Lunge,The Holman alternating reverse prisoner lunge is a reverse lunge with hands behind the head.,"Legs, Glutes, Abs",4.5,Fitness,120
2293,Holman Narrow-Wide Squat Jump to 180 Jump,The Holman narrow-wide squat jump to 180 jump is a plyometric complex.,"Legs, Quads, Glutes, Obliques",8.8,"HIIT, Plyometrics",168
2294,Holman 180 Jump to Lunge,The Holman 180 jump to lunge is a plyometric complex.,Legs,8.5,"Agility Training, HIIT",168
2295,Holman Imaginary Jump Rope,The Holman imaginary jump rope is air jump rope.,"Full Body, Calves",11.0,Mobility,84
2296,Holman Fast Feet with Hands Up,The Holman fast feet with hands up is a conditioning drill.,"Full Body, Legs",7.0,Cardio,96
2297,Holman Hands-Elevated Alternating Lunge Jump,The Holman hands-elevated alternating lunge jump is a lunge jump with hands elevated.,"Legs, Quads, Glutes",8.0,"HIIT, Plyometrics",144
2298,Holman Right Split Lunge,The Holman right split lunge is a split lunge on the right side.,"Legs, Quads, Glutes",4.0,Strength Training,120
2299,Holman Left Split Lunge,The Holman left split lunge is a split lunge on the left side.,"Legs, Quads, Glutes",4.0,Strength Training,120
2300,Holman Plyometric Jump,The Holman plyometric jump is a general plyometric jump.,Legs,8.0,Plyometrics,168
2301,Holman Quad Touch Jump,The Holman quad touch jump is a plyometric jump where you touch your quads.,"Legs, Quads",8.0,Plyometrics,168
2302,Holman Skate,The Holman skate is a lateral plyometric exercise.,"Legs, Glutes, Inner Thighs",8.0,Plyometrics,144
2303,Holman Lunge Jump,The Holman lunge jump is a standard lunge jump.,"Legs, Quads, Glutes",8.5,"HIIT, Plyometrics",168
2304,Holman Flying Squat Thrust,The Holman flying squat thrust is an explosive squat thrust.,Full Body,9.0,HIIT,168
2305,Holman 90-Degree Jump,The Holman 90-degree jump is a plyometric jump with a 90-degree turn.,"Legs, Obliques",8.0,"Agility Training, Plyometrics",144
2306,Holman Half Jack to 180 Jump,The Holman half jack to 180 jump is a plyometric complex.,Full Body,8.2,HIIT,144
2307,Holman Quick Feet to Quad Touch Jump,The Holman quick feet to quad touch jump is a conditioning drill.,"Full Body, Legs",8.5,"Cardio, HIIT",144
2308,Holman Squat Thrust to Push-Up to Super Woman,The Holman squat thrust to push-up to super woman is a complex bodyweight exercise.,Full Body,9.5,"Fitness, HIIT",168
2309,Holman Plyometric Jump to 180 Jump,The Holman plyometric jump to 180 jump is a plyometric complex.,Legs,8.5,"HIIT, Plyometrics",168
2310,Holman Standing Heel Click to Hands Down Heel Click,The Holman standing heel click to hands down heel click is a plyometric complex.,"Legs, Calves",7.5,Plyometrics,144
2311,Holman Burpee to 180 Jump,The Holman burpee to 180 jump is a burpee with a 180-degree jump.,Full Body,9.5,HIIT,168
2312,Holman Traveling Low Jack to Belly Touch,The Holman traveling low jack to belly touch is a conditioning drill.,Full Body,8.2,HIIT,144
2313,Holman Flying Squat Thrust to Shoulder Tap,The Holman flying squat thrust to shoulder tap is a compound conditioning exercise.,"Full Body, Abs, Shoulders",9.2,"Fitness, HIIT",168
2314,Holman Squat Jump to Alternating Side Lunge Jump,The Holman squat jump to alternating side lunge jump is a plyometric complex.,"Legs, Glutes, Quads, Inner Thighs",8.8,"HIIT, Plyometrics",168
2315,Holman Low Squat with Low Diagonal Dumbbell Punch,The Holman low squat with low diagonal dumbbell punch is a compound exercise.,"Legs, Obliques, Shoulders",6.0,"Boxing, Fitness",168
2316,Holman Right Leg Hop to Right Reverse Lunge,The Holman right leg hop to right reverse lunge is a plyometric complex.,Legs,6.5,"Fitness, Plyometrics",144
2317,Holman Left Leg Hop to Left Reverse Lunge,The Holman left leg hop to left reverse lunge is a plyometric complex.,Legs,6.5,"Fitness, Plyometrics",144
2318,Holman Burpee to Open Stance,The Holman burpee to open stance is a burpee with a wide stance at the top.,Full Body,9.0,HIIT,168
2319,Holman Diagonal Squat Thrust to Renegade Forward Punch,The Holman diagonal squat thrust to renegade forward punch is a compound conditioning exercise.,Full Body,9.5,"Fitness, HIIT",168
2320,Holman Bear Crawl,The Holman bear crawl is a standard bear crawl.,Full Body,7.5,"Animal Flow, Fitness",120
2321,Holman Bear Crawl to Donkey Kick,The Holman bear crawl to donkey kick is a compound primal movement.,"Full Body, Glutes, Shoulders",8.0,Animal Flow,168
2322,Holman Bear Crawl to Froggy Push-Up,The Holman bear crawl to froggy push-up is a compound primal movement.,"Full Body, Chest, Triceps, Legs",8.0,Animal Flow,168
2323,Holman Bear Crawl to Shoulder Tap,The Holman bear crawl to shoulder tap is a compound primal movement.,"Full Body, Abs, Shoulders",6.0,Animal Flow,144
2324,Holman Burpee to Tuck Jump,The Holman burpee to tuck jump is a burpee with a tuck jump.,Full Body,11.0,"HIIT, Plyometrics",192
2325,Holman Burpee to Flying Squat Thrust to Tuck Jump,The Holman burpee to flying squat thrust to tuck jump is a complex conditioning move.,Full Body,12.0,"Calisthenics, HIIT",192
2326,Holman Forward Lunge to Reverse Lunge,The Holman forward lunge to reverse lunge is a lunge complex.,"Legs, Quads, Glutes",5.5,Fitness,120
2327,Holman Renegade Lunge Jump,The Holman renegade lunge jump is a lunge jump with an arm swing.,"Legs, Full Body",8.8,"Fitness, HIIT",168
2328,Holman Squat Jump to Lunge Jump,The Holman squat jump to lunge jump is a plyometric complex.,"Legs, Quads, Glutes",8.8,"HIIT, Plyometrics",168
2329,Holman Prisoner Reverse Lunge,The Holman prisoner reverse lunge is a reverse lunge with hands behind the head.,"Legs, Glutes, Abs",4.5,Fitness,120
2330,Holman Wide-to-Narrow Squat Jump,The Holman wide-to-narrow squat jump is a plyometric squat.,"Legs, Quads, Glutes",8.2,"HIIT, Plyometrics",168
2331,Holman Donkey Run,The Holman donkey run is a dynamic cardio exercise.,Full Body,8.0,"Fitness, HIIT",168
2332,Holman Weighted Wide-to-Narrow Squat Jump,The Holman weighted wide-to-narrow squat jump is a plyometric squat with weight.,"Legs, Quads, Glutes",8.8,"HIIT, Plyometrics",168
2333,Holman Wide-to-Narrow Donkey Kick,The Holman wide-to-narrow donkey kick is a dynamic glute exercise.,"Glutes, Legs",4.5,Fitness,120
2334,Holman Mule Kick,The Holman mule kick is a plyometric exercise.,"Legs, Glutes",8.0,"Calisthenics, Gymnastics",168
2335,Holman Goal Post to Squat,The Holman goal post to squat is a squat with a specific arm position.,"Legs, Shoulders",4.0,"Fitness, Mobility",120
2336,Holman Frogger Squat to Heel Click,The Holman frogger squat to heel click is a plyometric exercise.,Legs,8.0,"HIIT, Plyometrics",168
2337,Holman Stair Sprint,The Holman stair sprint is a conditioning exercise.,Legs,12.0,"Cardio, HIIT",144
2338,Holman Stair Bear Crawl,The Holman stair bear crawl is a bear crawl on stairs.,Full Body,8.5,Fitness,144
2339,Holman Burpee to Flying Squat Thrust,The Holman burpee to flying squat thrust is a compound conditioning exercise.,Full Body,11.0,HIIT,192
2340,Holman Flying Squat Thrust to Push-Up,"The Flying Squat Thrust to Push-Up is an explosive, full-body exercise. It combines a squat, a thrust of the legs back, a push-up, and a jump, targeting the legs, chest, shoulders, and core.","Full Body, Chest, Legs",9.5,"Fitness, HIIT",168
2341,Holman Foot-Elevated Step-To-Lunge,"The Foot-Elevated Step-To-Lunge is a lower-body exercise that targets the quads, glutes, and hamstrings. Elevating the back foot increases the load on the front leg.","Legs, Quads, Glutes",5.0,Strength Training,144
2342,Holman Split Lunge,"The Split Lunge is a variation of the lunge performed statically, without stepping forward or backward. It targets the quads and glutes and is great for improving balance and stability.","Legs, Quads, Glutes",4.0,Strength Training,120
2343,Holman Stair Climb,"The Stair Climb is a functional exercise that improves cardiovascular fitness and leg strength. It targets the quads, glutes, and calves.","Legs, Glutes, Quads",8.0,Cardio,96
2344,Holman Burpee with Flying Jack,"The Burpee to Flying Jack is a high-intensity, full-body exercise that combines a burpee with an explosive jumping jack. It is excellent for improving cardio and burning calories.",Full Body,10.5,HIIT,168
2345,Holman Right Reverse Lunge,The Right Reverse Lunge is a lower-body exercise that targets the right glute and quadriceps. Reverse lunges are generally easier on the knees compared to forward lunges.,"Legs, Quads, Glutes",4.0,Strength Training,120
2346,Holman Left Reverse Lunge,"The Left Reverse Lunge is a lower-body exercise that targets the left glute and quadriceps. It helps develop strength, balance, and stability in the lower body.","Legs, Quads, Glutes",4.0,Strength Training,120
2347,Holman Squat Tap to Hop,"The Squat Tap to Hop is a plyometric exercise that improves the explosive power of the legs. It involves performing a squat, touching the floor, and then an explosive hop.","Legs, Quads, Glutes",8.0,"HIIT, Plyometrics",168
2348,Holman Squat Tap to Jump-Forward-Jump-Back,"The Squat Tap to Jump-Forward-Jump-Back is a dynamic exercise that challenges the coordination and power of the legs. It combines a squat with horizontal jumps, working the entire body.","Legs, Full Body",8.5,"HIIT, Plyometrics",168
2349,Holman Squat Hip Drive,The Squat Hip Drive is a squat variation that focuses on using the glutes and hamstrings to generate power. It is great for developing strength in the posterior chain.,"Glutes, Hamstrings, Quads",4.5,Strength Training,120
2350,Holman Alternating Double Lunge Hop,"The Alternating Double Lunge Hop is a plyometric leg exercise. It involves performing two pulsing lunges on one leg, followed by an explosive hop and switching legs.","Legs, Quads, Glutes",8.8,"HIIT, Plyometrics",168
2351,Holman Right Reverse Lunge to Front Kick,The Right Reverse Lunge to Front Kick is a dynamic exercise that combines strength and balance. It targets the glutes and quads while improving stability and coordination.,"Legs, Glutes, Quads",5.5,"Fitness, Martial Arts",120
2352,Holman Right Leg Forward Lunge Hop,The Right Leg Forward Lunge Hop is an explosive exercise that targets the right leg. It helps to develop power and strength in the lower body.,"Legs, Quads, Glutes",8.5,Plyometrics,168
2353,Holman Right Squat Thrust,"The Right Squat Thrust is a full-body exercise that focuses on one side. It involves going from a standing position to a plank by thrusting the right leg back, and then returning to the start.",Full Body,8.5,HIIT,168
2354,Holman Left Reverse Lunge to Front Kick,"The Left Reverse Lunge to Front Kick is an exercise that combines a lunge for leg strength with a kick for balance and control. It targets the glutes, quads, and hip flexors.","Legs, Glutes, Quads",5.5,"Fitness, Martial Arts",120
2355,Holman Left Leg Forward Lunge Hop,The Left Leg Forward Lunge Hop is a plyometric exercise that targets the left leg. It helps to build explosive strength and improve athletic performance.,"Legs, Quads, Glutes",8.5,Plyometrics,168
2356,Holman Left Side Diagonal Burpee,The Left Side Diagonal Burpee is a variation of the traditional burpee that adds a rotational element. It challenges coordination and targets the obliques to a greater degree.,"Full Body, Obliques",9.2,HIIT,168
2357,Holman Left Squat Thrust,"The Left Squat Thrust is a full-body exercise that focuses on the left side. It is great for improving strength, endurance, and coordination.",Full Body,8.5,HIIT,168
2358,Holman Wide Squat Thrust,The Wide Squat Thrust is a variation of the squat thrust where the feet are placed in a wider stance. This targets the inner thighs and glutes more.,"Full Body, Inner Thighs",8.5,HIIT,168
2359,Holman Alternating Single-Leg Hop to Squat to 180 Jump,"The Alternating Single-Leg Hop to Squat to 180 Jump is a complex plyometric exercise. It improves balance, explosive power, and coordination.","Legs, Full Body",9.0,"Agility Training, Plyometrics",168
2360,Holman Right Lunge Hop to Chest Press,The Right Lunge Hop to Chest Press is an exercise that combines a lower and upper body movement. It is great for a full-body workout and improving coordination.,"Full Body, Legs, Chest",9.2,"Fitness, HIIT",168
2361,Holman Left Lunge Hop to Overhead Press,The Left Lunge Hop to Overhead Press is an exercise that combines a lunge for leg strength with an overhead press for the shoulders. It is effective for a full-body workout and increasing heart rate.,"Full Body, Legs, Shoulders",9.2,"Fitness, HIIT",168
2362,Holman 180 Jump Hop Forward Hop Back,The 180 Jump Hop Forward Hop Back is a dynamic exercise that challenges coordination and explosiveness. It is great for improving agility and cardiovascular fitness.,"Legs, Full Body",8.8,"Agility Training, Plyometrics",168
2363,Holman Right Split Squat,"The Right Split Squat, also known as a Bulgarian split squat, is a lower-body exercise that targets the right leg. The rear foot is elevated on a support, which increases the load.","Legs, Quads, Glutes",4.5,Strength Training,144
2364,Holman Left Split Squat,The Left Split Squat is a leg strength exercise that focuses on the left leg. It helps to correct muscle imbalances and improve stability.,"Legs, Quads, Glutes",4.5,Strength Training,144
2365,Holman Double Squat Pulse to 180 Jump,The Double Squat Pulse to 180 Jump is a plyometric exercise that combines strength and explosiveness. The pulses at the bottom of the squat increase time under tension.,"Legs, Quads, Glutes",8.8,"HIIT, Plyometrics",168
2366,Holman Towel Left Side Squat,The Towel Left Side Squat is a lower-body exercise that targets the inner and outer thighs. Using a towel under one foot allows for a smooth slide to the side.,"Inner Thighs, Glutes, Quads, Legs",4.5,Home Workouts,120
2367,Holman Alternating Lunge Jump,"Alternating Lunge Jumps are a high-intensity plyometric exercise. They involve explosively switching legs from a lunge position, improving leg power and cardio.","Legs, Quads, Glutes",8.5,"HIIT, Plyometrics",168
2368,Holman Lunge Jump to Squat Jump,The Lunge Jump to Squat Jump is a complex plyometric exercise. It combines two explosive movements for maximum lower-body engagement.,"Legs, Quads, Glutes",8.8,"HIIT, Plyometrics",168
2369,Holman Burpee with Belly Touch,"The Burpee with Belly Touch is a variation of the burpee that ensures a full range of motion in the push-up. It is a high-intensity, full-body exercise.",Full Body,9.2,HIIT,168
2370,Bootstrapper squat,"The bootstrapper squat is a movement that improves mobility, muscular strength, and flexibility in the hips and hamstrings. It is usually performed as part of a dynamic warm-up for the lower body to mobilize the hips and improve squat form.","Hamstrings, Glutes, Hip Flexors",3.0,Mobility,84
2371,Total Fitness Broad Jump,"The broad jump is an explosive lower-body exercise. It is a common way to measure explosive hip and lower-body strength in athletes. The more explosive you are, the farther you'll be able to jump.","Legs, Glutes",8.0,"Athletics, Plyometrics",144
2372,Total Fitness Lateral Lunge,"The lateral lunge is a lower-body bodyweight movement that works the quads, glutes, and hamstrings. It can also be performed holding dumbbells or other weights. It is often performed for reps as part of a dynamic warm-up or mobility routine but can also work in a circuit or other workouts.","Inner Thighs, Glutes, Quads, Legs",4.0,Fitness,120
2373,Lateral shuffle,"The lateral shuffle is a common exercise in sports training and gym classes. It involves taking steps to one side and then steps to the other side. It can be performed as part of a circuit for athletes of any level, but is also a great movement for beginners.",Legs,7.0,"Agility Training, Cardio",96
2374,Total Fitness Skip,"The skip is an exercise that builds power and explosiveness in the legs. It's commonly performed by children and in gym classes, but is also great for working the legs and hip flexors, making it a favorite warm-up for athletes who need to explode vertically.","Legs, Hip Flexors",6.0,Mobility,72
2375,Total Fitness Spider Lunge,"The spider lunge stretch is a lower-body stretch targeting the hips, groin, and quads. It can be part of a dynamic warm-up or mobility work performed anytime.","Hip Flexors, Glutes, Inner Thighs",2.5,Mobility,84
2376,Spider lunge stretch,"The spider lunge stretch is a lower-body stretch targeting the hips, groin, and quads. It can be part of a dynamic warm-up or mobility work performed anytime.","Hip Flexors, Glutes, Inner Thighs",2.5,Mobility,84
2377,Spider lunge with T-rotation,"The spider lunge with T-rotation is an exercise that produces a deep stretch in the glutes and hamstrings while also rotating and mobilizing the thoracic spine region. It is a great movement to include in a dynamic warm-up, or as mobility work anytime.","Full Body, Hip Flexors, Glutes, Obliques, Back",3.0,"Mobility, Yoga",84
2378,Standing quad stretch,"The standing quad stretch is a simple exercise designed to stretch the quadriceps, the big muscles that cover most of the thighs. This is a static stretch, meaning it’s usually performed by holding the stretched position for a certain length of time.",Quads,1.5,Mobility,72
2379,Vertical jump,"The vertical jump is an explosive lower-body exercise that is a common way to measure explosive hip and lower-body strength in athletes. The more explosive you are, the higher you'll be able to jump.","Legs, Glutes, Quads, Calves",8.5,"Athletics, Basketball, Plyometrics, Volleyball",144
2380,King Maker Burpee,"The burpee is a high-intensity exercise that recruits the entire body to build strength and aerobic capacity. It is common in CrossFit workouts and group fitness classes, but can also be performed for time or reps in any fat-loss or athleticism-focused circuit or workout.",Full Body,9.0,HIIT,168
2381,King Maker Explosive High Jump,"The tuck jump is a vertical jump, an explosive lower-body exercise that is a common way to measure explosive hip and lower-body strength in athletes. The more explosive you are, the higher you'll be able to jump.","Legs, Glutes, Quads",8.5,Plyometrics,168
2382,Muscle Beach Skip,The Muscle Beach Skip is a dynamic warm-up exercise that improves coordination and increases heart rate. It involves high knees and rhythmic skipping.,Full Body,6.0,Mobility,84
2383,Muscle Beach Broad Jump,"The Muscle Beach Broad Jump is an explosive lower-body exercise that targets the glutes, quads, and hamstrings. It is great for developing power.","Legs, Glutes",8.0,Plyometrics,144
2384,Muscle Beach Sprint,"The Muscle Beach Sprint is a high-intensity exercise that improves speed, power, and cardiovascular fitness. It is a staple in athletic training.",Full Body,12.0,Athletics,144
2385,Muscle Beach Front Kick,"The Muscle Beach Front Kick is an exercise that targets the quads, hip flexors, and core. It improves balance, flexibility, and strength.","Quads, Hip Flexors, Abs",5.0,Martial Arts,120
2386,Muscle Beach Side Kick,"The Muscle Beach Side Kick is an exercise that targets the glutes, outer thighs, and obliques. It improves strength, balance, and flexibility.","Glutes, Inner Thighs, Obliques",5.0,Martial Arts,120
2387,Muscle Beach Spin Kick,"The Muscle Beach Spin Kick is an advanced martial arts move that requires coordination, balance, and flexibility. It generates significant power through the rotation of the body.",Full Body,6.5,Martial Arts,168
2388,Muscle Beach Freestyle Kick,The Muscle Beach Freestyle Kick is a creative and dynamic exercise that allows for freedom of movement. It can include a combination of different kicks for a full-body workout.,Full Body,6.0,"Dance, Martial Arts",144
2389,MetaBurn Alternating Curtsy Lunge To Squat,"The Alternating Curtsy Lunge to Squat is a complex lower-body exercise. It targets the glutes, quads, and inner thighs by combining two effective movements.","Glutes, Quads, Inner Thighs, Legs",5.5,"Circuit Training, Fitness",120
2390,MetaBurn Alternating Curtsy Lunge With High Knee,The Alternating Curtsy Lunge with High Knee is a dynamic exercise that adds an element of balance and stability. It targets the glutes and quads while engaging the core.,"Glutes, Quads, Abs, Legs",5.8,"Circuit Training, Fitness",120
2391,MetaBurn Alternating Diagonal Sprawl,"The Alternating Diagonal Sprawl is a dynamic, full-body exercise that improves agility and strength. It involves quickly moving the legs in a diagonal direction from a plank position.",Full Body,9.2,"Fitness, HIIT",168
2392,MetaBurn Alternating Lateral Sprawl,The Alternating Lateral Sprawl is a full-body exercise aimed at improving lateral quickness and strength. It involves rapidly moving the feet to the side from a plank position.,Full Body,9.2,"Fitness, HIIT",168
2393,MetaBurn Curtsy Lunge,The Curtsy Lunge is a lower-body exercise that targets the glutes and inner thighs. It involves stepping diagonally backward as if performing a curtsy.,"Glutes, Inner Thighs, Quads",4.0,Strength Training,120
2394,MetaBurn Frogger,"The Frogger is a plyometric exercise that improves explosive power and agility. It involves jumping from a plank position to a deep squat position, mimicking a frog's leap.","Legs, Glutes, Quads, Full Body",8.0,"Fitness, HIIT",168
2395,MetaBurn High Knee Rotation,High Knee Rotation is a dynamic exercise that raises the heart rate and engages the obliques. It combines traditional high knees with a twisting motion of the torso.,"Obliques, Hip Flexors, Abs",8.0,"Cardio, Mobility",120
2396,MetaBurn Side-To-Side Lunge,"The Side-To-Side Lunge is a lower-body exercise that targets the inner and outer thighs. It involves stepping to the side and bending the knee, while keeping the other leg straight.","Inner Thighs, Glutes, Quads",4.0,Fitness,120
2397,MetaBurn Star Jump,The Star Jump is an explosive plyometric exercise that targets the entire body. It involves jumping into the air while spreading your arms and legs to form a star shape.,Full Body,8.5,"HIIT, Plyometrics",168
2398,MetaBurn Tuck Jump With Knee Slap,The Tuck Jump with Knee Slap is a high-intensity plyometric exercise. It improves explosive power and coordination by involving a high jump while tucking the knees to the chest.,"Legs, Glutes, Quads",8.5,"HIIT, Plyometrics",168
2399,MetaBurn Lateral Bounding Hop,"The Lateral Bounding Hop is a plyometric exercise that improves lateral power and stability. It involves explosive jumps from side to side, landing on one leg.","Legs, Glutes",8.2,"Plyometrics, Sports Performance",144
2400,MetaBurn Double Lunge,The Double Lunge is a lower-body exercise that increases time under tension. It involves performing a forward lunge immediately followed by a reverse lunge with the same leg.,"Legs, Quads, Glutes",5.5,"Circuit Training, Fitness",120
2401,Robertson Sprinter Step-Up,"The Robertson Sprinter Step-Up is an explosive exercise that simulates a sprinter's motion. It targets the glutes and quads, improving power and balance.","Glutes, Quads, Legs",7.5,"Plyometrics, Sports Performance",168
2402,FYR2 Front Kick-Through,"The Front Kick-Through is a dynamic full-body exercise that improves strength, mobility, and athleticism. It involves moving from a quadruped position to a forward kick by passing one leg under the body.",Full Body,7.5,"Animal Flow, Fitness",168
2403,Lunge high-knee clap,"The lunge high-knee clap is a full-body, cardio-based exercise with emphasis on the lower body. It includes a clap under the front leg to make the movement more powerful and strict. It can be performed either for time or reps and is a great inclusion in a fat-loss or athleticism-focused circuit workout.","Full Body, Legs",6.5,"Circuit Training, Fitness",144
2404,FYR2 Plyo Split Squat,The FYR2 plyo split squat is a plyometric split squat.,"Legs, Quads, Glutes",8.5,"HIIT, Plyometrics",168
2405,FYR2 Reverse Burpee,The FYR2 reverse burpee is a burpee in reverse.,"Full Body, Abs",9.0,"Fitness, HIIT",168
2406,FYR2 Reverse Burpee to Regular Burpee,The FYR2 reverse burpee to regular burpee is a burpee complex.,Full Body,11.0,"Calisthenics, HIIT",192
2407,FYR2 Reverse Burpee Tuck Jump,The FYR2 reverse burpee tuck jump is a burpee complex.,Full Body,11.5,"Calisthenics, HIIT",192
2408,FYR2 Sprawlee,The FYR2 sprawlee is a variation of the sprawl or burpee.,Full Body,9.0,"Fitness, HIIT",168
2409,FYR2 Squat Hold,The FYR2 squat hold is an isometric squat.,"Quads, Glutes, Legs",3.5,Strength Training,120
2410,FYR2 Squat Jump,The FYR2 squat jump is a standard squat jump.,"Legs, Quads, Glutes",8.0,Plyometrics,168
2411,FYR2 Squat Pulse,The FYR2 squat pulse is a squat with pulsing movements.,"Quads, Glutes, Legs",4.0,"Barre, Pilates",120
2412,Sprinter burpee,The sprinter burpee is an explosive version of the burpee exercise that adds a sprinter jump to the top of each rep. It can be performed for time or reps in any fat-loss or athleticism-focused circuit or workout.,Full Body,10.5,"Cardio, HIIT",168
2413,Shuttle run training,"Shuttle run training is an athletic conditioning drill that’s great for developing speed and power, as well as changing direction. It’s a favorite of football and basketball players, but it can also be great conditioning work for lifters and athletes of all ability levels.","Legs, Full Body",13.0,"Cardio, HIIT",144
2414,Medicine ball ninja,"The medicine ball ninja is a dynamic medicine ball movement that challenges both the upper and lower body, while also elevating the heart rate. It's a great movement to include in medicine ball or bodyweight circuit training to increase fatigue and burn serious calories while hammering the muscles of the legs.",Full Body,8.5,"Fitness, HIIT",168
2415,FYR Air Ball Plus Medicine Ball Jumping Sprawl,"The medicine ball air ball to jumping sprawl is a series of bodyweight and medicine ball movement strung together into a single sequence. They collectively target virtually every muscle in the body, as well as seriously challenging the cardiovascular system. It can be a single-movement workout if done for high reps, or part of a larger circuit workout.",Full Body,10.0,"Fitness, HIIT",168
2416,Medicine ball cowboy squat,"The medicine ball cowboy squat is an explosive exercise targeting the lower body, although several upper-body muscles play important supporting roles. The move involves performing jumping squats while holding a medicine ball overhead. It's commonly performed as part of a bodyweight and medicine ball circuit focused on fat loss or athleticism.","Legs, Shoulders, Full Body",8.8,"Fitness, HIIT",168
2417,Medicine ball jumping jill,"The medicine ball jumping jill is an explosive medicine ball exercise that is similar to a jumping jack but performed holding a medicine ball between the hands. It can be performed for time or reps in a dynamic warm-up or fat-loss or conditioning circuit, usually paired with other bodyweight or medicine ball movements.",Full Body,8.5,"Cardio, HIIT",144
2418,Alternate Leg Diagonal Bound,The alternate leg diagonal bound is a plyometric drill.,Legs,8.0,"Plyometrics, Sports Performance",144
2419,Sit Squats,Sit squats are squats to a seated position.,"Legs, Quads, Glutes",3.5,"Beginners, Fitness",96
2420,Frog Hops,Frog hops are a plyometric exercise.,"Legs, Glutes, Quads",8.0,Plyometrics,144
2421,Dumbbell lateral hop to sprint,"The dumbbell lateral hop to sprint is a multi-part explosive exercise combining weighted hops with weighted sprinting. Adding dumbbells adds a challenge to the core and shoulders. Because balance can be a challenge, it is usually performed with relatively light weights, often as a component of fat-loss or athletic training.","Full Body, Legs",11.0,"HIIT, Sports Performance",168
2422,Smith machine lunge sprint,"The Smith machine lunge sprint is a lower-body power exercise performed with the bar of a Smith machine on the back. It is similar to an alternating jump lunge or ""scissor lunge,"" but with added weight. The contained bar of the Smith machine makes it safer and less of a balance challenge than using a free weight.","Legs, Quads, Glutes",8.0,"Plyometrics, Sports Performance",192
2423,Sissy squat,"The sissy squat is a bodyweight squat variation that involves letting the knees travel far over the toes, placing an extreme stretch on the quads. This movement targets the quad muscles directly and can be performed in partial or full ranges of motion based on knee health and pain.",Quads,4.0,Bodybuilding,144
2424,Wall ball toss,"The wall ball toss is an explosive full-body exercise utilizing a medicine ball. It involves squatting down, then explosively pressing a weighted ball into the air and catching it on a bounce off of a vertical surface. It is common in CrossFit workouts and can be performed for time or reps.","Full Body, Legs, Shoulders",11.5,"Crossfit, Fitness, HIIT",168
2425,Bosu Ball Squat,The Bosu ball squat is a squat on a Bosu ball for added instability.,"Legs, Abs, Quads, Glutes",4.5,"Balance Training, Fitness",144
2426,Exercise ball Bulgarian split squat,"The exercise ball Bulgarian split squat is an exercise that builds the quads, hamstrings, and glutes one leg at a time. The exercise ball is used to support the trailing shin and foot. Due to the balance challenge, this version of the split squat is usually performed for moderate to high reps with body weight only or light weights in the hands. If balance is a problem, you can stick the ball in the corner of a room while performing the exercise.","Quads, Glutes, Legs",4.8,"Fitness, Home Workouts",144
2427,Internal Rotation with Band,The internal rotation with band is a shoulder health exercise.,Shoulders,2.0,"Baseball, Mobility, Rehabilitation, Tennis",96
2428,Band Pull Apart,"The band pull-apart is an exercise targeting the upper back muscles, including the trapezius, rear delts, and rhomboids. The band creates dynamic tension, allowing you to really focus on contracting these muscles, making it a great activation drill prior to upper-body lifting.","Back, Shoulders, Deltoids",2.5,"Mobility, Rehabilitation, Strength Training",96
2429,Back Flyes - With Bands,Back flyes with bands are a rear deltoid exercise with a band.,"Shoulders, Deltoids, Back",3.0,"Bodybuilding, Home Workouts",144
2430,Lateral Raise - With Bands,The lateral raise with bands is a shoulder exercise with a band.,"Shoulders, Deltoids",3.0,"Bodybuilding, Home Workouts",144
2431,Shoulder Press - With Bands,The shoulder press with bands is a shoulder press with a band.,"Shoulders, Triceps",4.0,"Home Workouts, Strength Training",144
2432,External Rotation with Band,The external rotation with band is a shoulder health exercise.,Shoulders,2.0,"Baseball, Mobility, Rehabilitation, Tennis",96
2433,FYR Band Pull-Apart,The FYR band pull-apart is a shoulder health exercise.,"Shoulders, Back",2.5,Mobility,96
2434,HM Lateral Raise,The HM lateral raise is a standard lateral raise.,"Shoulders, Deltoids",3.0,Bodybuilding,168
2435,Rusin Banded Over-And-Back,The Rusin banded over-and-back is a shoulder mobility exercise.,Shoulders,2.0,Mobility,84
2436,Rusin Banded Face Pull,The Rusin banded face pull is a shoulder health exercise.,"Shoulders, Back, Traps",3.0,"Rehabilitation, Strength Training",120
2437,UP Band Pull-Apart,The UP band pull-apart is a shoulder health exercise.,"Shoulders, Back",2.5,Mobility,96
2438,Jordan Shallow Band-Resisted Thread the Needle,The Jordan Shallow band-resisted thread the needle is a thoracic spine mobility exercise with a band.,"Back, Shoulders, Obliques",2.5,"Mobility, Rehabilitation",84
2439,30 Shoulders Seated Banded Barbell Shoulder Press,The 30 Shoulders seated banded barbell shoulder press is a shoulder press with a band.,"Shoulders, Triceps",5.5,"Bodybuilding, Strength Training",192
2440,Band shoulder press,"The band shoulder press is a deltoid exercise and an alternative to the classic dumbbell shoulder press. The dynamic tension of the band forces the core to stabilize the body and more closely matches the strength curve of the shoulder press. It can be performed in low reps, such as 5-8 reps per set, to build shoulder strength, or for higher reps to build muscle and for conditioning. It can work as the main focus of a shoulder day but is also popular as an accessory movement to the bench press or barbell military press.","Shoulders, Triceps, Abs",4.0,"Home Workouts, Strength Training",144
2441,Band lateral raise,"The band lateral raise is a shoulder exercise that targets the medial or middle head of the deltoid muscle. It's a variation of the dumbbell lateral raise, a staple strength-training move. The band lateral raise is a great option for warm-up or accessory work on upper-body training days. The dynamic tension of the band provides constant tension and matches the strength curve of the movement. It is usually performed for moderate to high reps, at least 8-12 reps, as part of the upper-body or shoulder-focused portion of a workout.","Shoulders, Deltoids",3.0,"Bodybuilding, Home Workouts",144
2442,Band upright row,"The band upright row is a popular movement for building stronger and bigger traps and shoulders and similar to the dumbbell upright row. Many lifters combine this move with either their back or shoulder workout, since it involves both body parts. Using the band provides dynamic resistance and is easier on the shoulder than using a barbell. It is generally performed for moderate to high reps, such as 8-12 reps per set or more.","Shoulders, Traps",3.5,"Home Workouts, Strength Training",144
2443,Staggered-stance band shoulder press,"The staggered-stance band shoulder press is a deltoid exercise and a variation of the band shoulder press. The dynamic tension of the band forces the core to stabilize the body, and the staggered-stance provides more stability and relieves tension on the back. It can be performed in low reps, such as 5-8 reps per set, to build shoulder strength, or for higher reps to build muscle and for conditioning. It can work as the main focus of a shoulder day but is also popular as an accessory movement to the bench press or barbell military press.","Shoulders, Triceps, Abs",4.0,"Fitness, Home Workouts",144
2444,Single-arm banded landmine press,"The single-arm banded landmine press is an upper-body exercise that uses an angled barbell anchored at floor level in a landmine device. It can also be performed by sticking a barbell in the corner of a room, preferably in a towel to protect the walls. The band adds constant tension and dynamic resistance to the exercise. The movement focuses primarily on the muscles of the shoulders or deltoids and can be trained in traditional muscle and strength-focused rep ranges or for higher reps.","Shoulders, Triceps, Obliques",5.0,"Fitness, Strength Training",192
2445,Band front raise rear fly row combo,"The band front raise rear fly row combo is a combination of three different shoulder exercises to build and strengthen the anterior, middle deltoids, and posterior portions of the shoulders. It requires a continuous loop band to provide constant, dynamic tension throughout the movement. In addition to the front and rear delts, this exercise works the arms, chest, back, and core, making it a great time-efficient shoulder burnout or accessory movement on an upper-body day.","Shoulders, Deltoids, Back",4.0,"Circuit Training, Fitness",144
2446,Jordan Shallow Foam Roller Thoracic Extension,The Jordan Shallow foam roller thoracic extension is a thoracic spine mobility exercise.,Back,2.0,"Mobility, Rehabilitation",84
2447,Jordan Shallow Thread the Needle (with Foam Roller),The Jordan Shallow thread the needle (with foam roller) is a thoracic spine mobility exercise.,"Back, Shoulders",2.0,"Mobility, Rehabilitation",84
2448,Clean and press,"The clean and press is a full-body lift comprised of two movements: the clean, where the bar is pulled from the floor and caught in the front rack position in three pulls or phases, followed by the overhead press. Decades ago, it was contested in the Olympics. Today, it remains a worthy centerpiece of a power and strength training program, and has full-body benefits when done for low reps as well as moderate to high reps.",Full Body,9.0,"Crossfit, Olympic Weightlifting, Strength Training",216
2449,Clean and jerk,"The clean and jerk is a full-body lift that is one of two contested lifts in Olympic weightlifting competitions. It is comprised of two movements: the clean, where the bar is pulled from the floor and caught in the front rack position in three pulls or phases, followed by the jerk overhead. The clean and jerk hits every muscle from head to toe and can be the centerpiece of a lifting program. It is also popular in CrossFit and athletic training programs. It is usually performed in low rep ranges, focusing on power and movement quality.",Full Body,10.5,"Crossfit, Olympic Weightlifting",216
2450,Military press,"The military press is a compound movement used to build size and strength in the shoulders. It was once contested as a fourth powerlift, but is rarely competed anymore. However, being able to press a significant weight overhead remains a popular marker of upper-body strength. The military press can be trained as a strength lift or in traditional muscle-building rep ranges as part of full-body, shoulder-focused, or upper-body training.","Shoulders, Triceps",5.0,"Strength Training, Olympic Weightlifting",192
2451,Seated barbell shoulder press,"The seated barbell shoulder press is a classic exercise for building muscle and strength in the shoulders. The triceps also play a significant role in pressing the barbell overhead. Performing the movement seated reduces help from the lower body and decreases the risk of overextending the lumbar spine during the movement. This press variation can be the primary pressing movement on an upper-body or shoulder day, or an effective accessory movement later in a workout.","Shoulders, Triceps",4.5,"Bodybuilding, Strength Training",192
2452,Snatch-Grip Behind-The-Neck Overhead Press,"The snatch-grip behind-the-neck press is an overhead press using a wide snatch grip. It's an advanced exercise for building shoulder strength, stability, and mobility.","Shoulders, Traps, Triceps, Back",6.0,"Olympic Weightlifting, Strength Training",216
2453,Standing Bradford press,"The standing Bradford press is an obscure yet effective shoulder exercise that alternates front presses with behind-the-neck presses. It can be used as a warm-up for other press variations on a shoulder day, or as a muscle-building movement on its own in a shoulder or upper-body focused workout. It is usually performed for relatively high reps, such as 8-15 reps per set or higher, or just to the point of fatigue.","Shoulders, Deltoids",4.5,"Bodybuilding, Mobility",192
2454,Barbell Shoulder Press,"The seated barbell shoulder pressis a classic exercise for building muscle and strengthening the shoulders, particularly but not exclusively the front heads. The triceps also play a significant roles in pressing the barbell overhead.","Shoulders, Triceps",4.5,"Bodybuilding, Strength Training",192
2455,Barbell rear delt bent-over row,"The barbell rear delt bent-over row is a movement used to target the shoulders as well as the upper-back muscles. It is performed with lighter weights than a traditional barbell bent-over row, and is usually performed for higher reps, such as 8-15 reps per set, as part of a back or upper-body workout.","Shoulders, Deltoids, Back",4.0,Bodybuilding,192
2456,Barbell upright row,The barbell upright row is a barbell exercise that builds stronger and bigger traps. Many lifters combine this move with either their back or shoulder workout since it involves both body parts.,"Shoulders, Traps",4.0,Bodybuilding,192
2457,Bradford/Rocky Presses,"The Bradford press, also known as a Rocky press, is a shoulder exercise where you alternate pressing a barbell in front of and behind your head without locking out the elbows.","Shoulders, Deltoids",4.5,Bodybuilding,192
2458,Lying rear delt fly,"The lying rear delt fly is an upper-body exercise that targets the rear deltoid of the shoulder. By performing the movement lying face down on a bench, it eliminates momentum from the rest of the body. This movement is usually performed for moderate to high reps, such as 8-12 reps per set or more, as part of the upper-body or shoulder-focused portion of a workout.","Shoulders, Deltoids, Back",3.0,"Bodybuilding, Rehabilitation",168
2459,Machine Shoulder (Military) Press,"The machine shoulder press is an upper body exercise targeting the deltoids. It provides stability, allowing you to focus on pressing the weight.","Shoulders, Triceps",4.5,"Bodybuilding, Strength Training",168
2460,Standing Barbell Press Behind Neck,"The standing behind-the-head press is a classic shoulder exercise that was used widely during bodybuilding's professed Golden Era. In addition to the deltoids, it also works the trapezius and triceps muscles. It may not be a good choice for some people's shoulders, depending on their injury history. It can be trained in strength-focused rep ranges, but is more commonly trained in moderate to high reps, such as 8-15 reps per set.","Shoulders, Traps, Triceps",5.0,"Bodybuilding, Olympic Weightlifting",216
2461,Barbell front raise,"The barbell front raise is an upper-body isolation exercise that targets the shoulders. It is usually performed for moderate to high reps, such as 8-12 reps or higher, as part of the shoulder-focused part of any workout.","Shoulders, Deltoids",3.5,Bodybuilding,192
2462,Overhead bar front raise,"The overhead bar front raise is an exercise targeting the muscles of the traps (trapezius), especially the upper traps, as well as the front or anterior shoulders. It can also be performed with a weight plate or dumbbell, providing a neutral grip that may be more shoulder-friendly for some lifters. Overhead raises are most common for high reps (at least 8-12 reps per set or higher) on a shoulder, trap, or other upper-body-focused muscle-building day.","Shoulders, Traps",3.5,Bodybuilding,192
2463,Incline barbell shoulder protraction,"The incline barbell shoulder protraction is an upper-body movement that targets strength and mobility in the scapula or shoulder blades. This can help increase pressing strength and prevent injury. It also helps develop the serratus anterior, an often-neglected muscle around the ribcage that can aid in shoulder health and upper-body muscle definition. Because it targets such small muscles, this exercise is usually performed with light weight for high reps, such as 8-12 reps per set or more.","Shoulders, Back",2.5,"Rehabilitation, Strength Training",168
2464,Behind-the-head push-press,The behind-the-head push-press is an overhead press variation in which the barbell starts in the back rack position and is pushed overhead with assistance from the lower body. It is most often seen in training for Olympic weightlifting. It can be part of a barbell complex or performed for low reps focusing on power and movement quality.,"Shoulders, Triceps, Legs, Full Body",8.0,Olympic Weightlifting,216
2465,Rack Delivery,"Rack Delivery is a drill in Olympic weightlifting that focuses on the turnover phase of the clean, where the athlete pulls themselves under the bar and receives it in the front rack position.","Shoulders, Traps, Back",5.0,Olympic Weightlifting,192
2466,Smith Incline Shoulder Raise,"The Smith Incline Shoulder Raise is a shoulder isolation exercise, likely a front raise, performed on an incline bench using a Smith machine for a fixed path of motion.","Shoulders, Deltoids",3.0,Bodybuilding,168
2467,Tall Muscle Snatch,A Tall Muscle Snatch is an Olympic weightlifting assistance exercise that starts from a standing position. It isolates the upper body pulling and turnover mechanics of the snatch.,"Shoulders, Traps, Back, Full Body",8.5,Olympic Weightlifting,216
2468,Axle Clean And Press,The Axle Clean and Press is a strongman exercise that involves lifting a thick axle bar from the floor to overhead. The thickness of the bar makes the grip a significant challenge.,"Full Body, Forearms, Shoulders, Legs",9.5,Strength Training,216
2469,Jerk Balance,The Jerk Balance is an Olympic weightlifting drill used to practice the footwork and receiving position of the split jerk under load.,"Shoulders, Legs, Abs, Full Body",6.0,Olympic Weightlifting,192
2470,Seated EZ-bar shrug,"The seated EZ-bar shrug is an exercise targeting the trapezius muscle, that V-shaped muscle that forms a triangle where the shoulders meet the neck. It is usually performed for moderate to high reps during an upper-body or shoulders and traps-focused workout.",Traps,3.0,Bodybuilding,168
2471,Paul Carter Barbell Seated Military Press,"The seated barbell shoulder pressis a classic exercise for building muscle and strengthening the shoulders, particularly but not exclusively the front heads. The triceps also play a significant roles in pressing the barbell overhead.","Shoulders, Triceps",4.5,"Bodybuilding, Strength Training",192
2472,TBS Barbell Military Press,"The military press is a compound movement used to build size and strength in the shoulders. It was once contested as a fourth powerlift, but is rarely competed anymore. However, being able to press a significant weight overhead remains a popular marker of upper-body strength. The military press can be trained as a strength lift or in traditional muscle-building rep ranges as part of full-body, shoulder-focused, or upper-body training.","Shoulders, Triceps",5.0,"Strength Training, Olympic Weightlifting",192
2473,Incline Front Barbell Raise - Gethin Variation,"The incline face-down bar front raise is an upper-body exercise targeting the shoulders. Because it is performed face down on an angled bench, it has a greater range of motion than standing or upright-seated raises and hits the shoulders from a different angle. Raise variations are usually performed for moderate to high reps, such as 8-12 reps per set or more, as part of upper-body or shoulder-focused training.",Shoulders,3.5,Bodybuilding,192
2474,Barbell Front Raise - Gethin Variation,"The barbell front raise is an upper-body isolation exercise that targets the shoulders. It is usually performed for moderate to high reps, such as 8-12 reps or higher, as part of the shoulder-focused part of any workout.",Shoulders,3.5,Bodybuilding,192
2475,Single-arm barbell lateral raise,"The single-arm barbell lateral raise is an isolation exercise targeting the shoulders. It is more challenging than using a dumbbell and has an instability component that may make the deltoid muscles work harder. It is generally performed one side at a time for moderate to high reps, such as 8-15 reps per set, as part of a shoulder-focused workout.","Shoulders, Deltoids",3.5,Bodybuilding,192
2476,AM Upright Row,The barbell upright row is a barbell exercise that builds stronger and bigger traps. Many lifters combine this move with either their back or shoulder workout since it involves both body parts.,"Shoulders, Traps",4.0,Bodybuilding,192
2477,AM Barbell Shoulder Press,"The standing barbell shoulder press is a compound movement used to build size and strength in the shoulders. The shoulder press can be trained as a strength lift or in traditional muscle-building rep ranges as part of full-body, shoulder-focused, or upper-body training.","Shoulders, Triceps",5.0,Strength Training,192
2478,Standing barbell shoulder press,"The standing barbell shoulder press is a compound movement used to build size and strength in the shoulders. The shoulder press can be trained as a strength lift or in traditional muscle-building rep ranges as part of full-body, shoulder-focused, or upper-body training.","Shoulders, Triceps",5.0,Strength Training,192
2479,King Maker Barbell Thruster,"The barbell thruster is a full-body exercise that incorporates both squatting and pressing in one functional movement. It's especially common in contemporary CrossFit workouts, but also in general strength training. The barbell is usually cleaned into place first, but it could be performed taken from a squat rack in a front-rack position. The thruster can be performed in traditional strength-focused rep ranges to build strength in the press, or in higher reps for full-body conditioning.","Full Body, Quads, Glutes, Shoulders, Triceps",11.0,"Crossfit, Olympic Weightlifting",192
2480,Single-arm incline cable cross-over,"The single-arm incline cable cross-over is an isolation movement that uses a cable stack and a bench to target the upper part of the pectoral muscles. Working the chest one side at a time allows you to focus on balance between the sides of your chest and really feel the chest muscles contracting. It is common in upper-body and chest-focused muscle-building workouts, often in combination with other presses or flyes to target the chest from different angles.",Chest,3.0,Bodybuilding,168
2481,Barbell bear complex,"The barbell bear complex is a series of barbell lifts that run together in a single sequence: a barbell power clean, front squat, push-press, back squat, and another push-press from behind the neck. It trains the entire body for both building strength and improving conditioning. It is often performed for rounds, either with or without rest between rounds.",Full Body,11.5,"Crossfit, Fitness",216
2482,30 Shoulders Barbell Shrug,A standard barbell shrug for building the trapezius muscles.,Traps,3.5,Bodybuilding,192
2483,30 Shoulders Incline Face-Up Straight-Bar Front Raise,"A front raise performed lying face-up on an incline bench with a straight bar, targeting the anterior deltoids.","Shoulders, Deltoids",3.0,Bodybuilding,192
2484,30 Shoulders Seated Dumbbell Shoulder Press,A standard seated shoulder press with dumbbells to build shoulder strength and size.,"Shoulders, Triceps",4.5,Bodybuilding,168
2485,30 Shoulders Standing Behind-The-Head Shoulder Press,A behind-the-neck press performed while standing. This advanced move requires excellent shoulder mobility.,"Shoulders, Traps, Triceps",5.0,"Bodybuilding, Olympic Weightlifting",216
2486,30 Shoulders Standing Barbell Press,"A standard standing barbell overhead press, also known as a military press.","Shoulders, Triceps",5.0,Strength Training,192
2487,FYR2 Wide Overhead Press,"An overhead press performed with a wide grip, which can target the shoulders and upper back differently than a standard press.","Shoulders, Traps",5.0,"Bodybuilding, Fitness",192
2488,Single-arm kettlebell push-press,"The single-arm kettlebell push-press is a popular kettlebell movement that involves performing a press with help from the muscles of the lower body. It is preceded by a clean at the start of each set, and optionally you can perform a clean between each rep. It can be trained in traditional strength or muscle-building rep ranges, in circuit or fat-loss training, or as part of a larger kettlebell combination or complex.","Shoulders, Triceps, Legs, Full Body",8.0,"Kettlebell Training, Crossfit",168
2489,Two-Arm Kettlebell Military Press,"A military press performed with two kettlebells, one in each hand, requiring significant stabilization.","Shoulders, Triceps",5.5,"Kettlebell Training, Strength Training",192
2490,Alternating Kettlebell Press,"A shoulder press with kettlebells, where you press one arm at a time while the other is held in the rack position, challenging core stability.","Shoulders, Triceps, Obliques",5.8,"Kettlebell Training, Fitness",168
2491,Single-arm kettlebell snatch,"The single-arm kettlebell snatch is a kettlebell exercise that involves lifting a kettlebell overhead in a single motion. It is popular as a full-body strength and conditioning movement, but it's also competed for reps in Russian-style girevoy sport. A ""snatch test"" of max reps in 5 or 10 minutes is also a common measurement of conditioning in kettlebell training. It can be performed from the ground or with a swing","Full Body, Shoulders, Back, Hamstrings, Glutes",10.0,"Kettlebell Sport, Crossfit",192
2492,Single-arm kettlebell clean and jerk,"The single-arm kettlebell clean and jerk is a popular kettlebell movement that is performed both in an exercise setting and competitively as a part of Russian-style girevoy sport. It differs from a clean and push-press in that the lifter ""dips"" under the weight rather than simply using the legs to help push the weight up. Each rep of a clean and jerk is preceded by a clean at the start of each set. It can be trained in traditional strength or muscle-building rep ranges, in circuit or fat-loss training, or as part of a larger kettlebell combination or complex.","Full Body, Shoulders, Legs",10.5,"Kettlebell Sport, Crossfit",192
2493,Kettlebell pirate ship,"The kettlebell pirate ship is a rotational shoulder and core-focused kettlebell movement. It demands the lifter raise the kettlebell to the side in both directions, emphasizing core strength in the transverse abdominis and obliques in particular. It is best learned with a light weight, using controlled movements in both directions.","Shoulders, Obliques, Abs",4.0,"Kettlebell Training, Mobility",168
2494,Two-Arm Kettlebell Clean,"A clean performed with two kettlebells, one in each hand, from the floor to the rack position.","Full Body, Hamstrings, Glutes, Back, Shoulders",8.5,"Kettlebell Training, Crossfit",192
2495,Double Kettlebell Push Press,"The double-kettlebell push-press is a popular kettlebell movement that involves performing a press with help from the muscles of the lower body. It is preceded by a double clean at the start of each set, and optionally you can perform a clean between each rep. It can be trained in traditional strength or muscle-building rep ranges, in circuit or fat-loss training, or as part of a larger kettlebell combination or complex.","Shoulders, Legs, Full Body",8.5,"Kettlebell Training, Crossfit",192
2496,Kettlebell Seated Press,"A seated shoulder press using a kettlebell, which challenges stability differently than a dumbbell.","Shoulders, Triceps",4.0,"Kettlebell Training, Strength Training",168
2497,Double Kettlebell Jerk,"A jerk performed with a kettlebell in each hand, lifting the weights from the shoulders to overhead by dipping and driving with the legs.","Full Body, Shoulders, Legs",10.0,Kettlebell Sport,192
2498,Kettlebell Arnold Press,"An Arnold press performed with kettlebells, adding a rotational component to the overhead press.","Shoulders, Deltoids, Triceps",4.8,"Kettlebell Training, Bodybuilding",168
2499,Double-kettlebell windmill,"The double-kettlebell windmill is an advanced kettlebell exercise emphasizing core strength and shoulder and hip mobility and stability. Because it involves holding one weight overhead while holding another under the torso, it builds strength across the core and stability in the shoulders. It doesn't work well in a metcon or conditioning setting, and shouldn't be performed under intense fatigue.","Shoulders, Obliques, Hamstrings, Full Body",6.0,"Kettlebell Training, Mobility",192
2500,One-Arm Kettlebell Split Snatch,The one-arm kettlebell split snatch is a unilateral split snatch.,Full Body,9.5,"Kettlebell Sport, Olympic Weightlifting",192
2501,One-Arm Kettlebell Para Press,The one-arm kettlebell para press is a specific type of kettlebell press.,Shoulders,4.5,Kettlebell Training,168
2502,One-Arm Kettlebell Split Jerk,The one-arm kettlebell split jerk is a unilateral split jerk.,Full Body,9.5,"Kettlebell Sport, Olympic Weightlifting",192
2503,One-Arm Kettlebell Military Press To The Side,The one-arm kettlebell military press to the side is a lateral press with a kettlebell.,Shoulders,4.5,"Fitness, Kettlebell Training",168
2504,One-Arm Kettlebell Jerk,The one-arm kettlebell jerk is a unilateral jerk.,Full Body,9.5,"Kettlebell Sport, Olympic Weightlifting",192
2505,Double Kettlebell Snatch,The double kettlebell snatch is a snatch with two kettlebells.,Full Body,10.5,"Crossfit, Kettlebell Sport",192
2506,Two-Arm Kettlebell Jerk,The two-arm kettlebell jerk is a jerk with two kettlebells.,Full Body,10.0,Kettlebell Sport,192
2507,FYR Kettlebell Power Clean,"The kettlebell power clean is an explosive kettlebell exercise where the lifter pulls the weight to shoulder level with a slight swing between the legs. It is often used as a drill to teach kettlebell clean technique, but is also a valuable power exercise in its own right. It can be performed in low rep ranges for strength or higher rep ranges for technique practice or muscle growth.",Full Body,8.5,"Crossfit, Kettlebell Training",168
2508,Kettlebell upright row,"The kettlebell upright row is an exercise targeting the muscles of the traps (trapezius), as well as the posterior muscles of the shoulders or deltoid muscles. It is common as a light- or moderate-weight accessory movement in upper-body or shoulder training, usually in rep ranges of 8-12 or more. It may not be appropriate for some people, depending on their shoulder health.","Shoulders, Traps",4.5,"Kettlebell Training, Strength Training",168
2509,Kettlebell upright row and press,"The kettlebell upright row and press is a combination of two popular kettlebell movements in a single sequence. This combination can be performed for time or for reps, often as circuit-style training for conditioning or fat loss, or in a kettlebell complex or flow.","Shoulders, Traps",6.0,"Fitness, Kettlebell Training",168
2510,Single-arm kettlebell thruster,"The single-arm kettlebell thruster is a popular kettlebell movement that combines a kettlebell front squat with a kettlebell press. It is preceded by a clean at the start of each set, and you can perform a clean between each rep if you choose. It can be trained in traditional strength or muscle-building rep ranges, in circuit or fat-loss training, or as part of a kettlebell combination or complex.",Full Body,9.5,"Crossfit, Kettlebell Training",168
2511,Double-kettlebell shoulder press,"The double-kettlebell shoulder press is a popular movement in strength and muscle-focused kettlebell workouts. Each set is started by cleaning the weights up to the rack position. The weights can optionally be re-cleaned between each rep, which is known as a clean and press. The double press can be trained in traditional strength or muscle-growth rep ranges (e.g., 5x5 or 8-12 reps per set), or in circuit-style fat-loss training or kettlebell complexes.","Shoulders, Triceps",5.5,"Kettlebell Training, Strength Training",192
2512,Double-kettlebell push-press,"The double-kettlebell push-press is a popular kettlebell movement that involves performing a press with help from the muscles of the lower body. It is preceded by a double clean at the start of each set, and optionally you can perform a clean between each rep. It can be trained in traditional strength or muscle-building rep ranges, in circuit or fat-loss training, or as part of a larger kettlebell combination or complex.","Shoulders, Legs, Full Body",8.5,"Crossfit, Kettlebell Training",192
2513,HM Kettlebell Windmill,The HM kettlebell windmill is a standard kettlebell windmill.,"Shoulders, Obliques, Hamstrings, Full Body",5.5,Kettlebell Training,168
2514,HM Kettlebell Z-Press,The HM kettlebell Z-press is a seated press with legs extended.,"Shoulders, Abs",5.0,"Kettlebell Training, Strength Training",168
2515,Taylor Half-Kneeling Kettlebell Halo,The Taylor half-kneeling kettlebell halo is a shoulder mobility exercise.,Shoulders,3.0,Mobility,96
2516,Taylor Towel Kettlebell Farmer's Walk,The Taylor towel kettlebell farmer's walk is a farmer's walk with a towel.,"Forearms, Traps, Full Body",8.0,Strength Training,168
2517,FYR2 Double-Kettlebell Alternating Press,The FYR2 double-kettlebell alternating press is an alternating press with two kettlebells.,Shoulders,5.8,Kettlebell Training,192
2518,FYR2 Double-Kettlebell Thruster,The FYR2 double-kettlebell thruster is a thruster with two kettlebells.,Full Body,11.0,"Crossfit, Kettlebell Training",192
2519,FYR2 Half-Kneeling Kettlebell Clean,The FYR2 half-kneeling kettlebell clean is a clean from a half-kneeling position.,Full Body,7.5,"Fitness, Kettlebell Training",168
2520,FYR2 Kettlebell Clean and Press,The FYR2 kettlebell clean and press is a classic kettlebell combo.,Full Body,9.0,"Crossfit, Kettlebell Training",168
2521,FYR2 Kettlebell High Pull to Overhead Press,The FYR2 kettlebell high pull to overhead press is a compound exercise.,"Shoulders, Traps",6.5,Kettlebell Training,168
2522,FYR2 Kettlebell Swing Clean and Press,The FYR2 kettlebell swing clean and press is a kettlebell complex.,Full Body,10.5,"Crossfit, Kettlebell Training",192
2523,FYR2 Single-Arm Kettlebell Press,The FYR2 single-arm kettlebell press is a standard single-arm kettlebell press.,Shoulders,5.0,Kettlebell Training,168
2524,FYR2 Ascending-Rep High-Pull-Press Complex,The FYR2 ascending-rep high-pull-press complex is a kettlebell complex.,"Shoulders, Traps",7.5,"HIIT, Kettlebell Training",168
2525,Dumbbell front raise to lateral raise,"The dumbbell front raise to lateral raise is a dumbbell complex that combines two exercises that build and strengthen the middle deltoids and the anterior deltoids of the shoulders. It is usually performed one rep of each movement at a time, although you could perform more reps of each, or increase the reps in successive rounds (e.g., 1 rep in round 1, 2 reps in round 2, etc.). No matter how you perform it, it targets both the anterior and medial deltoids, making it a great time-efficient shoulder burnout or accessory movement on an upper-body day.","Shoulders, Deltoids",3.5,Bodybuilding,168
2526,Single-arm palm-in dumbbell shoulder press,"The single-arm palm-in dumbbell shoulder press builds the shoulder muscles but with two major differences from the standard dumbbell shoulder press. It's done one arm at a time and the wrist stays neutral throughout the movement. It can be performed standing or seated. A single dumbbell press can be pursued as a strength goal, or trained in traditional muscle-building rep ranges such as 8-15 reps per set or more.","Shoulders, Triceps",4.5,Bodybuilding,168
2527,Standing palms-in shoulder press,"The standing palms-in shoulder press is a dumbbell exercise targeting the shoulders. It can be performed in strength-focused rep ranges, such as 5-8 reps per set, or for higher reps to build muscle or for conditioning.","Shoulders, Triceps",5.0,Bodybuilding,168
2528,Seated Dumbbell Press,"The seated dumbbell shoulder pressis an exercise for building muscle and strengthening the shoulders, particularly but not exclusively the front heads. The triceps also assist. Some lifters feel that using dumbbells versus a barbell reduced injury risk.","Shoulders, Triceps",4.5,"Bodybuilding, Strength Training",168
2529,Standing dumbbell shoulder press,"The standing dumbbell shoulder press is a classic deltoid-building exercise that is common in gyms around the world. Performing the move standing up as opposed to seated allows more weight to be used and taxes the core more than seated presses. The standing press is worthy of being the main movement in a muscle-building shoulder workout, but is also a great strength movement and accessory for the bench press.","Shoulders, Triceps, Abs",5.0,"Bodybuilding, Strength Training",168
2530,Single-arm lateral raise,"The single-arm lateral raise is a shoulder exercise that targets the medial or middle head of the deltoid muscle. It's a staple strength-training move and is a great option for accessory work on upper-body training days. Hold on to a post for balance, or do it free-standing to challenge core strength and stability. It is usually performed for moderate to high reps, at least 8-12 reps per side, as part of the upper-body or shoulder-focused portion of a workout.","Shoulders, Deltoids",3.0,Bodybuilding,168
2531,Power Partials,Power partials are partial reps performed in the strongest range of motion.,Full Body,6.0,Strength Training,192
2532,Incline dumbbell reverse fly,"The incline dumbbell reverse fly is an upper-body exercise targeting the posterior or rear deltoids, as well as the postural muscles of the upper back. Because it targets such small muscles, this exercise is usually performed with light weight for high reps, such as 10-15 reps per set or more.","Shoulders, Deltoids, Back",3.0,Bodybuilding,168
2533,Overhead dumbbell front raise,"The overhead dumbbell front raise takes the dumbbell front raise one step further, extending the motion all the way above the head. In addition to the shoulders, it activates and strengthens the muscles of the traps and upper back. It is usually performed for moderate to high reps, such as 8-15 reps or more. It can be part of a dynamic upper-body warm-up, performed as a muscle-building upper-body movement, or as a burnout movement on shoulder day.","Shoulders, Traps",3.5,Bodybuilding,168
2534,Seated dumbbell shoulder press,"The seated dumbbell shoulder press is a popular exercise for building muscle and strength in the shoulders. The triceps also work hard in this lift. Many lifters find using dumbbells to be more comfortable and shoulder-friendly for this press variation than a barbell. This can be the primary pressing movement on an upper-body or shoulder day, or an effective accessory movement later in a workout.","Shoulders, Triceps",4.5,"Bodybuilding, Strength Training",168
2535,Alternating standing shoulder press,"The alternating standing shoulder press is a popular dumbbell exercise targeting the shoulders. It can be performed in strength-focused rep ranges, such as 5-8 reps per set, or for higher reps to build muscle or for conditioning.","Shoulders, Triceps, Obliques",5.0,"Fitness, Strength Training",168
2536,Single-arm incline rear delt raise,"The single-arm incline rear delt raise is an upper-body exercise targeting the posterior deltoids or shoulder muscles, as well as the postural muscles of the upper back. Training each side independently can help correct imbalances in size, strength, and shoulder stability. Because it targets such small muscles, this exercise is usually performed with light weight for high reps, such as 10-15 reps per set or more.","Shoulders, Deltoids, Back",3.0,Bodybuilding,168
2537,Alternating dumbbell front raise,"The alternating dumbbell front raise is a single-joint exercise targeting the shoulder muscles, particularly the front or anterior deltoids. Performing the movement one shoulder at a time gives a momentary rest to each side while the other is working, potentially allowing you to do more reps during each set. It is usually performed for moderate to high reps, at least 8-12 reps per set, as part of an upper-body or shoulder-focused workout.","Shoulders, Deltoids",3.0,Bodybuilding,168
2538,Alternating Deltoid Raise,The dumbbell front raise to lateral raise combines two exercises that build and strengthen the middle deltoids and the anterior deltoids of the shoulders.,"Shoulders, Deltoids",3.5,Bodybuilding,168
2539,Single-dumbbell front raise,"The single-dumbbell front raise is an isolation movement that targets the shoulders. In particular, it focuses on the anterior or front head of the deltoid muscles. By performing it with one dumbbell at a time, you can focus on each shoulder muscle independently and try to address muscular imbalances between shoulders. This movement is usually performed for moderate to high reps, at least 8-12 reps per set, as part of an upper-body or shoulder-focused workout.","Shoulders, Deltoids",3.0,Bodybuilding,168
2540,Arnold press,"Named after the iconic bodybuilder and movie star, the Arnold press adds rotation to a classic shoulder press. It allows the hands to rotate naturally, while also hitting all three heads of the deltoids in one motion. It is usually performed for moderate to high reps, such as 8-12 reps or more, as part of the upper-body or shoulder-focused portion of a workout.","Shoulders, Deltoids, Triceps",4.8,Bodybuilding,168
2541,Single-arm standing shoulder press,"The single-arm standing shoulder press is a popular exercise to build size and strength the shoulders and triceps. Most lifters find they can go heavier (per arm) on this movement than if they are pressing two dumbbells simultaneously, making it an effective strength movement as well as a muscle-building movement in higher reps.","Shoulders, Triceps, Obliques",5.0,"Bodybuilding, Fitness, Strength Training",168
2542,Dumbbell front raise,"The dumbbell front raise is a single-joint exercise targeting the shoulder muscles, particularly the front or anterior deltoids. It is usually performed for moderate to high reps, at least 8-12 reps per set, as part of an upper-body or shoulder-focused workout.","Shoulders, Deltoids",3.0,Bodybuilding,168
2543,Bent-over dumbbell rear delt row,"The bent-over dumbbell rear delt row is a popular upper-body exercise that targets the muscles on the backside of the shoulder joint, specifically the medial and rear heads of the deltoid. Since pressing movements build the front and (to a lesser degree) side deltoid heads, this move is often done to promote balanced shoulder development. It is usually performed for high reps, such as 10-15 reps per set or more, as part of a shoulder or upper-body workout.","Shoulders, Deltoids, Back",4.0,Bodybuilding,168
2544,Incline dumbbell front raise,"The incline dumbbell front raise is an upper-body exercise targeting the shoulders. Because it is performed face down on an angled bench, it has a greater range of motion than standing or upright-seated raises and hits the shoulders from a different angle. Raise variations are usually performed for moderate to high reps, such as 8-12 reps per set or more, as part of upper-body or shoulder-focused training.","Shoulders, Deltoids",3.0,Bodybuilding,168
2545,Side Lateral Raise,"The dumbbell lateral raise is an upper body isolation exercise for building shoulder strength and muscle. It's a staple strength training move and is a great option for accessory work on upper body training days. This exercise particularly focuses on the lateral or medial head of the deltoid, making them appear wider and more developed.","Shoulders, Deltoids",3.0,Bodybuilding,168
2546,Dumbbell external shoulder rotation,"The dumbbell external shoulder rotation is a lightweight dumbbell exercise intended to maintain the health of the shoulder joints, including the rotator cuffs. It is often used as a warm-up or prehab for a shoulder or chest-focused workout with lots of pressing.",Shoulders,2.0,"Baseball, Rehabilitation, Tennis",96
2547,Single-arm incline lateral raise,"The single-arm incline lateral raise is an exercise targeting the lateral or medial head of the shoulder muscles. It is performed lying sideways on an incline bench set to around 45 degrees, which helps to increase the range of motion in the lift and enforce strict form. Because it targets such small muscles, this exercise is usually performed with light weight for high reps, such as 8-12 reps per set or more.","Shoulders, Deltoids",3.0,Bodybuilding,168
2548,Seated rear delt fly,"The seated rear delt fly is an upper-body exercise that targets the real deltoid of the shoulder. By performing the movement seated, it eliminates momentum from the rest of the body. This movement is usually performed for moderate to high reps, such as 8-12 reps per set or more, as part of the upper-body or shoulder-focused portion of a workout.","Shoulders, Deltoids, Back",3.0,Bodybuilding,168
2549,Dumbbell Raise,This refers to general dumbbell raises for the shoulders.,Shoulders,3.0,Bodybuilding,168
2550,Seated Side Lateral Raise,"The seated dumbbell lateral raiseis an iconic exercise for developing the shoulders. If you’ve ever worked out with weights, chances are you’ve done this move at some point. Proper execution is paramount to avoid injury.","Shoulders, Deltoids",3.0,Bodybuilding,168
2551,Dumbbell Lying Rear Lateral Raise,"The incline dumbbell reverse fly is an upper-body exercise targeting the posterior or rear deltoids, as well as the postural muscles of the upper back. Because it targets such small muscles, this exercise is usually performed with light weight for high reps, such as 10-15 reps per set or more.","Shoulders, Deltoids, Back",3.0,Bodybuilding,168
2552,Head-on-bench dumbbell rear delt raise,"The head-on-bench dumbbell rear delt raise is an exercise targeting the posterior shoulder muscles, or rear deltoids. This variation of the bent-over rear delt raise often helps to better isolate this area of the shoulder. Because it targets such small muscles, this exercise is usually performed with light weight for high reps, such as 10-15 reps per set or more.","Shoulders, Deltoids, Back",3.0,Bodybuilding,168
2553,Cuban press,"The Cuban press is an exercise that targets the muscles of the shoulders, rotator cuff, and upper back. It combines a shoulder external rotation with a dumbbell press, training multiple muscles and motions in a single sequence. It can be performed standing, or as a more difficult variation face-down on an incline bench. It is usually performed with relatively light weight as part of a dynamic warm-up for upper-body lifting.","Shoulders, Back",3.5,"Mobility, Rehabilitation",144
2554,Reverse Flyes With External Rotation,The reverse fly with external rotation is a shoulder health exercise.,"Shoulders, Back",3.0,"Bodybuilding, Rehabilitation",144
2555,Single-arm side lying rear fly,"The single-arm side lying rear fly is an upper-body exercise that targets the rear deltoid of the shoulder. By performing the movement lying on a bench, it eliminates momentum from the rest of the body. This movement is usually performed for moderate to high reps, such as 8-12 reps per set or more, as part of the upper-body or shoulder-focused portion of a workout.","Shoulders, Deltoids, Back",3.0,Bodybuilding,168
2556,Single-arm dumbbell upright row,"The single-arm dumbbell upright row is a popular movement for building stronger and bigger traps and shoulders. Many lifters combine this move with either their back or shoulder workout, since it involves both body parts. It is generally performed for moderate to high reps, such as 8-12 reps per set or more.","Shoulders, Traps",4.0,Bodybuilding,168
2557,Dumbbell Scaption,The dumbbell scaption is a shoulder exercise performed in the scapular plane.,"Shoulders, Traps",3.0,"Bodybuilding, Rehabilitation",168
2558,See-Saw Press (Alternating Side Press),The see-saw press is an alternating shoulder press.,"Shoulders, Triceps, Obliques",5.0,"Fitness, Strength Training",168
2559,Dumbbell Incline Shoulder Raise,The dumbbell incline shoulder raise is a shoulder raise on an incline bench.,Shoulders,3.0,Bodybuilding,168
2560,Single-arm half-kneeling shoulder press,"The single-arm half-kneeling shoulder press is a popular exercise to target the deltoid muscles while also developing strength and stability in the core and hips. Balance can be a challenge, which is one reason why this movement is generally trained lighter than standing single-arm shoulder presses. The half-kneeling press can be used as an accessory lift for the shoulder press or bench press, or simply as a technique to make shoulder presses stricter and more athletic.","Shoulders, Triceps, Abs, Obliques",4.5,"Fitness, Strength Training",168
2561,Dumbbell Clean And Jerk,The dumbbell clean and jerk is a clean and jerk with dumbbells.,Full Body,10.0,"Crossfit, Olympic Weightlifting",192
2562,Dumbbell shoulder press with body rotation,"The dumbbell shoulder press with body rotation is a twist on the traditional dumbbell shoulder press. Rather than pressing straight overhead, you twist your torso and hips to the side during each rep. It hits the deltoid muscles just like a shoulder press, but adds a challenge to the core, hips, and back muscles. Due to the potential balance challenge of twisting and pressing at the same time, it is commonly performed with light to moderate weights.","Shoulders, Obliques",5.5,"Boxing, Fitness",168
2563,Dumbbell Fix Dumbbell Military Press,The Dumbbell Fix dumbbell military press is a standard military press.,"Shoulders, Triceps",5.0,Strength Training,168
2564,Dumbbell Fix Standing Dumbbell Arnold Press,The Dumbbell Fix standing dumbbell Arnold press is a standard Arnold press.,"Shoulders, Triceps",4.8,Strength Training,168
2565,Dumbbell Fix Dumbbell Single-Arm Snatch,The Dumbbell Fix dumbbell single-arm snatch is a standard single-arm snatch.,Full Body,9.0,"Crossfit, HIIT",192
2566,Paul Carter Rear-Delt Fly,"The seated rear delt fly is an upper-body exercise that targets the real deltoid of the shoulder. By performing the movement seated, it eliminates momentum from the rest of the body. This movement is usually performed for moderate to high reps, such as 8-12 reps per set or more, as part of the upper-body or shoulder-focused portion of a workout.","Shoulders, Deltoids, Back",3.0,Bodybuilding,168
2567,FYR Dumbbell Shoulder Press,The standing dumbbell shoulder press is a classic deltoid-builder (especially the front deltoids) that’s ubiquitous in gyms around the world. Performing the move standing up as opposed to seated allows for more weight to be used.,"Shoulders, Triceps",5.0,Strength Training,168
2568,FYR Single-Arm Dumbbell Press,"The single-arm standing shoulder press builds shoulder muscle but with two major differences from the standard seated dumbbell shoulder press. It’s done one arm at a time, as well as standing, which may allow more weight to be used.","Shoulders, Triceps, Obliques",5.0,Strength Training,168
2569,FYR Dumbbell Tempo L-Raise,"The dumbbell lateral raise is an upper body isolation exercise for building shoulder strength and muscle. It's a staple strength training move and is a great option for accessory work on upper body training days. This exercise particularly focuses on the lateral or medial head of the deltoid, making them appear wider and more developed.","Shoulders, Deltoids",3.0,Bodybuilding,168
2570,Dumbbell seesaw shoulder press,"The dumbbell seesaw shoulder press is an exercise targeting the deltoids and triceps. The difference between this movement and the alternating shoulder press is that both dumbbells keep moving throughout each rep, rather than having one weight be stationary while the other moves. This piston-style pressing increases time under tension and may allow you to complete more total reps than with alternating reps.","Shoulders, Triceps",5.2,"Circuit Training, Fitness",168
2571,FYR Dumbbell front raise to lateral raise,The dumbbell front raise to lateral raise combines two exercises that build and strengthen the middle deltoids and the anterior deltoids of the shoulders.,"Shoulders, Deltoids",3.5,Bodybuilding,168
2572,FYR Dumbbell Arnold Press,"Named after the iconic bodybuilder/movie star, the Arnold press adds rotation to a classic shoulder press, hitting all three heads of the deltoids in one motion.","Shoulders, Triceps",4.8,Bodybuilding,168
2573,FYR Dumbbell Military Press to Dumbbell High Pull to V-up,The FYR dumbbell military press to dumbbell high pull to V-up is a complex full-body exercise.,Full Body,8.5,"Fitness, HIIT",168
2574,FYR Dumbbell Thruster,"The dumbbell thruster, which begins with a squat and ends with an overhead press, works the entire body at once in a single fluid motion. This exercise is often performed with kettlebells, but dumbbells work great, too.","Full Body, Legs, Shoulders",10.5,"Crossfit, HIIT",192
2575,Dumbbell hang snatch,"The dumbbell hang snatch is an explosive exercise that builds full-body power and targets the muscles of the hips, back, and shoulders. Performing the movement from the hang position, rather than from the ground, emphasizes explosive hip and upper-body power. It can be performed for low reps with a focus on power and speed, or for higher reps to build muscle or as part of a metabolic conditioning circuit.",Full Body,9.0,"Crossfit, Olympic Weightlifting",192
2576,Surfer sprawl,"The surfer sprawl is an explosive bodyweight exercise that targets multiple muscle groups across the upper and lower body. It is similar to a burpee, but instead of jumping at the top, you end in a ""surfer position,"" alternating sides with each rep. It can be performed for time or reps in any fat-loss or athleticism-focused circuit or workout. The surfer position offers a unique way to challenge the body by staying in a low position rather than standing up after the plank.",Full Body,9.0,"Fitness, HIIT, Surfing",168
2577,Dumbbell clean and press,"The dumbbell clean and press is a full-body movement that targets both the lower and upper body. The clean utilizes the muscles of the hips, legs, glutes, back, and biceps, while the press utilizes the shoulders and triceps. It can be trained in low to moderate reps for strength, or for higher reps, such as 8-12 reps per set or more, for muscle building or metabolic conditioning.",Full Body,8.5,"Crossfit, Fitness",168
2578,Standing One-Arm Shoulder Press - Gethin Variation,"The single-arm standing shoulder press builds shoulder muscle but with two major differences from the standard seated dumbbell shoulder press. It’s done one arm at a time, as well as standing, which may allow more weight to be used.","Shoulders, Triceps, Obliques",5.0,Bodybuilding,168
2579,Incline Front Dumbbell Raise - Gethin Variation,The incline dumbbell front raise is an isolation exercise targeting the shoulders.,Shoulders,3.0,Bodybuilding,168
2580,Dumbbell lateral raise,"The dumbbell lateral raise is a shoulder exercise that targets the medial or middle head of the deltoid muscle. It's a staple strength-training move and is a great option for accessory work on upper-body training days. It is usually performed for moderate to high reps, at least 8-12 reps, as part of the upper-body or shoulder-focused portion of a workout.","Shoulders, Deltoids",3.0,Bodybuilding,168
2581,Incline Rear-Delt Fly - Gethin Variation,"The incline dumbbell reverse fly is an upper-body exercise targeting the posterior or rear deltoids, as well as the postural muscles of the upper back. Because it targets such small muscles, this exercise is usually performed with light weight for high reps, such as 10-15 reps per set or more.","Shoulders, Deltoids, Back",3.0,Bodybuilding,168
2582,Incline Bench Rear Dumbbell Fly - Gethin Variation,"The incline dumbbell reverse fly is an upper-body exercise targeting the posterior or rear deltoids, as well as the postural muscles of the upper back. Because it targets such small muscles, this exercise is usually performed with light weight for high reps, such as 10-15 reps per set or more.","Shoulders, Deltoids, Back",3.0,Bodybuilding,168
2583,Dumbbell front raise and press,"The dumbbell front raise and press combines two upper-body moves into one challenging sequence targeting the deltoid muscles. It's a simple way to boost your heart rate while getting a good upper-body pump, and is a natural fit in time-efficient upper-body or circuit training.",Shoulders,4.0,"Circuit Training, Fitness",168
2584,Rotator cuff warm-up,"The rotator cuff warm-up is a simple exercise targeting the rotator cuffs through weighted shoulder external rotation. It's a classic way to warm up the shoulder prior to sports or training, as well as a common rehab movement. The rotator cuffs are a notorious injury-prone structure in the shoulders of Major League pitchers and other athletes. This is a movement most commonly done for moderate to high reps, such as 8-12 reps or more per set.",Shoulders,2.0,"Baseball, Mobility, Rehabilitation",96
2585,Seated Lateral Raise - Gethin Variation,"The seated dumbbell lateral raiseis an iconic exercise for developing the shoulders. If you’ve ever worked out with weights, chances are you’ve done this move at some point. Proper execution is paramount to avoid injury.","Shoulders, Deltoids",3.0,Bodybuilding,168
2586,Single-arm dumbbell arc row,"The single-arm dumbbell arc row is an exercise for building the latissimus dorsi, or lat, muscles of the back. This variation has more of an arcing shape than the traditional single-arm dumbbell row, which may increase the mind-muscle connection and hit the back from a different angle. You probably won't be able to go as heavy on this as on a traditional row.","Back, Lats",4.5,Bodybuilding,168
2587,Incline Rear Delt Raises - Gethin Variation,"The incline dumbbell reverse fly is an upper-body exercise targeting the posterior or rear deltoids, as well as the postural muscles of the upper back. Because it targets such small muscles, this exercise is usually performed with light weight for high reps, such as 10-15 reps per set or more.","Shoulders, Deltoids, Back",3.0,Bodybuilding,168
2588,Incline Dumbbell Y Raise,The incline dumbbell Y raise is a shoulder exercise on an incline bench.,"Shoulders, Back, Traps",3.0,"Bodybuilding, Rehabilitation",168
2589,HM Bent-Over Rear-Delt Fly,The HM bent-over rear-delt fly is a rear deltoid exercise.,"Shoulders, Deltoids, Back",3.5,Bodybuilding,168
2590,HM Dumbbell Shoulder Press,The HM dumbbell shoulder press is a standard dumbbell shoulder press.,"Shoulders, Triceps",4.5,Strength Training,168
2591,HM Single-Leg Overhead Dumbbell Press,The HM single-leg overhead dumbbell press is a unilateral overhead press.,"Shoulders, Triceps, Abs, Obliques",5.5,Fitness,168
2592,6 Way Shoulder Raise,The 6-way shoulder raise is a shoulder complex involving six different movements.,"Shoulders, Deltoids",4.0,Bodybuilding,168
2593,Seated dumbbell lateral raise,"The seated dumbbell lateral raise is an exercise that targets the shoulder muscles, particularly the medial or middle head of the deltoids. Performing it on a bench helps enforce strict form and eliminate swinging or using momentum to move the weights. Lateral raise variations are usually performed for moderate to high reps, such as 8-12 reps per set or more, as part of the upper-body or shoulder-focused portion of a workout.","Shoulders, Deltoids",3.0,Bodybuilding,168
2594,AM Dumbbell Shoulder Press,"The seated dumbbell shoulder pressis an exercise for building muscle and strengthening the shoulders, particularly but not exclusively the front heads. The triceps also assist. Some lifters feel that using dumbbells versus a barbell reduced injury risk.","Shoulders, Triceps",4.5,Strength Training,168
2595,AM Dumbbell Side Raise,"The dumbbell lateral raise is an upper body isolation exercise for building shoulder strength and muscle. It's a staple strength training move and is a great option for accessory work on upper body training days. This exercise particularly focuses on the lateral or medial head of the deltoid, making them appear wider and more developed.","Shoulders, Deltoids",3.0,Strength Training,168
2596,AM Front Raise,"The alternating dumbbell front raise is an isolation movement that targets the shoulders. By using one arm at a time, you can use more weight than when you use both arms at once. Bodybuilders use this exercise to zero in on the front shoulders, but the simple movement also makes it great for people new to lifting weights.","Shoulders, Deltoids",3.0,Strength Training,168
2597,UP Dumbbell Lateral Raise,"The dumbbell lateral raise is an upper body isolation exercise for building shoulder strength and muscle. It's a staple strength training move and is a great option for accessory work on upper body training days. This exercise particularly focuses on the lateral or medial head of the deltoid, making them appear wider and more developed.","Shoulders, Deltoids",3.0,Strength Training,168
2598,UP Seated Dumbbell Overhead Press,"The seated dumbbell shoulder pressis an exercise for building muscle and strengthening the shoulders, particularly but not exclusively the front heads. The triceps also assist. Some lifters feel that using dumbbells versus a barbell reduced injury risk.","Shoulders, Triceps",4.5,Strength Training,168
2599,AA Incline Bench Dumbbell Reverse Fly,The AA incline bench dumbbell reverse fly is a reverse fly on an incline bench.,"Shoulders, Deltoids, Back",3.0,Bodybuilding,168
2600,CM Forward Shoulder Press,The CM forward shoulder press is a shoulder press with a forward motion.,Shoulders,4.8,Fitness,168
2601,Dumbbell Halo,The dumbbell halo is a shoulder mobility exercise.,Shoulders,2.8,Mobility,96
2602,Standing Dumbbell Scap Raise,The standing dumbbell scap raise is a shoulder exercise focusing on scapular movement.,"Shoulders, Traps",3.0,"Bodybuilding, Rehabilitation",168
2603,Holman Overhead Press,The Holman overhead press is a standard overhead press.,"Shoulders, Triceps",5.0,Strength Training,168
2604,Holman Slow Weighted Half Jack to Overhead Press,The Holman slow weighted half jack to overhead press is a compound exercise.,"Full Body, Shoulders",6.5,"Circuit Training, Fitness",168
2605,Holman Slow Arnold Press,The Holman slow Arnold press is an Arnold press performed slowly.,Shoulders,4.5,Bodybuilding,168
2606,Holman Boat Arnold Press with Feet Push-Out,The Holman boat Arnold press with feet push-out is a compound core and shoulder exercise.,"Abs, Shoulders",5.8,"Fitness, Pilates",168
2607,Holman Dumbbell Hip Drive to Overhead Press,The Holman dumbbell hip drive to overhead press is a push press with dumbbells.,"Full Body, Shoulders, Legs",8.0,"Fitness, HIIT",168
2608,Holman Squat Thrust to Alternating Renegade Triceps Press,The Holman squat thrust to alternating renegade triceps press is a compound conditioning exercise.,"Full Body, Triceps",9.8,"Fitness, HIIT",168
2609,Holman Cheer Press,The Holman cheer press is a specific type of shoulder press.,Shoulders,4.5,Fitness,168
2610,Holman Left Arm Press with Right Arm Hold,The Holman left arm press with right arm hold is a unilateral press with an isometric hold.,Shoulders,5.0,Fitness,168
2611,Holman Right Arm Press with Left Arm Hold,The Holman right arm press with left arm hold is a unilateral press with an isometric hold.,Shoulders,5.0,Fitness,168
2612,Holman Left Front Raise with Right Hold,The Holman left front raise with right hold is a unilateral front raise with an isometric hold.,Shoulders,3.5,Fitness,168
2613,Holman Right Front Raise with Left Hold,The Holman right front raise with left hold is a unilateral front raise with an isometric hold.,Shoulders,3.5,Fitness,168
2614,Holman Alternating Front Raise to Side Raise,The Holman alternating front raise to side raise is a shoulder complex.,Shoulders,3.8,"Bodybuilding, Fitness",168
2615,Holman Heavy Right Arm Overhead Press,The Holman heavy right arm overhead press is a heavy single-arm press.,Shoulders,5.5,Strength Training,168
2616,Holman Heavy Left Arm Overhead Press,The Holman heavy left arm overhead press is a heavy single-arm press.,Shoulders,5.5,Strength Training,168
2617,Holman Right Arm Heavy Overhead Press,The Holman right arm heavy overhead press is a heavy single-arm press.,Shoulders,5.5,Strength Training,168
2618,Holman Right Diagonal Lunge to Overhead Press,The Holman right diagonal lunge to overhead press is a compound exercise.,"Full Body, Legs, Shoulders",7.0,Fitness,168
2619,Holman Left Arm Heavy Overhead Press,The Holman left arm heavy overhead press is a heavy single-arm press.,Shoulders,5.5,Strength Training,168
2620,Holman Weighted Palms-In Overhead Press,The Holman weighted palms-in overhead press is a neutral grip overhead press.,"Shoulders, Triceps",5.0,Strength Training,168
2621,Dumbbell racked carry,"The dumbbell racked carry involves carrying dumbbells for time or distance, while holding them close to the shoulders in a front-racked position. Similar to a dumbbell farmer's carry, it can be a challenging finisher to any workout, or work well in fat-loss circuit training or as an accessory movement to heavy lifts like the deadlift.","Full Body, Shoulders, Abs, Back",7.8,"Fitness, Strength Training",168
2622,Dumbbell clean and push-press,"The dumbbell clean and push-press is a full-body movement that targets both the lower and upper body. The clean utilizes the muscles of the hips, legs, glutes, back, and biceps, while the push-press utilizes the shoulders and triceps. It differs from the clean and press in that the push-press allows you to use lower-body momentum to power through the most difficult part of the press. It can be trained in low to moderate reps for strength, or for higher reps, such as 8-12 reps per set or more, for muscle building or metabolic conditioning.",Full Body,9.0,"Crossfit, Fitness",168
2623,Total Fitness Dumbbell Farmer's Carry,"The dumbbell farmer's walk or carry is an exercise with roots in competitive strongman training, but which is also popular in CrossFit and functional training. It can be a challenging finisher to any workout, or work well in fat-loss circuit training or as an accessory movement to heavy lifts like the deadlift.","Full Body, Forearms, Traps, Abs",8.0,"Crossfit, Strength Training",168
2624,Single-arm dumbbell racked carry,"The single-arm dumbbell racked carry involves carrying a single dumbbell for time or distance, while holding it close to the shoulders in a front-racked position. Similar to a dumbbell farmer's carry, it can be a challenging finisher to any workout, or work well in fat-loss circuit training or as an accessory movement to heavy lifts like the deadlift.","Full Body, Obliques, Shoulders, Back",7.8,"Fitness, Strength Training",168
2625,Jordan Shallow Dumbbell Pull-Over,The Jordan Shallow dumbbell pull-over is a specific type of pull-over.,"Chest, Lats, Back",4.0,Bodybuilding,168
2626,King Maker Dumbbell Lateral Raise,"The dumbbell lateral raise is an upper body isolation exercise for building shoulder strength and muscle. It's a staple strength training move and is a great option for accessory work on upper body training days. This exercise particularly focuses on the lateral or medial head of the deltoid, making them appear wider and more developed.","Shoulders, Deltoids",3.0,Bodybuilding,168
2627,Dumbbell shadow boxing,"The dumbbell shadow boxing is a more advanced version of a popular conditioning exercise. By adding a pair of lightweight dumbbells, you can greatly increase the challenge to both the shoulders and cardiovascular system.","Full Body, Shoulders, Arms",10.0,"Boxing, HIIT, Kickboxing",168
2628,King Maker Dumbbell Farmer's Carry,"The dumbbell farmer's walk or carry is an exercise with roots in competitive strongman training, but which is also popular in CrossFit and functional training. It can be a challenging finisher to any workout, or work well in fat-loss circuit training or as an accessory movement to heavy lifts like the deadlift.","Full Body, Forearms, Traps",8.0,Strength Training,168
2629,King Maker Dumbbell Shrug,"The standing dumbbell shrug is a popular movement to build and strengthen the trapezius muscles. It’s a often trained on a bodybuilding-style shoulder or back training day, but can also work well in full-body or strength-focused training.",Traps,3.0,Bodybuilding,168
2630,30 Shoulders Alternating Dumbbell Front Raise,The 30 Shoulders alternating dumbbell front raise is a standard front raise.,Shoulders,3.0,Bodybuilding,168
2631,30 Shoulders Bent-Over Dumbbell Reverse Fly,The 30 Shoulders bent-over dumbbell reverse fly is a standard reverse fly.,"Shoulders, Back",3.5,Bodybuilding,168
2632,30 Shoulders Dumbbell Front Raise,The 30 Shoulders dumbbell front raise is a standard front raise.,Shoulders,3.0,Bodybuilding,168
2633,30 Shoulders Dumbbell Lateral Raise,The 30 Shoulders dumbbell lateral raise is a standard lateral raise.,Shoulders,3.0,Bodybuilding,168
2634,30 Shoulders Dumbbell Shrug,The 30 Shoulders dumbbell shrug is a standard dumbbell shrug.,Traps,3.0,Bodybuilding,168
2635,30 Shoulders Incline Face-Down Dumbbell Reverse Fly,The 30 Shoulders incline face-down dumbbell reverse fly is a reverse fly on an incline bench.,"Shoulders, Back",3.0,Bodybuilding,168
2636,30 Shoulders Seated Dumbbell Front Raise,The 30 Shoulders seated dumbbell front raise is a seated front raise.,Shoulders,3.0,Bodybuilding,168
2637,30 Shoulders Seated Dumbbell Side Raise,The 30 Shoulders seated dumbbell side raise is a seated lateral raise.,Shoulders,3.0,Bodybuilding,168
2638,30 Shoulders Neutral-Grip Arnold Press,The 30 Shoulders neutral-grip Arnold press is an Arnold press with a neutral grip.,Shoulders,4.8,Bodybuilding,168
2639,30 Shoulders Standing Dumbbell Upright Row,The 30 Shoulders standing dumbbell upright row is a standard upright row.,"Shoulders, Traps",4.0,Bodybuilding,168
2640,MetaBurn 3-Way Shoulder Raise,The MetaBurn 3-way shoulder raise is a shoulder complex.,"Shoulders, Deltoids",4.0,"Bodybuilding, Fitness",168
2641,MetaBurn Dumbbell Overhead Press,The MetaBurn dumbbell overhead press is a standard overhead press.,"Shoulders, Triceps",5.0,Strength Training,168
2642,MetaBurn Single-Leg Arnold Press,The MetaBurn single-leg Arnold press is a unilateral Arnold press.,"Shoulders, Abs",5.5,Fitness,168
2643,RG Forward-Leaning Dumbbell Upright Row,The RG forward-leaning dumbbell upright row is an upright row with a forward lean.,"Shoulders, Traps",4.2,Bodybuilding,168
2644,RG Alternating Seated Dumbbell Lateral Raise,The RG alternating seated dumbbell lateral raise is a seated lateral raise with alternating arms.,Shoulders,3.0,Bodybuilding,168
2645,RG Seated Dumbbell Shoulder Press,The RG seated dumbbell shoulder press is a standard seated dumbbell press.,"Shoulders, Triceps",4.5,Bodybuilding,168
2646,FYR2 Dumbbell Clean and Jerk,The FYR2 dumbbell clean and jerk is a clean and jerk with dumbbells.,Full Body,10.0,Crossfit,192
2647,FYR2 Dumbbell Cross-Body Front Raise,The FYR2 dumbbell cross-body front raise is a front raise across the body.,Shoulders,3.0,Bodybuilding,168
2648,FYR2 Dumbbell Front Raise,The FYR2 dumbbell front raise is a standard front raise.,Shoulders,3.0,Bodybuilding,168
2649,FYR2 Dumbbell Lateral Raise,The FYR2 dumbbell lateral raise is a standard lateral raise.,Shoulders,3.0,Bodybuilding,168
2650,FYR2 Lateral Raise Hold,The FYR2 lateral raise hold is an isometric lateral raise.,Shoulders,2.5,Bodybuilding,168
2651,FYR2 Seesaw Dumbbell Military Press,The FYR2 seesaw dumbbell military press is an alternating military press.,"Shoulders, Triceps",5.2,Fitness,168
2652,FYR2 Single-Dumbbell Halo,The FYR2 single-dumbbell halo is a shoulder mobility exercise.,Shoulders,2.8,Mobility,96
2653,FYR2 Single-Dumbbell Overhead Press,The FYR2 single-dumbbell overhead press is an overhead press with one dumbbell.,"Shoulders, Triceps, Obliques",4.8,Fitness,168
2654,Car driver,"The car driver is a variation of the plate front raise exercise where the lifter holds a weight plate in front of them and twists it from side to side, similar to a steering wheel. It targets the muscles of the shoulders, the front or anterior deltoids in particular, but is also challenging to the core and upper-back muscles. It can provide variety in a shoulder-focused muscle-building workout or as part of an upper-body or full-body circuit.","Shoulders, Abs",3.5,"Fitness, Strength Training",144
2655,Arnold press,"Named after the iconic bodybuilder and movie star, the Arnold press adds rotation to a classic shoulder press. It allows the hands to rotate naturally, while also hitting all three heads of the deltoids in one motion. It is usually performed for moderate to high reps, such as 8-12 reps or more, as part of the upper-body or shoulder-focused portion of a workout.","Shoulders, Deltoids, Triceps",4.8,Bodybuilding,168
2656,Front Plate Raise,"The plate front raise is a variation of the dumbbell front raise where the lifter holds a weight plate between two hands, rather than using a dumbbell, barbell, or other weight. It can provide variety in a shoulder-focused muscle-building workout, or as part of an upper body or full-body circuit.","Shoulders, Deltoids",3.0,Bodybuilding,168
2657,Battle ropes,"Battle ropes are an explosive training tool that involves moving the rope in waves with the other end of the rope anchored at ground level. There are many different types of waves, but the most common is alternating waves with the left and right hands. The battle ropes can be performed for short bursts as power training, for longer durations as cardiovascular training, or as a component of a conditioning or fat-loss circuit.","Full Body, Shoulders, Arms, Back, Abs",12.0,"Crossfit, Fitness, HIIT",192
2658,Seated rear delt fly,"The seated rear delt fly is an upper-body exercise that targets the real deltoid of the shoulder. By performing the movement seated, it eliminates momentum from the rest of the body. This movement is usually performed for moderate to high reps, such as 8-12 reps per set or more, as part of the upper-body or shoulder-focused portion of a workout.","Shoulders, Deltoids, Back",3.0,Bodybuilding,168
2659,Circus Bell,The circus bell is a type of large dumbbell used in strongman.,Full Body,9.0,Strength Training,216
2660,Landmine Linear Jammer,"The linear jammer is an explosive pressing movement performed using an angled barbell anchored at floor level in a landmine device. It can also be performed by sticking a barbell in the corner of a room, preferably in a towel to protect the walls. The linear jammer involves pressing the weight into the air, then catching it with the other hand. The movement focuses primarily on the muscles of the shoulders or deltoids. It can be trained in traditional muscle and strength-focused rep ranges, for lower reps with a focus on explosive pressing power, or for higher reps.","Shoulders, Full Body",7.0,"Fitness, Sports Performance",192
2661,Crucifix,The crucifix is an isometric shoulder hold.,Shoulders,4.0,"Gymnastics, Strength Training",192
2662,Bar shoulder extension stretch,The bar shoulder extension stretch is a technique to increase overhead mobility (known as shoulder flexion) and thoracic extension with the help of a bar or other stable object. It is often used as part of a warm-up before upper-body training.,Shoulders,1.8,Mobility,84
2663,Chair Upper Body Stretch,The chair upper body stretch is a stretch for the upper body using a chair.,"Shoulders, Chest, Back",1.5,Mobility,72
2664,Sled Reverse Flye,The sled reverse fly is a reverse fly with a sled.,"Shoulders, Back",5.0,Fitness,192
2665,Plate shoulder circle big to small,"The plate shoulder circle big to small is an exercise targeting the shoulder complex. Typically, this is considered a warm-up move rather than a working exercise. It warms up the shoulder joint and works small and hard-to-attack muscles such as the rotator cuff group.",Shoulders,2.5,Mobility,96
2666,Sled Overhead Backward Walk,The sled overhead backward walk is a conditioning exercise.,"Full Body, Shoulders",11.5,"Fitness, Strength Training",192
2667,Log Lift,The log lift is a strongman event.,Full Body,10.0,Strength Training,216
2668,Standing suspended rear delt fly,"The standing suspended rear delt fly is a bodyweight movement targeting the shoulders and upper back using a suspension strap system or gymnastic rings. It can be performed for time or reps as part of a dynamic warm-up for an upper-body strength workout, or in the workout itself either in traditional muscle-building rep ranges or for higher reps.","Shoulders, Back",3.5,"Calisthenics, Suspension Training",168
2669,Waiter's carry,"The waiter's carry is a type of loaded carry that targets the core, shoulders, and upper back. A weight is raised overhead with a single arm before the lifter begins walking in that position. It resembles a waiter carrying a tray overhead—hence the name. It can be performed for time or distance.","Shoulders, Abs, Obliques, Full Body",7.5,"Fitness, Strength Training",192
2670,Towel dumbbell front raise,The towel dumbbell front raise is a variation of the dumbbell front raise that involves hanging a dumbbell from a towel held in the hands. It could also be performed with a kettlebell or weight plate. It can provide variety in a shoulder-focused muscle-building workout or as part of an upper-body or full-body circuit.,"Shoulders, Forearms",3.5,"Fitness, Strength Training",168
2671,Reach-roll-lift combo,"The reach-roll-lift combo is a mobility drill for the upper back and shoulders. It can be part of a dynamic warm-up for upper-body workouts, or as postural training anytime.","Shoulders, Back",2.0,"Mobility, Rehabilitation",84
2672,Upright Row - Gethin Variation,The barbell upright row is a barbell exercise that builds stronger and bigger traps. Many lifters combine this move with either their back or shoulder workout since it involves both body parts.,"Shoulders, Traps",4.0,Bodybuilding,192
2673,Squat Press Shoulder Press - Gethin Variation,The squat press shoulder press - Gethin variation is a specific type of thruster.,Full Body,10.5,"Fitness, HIIT",192
2674,Plate lateral raise,"The plate lateral raise is an exercise targeting the side heads of the shoulder muscles or deltoids. It closely resembles the more popular dumbbell lateral raise, but is performed with light plates, making the movement slightly more difficult. It is usually performed for moderate to high reps as part of a shoulder or upper-body workout.","Shoulders, Deltoids",3.0,Bodybuilding,168
2675,Standing Military Press - Gethin Variation,"The military press is a compound movement used to build size and strength in the shoulders. It was once contested as a fourth powerlift, but is rarely competed anymore. However, being able to press a significant weight overhead remains a popular marker of upper-body strength. The military press can be trained as a strength lift or in traditional muscle-building rep ranges as part of full-body, shoulder-focused, or upper-body training.","Shoulders, Triceps",5.0,Strength Training,192
2676,Bent-over plate rear delt raise,"The bent-over plate rear delt raise is an exercise targeting the rear heads of the shoulders, or deltoids. You can also use dumbbells or other light weights for a similar effect. This movement is usually performed as part of a dynamic warm-up or as a high-rep burnout movement on a shoulder or back day.","Shoulders, Deltoids, Back",3.0,Bodybuilding,168
2677,Single-arm landmine press,"The single-arm landmine press is an upper-body exercise that uses an angled barbell anchored at floor level in a landmine device. It can also be performed by sticking a barbell in the corner of a room, preferably in a towel to protect the walls. The angle of a landmine press is usually somewhere between an incline press and a military press, and the movement focuses primarily on the muscles of the shoulders or deltoids. It can be trained in traditional muscle and strength-focused rep ranges or for higher reps.","Shoulders, Triceps, Obliques",5.0,"Fitness, Strength Training",192
2678,Plate front raise,"The plate front raise is a variation of the front raise where the lifter holds a weight plate between two hands, rather than using a dumbbell, barbell, or other weight. It can provide variety in a shoulder-focused muscle-building workout, or as part of an upper body or full-body circuit.",Shoulders,3.0,Bodybuilding,168
2679,Holman Slow Overhead Press,The Holman slow overhead press is an overhead press performed slowly.,"Shoulders, Triceps",4.5,Bodybuilding,168
2680,30 Shoulders Plate Front Raise,The 30 Shoulders plate front raise is a front raise with a weight plate.,Shoulders,3.0,Bodybuilding,168
2681,Single-arm landmine push-press,"The single-arm landmine push-press is an explosive upper-body exercise that uses an angled barbell anchored at floor level in a landmine device. It can also be performed by sticking a barbell in the corner of a room, preferably in a towel to protect the walls. The angle of a landmine press is usually somewhere between an incline press and a military press, and the movement focuses primarily on the muscles of the shoulders or deltoids. It can be trained in traditional muscle and strength-focused rep ranges or for higher reps.","Shoulders, Legs, Full Body",7.5,"Fitness, Sports Performance",192
2682,Single-arm cable front raise,"The single-arm cable front raise is an isolation exercise targeting the anterior and medial deltoids or shoulder muscles. The single-arm version of this movement allows you to focus on each side independently. Because grip will be a limitation, it is usually performed for moderate to high reps, at least 8-12 reps per set, as part of an upper-body or shoulder-focused workout.","Shoulders, Deltoids",3.0,Bodybuilding,168
2683,Cable Internal Rotation,The cable internal rotation is a shoulder health exercise.,Shoulders,2.0,"Baseball, Rehabilitation, Tennis",144
2684,Seated face pull,"The seated face pull is a cable exercise targeting the shoulder muscles, particularly the rear delts, and the muscles of the upper back. This can help build healthier shoulders and posture, and increase shoulder stability. It is usually performed for moderate to high reps as part of a dynamic warm-up for an upper-body workout or in the main part of a shoulder-focused workout.","Shoulders, Back, Traps",3.0,"Bodybuilding, Rehabilitation, Strength Training",144
2685,Single-arm bent-over cable rear delt fly,"The single-arm bent-over cable rear delt fly is an exercise targeting the rear deltoids. It is a great way to isolate this area of the shoulder and attack each side independently. It is usually performed for moderate to high reps, at least 8-12 reps per set, as part of an upper-body or shoulder-focused workout.","Shoulders, Deltoids, Back",3.0,Bodybuilding,168
2686,Seated cable shoulder press,"The seated cable shoulder press is a multijoint machine-based exercise that focuses on the deltoid or shoulder muscles, as well as the triceps. It's most common in muscle-building workouts and rep ranges, usually 8-12 reps or more.","Shoulders, Triceps",4.0,Bodybuilding,168
2687,Standing face pull,"The standing face pull is an isolation exercise primarily targeting the rear deltoids, traps, and upper back. It is most often performed with a rope attachment.","Shoulders, Back, Traps",3.0,"Bodybuilding, Rehabilitation, Strength Training",144
2688,Standing cable rear delt row,"The standing cable rear delt row primarily targets the rear deltoids. This movement also hits the traps, rhomboids, and biceps. It is usually performed for moderate to high reps, at least 8-12 reps per set, as part of an upper-body or shoulder-focused workout.","Shoulders, Deltoids, Back",3.5,Bodybuilding,168
2689,Standing Low-Pulley Deltoid Raise,"The single-arm cable lateral raise is an isolation exercise targeting the shoulders, specifically the medial deltoid. This movement also hits the traps and upper back, and allows you to focus on each side independently. Because grip is a limitation, it is usually performed for moderate to high reps, like at least 8-12 reps per set, as part of an upper body or shoulders-focused workout.","Shoulders, Deltoids",3.0,Bodybuilding,168
2690,Standing crossed-cable rear delt fly,"The standing crossed-cable rear delt fly is an isolation exercise for the rear deltoids. It is usually performed for moderate to high reps, at least 8-12 reps per set, as part of an upper-body or shoulder-focused workout.","Shoulders, Deltoids, Back",3.0,Bodybuilding,168
2691,Cable Shoulder Press,The cable shoulder press is a shoulder press with a cable machine.,"Shoulders, Triceps",4.0,Bodybuilding,168
2692,Alternating Cable Shoulder Press,The alternating cable shoulder press is a shoulder press with alternating arms.,"Shoulders, Triceps, Obliques",4.5,"Bodybuilding, Fitness",168
2693,Cable Seated Lateral Raise,The cable seated lateral raise is a seated lateral raise with a cable.,"Shoulders, Deltoids",3.0,Bodybuilding,168
2694,Single-arm lying cable front raise,"The single-arm lying cable front raise is an isolation exercise for the shoulders, performed lying on the back, either on a bench or the ground, and lifting the cable over the torso one arm at a time. This movement is usually performed for moderate to high reps for a burn and pump as part of a shoulder-focused workout.",Shoulders,3.0,Bodybuilding,168
2695,Lying cable front raise,"The lying cable front raise is an isolation exercise for the shoulders, particularly the front deltoids. It is performed lying on the back, either on a bench or the ground, with the cable lifted over the torso. This movement is usually performed for moderate to high reps for a burn and pump as part of a shoulder-focused workout.",Shoulders,3.0,Bodybuilding,168
2696,Cable Rear Delt Fly - Gethin Variation,"The standing crossed-cable rear delt fly is an isolation exercise for the rear deltoids. It is usually performed for moderate to high reps, at least 8-12 reps per set, as part of an upper-body or shoulder-focused workout.","Shoulders, Deltoids, Back",3.0,Bodybuilding,168
2697,One-Arm Cable Side Raise - Gethin Variation,"The single-arm cable lateral raise is an isolation exercise targeting the shoulders, specifically the medial deltoid. This movement also hits the traps and upper back, and allows you to focus on each side independently. Because grip is a limitation, it is usually performed for moderate to high reps, like at least 8-12 reps per set, as part of an upper body or shoulders-focused workout.","Shoulders, Deltoids",3.0,Bodybuilding,168
2698,Rope Face Pull - Gethin Variation,"The standing face pull is an isolation exercise primarily targeting the rear deltoids, traps, and upper back. It is most often performed with a rope attachment.","Shoulders, Back, Traps",3.0,Bodybuilding,144
2699,Lying cable lateral raise,"The lying cable lateral raise is an isolation exercise that targets the medial or middle deltoid muscle of the shoulders. It is most common in muscle-building shoulder or upper-body workouts, usually in higher rep ranges of at least 8-12 reps per set.","Shoulders, Deltoids",3.0,Bodybuilding,168
2700,Seated cable row,"The cable seated row is a popular exercise to train the muscles of the upper back, including the lats (latissimus dorsi), traps, rhomboids, and rear deltoids, using a cable stack. It also targets the biceps to a lesser degree. The cable row can work well in a variety of rep ranges but is most popular in muscle-building workouts or as an accessory movement for strength workouts.","Back, Lats, Biceps",4.0,Bodybuilding,168
2701,Single-arm cable lateral raise,"The single-arm cable lateral raise is an isolation exercise targeting the shoulders, specifically the medial deltoid. This movement also hits the traps and upper back and allows you to focus on each side independently. Because grip is a limitation, it is usually performed for moderate to high reps, at least 8-12 reps per set, as part of an upper-body or shoulder-focused workout.","Shoulders, Deltoids",3.0,Bodybuilding,168
2702,UP Cable Face Pull,"The standing face pull is an isolation exercise primarily targeting the rear deltoids, traps, and upper back. It is most often performed with a rope attachment.","Shoulders, Back, Traps",3.0,Bodybuilding,144
2703,AA Cable Leaning Side Raise,The AA cable leaning side raise is a lateral raise with a lean.,"Shoulders, Deltoids",3.0,Bodybuilding,168
2704,30 Shoulders Bent-Over Low Cable Reverse Fly,The 30 Shoulders bent-over low cable reverse fly is a reverse fly with a cable.,"Shoulders, Back",3.0,Bodybuilding,168
2705,30 Shoulders Cable Rope Face Pull,The 30 Shoulders cable rope face pull is a standard face pull.,"Shoulders, Back, Traps",3.0,Bodybuilding,144
2706,30 Shoulders Cable Straight-Bar Front Raise,The 30 Shoulders cable straight-bar front raise is a front raise with a cable.,Shoulders,3.0,Bodybuilding,168
2707,30 Shoulders Cable Straight-Bar Upright Row,The 30 Shoulders cable straight-bar upright row is an upright row with a cable.,"Shoulders, Traps",3.8,Bodybuilding,168
2708,30 Shoulders High Cable Reverse Fly,The 30 Shoulders high cable reverse fly is a reverse fly with a high cable.,"Shoulders, Back",3.0,Bodybuilding,168
2709,30 Shoulders Single-Arm Bent-Over Cable Reverse Fly,The 30 Shoulders single-arm bent-over cable reverse fly is a unilateral reverse fly.,"Shoulders, Back",3.0,Bodybuilding,168
2710,30 Shoulders Single-Arm Cable Front Raise,The 30 Shoulders single-arm cable front raise is a unilateral front raise.,Shoulders,3.0,Bodybuilding,168
2711,30 Shoulders Single-Arm Leaning Cable Lateral Raise,The 30 Shoulders single-arm leaning cable lateral raise is a unilateral lateral raise.,Shoulders,3.0,Bodybuilding,168
2712,RG 3-Way Single-Arm Rear Delt Cable Fly,The RG 3-way single-arm rear delt cable fly is a rear delt complex.,"Shoulders, Back",3.5,Bodybuilding,168
2713,RG Single-Arm Cross-Body Cable Front Raise,The RG single-arm cross-body cable front raise is a unilateral cross-body front raise.,Shoulders,3.0,Bodybuilding,168
2714,Smith machine shoulder press,"The Smith machine shoulder press is a machine-based exercise targeting the deltoid muscles. The Smith machine mimics a barbell but provides more stability. This movement can be programmed in low reps for strength or higher reps for muscle and strength endurance. It is often performed for moderate to high reps, such as 8-12 reps per set or more, as part of a shoulder or upper-body focused workout.","Shoulders, Triceps",4.5,Bodybuilding,192
2715,Machine shoulder press,"The machine shoulder press is a machine-based exercise targeting the deltoid muscles. It approximates the motion of a free-weight shoulder press, but uses a selectorized weight-stack or plate-loaded machine. Many such machines also allow you to choose between different grips and grip widths. Machine shoulder presses are often done for moderate to high reps, such as 8-12 reps per set or more, as part of the upper-body or shoulder-focused portion of a workout.","Shoulders, Triceps",4.5,Bodybuilding,168
2716,Reverse Machine Flyes,"The machine rear delt fly is an exercise targeting the rear head of the shoulder muscle or deltoids, as well as the muscles of the upper back. It's sort of the reverse of the machine chest fly, and is sometimes performed on the same machine, but facing the opposite direction. Because it targets such small muscles, this exercise is usually performed with light weight for high reps, such as 10-15 reps per set or more.","Shoulders, Deltoids, Back",2.5,Bodybuilding,168
2717,Single-arm Smith machine upright row,"The single-arm Smith machine upright row is an upper-body exercise targeting the muscles of the traps and shoulders. This movement is often performed for moderate to high reps, such as 8-12 reps per set or more, as part of an upper-body or shoulder-focused workout.","Shoulders, Traps",3.8,Bodybuilding,192
2718,Machine Lateral Raise,The machine lateral raise is a lateral raise on a machine.,"Shoulders, Deltoids",3.0,Bodybuilding,168
2719,Smith machine behind-the-neck press,"The Smith machine behind-the-neck press is a machine-based exercise targeting the deltoids. The Smith machine mimics a barbell but provides more stability. This movement can be programmed in low reps for strength or higher reps for muscle and strength endurance. It is often performed for moderate to high reps, such as 8-12 reps per set or more, as part of a shoulder or upper-body focused workout.","Shoulders, Traps, Triceps",4.5,Bodybuilding,216
2720,Smith Machine Behind-The-Neck Press - Gethin Variation,"The Smith machine behind-the-neck press is a machine-based exercise targeting the deltoids. The Smith machine mimics a barbell but provides more stability. This movement can be programmed in low reps for strength or higher reps for muscle and strength endurance. It is often performed for moderate to high reps, such as 8-12 reps per set or more, as part of a shoulder or upper-body focused workout.","Shoulders, Traps, Triceps",4.5,Bodybuilding,216
2721,30 Shoulders Leg Press Shoulder Press,The 30 Shoulders leg press shoulder press is a compound exercise.,"Shoulders, Legs",7.0,Fitness,192
2722,30 Shoulders Machine Shoulder Press,The 30 Shoulders machine shoulder press is a shoulder press on a machine.,"Shoulders, Triceps",4.5,Bodybuilding,168
2723,30 Shoulders Pec-Deck Reverse Fly,The 30 Shoulders pec-deck reverse fly is a reverse fly on a pec-deck machine.,"Shoulders, Deltoids, Back",2.5,Bodybuilding,168
2724,30 Shoulders Smith Machine Behind-The-Head Press,The 30 Shoulders Smith machine behind-the-head press is a behind-the-neck press on a Smith machine.,"Shoulders, Traps, Triceps",4.5,Bodybuilding,216
2725,30 Shoulders Smith Machine Shoulder Press,The 30 Shoulders Smith machine shoulder press is a shoulder press on a Smith machine.,"Shoulders, Triceps",4.5,Bodybuilding,192
2726,Handstand push-up,"The handstand push-up is an exercise targeting the shoulders, although other muscles assist in the completion of the reps. It is common in both CrossFit workouts and advanced bodyweight or calisthenics training. Given the degree of difficulty, beginners will need to progress to this move.","Shoulders, Triceps, Abs",8.5,"Calisthenics, Crossfit, Gymnastics",192
2727,Upward Stretch,The upward stretch is a simple overhead stretch.,"Shoulders, Back",1.5,"Mobility, Yoga",72
2728,Shoulder Circles,Shoulder circles are a mobility exercise.,Shoulders,1.5,Mobility,72
2729,Cross-body shoulder stretch,"The cross-body shoulder stretch targets increased flexibility in the shoulders. It is a common inclusion in upper-body dynamic warm-ups prior to training or sports, but can also be performed anytime to ""limber up"" the upper body.",Shoulders,1.5,Mobility,72
2730,Arm circle,"The arm circle is a non-weighted exercise targeting the shoulders. It involves extending your arms to the sides and drawing small circles in the air with your hands. It is common in warm-ups for both training and athletics, and is often performed simply until someone feels a burn, rather than for a set amount of reps.",Shoulders,2.5,Mobility,72
2731,Seated Front Deltoid,This refers to seated front deltoid exercises.,"Shoulders, Deltoids",3.0,Bodybuilding,168
2732,Shoulder Raise,This refers to general shoulder raises.,Shoulders,3.0,Bodybuilding,168
2733,Hand Stand Push-Up,"The handstand push-up is an exercise targeting the shoulders, although other muscles assist in the completion of the reps. It is common in both CrossFit workouts and advanced bodyweight or calisthenics training. Given the degree of difficulty, beginners will want to progress to this move.","Shoulders, Triceps, Abs",8.5,"Calisthenics, Crossfit, Gymnastics",192
2734,Wall walk,"The wall walk is a challenging exercise that works the entire body. From a push-up position, the hands walk back as the feet walk up the wall, then the whole movement is reversed. This is not for beginners, who will need to progress to this exercise.","Shoulders, Abs, Full Body",7.5,"Calisthenics, Crossfit, Gymnastics",168
2735,Return Push from Stance,The return push from stance is a martial arts or athletic drill.,Full Body,6.0,Martial Arts,144
2736,Wall shoulder tap,"The wall shoulder tap is a bodyweight shoulder exercise that is a popular movement for gymnasts, cheerleaders, and other athletes who need to spend a lot of time in dynamic handstand movements. Beginning in a handstand position with toes touching the wall, one hand is raised to touch the opposing shoulder. This continues in alternating fashion for the duration of the set.","Shoulders, Abs, Obliques",7.0,"Calisthenics, Cheerleading, Gymnastics",168
2737,Bear crawl shoulder tap,"The bear crawl shoulder tap is a variation of the bear crawl that involves touching the opposing shoulder while in a static bear crawl hold. It adds an extra coordination and core challenge to an already intense full-body movement that targets the cardiovascular system as well as a wide range of muscle groups. It can be done as a full-body warm-up, or as part of a bodyweight circuit or flow.","Full Body, Shoulders, Abs, Obliques",6.0,"Animal Flow, Fitness",144
2738,Shadow boxing,"Shadow boxing is an exercise typically used in combat sports and fighting. However, it can also make a great cardio session for anyone to implement in a fast-paced circuit or as active rest. It is usually performed for time or rounds.","Full Body, Shoulders, Arms",9.0,"Boxing, Kickboxing, Martial Arts",120
2739,Bear crawl fire feet,"Bear crawl fire feet is a variation of the bear crawl that involves running in place while in a static bear crawl hold. It adds an extra coordination and full-body challenge to an already intense full-body movement that targets the cardiovascular system as well as a wide range of muscle groups. It can be done as a full-body warm-up, or as part of a bodyweight circuit or flow.","Full Body, Shoulders, Abs, Legs",8.0,"Animal Flow, Fitness, HIIT",144
2740,Wall sprawl,"The wall sprawl is a bodyweight exercise targeting the shoulders, although numerous other muscles are recruited to complete the exercise. From an all-fours position, you kick up onto the wall, then back down. It's a serious cardiovascular challenge that is usually performed as part of a fat-loss or athleticism-focused workout.","Full Body, Shoulders",9.5,"Fitness, HIIT",168
2741,Bent Over Shoulder Y,"The lying rear delt Y works the shoulders, specifically the rear heads. The range of motion differs from the lying rear delt fly. At the midpoint, the arms and torso form a Y—hence the name.","Shoulders, Back",3.0,"Bodybuilding, Rehabilitation",144
2742,Shoulder L,"The bent-over shoulder rotation is an upper-body exercise that helps strengthen the muscles around the rotator cuff for a stable shoulder joint. It is usually performed as part of a dynamic warm-up for the shoulders. It can be performed with body weight, light dumbbells or weight plates, or bands.",Shoulders,2.5,"Mobility, Rehabilitation",96
2743,Shoulder Dislocation Stretch-Dowel,The shoulder dislocation stretch with a dowel is a shoulder mobility exercise.,Shoulders,2.0,"Mobility, Olympic Weightlifting",84
2744,TBS Inverted Row,"The Smith machine inverted row is a bodyweight exercise targeting the muscles of the lats (latissimus dorsi) and upper back, using the bar of the Smith machine to hang and pull from. You can change the bar height to customize the difficulty level and desired angle of the row. This variation is usually performed for moderate to high reps, such as 8-12 reps per set or more.","Back, Biceps",4.5,Calisthenics,144
2745,PVC Shoulder Stretch,The PVC shoulder stretch is a shoulder mobility exercise with a PVC pipe.,Shoulders,2.0,"Mobility, Olympic Weightlifting",84
2746,Shoulder T,"The bent-over plate rear delt raise is an exercise targeting the rear heads of the shoulders, aka deltoids. You can also use dumbbells or other light weights for a similar effect. This movement is usually performed as part of a dynamic warm-up, or as a high-rep burnout movement on a shoulder or back day.","Shoulders, Back",3.0,"Bodybuilding, Rehabilitation",144
2747,HM Arm Circle,The HM arm circle is a dynamic warm-up.,Shoulders,2.5,Mobility,72
2748,HM Shoulder Stretch,The HM shoulder stretch is a general shoulder stretch.,Shoulders,1.5,Mobility,72
2749,HM Shoulder Stretch on Floor,The HM shoulder stretch on the floor is a shoulder stretch performed on the floor.,Shoulders,1.5,Mobility,72
2750,HM Shoulder Tap,The HM shoulder tap is a core stability exercise.,"Abs, Shoulders, Obliques",4.0,Fitness,120
2751,HM Hand-On-Wall Stretch,The HM hand-on-wall stretch is a chest and shoulder stretch.,"Chest, Shoulders",1.5,Mobility,72
2752,HM Jumping Arm Circle,The HM jumping arm circle is a dynamic warm-up.,"Full Body, Shoulders",6.0,Mobility,84
2753,Kipping Clapping Pull-Up,The kipping clapping pull-up is an advanced plyometric pull-up.,"Back, Lats, Biceps, Full Body",8.5,"Calisthenics, Crossfit",192
2754,Holman Kneeling Overhead Press to Donkey Kick,The Holman kneeling overhead press to donkey kick is a compound exercise.,"Full Body, Shoulders, Glutes",6.5,"Circuit Training, Fitness",168
2755,Floor angel,The floor angel is a stretch targeting shoulder mobility and activation of the shoulder stabilizer muscles. It also targets a range of postural muscles in the upper back.,"Shoulders, Back",2.0,"Mobility, Rehabilitation",84
2756,Shoulder extension stretch,"The shoulder extension stretch is focused on bringing more flexibility to the shoulder joint. It increases range of motion in shoulder extension, or moving the arms behind the back. It can be performed as part of a warm-up or mobility and flexibility work post-workout or anytime.",Shoulders,1.5,Mobility,72
2757,Backward Medicine Ball Throw,The backward medicine ball throw is a power exercise.,Full Body,7.5,"Athletics, Sports Performance",168
2758,Medicine ball scoop throw,"The medicine ball scoop throw is an explosive exercise targeting the abdominals and hips. It can be performed for lower reps with a focus on power or for higher reps with a focus on fat loss and conditioning. It begins in a semi-squat position holding a medicine ball, which then gets ""scooped"" up and thrown overhead in one continuous movement.","Full Body, Abs, Shoulders, Legs",8.5,"Athletics, Fitness",168
2759,Standing Two-Arm Overhead Throw,The standing two-arm overhead throw is a medicine ball exercise.,"Full Body, Shoulders, Abs",6.5,Fitness,168
2760,Incline face-down bar front raise,"The incline face-down bar front raise is an upper-body exercise targeting the shoulders. Because it is performed face down on an angled bench, it has a greater range of motion than standing or upright-seated raises and hits the shoulders from a different angle. Raise variations are usually performed for moderate to high reps, such as 8-12 reps per set or more, as part of upper-body or shoulder-focused training.",Shoulders,3.5,Bodybuilding,192
2761,Incline anti-gravity shoulder press,"The incline anti-gravity shoulder press is an upper-body exercise targeting the shoulders and upper back. It works the rear delts and upper-back muscles isometrically to hold the weight up, while dynamically training the lateral and front delts. Because of the challenge of holding the weight up, this press variation is usually performed with relatively light weights for moderate reps, such as 8-12 reps per set or more, as part of upper-body or shoulder training.","Shoulders, Back",4.0,"Bodybuilding, Fitness",168
2762,30 Shoulders EZ-Bar Front Raise,The 30 Shoulders EZ-bar front raise is a front raise with an EZ-bar.,Shoulders,3.0,Bodybuilding,192
2763,Side Wrist Pull,The side wrist pull is a stretch for the wrist and forearm.,Forearms,1.5,Mobility,72
2764,Elbow Circles,Elbow circles are a mobility exercise.,Arms,1.5,Mobility,72
2765,Kneeling Arm Drill,The kneeling arm drill is a warm-up or mobility drill.,"Arms, Shoulders",2.5,Mobility,84
2766,Bent-over shoulder rotation,"The bent-over shoulder rotation is an upper-body exercise that helps strengthen the muscles around the rotator cuff for a stable shoulder joint. It is usually performed as part of a dynamic warm-up for the shoulders. It can be performed with body weight, light dumbbells or weight plates, or bands.",Shoulders,2.5,"Mobility, Rehabilitation",96
2767,Band overhead triceps press,"The band overhead triceps press is a dynamic arm exercise utilizing a looped exercise band. It could also be performed with an exercise band with handles. It targets the triceps muscles and can be performed for time or reps, either in traditional muscle-building rep ranges such as 12-15 reps per set, or higher rep ranges such as 30, 50, or more.","Triceps, Arms",3.0,"Bodybuilding, Home Workouts",144
2768,Band overhead triceps extension,"The band overhead triceps extension is a single-joint exercise focused on the triceps that uses the dynamic resistance of the band. The overhead position of the arms targets the long head of the triceps. Many lifters save this move for last in their triceps workout, performing it for moderate to high reps, such as 8-12 reps or more per set.","Triceps, Arms",3.0,"Bodybuilding, Home Workouts",144
2769,Band straight-arm pull-down,"The band straight-arm pull-down is a non-gym or at home variation of the straight-arm lat pull-down performed using a cable stack machine. It can either be performed in an athletic upright stance, or slightly bent over. It both stretches and contracts the muscles of the lats (latissimus dorsi) as well as providing additional activation to the other upper back muscles and the core. Because the triceps are also isometrically involved in the movement, it is usually performed for higher reps, such as 8-15 reps or more.","Lats, Back",3.5,"Home Workouts, Strength Training",144
2770,Band skullcrusher,The band skullcrusher is a variation of the popular bench exercise targeting the triceps muscles. It is usually performed for moderate to high reps as part of an upper-body or arm-focused workout.,"Triceps, Arms",3.5,"Bodybuilding, Home Workouts",144
2771,Single-arm band kick-back,"The single-arm band kick-back is an isolation exercise that targets the triceps. This is a common burnout move performed for moderate to high reps, such as 8-12 reps per set or more, as part of an upper-body or arm-focused workout.","Triceps, Arms",2.5,"Bodybuilding, Home Workouts",144
2772,Incline EZ-bar skullcrusher,The incline EZ-bar skullcrusher is a popular exercise targeting the triceps muscles. The incline angle helps to target the long head of the triceps in particular. This exercise is usually performed for moderate to high reps as part of an upper-body or arm-focused workout.,"Triceps, Arms",4.0,Bodybuilding,192
2773,Decline Close-Grip Bench To Skull Crusher,The decline close-grip bench to skull crusher is a triceps compound set.,"Triceps, Chest",5.5,Bodybuilding,192
2774,Bench Press - Powerlifting,The bench press - powerlifting is a bench press with a focus on moving maximal weight.,"Chest, Triceps, Shoulders",6.0,Strength Training,192
2775,Behind-the-head skullcrusher,"The behind-the-head skullcrusher is a variation on a triceps exercise that has been a staple of bodybuilders for decades. In this version, instead of the bar coming down lightly to the forehead, the bar tracks over the top of the head without touching it. Skullcrushers are usually performed for moderate to high reps, such as 8-12 reps per set or more, as part of an upper-body or arm-focused workout. If a straight bar is uncomfortable for your wrists or elbows, try using an angled EZ-bar.","Triceps, Arms",4.0,Bodybuilding,192
2776,Standing barbell overhead triceps extension,"The standing barbell overhead triceps extension is an isolation movement targeting the triceps. The overhead position targets the long head of the triceps in particular. This movement is generally performed for moderate to high reps as part of the arms-focused portion of a workout. If holding a straight bar bothers the wrists or elbows, it can alternately be performed with an EZ-bar or neutral-grip bar.","Triceps, Arms",3.5,Bodybuilding,192
2777,Reverse-grip bench press,"The reverse-grip bench press is a popular barbell exercise targeting the chest, triceps, and forearms. The main difference between this exercise and the standard bench press is that the grip is underhand, not overhand. This helps target both the upper chest and the triceps. This lift can feel awkward at first, so go light and don't be afraid to use a spotter.","Chest, Triceps, Forearms, Shoulders",5.0,"Bodybuilding, Strength Training",192
2778,Bench Press with Chains,The bench press with chains is a bench press with accommodating resistance.,"Chest, Triceps, Shoulders",6.0,Strength Training,192
2779,Floor Press,The floor press is a bench press variation with a reduced range of motion.,"Chest, Triceps",4.5,Strength Training,192
2780,One Arm Floor Press,The one-arm floor press is a unilateral floor press.,"Chest, Triceps, Obliques",4.5,"Fitness, Strength Training",192
2781,Pin Presses,The pin press is a partial range of motion bench press.,"Chest, Triceps, Shoulders",5.5,Strength Training,192
2782,JM Press With Bands,The JM press with bands is a triceps exercise with a band.,Triceps,4.5,Strength Training,192
2783,JM Press,The JM press is a triceps exercise that is a hybrid of a close-grip bench press and a skull crusher.,"Triceps, Chest",4.5,Strength Training,192
2784,Floor Press with Chains,The floor press with chains is a floor press with accommodating resistance.,"Chest, Triceps",5.5,Strength Training,192
2785,Reverse Band Bench Press,The reverse band bench press is a bench press with band assistance.,"Chest, Triceps, Shoulders",5.5,Strength Training,192
2786,Decline Barbell Triceps Extension - Gethin Variation,The decline EZ-bar skullcrusher is an upper body isolation exercise targeting the triceps.,Triceps,4.0,Bodybuilding,192
2787,AM Skullcrusher,"The EZ-bar skullcrusher is a popular exercise targeting the triceps muscles. The EZ-bar is used more often than a straight bar. As for the name, that’s worst-case scenario. The bar should actually come down behind the head. It is usually performed for moderate to high reps as part of an upper body or arms-focused workout. No need to chase a 1RM on this move!",Triceps,4.0,Bodybuilding,192
2788,30 Arms Close-Grip Bench Press,The 30 Arms close-grip bench press is a standard close-grip bench press.,"Triceps, Chest",5.0,Bodybuilding,192
2789,30 Arms Barbell Skullcrusher,The 30 Arms barbell skullcrusher is a standard skull crusher.,Triceps,4.0,Bodybuilding,192
2790,FYR2 Sprawl Over Kettlebell,The FYR2 sprawl over kettlebell is a conditioning exercise.,Full Body,9.5,"Fitness, HIIT",168
2791,Dumbbell floor press,"The dumbbell floor press is a multijoint pressing exercise performed lying on the floor. It can be performed either with the knees bent or flat. The floor press limits the range of motion you would achieve with a regular dumbbell bench press, but still targets the chest, triceps, and anterior delts. This allows you to press more weight than in a dumbbell bench press, and perhaps put less stress on the shoulders.","Chest, Triceps, Shoulders",4.0,"Bodybuilding, Home Workouts, Strength Training",168
2792,Seated triceps press,"The seated triceps press is a popular arm-building exercise that targets the triceps with a single dumbbell held by both hands, extending it up behind your head. While you can go surprisingly heavy on this movement, it is usually performed for moderate to high reps, such as 8-12 reps per set or more, as part of the upper-body or arm-focused portion of a workout. If you're going heavy, having someone help get the weight into position is a good idea.",Triceps,3.0,Bodybuilding,168
2793,Tricep Dumbbell Kickback,The single-arm triceps kick-back is an isolation move from a bent-over position used to increase size and strength of the triceps.,Triceps,2.5,Bodybuilding,168
2794,Standing Dumbbell Triceps Extension,The standing dumbbell triceps extension is a standard triceps extension.,Triceps,3.0,Bodybuilding,168
2795,Double-arm triceps kick-back,"The double-arm triceps kick-back is a popular movement to increase size and strength of the triceps. It is usually performed for moderate to high reps, at least 8-12 reps, as part of an upper-body or arm-focused workout.",Triceps,2.5,Bodybuilding,168
2796,Single-arm dumbbell triceps extension,"The single-arm dumbbell triceps extension is a popular exercise targeting the triceps one side at a time. It targets all three heads of the triceps, but when performed with the arm overhead, it can be especially effective at building the long head of the triceps. This exercise is usually performed for moderate to high reps, at least 8-12 reps per set, as part of the upper-body or arm-focused portion of a workout.",Triceps,3.0,Bodybuilding,168
2797,Decline Dumbbell Triceps Extension,The decline dumbbell triceps extension is a triceps extension on a decline bench.,Triceps,3.5,Bodybuilding,168
2798,Dumbbell skullcrusher,"The dumbbell skullcrusher is a triceps exercise that has been a staple of bodybuilders for decades. Skullcrushers are usually performed for moderate to high reps, such as 8-12 reps per set or more, as part of an upper-body or arm-focused workout.",Triceps,3.5,Bodybuilding,168
2799,One Arm Pronated Dumbbell Triceps Extension,The one-arm pronated dumbbell triceps extension is a unilateral triceps extension with a pronated grip.,Triceps,3.0,Bodybuilding,168
2800,One Arm Supinated Dumbbell Triceps Extension,The one-arm supinated dumbbell triceps extension is a unilateral triceps extension with a supinated grip.,Triceps,3.0,Bodybuilding,168
2801,Seated Bent-Over Two-Arm Dumbbell Triceps Extension,The seated bent-over two-arm dumbbell triceps extension is a triceps extension.,Triceps,2.5,Bodybuilding,168
2802,Tate Press,The Tate press is a triceps exercise performed with dumbbells.,Triceps,3.5,"Bodybuilding, Strength Training",168
2803,Standing Bent-Over One-Arm Dumbbell Triceps Extension,The single-arm triceps kick-back is an isolation move from a bent-over position used to increase size and strength of the triceps.,Triceps,2.5,Bodybuilding,168
2804,Seated Bent-Over One-Arm Dumbbell Triceps Extension,The seated bent-over one-arm dumbbell triceps extension is a unilateral triceps extension.,Triceps,2.5,Bodybuilding,168
2805,Dumbbell Tricep Extension -Pronated Grip,The dumbbell tricep extension - pronated grip is a triceps extension with a pronated grip.,Triceps,3.5,Bodybuilding,168
2806,V-sit with overhead triceps extension,"The V-sit with overhead triceps extension is a hybrid movement that trains the abdominal and triceps muscles simultaneously. It can address multiple muscle groups in a time-efficient muscle-building or circuit-style workout, while also providing a cardiovascular challenge.","Abs, Triceps",4.5,"Circuit Training, Fitness",168
2807,PJR Pull-Over,The PJR pull-over is a specific type of pull-over.,"Triceps, Lats, Chest",4.5,Bodybuilding,168
2808,Paul Carter Dumbbell Kick-Back,The single-arm triceps kick-back is an isolation move from a bent-over position used to increase size and strength of the triceps.,Triceps,2.5,Bodybuilding,168
2809,Single-arm dumbbell skullcrusher,"The single-arm dumbbell skullcrusher is a triceps exercise that has been a staple of bodybuilders for decades. Skullcrushers are usually performed for moderate to high reps, such as 8-12 reps per set or more, as part of an upper-body or arm-focused workout.",Triceps,3.5,Bodybuilding,168
2810,Dumbbells-together incline bench press,"The dumbbells-together incline bench press is an exercise targeting the pectoral muscles, particularly the upper pecs. Squeezing the dumbbells together forces the chest muscles to work hard during the entire press. This press variation is usually performed for moderate to high reps, such as 8-12 reps per set or more, as part of upper-body or chest-focused training.","Chest, Triceps",4.5,Bodybuilding,168
2811,Incline dumbbell overhead triceps extension,The incline dumbbell overhead triceps extension is a popular exercise targeting the triceps muscles. The incline angle helps to target the long head of the triceps in particular. This exercise is usually performed for moderate to high reps as part of an upper-body or arm-focused workout.,Triceps,3.5,Bodybuilding,168
2812,Dumbbell Crush Press,The dumbbell crush press is a chest press with dumbbells pressed together.,"Chest, Triceps",4.5,Bodybuilding,168
2813,Holman Hovering Renegade Triceps Press,The Holman hovering renegade triceps press is a triceps press from a hovering plank.,"Triceps, Abs, Shoulders",6.5,"Calisthenics, Fitness",168
2814,Holman Heavy Triceps Press to Overhead Press,The Holman heavy triceps press to overhead press is a compound triceps and shoulder exercise.,"Triceps, Shoulders",5.5,Fitness,168
2815,Total Fitness Close-Grip Dumbbell Press,"The close-grip dumbbell bench press puts a spin on a mainstay of workout enthusiasts worldwide. It’s a classic move for building a bigger, stronger chest. The difference here is that the dumbbells are held closer together.","Triceps, Chest",4.5,Bodybuilding,168
2816,Dumbbell row to triceps kick-back,"The dumbbell row to triceps kick-back is a dumbbell complex that combines two movements that collectively target the muscles of the lats (latissimus dorsi), upper back, and triceps. It also isometrically targets the core, hamstrings, and glutes. It is usually performed one rep of each movement at a time, although you could perform more reps of each, or increase the reps in successive rounds (e.g., 1 rep in round 1, 2 reps in round 2, etc.). No matter how you structure the sets and reps, it is a time-efficient way to hit two crucial upper-body muscles in any workout.","Back, Triceps",4.8,"Circuit Training, Fitness",168
2817,Rolling triceps press,"The rolling triceps press is a dynamic triceps exercise that is popular as a bench press accessory movement among powerlifters. It can be done in traditional muscle-building rep ranges, such as 8-12 reps per set, or for very high reps of 50-100 reps per set to boost triceps size and strength. It can be performed on a bench or on the floor if a bench is unavailable.",Triceps,4.5,"Bodybuilding, Strength Training",168
2818,MetaBurn Skullcrusher to Ab Crunch,The MetaBurn skullcrusher to ab crunch is a compound exercise.,"Triceps, Abs",5.0,"Circuit Training, Fitness",168
2819,FYR2 Single-Dumbbell Triceps Extension,The FYR2 single-dumbbell triceps extension is a triceps extension with one dumbbell.,Triceps,3.0,Bodybuilding,168
2820,30 Arms Overhead Dumbbell Triceps Extension,The 30 Arms overhead dumbbell triceps extension is a standard overhead triceps extension.,Triceps,3.0,Bodybuilding,168
2821,30 Arms Dumbbell Skullcrusher,The 30 Arms dumbbell skullcrusher is a standard skull crusher.,Triceps,3.5,Bodybuilding,168
2822,30 Arms Dumbbell Kick-Back,The 30 Arms dumbbell kick-back is a standard triceps kickback.,Triceps,2.5,Bodybuilding,168
2823,30 Arms BFR Dumbbell Kick-Back,The 30 Arms BFR dumbbell kick-back is a kickback with blood flow restriction.,Triceps,2.5,Bodybuilding,216
2824,Dumbbell saw triceps skullcrusher,"The dumbbell saw triceps skullcrusher is a variation of the classic skullcrusher triceps exercise that has been a staple of bodybuilders for decades. It combines a dumbbell skullcrusher with a dumbbell shoulder press. It is usually performed for moderate to high reps, such as 8-12 reps per set or more, as part of an upper-body or arm-focused workout.","Triceps, Shoulders",4.8,"Bodybuilding, Fitness",168
2825,Chain Handle Extension,The chain handle extension is a triceps extension with a chain handle.,Triceps,3.5,"Bodybuilding, Strength Training",192
2826,Sled Overhead Triceps Extension,The sled overhead triceps extension is a triceps extension with a sled.,Triceps,4.5,"Fitness, Strength Training",192
2827,Body Triceps Press Using Flat Bench,The bodyweight triceps press is an arm movement that involves performing overhead presses in a face-down position on a Smith machine or other raised bar. It is a surprisingly difficult movement that hammers all three heads of the triceps and can easily be scaled upward or downward in difficulty by moving the bar.,Triceps,4.5,Calisthenics,144
2828,Suspended Triceps Press,The suspended triceps press is a triceps extension with a suspension trainer.,"Triceps, Abs",4.5,"Calisthenics, Suspension Training",168
2829,Seated triceps push-down,The seated triceps push-down is a triceps exercise that is performed with a rope attachment. The seated position helps eliminate the use of momentum. It is usually performed for moderate to high reps as part of the arm-focused portion of a workout.,Triceps,3.0,Bodybuilding,168
2830,Machine triceps extension-,"The machine triceps extension is a popular exercise to build size and strength in the triceps muscles. It approximates the motion of a free-weight skullcrusher, but uses a selectorized weight-stack or plate-loaded machine. Machine triceps extensions are often done for moderate to high reps, such as 8-12 reps per set or more, as part of the upper-body or arm-focused portion of a workout.",Triceps,3.0,Bodybuilding,168
2831,Holman Overhead Weighted Triceps Press,The Holman overhead weighted triceps press is an overhead triceps press.,Triceps,3.5,Strength Training,168
2832,30 Arms Weighted Triceps Dip,The 30 Arms weighted triceps dip is a triceps dip with added weight.,"Triceps, Chest",6.0,Calisthenics,192
2833,Cable V-bar push-down,"The cable V-bar push-down is a popular gym exercise for targeting the triceps. It utilizes an angled bar, which can allow you to move heavier weights more comfortably than a straight bar or rope. It is usually performed for moderate to high reps, such as 8-12 reps or more per set, as part of an upper-body or arm-focused workout.",Triceps,3.0,Bodybuilding,168
2834,Reverse Grip Triceps Pushdown,"The reverse-grip cable straight-bar push-down is a twist on the popular cable straight-bar push-down. The difference has to do with how the hands are positioned holding the bar: the palms facing up rather than down. Because grip will be a limiting factor, this movement is usually performed for moderate to high reps, such as 8-12 reps per set or higher.",Triceps,3.0,Bodybuilding,168
2835,Kneeling cable triceps extension,The kneeling cable triceps extension is a single-joint exercise meant to isolate the triceps muscles using a high pully on a cable stack and a bench. It can also be performed in a tall-kneeling stance from a low pully. It is most commonly used in muscle-building triceps or arm workouts.,Triceps,3.5,Bodybuilding,168
2836,Single-arm cable triceps extension,"The single-arm cable triceps extension is a single-joint isolation exercise for building the triceps. It involves driving a handle attached to a cable stack overhead to full extension. It is usually performed for moderate to high reps, such as 8-12 reps per set or more, as part of an upper-body or arm-focused workout.",Triceps,3.0,Bodybuilding,168
2837,Dip Machine,"The dip machine is a machine exercise that mimics a triceps dip, a bodyweight exercise performed on parallel bars or on a pull-up and dip station. It targets the triceps first, but also stretches and strengthens the chest and shoulders. Dips with a triceps focus are usually performed with an upright torso, the knees bent and crossed, and the arms close to the body. Dips can be performed for low reps for strength or higher reps for muscle growth.","Triceps, Chest",3.5,Bodybuilding,168
2838,Triceps Pushdown,"The cable V-bar push-down is a popular gym exercise for targeting the triceps. It utilizes an angled bar, which can allow you to move heavier weights more comfortably than a straight bar or rope. It is usually performed for moderate to high reps, such as 8-12 reps or more per set, as part of an upper-body or arm-focused workout.",Triceps,3.0,Bodybuilding,168
2839,Low cable overhead triceps extension,"The low cable overhead triceps extension is a single-joint isolation exercise for building the triceps. It involves lying on a bench and then driving the rope handle to full extension. It is usually performed for moderate to high reps, such as 8-12 reps per set or more, as part of an upper-body or arm-focused workout.",Triceps,3.5,Bodybuilding,168
2840,Lying cable triceps extension,The lying cable triceps extension is an isolation exercise performed lying on either a bench or the floor. This movement is usually performed for moderate to high reps for a burn and pump as part of an arm-focused workout.,Triceps,3.5,Bodybuilding,168
2841,Low Cable Triceps Extension,The low cable triceps extension is a triceps extension with a low cable.,Triceps,3.0,Bodybuilding,168
2842,Cable overhead triceps extension,"The cable overhead triceps extension is a cable exercise performed in a seated position, targeting the triceps muscles. While it hits all three heads of the triceps, the overhead position helps to target the long head in particular. The seated position helps eliminate the use of momentum. It is usually performed for moderate to high reps as part of the arm-focused portion of a workout.",Triceps,3.0,Bodybuilding,168
2843,Single-arm low cable triceps extension,"The single-arm low cable triceps extension is a single-joint isolation exercise for building the triceps. It involves driving a handle attached to a cable stack overhead to full extension. It is usually performed for moderate to high reps, such as 8-12 reps per set or more, as part of an upper-body or arm-focused workout.",Triceps,3.0,Bodybuilding,168
2844,Incline cable straight-bar triceps extension,"The incline cable straight-bar triceps extension is a single-joint arm exercise performed on an incline bench. This incline position offers a great stretch and range of motion, potentially targeting the long head of the triceps more than some other triceps exercises. It is usually performed for moderate to high reps as part of the arm-focused portion of a workout.",Triceps,3.5,Bodybuilding,168
2845,Paul Carter Overhead Rope Triceps Extension,"The rope overhead triceps extension is a single-joint exercise focused on the triceps and using a cable stack with a rope handle. The overhead position targets the long head of the triceps in particular. Many lifters save this move for last in their triceps workout, performing it for moderate to high reps, like at least 8-12 reps or higher.",Triceps,3.0,Bodybuilding,168
2846,TBS Rope Cable Push-Down,"The cable rope push-down is a popular exercise targeting the triceps muscles. It's easy to learn and perform, making it a favorite for everyone from beginners to advanced lifters. It is usually performed for moderate to high reps, such as 8-12 reps or more per set, as part of an upper-body or arm-focused workout.",Triceps,3.0,Bodybuilding,168
2847,Single-arm cable triceps kick-back,"The single-arm cable triceps kick-back is an isolation exercise that targets the triceps. This is a common burnout move performed for moderate to high reps, such as 8-12 reps per set or more, as part of an upper-body or arm-focused workout.",Triceps,2.5,Bodybuilding,168
2848,Incline cable rope triceps extension,"The incline cable rope triceps extension is a single-joint arm exercise performed on an incline bench. This incline position offers a great stretch and range of motion, potentially targeting the long head of the triceps more than some other triceps exercises. It is usually performed for moderate to high reps as part of the arm-focused portion of a workout.",Triceps,3.5,Bodybuilding,168
2849,Reverse-grip cable straight-bar push-down,"The reverse-grip cable straight-bar push-down is a twist on the popular cable straight-bar push-down. The difference has to do with how the hands are positioned holding the bar: the palms facing up rather than down. Because grip will be a limiting factor, this movement is usually performed for moderate to high reps, such as 8-12 reps per set or higher.",Triceps,3.0,Bodybuilding,168
2850,Kneeling Cable Triceps Extension - Gethin Variation,"The kneeling cable triceps extension is an single-joint exercise meant to isolate the triceps muscles, using a high pully on a cable stack and a bench. It can also be performed in a tall-kneeling stance from a low pully. It is most commonly used in muscle-building triceps or overall arms workouts.",Triceps,3.5,Bodybuilding,168
2851,Cable Overhead Triceps Extension - Gethin Variation,The overhead triceps extension is an isolation exercise that is performed with a cable. It is usually performed for moderate to high reps as part of the arm-focused portion of a workout.,Triceps,3.0,Bodybuilding,168
2852,Reverse-Grip Cable Triceps Pushdown - Gethin Variation,"The reverse-grip cable straight-bar push-down is a twist on the popular cable straight-bar push-down. The difference has to do with how the hands are positioned holding the bar: the palms facing up rather than down. Because grip will be a limiting factor, this movement is usually performed for moderate to high reps, such as 8-12 reps per set or higher.",Triceps,3.0,Bodybuilding,168
2853,Cable Triceps Extension - Gethin Variation,"The cable rope push-down is a popular exercise targeting the triceps muscles. It's easy to learn and perform, making it a favorite for everyone from beginners to advanced lifters. It is usually performed for moderate to high reps, such as 8-12 reps or more per set, as part of an upper-body or arm-focused workout.",Triceps,3.0,Bodybuilding,168
2854,Single-arm incline triceps extension,The single-arm incline triceps extension is a dumbbell exercise targeting the triceps. The incline angle helps to target the long head of the triceps in particular. This exercise is usually performed for moderate to high reps as part of an upper-body or arm-focused workout.,Triceps,3.5,Bodybuilding,168
2855,Triceps Overhead Extension with Rope - Gethin Variation,The overhead triceps extension is an isolation exercise that is performed with a cable. It is usually performed for moderate to high reps as part of the arm-focused portion of a workout.,Triceps,3.0,Bodybuilding,168
2856,Cable rope push-down,"The cable rope push-down is a popular exercise targeting the triceps muscles. It's easy to learn and perform, making it a favorite for everyone from beginners to advanced lifters. It is usually performed for moderate to high reps, such as 8-12 reps or more per set, as part of an upper-body or arm-focused workout.",Triceps,3.0,Bodybuilding,168
2857,Cable straight-bar push-down,"The cable straight-bar push-down is a popular gym exercise for targeting the triceps. It is usually performed for moderate to high reps, such as 8-12 reps or more per set, as part of an upper-body or arm-focused workout.",Triceps,3.0,Bodybuilding,168
2858,Straight-arm bar pull-down,"The straight-arm bar pull-down is a variation of the straight-arm lat pull-down performed using a cable stack machine. It can either be performed in an athletic upright stance, or slightly bent over. It both stretches and contracts the muscles of the lats (latissimus dorsi) as well as providing additional activation to the other upper back muscles and the core. Because the triceps are also isometrically involved in the movement, it is usually performed for higher reps, such as 8-15 reps or more.","Lats, Back",3.5,Bodybuilding,168
2859,AM Rope Triceps Pushdown,"The cable rope push-down is a popular exercise targeting the triceps muscles. It's easy to learn and perform, making it a favorite for everyone from beginners to advanced lifters. It is usually performed for moderate to high reps, such as 8-12 reps or more per set, as part of an upper-body or arm-focused workout.",Triceps,3.0,Bodybuilding,168
2860,AM Bar Triceps Push-Down,"The cable straight-bar push-down is a popular gym exercise for targeting the triceps. It is usually performed for moderate to high reps, such as 8-12 reps or more per set, as part of an upper-body or arm-focused workout.",Triceps,3.0,Bodybuilding,168
2861,Rope overhead triceps extension,"The rope overhead triceps extension is a single-joint exercise focused on the triceps and using a cable stack with a rope handle. The overhead position targets the long head of the triceps in particular. Many lifters save this move for last in their triceps workout, performing it for moderate to high reps, such as 8-12 reps or more per set.",Triceps,3.0,Bodybuilding,168
2862,UP Rope Push-down,"The cable rope push-down is a popular exercise targeting the triceps muscles. It's easy to learn and perform, making it a favorite for everyone from beginners to advanced lifters. It is usually performed for moderate to high reps, such as 8-12 reps or more per set, as part of an upper-body or arm-focused workout.",Triceps,3.0,Bodybuilding,168
2863,UP Triceps Extension Straight-Bar Push-Down,"The cable straight-bar push-down is a popular gym exercise for targeting the triceps. It is usually performed for moderate to high reps, such as 8-12 reps or more per set, as part of an upper-body or arm-focused workout.",Triceps,3.0,Bodybuilding,168
2864,LD Cable One-Arm Upright Row,The LD cable one-arm upright row is a unilateral upright row.,"Shoulders, Traps",3.8,Bodybuilding,168
2865,30 Arms Underhand Cable Straight-Bar Push-Down,The 30 Arms underhand cable straight-bar push-down is a triceps pushdown with an underhand grip.,Triceps,3.0,Bodybuilding,168
2866,30 Arms Single-Arm Reverse-Grip Cable Push-Down,The 30 Arms single-arm reverse-grip cable push-down is a unilateral pushdown with a reverse grip.,Triceps,3.0,Bodybuilding,168
2867,30 Arms Cable V-Bar Push-Down,The 30 Arms cable V-bar push-down is a triceps pushdown with a V-bar.,Triceps,3.0,Bodybuilding,168
2868,30 Arms Cable Straight-Bar Push-Down,The 30 Arms cable straight-bar push-down is a standard triceps pushdown.,Triceps,3.0,Bodybuilding,168
2869,30 Arms Cable Rope Push-Down,The 30 Arms cable rope push-down is a triceps pushdown with a rope.,Triceps,3.0,Bodybuilding,168
2870,30 Arms Cable Rope Overhead Triceps Extension,The 30 Arms cable rope overhead triceps extension is an overhead triceps extension with a rope.,Triceps,3.0,Bodybuilding,168
2871,BFR underhand straight-bar push-down,"The blood flow restriction (BFR) underhand straight-bar push-down is an arm movement that builds triceps size and strength using a cable stack, straight-bar grip, and blood flow restriction bands. It is popular in high-rep ""pump""-style arm workouts. The bands should be placed as high as possible on your arms, at a tightness of no greater than 8 on a scale of 10. Most BFR workouts recommend using a far lighter weight than usual, perhaps as low as 25-50 percent of a normal working weight.",Triceps,3.0,Bodybuilding,216
2872,BFR overhand straight-bar push-down,"The blood flow restriction (BFR) overhand straight-bar push-down is an arm movement that builds triceps size and strength using a cable stack, straight-bar grip, and blood flow restriction bands. It is popular in high-rep ""pump""-style arm workouts. The bands should be placed as high as possible on your arms, at a tightness of no greater than 8 on a scale of 10. Most BFR workouts recommend using a far lighter weight than usual, perhaps as low as 25-50 percent of a normal working weight.",Triceps,3.0,Bodybuilding,216
2873,BFR cable rope push-down,"The blood flow restriction (BFR) cable rope push-down is an arm movement that builds triceps size and strength using a cable stack, rope grip, and blood flow restriction bands. It is popular in high-rep ""pump""-style arm workouts. The bands should be placed as high as possible on your arms, at a tightness of no greater than 8 on a scale of 10. Most BFR workouts recommend using a far lighter weight than usual, perhaps as low as 25-50 percent of a normal working weight.",Triceps,3.0,Bodybuilding,216
2874,Triceps Pressdown,The triceps pressdown is a standard triceps pushdown.,Triceps,3.0,Bodybuilding,168
2875,Machine Triceps Extension,The machine triceps extension is an isolation exercise targeting the tricep muscles.,Triceps,3.0,Bodybuilding,168
2876,Smith machine end-grip shoulder press,"The Smith machine end-grip shoulder press is a machine-based exercise targeting the shoulder muscles. It is performed holding the end of the bar in the Smith machine on the outside of the rack. It is usually performed for moderate to high reps, such as 8-12 reps per set or more, as part of an upper-body or shoulder-focused workout.",Shoulders,4.0,Bodybuilding,192
2877,Assist machine triceps push-down,"The assist machine triceps push-down is a triceps-focused exercise that is performed on an assisted pull-up or dip station. It is performed by pressing downward on the knee pad of the machine, against the resistance of the weight. It approximates the motion of a triceps cable rope push-down, but with open hands. This variation is often performed for moderate to high reps, such as 8-12 reps per set or more, as part of upper-body or arm-focused training.",Triceps,3.5,Bodybuilding,168
2878,Smith machine close-grip bench press-,"The Smith machine close-grip bench press is a machine-based movement targeting the chest and triceps. The Smith machine mimics a barbell but provides more stability. This movement can be programmed in low reps for strength or higher reps for muscle and strength endurance. It is often performed for moderate to high reps, such as 8-12 reps per set or more, as part of a chest, arms, or upper-body focused workout.","Triceps, Chest",4.0,Bodybuilding,192
2879,Machine Triceps Extension - Gethin Variation,The machine triceps extension is an isolation exercise targeting the tricep muscles.,Triceps,3.0,Bodybuilding,168
2880,Overhead Machine Triceps Extension - Gethin Variation,The machine triceps extension is an isolation exercise targeting the tricep muscles.,Triceps,3.0,Bodybuilding,168
2881,30 Arms Machine Triceps Dip,The 30 Arms machine triceps dip is a triceps dip on a machine.,"Triceps, Chest",3.5,Bodybuilding,168
2882,Triceps dip,"The triceps dip is a bodyweight exercise performed on parallel bars or on a pull-up and dip station. It targets the triceps first, but also stretches and strengthens the chest and shoulders. Dips with a triceps focus are usually performed with an upright torso, the knees bent and crossed, and the arms close to the body. Dips can be performed for low reps for strength or higher reps for muscle growth.","Triceps, Chest, Shoulders",5.0,"Bodybuilding, Calisthenics, Gymnastics",168
2883,Weighted bench dip,The weighted bench dip is a highly effective exercise for building the triceps. The resistance comes from a combination of body weight and added weight—usually a weight plate.,Triceps,5.5,"Bodybuilding, Strength Training",168
2884,Push-Ups - Close Triceps Position,"The close push-up is an upper-body exercise that targets the chest, triceps, and shoulders. The close hand position places more emphasis on the triceps.","Triceps, Chest",4.0,Calisthenics,120
2885,Parallel Bar Dip,"The triceps dip is a bodyweight exercise performed on parallel bars or on a pull-up and dip station. It targets the triceps first, but also stretches and strengthens the chest and shoulders. Dips with a triceps focus are usually performed with an upright torso, the knees bent and crossed, and the arms close to the body. Dips can be performed for low reps for strength or higher reps for muscle growth.","Triceps, Chest, Shoulders",5.0,"Calisthenics, Gymnastics",168
2886,Ring dip,"The ring dip is an upper-body strength exercise performed on gymnastic rings. It targets the muscles of the chest, triceps, and shoulders, but is also quite taxing to the core. It is generally considered to be more difficult than dips performed on parallel bars. It is common in gymnastics training and CrossFit workouts, but is also a simple way to make dips more challenging for any strength athlete.","Triceps, Chest, Shoulders, Abs",7.0,"Calisthenics, Crossfit, Gymnastics",192
2887,Feet-elevated bench dip,"The feet-elevated bench dip is a popular bodyweight exercise for building the triceps, chest, and shoulders. Elevating the feet brings more chest and shoulder into the movement, but also allows for extra weight on the hips. If these bother your shoulders, try performing them between two benches or chairs rather than on a single bench.","Triceps, Chest, Shoulders",4.5,"Bodybuilding, Calisthenics",144
2888,Bodyweight triceps press,The bodyweight triceps press is an arm movement that involves performing overhead presses in a face-down position on a Smith machine or other raised bar. It is a surprisingly difficult movement that hammers all three heads of the triceps and the difficulty can easily be scaled up or down by moving the bar.,Triceps,4.5,Calisthenics,144
2889,Standing Towel Triceps Extension,The standing towel triceps extension is a triceps extension with a towel.,Triceps,2.5,"Home Workouts, Partner Training",120
2890,Tricep Side Stretch,The tricep side stretch is a stretch for the triceps.,Triceps,1.5,Mobility,72
2891,Triceps Stretch,The triceps stretch is a standard triceps stretch.,Triceps,1.5,Mobility,72
2892,Overhead Triceps,This refers to overhead triceps exercises or stretches.,Triceps,3.0,"Bodybuilding, Mobility",168
2893,Russian Bar Dip,"The Russian dip is a chest-and-triceps building exercise that resembles the chest dip, albeit with a twist that makes it even harder and more taxing.","Triceps, Chest, Forearms",7.5,"Calisthenics, Gymnastics",192
2894,Straight-arm plank with kick-back,"The straight-arm plank with kick-back is a hybrid movement that trains the abdominal and triceps muscles simultaneously. It can address multiple muscle groups in a time-efficient muscle-building or circuit-style workout, while also providing an additional cardiovascular challenge.","Abs, Triceps",4.5,"Circuit Training, Fitness",168
2895,TBS Dip,The triceps dip is a machine version of an exercise that many lifters perform using parallel bars or two parallel benches. The machine is found in many gyms.,Triceps,3.5,Bodybuilding,168
2896,Bench Dips - Gethin Variation,"The bench dip is a highly effective exercise for building the triceps. The resistance comes from the body itself, rather than weight.",Triceps,4.0,Calisthenics,144
2897,Banded dip,"The banded dip is a bodyweight exercise targeting the chest, triceps, and shoulders. This variation utilizes an exercise band to help support the lifter in the bottom part of the movement. This makes pushing out of the hole easier, and may combat the shoulder pain that some lifters feel when they perform dips. The top of the movement receives less help from the band, putting more stress on the triceps.","Triceps, Chest",4.0,"Calisthenics, Strength Training",144
2898,Bench Dip - Gethin Variation,"The bench dip is a highly effective exercise for building the triceps. The resistance comes from the body itself, rather than weight.",Triceps,4.0,Calisthenics,144
2899,HM Chair Dip,The HM chair dip is a triceps dip using a chair.,Triceps,4.0,"Calisthenics, Home Workouts",144
2900,Bench dip,"The bench dip is a highly effective exercise for building the triceps. The resistance comes from the body itself, rather than added weight.",Triceps,4.0,"Bodybuilding, Calisthenics",144
2901,Holman Step Triceps Dip,The Holman step triceps dip is a triceps dip using a step.,Triceps,4.0,Home Workouts,144
2902,Holman Chair Triceps Dip,The Holman chair triceps dip is a triceps dip using a chair.,Triceps,4.0,Home Workouts,144
2903,Bodyweight Triceps Rope Press,The bodyweight triceps rope press is a triceps extension using your bodyweight and a rope.,Triceps,4.5,"Calisthenics, Suspension Training",168
2904,Holman Heavy Triceps Overhead Press,The Holman heavy triceps overhead press is a heavy overhead triceps press.,Triceps,4.0,Bodybuilding,168
2905,Holman Couch Triceps Dip,The Holman couch triceps dip is a triceps dip using a couch.,Triceps,4.0,Home Workouts,144
2906,FYR2 Triceps Push-Up,The FYR2 triceps push-up is a close-grip push-up.,"Triceps, Chest",4.0,Calisthenics,120
2907,30 Arms Triceps Dip,The 30 Arms triceps dip is a standard triceps dip.,"Triceps, Chest",5.0,Calisthenics,168
2908,30 Arms Close-Grip Push-Up,The 30 Arms close-grip push-up is a standard close-grip push-up.,"Triceps, Chest",4.0,Calisthenics,120
2909,30 Arms BFR Close-Grip Push-Up,The 30 Arms BFR close-grip push-up is a close-grip push-up with blood flow restriction.,"Triceps, Chest",4.0,Bodybuilding,216
2910,Supine Chest Throw,The supine chest throw is a plyometric chest exercise.,Chest,5.5,"Plyometrics, Sports Performance",168
2911,Decline EZ-bar skullcrusher,"The decline EZ-bar skullcrusher is a popular exercise targeting the triceps muscles. The angle of the bench creates a greater range of motion than flat bench skullcrushers, as well as targeting the lateral head of the muscle. This exercise is usually performed for moderate to high reps as part of an upper-body or arm-focused workout.",Triceps,4.0,Bodybuilding,192
2912,EZ-Bar Skullcrusher,"The EZ-bar skullcrusher is a popular exercise targeting the triceps muscles. The EZ-bar is used more often than a straight bar. As for the name, that’s worst-case scenario. The bar should actually come down behind the head. It is usually performed for moderate to high reps as part of an upper body or arms-focused workout. No need to chase a 1RM on this move!",Triceps,4.0,Bodybuilding,192
2913,EZ-bar skullcrusher-,"The EZ-bar skullcrusher is a popular exercise targeting the triceps muscles. Contrary to what the name implies, the bar should actually come down behind the head. It is usually performed for moderate to high reps as part of an upper-body or arm-focused workout.",Triceps,4.0,Bodybuilding,192
2914,Lying Close-Grip Barbell Triceps Press To Chin,The lying close-grip barbell triceps press to chin is a triceps press with a specific range of motion.,Triceps,4.0,Bodybuilding,192
2915,EZ-Bar Skullcrusher - Gethin Variation,"The EZ-bar skullcrusher is a popular exercise targeting the triceps muscles. The EZ-bar is used more often than a straight bar. As for the name, that’s worst-case scenario. The bar should actually come down behind the head. It is usually performed for moderate to high reps as part of an upper body or arms-focused workout. No need to chase a 1RM on this move!",Triceps,4.0,Bodybuilding,192
2916,TBS Skullcrusher,"The EZ-bar skullcrusher is a popular exercise targeting the triceps muscles. The EZ-bar is used more often than a straight bar. As for the name, that’s worst-case scenario. The bar should actually come down behind the head. It is usually performed for moderate to high reps as part of an upper body or arms-focused workout. No need to chase a 1RM on this move!",Triceps,4.0,Bodybuilding,192
2917,30 Arms EZ-Bar Skullcrusher,The 30 Arms EZ-bar skullcrusher is a standard skull crusher with an EZ-bar.,Triceps,4.0,Bodybuilding,192
